,instances,budget,deadline,sched_start_time,submit_time,software_id,current_license_cost,exec_start_time,finish_time,complete,license_cost,cost,hardware_cost
lamf-test-ce4837ee-c9b5-4728-816b-793fbe63012e,"{<resource_manager.instance.OnPremInstance object at 0x13a5cb620>: [(5, 30, 390), (2, 390, None), (3, 3840, None), (1, 5580, None)]}",64.81020493737797,14109.368596154949,30,1.0,1,46.65525895505362,30,6281.701999999999,True,58.022094912160604,66.7871968993606,8.765101987199998
lamf-test-fdbe52b3-5ac4-4817-bbd7-3ee39ada2008,"{<resource_manager.instance.OnPremInstance object at 0x13a5cb620>: [(3, 1200, 4680), (1, 4680, None), (1, 11640, None), (2, 19096.968, None)]}",309.54978900857253,128657.6993832791,1200,1172.461714198,1,137.75673830709562,1200,34398.85,True,258.0811105026998,296.0134163010998,37.9323057984
lamf-test-312a25ed-966e-4a84-89af-21712bfc7175,"{<resource_manager.instance.OnPremInstance object at 0x13a5cb620>: [(4, 6570, 11040), (1, 11040, None)]}",330.5774711754339,133910.1398229688,6570,6552.184760925999,1,47.25302304357746,6570,27401.878,True,93.29374750931629,107.18225322611629,13.888505716800001
lamf-test-6d60a076-8aec-42f5-ae5c-3923b3793c72,"{<resource_manager.instance.OnPremInstance object at 0x13a5cb620>: [(5, 6600, 12060), (2, 12060, None)]}",295.26855467250385,134203.6691272592,6600,6584.000391285999,1,146.88119552817705,6600,31916.859,True,179.0567335158567,206.2374975366567,27.180764020799998
lamf-test-f42e0220-9054-4dba-814a-9d6b93e25e15,"{<resource_manager.instance.OnPremInstance object at 0x13a5cb620>: [(2, 6630, 9630), (1, 9630, None), (2, 35139.648, None)]}",293.5168981771201,134376.03268787923,6630,6589.1888972199995,3,47.9270636550308,6630,39117.085,True,66.07644535706136,83.69650392746135,17.620058570399998
lamf-test-c2212f64-c788-46d9-9572-57170e08d2ac,"{<resource_manager.instance.OnPremInstance object at 0x13a5cb620>: [(4, 6660, None), (1, 7920, None)]}",57.825321252479114,20757.863186025046,6660,6595.119915652,3,7.665982203969882,6660,8393.795,True,11.269260019773366,14.274340279773366,3.00508026
lamf-test-0aa73555-99c3-40be-a09f-6bf3df006265,"{<resource_manager.instance.OnPremInstance object at 0x13a5cb620>: [(6, 7170, None)]}",310.4901833144852,135009.37150895648,7170,7157.9534539745,3,,7170,23055.188000000002,True,144.97091489847136,183.62910841527136,38.658193516800004
lamf-test-761a035c-9b31-431d-b128-35fe1a248496,"{<resource_manager.instance.OnPremInstance object at 0x13a5cb620>: [(4, 7200, 12180), (2, 12180, None), (2, 33239.112, None)]}",281.9460745575701,135153.87442674162,7200,7192.599995548,1,194.76988181610773,7200,40557.351,True,245.38800593201006,282.42382054001007,37.035814608
lamf-test-c947c209-c0e1-414b-aa78-1430406df6ae,"{<resource_manager.instance.OnPremInstance object at 0x13a5cb620>: [(2, 7770, 8430), (1, 8430, None), (1, 10830, None), (1, 11490, None), (3, 14352.144, None)]}",91.00759406898061,38813.53511517964,7770,7768.718615926,3,20.726187542778916,7770,15470.343999999997,True,30.931070043349276,39.17920238254927,8.248132339199993
lamf-test-1b5247ff-56d3-4066-aafc-ee4137f1169c,"{<resource_manager.instance.OnPremInstance object at 0x13a5cb620>: [(3, 7830, 8790), (2, 8790, None), (2, 22827.504, None)]}",98.97570184637311,39156.90522927976,7830,7800.091736059,3,47.0834405658225,7830,23477.187999999995,True,51.03619134534942,64.64558991174941,13.609398566399989
lamf-test-a35e3102-219f-4336-95ce-4d87e6b5e69c,"{<resource_manager.instance.OnPremInstance object at 0x13a5cb620>: [(6, 7860, 9150), (1, 9150, None), (1, 10590, None), (1, 11880, None)]}",88.24903114605627,39016.896306242736,7860,7808.473530694,3,17.88729180926306,7860,14423.698000000002,True,29.49440109514032,37.35942882154032,7.865027726400004
lamf-test-8d2ae00d-f906-47ac-81a5-138a54772bef,"{<resource_manager.instance.OnPremInstance object at 0x13a5cb620>: [(2, 8370, 10380), (1, 10380, None), (1, 14872.68, None), (3, 31229.112, None)]}",310.3508838593914,136168.23387790046,8370,8359.697943739,3,93.12985626283366,8370,36940.550176994315,True,106.14150868502784,134.4453859543723,28.30387726934447
lamf-test-b41bc5e6-51fb-4710-b8ea-caebbe600cb8,"{<resource_manager.instance.OnPremInstance object at 0x13a5cb620>: [(6, 8400, 10410), (2, 10410, None)]}",308.5846884800438,136476.20164920614,8400,8375.987893075,2,8.686918223226783,8400,15883.935,True,23.567644987273614,32.899637059273616,9.331992072
lamf-test-8a5bf643-d5be-430a-ac2f-d8a1f25fa6d3,"{<resource_manager.instance.OnPremInstance object at 0x13a5cb620>: [(3, 8430, 10440), (1, 10440, None)]}",322.3613792231315,136088.48661580135,8430,8381.327751991,2,6.483821870550658,8430,40394.176,True,67.26193669825952,81.85711848385952,14.595181785600001
lamf-test-cbef53e7-aa65-412f-b9a4-02aefd0bda1b,"{<resource_manager.instance.OnPremInstance object at 0x13a5cb620>: [(2, 8460, None), (2, 10680, None), (2, 12820.536, None)]}",89.7921856815224,39641.58545894427,8460,8392.856431159,1,60.88589368012777,8460,15091.34294605998,True,71.88820378057463,82.68810917090619,10.799905390331567
lamf-test-decf70b3-3bab-4cf4-b55a-9508b27560e7,"{<resource_manager.instance.OnPremInstance object at 0x13a5cb620>: [(3, 8490, 11970), (2, 11970, None), (1, 19426.968, None), (1, 23427.504, None)]}",317.6420201174764,135969.32526141664,8490,8400.261105025,2,50.48983294250712,8490,28894.769,True,87.53898740817851,111.56048679057851,24.0214993824
lamf-test-1faee22d-4d95-436a-a021-6148365dd51b,"{<resource_manager.instance.OnPremInstance object at 0x13a5cb620>: [(2, 8970, None), (3, 18946.968, None)]}",300.8642397517245,136380.46900376212,8970,8965.032646861,3,72.03482546201232,8970,28596.651,True,103.7377002053388,131.4005737709388,27.6628735656
lamf-test-585c2356-1279-476b-b41a-cbdb8ebd0ee3,"{<resource_manager.instance.OnPremInstance object at 0x13a5cb620>: [(4, 9000, 11490), (1, 11490, None), (1, 29358.576, None)]}",290.6639501784463,136555.36728525392,9000,8981.481556873001,2,67.56756306498102,9000,39809.158,True,87.73419688708633,107.49897943108633,19.764782544000003
lamf-test-17aa2292-304e-4763-ab73-533f31d66f3d,"{<resource_manager.instance.OnPremInstance object at 0x13a5cb620>: [(5, 9030, 10320), (2, 10320, None), (2, 11910, None)]}",100.9864715008785,40156.13933703049,9030,8986.406847082,2,9.484686659917168,9030,13345.006000000001,True,17.286727491884594,23.520809226284598,6.234081734400003
lamf-test-17be3ad6-6cd4-4c64-93c6-3fc4d170d157,"{<resource_manager.instance.OnPremInstance object at 0x13a5cb620>: [(2, 9060, None), (1, 10770, None), (2, 11490, None)]}",64.77903730143166,22971.582247050348,9060,8997.210227635,2,8.066787757515591,9060,14801.998000000001,True,32.794085224475396,41.7740651684754,8.979979944000004
lamf-test-410c24b3-e037-404b-8fa3-3b9be7b4adaa,"{<resource_manager.instance.OnPremInstance object at 0x13a5cb620>: [(5, 9090, 10530), (1, 10530, None)]}",105.56808496111117,40157.082167912275,9090,9000.425342788,3,10.951403148528405,9090,12123.282,True,13.374830025096964,16.941385204296964,3.5665551791999994
lamf-test-dbfc6e86-f385-4c1b-a2d1-36902c12232e,"{<resource_manager.instance.OnPremInstance object at 0x13a5cb620>: [(2, 9570, None), (2, 29628.576, None)]}",332.81097832014945,137353.81833992002,9570,9553.714747723,3,145.72973762263288,9570,46480.402,True,163.5477313864172,207.1596507400172,43.6119193536
lamf-test-ee649544-0852-4484-9313-a2ec39aaf5e5,"{<resource_manager.instance.OnPremInstance object at 0x13a5cb620>: [(4, 9600, 11190), (2, 11190, None)]}",94.51083597672981,40589.5851676579,9600,9559.232586523,1,16.808122290668493,9600,17317.888,True,49.89657373184272,57.44713247744272,7.5505587456
lamf-test-3e8d9edc-8d07-4ff0-a6aa-1b9473f39dae,"{<resource_manager.instance.OnPremInstance object at 0x13a5cb620>: [(5, 9630, 10560), (1, 10560, None), (5, 11280, None)]}",46.55013787044631,23747.979253827383,9630,9561.101394148,1,21.927903262605522,9630,12940.204000000002,True,40.77670088980153,46.995045344201536,6.218344454400004
lamf-test-8daeea4f-cbbf-4fb6-b9f3-5857c1ab865e,"{<resource_manager.instance.OnPremInstance object at 0x13a5cb620>: [(4, 9660, 10260), (2, 10260, None)]}",56.56222725445129,23783.66613281042,9660,9563.277030427,1,6.342687656856034,9660,14032.168,True,26.71107521484523,30.744497896445232,4.033422681599999
lamf-test-665b3cd3-6953-4941-a220-b425974f248a,"{<resource_manager.instance.OnPremInstance object at 0x13a5cb620>: [(3, 9690, 22827.504), (1, 22827.504, None)]}",295.24467469152273,137146.94010131928,9690,9573.00415279,3,59.947542778918546,9690,25815.188,True,64.49189444064187,81.68941393824187,17.197519497600002
lamf-test-7b6d3b7a-f2bc-4206-bf5c-c8e1aaff27be,"{<resource_manager.instance.OnPremInstance object at 0x13a5cb620>: [(3, 9720, 10530), (2, 10530, None)]}",57.77199384513077,23757.399425416465,9720,9580.557216711999,2,2.612883440371161,9720,11231.369000000002,True,4.519533857260072,6.074092390060073,1.554558532800002
lamf-test-e86f1528-c4b7-428d-9220-137c2eee5f81,"{<resource_manager.instance.OnPremInstance object at 0x13a5cb620>: [(5, 9750, 14872.68), (2, 14872.68, None), (1, 25808.04, None)]}",291.443531643958,137530.85577086307,9750,9591.827278155999,2,97.99746841597599,9750,41942.276000000005,True,126.82476287033846,165.71646030713848,38.89169743680001
lamf-test-905b51bb-7f4b-480b-babc-216c95cb3e5c,"{<resource_manager.instance.OnPremInstance object at 0x13a5cb620>: [(4, 9780, None)]}",76.07511246679637,23738.28330251415,9780,9601.371919684,3,12.046543463381244,9780,12548.969000000001,True,16.846719902654197,21.3390952082542,4.492375305600001
lamf-test-d53de693-fd3a-47ec-b96e-28dcf292d471,"{<resource_manager.instance.OnPremInstance object at 0x13a5cb620>: [(4, 9810, 11100), (2, 11100, None), (1, 18946.968, None)]}",82.04480128359563,40770.92949853221,9810,9608.113234806999,2,26.030133171291773,9810,20698.226000000002,True,34.34424139487566,44.933528570875666,10.589287176000003
lamf-test-d608e81f-e921-488f-9511-ac29f6be8717,"{<resource_manager.instance.OnPremInstance object at 0x13a5cb620>: [(4, 10170, None)]}",290.8535591080783,138184.0390836005,10170,10149.893542392998,3,,10170,19106.862,True,54.372877024868814,68.87204193366881,14.499164908800001
lamf-test-794e981d-7b48-479b-88a9-08c76168b3f4,"{<resource_manager.instance.OnPremInstance object at 0x13a5cb620>: [(2, 10200, None), (3, 11460, None)]}",55.43753343799916,24329.595903617876,10200,10151.855886990998,3,3.832991101984941,10200,12388.647,True,10.895482546201237,13.800890662201239,2.9054081160000016
lamf-test-d89dd74a-ca32-43e3-9fdb-057b16e15c3a,"{<resource_manager.instance.OnPremInstance object at 0x13a5cb620>: [(2, 10230, None), (3, 11400, None)]}",52.589033620058174,24365.19584245101,10230,10157.291207886998,1,31.094278804471827,10230,13995.325065681858,True,41.056142030573206,47.26856526377601,6.212423233202808
lamf-test-9d73df9e-a4e9-43ed-b3cd-731892da568c,"{<resource_manager.instance.OnPremInstance object at 0x13a5cb620>: [(6, 10260, 11700), (1, 11700, None)]}",116.24356079750007,41275.077596380834,10260,10159.226817561997,3,13.141683778234086,10260,15089.761999999999,True,18.297607422617688,23.176878889817687,4.8792714672
lamf-test-700b88cb-1fe1-443f-85f3-4e83586778d7,"{<resource_manager.instance.OnPremInstance object at 0x13a5cb620>: [(2, 10290, None)]}",323.88597973304996,137459.88367339567,10290,10182.121054440997,1,113.71183755418663,10290,41763.967,True,169.94841105787512,195.4800930882751,25.531682030399995
lamf-test-cacf2328-5a7f-4177-ad3a-d6767db7f233,"{<resource_manager.instance.OnPremInstance object at 0x13a5cb620>: [(5, 10320, 13311.072), (2, 13311.072, None), (1, 24458.04, None)]}",299.34289693362723,138109.16110814855,10320,10184.670648048997,2,70.66499389052359,10320,34416.231999999996,True,89.54894043648524,116.77438291968524,27.225442483199995
lamf-test-76901c5b-cc70-4a21-8b6a-aa4aa3dedd24,"{<resource_manager.instance.OnPremInstance object at 0x13a5cb620>: [(2, 10350, 15883.752), (1, 15883.752, None)]}",295.82083300729096,137493.02049306766,10350,10189.261304799997,2,15.043337469662626,10350,21842.907,True,27.13468015477322,34.04069304517322,6.9060128903999995
lamf-test-c0570041-d32e-4e8b-8d2d-a250dfe399fc,"{<resource_manager.instance.OnPremInstance object at 0x13a5cb620>: [(5, 10380, 13861.608), (1, 13861.608, None)]}",309.1917473885502,138023.20049202107,10380,10191.220681002997,1,121.83930276066621,10380,63183.35399999999,True,184.593717088752,211.659318290352,27.065601201599996
lamf-test-ca7252f0-85f2-4005-896c-fb17b2f26952,"{<resource_manager.instance.OnPremInstance object at 0x13a5cb620>: [(6, 10770, 18366.432), (1, 18366.432, None), (4, 31769.112, None)]}",304.02222934164064,138748.87287160972,10770,10752.218758770996,1,157.3017403604837,10770,37234.577,True,230.4572533272492,265.46402027044917,35.00676694319999
lamf-test-0ae28a41-e363-4bde-bdce-50f826df3b42,"{<resource_manager.instance.OnPremInstance object at 0x13a5cb620>: [(4, 10800, 14352.144), (2, 14352.144, None), (2, 18486.432, None)]}",87.69850691765791,42063.29851340923,10800,10785.506120979995,3,34.18838238649327,10800,19761.989999999998,True,41.94902121834358,53.13521936874358,11.186198150399996
lamf-test-9da27dae-e6dc-4f47-b706-a6e8a3713464,"{<resource_manager.instance.OnPremInstance object at 0x13a5cb620>: [(6, 10830, None)]}",296.9549680882063,138554.5626773177,10830,10789.911456048994,3,,10830,15805.189999999999,True,45.404426192105845,57.51204857610584,12.107622383999997
lamf-test-50c28631-c9b3-47d9-9e36-b5f64438ea4d,"{<resource_manager.instance.OnPremInstance object at 0x13a5cb620>: [(6, 10860, 11670), (2, 11670, None), (1, 14872.68, None)]}",57.792712238435485,24682.73304818233,10860,10791.992323824994,3,17.13493041295916,10860,15461.007,True,19.819516313027602,25.104622622627602,5.2851063096
lamf-test-6ea3ccb6-5ec7-474a-bd76-4c0b7e74a8fd,"{<resource_manager.instance.OnPremInstance object at 0x13a5cb620>: [(4, 10890, None)]}",318.43627200467716,138295.74285924216,10890,10800.000693882994,3,,10890,20537.071,True,58.693868735265035,74.34527672566503,15.6514079904
lamf-test-f6a7b87b-3fe2-4927-871e-a0cac1bfa236,"{<resource_manager.instance.OnPremInstance object at 0x13a5cb620>: [(3, 11400, None), (1, 16063.752, None)]}",80.84812600328213,42678.70743304276,11400,11372.597246376994,3,21.281095140314854,11400,19544.7,True,42.459575633128,53.781919101928,11.322343468800002
lamf-test-01aed4d0-4ac3-4934-b29d-300b9eb1cf38,"{<resource_manager.instance.OnPremInstance object at 0x13a5cb620>: [(6, 11430, None)]}",48.38806555130056,25743.986655734065,11430,11380.395424908995,3,,11430,12362.804,True,8.51292721879991,10.78299903319991,2.2700718144000005
lamf-test-f035cec5-13b9-4feb-9d16-93fce26c2cc2,"{<resource_manager.instance.OnPremInstance object at 0x13a5cb620>: [(3, 11460, 12270), (2, 12270, None), (3, 15393.216, None)]}",59.50673849065216,25591.71869177479,11460,11384.709359505994,2,26.21758181766652,11460,18390.863456720796,True,28.9220229343262,38.52041279575597,9.598389861429773
lamf-test-7dc86417-03bf-4f7d-b2cc-4f303d7c708b,"{<resource_manager.instance.CloudReservedInstance object at 0x13a7cc3b0>: [(4, 11490, 14322.144), (2, 14322.144, None)]}",122.20824587768153,42738.37536341541,11490,11399.717491857995,2,10.315125011527796,11490,18169.170201384346,True,20.773149404753042,41.55346867193756,20.780319267184517
lamf-test-6e11c3c3-b9bf-4aa2-897f-6c03a891a9cd,"{<resource_manager.instance.CloudReservedInstance object at 0x13a7cc3b0>: [(2, 11520, None), (3, 96436.08, None)], <resource_manager.instance.CloudReservedInstance object at 0x13a7c5450>: [(3, 11520, 32129.112)]}",323.10613238146993,139039.62180401644,11520,11405.028044871995,3,305.34006844626964,11520,114749.98728601559,True,444.6199169976088,750.899653205026,306.2797362074171
lamf-test-c5a6ffed-1196-4516-a2cc-67f21c8eb5f5,"{<resource_manager.instance.OnPremInstance object at 0x13a5cb620>: [(2, 11550, None)]}",321.906162634098,139107.10859646782,11550,11407.757685609995,2,13.60400559681443,11550,22682.698,True,30.263902856838936,39.294747474438935,9.0308446176
lamf-test-6718dd63-82fd-49d3-b154-c2385c7724e4,"{<resource_manager.instance.OnPremInstance object at 0x13a5cb620>: [(4, 11970, None), (1, 15393.216, None)]}",53.92864783453742,26055.840383057293,11970,11953.081241295995,1,36.18731644992015,11970,15752.19,True,40.99220077572439,47.27402568612439,6.281824910400001
lamf-test-93fc33e5-0604-48d1-8efe-1dfc9145e379,"{<resource_manager.instance.CloudReservedInstance object at 0x13a7c5450>: [(3, 12000, None)], <resource_manager.instance.CloudReservedInstance object at 0x13a7c51d0>: [(2, 12000, None)]}",318.63019504491797,139671.66368560202,12000,11956.432642359994,1,69.41829431895962,12000,42289.74252934728,True,183.51835284087508,238.40336630405235,54.88501346317727
lamf-test-561c40aa-4fd2-4142-aa20-b41c53e185e4,"{<resource_manager.instance.OnPremInstance object at 0x13a5cb620>: [(2, 12030, 13801.608), (1, 13801.608, None)]}",92.22367706149063,43234.68783630612,12030,11957.432642359994,2,20.329864423887983,12030,24613.983999999997,True,26.75476775087796,32.57739586607796,5.822628115199999
lamf-test-d81c27cf-4838-43c5-ac8d-f0f7d5a86a71,"{<resource_manager.instance.OnPremInstance object at 0x13a5cb620>: [(4, 12060, 21207.504), (1, 21207.504, None), (5, 42561.792, None)]}",313.16578296695053,139670.74086853466,12060,11959.640236687994,3,115.51342915811088,12060,48449.89381086974,True,141.87073521213543,179.702229481468,37.831494269332595
lamf-test-92b10550-cff6-47f7-a077-4b4db1587046,"{<resource_manager.instance.CloudReservedInstance object at 0x13a7c51d0>: [(4, 12090, 14322.144), (1, 14322.144, None)], <resource_manager.instance.CloudReservedInstance object at 0x13a5cbe00>: [(1, 16554.288, None)], <resource_manager.instance.CloudOnDemandInstance object at 0x13a7c5310>: [(1, 20097.504, None)]}",81.64667311738593,43092.77484299569,12090,11960.640236687994,2,27.49455272188974,12090,28651.029892206203,True,55.002619092668354,80.75436109924921,25.751742006580855
lamf-test-29b14cf4-c2e0-462e-a5b2-16a34ab23f1f,"{<resource_manager.instance.CloudReservedInstance object at 0x13a5ee2c0>: [(2, 12120, None)]}",89.42960233211319,43046.84234854995,12120,11966.432047145994,3,,12120,26264.7263549733,True,43.02905576081314,59.629306611009795,16.600250850196662
lamf-test-0ee3ab93-6383-46f5-aeca-265dafdbd84c,"{<resource_manager.instance.CloudReservedInstance object at 0x13a5ee2c0>: [(4, 12150, None)], <resource_manager.instance.CloudReservedInstance object at 0x13a5cbe00>: [(1, 12150, 13251.072)]}",39.66592451958817,26101.043545166234,12150,11972.138882684994,3,7.81555403452734,12150,16288.299315474018,True,26.29438780423769,36.803218370318305,10.508830566080613
lamf-test-3484ce7d-9fee-4f95-9c2d-f871cc58413f,"{<resource_manager.instance.OnPremInstance object at 0x13a5cb620>: [(3, 12180, 13801.608), (2, 13801.608, None), (1, 32159.112, None)]}",280.48808000057255,139711.88108175213,12180,11982.177637613995,3,95.05858088067532,12180,43294.157999999996,True,114.05425507643163,144.46815890843163,30.413903831999992
lamf-test-0ab21652-7e84-40ef-afc1-d04cb7c18425,"{<resource_manager.instance.CloudReservedInstance object at 0x13a5cbe00>: [(2, 12210, None)]}",99.9394489602227,43253.81643923851,12210,11985.150121073995,3,4.2835074910639594,12210,18630.98426808556,True,13.021997653733996,22.299035724264016,9.27703807053002
lamf-test-107c896d-ee0f-4ca2-89f1-19c67b8002a2,"{<resource_manager.instance.CloudReservedInstance object at 0x13a5cbe00>: [(2, 12240, None)]}",98.1671155759394,43216.01390308322,12240,11988.384621335996,3,,12240,16865.343023227277,True,9.380369656962053,16.063065256920822,6.68269559995877
lamf-test-34f82a8b-288c-437f-910d-553d4a2c7dfc,"{<resource_manager.instance.CloudReservedInstance object at 0x13a5cbe00>: [(1, 12270, None)], <resource_manager.instance.CloudReservedInstance object at 0x13a5ee520>: [(1, 12270, None)]}",332.1651620956545,139787.05084025403,12270,11992.674830471995,1,,12270,37069.031590173436,True,86.12739442425939,131.13267695410616,45.00528252984675
lamf-test-aa879c60-c521-40a2-972a-cf0714098824,"{<resource_manager.instance.CloudOnDemandInstance object at 0x13a5ee780>: [(2, 12300, None)]}",56.99333448866139,26214.869580988914,12300,11997.495403253995,2,35.00856230416797,12700.536,26230.269580988916,False,37.86901660034494,,
lamf-test-cfb32c98-2421-4b31-9da7-090b5212bb9a,"{<resource_manager.instance.OnPremInstance object at 0x13a5cb620>: [(6, 12730.536, None)]}",311.65623815536327,139509.07885222737,12730.536,11999.113582973996,1,139.58950308008215,12730.536,24260.435693719883,True,181.51108347402965,209.57024736866634,28.059163894636708
lamf-test-2e0bd3ff-93cb-46df-ab43-ee2f13d4c7e1,"{<resource_manager.instance.OnPremInstance object at 0x13a5cb620>: [(3, 12760.536, None)]}",316.2487464140096,140276.03825760796,12760.536,12572.762223581996,1,,12760.536,22200.307,True,75.38032968286562,86.86664303566562,11.486313352800002
lamf-test-75f66efa-1a77-47ea-a0c6-c0317f11e7c2,"{<resource_manager.instance.OnPremInstance object at 0x13a5cb620>: [(5, 12790.536, 14322.144), (2, 14322.144, None)]}",323.850834844211,140634.29660857315,12790.536,12578.964374501997,3,25.71707049965777,12790.536,27445.096999999998,True,51.56885846832458,65.32029896592458,13.751440497599997
lamf-test-c1ff5343-c068-4179-8505-1de35f1c5237,"{<resource_manager.instance.CloudOnDemandInstance object at 0x13a5ee780>: [(4, 12820.536, None)]}",328.6266875432299,140264.39381994252,12820.536,12589.642904570997,2,300.49849178011675,13221.072,123946.36853701418,True,404.73819644389704,1395.891722008034,991.153525564137
lamf-test-c8383b87-eaaf-4727-8a38-364a265a9c1b,"{<resource_manager.instance.OnPremInstance object at 0x13a5cb620>: [(2, 13251.072, None)]}",87.74670802746411,43609.38247819529,13251.072,12594.236323262998,2,34.86972461660072,13251.072,27357.102,True,38.34681598437824,49.78962752037824,11.442811535999999
lamf-test-a5bf6748-f8d5-4a59-badc-d9816f45493a,"{<resource_manager.instance.OnPremInstance object at 0x13a5cb620>: [(2, 13281.072, None), (3, 17044.824, None)]}",54.40376906069801,26755.729087981563,13281.072,12599.339481884997,2,10.23164599499899,13281.072,18661.657,True,19.842508441047784,26.17460138744778,6.332092946399998
lamf-test-9d2ced27-20c6-49c1-84d1-76444fddb91f,"{<resource_manager.instance.OnPremInstance object at 0x13a5cb620>: [(3, 13311.072, 18366.432), (2, 18366.432, None), (2, 25808.04, None)]}",313.4023701696379,140825.40042502896,13311.072,13162.487643659997,2,36.53727573017923,13311.072,30779.187,True,63.56510131119587,83.81828466159587,20.253183350400004
lamf-test-6323d458-f602-48c5-98a5-f5c1a1584292,"{<resource_manager.instance.CloudReservedInstance object at 0x13a5ee2c0>: [(4, 13341.072, None)], <resource_manager.instance.CloudOnDemandInstance object at 0x13a5ee780>: [(1, 13341.072, None)]}",313.6595923894348,141130.98911330086,13341.072,13163.669652557997,1,,13341.072,58768.59876323878,True,608.0496395414119,815.9714295367557,207.9217899953439
lamf-test-48feb4fc-2742-45dc-808f-e652fe900563,"{<resource_manager.instance.CloudOnDemandInstance object at 0x13a5ee780>: [(3, 13371.072, None)]}",41.254966979320166,27131.246362968846,13371.072,13166.314809746997,1,,13771.608,23293.526698693884,True,79.23475118737987,145.61001964882274,66.37526846144287
lamf-test-bbc839c8-f836-4f9a-a8e0-6cb8342496f2,"{<resource_manager.instance.OnPremInstance object at 0x13a5cb620>: [(3, 13801.608, 15393.216), (2, 15393.216, None), (2, 20367.504, None)]}",114.4912360012796,44398.37193036237,13801.608,13170.823751087997,3,42.65480264658909,13801.608,24591.464,True,48.09375617917711,60.918519923177115,12.824763744
lamf-test-d4b58a16-b6c8-4064-88b0-a3ec8e4212ba,"{<resource_manager.instance.OnPremInstance object at 0x13a5cb620>: [(2, 13831.608, None)]}",56.907858453854786,27548.619590920927,13831.608,13174.170304784997,2,,13831.608,17935.95,True,11.157529610454182,14.486971840854181,3.3294422304
lamf-test-26bbd872-e5de-48b0-8f8f-e6417ce7af20,"{<resource_manager.instance.OnPremInstance object at 0x13a5cb620>: [(2, 13861.608, 17475.36), (1, 17475.36, None), (1, 23427.504, None), (1, 25448.04, None)]}",298.1380358381042,140425.1701517092,13861.608,13185.327084977996,2,72.41241030232686,13861.608,40338.884999999995,True,120.74267668320897,145.84658091120897,25.103904227999994
lamf-test-032ba352-18f7-47d0-a6f0-b7f2f4956a0a,"{<resource_manager.instance.CloudOnDemandInstance object at 0x13a5ee780>: [(2, 13891.608, None)], <resource_manager.instance.CloudOnDemandInstance object at 0x13a7c5810>: [(4, 13891.608, None)]}",307.62274626708137,141186.13020751666,13891.608,13198.174487258997,3,158.55310061601642,14292.144,48605.31905662374,True,211.20213586811917,466.09797341469596,254.8958375465768
lamf-test-05c2e1a5-42c3-4e97-863b-94fa07e33793,"{<resource_manager.instance.OnPremInstance object at 0x13a5cb620>: [(4, 14322.144, 15453.216), (2, 15453.216, None)]}",91.04820322006628,44474.51487214178,14322.144,13201.062889892997,2,31.616389730215726,14322.144,29836.387999999995,True,43.21976469207875,56.722445031278745,13.502680339199996
lamf-test-d2eb5728-b98d-4dc8-9b54-d5b61be5f0ce,"{<resource_manager.instance.OnPremInstance object at 0x13a5cb620>: [(4, 14352.144, 19336.968), (1, 19336.968, None)]}",294.31398108778467,141382.929124506,14352.144,13757.629876106997,2,33.31569754587109,14352.144,53296.945999999996,True,87.06156568321654,108.92311121761654,21.861545534399998
lamf-test-3058457a-d1e2-4d92-baae-1c4c74ce602b,"{<resource_manager.instance.OnPremInstance object at 0x13a5cb620>: [(5, 14382.144, 16984.824), (2, 16984.824, None), (3, 48651.792, None)]}",296.32729201787157,141544.5512436185,14382.144,13760.085529127997,2,128.966268259723,14382.144,59289.645,True,159.735171839776,212.27521720537598,52.54004536559999
lamf-test-7a641bba-d417-49ff-88d9-3fe54ccc21c1,"{<resource_manager.instance.CloudReservedInstance object at 0x13a7cc3b0>: [(2, 14412.144, None)], <resource_manager.instance.CloudReservedInstance object at 0x13a7c51d0>: [(3, 14412.144, None)]}",72.4727596207448,27924.61003156875,14412.144,13767.664097291998,1,,14412.144,15863.523799799059,True,11.920983981922454,16.847547574360377,4.926563592437924
lamf-test-3babe4ac-4db5-41c5-ad0c-7fee914c7ec7,"{<resource_manager.instance.CloudOnDemandInstance object at 0x13a7c5810>: [(3, 14442.144, 35439.648), (2, 35439.648, None)]}",293.72278396528714,141539.60836847624,14442.144,13768.664097291998,2,50.555456010557094,14842.68,35448.37745720312,False,50.57316839738004,,
lamf-test-efb02442-ed88-49c8-bf51-dea5e65f914e,"{<resource_manager.instance.OnPremInstance object at 0x13a5cb620>: [(2, 14872.68, None), (2, 50543.4, None)]}",304.7860416350407,141714.7705691901,14872.68,13774.596945345998,3,108.51234314396531,14872.68,55018.299999999996,True,135.7381397824929,171.9343056064929,36.19616582399999
lamf-test-a3da9951-7484-4541-a43a-d268b07d7f2b,"{<resource_manager.instance.OnPremInstance object at 0x13a5cb620>: [(4, 14902.68, 19396.968), (2, 19396.968, None), (3, 26838.576, None)]}",322.8627978188001,141475.52916226393,14902.68,13777.368111510998,2,36.59870772152124,14902.68,29334.540999999997,True,51.43535212768574,69.82533440848573,18.389982280799995
lamf-test-a4d8ead1-b39f-46fe-9cfa-58d32f343ff0,"{<resource_manager.instance.OnPremInstance object at 0x13a5cb620>: [(4, 14932.68, 15883.752), (1, 15883.752, None), (1, 20637.504, None), (1, 28248.576, None)]}",84.41713409588449,44976.26067042916,14932.68,13778.368111510998,1,66.26413871777322,14932.68,31736.27,True,95.70622815423225,109.59529684383224,13.8890686896
lamf-test-1393ec0f-c39a-48b5-8afc-5e45c5c5f7c7,"{<resource_manager.instance.CloudOnDemandInstance object at 0x13a7c5810>: [(5, 14962.68, None)], <resource_manager.instance.CloudOnDemandInstance object at 0x13a7c5310>: [(1, 14962.68, None)]}",354.69102159935267,141417.96298985113,14962.68,13801.888146163998,3,298.4961594037569,15363.216,107314.22692090276,True,397.9963742883735,813.2726518121277,415.27627752375423
lamf-test-98a6ab80-499b-4f3a-95f7-4dd7df820566,"{<resource_manager.instance.OnPremInstance object at 0x13a5cb620>: [(2, 15393.216, None), (1, 21207.504, None)]}",105.87093398460661,44976.38277906306,15393.216,13802.888146163998,1,31.39512114989733,15393.216,24060.372,True,54.82730184804927,63.01522205604927,8.187920207999998
lamf-test-0b319882-7fad-4ae3-8912-b51a1940b68d,"{<resource_manager.instance.OnPremInstance object at 0x13a5cb620>: [(2, 15423.216, None), (2, 34479.648, None), (1, 44421.792, None)]}",309.96889456321867,141818.20249117923,15423.216,13806.953333048998,3,118.45986767054528,15423.216,50884.255000000005,True,167.60781047988442,212.30239750788442,44.69458702800001
lamf-test-151fcd56-358d-466c-9e97-a24b8c315d14,"{<resource_manager.instance.CloudOnDemandInstance object at 0x13a7c5310>: [(4, 15453.216, 38220.72), (1, 38220.72, None)]}",286.90020368365816,141086.79856962076,15453.216,13807.953333048998,1,83.68920526275762,15853.752,38232.59139708131,False,83.70214591919529,,
lamf-test-0479ea03-d843-4f1c-b0bd-6f829a2c5a10,"{<resource_manager.instance.OnPremInstance object at 0x13a5cb620>: [(5, 15883.752, None)]}",326.10114994784385,141568.15399470105,15883.752,13812.407158359998,3,,15883.752,24325.405,True,64.19996197429461,81.3196342582946,17.119672283999996
lamf-test-724d0d5f-301b-4490-8457-7773ef64d695,"{<resource_manager.instance.OnPremInstance object at 0x13a5cb620>: [(5, 15913.752, 16984.824), (1, 16984.824, None), (3, 18366.432, None)]}",109.55462846539683,45474.373971401365,15913.752,14363.138820162998,2,7.089547041530173,15913.752,19641.868,True,13.791731693687339,18.593513280887336,4.801781587199997
lamf-test-2674780b-0edf-4613-bd86-e3e24ce33fcb,"{<resource_manager.instance.OnPremInstance object at 0x13a5cb620>: [(5, 15943.752, 27318.576), (1, 27318.576, None), (2, 57104.472, None)]}",302.61464185285956,141846.2337356372,15943.752,14364.138820162998,1,233.4719525439197,15943.752,60096.043999999994,True,258.0433858088067,296.8328331080067,38.78944729919999
lamf-test-15ce12ce-cdd4-4322-97b9-e92908eec275,"{<resource_manager.instance.OnPremInstance object at 0x13a5cb620>: [(4, 15973.752, None)]}",62.79223748275714,28636.596981736577,15973.752,14366.579710564998,2,16.986136616910294,15973.752,21205.772,True,19.055860282109123,27.544289530109126,8.488429248000001
lamf-test-6fdb4590-cea7-4d20-bffa-249d0757fa2a,"{<resource_manager.instance.OnPremInstance object at 0x13a5cb620>: [(6, 16003.752, 18456.432), (1, 18456.432, None), (2, 21327.504, None)]}",88.08906902383775,45417.33622134966,16003.752,14369.989691305998,1,46.69057905544148,16003.752,24490.908,True,72.67336344969199,83.65594228809199,10.982578838399998
lamf-test-e4ed1a21-f292-441c-946a-d7b9f0990c7d,"{<resource_manager.instance.OnPremInstance object at 0x13a5cb620>: [(2, 16033.752, None), (3, 29658.576, None)]}",297.2172710903451,141982.1596849287,16033.752,14382.794362579998,1,73.56928313940224,16033.752,37113.729999999996,True,173.3568794585139,199.5283889993139,26.17150954079999
lamf-test-c777b76c-0cc3-4d24-b87d-dcc762dd2026,"{<resource_manager.instance.CloudReservedInstance object at 0x13a7cc3b0>: [(2, 16063.752, 19636.968), (1, 19636.968, None)], <resource_manager.instance.CloudOnDemandInstance object at 0x13a7c5310>: [(1, 30318.576, None), (1, 53063.4, None)], <resource_manager.instance.CloudOnDemandInstance object at 0x13a5ee3f0>: [(1, 53063.4, None)]}",310.2741421688458,142539.72983549762,16063.752,14385.798499204999,1,337.89443638299485,16063.752,94478.66567142941,True,461.5143919385569,701.5579364813099,240.04354454275295
lamf-test-38f0df60-c850-46c3-8ecc-b21d5524ac44,"{<resource_manager.instance.CloudReservedInstance object at 0x13a7c51d0>: [(3, 16093.752, None)], <resource_manager.instance.CloudOnDemandInstance object at 0x13a7c5310>: [(3, 16093.752, 23727.504)]}",82.2505270696069,45658.828294139,16093.752,14386.798499204999,3,23.222304357745834,16093.752,23737.766296272534,False,23.2379135999278,,
lamf-test-ecaffeb0-92d2-4398-a844-9e4844c48df5,"{<resource_manager.instance.CloudOnDemandInstance object at 0x13a7c5310>: [(3, 16123.752, 19666.968), (1, 19666.968, None)]}",106.56838267415606,45549.11880702483,16123.752,14388.030251502,1,9.97026328998403,16524.288,19676.393848475127,False,9.980538126712563,,
lamf-test-3c60492c-5568-42f7-a13b-d4f3117a23dc,"{<resource_manager.instance.CloudOnDemandInstance object at 0x13a7c5310>: [(1, 16554.288, None)], <resource_manager.instance.CloudOnDemandInstance object at 0x13a5ee3f0>: [(5, 16554.288, None)]}",288.51703100665657,142131.79116621084,16554.288,14389.030251502,2,650.7432601060832,16954.824,142147.19116621086,False,662.8886962123778,,
lamf-test-04f3f31f-b20f-4cb7-a3dd-c0c2f380b4cc,"{<resource_manager.instance.OnPremInstance object at 0x13a5cb620>: [(4, 16984.824, 17475.36), (2, 17475.36, None), (1, 20217.504, None)]}",63.69847192731158,28488.92429906256,16984.824,14390.129283840999,3,17.212612365959387,16984.824,23350.239000000005,True,25.62116814966919,32.4533529168692,6.832184767200006
lamf-test-b6b347a8-b100-462f-bbd1-cdcde8345e59,"{<resource_manager.instance.CloudReservedInstance object at 0x13a5cbe00>: [(2, 17014.824, None)], <resource_manager.instance.CloudOnDemandInstance object at 0x13a5ee3f0>: [(2, 17014.824, 38010.72)]}",310.4633474601291,142182.33926852528,17014.824,14391.645329095,1,190.54758962658758,17014.824,38019.41827030747,False,190.57956288677423,,
lamf-test-d4113937-9912-4267-ad39-f41249bcbcef,"{<resource_manager.instance.CloudOnDemandInstance object at 0x13a5ee3f0>: [(2, 17044.824, 18516.432), (1, 18516.432, None)]}",44.164232744169574,28716.01080853158,17044.824,14394.373103107,3,4.476714579055441,17445.36,18528.700690167367,False,4.495375602961999,,
lamf-test-198ba68c-5a75-4dd3-95a5-23cb4a91c31d,"{<resource_manager.instance.OnPremInstance object at 0x13a5cb620>: [(5, 17475.36, 20547.504), (1, 20547.504, None)]}",75.79076386942039,45565.60391449863,17475.36,14396.950580653,2,12.294100481754832,17475.36,21508.232,True,14.243452608890461,20.863431917690463,6.6199793088
lamf-test-9bb4d80d-2aee-48e9-ac53-5a922312b6c8,"{<resource_manager.instance.CloudOnDemandInstance object at 0x13a5ee3f0>: [(3, 17505.36, None)], <resource_manager.instance.CloudOnDemandInstance object at 0x13a5cbb60>: [(3, 17505.36, None)]}",62.348183689222225,28604.03651174323,17505.36,14407.402142854,2,63.14707066881044,17905.896,28619.43651174323,False,66.06486914185083,,
lamf-test-8fdaa8c6-0ab8-4102-bf2c-7c6a5957696b,"{<resource_manager.instance.CloudOnDemandInstance object at 0x13a5cbb60>: [(3, 17935.896, None)]}",305.80076715201267,141803.76957171288,17935.896,14408.402142854,3,221.27974446725986,18336.432,122365.01620964313,True,317.6792766283158,850.769049474502,533.0897728461862
lamf-test-c89d3402-a23f-46ae-8720-cd373edbf82e,"{<resource_manager.instance.OnPremInstance object at 0x13a5cb620>: [(3, 18366.432, None), (1, 20097.504, None)]}",59.063695813800784,28638.286526301545,18366.432,14409.402142854,3,7.899028062970568,18366.432,21030.331,True,13.574452810099611,17.19423974449961,3.619786934399996
lamf-test-d457b8b2-16f3-450b-ba2f-e7b966006e63,"{<resource_manager.instance.CloudReservedInstance object at 0x13a7cc3b0>: [(2, 18396.432, None)], <resource_manager.instance.CloudOnDemandInstance object at 0x13a5cbb60>: [(4, 18396.432, None)]}",308.6020686022321,142571.79632203307,18396.432,14965.925253792,1,530.2250136132026,18396.432,63093.57061480566,True,559.7481804880979,961.6290932015386,401.88091271344064
lamf-test-87f7683b-4f57-45f2-93ec-cd6117faec52,"{<resource_manager.instance.OnPremInstance object at 0x13a5cb620>: [(2, 18426.432, None)]}",62.86965238334432,29033.635140813305,18426.432,14970.160477428,1,2.810712297513119,18426.432,20832.779,True,12.99343197201307,14.945460658413069,1.9520286863999983
lamf-test-95f36198-5f8e-46dc-93db-fc5d6a810881,"{<resource_manager.instance.OnPremInstance object at 0x13a5cb620>: [(3, 18456.432, 25418.04), (2, 25418.04, None), (1, 30408.576, None)]}",312.84764381313755,142765.17994149777,18456.432,14974.188461352,2,78.43120489084022,18456.432,42332.664,True,92.63293293599095,119.66137063199095,27.028437695999994
lamf-test-067d037c-dcca-41c3-b8b9-a8b36009d0a4,"{<resource_manager.instance.OnPremInstance object at 0x13a5cb620>: [(4, 18486.432, None), (1, 21597.504, None)]}",61.80548621708826,29272.70435688227,18486.432,14983.589827914,2,17.28578328978868,18486.432,23205.013,True,20.4475270227835,28.754958487583497,8.307431464799997
lamf-test-55d518fc-620c-44fe-a18a-2336d48b9fc1,"{<resource_manager.instance.CloudOnDemandInstance object at 0x13a5ee3f0>: [(1, 18516.432, None)], <resource_manager.instance.CloudOnDemandInstance object at 0x13a5cbb60>: [(2, 18516.432, None)]}",83.99778340603386,46378.38184936991,18516.432,15013.109730678,3,93.74985169974903,18916.968,46393.7818493699,False,98.93854992551489,,
lamf-test-64282f81-8a38-42e2-8686-39f8e7fadae5,"{<resource_manager.instance.OnPremInstance object at 0x13a5cb620>: [(5, 19336.968, None)]}",308.1387838586121,142836.74126930063,19336.968,15014.109730678,2,,19336.968,23816.949,True,17.9279801240933,27.013381592093296,9.085401467999999
lamf-test-6ca33400-5b63-4867-9fb5-39d7d8646a8a,"{<resource_manager.instance.OnPremInstance object at 0x13a5cb620>: [(6, 19576.968, 20097.504), (2, 20097.504, None), (2, 24398.04, None), (1, 25208.04, None)]}",105.93846150050236,46831.88536421292,19576.968,15571.435253526999,1,40.16343509012092,19576.968,26168.365999999998,True,53.23654741805456,61.25360375885456,8.017056340799995
lamf-test-e1a8ae4a-b274-4245-9dc7-b8b20b25f60b,"{<resource_manager.instance.CloudReservedInstance object at 0x13a7cc3b0>: [(1, 19636.968, None), (3, 131866.08000000002, None)], <resource_manager.instance.CloudReservedInstance object at 0x13a5cbe00>: [(2, 19636.968, None)], <resource_manager.instance.CloudOnDemandInstance object at 0x13a5ee3f0>: [(1, 19636.968, 26748.576)]}",307.3714712616934,143455.98038326067,19636.968,15580.923072381998,3,443.9265890942277,19636.968,143471.3803832607,False,503.2694066125033,,
lamf-test-5f552717-b86e-4e0e-9794-6b12cd0fea27,"{<resource_manager.instance.CloudOnDemandInstance object at 0x13a7c5310>: [(2, 19666.968, None), (1, 24878.04, None)]}",43.981392744961866,29818.904888835477,19666.968,15581.923072381998,2,8.910588962496512,20067.504,29834.30488883548,False,23.711037628516323,,
lamf-test-0ee69e3c-f7ac-4d00-b4dc-243374763ca6,"{<resource_manager.instance.OnPremInstance object at 0x13a5cb620>: [(2, 20097.504, None)]}",95.71047451977611,46814.24278601411,20097.504,15585.160285885999,3,,20097.504,22323.896000000004,True,6.772810099627358,8.57885929002736,1.8060491904000027
lamf-test-60d40a4b-09c7-4a73-b379-b1d85406ff0e,"{<resource_manager.instance.OnPremInstance object at 0x13a5cb620>: [(4, 20127.504, None), (2, 20847.504, None)]}",57.165191884420324,29884.344908842497,20127.504,15586.160285885999,3,35.96199863107461,20127.504,25189.925999999996,True,44.01023956194383,55.746085741143816,11.735846179199989
lamf-test-87976d93-8677-4270-9b15-bf91d2c51eaa,"{<resource_manager.instance.OnPremInstance object at 0x13a5cb620>: [(3, 20157.504, 22647.504), (1, 22647.504, None), (2, 40551.792, None)]}",311.39111778496914,143343.58169800352,20157.504,15590.176118219999,2,44.360650142557674,20157.504,48492.917,True,82.06119036393427,102.01576247673427,19.9545721128
lamf-test-68fc4f1f-0368-4356-8862-a5c873470b2b,"{<resource_manager.instance.OnPremInstance object at 0x13a5cb620>: [(4, 20547.504, 24518.04), (2, 24518.04, None)]}",313.35740939256686,143457.14038402593,20547.504,15600.059542334999,2,59.02725125309874,20547.504,43900.82699999999,True,67.15285251127453,89.31796693207453,22.16511442079999
lamf-test-6ffd71d7-ab96-484d-939d-8341469b380b,"{<resource_manager.instance.OnPremInstance object at 0x13a5cb620>: [(3, 20607.504, 24578.04), (2, 24578.04, None), (1, 35019.648, None), (2, 46671.792, None)]}",291.65416309527114,144001.00931925414,20607.504,16158.572936727,3,103.05157198266026,20607.504,50156.03499999999,True,129.54973153851992,164.0956857761199,34.54595423759998
lamf-test-20e1ba49-4666-4d28-9ab3-d9b988f76cc5,"{<resource_manager.instance.OnPremInstance object at 0x13a5cb620>: [(6, 21087.504, None)]}",285.6765311197183,143552.1510310691,21087.504,16166.41911327,1,39.19917864476386,21087.504,30342.644,True,145.7003559206023,168.2236646246023,22.523308704
lamf-test-6012bbf1-8566-4834-b341-39822809aef2,"{<resource_manager.instance.OnPremInstance object at 0x13a5cb620>: [(5, 21267.504, None)]}",93.62462651407313,47374.792873153725,21267.504,16168.586692634999,1,116.71575450604608,21267.504,31624.084,True,136.2604258879002,157.26357012790018,21.003144239999994
lamf-test-92b1912c-cdf4-4496-9665-6c2a64a15900,"{<resource_manager.instance.OnPremInstance object at 0x13a5cb620>: [(5, 22407.504, 23217.504), (2, 23217.504, None)]}",99.7921660649438,47525.94881514358,22407.504,16181.949329067,3,13.40188911704312,22407.504,29865.07,True,26.38243516617233,33.41762070537233,7.035185539199999
lamf-test-3d2e4ca8-d6e8-4002-a809-14108f6da5be,"{<resource_manager.instance.OnPremInstance object at 0x13a5cb620>: [(5, 22767.504, 30498.576), (2, 30498.576, None)]}",306.2018292174168,143953.83103341804,22767.504,16194.749889036,2,30.938190397221383,22767.504,37942.14835398863,True,51.17331674565587,72.89015665521144,21.716839909555578
lamf-test-a7986f20-c88c-442a-a9bb-9d4e408bd120,"{<resource_manager.instance.OnPremInstance object at 0x13a5cb620>: [(4, 23127.504, None)]}",50.00049139574834,30874.222469692842,23127.504,16769.031225657,1,12.479618526123659,23127.504,25761.277000000002,True,27.841999163434494,32.1150324786345,4.273033315200002
lamf-test-bf2ee2bb-aeee-4553-ba75-b56c3562dc59,"{<resource_manager.instance.OnPremInstance object at 0x13a5cb620>: [(2, 23157.504, None), (1, 24758.04, None)]}",94.73625576454592,48135.94544206762,23157.504,16771.986511326,1,37.31203467944331,23157.504,32624.25,True,73.25186219484371,84.12182132604372,10.869959131199998
lamf-test-404ab15a-5fdc-47da-96ca-6bf36dbfc057,"{<resource_manager.instance.OnPremInstance object at 0x13a5cb620>: [(4, 23247.504, 30708.576), (1, 30708.576, None), (1, 37680.72, None)]}",285.63536765098837,144692.07086736953,23247.504,16786.810385823,2,41.321161292514546,23247.504,46123.318,True,75.58183938215288,97.36321969895288,21.7813803168
lamf-test-398c2e41-0ba6-4e76-8602-21bfa67e2257,"{<resource_manager.instance.OnPremInstance object at 0x13a5cb620>: [(5, 23427.504, None)]}",308.43937206382503,144666.4117000489,23427.504,16796.755735902,2,23.85500749540882,23427.504,39519.992,True,64.39889031029594,97.03445597429592,32.63556566399999
lamf-test-58d64335-ff0b-41b5-93cb-bcafe6abca1b,"{<resource_manager.instance.CloudReservedInstance object at 0x13a7c51d0>: [(3, 23727.504, None)], <resource_manager.instance.CloudOnDemandInstance object at 0x13a5ee780>: [(3, 23727.504, None)]}",83.27713277836911,48089.96299006895,23727.504,16805.012478921,2,66.17224747108176,23727.504,44150.14104034247,True,107.31725035859105,268.6356603402562,161.31840998166513
lamf-test-78749043-3668-43d0-99ce-4ee040f7f664,"{<resource_manager.instance.OnPremInstance object at 0x13a5cb620>: [(2, 23757.504, None), (2, 24308.04, None)]}",57.07835905715178,30925.909767074918,23757.504,16806.012478921,2,6.552969220660895,23757.504,25732.752,True,9.242688444179306,12.000735996179305,2.7580475519999994
lamf-test-59fd6bbc-b1e0-4afd-a720-743bb563c136,"{<resource_manager.instance.OnPremInstance object at 0x13a5cb620>: [(2, 23787.504, None)]}",321.20760313523465,145038.58690066985,23787.504,17359.678662664,2,23.57350411594632,23787.504,41580.619,True,48.37004505831054,62.80381994631054,14.433774887999999
lamf-test-4cc1e286-0e7f-464c-8240-c10883a7da2a,"{<resource_manager.instance.OnPremInstance object at 0x13a5cb620>: [(4, 23847.504, 28338.576), (2, 28338.576, None), (3, 35870.184, None)]}",316.2330750787407,144973.34330162613,23847.504,17382.788603134,3,50.23576545744923,23847.504,39354.782999999996,True,76.73663244353179,97.19935483793178,20.46272239439999
lamf-test-0aaede3d-34d4-43d5-b971-8a2a954407b0,"{<resource_manager.instance.CloudOnDemandInstance object at 0x13a7c5310>: [(2, 23877.504, 42921.792), (1, 42921.792, None)]}",291.4038438976179,144916.0285890227,23877.504,17388.010973886998,1,37.17418754277892,24278.04,42933.806164234426,False,37.1872838254387,,
lamf-test-a7598ecc-5cec-4bf9-9a0f-c71ca0dbae0e,"{<resource_manager.instance.OnPremInstance object at 0x13a5cb620>: [(6, 24308.04, 26808.576), (1, 26808.576, None)]}",294.2224632206372,145115.0851179207,24308.04,17389.615920228996,3,22.820314852840518,24308.04,37226.57399999999,True,38.66638375541865,48.97722815381864,10.310844398399997
lamf-test-5c0e0bc7-fda1-478e-8de8-178b5b80a83c,"{<resource_manager.instance.OnPremInstance object at 0x13a5cb620>: [(4, 24368.04, None), (1, 27288.576, None)]}",109.02475346006189,48665.557900303786,24368.04,17415.335441163996,2,20.675082772934402,24368.04,29730.258,True,24.484324155702097,34.1743328581021,9.690008702400002
lamf-test-95c3a7f0-6def-4a58-8473-af92a11ec586,"{<resource_manager.instance.OnPremInstance object at 0x13a5cb620>: [(3, 24548.04, None)]}",312.05091942501133,145944.36856854596,24548.04,17966.072592633995,1,164.44930869267625,24548.04,60021.779,True,283.2719290440338,326.4363746592338,43.1644456152
lamf-test-225e7631-1dba-46ce-9a30-f911bc78acd8,"{<resource_manager.instance.OnPremInstance object at 0x13a5cb620>: [(5, 24608.04, None)]}",48.6051907309817,32371.103060877387,24608.04,17972.711391108995,1,30.925753137120694,24608.04,27505.799674642923,True,38.12551705173211,44.002173671907954,5.876656620175846
lamf-test-19917d27-b721-40ad-a37a-4370c7a734bc,"{<resource_manager.instance.OnPremInstance object at 0x13a5cb620>: [(2, 24638.04, None)]}",301.1069329229973,145335.03057081267,24638.04,17973.711391108995,2,12.180201623233621,24638.04,44189.291,True,53.14948460774513,69.00945941894513,15.859974811199997
lamf-test-c5f3d318-ed60-437f-9c1e-4a6f0f18365e,"{<resource_manager.instance.OnPremInstance object at 0x13a5cb620>: [(5, 25208.04, 30678.576), (1, 30678.576, None), (2, 41811.792, None)]}",302.37657057421836,145603.8041475571,25208.04,17984.102493502996,2,44.48168241956064,25208.04,44304.481999999996,True,56.315743664588645,74.95872827418864,18.642984609599992
lamf-test-68ff13a7-de65-4a50-8bee-581fe346b072,"{<resource_manager.instance.OnPremInstance object at 0x13a5cb620>: [(4, 25748.04, 28728.576), (1, 28728.576, None)]}",316.0799972187193,145512.22334503266,25748.04,17988.503836117998,1,31.507681496691763,25748.04,35680.31999999999,True,51.06920921743096,58.724458190230955,7.655248972799997
lamf-test-e3ac6e81-3f29-40d1-91c8-119f86b94741,"{<resource_manager.instance.OnPremInstance object at 0x13a5cb620>: [(2, 25868.04, None)]}",292.3170995981352,145898.7742470866,25868.04,17990.1027428385,2,51.33490876161717,25868.04,54676.36200000001,True,78.31455218461295,101.68386299101296,23.369310806400005
lamf-test-cd918581-b0d1-458e-92b2-5c59b3bd83b5,"{<resource_manager.instance.OnPremInstance object at 0x13a5cb620>: [(3, 26228.04, None)]}",301.10787935133226,145631.92081752425,26228.04,17991.1027428385,2,51.140748232779224,26228.04,43786.346000000005,True,56.639267886876056,78.00421462767606,21.364946740800008
lamf-test-3231937d-3960-4134-90c2-f2e92cf6e932,"{<resource_manager.instance.OnPremInstance object at 0x13a5cb620>: [(2, 26258.04, None), (2, 28338.576, None)]}",109.51414052886817,48977.694260920885,26258.04,17995.1545680415,2,24.633707322228137,26258.04,34992.329999999994,True,41.831932274886356,54.31471356768634,12.482781292799988
lamf-test-5e0241b4-8be0-4af4-bde6-0b42fa40fc67,"{<resource_manager.instance.CloudOnDemandInstance object at 0x13a5ee780>: [(2, 26288.04, None)]}",98.3173256377796,49200.52675946485,26288.04,17996.1545680415,3,13.538781656399724,26688.576,33130.136745751886,True,20.814044401100873,51.32705904845598,30.51301464735511
lamf-test-d56ac58c-44ed-4cac-88e0-685510119191,"{<resource_manager.instance.CloudReservedInstance object at 0x13a5ee2c0>: [(2, 26718.576, None)], <resource_manager.instance.CloudReservedInstance object at 0x13a7c51d0>: [(1, 28758.576, None)], <resource_manager.instance.CloudReservedInstance object at 0x13a5cbe00>: [(1, 28758.576, None)], <resource_manager.instance.CloudOnDemandInstance object at 0x13a7c5310>: [(1, 28758.576, None)], <resource_manager.instance.CloudOnDemandInstance object at 0x13a5cbb60>: [(1, 28758.576, None)]}",70.70390367140996,32064.249267814346,26718.576,18002.2508500865,2,18.582013489449988,26718.576,32079.649267814348,False,34.40876116009095,,
lamf-test-093fc8c1-409b-4af5-91bd-f1586aa318b7,"{<resource_manager.instance.OnPremInstance object at 0x13a5cb620>: [(6, 27378.576, None)]}",48.98947611555658,32160.47153803317,27378.576,18006.066508101,1,9.445585215605751,27378.576,29514.983,True,33.63269062286104,38.83185069806104,5.199160075199998
lamf-test-412a625e-1641-430d-83ff-ad06d8ff7ded,"{<resource_manager.instance.OnPremInstance object at 0x13a5cb620>: [(5, 27558.576, None)]}",48.58977843534464,32292.17534470877,27558.576,18010.4862084485,1,13.81473876340406,27558.576,29616.084,True,27.07041478439422,31.243041008394215,4.172626223999996
lamf-test-499e704f-e77f-4d06-942d-f6729f7df6df,"{<resource_manager.instance.OnPremInstance object at 0x13a5cb620>: [(3, 27588.576, 35049.648), (2, 35049.648, None), (1, 46971.792, None)]}",295.12516285873096,146221.51279565255,27588.576,18563.9603272835,2,56.47777988069951,27588.576,51942.316999999995,True,80.07537816606308,104.87338860846307,24.798010442399995
lamf-test-b31f9afe-254c-4126-a484-8628eb9333c1,"{<resource_manager.instance.CloudReservedInstance object at 0x13a7cc3b0>: [(1, 28698.576, None)], <resource_manager.instance.CloudReservedInstance object at 0x13a5cbe00>: [(1, 28698.576, None)], <resource_manager.instance.CloudOnDemandInstance object at 0x13a5ee3f0>: [(3, 28698.576, None)], <resource_manager.instance.CloudOnDemandInstance object at 0x13a5cbb60>: [(1, 28698.576, None)]}",58.325064065435534,32747.486777359987,28698.576,18569.7142805885,1,38.089357365579126,28698.576,32762.88677735999,False,59.75866988285023,,
lamf-test-893ff824-f1d2-4433-939e-c7c4d678a42b,"{<resource_manager.instance.OnPremInstance object at 0x13a5cb620>: [(2, 28728.576, 32729.112), (1, 32729.112, None), (1, 46131.792, None), (3, 50603.4, None)]}",291.47945752946964,146316.68860874418,28728.576,18608.398522731502,1,138.79733880903493,28728.576,57279.389,True,175.36225104570693,201.20988695850693,25.84763591280001
lamf-test-9ad3c991-d587-4e6c-87f0-aa8b942b2b5d,"{<resource_manager.instance.OnPremInstance object at 0x13a5cb620>: [(6, 28758.576, 31739.112), (1, 31739.112, None), (1, 36710.184, None)]}",294.2702271699325,146456.17939701446,28758.576,18615.4207468355,2,22.967915367167826,28758.576,53077.316999999995,True,89.38693412931856,111.93365163171856,22.546717502399996
lamf-test-50bd9009-28ec-4253-bcf7-ae2b62692323,"{<resource_manager.instance.OnPremInstance object at 0x13a5cb620>: [(3, 28938.576, None), (2, 30528.576, None), (1, 32909.112, None)]}",96.71534015432012,49795.41005141613,28938.576,18616.4207468355,2,19.2794987868793,28938.576,34880.384,True,34.997018625185476,46.55674517238547,11.559726547199993
lamf-test-65b278d1-c75b-4135-b5aa-f825706c680d,"{<resource_manager.instance.OnPremInstance object at 0x13a5cb620>: [(4, 29358.576, None), (1, 30618.576, None)]}",46.808209305960055,33386.39230431084,29358.576,19160.096936335503,1,43.97857905544147,29358.576,33401.79230431083,False,50.57312872147739,,
lamf-test-4e05654b-8014-4960-848f-0c1b470c0ee8,"{<resource_manager.instance.OnPremInstance object at 0x13a5cb620>: [(5, 29538.576, None)]}",119.66024806020059,50364.82103437706,29538.576,19163.425711438504,3,14.681998631074608,29538.576,32996.78483088789,True,26.30016602698219,33.31341353602283,7.013247509040637
lamf-test-2b6c6b3a-28c9-458c-9ffa-76aefcc26451,"{<resource_manager.instance.OnPremInstance object at 0x13a5cb620>: [(5, 29778.576, 36740.184), (1, 36740.184, None), (3, 47151.792, None)]}",317.28833254019617,146846.79302704358,29778.576,19173.590826673502,1,206.76218845539586,29778.576,59284.80700000001,True,251.91845843790412,289.9441512027041,38.02569276480001
lamf-test-2f12deb2-00c6-45f2-bf9e-431fba73627e,"{<resource_manager.instance.OnPremInstance object at 0x13a5cb620>: [(6, 30018.576, None)]}",93.49967154984164,50460.89543540575,30018.576,19174.590826673502,1,69.28450102669404,30018.576,35443.68715560497,True,85.40558287400015,98.60813338228039,13.202550508280245
lamf-test-f9efe039-70ce-49b9-a1a8-bee3de1d2b34,"{<resource_manager.instance.OnPremInstance object at 0x13a5cb620>: [(5, 30378.576, 31889.112), (2, 31889.112, None), (1, 40821.792, None)]}",307.9037058422363,146318.04221571353,30378.576,19175.590826673502,3,68.23034451289071,30378.576,52961.88100000001,True,94.05780971937033,119.13942703857033,25.08161731920001
lamf-test-8f4c62d4-1881-4ae7-91f8-3b9d5e4e648b,"{<resource_manager.instance.OnPremInstance object at 0x13a5cb620>: [(6, 30708.576, None)]}",53.33256697567134,33306.21837232422,30708.576,19178.163275250503,2,4.583477365566189,30708.576,33321.618372324214,False,11.293176817018383,,
lamf-test-920c97be-abc7-45c8-bf90-73719c07896c,"{<resource_manager.instance.CloudOnDemandInstance object at 0x13a7c5310>: [(2, 30738.576, None), (1, 32369.112, None)], <resource_manager.instance.CloudOnDemandInstance object at 0x13a5cbb60>: [(1, 30738.576, None), (1, 32369.112, None)]}",49.27955402462038,33385.00302801425,30738.576,19179.997439229504,2,5.576217747347652,31139.112,33400.40302801425,False,12.182748609431698,,
lamf-test-915cb3ce-20ce-43ae-8b31-7f523a6333eb,"{<resource_manager.instance.OnPremInstance object at 0x13a5cb620>: [(2, 31169.112, None)]}",71.69092063889612,33228.26633956797,31169.112,19190.919024741503,3,3.194159251654118,31169.112,33243.666339567964,False,6.310911368371627,,
lamf-test-eb592d2c-c121-4645-b005-4e7f00d8eb14,"{<resource_manager.instance.OnPremInstance object at 0x13a5cb620>: [(5, 31709.112, None)]}",65.43723826831173,33527.47342365532,31709.112,19193.660355693504,1,,31709.112,33542.873423655314,False,24.126604783053395,,
lamf-test-821bad57-9b5b-4590-ab6a-b75593f800f8,"{<resource_manager.instance.OnPremInstance object at 0x13a5cb620>: [(4, 31739.112, 36230.184), (1, 36230.184, None), (1, 78376.08, None), (4, 81376.08, None)]}",293.93899056747387,147072.45392697802,31739.112,19212.111548700504,3,100.55545516769335,31739.112,86841.21099999998,True,150.43116586812664,190.54539930012658,40.11423343199995
lamf-test-2ec8c349-ada1-458e-a7a4-ab9b6322b2cf,"{<resource_manager.instance.OnPremInstance object at 0x13a5cb620>: [(4, 31949.112, None)]}",57.00450481534605,33372.25712260665,31949.112,19216.073527119504,2,2.1852967246427712,31949.112,32961.945999999996,True,3.688904704678044,5.3321265862780365,1.6432218815999924
lamf-test-3d742955-a0c8-4cdc-8c38-f5e5804b4cff,"{<resource_manager.instance.CloudReservedInstance object at 0x13a7cc3b0>: [(2, 32129.112, None)], <resource_manager.instance.CloudReservedInstance object at 0x13a7c5450>: [(2, 32129.112, None)]}",303.65987588610506,147056.90264207992,32129.112,19217.414050545503,1,187.9612977412731,32129.112,73537.80691440623,True,340.11248389656043,458.3425896161731,118.23010571961265
lamf-test-b18ea74a-e7ea-41d7-821c-d4f1a5e50746,"{<resource_manager.instance.CloudReservedInstance object at 0x13a7c51d0>: [(1, 32159.112, None)], <resource_manager.instance.CloudReservedInstance object at 0x13a5ee2c0>: [(2, 32159.112, None)], <resource_manager.instance.CloudReservedInstance object at 0x13a5cbe00>: [(1, 32159.112, None), (1, 37230.72, None)], <resource_manager.instance.CloudReservedInstance object at 0x13a5ee520>: [(1, 37230.72, None)]}",93.66823018165961,50136.54491281455,32159.112,19218.512629533503,3,73.65978249296525,32159.112,48596.07856939517,True,95.17147266835987,153.5891989364516,58.41772626809172
lamf-test-cf4eee4f-df46-4434-9c29-6bf0f44daf4d,"{<resource_manager.instance.CloudReservedInstance object at 0x13a7cc3b0>: [(1, 32849.112, None)], <resource_manager.instance.CloudReservedInstance object at 0x13a5cbe00>: [(1, 32849.112, None)], <resource_manager.instance.CloudOnDemandInstance object at 0x13a5ee3f0>: [(3, 32849.112, None)], <resource_manager.instance.CloudOnDemandInstance object at 0x13a5cbb60>: [(1, 32849.112, None)]}",53.667029478259835,33868.040570687815,32849.112,19768.058391087503,2,,32849.112,33883.44057068781,False,8.972475969331576,,
lamf-test-7c801ce0-8eb2-4e0d-9312-eaf55e74d22a,"{<resource_manager.instance.OnPremInstance object at 0x13a5cb620>: [(2, 32879.112, None), (2, 63556.08, None)]}",282.54429039316733,147482.02655142028,32879.112,19774.254757086503,2,83.39440982719162,32879.112,69020.36,True,113.10336970422554,146.85377401782554,33.7504043136
lamf-test-4d1918b0-1458-45e2-b527-a49166860d07,"{<resource_manager.instance.OnPremInstance object at 0x13a5cb620>: [(6, 33089.112, None)]}",99.90881249240506,50917.09156711948,33089.112,19782.022772466502,2,15.131107541108975,33089.112,38268.712,True,22.38545354677882,34.99052810677882,12.605074559999997
lamf-test-4fd50982-b738-4cdf-bdb5-50cd3dff6874,"{<resource_manager.instance.OnPremInstance object at 0x13a5cb620>: [(2, 33119.112, None)]}",66.98837614575113,34026.71008733919,33119.112,19792.071779136,2,,33119.112,34042.110087339184,False,2.509142388689712,,
lamf-test-308f236e-0576-4952-874f-b146870f6d77,"{<resource_manager.instance.OnPremInstance object at 0x13a5cb620>: [(3, 33389.112, None)]}",296.126707886245,147329.2912001151,33389.112,19794.4185242495,3,,33389.112,45807.83699999999,True,56.667693360711795,71.77879794071178,15.11110457999999
lamf-test-17fee575-0b26-45f7-83d5-67d080c53e61,"{<resource_manager.instance.OnPremInstance object at 0x13a5cb620>: [(5, 33419.112, 38891.256), (2, 38891.256, None)]}",339.37001802300927,147617.4545463858,33419.112,19795.4185242495,3,41.616427104722796,33419.112,53765.781,True,86.86557152635181,110.02929423835181,23.163722712000002
lamf-test-c8945c61-1ea7-4681-928a-edc22713889d,"{<resource_manager.instance.CloudOnDemandInstance object at 0x13a5ee780>: [(2, 33449.112, None)], <resource_manager.instance.CloudOnDemandInstance object at 0x13a7c5310>: [(3, 33449.112, None)]}",305.7727422550137,147627.31631476514,33449.112,19799.789208058002,2,187.36967551823994,33849.648,84490.4631879226,True,242.31913153535356,606.6354526688532,364.3163211334996
lamf-test-416bbbfd-81e6-4f7c-9a56-8c0e7175f623,"{<resource_manager.instance.OnPremInstance object at 0x13a5cb620>: [(3, 33879.648, None)]}",318.1012839054559,147461.43816607632,33879.648,19803.764742616502,2,,33879.648,44021.928,True,32.71678451803409,45.05791082203409,12.341126304
lamf-test-3e7fd149-2562-452d-b778-aa63ebe3ca13,"{<resource_manager.instance.OnPremInstance object at 0x13a5cb620>: [(2, 33909.648, None)]}",306.14407437283273,148077.2779366464,33909.648,20368.944230761503,2,13.542350702664502,33909.648,52973.39,True,51.82420613366502,67.28871364406503,15.464507510399999
lamf-test-e18205c9-e6f7-4d1b-94fe-6bdf96998c05,"{<resource_manager.instance.CloudReservedInstance object at 0x13a7cc3b0>: [(1, 33939.648, None)], <resource_manager.instance.CloudReservedInstance object at 0x13a5cbe00>: [(1, 33939.648, None)], <resource_manager.instance.CloudOnDemandInstance object at 0x13a5ee3f0>: [(3, 33939.648, None)], <resource_manager.instance.CloudOnDemandInstance object at 0x13a5cbb60>: [(1, 33939.648, 40911.792)]}",110.9772195614234,51588.934666255576,33939.648,20369.944230761503,1,102.51333485436156,33939.648,40920.79280159625,False,102.62810665457233,,
lamf-test-55230e23-b521-4f16-a8cb-73a7c6580475,"{<resource_manager.instance.OnPremInstance object at 0x13a5cb620>: [(4, 33969.648, 37470.72), (1, 37470.72, None), (1, 43431.792, None), (1, 70426.08, None)]}",312.3489385286271,147936.59293025665,33969.648,20370.944230761503,2,134.39148936840832,33969.648,74407.777,True,158.62851436370215,193.46915971490216,34.8406453512
lamf-test-56207b5b-5fb7-4cc8-b917-b36e1b064de2,"{<resource_manager.instance.OnPremInstance object at 0x13a5cb620>: [(5, 34449.648, 41421.792), (1, 41421.792, None), (1, 51353.4, None)]}",317.0752713451876,148088.52079416005,34449.648,20372.558612577504,2,48.052708259204266,34449.648,55331.92600000001,True,64.19785677359008,85.59300530159008,21.395148528000007
lamf-test-2148cf4d-7170-4032-92ad-bc67bc5cec9e,"{<resource_manager.instance.OnPremInstance object at 0x13a5cb620>: [(3, 34509.648, None)]}",290.5571510371029,147819.0231711078,34509.648,20377.429040124505,3,85.75748117727584,34509.648,63227.761,True,131.04318046999768,165.98738036839768,34.9441998984
lamf-test-6f91592c-afdd-4bec-8b7a-080c324249f5,"{<resource_manager.instance.OnPremInstance object at 0x13a5cb620>: [(5, 34929.648, 35900.184), (2, 35900.184, None), (2, 42081.792, None), (1, 44451.792, None)]}",112.19170754417485,51536.294202017234,34929.648,20390.978756622506,3,40.605211042664834,34929.648,45727.612,True,50.3080021294395,63.7232205070395,13.415218377599999
lamf-test-58f4bde2-1252-4878-b4ed-54f9ec3d6ddb,"{<resource_manager.instance.OnPremInstance object at 0x13a5cb620>: [(3, 35049.648, 39521.256), (2, 39521.256, None), (2, 56324.472, None)]}",306.6623561408906,148227.12252082888,35049.648,20391.978756622506,3,71.5206570841889,35049.648,58820.670999999995,True,86.70781352194078,109.82946821314076,23.121654691199986
lamf-test-9fd69545-924f-4ce5-9308-d2123ccec4dc,"{<resource_manager.instance.CloudOnDemandInstance object at 0x13a7c5810>: [(1, 35439.648, None)], <resource_manager.instance.CloudOnDemandInstance object at 0x13a5cbb60>: [(2, 35439.648, None)]}",61.631240803228884,34514.90677788365,35439.648,20392.978756622506,1,,35840.184,35855.583999999995,False,2.161555504854585,,
lamf-test-927fb6c3-ba3c-488b-96a5-466be1c02fa9,"{<resource_manager.instance.OnPremInstance object at 0x13a5cb620>: [(6, 35900.184, 40401.792), (1, 40401.792, None), (2, 50393.4, None)]}",330.8093779162473,147960.83215409366,35900.184,20398.025852258506,1,111.30293953912845,35900.184,60826.833999999995,True,184.67816746520643,212.38127939000643,27.703111924799995
lamf-test-1e5c4d41-c6bb-47f9-a0f9-f492c659a647,"{<resource_manager.instance.OnPremInstance object at 0x13a5cb620>: [(6, 36740.184, 39251.256), (1, 39251.256, None)]}",295.19389174920065,148198.32648182497,36740.184,20399.025852258506,3,22.9164681724846,36740.184,52639.972,True,43.28108297208913,54.82249100088913,11.541408028800001
lamf-test-5fc71200-6539-46cf-9073-1ac0b6be235f,"{<resource_manager.instance.CloudOnDemandInstance object at 0x13a7c5810>: [(3, 36770.184, None)], <resource_manager.instance.CloudOnDemandInstance object at 0x13a5cbb60>: [(2, 36770.184, None)]}",298.6298021940167,147886.20936512694,36770.184,20415.721948380506,2,324.4681263281902,37170.72,147901.60936512693,False,522.165484094274,,
lamf-test-d81a676f-ccce-4b38-95bc-838588f989f1,"{<resource_manager.instance.OnPremInstance object at 0x13a5cb620>: [(3, 37200.72, None), (1, 39951.792, None)]}",93.67827368323229,51471.72740643188,37200.72,20421.418017744505,1,38.1673556924481,37200.72,43360.149999999994,True,58.77628686592129,67.65351129472128,8.87722442879999
lamf-test-bff6c6c8-6ce7-4a14-8d30-c8d69887c972,"{<resource_manager.instance.OnPremInstance object at 0x13a5cb620>: [(4, 37230.72, None)]}",62.55972404682857,35000.17330488223,37230.72,20965.599152022503,2,,37230.72,37246.119999999995,False,0.05608928259914327,,
lamf-test-8aea85bd-3d6c-4aba-b7de-dd2346b0e93e,"{<resource_manager.instance.OnPremInstance object at 0x13a5cb620>: [(6, 37320.72, 41301.792), (2, 41301.792, None), (2, 55683.936, None), (1, 58726.08, None)]}",302.51103083949494,148601.9474181241,37320.72,20968.278947298004,1,173.18416427104725,37320.72,61717.16099999999,True,213.902355692448,246.25897441804798,32.356618725599986
lamf-test-f3f23406-4146-4e8a-b0d6-831939b9a4ea,"{<resource_manager.instance.OnPremInstance object at 0x13a5cb620>: [(5, 37380.72, None)]}",57.3172776265575,35002.60719671825,37380.72,20969.278947298004,1,,37380.72,37396.119999999995,False,0.20261616852984965,,
lamf-test-232b6ce2-ea24-476c-b62f-210ae1decc5b,"{<resource_manager.instance.OnPremInstance object at 0x13a5cb620>: [(4, 37440.72, 42411.792), (1, 42411.792, None)]}",311.1617610976437,148703.74516152882,37440.72,20974.163042542004,2,18.10544559927232,37440.72,73356.568,True,80.89352393084549,101.5097922892455,20.6162683584
lamf-test-28862540-93f6-42de-8ec4-72cbed9815ad,"{<resource_manager.instance.OnPremInstance object at 0x13a5cb620>: [(6, 37470.72, 41961.792), (1, 41961.792, None), (5, 52373.4, None)]}",315.0001679546882,148399.94035316215,37470.72,20980.400315536004,3,75.16623317362537,37470.72,56081.243117149854,True,90.66103688934385,114.83686492323973,24.175828033895883
lamf-test-5c2155b4-aa4a-428b-9192-860339f49ef5,"{<resource_manager.instance.OnPremInstance object at 0x13a5cb620>: [(2, 37980.72, 41961.792), (1, 41961.792, None), (4, 71716.08, None)]}",326.1375748222798,148767.54507808102,37980.72,20992.835503453003,3,57.36775724389687,37980.72,76685.522,True,95.16106471975051,120.53687791495051,25.37581319519999
lamf-test-8d46ff55-9a1d-4004-b52e-0bb94df560fe,"{<resource_manager.instance.CloudReservedInstance object at 0x13a5cbe00>: [(2, 38040.72, None)], <resource_manager.instance.CloudOnDemandInstance object at 0x13a5ee3f0>: [(1, 38040.72, 61666.08)], <resource_manager.instance.CloudReservedInstance object at 0x13a7cc3b0>: [(1, 119386.08, None)]}",314.6188735020299,148669.685990877,38040.72,20993.835503453003,1,365.4902060993232,38040.72,130759.88114964934,True,439.3029952673266,617.7668934802169,178.4638982128903
lamf-test-b036c054-ee21-47f6-aca9-95247c096cfe,"{<resource_manager.instance.OnPremInstance object at 0x13a5cb620>: [(6, 38340.72, None)]}",40.69689972228568,35239.392711287015,38340.72,21002.015396018003,3,,38340.72,38356.119999999995,False,0.14054300707272807,,
lamf-test-12047e13-b691-4e4d-bcc8-16e2900e16aa,"{<resource_manager.instance.CloudOnDemandInstance object at 0x13a7c5310>: [(3, 38370.72, None)]}",306.19560311302496,148412.51102078118,38370.72,21009.302260343004,1,158.32522016883414,38771.256,148427.9110207812,False,309.69017170651034,,
lamf-test-e050ad2a-f776-4985-ad86-c1f9e8bbb5cd,"{<resource_manager.instance.OnPremInstance object at 0x13a5cb620>: [(3, 38801.256, 40791.792), (2, 40791.792, None), (2, 54203.4, None), (1, 58205.544, None), (1, 65386.08, None)]}",326.0139069441622,148503.89907916755,38801.256,21012.867629990003,3,128.84033766826374,38801.256,69367.905,True,165.1791467031713,209.2261020711713,44.04695536799999
lamf-test-5a75690c-b8ed-48d0-b610-f947c287d86c,"{<resource_manager.instance.OnPremInstance object at 0x13a5cb620>: [(5, 38891.256, None)]}",56.45454017440447,35166.932949400376,38891.256,21014.890293215005,3,,38891.256,38906.655999999995,False,0.11711917256060674,,
lamf-test-62ab7363-ee6e-4e41-9bd6-da86db171176,"{<resource_manager.instance.OnPremInstance object at 0x13a5cb620>: [(6, 38951.256, 41931.792), (1, 41931.792, None), (1, 44931.792, None)]}",317.6880653321237,148893.07961186045,38951.256,21020.375595044006,3,31.76396075747205,38951.256,71921.24999999999,True,113.86741501254842,144.2314957517484,30.364080739199984
lamf-test-e000b273-6e93-45bd-85e3-de8e007da692,"{<resource_manager.instance.OnPremInstance object at 0x13a5cb620>: [(3, 39131.256, None), (1, 53243.4, None), (2, 64156.08, None)]}",284.69120725614476,149497.48460007028,39131.256,21566.693402960005,3,149.1324845995893,39131.256,69350.8762342997,True,178.1974741893653,225.71591915635705,47.51844496699176
lamf-test-62c9483c-2445-4359-99d9-4d8c66a14529,"{<resource_manager.instance.OnPremInstance object at 0x13a5cb620>: [(3, 39251.256, 43731.792), (2, 43731.792, None)]}",345.02192360533996,149295.029021746,39251.256,21569.730749702005,2,14.453232491835603,39251.256,50684.163,True,33.35304281352978,44.444722373529785,11.09167956
lamf-test-1f9296c3-4641-4962-ac2a-3bdd3909621e,"{<resource_manager.instance.OnPremInstance object at 0x13a5cb620>: [(2, 39281.256, None)]}",333.675220822951,149406.0706254196,39281.256,21573.438263011503,2,,39281.256,47722.909,True,22.9483784023552,29.7962473159552,6.847868913599998
lamf-test-9673f22e-b964-4aa7-bb78-d1e21e110802,"{<resource_manager.instance.OnPremInstance object at 0x13a5cb620>: [(3, 39371.256, None)]}",52.254300807909324,35741.54941944816,39371.256,21586.919575415002,1,,39371.256,39386.655999999995,False,0.12297513118863707,,
lamf-test-5f1a507d-a26f-433c-85e6-51ac89f0d432,"{<resource_manager.instance.OnPremInstance object at 0x13a5cb620>: [(4, 39431.256, None)]}",64.02975273459877,35865.19388293163,39431.256,21589.419502334003,3,,39431.256,39446.655999999995,False,0.09369533804848537,,
lamf-test-b2a69e4a-f75e-4751-ad43-b2adf397fd45,"{<resource_manager.instance.OnPremInstance object at 0x13a5cb620>: [(5, 39491.256, 39981.792), (2, 39981.792, None), (1, 42381.792, None)]}",99.34731245959347,52872.42489950168,39491.256,21593.528550812003,1,23.602002281542322,39491.256,44511.096000000005,True,36.902240474560834,42.434864589760835,5.532624115200004
lamf-test-396956b2-43cb-496d-8f0c-0ee7a61c67dd,"{<resource_manager.instance.CloudOnDemandInstance object at 0x13a7c5310>: [(1, 39521.256, None)], <resource_manager.instance.CloudOnDemandInstance object at 0x13a5ee3f0>: [(1, 39521.256, None)]}",82.48316532935924,52814.21574139662,39521.256,21594.528550812003,1,42.44455030800822,39921.792,52829.615741396614,False,51.95546936839503,,
lamf-test-2b83bd20-9a87-454f-8bc9-f6503da1f9d0,"{<resource_manager.instance.OnPremInstance object at 0x13a5cb620>: [(3, 39951.792, None), (1, 49112.328, None)]}",93.14423892083788,52694.461321929055,39951.792,21599.571778973503,2,29.549892369535645,39951.792,49915.74999999999,True,33.771729135633954,46.22174119323394,12.450012057599988
lamf-test-33fae0e0-9739-4c13-8834-0589e7587a07,"{<resource_manager.instance.OnPremInstance object at 0x13a5cb620>: [(2, 39981.792, None), (4, 44751.792, None)]}",87.86109604520695,52828.365371491585,39981.792,21604.883651040003,2,12.967100753754545,39981.792,45401.14399999999,True,17.097389193720296,22.547076220920275,5.44968702719998
lamf-test-e5f8465a-4435-4b7a-801a-354ef982dcda,"{<resource_manager.instance.OnPremInstance object at 0x13a5cb620>: [(3, 40011.792, 49112.328), (1, 49112.328, None), (2, 60046.08, None)]}",304.6031866584939,149963.0893301376,40011.792,22166.640617475005,1,103.43791193246636,40011.792,71964.068,True,201.32693041295914,231.33700022735914,30.010069814399998
lamf-test-fd51a7dd-bca8-4714-a851-595e00860b67,"{<resource_manager.instance.OnPremInstance object at 0x13a5cb620>: [(3, 40401.792, None), (2, 45981.792, None)]}",86.19568247701017,53447.093433770984,40401.792,22172.934862566006,3,25.46201232032854,40401.792,47257.545999999995,True,35.16430146779217,44.54127457979216,9.376973111999988
lamf-test-56707fec-34cd-4c0e-a454-d4551f611032,"{<resource_manager.instance.OnPremInstance object at 0x13a5cb620>: [(4, 40431.792, None)]}",312.7950515260771,150004.72049638056,40431.792,22187.115899955006,3,33.219256217202826,40431.792,50677.34999999999,True,62.335131188683484,78.95752448788346,16.622393299199985
lamf-test-f14e2551-1aeb-4008-9226-cf172ac76d45,"{<resource_manager.instance.OnPremInstance object at 0x13a5cb620>: [(2, 40461.792, None)]}",113.07976716267329,53385.48102182294,40461.792,22192.951757193005,2,11.825343454681818,40461.792,48294.436,True,21.29280585247191,27.64664666527191,6.3538408128
lamf-test-3bd57c11-f664-4998-9d53-96c6dc4f87c4,"{<resource_manager.instance.OnPremInstance object at 0x13a5cb620>: [(4, 40581.792, 45561.792), (2, 45561.792, None), (3, 61936.08, None)]}",326.99178124993756,150221.94107215205,40581.792,22213.064270736006,1,257.50965457449234,40581.792,73817.97444248578,True,300.09946534926587,345.558321704227,45.458856354961156
lamf-test-43098e09-15cf-41fe-b455-41529b19decc,"{<resource_manager.instance.CloudReservedInstance object at 0x13a7cc3b0>: [(1, 40911.792, None)], <resource_manager.instance.CloudReservedInstance object at 0x13a5cbe00>: [(1, 40911.792, None)], <resource_manager.instance.CloudOnDemandInstance object at 0x13a5ee3f0>: [(2, 40911.792, None)]}",67.69762432994189,36277.00483050533,40911.792,22221.687411381004,1,,40911.792,40927.191999999995,False,0.15654929398934433,,
lamf-test-79b31340-0554-44ef-87de-f4504dbdfc60,"{<resource_manager.instance.CloudReservedInstance object at 0x13a7cc3b0>: [(1, 41061.792, None)], <resource_manager.instance.CloudReservedInstance object at 0x13a5cbe00>: [(1, 41061.792, None)], <resource_manager.instance.CloudOnDemandInstance object at 0x13a5ee3f0>: [(3, 41061.792, None)], <resource_manager.instance.CloudOnDemandInstance object at 0x13a5cbb60>: [(1, 41061.792, None)]}",304.54338810954675,150219.10700555216,41061.792,22768.826685195003,1,385.8769244809491,41061.792,85870.94420382689,True,658.8411863568735,998.9336897534788,340.09250339660525
lamf-test-e846f77b-9785-4a57-980e-5e6be4c30da6,"{<resource_manager.instance.OnPremInstance object at 0x13a5cb620>: [(3, 41301.792, None), (2, 54923.4, None)]}",318.0816768556553,150666.27187814633,41301.792,22779.299731674004,3,150.8528770248688,41301.792,69048.23826549148,True,169.5779379838123,214.797882600629,45.21994461681673
lamf-test-1bfc2de0-7e2f-450e-9736-96acfe81a2a7,"{<resource_manager.instance.OnPremInstance object at 0x13a5cb620>: [(5, 41421.792, 41931.792), (2, 41931.792, None), (1, 46251.792, None)]}",88.34113338193856,54055.1663257021,41421.792,22783.109845359002,1,30.036504677161766,41421.792,49731.648,True,58.61848414328085,67.39143692408085,8.772952780799999
lamf-test-ff8adf42-1018-4980-bdfd-c498e4f1b637,"{<resource_manager.instance.OnPremInstance object at 0x13a5cb620>: [(2, 41661.792, None)]}",50.99968955238831,36882.52694547952,41661.792,22787.594720766003,1,,41661.792,41677.191999999995,False,0.08315461251803077,,
lamf-test-9655ffad-b7de-4846-8625-1393b7fdfd45,"{<resource_manager.instance.OnPremInstance object at 0x13a5cb620>: [(3, 41931.792, 44931.792), (2, 44931.792, 49902.864), (1, 49902.864, None), (3, 66286.08, None)]}",323.69507710357215,150463.91326362645,41931.792,22788.635054742004,1,96.89901163586585,41931.792,71752.832,True,155.93610829720885,179.13333275800883,23.197224460799994
lamf-test-d1831f12-882c-4e14-bb62-b9776ced5649,"{<resource_manager.instance.OnPremInstance object at 0x13a5cb620>: [(3, 41961.792, None)]}",62.263052342770514,36919.14707382388,41961.792,22789.635054742004,3,,41961.792,41977.191999999995,False,0.07027150353636404,,
lamf-test-9c4c82a6-08d5-47bd-9589-83ce8af6f468,"{<resource_manager.instance.OnPremInstance object at 0x13a5cb620>: [(6, 41991.792, None)]}",291.9040113839834,150500.7161571387,41991.792,22793.887943989004,3,45.448323066392874,41991.792,50176.171,True,74.6920282911248,94.6095330255248,19.917504734400005
lamf-test-0d7701be-3ce7-49c1-9391-e93bc28aface,"{<resource_manager.instance.OnPremInstance object at 0x13a5cb620>: [(2, 42021.792, None)]}",74.93798997685712,36978.90299614271,42021.792,22801.467837211003,3,,42021.792,42037.191999999995,False,0.046847669024242686,,
lamf-test-df81467a-4b45-4bf0-9c71-c38863eca94a,"{<resource_manager.instance.OnPremInstance object at 0x13a5cb620>: [(3, 42051.792, None)]}",90.94794091988545,54002.29385472717,42051.792,22802.467837211003,2,13.935378348646191,42051.792,47069.332,True,16.18549034246903,22.290833014469033,6.105342672000002
lamf-test-a691c5b1-12d1-40f2-af64-e72afc904125,"{<resource_manager.instance.OnPremInstance object at 0x13a5cb620>: [(5, 42141.792, None)]}",99.92248787916859,53955.94493894557,42141.792,22803.467837211003,3,,42141.792,46107.042,True,30.15628564909879,38.19781264909879,8.041526999999999
lamf-test-08f07093-2907-4ba0-a255-32c22f0fcc78,"{<resource_manager.instance.CloudReservedInstance object at 0x13a7c5450>: [(3, 42321.792, None)]}",298.09142219625704,150497.3691905425,42321.792,22806.139136633505,3,,42321.792,63145.18945720312,True,47.50946259914013,68.4494710821036,20.940008482963464
lamf-test-2809816c-7bfc-46e3-bb73-0ce9925ea853,"{<resource_manager.instance.CloudReservedInstance object at 0x13a7c51d0>: [(2, 42351.792, None)]}",50.90207279429441,36970.921991504445,42351.792,22807.139136633505,1,,42351.792,42367.191999999995,False,0.030060587623889058,,
lamf-test-327a626d-9865-47f8-8ba0-52996ec1940c,"{<resource_manager.instance.OnPremInstance object at 0x13a5cb620>: [(4, 42411.792, None)]}",74.39841740073138,36947.89975874651,42411.792,22808.588477985504,1,,42411.792,42427.191999999995,False,0.16279564985924336,,
lamf-test-44149545-c52b-4763-ae20-c3268c37dc6f,"{<resource_manager.instance.OnPremInstance object at 0x13a5cb620>: [(6, 43401.792, None)]}",109.24225266973586,53889.42047760502,43401.792,22813.362529245005,2,19.707635372096583,43401.792,49036.331999999995,True,24.351635923134417,38.0638524671344,13.712216543999986
lamf-test-457a1c73-20e1-45f7-a144-19901295fb3b,"{<resource_manager.instance.CloudReservedInstance object at 0x13a7c51d0>: [(2, 43431.792, None)], <resource_manager.instance.CloudOnDemandInstance object at 0x13a7c5310>: [(2, 43431.792, None)]}",49.05334152829353,36982.979812360936,43431.792,22821.142452570504,1,,43431.792,43447.191999999995,False,0.060121175247778116,,
lamf-test-dd9abd19-48be-42ba-b1bc-fa915a5dcef1,"{<resource_manager.instance.CloudReservedInstance object at 0x13a7c51d0>: [(2, 43521.792, None)], <resource_manager.instance.CloudOnDemandInstance object at 0x13a7c5310>: [(2, 43521.792, 69616.08)]}",320.9475259671587,150499.49739215724,43521.792,22822.846815489505,2,89.23901824308133,43521.792,69628.7046299282,False,89.26060552648363,,
lamf-test-6f2e770b-ffa0-4b22-be2e-700e1acc453c,"{<resource_manager.instance.OnPremInstance object at 0x13a5cb620>: [(6, 43941.792, None)]}",314.03861715723247,150330.2875771329,43941.792,22823.846815489505,3,36.68720054757015,43941.792,49525.58354057982,True,50.958626881860084,64.54734197501513,13.588715093155049
lamf-test-32172143-1bae-4833-a5f0-e53bac6ac6d4,"{<resource_manager.instance.CloudReservedInstance object at 0x13a7c51d0>: [(3, 44181.792, None)], <resource_manager.instance.CloudOnDemandInstance object at 0x13a5ee780>: [(3, 44181.792, None)]}",101.07515126388836,54008.63643028734,44181.792,22825.229506984506,1,103.6906484143281,44181.792,54024.036430287335,False,106.28935349462327,,
lamf-test-3b06725f-04eb-4610-a2d8-34a69a9c127f,"{<resource_manager.instance.OnPremInstance object at 0x13a5cb620>: [(5, 44241.792, None), (1, 48261.792, None)]}",123.85755114021583,54582.54079158008,44241.792,23371.111497775506,3,30.57266712297513,44241.792,50008.955397065474,True,46.51757606265547,58.92203290575401,12.404456843098533
lamf-test-73802176-7b43-45cb-be2f-758b39305344,"{<resource_manager.instance.OnPremInstance object at 0x13a5cb620>: [(4, 44541.792, None)]}",57.80879755607951,37530.986563446386,44541.792,23373.717091075505,3,,44541.792,44557.191999999995,False,0.09369533804848537,,
lamf-test-bfb0cddb-1544-48a4-b06e-9eadc91468fd,"{<resource_manager.instance.OnPremInstance object at 0x13a5cb620>: [(6, 45441.792, None)]}",95.51732021748852,54662.93843145924,45441.792,23383.355155300505,2,9.724162190179234,45441.792,48948.03262863496,True,15.153445578063256,23.68623277190929,8.532787193846033
lamf-test-3e227187-9182-4a9b-bf09-75d5b5a39b59,"{<resource_manager.instance.OnPremInstance object at 0x13a5cb620>: [(2, 45561.792, None), (2, 58726.08, None)]}",320.9833484047092,151172.97845624902,45561.792,23384.630616397506,2,65.14619224066898,45561.792,73253.13399999999,True,114.76943282891145,149.01699566411145,34.247562835199986
lamf-test-0fdcad07-bf2d-4d92-8354-0c4ee7d909cf,"{<resource_manager.instance.OnPremInstance object at 0x13a5cb620>: [(6, 45861.792, None)]}",57.46774388158159,37483.273858933324,45861.792,23387.234297788506,1,,45861.792,45877.191999999995,False,0.24243668720045594,,
lamf-test-f86b8860-b2ed-456c-9f30-6f6a9139ebf4,"{<resource_manager.instance.OnPremInstance object at 0x13a5cb620>: [(5, 45921.792, 50393.4), (2, 50393.4, None), (1, 63796.08, None), (3, 65806.08, None)]}",305.1378797801942,151476.5029328483,45921.792,23390.634326290507,3,129.12525667351127,45921.792,72945.71399999999,True,149.10822724161525,188.86968358401523,39.76145634239998
lamf-test-a37f5b70-4c4f-44b3-a817-99539c326610,"{<resource_manager.instance.OnPremInstance object at 0x13a5cb620>: [(4, 46161.792, None)]}",57.694188998700625,37478.9113733581,46161.792,23392.210672213507,3,,46161.792,46177.191999999995,False,0.09369533804848537,,
lamf-test-a0961e5f-36f8-49a0-be25-041d077e1525,"{<resource_manager.instance.OnPremInstance object at 0x13a5cb620>: [(2, 46221.792, None)]}",302.7913218356865,151148.67083628176,46221.792,23408.217440371507,2,12.155931125219048,46221.792,60548.443999999996,True,38.946570219702096,50.56835032210209,11.621780102399995
lamf-test-e9e3c180-3644-4ec5-bd7f-fb857cf9758f,"{<resource_manager.instance.OnPremInstance object at 0x13a5cb620>: [(5, 46521.792, None)]}",277.1468078662494,151161.7911190095,46521.792,23410.388127556507,1,,46521.792,51001.772999999994,True,58.94263540953675,68.02803687753674,9.085401467999985
lamf-test-9329565e-0cc9-410e-9937-6b7537e158ae,"{<resource_manager.instance.OnPremInstance object at 0x13a5cb620>: [(6, 47781.792, 52253.4), (2, 52253.4, None)]}",289.93639360238836,151027.37439277017,47781.792,23413.15420020151,1,70.39492402464066,47781.792,61185.534999999996,True,118.6253282378888,136.7531813786888,18.127853140799996
lamf-test-f542227f-df52-4f0c-ae96-9700636101a5,"{<resource_manager.instance.OnPremInstance object at 0x13a5cb620>: [(6, 48501.792, None)]}",98.85116440229747,54595.28125796879,48501.792,23414.792004817507,3,33.96402464065708,48501.792,53806.13,True,48.40828656171568,61.316923518515665,12.908636956799992
lamf-test-9aa73522-f6c8-49a8-a56a-28cd17720766,"{<resource_manager.instance.CloudReservedInstance object at 0x13a7c51d0>: [(1, 48621.792, None)], <resource_manager.instance.CloudReservedInstance object at 0x13a5ee2c0>: [(2, 48621.792, None)], <resource_manager.instance.CloudReservedInstance object at 0x13a5cbe00>: [(2, 48621.792, None)], <resource_manager.instance.CloudReservedInstance object at 0x13a5ee520>: [(1, 48621.792, None)]}",99.02000673984057,54654.75075435561,48621.792,23417.00919373351,1,46.64819347478896,48621.792,54418.47389502185,True,67.743310102291,91.5908594184109,23.847549316119895
lamf-test-20435df7-63e4-419e-8d22-d33076e8dcf2,"{<resource_manager.instance.OnPremInstance object at 0x13a5cb620>: [(2, 48651.792, None), (1, 56834.472, None)]}",307.8323914198774,151149.2080775699,48651.792,23421.02298685351,2,22.2443681332772,48651.792,64289.471,True,57.63702215267901,73.34605495187901,15.709032799199996
lamf-test-79eb9a19-2e44-423f-814a-791df0f7734e,"{<resource_manager.instance.CloudOnDemandInstance object at 0x13a5ee780>: [(2, 48681.792, None)]}",110.61449386789155,55071.47298409714,48681.792,23975.93418547051,3,10.13493953912845,49082.328,55086.872984097135,False,19.484617793283544,,
lamf-test-7f97cbae-fe7b-4dba-87f8-0ca2882583a5,"{<resource_manager.instance.OnPremInstance object at 0x13a5cb620>: [(4, 49112.328, None), (2, 50723.4, None)]}",101.33638951109616,55094.15010898276,49112.328,23980.41302456551,2,27.621141849900233,49112.328,55109.55010898275,False,33.76646615228654,,
lamf-test-6c201a0a-e193-4746-b7c6-ff82b4d5eeef,"{<resource_manager.instance.OnPremInstance object at 0x13a5cb620>: [(6, 49142.328, 53633.4), (1, 53633.4, None), (4, 61096.08, None)]}",319.4947582934635,151826.83834195932,49142.328,23981.925056752512,2,80.82876147132764,49142.328,71366.96822124289,True,92.8000257999166,127.58572293979717,34.785697139880575
lamf-test-4b6bc7a8-825f-4ed7-a11d-b9402493f256,"{<resource_manager.instance.OnPremInstance object at 0x13a5cb620>: [(2, 49172.328, None)]}",315.0940754980354,151661.04800657567,49172.328,23983.41649471651,2,17.620055342209955,49172.328,66255.234,True,46.43936336874591,60.2970167159459,13.857653347199996
lamf-test-0c64519c-480b-40a3-83cb-e32930215173,"{<resource_manager.instance.CloudOnDemandInstance object at 0x13a7c5810>: [(4, 49202.328, None)], <resource_manager.instance.CloudReservedInstance object at 0x13a7cc3b0>: [(1, 122806.08, None)]}",305.2027703895845,151645.33568650612,49202.328,23984.41649471651,3,340.676103125713,49602.864,151660.73568650614,False,355.57300336073985,,
lamf-test-545db71e-0ac4-4fd9-bae7-0ae698ee188a,"{<resource_manager.instance.OnPremInstance object at 0x13a5cb620>: [(5, 49632.864, 53603.4), (2, 53603.4, None)]}",303.0498265026395,151818.26229287017,49632.864,23985.929384837513,2,15.88928401481991,49632.864,58079.517,True,28.057472720185427,39.740745838585426,11.683273118399999
lamf-test-4f1fe545-8677-4a84-8abf-5cf06961f85c,"{<resource_manager.instance.OnPremInstance object at 0x13a5cb620>: [(6, 49902.864, 51893.4), (2, 51893.4, None), (4, 60826.08, None)]}",310.3840944895742,151557.2401683457,49902.864,23989.161122309513,2,32.88601819055687,49902.864,63814.515999999996,True,51.894356756354185,71.25737303155418,19.36301627519999
lamf-test-6e9b564f-bd08-4a74-adb5-0f54b0e3a954,"{<resource_manager.instance.OnPremInstance object at 0x13a5cb620>: [(2, 49932.864, None)]}",95.10170299612852,55174.85738647882,49932.864,23993.896316381513,2,11.690877066488166,49932.864,55190.257386478814,False,14.292064935973494,,
lamf-test-cf5ee26c-33df-418f-9253-bf22cfb1db3e,"{<resource_manager.instance.CloudOnDemandInstance object at 0x13a5ee3f0>: [(1, 49962.864, None)], <resource_manager.instance.CloudOnDemandInstance object at 0x13a5cbb60>: [(2, 49962.864, None)]}",86.78911405093122,55084.51926878501,49962.864,23997.982115183513,3,,50363.4,55099.919268785,False,18.231747347831263,,
lamf-test-20bd965c-e3af-463e-ad6b-f7ce4b078baa,"{<resource_manager.instance.OnPremInstance object at 0x13a5cb620>: [(5, 50393.4, None)]}",49.20241958092055,38200.07360368791,50393.4,24004.621967915515,2,,50393.4,50408.799999999996,False,0.06162769304399561,,
lamf-test-d80357f1-4d3d-475b-a1da-53fbb3ddaa84,"{<resource_manager.instance.OnPremInstance object at 0x13a5cb620>: [(6, 50423.4, None)]}",308.2995677163823,151818.2722110929,50423.4,24016.092885677514,1,,50423.4,66031.55923429971,True,245.71366351053615,283.69767982312794,37.98401631259178
lamf-test-0b008ed2-19e2-4099-a5b7-5ad49013ab38,"{<resource_manager.instance.OnPremInstance object at 0x13a5cb620>: [(6, 50453.4, None)]}",98.70843455961634,55291.117669409985,50453.4,24017.092885677514,3,32.03285420944558,50453.4,55113.484,True,42.52871549167232,53.86949591407231,11.34078042239999
lamf-test-e31740c1-403e-4c71-8a7f-0330adf6a272,"{<resource_manager.instance.OnPremInstance object at 0x13a5cb620>: [(5, 50483.4, None)]}",51.6673689623557,38098.31705779396,50483.4,24019.408566093512,1,,50483.4,50498.799999999996,False,0.20261616852984965,,
lamf-test-ff97215d-d288-4a40-9a08-b29190e7eee1,"{<resource_manager.instance.OnPremInstance object at 0x13a5cb620>: [(4, 50543.4, None)]}",50.90199713640601,38079.83285521243,50543.4,24027.568381131514,1,,50543.4,50558.799999999996,False,0.16279564985924336,,
lamf-test-0b722e5a-870b-4bb2-acf4-7c5f987aee07,"{<resource_manager.instance.OnPremInstance object at 0x13a5cb620>: [(4, 50723.4, None)]}",60.84882595404457,38165.33915601895,50723.4,24028.568381131514,3,,50723.4,50738.799999999996,False,0.09369533804848537,,
lamf-test-86bee4c0-8211-4364-b2b2-315ff254f448,"{<resource_manager.instance.OnPremInstance object at 0x13a5cb620>: [(4, 50843.4, None)]}",60.879551145103115,38723.66771112213,50843.4,24571.434412738512,1,,50843.4,50858.799999999996,False,0.16279564985924336,,
lamf-test-1fb51fa6-4d43-412b-9a86-c51ec772c644,"{<resource_manager.instance.OnPremInstance object at 0x13a5cb620>: [(5, 50903.4, None)]}",79.83864331738259,38966.106762468335,50903.4,24572.434412738512,3,,50903.4,50918.799999999996,False,0.11711917256060674,,
lamf-test-ea68f53d-4ebe-4fb8-83dd-aa5b6c6a2310,"{<resource_manager.instance.OnPremInstance object at 0x13a5cb620>: [(4, 50963.4, None), (1, 52703.4, None), (1, 55653.936, None)]}",110.2774483129196,55811.74744567037,50963.4,24573.434412738512,3,33.025598904859685,50963.4,55827.147445670365,False,34.60635588108933,,
lamf-test-ed127e72-be6f-436a-8fe9-27a8ad06a858,"{<resource_manager.instance.OnPremInstance object at 0x13a5cb620>: [(6, 51023.4, 59986.08), (1, 59986.08, None), (1, 70126.08, None)]}",328.19458272409565,152490.17877219082,51023.4,24574.434412738512,3,97.21816107688798,51023.4,74602.123,True,110.83453646665147,140.38986459625147,29.555328129600007
lamf-test-6250b41b-6866-44ee-9930-467c8f1f7d45,"{<resource_manager.instance.OnPremInstance object at 0x13a5cb620>: [(6, 51083.4, None)]}",92.1601820634213,55795.34398917775,51083.4,24575.434412738512,3,24.09308692676249,51083.4,54730.524,True,33.28427104722789,42.15991201362788,8.875640966399992
lamf-test-4c84a4d8-5052-4c6f-afd2-7c5df767217c,"{<resource_manager.instance.OnPremInstance object at 0x13a5cb620>: [(6, 51983.4, None)]}",71.28909006291121,38675.33741920889,51983.4,24577.80744679451,1,,51983.4,51998.799999999996,False,0.24243668720045594,,
lamf-test-e1378e61-db93-479c-b4b7-359d51f2c742,"{<resource_manager.instance.OnPremInstance object at 0x13a5cb620>: [(6, 52043.4, None)]}",52.48076757861521,38841.79079088346,52043.4,24579.464718386513,1,,52043.4,52058.799999999996,False,0.24243668720045594,,
lamf-test-56573715-8535-4ef6-86b5-dcb681b21f75,"{<resource_manager.instance.OnPremInstance object at 0x13a5cb620>: [(2, 52103.4, None), (2, 63736.08, None), (2, 65746.08, None)]}",309.32301155717374,152606.3338174294,52103.4,24582.66410909351,2,95.39838936672265,52103.4,73917.87711714987,True,109.19568727426591,141.78002675456182,32.58433948029591
lamf-test-a8f2c75b-6fbc-476d-891d-92f88bfed8de,"{<resource_manager.instance.OnPremInstance object at 0x13a5cb620>: [(6, 52253.4, None)]}",60.82789615796186,38826.38294251398,52253.4,24583.66410909351,2,,52253.4,52268.799999999996,False,0.06655648787942382,,
lamf-test-7c4919b0-6563-4e4b-a109-6e7eddf9dab2,"{<resource_manager.instance.OnPremInstance object at 0x13a5cb620>: [(4, 52343.4, 63496.08), (2, 63496.08, None), (2, 72436.08, None), (1, 77836.08, None)]}",284.9077105670405,152318.37514608214,52343.4,24584.77154753751,3,127.90435774583618,52343.4,81320.36899999999,True,154.40286713818531,195.5762012621853,41.17333412399998
lamf-test-2b8a61cc-a82b-4153-b888-886b130ebdcb,"{<resource_manager.instance.OnPremInstance object at 0x13a5cb620>: [(6, 53123.4, 61066.08), (1, 61066.08, None), (4, 66046.08, None)]}",288.0380279745152,152610.97099549885,53123.4,24585.77154753751,1,139.05200091261693,53123.4,68043.17,True,165.78314700737695,191.18243957537695,25.399292567999996
lamf-test-ecb2683b-9e41-48ec-91a2-6a6d38c45b39,"{<resource_manager.instance.OnPremInstance object at 0x13a5cb620>: [(2, 53603.4, None), (3, 66736.08, None), (1, 70216.08, None)]}",329.9077900544537,152547.95832070982,53603.4,24589.39634341351,3,105.84129591603924,53603.4,79688.537,True,152.86349075975352,193.6263321309535,40.76284137119999
lamf-test-69f3610c-edfc-431a-ac62-c6c3e7603585,"{<resource_manager.instance.OnPremInstance object at 0x13a5cb620>: [(5, 53633.4, None)]}",101.55343618416583,55817.595122381106,53633.4,24591.70470985951,1,,53633.4,55832.9951223811,False,28.9398400009073,,
lamf-test-db07f320-f70e-4581-b141-d95e0791351c,"{<resource_manager.instance.OnPremInstance object at 0x13a5cb620>: [(4, 53843.4, None)]}",67.5503798079176,38641.81021433914,53843.4,24592.70470985951,2,,53843.4,53858.799999999996,False,0.05608928259914327,,
lamf-test-f73d4880-234f-4ef4-b427-8c893deb0ab7,"{<resource_manager.instance.OnPremInstance object at 0x13a5cb620>: [(5, 53903.4, 56894.472), (1, 56894.472, None), (1, 60886.08, None)]}",289.55899307824876,152152.0371075583,53903.4,24599.59963563251,2,20.068784806047816,53903.4,74272.769,True,74.39294456292626,92.93711690052626,18.544172337599996
lamf-test-870691de-e40a-44a6-b524-758dc9ee2699,"{<resource_manager.instance.CloudReservedInstance object at 0x13a7c51d0>: [(3, 54083.4, None)], <resource_manager.instance.CloudOnDemandInstance object at 0x13a5ee780>: [(3, 54083.4, None)]}",318.593861795503,152108.69193331388,54083.4,24600.59963563251,3,226.64950946840062,54083.4,97136.84217773918,True,261.942001233488,602.0211409954497,340.07913976196176
lamf-test-787e33de-2c34-4cf0-bd9d-1f6b1a5da962,"{<resource_manager.instance.OnPremInstance object at 0x13a5cb620>: [(3, 54113.4, None), (2, 55073.4, None)]}",98.72547788684845,55999.93454037499,54113.4,24605.83018422651,1,7.665982203969884,54113.4,56015.334540374984,False,20.273821515400183,,
lamf-test-95b7467a-1a49-4273-9a59-d080cf448191,"{<resource_manager.instance.CloudReservedInstance object at 0x13a7c51d0>: [(1, 54443.4, None)], <resource_manager.instance.CloudReservedInstance object at 0x13a5ee2c0>: [(2, 54443.4, None)], <resource_manager.instance.CloudReservedInstance object at 0x13a5cbe00>: [(2, 54443.4, None)], <resource_manager.instance.CloudReservedInstance object at 0x13a5ee520>: [(1, 54443.4, 65626.08)]}",303.1008089718593,152297.81668122363,54443.4,24607.12940879451,1,286.5248429538368,54443.4,109236.26056316729,True,574.0081092562193,751.7861763658856,177.7780671096663
lamf-test-4b6ef0de-0d6b-4c17-a583-0b04e2222603,"{<resource_manager.instance.OnPremInstance object at 0x13a5cb620>: [(6, 54803.4, None)]}",304.5800255914627,152567.5041357085,54803.4,24610.03703718951,2,,54803.4,66719.216,True,51.49836773881456,80.49669755641456,28.9983298176
lamf-test-dfcd1cfc-af92-4194-9a51-c980d70402e7,"{<resource_manager.instance.CloudOnDemandInstance object at 0x13a5ee780>: [(2, 55223.4, None)], <resource_manager.instance.CloudOnDemandInstance object at 0x13a5ee3f0>: [(1, 55223.4, None)], <resource_manager.instance.CloudOnDemandInstance object at 0x13a5cbb60>: [(2, 55223.4, None)]}",104.89919658381315,55767.97440141284,55223.4,24622.860820209513,2,,55623.936,55783.37440141283,False,3.941350527767723,,
lamf-test-3caf5282-95cc-4847-bdc6-12864fd51ff6,"{<resource_manager.instance.OnPremInstance object at 0x13a5cb620>: [(2, 55653.936, None)]}",88.21646259362132,55599.02026746046,55653.936,24627.164396010514,1,,55653.936,55669.335999999996,False,0.08315461251803077,,
lamf-test-76f31f64-e074-4b6a-9579-e22c37b55e69,"{<resource_manager.instance.OnPremInstance object at 0x13a5cb620>: [(5, 55683.936, None)]}",57.885218243385175,38873.48969375077,55683.936,24628.164396010514,3,,55683.936,55699.335999999996,False,0.11711917256060674,,
lamf-test-9e038649-678e-4ec1-8038-665a8a0ccdab,"{<resource_manager.instance.OnPremInstance object at 0x13a5cb620>: [(6, 55713.936, 60376.08), (1, 60376.08, None), (4, 64846.08, None)]}",305.1144082584737,152371.57876591952,55713.936,24634.356167431513,1,208.44579876796718,55713.936,76698.85099999998,True,244.62251912692955,281.81876435332947,37.19624522639995
lamf-test-816ecb3f-0729-4858-99cd-1237c929b94a,"{<resource_manager.instance.OnPremInstance object at 0x13a5cb620>: [(6, 55743.936, 59716.08), (1, 59716.08, None)]}",325.447174391888,152834.73018136097,55743.936,25203.181692892515,1,62.53204106776181,55743.936,67657.052,True,84.87715963191116,97.76462751351116,12.8874678816
lamf-test-9dd25f94-b2d8-4857-adb4-87c377066854,"{<resource_manager.instance.OnPremInstance object at 0x13a5cb620>: [(3, 55773.936, 59266.08), (2, 59266.08, None), (3, 72676.08, None)]}",304.2337725718405,153844.56759335322,55773.936,25782.438957343515,2,47.719574821970326,55773.936,74177.46900000001,True,56.64420906496936,74.81645877616938,18.17224971120002
lamf-test-5d4708b4-be70-4e57-95c0-9df21e198378,"{<resource_manager.instance.CloudOnDemandInstance object at 0x13a5ee780>: [(2, 55803.936, None)], <resource_manager.instance.CloudOnDemandInstance object at 0x13a5ee3f0>: [(1, 55803.936, None)], <resource_manager.instance.CloudOnDemandInstance object at 0x13a5cbb60>: [(2, 55803.936, None)]}",119.73047030526563,57001.477249168165,55803.936,25789.547229478514,1,,56204.472,57016.87724916816,False,14.421107964100337,,
lamf-test-fe21cf99-74f2-4c6e-92c0-836166b37c9b,"{<resource_manager.instance.OnPremInstance object at 0x13a5cb620>: [(3, 56234.472, 58726.08), (2, 58726.08, None), (1, 69166.08, None)]}",306.6266107573227,153617.5680993292,56234.472,25808.507201728513,3,43.128487337440106,56234.472,73650.287,True,63.590303445128875,80.54740313712887,16.957099691999993
lamf-test-af303474-9c6d-4cd6-af46-9ee1b2d1d0c4,"{<resource_manager.instance.OnPremInstance object at 0x13a5cb620>: [(6, 56264.472, None)]}",83.47238892971743,57001.320110777844,56264.472,25814.38046487401,3,,56264.472,57016.72011077784,False,6.865143607372453,,
lamf-test-48887eaf-7764-41b1-8a24-eb297e7a4537,"{<resource_manager.instance.OnPremInstance object at 0x13a5cb620>: [(6, 56294.472, None)]}",92.60848910013964,57522.98704847547,56294.472,26382.73895272651,1,20.00159342915811,56294.472,57641.918,False,21.212360027378452,,
lamf-test-70da499d-f492-45a5-857f-ba98849424d5,"{<resource_manager.instance.OnPremInstance object at 0x13a5cb620>: [(4, 56324.472, None)]}",105.64492540905647,57478.78812166513,56324.472,26384.67110760101,3,,56324.472,57494.18812166512,False,7.116684898715473,,
lamf-test-41153241-bf67-4ba2-bd57-821911347a85,"{<resource_manager.instance.OnPremInstance object at 0x13a5cb620>: [(3, 56894.472, None)]}",99.23133172494114,57533.8209579723,56894.472,26385.73991015251,3,,56894.472,57549.22095797229,False,2.98767491659726,,
lamf-test-6557112d-0dd1-4a4f-956a-4810ab29fb87,"{<resource_manager.instance.OnPremInstance object at 0x13a5cb620>: [(5, 57074.472, 58726.08), (1, 58726.08, None), (1, 73606.08, None), (2, 77596.08, None), (1, 81076.08, None)]}",284.1643475390076,153677.80929519338,57074.472,26390.248150351512,3,102.49911019849418,57074.472,88414.39730974006,True,124.31306798798431,157.46260451613716,33.14953652815284
lamf-test-9c88980c-fc13-42ba-ae80-9214e850b23c,"{<resource_manager.instance.CloudOnDemandInstance object at 0x13a5ee780>: [(2, 57134.472, None)], <resource_manager.instance.CloudOnDemandInstance object at 0x13a5ee3f0>: [(1, 57134.472, None)]}",56.88278421553064,40441.48562172218,57134.472,26391.873685741513,2,,57535.008,57550.407999999996,False,1.9746587413645145,,
lamf-test-599db447-ffc5-4f67-bbdb-15246291d10d,"{<resource_manager.instance.OnPremInstance object at 0x13a5cb620>: [(4, 57565.008, None)]}",58.09494942769889,40296.67565423784,57565.008,26394.592878037514,3,,57565.008,57580.407999999996,False,0.09369533804848537,,
lamf-test-67a1a99a-4314-4946-83c9-ed2acd2c23fe,"{<resource_manager.instance.OnPremInstance object at 0x13a5cb620>: [(2, 57595.008, None)]}",104.56386159081104,57605.7267209593,57595.008,26395.592878037514,2,,57595.008,57621.12672095929,False,0.0710029530897931,,
lamf-test-1bd3ea85-4b86-41d6-88ae-4d09629a5e9f,"{<resource_manager.instance.OnPremInstance object at 0x13a5cb620>: [(5, 57625.008, None)]}",91.30297666017438,57561.70593331226,57625.008,26419.987603376514,2,,57625.008,57640.407999999996,False,0.06162769304399561,,
lamf-test-04e82c6f-21eb-4e35-8244-b06d0737db1d,"{<resource_manager.instance.CloudOnDemandInstance object at 0x13a5ee780>: [(2, 57685.008, None)], <resource_manager.instance.CloudOnDemandInstance object at 0x13a5ee3f0>: [(1, 57685.008, None)], <resource_manager.instance.CloudOnDemandInstance object at 0x13a5cbb60>: [(2, 57685.008, None)]}",95.5159501731966,57862.40588903589,57685.008,26429.160521081514,2,,58085.544,58100.943999999996,False,2.927543775182314,,
lamf-test-227b9038-f251-4152-94eb-43a9fb1d09b6,"{<resource_manager.instance.OnPremInstance object at 0x13a5cb620>: [(5, 58115.544, None)]}",66.25196628808428,41217.13790486545,58115.544,26988.505952429514,2,,58115.544,58130.943999999996,False,0.06162769304399561,,
lamf-test-b20c0974-09ea-4c80-b141-7811b8b20475,"{<resource_manager.instance.OnPremInstance object at 0x13a5cb620>: [(2, 58145.544, None)]}",96.38631983638818,58097.881523571195,58145.544,27001.931961734514,1,,58145.544,58160.943999999996,False,0.08315461251803077,,
lamf-test-ab19fe1e-973b-44c8-a2b5-9c88f8dd630c,"{<resource_manager.instance.OnPremInstance object at 0x13a5cb620>: [(5, 58175.544, 60676.08), (1, 60676.08, None), (3, 66646.08, None), (1, 71626.08, None)]}",310.22675767562004,154823.70180141905,58175.544,27008.589676160515,3,58.39634953228382,58175.544,74120.73199999999,True,77.36852992623004,97.99975519023002,20.631225263999976
lamf-test-38119ffa-10d5-4f96-9e4f-d7aa2d684f4c,"{<resource_manager.instance.OnPremInstance object at 0x13a5cb620>: [(5, 58205.544, 62686.08), (2, 62686.08, None), (3, 74116.08, None)]}",315.0920376046709,154865.2777990747,58205.544,27009.589676160515,2,49.0023104754582,58205.544,76611.77699999999,True,63.837361822144295,87.25717834614426,23.41981652399997
lamf-test-0edb2b7d-ea79-4551-a1d6-40e8f4f75204,"{<resource_manager.instance.OnPremInstance object at 0x13a5cb620>: [(2, 58235.544, None)]}",49.09599477194767,41014.91576599874,58235.544,27022.504824342515,3,,58235.544,58250.943999999996,False,0.046847669024242686,,
lamf-test-fb5bb86a-097c-4cce-b52f-faf7de14091c,"{<resource_manager.instance.OnPremInstance object at 0x13a5cb620>: [(5, 58265.544, 60256.08), (2, 60256.08, None)]}",310.7135837098068,154825.92551455574,58265.544,27029.123783661515,2,21.503702883879818,58265.544,72382.196,True,40.93020312916647,54.80371543636647,13.873512307199995
lamf-test-ffa00229-4854-4a3b-9050-ac62a552280b,"{<resource_manager.instance.CloudOnDemandInstance object at 0x13a5ee780>: [(2, 58295.544, 83086.08), (1, 83086.08, None)]}",328.09484391630104,157247.71708570092,58295.544,29406.094665654513,3,75.4142094455852,58696.08,83095.69149844181,False,75.42882880590433,,
lamf-test-404b381d-5a0f-4cbc-ae4f-02ebbbeb7a4d,"{<resource_manager.instance.OnPremInstance object at 0x13a5cb620>: [(6, 58726.08, None)]}",54.32250531179826,50248.817431481104,58726.08,36035.723985300516,1,,58726.08,58741.479999999996,False,0.24243668720045594,,
