,instances,budget,deadline,sched_start_time,submit_time,software_id,current_license_cost,exec_start_time,finish_time,complete,license_cost,cost,hardware_cost
lamf-test-ce4837ee-c9b5-4728-816b-793fbe63012e,"{<resource_manager.instance.OnPremInstance object at 0x12b823e00>: [(5, 30, 390), (2, 390, None), (6, 3840, None), (7, 4650, None), (10, 5280, None)]}",64.81020493737797,14109.368596154949,30,1.0,1,65.35706137348848,30,5760.1461313637155,True,96.8336729207942,111.69228269282227,14.858609772028075
lamf-test-fdbe52b3-5ac4-4817-bbd7-3ee39ada2008,"{<resource_manager.instance.OnPremInstance object at 0x12b823e00>: [(3, 60, 3540), (1, 3540, None)]}",309.54978900857253,127520.6415636611,60,35.40389458,1,27.78918548939083,60,69322.742,True,212.89538778614343,243.81133194134344,30.9159441552
lamf-test-312a25ed-966e-4a84-89af-21712bfc7175,"{<resource_manager.instance.OnPremInstance object at 0x12b823e00>: [(4, 1230, 5700), (1, 5700, None)]}",330.5774711754339,128581.5353913478,1230,1223.580329305,1,47.25302304357746,1230,22061.878,True,93.29374750931629,107.18225322611629,13.888505716800001
lamf-test-6d60a076-8aec-42f5-ae5c-3923b3793c72,"{<resource_manager.instance.OnPremInstance object at 0x12b823e00>: [(5, 1260, 6720), (2, 6720, None)]}",295.26855467250385,128850.81626999419,1260,1231.1475340210002,1,71.83664156970111,1260,26786.858999999997,True,180.1906600501939,207.5417760709939,27.3511160208
lamf-test-f42e0220-9054-4dba-814a-9d6b93e25e15,"{<resource_manager.instance.OnPremInstance object at 0x12b823e00>: [(2, 6600, None)]}",293.5168981771201,134384.39663820522,6600,6597.552847546,3,,6600,33034.367999999995,True,80.41483915126624,101.85839847286623,21.443559321599995
lamf-test-c2212f64-c788-46d9-9572-57170e08d2ac,"{<resource_manager.instance.OnPremInstance object at 0x12b823e00>: [(4, 6630, None), (6, 7890, None)]}",57.825321252479114,20769.073192725045,6630,6606.329922352,3,7.665982203969882,6630,8183.834999999999,True,12.135295459730763,15.37131421973076,3.2360187599999963
lamf-test-c947c209-c0e1-414b-aa78-1430406df6ae,"{<resource_manager.instance.OnPremInstance object at 0x12b823e00>: [(2, 6660, None), (7, 9750, None)]}",91.00759406898061,37684.561077495644,6660,6639.744578242,3,9.399954369153546,6660,12507.051999999998,True,47.14193931097419,59.71288993177418,12.57095062079999
lamf-test-1b5247ff-56d3-4066-aafc-ee4137f1169c,"{<resource_manager.instance.OnPremInstance object at 0x12b823e00>: [(3, 6690, 7650), (2, 7650, None)]}",98.97570184637311,37998.86370603376,6690,6642.050212813,3,4.380561259411362,6690,23351.699999999993,True,52.14601870864702,66.05136574864702,13.905347039999993
lamf-test-0aa73555-99c3-40be-a09f-6bf3df006265,"{<resource_manager.instance.OnPremInstance object at 0x12b823e00>: [(6, 6720, None)]}",310.4901833144852,134464.04685440398,6720,6612.628799422,3,,6720,22605.188000000002,True,144.97091489847136,183.62910841527136,38.658193516800004
lamf-test-761a035c-9b31-431d-b128-35fe1a248496,"{<resource_manager.instance.OnPremInstance object at 0x12b823e00>: [(4, 6750, None)]}",281.9460745575701,134583.0190656886,6750,6621.744634495,1,,6750,33334.424999999996,True,281.0278405201916,324.1584116401916,43.13057111999999
lamf-test-a35e3102-219f-4336-95ce-4d87e6b5e69c,"{<resource_manager.instance.OnPremInstance object at 0x12b823e00>: [(6, 7230, 8520), (1, 8520, None)]}",88.24903114605627,38413.38599208273,7230,7204.963216534,3,11.772758384668034,7230,20693.818000000003,True,30.289479047836338,38.366523628636344,8.077044580800003
lamf-test-8d2ae00d-f906-47ac-81a5-138a54772bef,"{<resource_manager.instance.OnPremInstance object at 0x12b823e00>: [(2, 7260, None)]}",310.3508838593914,135053.08472980346,7260,7244.548795642,3,6.114533424595026,7260,37168.530999999995,True,90.98343904479425,115.24523939199425,24.261800347199994
lamf-test-b41bc5e6-51fb-4710-b8ea-caebbe600cb8,"{<resource_manager.instance.OnPremInstance object at 0x12b823e00>: [(6, 7290, 9300), (2, 9300, None)]}",308.5846884800438,135353.14367693113,7290,7252.9299208,2,8.686918223226783,7290,14773.935,True,23.567644987273614,32.899637059273616,9.331992072
lamf-test-cbef53e7-aa65-412f-b9a4-02aefd0bda1b,"{<resource_manager.instance.OnPremInstance object at 0x12b823e00>: [(2, 7830, None)]}",89.7921856815224,39057.60175763727,7830,7808.872729852001,1,,7830,19860.115999999998,True,64.95841782645067,74.71724792565067,9.758830099199999
lamf-test-1faee22d-4d95-436a-a021-6148365dd51b,"{<resource_manager.instance.OnPremInstance object at 0x12b823e00>: [(2, 7860, None)]}",300.8642397517245,135263.1061603451,7860,7847.6698034440005,3,,7860,42497.921,True,105.37051030496615,133.46879182016613,28.0982815152
lamf-test-decf70b3-3bab-4cf4-b55a-9508b27560e7,"{<resource_manager.instance.OnPremInstance object at 0x12b823e00>: [(3, 7890, None)]}",317.6420201174764,135409.23187944666,7890,7840.167723055,2,,7890,31641.023000000005,True,76.61562307231429,105.5158678587143,28.90024478640001
lamf-test-585c2356-1279-476b-b41a-cbdb8ebd0ee3,"{<resource_manager.instance.OnPremInstance object at 0x12b823e00>: [(4, 7920, None)]}",290.6639501784463,135424.24339825893,7920,7850.357669878001,2,,7920,21436.760999999995,True,49.23022256846524,71.15981561486522,21.92959304639999
lamf-test-8a5bf643-d5be-430a-ac2f-d8a1f25fa6d3,"{<resource_manager.instance.OnPremInstance object at 0x12b823e00>: [(3, 7950, 9960), (1, 9960, None)]}",322.3613792231315,135511.68003318534,7950,7804.521169375001,2,6.483821870550658,7950,39914.176,True,67.26193669825952,81.85711848385952,14.595181785600001
lamf-test-17be3ad6-6cd4-4c64-93c6-3fc4d170d157,"{<resource_manager.instance.OnPremInstance object at 0x12b823e00>: [(2, 8430, None)]}",64.77903730143166,22376.24529416235,8430,8401.873274747,2,4.648583289081818,8430,18109.527000000002,True,26.313501437670336,34.16553374007034,7.852032302400001
lamf-test-3e8d9edc-8d07-4ff0-a6aa-1b9473f39dae,"{<resource_manager.instance.OnPremInstance object at 0x12b823e00>: [(5, 8460, 9390), (1, 9390, None), (7, 10110, None)]}",46.55013787044631,22611.11559869538,8460,8424.237739015998,1,14.261921058635638,8460,12000.964887384675,True,54.24125322784543,62.55512809443122,8.313874866585792
lamf-test-7b6d3b7a-f2bc-4206-bf5c-c8e1aaff27be,"{<resource_manager.instance.OnPremInstance object at 0x12b823e00>: [(3, 8490, None)]}",57.77199384513077,22629.526597721462,8490,8452.684389016997,2,,8490,10206.369000000002,True,5.536632268723969,7.6251100679239725,2.088477799200003
lamf-test-8daeea4f-cbbf-4fb6-b9f3-5857c1ab865e,"{<resource_manager.instance.OnPremInstance object at 0x12b823e00>: [(4, 8520, 9120), (2, 9120, None)]}",56.56222725445129,22655.189725047418,8520,8434.800622663997,1,6.342687656856034,8520,12892.168,True,26.71107521484523,30.744497896445232,4.033422681599999
lamf-test-ee649544-0852-4484-9313-a2ec39aaf5e5,"{<resource_manager.instance.OnPremInstance object at 0x12b823e00>: [(4, 8550, None)]}",94.51083597672981,39449.50243778389,8550,8419.149856648999,1,,8550,14426.974000000002,True,62.126350749106415,71.66115336670642,9.534802617600002
lamf-test-17aa2292-304e-4763-ab73-533f31d66f3d,"{<resource_manager.instance.OnPremInstance object at 0x12b823e00>: [(5, 8580, 9870), (2, 9870, None)]}",100.9864715008785,39570.60576469549,8580,8400.873274747,2,5.162319741998986,8580,14516.408,True,17.793439381213062,24.178725550813063,6.3852861696
lamf-test-410c24b3-e037-404b-8fa3-3b9be7b4adaa,"{<resource_manager.instance.OnPremInstance object at 0x12b823e00>: [(5, 8610, 10050), (1, 10050, None)]}",105.56808496111117,39573.42026712028,8610,8416.763441996,3,10.951403148528405,8610,11643.282,True,13.374830025096964,16.941385204296964,3.5665551791999994
lamf-test-665b3cd3-6953-4941-a220-b425974f248a,"{<resource_manager.instance.OnPremInstance object at 0x12b823e00>: [(3, 8640, None)]}",295.24467469152273,136023.93102715828,8640,8449.995078628997,3,,8640,23469.561,True,67.66854209445586,85.71315191925586,18.044609824800002
lamf-test-dbfc6e86-f385-4c1b-a2d1-36902c12232e,"{<resource_manager.instance.OnPremInstance object at 0x12b823e00>: [(2, 8670, None)]}",332.81097832014945,136218.20964087604,8670,8418.106048679,3,,8670,54920.428,True,140.69641189444062,178.2147590880406,37.5183471936
lamf-test-e86f1528-c4b7-428d-9220-137c2eee5f81,"{<resource_manager.instance.OnPremInstance object at 0x12b823e00>: [(5, 9000, None)]}",291.443531643958,136935.23492423404,9000,8996.206431526996,2,69.34546510506188,9000,32102.549221242898,True,92.45174103513605,139.30371085581663,46.851969820680594
lamf-test-905b51bb-7f4b-480b-babc-216c95cb3e5c,"{<resource_manager.instance.OnPremInstance object at 0x12b823e00>: [(4, 9030, None)]}",76.07511246679637,23136.391727221147,9030,8999.480344390997,3,7.848505589778689,9030,11608.969000000001,True,15.690738459198423,19.874857764798424,4.184119305600001
lamf-test-794e981d-7b48-479b-88a9-08c76168b3f4,"{<resource_manager.instance.OnPremInstance object at 0x12b823e00>: [(2, 9060, None)]}",55.43753343799916,23190.510002173876,9060,9012.769985546996,3,,9060,13278.055,True,12.831561335462773,16.253247551462774,3.4216862160000003
lamf-test-d89dd74a-ca32-43e3-9fdb-057b16e15c3a,"{<resource_manager.instance.OnPremInstance object at 0x12b823e00>: [(2, 9090, None)]}",52.589033620058174,23227.661073106006,9090,9019.756438541996,1,6.317590691307323,9090,15514.002,True,34.68736344969199,39.898513872091996,5.2111504224
lamf-test-9d73df9e-a4e9-43ed-b3cd-731892da568c,"{<resource_manager.instance.OnPremInstance object at 0x12b823e00>: [(6, 9120, None)]}",116.24356079750007,40142.91744671183,9120,9027.066667892996,3,,9120,12139.289365149953,True,27.5545458831846,34.90228848221352,7.347742599028925
lamf-test-d53de693-fd3a-47ec-b96e-28dcf292d471,"{<resource_manager.instance.OnPremInstance object at 0x12b823e00>: [(4, 9150, None)]}",82.04480128359563,40163.29660811621,9150,9000.480344390997,2,,9150,17814.185999999998,True,31.556362145826252,45.613137512226245,14.056775366399997
lamf-test-700b88cb-1fe1-443f-85f3-4e83586778d7,"{<resource_manager.instance.OnPremInstance object at 0x12b823e00>: [(2, 9180, None)]}",323.88597973304996,136312.1010637617,9180,9034.338444806996,1,,9180,40838.967,True,170.94734633812456,196.62910036852455,25.681754030399997
lamf-test-cacf2328-5a7f-4177-ad3a-d6767db7f233,"{<resource_manager.instance.OnPremInstance object at 0x12b823e00>: [(5, 9210, None)]}",299.34289693362723,136963.94841807053,9210,9039.457957970995,2,,9210,23271.842999999997,True,56.272658703713354,84.79007630771335,28.51741760399999
lamf-test-d608e81f-e921-488f-9511-ac29f6be8717,"{<resource_manager.instance.OnPremInstance object at 0x12b823e00>: [(4, 9240, None)]}",290.8535591080783,137042.0080463485,9240,9007.862505140996,3,,9240,18176.862,True,54.372877024868814,68.87204193366881,14.499164908800001
lamf-test-76901c5b-cc70-4a21-8b6a-aa4aa3dedd24,"{<resource_manager.instance.OnPremInstance object at 0x12b823e00>: [(2, 9600, None)]}",295.82083300729096,136899.62015652965,9600,9595.860968261995,2,,9600,19247.071,True,26.225270783149604,34.050974778349605,7.8257039952
lamf-test-50c28631-c9b3-47d9-9e36-b5f64438ea4d,"{<resource_manager.instance.OnPremInstance object at 0x12b823e00>: [(6, 9630, None)]}",57.792712238435485,23500.17345194833,9630,9609.432727590996,3,,9630,13220.606327692522,True,32.76848120184824,41.50658076092076,8.738099559072522
lamf-test-6718dd63-82fd-49d3-b154-c2385c7724e4,"{<resource_manager.instance.OnPremInstance object at 0x12b823e00>: [(4, 9660, None)]}",53.92864783453742,23749.574146162297,9660,9646.815004400996,1,,9660,13873.329000000002,True,44.539716404289315,51.37542137388932,6.835704969600003
lamf-test-f035cec5-13b9-4feb-9d16-93fce26c2cc2,"{<resource_manager.instance.OnPremInstance object at 0x12b823e00>: [(3, 9690, None)]}",59.50673849065216,23828.31370907079,9690,9621.304376801996,2,,9690,17191.554,True,24.19837805388894,33.32626896108894,9.127890907200001
lamf-test-01aed4d0-4ac3-4934-b29d-300b9eb1cf38,"{<resource_manager.instance.OnPremInstance object at 0x12b823e00>: [(6, 9720, None)]}",48.38806555130056,23983.895607627066,9720,9620.304376801996,3,,9720,10652.804,True,8.51292721879991,10.78299903319991,2.2700718144000005
lamf-test-0ae28a41-e363-4bde-bdce-50f826df3b42,"{<resource_manager.instance.OnPremInstance object at 0x12b823e00>: [(4, 9750, None)]}",87.69850691765791,40881.36199469323,9750,9603.569602263997,3,,9750,17657.442,True,48.1097695642254,60.9388034650254,12.829033900799999
lamf-test-f6a7b87b-3fe2-4927-871e-a0cac1bfa236,"{<resource_manager.instance.OnPremInstance object at 0x12b823e00>: [(3, 9780, None)]}",80.84812600328213,40925.414563467755,9780,9619.304376801996,3,,9780,18109.7,True,38.00912616929044,48.14470512929044,10.135578960000002
lamf-test-561c40aa-4fd2-4142-aa20-b41c53e185e4,"{<resource_manager.instance.OnPremInstance object at 0x12b823e00>: [(2, 9810, None)]}",92.22367706149063,40933.96687113412,9810,9656.711677187996,2,,9810,18304.778,True,23.0927971083391,29.983761021939095,6.8909639135999985
lamf-test-7dc86417-03bf-4f7d-b2cc-4f303d7c708b,"{<resource_manager.instance.OnPremInstance object at 0x12b823e00>: [(4, 9840, None)]}",122.20824587768153,40969.28311260042,9840,9630.625241042997,2,,9840,14649.762,True,17.51792857485211,25.321286443652113,7.803357868800001
lamf-test-6ea3ccb6-5ec7-474a-bd76-4c0b7e74a8fd,"{<resource_manager.instance.OnPremInstance object at 0x12b823e00>: [(4, 9870, None)]}",318.43627200467716,137111.07579681216,9870,9615.333631452997,3,,9870,19517.071,True,58.693868735265035,74.34527672566503,15.6514079904
lamf-test-6e11c3c3-b9bf-4aa2-897f-6c03a891a9cd,"{<resource_manager.instance.OnPremInstance object at 0x12b823e00>: [(5, 9900, None)]}",323.10613238146993,137272.86476973144,9900,9638.271010586997,3,,9900,23858.387221242898,True,106.15550400215147,134.46311328683208,28.307609284680595
lamf-test-c5a6ffed-1196-4516-a2cc-67f21c8eb5f5,"{<resource_manager.instance.CloudReservedInstance object at 0x12b9c8830>: [(2, 9930, None)]}",321.906162634098,137340.33110370082,9930,9640.980192842997,2,,9930,25785.84273428588,True,43.10362898766708,77.74547419353487,34.64184520586779
lamf-test-93fc33e5-0604-48d1-8efe-1dfc9145e379,"{<resource_manager.instance.CloudReservedInstance object at 0x12b9c8830>: [(4, 9960, None)], <resource_manager.instance.CloudReservedInstance object at 0x12b9c51d0>: [(1, 9960, None)]}",318.63019504491797,137367.740039633,9960,9652.508996390996,1,,9960,33070.65273022569,True,279.45804122791725,388.18904019308303,108.7309989651658
lamf-test-9da27dae-e6dc-4f47-b706-a6e8a3713464,"{<resource_manager.instance.CloudReservedInstance object at 0x12b9c51d0>: [(5, 9990, None)], <resource_manager.instance.CloudReservedInstance object at 0x12b9c4f50>: [(1, 9990, None)]}",296.9549680882063,137373.00285217972,9990,9608.351630910996,3,,9990,32885.65273022569,True,98.67064578138684,146.2752869380721,47.60464115668525
lamf-test-c0570041-d32e-4e8b-8d2d-a250dfe399fc,"{<resource_manager.instance.CloudReservedInstance object at 0x12b9c4f50>: [(5, 10020, 23088.576), (1, 23088.576, None)]}",309.1917473885502,137429.39655381307,10020,9597.416742794996,1,59.301723933378966,10020,137444.7965538131,False,183.95803452262436,,
lamf-test-ca7252f0-85f2-4005-896c-fb17b2f26952,"{<resource_manager.instance.OnPremInstance object at 0x12b823e00>: [(6, 10050, None)]}",304.02222934164064,137599.22371510274,10050,9602.569602263997,1,,10050,25837.425,True,248.53578028747432,286.9560577674743,38.42027748
lamf-test-d81c27cf-4838-43c5-ac8d-f0f7d5a86a71,"{<resource_manager.instance.CloudReservedInstance object at 0x12b86e3f0>: [(4, 10200, 35972.328), (1, 35972.328, None)]}",313.16578296695053,137909.40130378568,10200,10198.300671938996,3,156.80175222450376,10200,137924.8013037857,False,311.87434071607834,,
lamf-test-0ee3ab93-6383-46f5-aeca-265dafdbd84c,"{<resource_manager.instance.CloudReservedInstance object at 0x12b86e3f0>: [(2, 10230, None)], <resource_manager.instance.CloudReservedInstance object at 0x12b9d06e0>: [(3, 10230, None)]}",39.66592451958817,24333.566935155235,10230,10204.662272673995,3,,10230,12953.73302963808,True,16.57149915362738,25.670946459042277,9.0994473054149
lamf-test-aa879c60-c521-40a2-972a-cf0714098824,"{<resource_manager.instance.CloudReservedInstance object at 0x12b9d06e0>: [(2, 10260, None)]}",56.99333448866139,24443.18109150791,10260,10225.806913772994,2,,10260,17732.69876785323,True,17.119515545940125,27.91607072573447,10.796555179794348
lamf-test-29b14cf4-c2e0-462e-a5b2-16a34ab23f1f,"{<resource_manager.instance.CloudReservedInstance object at 0x12b9d06e0>: [(1, 10290, None)], <resource_manager.instance.CloudReservedInstance object at 0x12b86e650>: [(1, 10290, None)]}",89.42960233211319,41284.07257407796,10290,10203.662272673995,3,,10290,27067.43599396761,True,29.77211244398136,60.21980328583378,30.447690841852417
lamf-test-92b10550-cff6-47f7-a077-4b4db1587046,"{<resource_manager.instance.CloudOnDemandInstance object at 0x12b86e8b0>: [(4, 10320, None)]}",81.64667311738593,41334.393513991694,10320,10202.258907683996,2,,10720.536,29292.29932599072,True,69.1001726267163,238.31790477509273,169.21773214837643
lamf-test-107c896d-ee0f-4ca2-89f1-19c67b8002a2,"{<resource_manager.instance.OnPremInstance object at 0x12b823e00>: [(2, 10750.536, None)]}",98.1671155759394,41443.697183995224,10750.536,10216.067902247994,3,,10750.536,13671.762000000002,True,8.88653433721196,11.256232868411963,2.369698531200002
lamf-test-0ab21652-7e84-40ef-afc1-d04cb7c18425,"{<resource_manager.instance.CloudOnDemandInstance object at 0x12b86e8b0>: [(2, 10780.536, None)]}",99.9394489602227,41483.7342204125,10780.536,10215.067902247994,3,,11181.072,20176.99893517913,True,28.58457049259755,70.4890365983224,41.90446610572485
lamf-test-48feb4fc-2742-45dc-808f-e652fe900563,"{<resource_manager.instance.CloudOnDemandInstance object at 0x12b86e8b0>: [(3, 11211.072, None)]}",41.254966979320166,24789.448436564842,11211.072,10824.516883342993,1,,11611.608,21133.526698693884,True,79.23475118737987,145.61001964882274,66.37526846144287
lamf-test-a5bf6748-f8d5-4a59-badc-d9816f45493a,"{<resource_manager.instance.OnPremInstance object at 0x12b823e00>: [(2, 11641.608, None)]}",54.40376906069801,24971.649667529557,11641.608,10815.260061432993,2,,11641.608,20626.157,True,24.424224761015648,31.712490909815646,7.288266148799999
lamf-test-d4b58a16-b6c8-4064-88b0-a3ec8e4212ba,"{<resource_manager.instance.OnPremInstance object at 0x12b823e00>: [(2, 11671.608, None)]}",56.907858453854786,25230.543714603926,11671.608,10856.094428467992,2,,11671.608,15775.95,True,11.157529610454182,14.486971840854181,3.3294422304
lamf-test-7a641bba-d417-49ff-88d9-3fe54ccc21c1,"{<resource_manager.instance.CloudOnDemandInstance object at 0x12b86e8b0>: [(3, 11701.608, None)], <resource_manager.instance.CloudOnDemandInstance object at 0x12b9c5590>: [(2, 11701.608, None)]}",72.4727596207448,25590.613452647747,11701.608,11433.667518370992,1,,12102.144,19266.642998995296,True,81.69708493857571,143.20838451540646,61.51129957683075
lamf-test-04f3f31f-b20f-4cb7-a3dd-c0c2f380b4cc,"{<resource_manager.instance.OnPremInstance object at 0x12b823e00>: [(4, 12132.144, None)]}",63.69847192731158,26142.571206632554,12132.144,12043.776191410992,3,,12132.144,17485.577,True,32.570890562019926,41.25630026121993,8.685409699200001
lamf-test-9bb4d80d-2aee-48e9-ac53-5a922312b6c8,"{<resource_manager.instance.OnPremInstance object at 0x12b823e00>: [(6, 12162.144, None)]}",62.348183689222225,26250.695630111222,12162.144,12054.061261221994,2,,12162.144,17690.765000000003,True,23.893869907569304,37.34832197316931,13.454452065600007
lamf-test-15ce12ce-cdd4-4322-97b9-e92908eec275,"{<resource_manager.instance.OnPremInstance object at 0x12b823e00>: [(4, 12192.144, None)]}",62.79223748275714,26289.268642724575,12192.144,12019.251371552995,2,,12192.144,17424.164,True,19.055860282109123,27.544289530109126,8.488429248000001
lamf-test-c89d3402-a23f-46ae-8720-cd373edbf82e,"{<resource_manager.instance.CloudOnDemandInstance object at 0x12b9c5590>: [(3, 12222.144, None)]}",59.063695813800784,26290.33718831054,12222.144,12061.452804862995,3,,12622.68,26305.73718831054,False,32.13231391355359,,
lamf-test-d4113937-9912-4267-ad39-f41249bcbcef,"{<resource_manager.instance.OnPremInstance object at 0x12b823e00>: [(2, 12652.68, None)]}",44.164232744169574,26367.784772638573,12652.68,12046.147067213993,3,,12652.68,21400.351,True,26.6109088143585,33.707019529558494,7.096110715199998
lamf-test-87f7683b-4f57-45f2-93ec-cd6117faec52,"{<resource_manager.instance.OnPremInstance object at 0x12b823e00>: [(2, 12682.68, None)]}",62.86965238334432,26674.2244497833,12682.68,12610.749786397995,1,,12682.68,15089.027000000002,True,12.99343197201309,14.94546065841309,1.9520286864000012
lamf-test-067d037c-dcca-41c3-b8b9-a8b36009d0a4,"{<resource_manager.instance.OnPremInstance object at 0x12b823e00>: [(4, 12712.68, None)]}",61.80548621708826,26914.384391572265,12712.68,12625.269862603995,2,,12712.68,18849.678000000004,True,22.35193604756541,32.308601602765414,9.956665555200004
lamf-test-c8383b87-eaaf-4727-8a38-364a265a9c1b,"{<resource_manager.instance.OnPremInstance object at 0x12b823e00>: [(2, 12742.68, None)]}",87.74670802746411,41820.32813109729,12742.68,10805.181976164993,2,,12742.68,27248.71,True,39.43420388825703,51.20149542425703,11.767291535999998
lamf-test-bbc839c8-f836-4f9a-a8e0-6cb8342496f2,"{<resource_manager.instance.CloudOnDemandInstance object at 0x12b9c5590>: [(3, 12772.68, None)]}",114.4912360012796,42079.55799363137,12772.68,10852.009814356992,3,,13173.216,42094.95799363137,False,66.90001823780827,,
lamf-test-a4d8ead1-b39f-46fe-9cfa-58d32f343ff0,"{<resource_manager.instance.CloudReservedInstance object at 0x12b86e3f0>: [(2, 13203.216, None)], <resource_manager.instance.CloudReservedInstance object at 0x12b9d06e0>: [(2, 13203.216, None)]}",84.41713409588449,42643.881210999156,13203.216,11445.988652080994,1,,13203.216,31308.144307494058,True,164.3107038325569,211.71664811289935,47.40594428034244
lamf-test-5f552717-b86e-4e0e-9794-6b12cd0fea27,"{<resource_manager.instance.OnPremInstance object at 0x12b823e00>: [(2, 13233.216, None)]}",43.981392744961866,27448.026811254473,13233.216,13211.044994800994,2,,13233.216,22225.465,True,24.445156978165315,31.739669366965316,7.294512388799999
lamf-test-a7986f20-c88c-442a-a9bb-9d4e408bd120,"{<resource_manager.instance.OnPremInstance object at 0x12b823e00>: [(4, 13263.216, None)]}",50.00049139574834,27357.918549526832,13263.216,13252.727305490991,1,,13263.216,15896.989000000001,True,27.841999163434494,32.1150324786345,4.273033315200002
lamf-test-60d40a4b-09c7-4a73-b379-b1d85406ff0e,"{<resource_manager.instance.CloudReservedInstance object at 0x12b9d06e0>: [(1, 13293.216, None)], <resource_manager.instance.CloudOnDemandInstance object at 0x12b9c5590>: [(3, 13293.216, None)], <resource_manager.instance.CloudReservedInstance object at 0x12b9c4f50>: [(1, 25308.576, None)]}",57.165191884420324,27523.658983485493,13293.216,13225.474360528993,3,39.59735341090577,13293.216,27539.058983485495,False,48.078922288712036,,
lamf-test-05c2e1a5-42c3-4e97-863b-94fa07e33793,"{<resource_manager.instance.OnPremInstance object at 0x12b823e00>: [(4, 13323.216, None)]}",91.04820322006628,42696.443440045776,13323.216,11422.991457796992,2,,13323.216,24216.552000000003,True,39.67528580205533,57.34863412845533,17.673348326400003
lamf-test-6fdb4590-cea7-4d20-bffa-249d0757fa2a,"{<resource_manager.instance.CloudOnDemandInstance object at 0x12b9c5590>: [(1, 13353.216, None)], <resource_manager.instance.CloudOnDemandInstance object at 0x12b9c5090>: [(5, 13353.216, None)]}",88.08906902383775,43070.08895064765,13353.216,12022.742420603994,1,81.15930336907749,13753.752,43085.48895064765,False,180.14077712385702,,
lamf-test-724d0d5f-301b-4490-8457-7773ef64d695,"{<resource_manager.instance.CloudOnDemandInstance object at 0x12b9c5090>: [(5, 13783.752, None)], <resource_manager.instance.CloudOnDemandInstance object at 0x12b9d0440>: [(1, 27588.576, None)]}",109.55462846539683,43128.48652279136,13783.752,12017.251371552995,2,34.74888666147376,14184.288,38686.13348813987,True,81.65925330725044,211.69339178230717,130.03413847505672
lamf-test-d56ac58c-44ed-4cac-88e0-685510119191,"{<resource_manager.instance.OnPremInstance object at 0x12b823e00>: [(2, 14214.288, None)]}",70.70390367140996,27925.71917030384,14214.288,13863.720752575993,2,,14214.288,22316.959,True,22.0268660862736,28.5997528014736,6.572886715199998
lamf-test-78749043-3668-43d0-99ce-4ee040f7f664,"{<resource_manager.instance.OnPremInstance object at 0x12b823e00>: [(2, 14244.288, None)]}",57.07835905715178,27942.265921765913,14244.288,13822.368633611992,2,,14244.288,17219.2,True,8.087208309759632,10.500456924159632,2.4132486144
lamf-test-093fc8c1-409b-4af5-91bd-f1586aa318b7,"{<resource_manager.instance.CloudOnDemandInstance object at 0x12b9c5090>: [(2, 14274.288, None)], <resource_manager.instance.CloudOnDemandInstance object at 0x12b86e520>: [(4, 14274.288, None)]}",48.98947611555658,28019.125782508163,14274.288,13864.720752575993,1,,14674.824,27805.935946222795,True,169.45861752310847,267.11083745886094,97.6522199357525
lamf-test-412a625e-1641-430d-83ff-ad06d8ff7ded,"{<resource_manager.instance.OnPremInstance object at 0x12b823e00>: [(5, 14704.824, None)]}",48.58977843534464,28147.409888836264,14704.824,13865.720752575993,1,,14704.824,16762.332000000002,True,27.07041478439427,31.243041008394272,4.172626224000003
lamf-test-225e7631-1dba-46ce-9a30-f911bc78acd8,"{<resource_manager.instance.OnPremInstance object at 0x12b823e00>: [(5, 14734.824, None)]}",48.6051907309817,28230.515381705387,14734.824,13832.123711936993,1,,14734.824,17632.58367464292,True,38.12551705173207,44.002173671907904,5.876656620175839
lamf-test-915cb3ce-20ce-43ae-8b31-7f523a6333eb,"{<resource_manager.instance.OnPremInstance object at 0x12b823e00>: [(2, 14764.824, None)]}",71.69092063889612,28467.13163946246,14764.824,14429.784324635993,3,,14764.824,22612.243,True,23.872291429006,30.238117721806,6.365826292799999
lamf-test-cf4eee4f-df46-4434-9c29-6bf0f44daf4d,"{<resource_manager.instance.CloudOnDemandInstance object at 0x12b86e520>: [(6, 14794.824, None)]}",53.667029478259835,28550.004559663306,14794.824,14450.022380062992,2,52.6995654021433,15195.36,28565.404559663308,False,59.514381695597834,,
lamf-test-8f4c62d4-1881-4ae7-91f8-3b9d5e4e648b,"{<resource_manager.instance.CloudOnDemandInstance object at 0x12b86e520>: [(2, 15225.36, None)], <resource_manager.instance.CloudOnDemandInstance object at 0x12b9d0440>: [(4, 15225.36, None)]}",53.33256697567134,28554.531417054706,15225.36,14426.476319980993,2,36.0737270848485,15625.896,28569.931417054708,False,77.23618529478514,,
lamf-test-b31f9afe-254c-4126-a484-8628eb9333c1,"{<resource_manager.instance.OnPremInstance object at 0x12b823e00>: [(6, 15655.896, None)]}",58.325064065435534,28586.837412956476,15655.896,14409.064916184992,1,,15655.896,18385.413774769342,True,42.969821231824,49.61237568850267,6.64255445667867
lamf-test-2ec8c349-ada1-458e-a7a4-ab9b6322b2cf,"{<resource_manager.instance.CloudOnDemandInstance object at 0x12b9d0440>: [(4, 15685.896, None)]}",57.00450481534605,28593.767824454135,15685.896,14437.584228966993,2,,16086.432,19123.24577720927,True,10.550483930777359,33.946461454374536,23.39597752359718
lamf-test-920c97be-abc7-45c8-bf90-73719c07896c,"{<resource_manager.instance.OnPremInstance object at 0x12b823e00>: [(3, 16116.432, None)]}",49.27955402462038,28632.481908765745,16116.432,14427.476319980993,2,,16116.432,20329.761000000002,True,13.591280954241464,18.718059681441467,5.126778727200002
lamf-test-65b278d1-c75b-4135-b5aa-f825706c680d,"{<resource_manager.instance.OnPremInstance object at 0x12b823e00>: [(4, 16146.432, None)]}",46.808209305960055,28640.372133570323,16146.432,14414.076765594993,1,,16146.432,23738.192,True,80.25360407635559,92.57047550035558,12.316871423999997
lamf-test-4fd50982-b738-4cdf-bdb5-50cd3dff6874,"{<resource_manager.instance.CloudOnDemandInstance object at 0x12b9d0440>: [(2, 16176.432, None)]}",66.98837614575113,28688.833444251184,16176.432,14454.195136047992,2,,16576.968,28704.233444251186,False,28.700459933422763,,
lamf-test-eb592d2c-c121-4645-b005-4e7f00d8eb14,"{<resource_manager.instance.OnPremInstance object at 0x12b823e00>: [(5, 16816.968, None)]}",65.43723826831173,28765.880965480814,16816.968,14432.067897518993,1,,16816.968,20145.445000000003,True,43.79241927142751,50.542570627427516,6.750151356000004
lamf-test-9fd69545-924f-4ce5-9308-d2123ccec4dc,"{<resource_manager.instance.OnPremInstance object at 0x12b823e00>: [(3, 17236.968, None)]}",61.631240803228884,29150.505138917637,17236.968,15028.577117656492,1,,17236.968,18725.911,True,11.88980264658909,13.701548488989088,1.8117458423999993
lamf-test-bff6c6c8-6ce7-4a14-8d30-c8d69887c972,"{<resource_manager.instance.OnPremInstance object at 0x12b823e00>: [(4, 17476.968, None)]}",62.55972404682857,29659.866833263215,17476.968,15625.29268040349,2,,17476.968,25428.647999999997,True,28.96130043234571,41.8621060643457,12.900805631999994
lamf-test-f3f23406-4146-4e8a-b0d6-831939b9a4ea,"{<resource_manager.instance.OnPremInstance object at 0x12b823e00>: [(5, 17536.968, None)]}",57.3172776265575,29667.555823988732,17536.968,15634.22757456849,1,,17536.968,22034.409674642917,True,59.17236365603654,68.29317537221237,9.120811716175833
lamf-test-5a75690c-b8ed-48d0-b610-f947c287d86c,"{<resource_manager.instance.OnPremInstance object at 0x12b823e00>: [(5, 17656.968, None), (4, 21518.04, None)]}",56.45454017440447,29821.02263126686,17656.968,15668.97997508149,3,29.363997262149216,17656.968,22163.052897776135,True,38.19374261158295,48.37855170962495,10.184809098042
lamf-test-b036c054-ee21-47f6-aca9-95247c096cfe,"{<resource_manager.instance.OnPremInstance object at 0x12b823e00>: [(6, 17776.968, None)]}",40.69689972228568,29883.248287233502,17776.968,15645.870971964488,3,,17776.968,20984.258,True,29.270271503536396,37.075532447536396,7.805260944000002
lamf-test-9673f22e-b964-4aa7-bb78-d1e21e110802,"{<resource_manager.instance.OnPremInstance object at 0x12b823e00>: [(3, 17806.968, None)]}",52.254300807909324,30403.381111714643,17806.968,16248.751267681488,1,,17806.968,25313.248000000003,True,59.940634268765706,69.0742757727657,9.133641504000003
lamf-test-5f1a507d-a26f-433c-85e6-51ac89f0d432,"{<resource_manager.instance.CloudReservedInstance object at 0x12b9d06e0>: [(2, 17836.968, None)], <resource_manager.instance.CloudOnDemandInstance object at 0x12b9d0440>: [(2, 17836.968, None)]}",64.02975273459877,30533.796600188114,17836.968,16258.022219590488,3,20.814188151190205,17836.968,27470.22351955267,True,39.0732091953362,85.77523195412753,46.70202275879134
lamf-test-43098e09-15cf-41fe-b455-41529b19decc,"{<resource_manager.instance.OnPremInstance object at 0x12b823e00>: [(4, 17896.968, None)]}",67.69762432994189,30915.473082106815,17896.968,16860.15566298249,1,,17896.968,21337.134000000002,True,36.36649737622634,41.947822694626346,5.581325318400002
lamf-test-ff8adf42-1018-4980-bdfd-c498e4f1b637,"{<resource_manager.instance.OnPremInstance object at 0x12b823e00>: [(2, 17926.968, None)]}",50.99968955238831,31521.10473414101,17926.968,17426.17250942749,1,,17926.968,28271.347,True,55.85602775876493,64.24738800356494,8.391360244800001
lamf-test-d1831f12-882c-4e14-bb62-b9776ced5649,"{<resource_manager.instance.OnPremInstance object at 0x12b823e00>: [(3, 18196.968, None)]}",62.263052342770514,31564.050942262365,18196.968,17434.53892318049,3,,18196.968,20254.476,True,9.38858316221765,11.892158896617648,2.503575734399998
lamf-test-0d7701be-3ce7-49c1-9391-e93bc28aface,"{<resource_manager.instance.OnPremInstance object at 0x12b823e00>: [(2, 18226.968, None)]}",74.93798997685712,31625.671262227195,18226.968,17448.23610329549,3,,18226.968,26188.100000000002,True,24.21821279184729,30.67628307024729,6.458070278400001
lamf-test-0fdcad07-bf2d-4d92-8354-0c4ee7d909cf,"{<resource_manager.instance.OnPremInstance object at 0x12b823e00>: [(6, 18376.968, None)]}",57.46774388158159,32152.208786605304,18376.968,18056.169225460486,1,,18376.968,22583.80421846168,True,66.22671664929405,76.46447327054238,10.23775662124834
lamf-test-a37f5b70-4c4f-44b3-a817-99539c326610,"{<resource_manager.instance.OnPremInstance object at 0x12b823e00>: [(4, 18436.968, None)]}",57.694188998700625,32158.30307074208,18436.968,18071.602369597487,3,,18436.968,22973.153,True,27.598661495170717,34.958168039170715,7.359506543999996
lamf-test-327a626d-9865-47f8-8ba0-52996ec1940c,"{<resource_manager.instance.OnPremInstance object at 0x12b823e00>: [(4, 18796.968, None), (4, 22938.576, None)]}",74.39841740073138,32161.785043225496,18796.968,18022.473762464488,1,59.6382623773671,18796.968,24258.526218461684,True,71.68831642956482,82.69063571762929,11.00231928806447
lamf-test-2809816c-7bfc-46e3-bb73-0ce9925ea853,"{<resource_manager.instance.OnPremInstance object at 0x12b823e00>: [(2, 18916.968, None)]}",50.90207279429441,32183.32007733443,18916.968,18019.53722246349,1,,18916.968,29484.047000000002,True,57.05852985017873,65.63054433497874,8.5720144848
lamf-test-457a1c73-20e1-45f7-a144-19901295fb3b,"{<resource_manager.instance.CloudOnDemandInstance object at 0x12b9d0440>: [(4, 19156.968, None)]}",49.05334152829353,32197.915286130923,19156.968,18036.077926340487,1,36.76862240474561,19557.504,32213.315286130925,False,93.00665671414276,,
lamf-test-73802176-7b43-45cb-be2f-758b39305344,"{<resource_manager.instance.OnPremInstance object at 0x12b823e00>: [(4, 19587.504, None)]}",57.80879755607951,32205.990382661366,19587.504,18048.720910290485,3,17.467926078028746,19587.504,23613.533,True,24.494814814814802,31.0266442644148,6.531829449599997
lamf-test-ff97215d-d288-4a40-9a08-b29190e7eee1,"{<resource_manager.instance.OnPremInstance object at 0x12b823e00>: [(4, 19617.504, None), (4, 26268.576, None)]}",50.90199713640601,33301.42347919539,19617.504,19249.15900511448,1,70.30945379876796,19617.504,26650.37010923084,True,78.38145641236393,90.41100115079615,12.029544738432229
lamf-test-e31740c1-403e-4c71-8a7f-0330adf6a272,"{<resource_manager.instance.CloudOnDemandInstance object at 0x12b86e8b0>: [(3, 19647.504, None)], <resource_manager.instance.CloudOnDemandInstance object at 0x12b9c5590>: [(2, 19647.504, None)]}",51.6673689623557,33327.067496814925,19647.504,19248.15900511448,1,59.51572165183665,20048.04,33342.46749681492,False,147.89602376969492,,
lamf-test-4c84a4d8-5052-4c6f-afd2-7c5df767217c,"{<resource_manager.instance.OnPremInstance object at 0x12b823e00>: [(6, 20168.04, None)]}",71.28909006291121,33361.284800803856,20168.04,19263.754828389483,1,,20168.04,22588.17,True,38.09924024640653,43.98886861440653,5.889628367999994
lamf-test-0b722e5a-870b-4bb2-acf4-7c5f987aee07,"{<resource_manager.instance.OnPremInstance object at 0x12b823e00>: [(4, 20288.04, None)]}",60.84882595404457,33386.92978000191,20288.04,19250.15900511448,3,33.830928587725296,20288.04,26773.691,True,39.45943265647576,49.98175283887576,10.522320182399996
lamf-test-86bee4c0-8211-4364-b2b2-315ff254f448,"{<resource_manager.instance.OnPremInstance object at 0x12b823e00>: [(4, 20348.04, None), (3, 23988.576, None), (8, 24498.576, None)]}",60.879551145103115,33403.3923034981,20348.04,19251.15900511448,1,47.94847547342003,20348.04,25003.058434671915,True,67.86074131833018,78.28441005727412,10.423668738943926
lamf-test-20bd965c-e3af-463e-ad6b-f7ce4b078baa,"{<resource_manager.instance.OnPremInstance object at 0x12b823e00>: [(5, 21008.04, None), (4, 22278.576, None)]}",49.20241958092055,33436.40012521987,21008.04,19240.94848944748,2,5.084428740868546,21008.04,22923.675136574806,True,10.015540386817568,14.947057282970235,4.931516896152668
lamf-test-a8f2c75b-6fbc-476d-891d-92f88bfed8de,"{<resource_manager.instance.OnPremInstance object at 0x12b823e00>: [(6, 21368.04, None)]}",60.82789615796186,33523.188470998946,21368.04,19280.469637578484,2,,21368.04,22983.348,True,6.981118657375132,10.912132206175134,3.9310135488000024
lamf-test-e1378e61-db93-479c-b4b7-359d51f2c742,"{<resource_manager.instance.OnPremInstance object at 0x12b823e00>: [(6, 21488.04, None), (4, 23058.576, None)]}",52.48076757861521,33529.140057610435,21488.04,19266.813985113484,1,24.724386036960986,21488.04,23490.676,True,36.094573883945515,41.66922789354551,5.574654009599994
lamf-test-1fb51fa6-4d43-412b-9a86-c51ec772c644,"{<resource_manager.instance.CloudOnDemandInstance object at 0x12b86e8b0>: [(5, 21518.04, None)]}",79.83864331738259,33649.3551948483,21518.04,19255.68284511848,3,,21918.576,33664.755194848294,False,92.3774826591246,,
lamf-test-db07f320-f70e-4581-b141-d95e0791351c,"{<resource_manager.instance.OnPremInstance object at 0x12b823e00>: [(4, 22158.576, None)]}",67.5503798079176,33895.94850904611,22158.576,19846.843004566483,2,,22158.576,25580.640000000003,True,12.463708751196576,18.015665384796577,5.551956633600003
lamf-test-76f31f64-e074-4b6a-9579-e22c37b55e69,"{<resource_manager.instance.OnPremInstance object at 0x12b823e00>: [(5, 22218.576, None), (5, 23148.576, None), (9, 23478.576, None)]}",57.885218243385175,34127.19679050674,22218.576,19881.87149276648,3,20.76203513575177,22218.576,24410.491943784484,True,39.024112756719404,49.43034978590014,10.406237029180737
lamf-test-599db447-ffc5-4f67-bbdb-15246291d10d,"{<resource_manager.instance.OnPremInstance object at 0x12b823e00>: [(4, 22248.576, None)]}",58.09494942769889,34354.44075647681,22248.576,20452.357980276483,3,,22248.576,29535.130000000005,True,44.332216898623486,56.15392210822349,11.821705209600006
lamf-test-0edb2b7d-ea79-4551-a1d6-40e8f4f75204,"{<resource_manager.instance.OnPremInstance object at 0x12b823e00>: [(2, 22638.576, None)]}",49.09599477194767,34468.7365865367,22638.576,20476.32564488048,3,,22638.576,27538.909000000003,True,14.907089512510463,18.882239642110466,3.975150129600002
lamf-test-9c88980c-fc13-42ba-ae80-9214e850b23c,"{<resource_manager.instance.OnPremInstance object at 0x12b823e00>: [(3, 22668.576, None)]}",56.88278421553064,34499.89574353915,22668.576,20450.283807558484,2,,22668.576,25416.062,True,8.862790953150125,12.205931917950126,3.3431409648000012
lamf-test-227b9038-f251-4152-94eb-43a9fb1d09b6,"{<resource_manager.instance.OnPremInstance object at 0x12b823e00>: [(5, 22698.576, None)]}",66.25196628808428,34696.41023687042,22698.576,20467.77828443448,2,12.245502643811548,22698.576,26573.349913441594,True,15.506063464451323,23.364104960910872,7.858041496459551
lamf-test-01d3dab5-d631-4e94-b48f-123fd1e6d0ca,"{<resource_manager.instance.OnPremInstance object at 0x12b823e00>: [(3, 22758.576, None)]}",62.28353144846482,35144.542020504254,22758.576,21044.943110277978,1,,22758.576,25960.914000000004,True,25.571943874058892,29.468548752458897,3.8966048784000042
lamf-test-c7f36b6d-6d0e-497a-bed2-ab51e4200e00,"{<resource_manager.instance.OnPremInstance object at 0x12b823e00>: [(6, 22818.576, None), (6, 23628.576, None)]}",67.30455789142538,35171.58748267861,22818.576,21072.37124378148,2,3.5006983884645244,22818.576,23938.319887384674,True,6.178031542549123,9.656832991227805,3.4788014486786816
lamf-test-d392fb46-3ada-4299-920d-04b5ae462e49,"{<resource_manager.instance.OnPremInstance object at 0x12b823e00>: [(4, 22998.576, None)]}",53.88118833696197,35189.362086949346,22998.576,21066.70066733448,2,7.3207440275532845,22998.576,26162.200999999997,True,11.522432250829967,16.65509745082996,5.132665199999994
lamf-test-404b381d-5a0f-4cbc-ae4f-02ebbbeb7a4d,"{<resource_manager.instance.OnPremInstance object at 0x12b823e00>: [(6, 23118.576, None), (4, 24288.576, None), (8, 25068.576, None)]}",54.32250531179826,35241.74309849907,23118.576,21028.64965231848,1,51.69518594569929,23118.576,25548.91140414141,True,61.62889086408208,71.14671558263768,9.517824718555602
lamf-test-cbaeac35-da39-4580-bb48-6f69d435e1ef,"{<resource_manager.instance.OnPremInstance object at 0x12b823e00>: [(6, 23598.576, None), (5, 24408.576, None), (8, 25608.576, None)]}",59.97502759856391,35337.84777750708,23598.576,21062.99683757548,2,13.489076122760723,23598.576,26394.333879798207,True,23.863717120243106,37.24421764512,13.380500524876895
lamf-test-6ebb2b55-7f25-4fcc-998e-d62668ae8460,"{<resource_manager.instance.OnPremInstance object at 0x12b823e00>: [(6, 23898.576, None), (6, 25248.576, None)]}",60.69367071554156,35393.79918870397,23898.576,21059.84410908498,2,16.20693698363206,23898.576,26975.816218461678,True,20.76424311474928,32.45642670604595,11.692183591296674
lamf-test-8ac2f925-7afc-41fe-bb28-31766fc5fb67,"{<resource_manager.instance.OnPremInstance object at 0x12b823e00>: [(2, 23928.576, None)]}",78.91788247204538,35697.22597008706,23928.576,21650.63371039648,1,,23928.576,30310.152,True,34.45827789185488,39.635012343054875,5.176734451199998
lamf-test-e68a5a0e-948d-450e-bd18-14ba76978e62,"{<resource_manager.instance.OnPremInstance object at 0x12b823e00>: [(2, 23958.576, None)]}",61.643354936762066,35806.01985376622,23958.576,21682.112116995482,2,,23958.576,36003.924,False,32.74491428302637,,
lamf-test-aba1aa4f-f6ce-4af2-b868-ea5768a9b8b8,"{<resource_manager.instance.OnPremInstance object at 0x12b823e00>: [(5, 23988.576, None), (3, 25638.576, None)]}",55.6474329845016,36397.19785948503,23988.576,22257.233409003482,3,18.75427789185489,23988.576,26371.288,True,21.464287778538285,27.18799167613828,5.723703897599998
lamf-test-b86de886-591a-45ec-903b-6a80c96225dd,"{<resource_manager.instance.OnPremInstance object at 0x12b823e00>: [(6, 24258.576, None)]}",41.149547064693905,36873.203022475805,24258.576,22889.509977491474,3,,24258.576,26904.774999999998,True,24.1496600501939,30.589449936593894,6.439789886399993
lamf-test-03badbdc-4aa8-4cd2-98f8-bfe0e4080cef,"{<resource_manager.instance.CloudReservedInstance object at 0x12b9c4f50>: [(2, 24288.576, None)]}",46.039696363479905,36883.55209561232,24288.576,22859.331242992477,2,,24288.576,33167.31796582906,True,15.182062378253649,22.341879899498203,7.1598175212445545
lamf-test-3943f80b-7a33-4e35-a8a4-f3b6aa99c52d,"{<resource_manager.instance.OnPremInstance object at 0x12b823e00>: [(3, 24318.576, None)]}",31.751233670300554,36949.51485329383,24318.576,22857.929245684478,1,12.93634496919918,24318.576,28680.744,True,34.83364818617384,40.14153420857384,5.307886022399998
lamf-test-d11d15e3-c05e-424a-bab1-f5785ed94bc2,"{<resource_manager.instance.OnPremInstance object at 0x12b823e00>: [(4, 24438.576, None)]}",65.13660288894543,36968.55582660131,24438.576,22837.02518104048,1,10.148300250969655,24438.576,29050.696,True,48.75539432656475,56.238097814564746,7.4827034879999985
lamf-test-2ee801ff-df94-45c9-b634-a465808c37ee,"{<resource_manager.instance.OnPremInstance object at 0x12b823e00>: [(4, 24468.576, None), (4, 25668.576, None)]}",44.045311418522864,36973.49816043648,24468.576,22874.443078891476,3,14.966917636322153,24468.576,27568.840774769345,True,30.42378614062629,38.53664528179786,8.112859141171569
lamf-test-b19f4d76-0891-41df-b5fe-36ccd74b9a06,"{<resource_manager.instance.OnPremInstance object at 0x12b823e00>: [(3, 25038.576, None)]}",47.2527689810787,36986.61578468597,25038.576,22883.845144679475,3,,25038.576,37002.015784685966,False,54.590188385516605,,
lamf-test-55529a16-b241-4348-bd90-45ddc000d26d,"{<resource_manager.instance.OnPremInstance object at 0x12b823e00>: [(3, 25068.576, None), (3, 27708.576, None)]}",53.211716625419925,37004.391046261364,25068.576,22888.509977491474,2,8.516064546394894,25068.576,31408.85888738468,True,32.38867659858306,44.60603703332241,12.217360434739351
lamf-test-65e3ea29-e28c-4094-b1d4-e102c2738358,"{<resource_manager.instance.OnPremInstance object at 0x12b823e00>: [(3, 25518.576, None)]}",53.51848203740168,37011.712577087426,25518.576,22891.509977491474,1,,25518.576,29731.905000000002,True,33.645109514031496,38.7718882412315,5.126778727200002
lamf-test-2586faa0-8afe-4587-9352-3a45415e951c,"{<resource_manager.instance.OnPremInstance object at 0x12b823e00>: [(3, 25578.576, None)]}",52.1878736324701,37030.819303907716,25578.576,22847.14891838048,2,,25578.576,28687.326999999997,True,10.028153096465774,13.81088131326577,3.7827282167999963
lamf-test-81195703-aa5f-481d-abd3-346d6a96d7d8,"{<resource_manager.instance.OnPremInstance object at 0x12b823e00>: [(2, 25608.576, None)]}",57.90728747613712,37057.291899465796,25608.576,22854.326453766476,2,,25608.576,31189.435,True,15.171396424632672,19.69858924543267,4.5271928208
lamf-test-debb5ae3-8ca9-424a-a1fe-ae626817d5d4,"{<resource_manager.instance.OnPremInstance object at 0x12b823e00>: [(4, 25638.576, None), (3, 26568.576, None), (6, 27018.576, None)]}",50.08229655297103,37075.646705343366,25638.576,22849.79455557048,3,18.75427789185489,25638.576,28224.612574731505,True,34.29686739905629,43.442529050300564,9.145661651244277
lamf-test-0b1411aa-7440-4517-bbd4-2bffa1461af4,"{<resource_manager.instance.CloudReservedInstance object at 0x12b9c8830>: [(2, 25818.576, None)]}",54.09958144079154,37166.430872763725,25818.576,22861.977687953477,1,,25818.576,33420.774998995286,True,41.049215067964504,57.6584994409694,16.609284373004897
lamf-test-18cbb634-7aef-4481-9ee7-fe1e8a16d0ba,"{<resource_manager.instance.OnPremInstance object at 0x12b823e00>: [(5, 25878.576, None)]}",52.226498354671556,37564.65399020368,25878.576,23444.619571604475,3,,25878.576,26697.667,True,6.229302608563391,7.890419156563392,1.6611165480000005
lamf-test-5471ed7c-c241-4b43-b3db-c6a0ff681a3a,"{<resource_manager.instance.OnPremInstance object at 0x12b823e00>: [(2, 25998.576, None)]}",59.30424416492866,37644.3346944611,25998.576,23475.957605552474,2,,25998.576,35782.09,True,26.596186952571927,34.53257350937192,7.936386556799996
lamf-test-40afb271-d458-48d9-adbe-b89134d80114,"{<resource_manager.instance.OnPremInstance object at 0x12b823e00>: [(3, 26238.576, None)]}",57.83325208385016,37697.93858133182,26238.576,23467.902751497473,3,,26238.576,32375.574,True,28.00364134154688,35.471140507946885,7.4674991664
lamf-test-81297157-09b4-4bfd-81e5-a8bf0f0cf407,"{<resource_manager.instance.OnPremInstance object at 0x12b823e00>: [(6, 26418.576, 26898.576), (1, 26898.576, None)]}",69.1210403049402,37708.71448272921,26418.576,23470.868767818472,3,4.380561259411362,26418.576,37724.1144827292,False,20.846510735005246,,
lamf-test-9b9326a1-51bc-46fd-a2cb-1abf1c9c75f6,"{<resource_manager.instance.OnPremInstance object at 0x12b823e00>: [(5, 26478.576, None)]}",57.78982021342063,37739.280949209904,26478.576,23478.096111798473,1,15.39356605065024,26478.576,30549.84676120133,True,53.56527809626815,61.82181519998445,8.256537103716296
lamf-test-b395ec81-f5cf-4d31-b896-54e96e62d931,"{<resource_manager.instance.OnPremInstance object at 0x12b823e00>: [(6, 26508.576, None), (5, 27318.576, None)]}",60.66671241836613,38230.15551255463,26508.576,24101.640463957978,3,7.392197125256673,26508.576,27755.461757716534,True,14.701868332012866,18.62229382864095,3.9204254966280825
lamf-test-46c0ddc9-3e57-4092-abb9-12bad9e5fc70,"{<resource_manager.instance.OnPremInstance object at 0x12b823e00>: [(3, 26538.576, None)]}",59.85312775121128,38241.84458583322,26538.576,24075.412796993474,1,6.46817248459959,26538.576,32129.435000000005,True,44.645234998859266,51.44819223005927,6.802957231200005
lamf-test-af430514-5203-4847-a3dd-4d540698c45d,"{<resource_manager.instance.OnPremInstance object at 0x12b823e00>: [(2, 26568.576, None)]}",43.871600174569394,38245.875208140584,26568.576,24104.648561829978,3,,26568.576,34870.846999999994,True,25.255976880371108,31.9907791155711,6.734802235199995
lamf-test-ac6005c9-5daa-4585-b9e3-32cefa81cdb6,"{<resource_manager.instance.OnPremInstance object at 0x12b823e00>: [(2, 26598.576, None)]}",56.43144675229202,38245.945635043834,26598.576,24097.010984401975,3,,26598.576,34908.547,True,25.279400714883252,32.02044919008325,6.741048475199998
lamf-test-7741d198-baa3-4b02-8577-d94aba790819,"{<resource_manager.instance.OnPremInstance object at 0x12b823e00>: [(2, 26628.576, None)]}",58.57374457030712,38276.1269797866,26628.576,24074.130481406475,2,,26628.576,33343.591,True,18.254565213411546,23.701785381411547,5.447220167999999
lamf-test-fce34ab6-8bce-4303-a50f-d59fbea8d614,"{<resource_manager.instance.OnPremInstance object at 0x12b823e00>: [(2, 26658.576, None)]}",47.41181351390231,38277.12147324879,26658.576,24093.028656418974,3,,26658.576,32699.013000000003,True,18.375350216746522,23.275352711146525,4.900002494400002
lamf-test-709c216f-6a83-488b-bc0b-72ed1c83abc3,"{<resource_manager.instance.CloudReservedInstance object at 0x12b9c4f50>: [(1, 26688.576, None)], <resource_manager.instance.CloudOnDemandInstance object at 0x12b9c5590>: [(3, 26688.576, None)]}",66.23572922815853,38709.71046264598,26688.576,24654.511595792977,1,,26688.576,38725.11046264597,False,62.552020808741446,,
lamf-test-be2bbdb1-c4fd-4c6f-98ba-e30fc22c630e,"{<resource_manager.instance.OnPremInstance object at 0x12b823e00>: [(4, 26718.576, None)]}",51.26544011550611,38733.43562463402,26718.576,24664.74798572698,1,,26718.576,30343.427999999996,True,38.31884006388314,44.19979994868313,5.880959884799992
lamf-test-2044ce9f-358f-4536-9714-09641c49ba86,"{<resource_manager.instance.OnPremInstance object at 0x12b823e00>: [(3, 26748.576, None)]}",48.79729657189927,38819.97308370388,26748.576,24676.918941719978,2,,26748.576,33117.725999999995,True,20.545489585481437,28.29547130548143,7.749981719999994
lamf-test-4efeb549-c3cf-448a-a777-1713f6f5a77e,"{<resource_manager.instance.OnPremInstance object at 0x12b823e00>: [(6, 26778.576, None), (5, 27858.576, None)]}",68.3929603445819,38851.55576632461,26778.576,24655.511595792977,2,4.6675978512860326,26778.576,28572.381261732728,True,10.609061670381562,16.422063226128294,5.813001555746734
lamf-test-ead8fa92-dd65-4aea-b802-324a84d102bb,"{<resource_manager.instance.OnPremInstance object at 0x12b823e00>: [(4, 26838.576, None)]}",64.57300483587817,38859.69705095599,26838.576,24686.747552790977,1,,26838.576,32956.793,True,64.67656574644457,74.60276100724457,9.926195260799995
lamf-test-b87c5197-7932-482c-81b3-61882a5ae41e,"{<resource_manager.instance.OnPremInstance object at 0x12b823e00>: [(2, 26868.576, None)]}",46.96697712554091,38911.985758686074,26868.576,24694.602081057976,3,,26868.576,36189.53799999999,True,28.354892387253756,35.91605676165375,7.5611643743999934
lamf-test-c6c963f9-b511-4173-9da1-afb01f8ea9e8,"{<resource_manager.instance.OnPremInstance object at 0x12b823e00>: [(5, 26898.576, 27258.576), (1, 27258.576, None)]}",55.16582208546895,38919.21916398334,26898.576,24667.056037575978,2,1.440647369860182,26898.576,33863.717,True,14.842719192874357,18.251844382474356,3.4091251895999983
lamf-test-e53ad4a6-c56e-4dd1-b22c-a4f51924970e,"{<resource_manager.instance.OnPremInstance object at 0x12b823e00>: [(4, 26958.576, None)]}",55.354429897570796,38945.12828895027,26958.576,24712.796842443975,3,,26958.576,33134.435,True,37.574623165259695,47.59433680685969,10.019713641599994
lamf-test-001a4b71-83f9-4df6-aec9-864db3283caa,"{<resource_manager.instance.OnPremInstance object at 0x12b823e00>: [(2, 26988.576, None)]}",48.99000092192328,39891.14196948363,26988.576,25880.204310346973,3,,26988.576,30653.465999999997,True,11.148802190280616,14.121760958280612,2.9729587679999967
lamf-test-d82e7cf7-6019-488e-8e11-17029d37b11e,"{<resource_manager.instance.OnPremInstance object at 0x12b823e00>: [(4, 27018.576, None), (4, 27828.576, None)]}",58.17814683116276,40457.55159528376,27018.576,26515.108018223975,1,8.562628336755647,27018.576,28501.635996615514,True,22.792659446278247,26.290748523296266,3.498089077018017
lamf-test-bd57b50e-03ca-4810-aec9-f7f4669d252f,"{<resource_manager.instance.OnPremInstance object at 0x12b823e00>: [(6, 27258.576, None), (3, 28349.112, None)]}",70.84381642365693,40473.62633062275,27258.576,26475.436912565976,3,9.952416153319643,27258.576,31821.430260968926,True,57.485862573154336,72.8151415625953,15.329278989440965
lamf-test-f7a44344-fc5e-4a49-a1d7-2ef5e757b2cc,"{<resource_manager.instance.CloudReservedInstance object at 0x12b9d06e0>: [(3, 27498.576, None)], <resource_manager.instance.CloudReservedInstance object at 0x12b86e650>: [(1, 27498.576, None)], <resource_manager.instance.CloudOnDemandInstance object at 0x12b9d0440>: [(1, 27498.576, None)]}",58.088742770112894,40607.07033133457,27498.576,26459.760698950973,1,,27498.576,31181.532477889046,True,32.677637520246556,50.949521198349686,18.27188367810313
lamf-test-6b1442b6-bf8d-43ee-9a7c-ebfe1af3d782,"{<resource_manager.instance.OnPremInstance object at 0x12b823e00>: [(6, 27678.576, None)]}",47.933135757937364,40709.49479713648,27678.576,26502.766749596976,3,,27678.576,31558.466,True,35.40853296828655,44.85063327228655,9.442100303999998
lamf-test-6849d36d-a755-4e76-b818-c17b557c62c1,"{<resource_manager.instance.CloudReservedInstance object at 0x12b9c4f50>: [(1, 27708.576, None)], <resource_manager.instance.CloudReservedInstance object at 0x12b9d06e0>: [(1, 27708.576, None)], <resource_manager.instance.CloudOnDemandInstance object at 0x12b9c5590>: [(1, 27708.576, None)]}",39.636907285102794,40717.778590159054,27708.576,26461.760698950973,2,,27708.576,34863.46581646516,True,32.20173393647465,45.41252249359593,13.210788557121274
lamf-test-bb0f8113-f05a-4407-a64f-cf580915278f,"{<resource_manager.instance.OnPremInstance object at 0x12b823e00>: [(3, 27798.576, None)]}",55.45396955229691,41124.854558975916,27798.576,27059.105243339476,1,60.000301163586585,27798.576,37602.090000000004,True,78.2849623545517,90.2138781897517,11.928915835200005
lamf-test-9ae48453-c026-4d89-8443-e59c272cd1c1,"{<resource_manager.instance.OnPremInstance object at 0x12b823e00>: [(3, 27828.576, 28319.112), (1, 28319.112, None)]}",49.958054880775016,41255.582304136995,27828.576,27083.719248952973,3,2.2383572895277206,27828.576,34018.738999999994,True,10.907650771921809,13.816303687921806,2.9086529159999976
lamf-test-98a6ab80-499b-4f3a-95f7-4dd7df820566,"{<resource_manager.instance.CloudOnDemandInstance object at 0x12b9c5590>: [(2, 27858.576, None)]}",105.87093398460661,43182.50101164806,27858.576,12009.006378748994,1,,28259.112,43197.90101164806,False,43.16336036436064,,
lamf-test-ecaffeb0-92d2-4398-a844-9e4844c48df5,"{<resource_manager.instance.OnPremInstance object at 0x12b823e00>: [(3, 28289.112, None)]}",106.56838267415606,43199.312905227824,28289.112,12038.224349704993,1,,28289.112,33006.818,True,37.672760666210344,43.41326532701034,5.740504660799998
lamf-test-198ba68c-5a75-4dd3-95a5-23cb4a91c31d,"{<resource_manager.instance.OnPremInstance object at 0x12b823e00>: [(5, 28319.112, None)]}",75.79076386942039,43215.80040105963,28319.112,12047.147067213993,2,,28319.112,32009.877849266366,True,14.769700315320472,22.25457345763266,7.484873142312187
lamf-test-38f0df60-c850-46c3-8ecc-b21d5524ac44,"{<resource_manager.instance.CloudOnDemandInstance object at 0x12b9c5090>: [(2, 28349.112, None)], <resource_manager.instance.CloudOnDemandInstance object at 0x12b86e520>: [(4, 28349.112, None)]}",82.2505270696069,43309.254144638995,28349.112,12037.224349704993,3,,28749.648,43324.65414463899,False,106.29836997741062,,
lamf-test-6ca33400-5b63-4867-9fb5-39d7d8646a8a,"{<resource_manager.instance.OnPremInstance object at 0x12b823e00>: [(6, 28779.648, None)]}",105.93846150050236,43904.03965346092,28779.648,12643.589542774995,1,73.86674332648872,28779.648,34434.731257269916,True,89.02595134648053,102.7881619613726,13.762210614892066
lamf-test-55d518fc-620c-44fe-a18a-2336d48b9fc1,"{<resource_manager.instance.OnPremInstance object at 0x12b823e00>: [(3, 28809.648, None)]}",83.99778340603386,43992.98688631291,28809.648,12627.714767620995,3,25.291718001368924,28809.648,36952.691999999995,True,37.15739904175219,47.06585498095219,9.908455939199994
lamf-test-0ee69e3c-f7ac-4d00-b4dc-243374763ca6,"{<resource_manager.instance.OnPremInstance object at 0x12b823e00>: [(2, 28839.648, None)]}",95.71047451977611,44447.1439715161,28839.648,13218.061471387993,3,,28839.648,31066.040000000005,True,6.772810099627358,8.57885929002736,1.8060491904000027
lamf-test-6012bbf1-8566-4834-b341-39822809aef2,"{<resource_manager.instance.OnPremInstance object at 0x12b823e00>: [(5, 28869.648, None), (6, 37742.328, None)]}",93.62462651407313,44450.60667571971,28869.648,13244.400495200993,1,116.7369107916952,28869.648,38569.7418897704,True,140.64878835749872,162.33417320809832,21.6853848505996
lamf-test-92b1912c-cdf4-4496-9665-6c2a64a15900,"{<resource_manager.instance.OnPremInstance object at 0x12b823e00>: [(5, 28899.648, None)]}",99.7921660649438,44590.88449156257,28899.648,13246.885005485992,3,,28899.648,34553.922,True,43.00155144877936,54.46841912077935,11.466867671999994
lamf-test-bf2ee2bb-aeee-4553-ba75-b56c3562dc59,"{<resource_manager.instance.OnPremInstance object at 0x12b823e00>: [(2, 28929.648, None)]}",94.73625576454592,44619.25447850661,28929.648,13255.29554776499,1,,28929.648,41681.331999999995,True,68.85463259563461,79.1987986564346,10.344166060799996
lamf-test-3231937d-3960-4134-90c2-f2e92cf6e932,"{<resource_manager.instance.OnPremInstance object at 0x12b823e00>: [(2, 28959.648, None)]}",109.51414052886817,44840.22390187338,28959.648,13857.684208993993,2,,28959.648,41388.876,True,33.788480454378835,43.87107020797883,10.082589753599995
lamf-test-5e0241b4-8be0-4af4-bde6-0b42fa40fc67,"{<resource_manager.instance.OnPremInstance object at 0x12b823e00>: [(2, 28989.648, None)]}",98.3173256377796,45063.28139220535,28989.648,13858.909200781993,3,,28989.648,31903.174000000003,True,8.86311050269983,11.22656279389983,2.363452291200001
lamf-test-5c0e0bc7-fda1-478e-8de8-178b5b80a83c,"{<resource_manager.instance.CloudOnDemandInstance object at 0x12b86e520>: [(4, 29019.648, None)]}",109.02475346006189,45080.18194570779,29019.648,13829.959486567992,2,,29420.184,45095.58194570778,False,58.5511429952146,,
lamf-test-58d64335-ff0b-41b5-93cb-bcafe6abca1b,"{<resource_manager.instance.CloudOnDemandInstance object at 0x12b86e8b0>: [(4, 29450.184, None)], <resource_manager.instance.CloudOnDemandInstance object at 0x12b86e520>: [(2, 29450.184, None)]}",83.27713277836911,45098.36614082194,29450.184,13813.415629673991,2,76.34802739841034,29850.72,45130.59822529855,False,99.73732830364102,,
lamf-test-d25e5772-26d6-4d1a-8442-10078b0905a7,"{<resource_manager.instance.OnPremInstance object at 0x12b823e00>: [(3, 29880.72, None), (3, 35822.328, None)]}",48.70139863364064,43495.66104643578,29880.72,29493.332556667978,2,19.166332286884952,29880.72,36421.72377476934,True,23.033372519288054,31.721810691166727,8.688438171878673
lamf-test-b18ea74a-e7ea-41d7-821c-d4f1a5e50746,"{<resource_manager.instance.OnPremInstance object at 0x12b823e00>: [(4, 29910.72, None), (3, 36212.328, None), (5, 37352.328, None)]}",93.66823018165961,45360.96136429604,29910.72,14442.929081014992,3,57.04834131873146,29910.72,38986.89290964423,True,80.3121315928675,101.72830274028789,21.41617114742039
lamf-test-4d1918b0-1458-45e2-b527-a49166860d07,"{<resource_manager.instance.OnPremInstance object at 0x12b823e00>: [(6, 29940.72, None), (4, 33441.792, None)]}",99.90881249240506,45588.263930700974,29940.72,14453.195136047992,2,21.66586532847518,29940.72,35065.32,True,28.060902505628594,43.166140892828594,15.105238387199996
lamf-test-50bd9009-28ec-4253-bcf7-ae2b62692323,"{<resource_manager.instance.CloudOnDemandInstance object at 0x12b86e520>: [(2, 29970.72, None)], <resource_manager.instance.CloudOnDemandInstance object at 0x12b9d0440>: [(1, 29970.72, None)]}",96.71534015432012,45592.06607017563,29970.72,14413.076765594993,2,,30371.256,45607.46607017562,False,69.24582440618447,,
lamf-test-4e05654b-8014-4960-848f-0c1b470c0ee8,"{<resource_manager.instance.CloudOnDemandInstance object at 0x12b9d0440>: [(5, 30401.256, None)]}",119.66024806020059,45616.47208853355,30401.256,14415.076765594993,3,,30801.792,45631.87208853355,False,77.22065601203411,,
lamf-test-e18205c9-e6f7-4d1b-94fe-6bdf96998c05,"{<resource_manager.instance.OnPremInstance object at 0x12b823e00>: [(6, 30831.792, None)]}",110.9772195614234,45691.02077574707,30831.792,14472.030340252992,1,63.451285420944565,30831.792,35825.172,True,78.60899383983569,90.76088340783568,12.151889567999994
lamf-test-2f12deb2-00c6-45f2-bf9e-431fba73627e,"{<resource_manager.instance.OnPremInstance object at 0x12b823e00>: [(6, 30861.792, None), (5, 33621.792, None)]}",93.49967154984164,45709.780940845245,30861.792,14423.476332112994,1,74.96567647729866,30861.792,35436.11577954079,True,95.88280753102903,110.69433050582822,14.811522974799194
lamf-test-d81a676f-ccce-4b38-95bc-838588f989f1,"{<resource_manager.instance.OnPremInstance object at 0x12b823e00>: [(3, 31101.792, None)]}",93.67827368323229,46104.84082701987,31101.792,15054.531438332491,1,,31101.792,37773.35599999999,True,53.27509468400632,61.39305375920631,8.11795907519999
lamf-test-6f91592c-afdd-4bec-8b7a-080c324249f5,"{<resource_manager.instance.CloudReservedInstance object at 0x12b9d06e0>: [(3, 31221.792, None)], <resource_manager.instance.CloudReservedInstance object at 0x12b86e650>: [(1, 31221.792, None)], <resource_manager.instance.CloudOnDemandInstance object at 0x12b9d0440>: [(1, 31221.792, None)]}",112.19170754417485,46162.92946172072,31221.792,15017.614016325992,3,48.414468020381776,31221.792,46178.329461720714,False,72.03949901708458,,
lamf-test-396956b2-43cb-496d-8f0c-0ee7a61c67dd,"{<resource_manager.instance.OnPremInstance object at 0x12b823e00>: [(2, 31281.792, None)]}",82.48316532935924,47491.8854770741,31281.792,16272.198286489489,1,,31281.792,36406.31,True,27.67060445661265,31.827613458212646,4.157009001599997
lamf-test-b2a69e4a-f75e-4751-ad43-b2adf397fd45,"{<resource_manager.instance.OnPremInstance object at 0x12b823e00>: [(5, 31461.792, None)]}",99.34731245959347,47543.136785733164,31461.792,16264.240437043489,1,37.63576910791695,31461.792,35529.825547799104,True,53.522686422484206,61.77265845742079,8.24997203493658
lamf-test-2b83bd20-9a87-454f-8bc9-f6503da1f9d0,"{<resource_manager.instance.CloudReservedInstance object at 0x12b86e3f0>: [(2, 31491.792, None)], <resource_manager.instance.CloudReservedInstance object at 0x12b9d06e0>: [(1, 31491.792, None)]}",93.14423892083788,47910.132858101046,31491.792,16815.24331514549,2,,31491.792,47925.53285810104,False,72.77523908681232,,
lamf-test-f14e2551-1aeb-4008-9226-cf172ac76d45,"{<resource_manager.instance.OnPremInstance object at 0x12b823e00>: [(2, 31581.792, None)]}",113.07976716267329,48045.28632306743,31581.792,16852.75705843749,2,,31581.792,39819.436,True,22.393786105149186,29.076162917949187,6.6823768128
lamf-test-33fae0e0-9739-4c13-8834-0589e7587a07,"{<resource_manager.instance.OnPremInstance object at 0x12b823e00>: [(2, 31611.792, None)]}",87.86109604520695,48060.04279589107,31611.792,16836.56107543949,2,,31611.792,38690.16799999999,True,19.24235110376477,24.98432971496476,5.7419786111999915
lamf-test-fd51a7dd-bca8-4714-a851-595e00860b67,"{<resource_manager.instance.OnPremInstance object at 0x12b823e00>: [(3, 31641.792, None)]}",86.19568247701017,48114.72952314547,31641.792,16840.57095194049,3,,31641.792,40131.57000000001,True,38.73957563312802,49.069937503528024,10.330361870400008
lamf-test-a691c5b1-12d1-40f2-af64-e72afc904125,"{<resource_manager.instance.OnPremInstance object at 0x12b823e00>: [(5, 31881.792, None)]}",99.92248787916859,48614.71076233305,31881.792,17462.23366059849,3,,31881.792,35847.042,True,30.15628564909879,38.19781264909879,8.041526999999999
lamf-test-df81467a-4b45-4bf0-9c71-c38863eca94a,"{<resource_manager.instance.OnPremInstance object at 0x12b823e00>: [(3, 31911.792, None)]}",90.94794091988545,48661.05967811466,31911.792,17461.23366059849,2,15.227420177871503,31911.792,37124.332,True,16.814517837373202,23.157136509373203,6.342618672000001
lamf-test-1bfc2de0-7e2f-450e-9736-96acfe81a2a7,"{<resource_manager.instance.OnPremInstance object at 0x12b823e00>: [(5, 31941.792, None), (4, 33351.792, None)]}",88.34113338193856,48693.08842786859,31941.792,17421.03194752549,1,18.551220625142594,31941.792,36247.743295083186,True,87.26646924222023,100.69732984979188,13.430860607571656
lamf-test-44149545-c52b-4763-ae20-c3268c37dc6f,"{<resource_manager.instance.OnPremInstance object at 0x12b823e00>: [(6, 32061.792, None), (5, 35252.328, None), (6, 35882.328, None)]}",109.24225266973586,49106.71423070249,32061.792,18030.656282342487,2,19.032915882774702,32061.792,36806.98554331949,True,30.72567097366426,47.676666075960796,16.950995102296538
lamf-test-32172143-1bae-4833-a5f0-e53bac6ac6d4,"{<resource_manager.instance.OnPremInstance object at 0x12b823e00>: [(6, 32241.792, None), (5, 34562.328, None)]}",101.07515126388836,49229.197515078326,32241.792,18045.790591775487,1,36.531367556468176,32241.792,35187.10762687277,True,54.58720892932179,63.021982122177334,8.434773192855546
lamf-test-3b06725f-04eb-4610-a2d8-34a69a9c127f,"{<resource_manager.instance.CloudReservedInstance object at 0x12b9d06e0>: [(1, 32301.792, None)], <resource_manager.instance.CloudOnDemandInstance object at 0x12b9d0440>: [(4, 32301.792, None)]}",123.85755114021583,49259.15020409506,32301.792,18047.720910290485,3,52.63572895277207,32301.792,49472.9833815615,False,87.05955525926684,,
lamf-test-bfb0cddb-1544-48a4-b06e-9eadc91468fd,"{<resource_manager.instance.OnPremInstance object at 0x12b823e00>: [(6, 32781.792, None), (4, 34532.328, None)]}",95.51732021748852,49332.35970695922,32781.792,18052.776430800484,2,10.432597755768827,32781.792,35938.03262863496,True,18.760600994209526,28.722243377552914,9.961642383343388
lamf-test-79eb9a19-2e44-423f-814a-791df0f7734e,"{<resource_manager.instance.CloudReservedInstance object at 0x12b9c51d0>: [(2, 32961.792, None)]}",110.61449386789155,49765.91469709511,32961.792,18670.375898468486,3,,32961.792,49781.314697095106,False,25.582968586348926,,
lamf-test-7f97cbae-fe7b-4dba-87f8-0ca2882583a5,"{<resource_manager.instance.CloudReservedInstance object at 0x12b9c51d0>: [(3, 32991.792, None)], <resource_manager.instance.CloudReservedInstance object at 0x12b9c4f50>: [(1, 32991.792, None)], <resource_manager.instance.CloudOnDemandInstance object at 0x12b9c5590>: [(1, 42953.4, None)]}",101.33638951109616,49785.185189281736,32991.792,18671.448104864485,2,36.6982158307486,32991.792,49800.58518928173,False,72.29273242750605,,
lamf-test-f542227f-df52-4f0c-ae96-9700636101a5,"{<resource_manager.instance.OnPremInstance object at 0x12b823e00>: [(6, 33081.792, 33591.792), (2, 33591.792, None)]}",98.85116440229747,49818.58664097876,33081.792,18638.097387827485,3,4.654346338124571,33081.792,47185.122,True,46.006023271731685,58.27406856773169,12.268045296
lamf-test-9aa73522-f6c8-49a8-a56a-28cd17720766,"{<resource_manager.instance.OnPremInstance object at 0x12b823e00>: [(6, 33261.792, None)]}",99.02000673984057,49881.25599785459,33261.792,18643.514437232487,1,,33261.792,36017.94,True,43.38905133470227,50.09641310750228,6.707361772800003
lamf-test-cf5ee26c-33df-418f-9253-bf22cfb1db3e,"{<resource_manager.instance.CloudReservedInstance object at 0x12b9c8830>: [(3, 33291.792, None)]}",86.78911405093122,50322.24156319798,33291.792,19235.70440959648,3,,33291.792,37178.98655632464,True,17.737597792948392,30.476711792935504,12.739113999987111
lamf-test-6e9b564f-bd08-4a74-adb5-0f54b0e3a954,"{<resource_manager.instance.OnPremInstance object at 0x12b823e00>: [(2, 33321.792, None)]}",95.10170299612852,50414.93849965179,33321.792,19233.97742955448,2,,33321.792,48184.712,True,40.40439856079528,52.461199264795276,12.056800703999999
lamf-test-6250b41b-6866-44ee-9930-467c8f1f7d45,"{<resource_manager.instance.CloudReservedInstance object at 0x12b9c8830>: [(1, 33501.792, None)], <resource_manager.instance.CloudReservedInstance object at 0x12b9c51d0>: [(1, 33501.792, None)], <resource_manager.instance.CloudReservedInstance object at 0x12b9c4f50>: [(2, 33501.792, None)], <resource_manager.instance.CloudOnDemandInstance object at 0x12b86e8b0>: [(2, 33501.792, None)]}",92.1601820634213,50482.66440482873,33501.792,19262.754828389483,3,48.492965244505285,33501.792,47475.53977094035,True,88.56026929132979,182.09494737089608,93.5346780795663
lamf-test-ea68f53d-4ebe-4fb8-83dd-aa5b6c6a2310,"{<resource_manager.instance.OnPremInstance object at 0x12b823e00>: [(4, 33591.792, None)]}",110.2774483129196,50496.42293587834,33591.792,19258.109902946482,3,27.442610084417062,33591.792,40522.85,True,42.16933911324053,53.41428761244053,11.244948499199996
lamf-test-0b008ed2-19e2-4099-a5b7-5ad49013ab38,"{<resource_manager.instance.CloudReservedInstance object at 0x12b9c8830>: [(2, 33741.792, None)], <resource_manager.instance.CloudOnDemandInstance object at 0x12b86e8b0>: [(4, 33741.792, None)]}",98.70843455961634,50521.183788846945,33741.792,19247.15900511448,3,,33741.792,49321.489136563476,True,142.1829535620668,315.17991056646764,172.99695700440083
lamf-test-3caf5282-95cc-4847-bdc6-12864fd51ff6,"{<resource_manager.instance.CloudOnDemandInstance object at 0x12b86e8b0>: [(2, 33771.792, None)]}",88.21646259362132,50847.866215127426,33771.792,19876.01034367748,1,,34172.328,47769.8684027687,True,75.58471553704292,138.01053706283022,62.425821525787285
lamf-test-dfcd1cfc-af92-4194-9a51-c980d70402e7,"{<resource_manager.instance.CloudReservedInstance object at 0x12b9c4f50>: [(1, 34922.328, None)], <resource_manager.instance.CloudReservedInstance object at 0x12b9d06e0>: [(1, 34922.328, None)], <resource_manager.instance.CloudOnDemandInstance object at 0x12b9c5590>: [(3, 34922.328, None)], <resource_manager.instance.CloudReservedInstance object at 0x12b9c8830>: [(1, 37262.328, None)], <resource_manager.instance.CloudReservedInstance object at 0x12b86e3f0>: [(1, 38312.328, None)], <resource_manager.instance.CloudOnDemandInstance object at 0x12b9d0440>: [(1, 41033.4, None)]}",104.89919658381315,51015.7728100243,34922.328,19870.65922882098,2,46.1353020527848,34922.328,44017.54386410007,True,79.4440349593509,125.15414239866146,45.710107439310555
lamf-test-69f3610c-edfc-431a-ac62-c6c3e7603585,"{<resource_manager.instance.OnPremInstance object at 0x12b823e00>: [(5, 35102.328, None)]}",101.55343618416583,51069.85134253708,35102.328,19843.960930015484,1,,35102.328,41865.948000000004,True,88.9882318047,102.70485316470001,13.716621360000005
lamf-test-787e33de-2c34-4cf0-bd9d-1f6b1a5da962,"{<resource_manager.instance.OnPremInstance object at 0x12b823e00>: [(3, 35132.328, None)]}",98.72547788684845,51254.80561769196,35132.328,19860.701261543483,1,,35132.328,41101.358,True,47.665080994752444,54.928196698752444,7.263115703999999
lamf-test-70da499d-f492-45a5-857f-ba98849424d5,"{<resource_manager.instance.OnPremInstance object at 0x12b823e00>: [(4, 35162.328, None), (4, 36902.328, None)]}",105.64492540905647,51540.91773532561,35162.328,20446.800721261483,3,46.854191193246635,35162.328,41038.543676359885,True,60.91676235588876,77.1609309825413,16.24416862665255
lamf-test-b20c0974-09ea-4c80-b141-7811b8b20475,"{<resource_manager.instance.OnPremInstance object at 0x12b823e00>: [(2, 35192.328, None)]}",96.38631983638818,51564.72784627117,35192.328,20468.77828443448,1,,35192.328,39679.634,True,24.22988257662178,27.869985203821777,3.6401026271999974
lamf-test-48887eaf-7764-41b1-8a24-eb297e7a4537,"{<resource_manager.instance.OnPremInstance object at 0x12b823e00>: [(6, 35222.328, None), (6, 36362.328, None)]}",92.60848910013964,51581.26565557944,35222.328,20441.01755983048,1,17.946611909650926,35222.328,37179.23515560497,True,43.66716574800035,50.41752025576085,6.750354507760498
lamf-test-41153241-bf67-4ba2-bd57-821911347a85,"{<resource_manager.instance.OnPremInstance object at 0x12b823e00>: [(3, 35462.328, None)]}",99.23133172494114,51595.88176908127,35462.328,20447.800721261483,3,11.909650924024639,35462.328,45996.286,True,48.06734200319415,60.885062097594144,12.817720094399998
lamf-test-1bd3ea85-4b86-41d6-88ae-4d09629a5e9f,"{<resource_manager.instance.OnPremInstance object at 0x12b823e00>: [(5, 35492.328, None), (5, 36482.328, None)]}",91.30297666017438,51600.76166453822,35492.328,20459.04333460248,2,3.961780267115501,35492.328,37758.69210166495,True,14.177283522935294,21.361936319288326,7.184652796353032
lamf-test-af303474-9c6d-4cd6-af46-9ee1b2d1d0c4,"{<resource_manager.instance.OnPremInstance object at 0x12b823e00>: [(6, 35582.328, None), (3, 37022.328, None), (6, 38642.328, None)]}",83.47238892971743,51626.95720573432,35582.328,20440.01755983048,3,35.318275154004105,35582.328,40126.870566121484,True,69.18874209722753,87.63873106951064,18.4499889722831
lamf-test-5d4708b4-be70-4e57-95c0-9df21e198378,"{<resource_manager.instance.OnPremInstance object at 0x12b823e00>: [(5, 35942.328, None)]}",119.73047030526563,51647.36016310213,35942.328,20435.43014341248,1,31.97125256673511,35942.328,39962.578,True,52.89400334626207,61.04707034626207,8.153067
lamf-test-67a1a99a-4314-4946-83c9-ed2acd2c23fe,"{<resource_manager.instance.CloudReservedInstance object at 0x12b86e3f0>: [(2, 35972.328, None)]}",104.56386159081104,51664.312195190265,35972.328,20454.178352268482,2,,35972.328,48019.53491574663,True,32.74996768926942,46.88856972558966,14.138602036320247
lamf-test-04e82c6f-21eb-4e35-8244-b06d0737db1d,"{<resource_manager.instance.OnPremInstance object at 0x12b823e00>: [(5, 36002.328, None), (4, 41423.4, None), (4, 41963.4, None)]}",95.5159501731966,51896.559876062856,36002.328,20463.31450810848,2,33.27061418654508,36002.328,44481.52675885639,True,54.24165699802623,80.48438578812417,26.24272879009795
lamf-test-9638132b-b89e-4ce9-a020-504ebe7f7390,"{<resource_manager.instance.OnPremInstance object at 0x12b823e00>: [(3, 36032.328, None), (3, 42023.4, None)]}",103.1682902438305,52021.98210508353,36032.328,21058.84410908498,2,19.32589236897695,36032.328,43788.41736514996,True,30.713014950132163,42.2982976195611,11.585282669428937
lamf-test-0967a8c1-fdb4-4be1-a916-cc022480b089,"{<resource_manager.instance.OnPremInstance object at 0x12b823e00>: [(2, 36062.328, None)]}",89.68473907463206,52056.0600045545,36062.328,21065.70066733448,1,,36062.328,46353.585999999996,True,55.569192942429055,63.91746143202905,8.348268489599995
lamf-test-9b398170-0f91-43dd-888b-ca47a69e7be6,"{<resource_manager.instance.OnPremInstance object at 0x12b823e00>: [(5, 36122.328, None), (4, 37862.328, None)]}",66.9431854355246,50146.48286391456,36122.328,36077.03393768298,1,30.01140771161305,36122.328,39430.895838477685,True,60.11203632253687,69.36665636011581,9.254620037578936
lamf-test-428fc4b3-a829-4902-849a-b2c3bb41b1dd,"{<resource_manager.instance.OnPremInstance object at 0x12b823e00>: [(6, 36302.328, None)]}",111.95659614535904,52165.454828931215,36302.328,21052.766565201982,3,30.76008213552361,36302.328,41744.99894605998,True,49.67073644590445,62.91602046023603,13.245284014331572
lamf-test-5c066d18-4f49-4722-a66a-a3c4e7ab30cb,"{<resource_manager.instance.OnPremInstance object at 0x12b823e00>: [(3, 36332.328, None)]}",105.95282638563052,52223.80437580203,36332.328,21085.74983913948,3,,36332.328,44071.104,True,35.31268993839834,44.72923257519834,9.4165426368
lamf-test-faec5c90-186b-4555-954c-a8baf4f027a2,"{<resource_manager.instance.OnPremInstance object at 0x12b823e00>: [(4, 36842.328, None)]}",104.23072108364673,52281.849108836635,36842.328,21064.70066733448,3,33.52998402920374,36842.328,43156.513999999996,True,38.4162202448855,48.660355611285496,10.244135366399991
lamf-test-ff254f04-4cb3-4cab-aa4a-5f045128d210,"{<resource_manager.instance.OnPremInstance object at 0x12b823e00>: [(3, 36872.328, None), (3, 41873.4, None)]}",110.15545315677929,52766.30133232879,36872.328,21645.27412891348,3,22.820314852840518,36872.328,43146.164101664945,True,34.43577551143,43.61847863884181,9.182703127411806
lamf-test-03f57a47-31b2-463e-9964-32e1833cfbcd,"{<resource_manager.instance.OnPremInstance object at 0x12b823e00>: [(6, 36902.328, None)]}",98.51981663568804,52797.706673414425,36902.328,21633.27372687048,1,,36902.328,38184.452,True,20.184019164955448,23.30419613135544,3.120176966399991
lamf-test-9a44ea70-cb8b-427c-9af4-a87498aeb7c6,"{<resource_manager.instance.OnPremInstance object at 0x12b823e00>: [(2, 36962.328, None)]}",116.40460154918469,53040.025370834934,36962.328,21674.13810308948,3,,36962.328,47023.186,True,30.605697771693663,38.76706578129367,8.1613680096
lamf-test-947624f9-c308-44e1-a082-5eef08d3ec8d,"{<resource_manager.instance.OnPremInstance object at 0x12b823e00>: [(4, 37142.328, None)]}",93.19634223972996,53535.94951505403,37142.328,22244.51007592248,2,,37142.328,42738.979999999996,True,20.383908807609007,29.463917012409,9.080008204799991
lamf-test-b37b6ec3-b4f6-4505-b5ff-6313155b88e1,"{<resource_manager.instance.OnPremInstance object at 0x12b823e00>: [(5, 37322.328, None)]}",92.20096869554938,53584.24477055564,37322.328,22260.33108292548,2,,37322.328,44508.159999999996,True,28.756249919603125,43.32911721560311,14.57286729599999
lamf-test-ca1797e6-b093-4c70-86e8-71ffe0d25cca,"{<resource_manager.instance.OnPremInstance object at 0x12b823e00>: [(4, 37352.328, None)]}",87.62355008897632,53937.89787828349,37352.328,22834.13976013848,3,,37352.328,41367.5,True,24.428759601490597,30.942974654290595,6.514215052799997
lamf-test-720b43f5-e992-4463-8b62-736d9e2ae936,"{<resource_manager.instance.CloudReservedInstance object at 0x12b9c8830>: [(2, 37382.328, None)]}",92.64800719218381,53993.98055013657,37382.328,22892.856874732475,2,,37382.328,49973.33058023884,True,34.228259758645805,61.73708219595162,27.508822437305817
lamf-test-c4cd6d33-84be-4a0d-a794-48962ad9461f,"{<resource_manager.instance.OnPremInstance object at 0x12b823e00>: [(4, 37802.328, None)]}",92.44374551049617,54124.44523931387,37802.328,22882.845144679475,1,,37802.328,45012.266,True,76.21730793216216,87.91471134336216,11.697403411200003
lamf-test-783eef72-16ea-4bd4-8850-a7549496bd66,"{<resource_manager.instance.OnPremInstance object at 0x12b823e00>: [(3, 37832.328, None), (3, 39612.864, None)]}",99.85904399571011,54155.39376030916,37832.328,22886.253165441474,2,22.26308303102855,37832.328,42667.645155604965,True,25.45173730896405,35.05240893404429,9.60067162508024
lamf-test-8a7888d4-6626-4d18-8e7e-6823cdaffb96,"{<resource_manager.instance.OnPremInstance object at 0x12b823e00>: [(6, 38222.328, None), (5, 39822.864, None)]}",94.8282048828368,54167.83709440494,38222.328,22862.977687953477,3,39.37806981519507,38222.328,41926.56825198339,True,49.80449124924681,63.08544254949591,13.280951300249104
lamf-test-59f36aea-6cbc-457b-81ba-431f79f73291,"{<resource_manager.instance.OnPremInstance object at 0x12b823e00>: [(2, 38582.328, None)]}",94.81833183066266,54182.45386036975,38582.328,22887.509977491474,3,,38582.328,45511.026000000005,True,21.07749030344514,26.698050121045142,5.620559817600003
lamf-test-b3a0db0a-ecb4-42b0-814b-3c34a8d7aaed,"{<resource_manager.instance.OnPremInstance object at 0x12b823e00>: [(4, 38612.328, None)]}",100.59507953151345,54410.095500285985,38612.328,23483.657409583477,2,,38612.328,42784.878,True,15.197099747346977,21.96664486734697,6.769545119999993
lamf-test-abc545e6-fca4-4495-82db-38cb26110a9d,"{<resource_manager.instance.CloudOnDemandInstance object at 0x12b9c5090>: [(5, 38702.328, None)]}",106.90985136127853,54607.780630212685,38702.328,23458.212392310474,1,,39102.864,54623.18063021268,False,72.24459707476029,,
lamf-test-ef36ad8e-1831-459d-b4cc-a917ad7c30ef,"{<resource_manager.instance.OnPremInstance object at 0x12b823e00>: [(5, 39132.864, None)]}",103.50768504869966,54743.71834475223,39132.864,23496.405138331476,1,,39132.864,48330.17599999999,True,121.0080596243059,139.6602083603059,18.65214873599998
lamf-test-ce4c822f-a3d7-44c8-9dba-10c2ea1d7fc0,"{<resource_manager.instance.OnPremInstance object at 0x12b823e00>: [(6, 39162.864, None), (4, 40973.4, None)]}",86.88519768848549,54751.12836895132,39162.864,23472.868767818472,2,7.8248647622926,39162.864,41753.566,True,14.038115422761276,21.608589128361267,7.570473705599991
lamf-test-b3747e60-f13b-4587-ba76-a5026ef56274,"{<resource_manager.instance.OnPremInstance object at 0x12b823e00>: [(2, 39192.864, None)]}",92.20458272811517,54838.1103025168,39192.864,23494.777494259477,3,,39192.864,44532.382,True,16.24311506578446,20.574532067384453,4.331417001599997
lamf-test-16723367-a744-4f94-a768-1e436a8648c3,"{<resource_manager.instance.CloudReservedInstance object at 0x12b9c4f50>: [(1, 39222.864, None)], <resource_manager.instance.CloudOnDemandInstance object at 0x12b9c5590>: [(1, 39222.864, None)]}",100.67432907273152,55154.09515512557,39222.864,24065.088683456474,3,,39222.864,55169.495155125565,False,20.21272993526195,,
lamf-test-801af7b0-7341-46d2-ba63-e3fe9d27ac0a,"{<resource_manager.instance.OnPremInstance object at 0x12b823e00>: [(6, 39492.864, None), (6, 41573.4, None)]}",98.05192865733181,55230.136144947566,39492.864,24073.130481406475,1,72.42459137577002,39492.864,45268.34452075492,True,149.0895112626464,172.13673764366476,23.047226381018355
lamf-test-a7a41a4b-e265-4559-96d2-89c830b4e4f3,"{<resource_manager.instance.OnPremInstance object at 0x12b823e00>: [(5, 40032.864, None)]}",110.11661546722232,55240.75205942845,40032.864,24053.322455494475,3,,40032.864,51648.46800000001,True,88.33830709559668,111.89475200759668,23.55644491200001
lamf-test-2be5e6dd-c6ce-4cb1-a0eb-f7b6d8f68bd8,"{<resource_manager.instance.CloudOnDemandInstance object at 0x12b9c5590>: [(2, 40062.864, None)]}",93.23301746575929,55270.66693011319,40062.864,24056.616164537474,1,,40463.4,55286.066930113186,False,42.836604183906594,,
lamf-test-a45d60d7-4f78-42c1-a625-3f2365379d5f,"{<resource_manager.instance.OnPremInstance object at 0x12b823e00>: [(5, 40493.4, None)]}",84.78789055156865,55785.797893529234,40493.4,24695.602081057976,3,15.058179329226558,40493.4,47032.59637868699,True,49.73151097944322,62.99300123542044,13.261490255977213
lamf-test-ca0646aa-2851-4f2a-8895-2a2c8b5e84b5,"{<resource_manager.instance.OnPremInstance object at 0x12b823e00>: [(2, 40523.4, None)]}",94.28001103179955,55808.64264511548,40523.4,24682.497941795977,1,,40523.4,50177.445999999996,True,52.12847106243818,59.959833177638174,7.831362115199996
lamf-test-85ef9298-5c31-4c16-9153-df2b312fad0a,"{<resource_manager.instance.OnPremInstance object at 0x12b823e00>: [(3, 40553.4, None)]}",97.20592300310147,55826.32415619698,40553.4,24685.747552790977,3,7.939767282683093,40553.4,52960.89400000001,True,56.616445357061394,71.7138840562614,15.097438699200008
lamf-test-163e5afc-c48a-4e5a-9de1-7c84bd3faaf7,"{<resource_manager.instance.OnPremInstance object at 0x12b823e00>: [(6, 40583.4, 41093.4), (2, 41093.4, None)]}",100.39270820446175,55865.83166865494,40583.4,24681.224135282977,2,2.2041434297739597,40583.4,44898.406,True,12.54793717623949,16.87569404343949,4.3277568672000015
lamf-test-68ac11d3-bedc-4a83-9d98-64a41fc6b97b,"{<resource_manager.instance.OnPremInstance object at 0x12b823e00>: [(2, 40613.4, None)]}",92.68285924520144,55880.86103096589,40613.4,24696.646506559977,2,,40613.4,55896.261030965885,False,41.54599555433201,,
lamf-test-17816b27-b52b-478c-9ec4-0160430c532f,"{<resource_manager.instance.OnPremInstance object at 0x12b823e00>: [(3, 40643.4, None)]}",105.18873887331532,55899.94241427478,40643.4,24711.366642327976,1,,40643.4,48723.666,True,64.5241409993155,74.3562086681155,9.832067668799995
lamf-test-61ec6a0a-d66e-4c08-8b27-302f072141f8,"{<resource_manager.instance.OnPremInstance object at 0x12b823e00>: [(5, 41063.4, None)]}",101.82362679709799,55938.4664372462,41063.4,24708.193194244977,1,,41063.4,46030.54,True,65.35213476309984,75.42549468309984,10.073359919999998
lamf-test-991152cd-8fe7-4378-a610-0074b2c690c7,"{<resource_manager.instance.OnPremInstance object at 0x12b823e00>: [(4, 41093.4, None)]}",88.26977600456904,55975.845896797015,41093.4,24673.817462974977,1,,41093.4,48931.23199999999,True,82.85486713818528,95.57096577498527,12.71609863679998
lamf-test-00d387e4-de4a-4f41-acfd-aaa44673560f,"{<resource_manager.instance.OnPremInstance object at 0x12b823e00>: [(2, 41123.4, None)]}",98.67187509741939,55999.7211389526,41123.4,24677.918941719978,3,,41123.4,47249.808,True,18.636878850102654,23.60662101970265,4.969742169599996
lamf-test-7e75828d-051b-4c5f-920b-c422e487e5af,"{<resource_manager.instance.OnPremInstance object at 0x12b823e00>: [(3, 41183.4, None)]}",99.15520505278813,56141.846540539336,41183.4,24680.224135282977,1,,41183.4,49908.577999999994,True,69.67402007757238,80.29081666797236,10.616796590399991
lamf-test-e15b5aaf-9b3e-4030-9089-2acfa9cb2d3e,"{<resource_manager.instance.OnPremInstance object at 0x12b823e00>: [(5, 41843.4, None), (3, 42803.4, None)]}",97.31114029433286,57033.00003668952,41843.4,25864.421616823973,3,7.30093543235227,41843.4,45642.456000000006,True,41.8472096737395,53.006258582539516,11.159048908800013
lamf-test-48a10b5f-21dc-470f-9659-627dfd23c08d,"{<resource_manager.instance.OnPremInstance object at 0x12b823e00>: [(3, 41873.4, None)]}",92.04085175874731,57161.31579054755,41873.4,25859.681105980973,1,,41873.4,48637.02,True,54.010198494182035,62.24017131018203,8.229972815999995
lamf-test-a4fb3475-0825-4c5b-85c8-d701cc8e051a,"{<resource_manager.instance.OnPremInstance object at 0x12b823e00>: [(3, 41903.4, None)]}",101.67173585300391,57505.86629951953,41903.4,26477.129752142977,2,,41903.4,49204.476,True,23.551679725051006,32.435629001851005,8.883949276800001
lamf-test-6620de74-3135-4711-a32d-634f822e03d2,"{<resource_manager.instance.OnPremInstance object at 0x12b823e00>: [(4, 41933.4, None)]}",98.27879946704434,57607.310064879945,41933.4,26473.436912565976,3,,41933.4,47824.198000000004,True,35.84027986919158,45.39751054439159,9.557230675200003
lamf-test-2655d61c-0fa6-49c7-9b40-d21f2644dd36,"{<resource_manager.instance.OnPremInstance object at 0x12b823e00>: [(4, 41963.4, None)]}",98.54453325124068,57621.65231003662,41963.4,26464.397375286473,3,,41963.4,45191.682,True,19.6412320328542,24.8787967496542,5.237564716799999
lamf-test-9a7f6ef4-eca1-47fa-bd17-e85ad4733068,"{<resource_manager.instance.OnPremInstance object at 0x12b823e00>: [(2, 41993.4, None)]}",78.08322369616431,58110.70463742313,41993.4,27075.481409853975,3,,41993.4,50323.09999999999,True,25.339417446193593,32.096470086193584,6.7570526399999915
lamf-test-2ac6e5ae-946b-4f89-bc34-4a9884f2cfe6,"{<resource_manager.instance.OnPremInstance object at 0x12b823e00>: [(5, 42743.4, None)]}",95.77075929852428,58155.8153153442,42743.4,27081.731108407974,2,,42743.4,46814.03698162152,True,16.289867947857296,24.545119746585726,8.255251798728432
lamf-test-69f48fe6-1e8c-4fc5-9c19-482eb942f9fa,"{<resource_manager.instance.OnPremInstance object at 0x12b823e00>: [(5, 42863.4, None)]}",98.65433601246767,58426.41989246746,42863.4,27104.277085300975,1,,42863.4,45089.792,True,29.292403680888278,33.80752665688828,4.515122975999999
lamf-test-9e35d55c-f665-44e0-9363-3dbcea008e08,"{<resource_manager.instance.CloudOnDemandInstance object at 0x12b9c5590>: [(3, 43163.4, None)], <resource_manager.instance.CloudOnDemandInstance object at 0x12b9c5090>: [(2, 43163.4, None)]}",86.26069651046296,60740.83717254697,43163.4,29459.311145257976,1,,43563.936,60756.23717254697,False,106.59082019516632,,
lamf-test-5aa93d3d-910f-451f-93e3-8a493339688f,"{<resource_manager.instance.OnPremInstance object at 0x12b823e00>: [(2, 43593.936, None)]}",113.0038570701071,67430.31457918929,43593.936,36100.81817254998,1,,43593.936,47451.729999999996,True,20.830738002889923,23.96018049568992,3.1294424927999955
lamf-test-cfb32c98-2421-4b31-9da7-090b5212bb9a,"{<resource_manager.instance.OnPremInstance object at 0x12b823e00>: [(6, 43623.936, None)]}",311.65623815536327,137739.86107275836,43623.936,10229.895803504995,1,139.56418891170432,43623.936,55153.835693719884,True,181.51108347402965,209.57024736866634,28.059163894636708
lamf-test-c1ff5343-c068-4179-8505-1de35f1c5237,"{<resource_manager.instance.OnPremInstance object at 0x12b823e00>: [(4, 43653.936, None)]}",328.6266875432299,137933.5351506155,43653.936,10258.784235243993,2,,43653.936,67763.326,True,87.8102850002253,126.92535933622531,39.115074336
lamf-test-2e0bd3ff-93cb-46df-ab43-ee2f13d4c7e1,"{<resource_manager.instance.CloudOnDemandInstance object at 0x12b9c5590>: [(2, 43683.936, None)], <resource_manager.instance.CloudOnDemandInstance object at 0x12b9c5090>: [(1, 43683.936, None)]}",316.2487464140096,137943.41419246697,43683.936,10240.138158440994,1,,44084.472,137958.814192467,False,368.0465242385965,,
lamf-test-3484ce7d-9fee-4f95-9c2d-f871cc58413f,"{<resource_manager.instance.OnPremInstance object at 0x12b823e00>: [(3, 44114.472, None), (3, 54769.296, None), (5, 57779.832, None)]}",280.48808000057255,137943.77134638614,44114.472,10214.067902247994,3,108.21764088523841,44114.472,61634.96594091271,True,140.59496745005674,178.0862632936329,37.491295843576154
lamf-test-34f82a8b-288c-437f-910d-553d4a2c7dfc,"{<resource_manager.instance.OnPremInstance object at 0x12b823e00>: [(2, 44144.472, None)]}",332.1651620956545,138014.94990003004,44144.472,10220.573890247995,1,,44144.472,53799.242999999995,True,52.13238580880672,59.964336044006714,7.831950235199995
lamf-test-75f66efa-1a77-47ea-a0c6-c0317f11e7c2,"{<resource_manager.instance.CloudReservedInstance object at 0x12b9c8830>: [(1, 44174.472, None)], <resource_manager.instance.CloudReservedInstance object at 0x12b9c4f50>: [(1, 44174.472, None)], <resource_manager.instance.CloudReservedInstance object at 0x12b86e3f0>: [(1, 44174.472, None)], <resource_manager.instance.CloudReservedInstance object at 0x12b9d06e0>: [(1, 44174.472, None)], <resource_manager.instance.CloudOnDemandInstance object at 0x12b9c5590>: [(1, 44174.472, None)]}",323.850834844211,138296.47039251213,44174.472,10241.138158440994,3,112.5161761350673,44174.472,70202.10338879577,True,138.56066599860856,230.32368322294693,91.76301722433837
lamf-test-9d2ced27-20c6-49c1-84d1-76444fddb91f,"{<resource_manager.instance.OnPremInstance object at 0x12b823e00>: [(3, 44204.472, None)]}",313.4023701696379,138484.49594350997,44204.472,10821.583162140992,2,,44204.472,64473.632,True,65.38389199288088,90.04740588088087,24.663513887999997
lamf-test-26bbd872-e5de-48b0-8f8f-e6417ce7af20,"{<resource_manager.instance.CloudOnDemandInstance object at 0x12b9c5590>: [(2, 44234.472, None)]}",298.1380358381042,138645.87164550117,44234.472,11406.028578769992,2,,44635.008,138661.2716455012,False,191.59541800339724,,
lamf-test-6323d458-f602-48c5-98a5-f5c1a1584292,"{<resource_manager.instance.OnPremInstance object at 0x12b823e00>: [(5, 44665.008, None)]}",313.6595923894348,138790.83634408587,44665.008,10823.516883342993,1,,44665.008,52611.452,True,104.55052186478053,120.66591029678052,16.11538843199999
lamf-test-d2eb5728-b98d-4dc8-9b54-d5b61be5f0ce,"{<resource_manager.instance.OnPremInstance object at 0x12b823e00>: [(4, 44695.008, None)]}",294.31398108778467,139052.20724918297,44695.008,11426.908000783993,2,27.950994050608877,44695.008,62611.401,True,65.25439156718778,94.32194757038778,29.067556003199993
lamf-test-a3da9951-7484-4541-a43a-d268b07d7f2b,"{<resource_manager.instance.OnPremInstance object at 0x12b823e00>: [(4, 44725.008, None)]}",322.8627978188001,139142.69367503093,44725.008,11444.532624277994,2,,44725.008,59546.869,True,53.983607160684045,78.03059444708404,24.046987286399993
lamf-test-3babe4ac-4db5-41c5-ad0c-7fee914c7ec7,"{<resource_manager.instance.OnPremInstance object at 0x12b823e00>: [(3, 44755.008, None), (3, 62309.832, None)]}",293.72278396528714,139209.23662564473,44755.008,11438.292354460493,2,56.62803571386447,44755.008,63515.78769371988,True,64.40833611372123,88.70385973315794,24.295523619436704
lamf-test-3058457a-d1e2-4d92-baae-1c4c74ce602b,"{<resource_manager.instance.OnPremInstance object at 0x12b823e00>: [(5, 44785.008, None), (4, 55919.832, None)]}",296.32729201787157,139214.42867840352,44785.008,11429.962963912993,2,107.1633471486264,44785.008,68105.95544248579,True,137.70955272955197,204.7752008160021,67.06564808645012
lamf-test-151fcd56-358d-466c-9e97-a24b8c315d14,"{<resource_manager.instance.CloudOnDemandInstance object at 0x12b9c5090>: [(4, 44815.008, 67589.832), (1, 67589.832, None)]}",286.90020368365816,139294.09660812476,44815.008,12015.251371552995,1,83.71611225188225,45215.544,67599.38339708131,False,83.72652394540766,,
lamf-test-efb02442-ed88-49c8-bf51-dea5e65f914e,"{<resource_manager.instance.OnPremInstance object at 0x12b823e00>: [(2, 45245.544, None)]}",304.7860416350407,139379.7090310561,45245.544,11439.535407211994,3,,45245.544,90448.045,True,137.5085588257662,174.17682763696618,36.668268811199994
lamf-test-032ba352-18f7-47d0-a6f0-b7f2f4956a0a,"{<resource_manager.instance.OnPremInstance object at 0x12b823e00>: [(6, 45275.544, None)]}",307.62274626708137,139409.38168690266,45275.544,11421.425966644993,3,,45275.544,49570.894,True,39.20009126169289,49.653255021692885,10.453163759999997
lamf-test-8fdaa8c6-0ab8-4102-bf2c-7c6a5957696b,"{<resource_manager.instance.OnPremInstance object at 0x12b823e00>: [(3, 45305.544, None)]}",305.80076715201267,139455.8202337219,45305.544,12060.452804862995,3,,45305.544,61620.731999999996,True,74.44758384668032,94.29990460508031,19.852320758399994
lamf-test-2674780b-0edf-4613-bd86-e3e24ce33fcb,"{<resource_manager.instance.CloudOnDemandInstance object at 0x12b86e8b0>: [(4, 45335.544, None)], <resource_manager.instance.CloudOnDemandInstance object at 0x12b86e520>: [(1, 45335.544, None)]}",302.61464185285956,139500.34628702718,45335.544,12018.251371552995,1,790.7408952772068,45736.08,139515.7462870272,False,1260.6065558230123,,
lamf-test-1393ec0f-c39a-48b5-8afc-5e45c5c5f7c7,"{<resource_manager.instance.OnPremInstance object at 0x12b823e00>: [(6, 45766.08, None)]}",354.69102159935267,139623.72042408612,45766.08,12007.645580398994,3,,45766.08,50984.38465772967,True,47.623131715534285,60.32239793058521,12.699266215050926
lamf-test-e4ed1a21-f292-441c-946a-d7b9f0990c7d,"{<resource_manager.instance.OnPremInstance object at 0x12b823e00>: [(2, 45796.08, None)]}",297.2172710903451,139633.8142800337,45796.08,12034.448957684994,1,,45796.08,82142.328,True,196.25702395619436,225.74110033379435,29.484076377599994
lamf-test-d457b8b2-16f3-450b-ba2f-e7b966006e63,"{<resource_manager.instance.OnPremInstance object at 0x12b823e00>: [(6, 45826.08, 53689.296), (1, 53689.296, None)]}",308.6020686022321,139668.55836977708,45826.08,12062.687301535994,1,123.78779466119097,45826.08,66804.305,True,160.69214731158263,185.14751741958264,24.455370108
lamf-test-0479ea03-d843-4f1c-b0bd-6f829a2c5a10,"{<resource_manager.instance.OnPremInstance object at 0x12b823e00>: [(5, 45856.08, None)]}",326.10114994784385,139771.99820789407,45856.08,12016.251371552995,3,,45856.08,54297.73299999999,True,64.19996197429455,81.31963425829454,17.119672283999982
lamf-test-3c60492c-5568-42f7-a13b-d4f3117a23dc,"{<resource_manager.instance.OnPremInstance object at 0x12b823e00>: [(6, 45886.08, None)]}",288.51703100665657,139782.41632461184,45886.08,12039.655409902993,2,,45886.08,52761.25269371988,True,29.713464159654905,46.444884427091594,16.731420267436693
lamf-test-b6b347a8-b100-462f-bbd1-cdcde8345e59,"{<resource_manager.instance.CloudOnDemandInstance object at 0x12b86e520>: [(4, 45916.08, None)]}",310.4633474601291,139835.84100664427,45916.08,12045.147067213993,1,,46316.616,139851.24100664427,False,993.0023104360448,,
lamf-test-0b319882-7fad-4ae3-8912-b51a1940b68d,"{<resource_manager.instance.OnPremInstance object at 0x12b823e00>: [(2, 46346.616, None)]}",309.96889456321867,140024.85079704324,46346.616,12013.601638912995,3,,46346.616,100235.17900000002,True,163.93204958551985,207.64645189111985,43.71440230560001
lamf-test-c777b76c-0cc3-4d24-b87d-dcc762dd2026,"{<resource_manager.instance.OnPremInstance object at 0x12b823e00>: [(2, 46376.616, None)]}",310.2741421688458,140189.38029397762,46376.616,12035.448957684994,1,,46376.616,76780.356,True,164.16955966233172,188.83307355033173,24.663513887999997
lamf-test-95f36198-5f8e-46dc-93db-fc5d6a810881,"{<resource_manager.instance.OnPremInstance object at 0x12b823e00>: [(3, 46406.616, None)]}",312.84764381313755,140408.45046216674,46406.616,12617.458982020995,2,,46406.616,70867.848,True,78.90660249861372,108.67102959621371,29.7644270976
lamf-test-64282f81-8a38-42e2-8686-39f8e7fadae5,"{<resource_manager.instance.CloudReservedInstance object at 0x12b9d06e0>: [(3, 46436.616, None)], <resource_manager.instance.CloudReservedInstance object at 0x12b86e650>: [(1, 46436.616, None)], <resource_manager.instance.CloudOnDemandInstance object at 0x12b86e520>: [(1, 46436.616, None)]}",308.1387838586121,140453.22039366965,46436.616,12630.588855046995,2,,46436.616,69419.16116362586,True,143.91571138671938,250.03531542524541,106.11960403852603
lamf-test-e1a8ae4a-b274-4245-9dc7-b8b20b25f60b,"{<resource_manager.instance.OnPremInstance object at 0x12b823e00>: [(4, 46466.616, None)]}",307.3714712616934,140527.15704575065,46466.616,12652.099734871994,3,,46466.616,76167.847,True,180.70564149364964,228.89291866804962,48.18727717439999
lamf-test-20e1ba49-4666-4d28-9ab3-d9b988f76cc5,"{<resource_manager.instance.CloudOnDemandInstance object at 0x12b86e520>: [(6, 46496.616, None)]}",285.6765311197183,140628.0938429951,46496.616,13242.361925195994,1,676.686258726899,46897.152,140643.49384299509,False,1482.1205957487248,,
lamf-test-87976d93-8677-4270-9b15-bf91d2c51eaa,"{<resource_manager.instance.OnPremInstance object at 0x12b823e00>: [(3, 46927.152, None)]}",311.39111778496914,140979.9314613605,46927.152,13226.525881576994,2,,46927.152,64447.758,True,56.5176559045279,77.8367292853279,21.319073380800003
lamf-test-3d2e4ca8-d6e8-4002-a809-14108f6da5be,"{<resource_manager.instance.CloudOnDemandInstance object at 0x12b9d0440>: [(5, 46957.152, None)]}",306.2018292174168,141009.05973407903,46957.152,13249.978589696992,2,200.44058408236756,47357.688,141024.45973407905,False,317.2366776971465,,
lamf-test-6ffd71d7-ab96-484d-939d-8341469b380b,"{<resource_manager.instance.OnPremInstance object at 0x12b823e00>: [(3, 47387.688, None), (3, 64679.832, None), (6, 67979.832, None)]}",291.65416309527114,141083.79830772313,47387.688,13241.361925195994,3,109.0218754277891,47387.688,70079.97562173948,True,147.3544078802551,186.6481877351855,39.293779854930385
lamf-test-68fc4f1f-0368-4356-8862-a5c873470b2b,"{<resource_manager.instance.OnPremInstance object at 0x12b823e00>: [(4, 47417.688, None), (4, 60539.832, None)]}",313.35740939256686,141085.47421082394,47417.688,13228.393369132993,2,54.567383685543916,47417.688,62381.28254057983,True,61.20668328888718,88.4711884285606,27.264505139673417
lamf-test-404ab15a-5fdc-47da-96ca-6bf36dbfc057,"{<resource_manager.instance.OnPremInstance object at 0x12b823e00>: [(4, 47447.688, None)]}",285.63536765098837,141169.79753271054,47447.688,13264.53705116399,2,44.18722424349075,47447.688,61497.999,True,51.17349768085384,73.96872224725385,22.7952245664
lamf-test-19917d27-b721-40ad-a37a-4370c7a734bc,"{<resource_manager.instance.OnPremInstance object at 0x12b823e00>: [(2, 47477.688, None)]}",301.1069329229973,141194.64421190167,47477.688,13833.325032197992,2,,47477.688,67028.939,True,53.14948460774513,69.00945941894513,15.859974811199997
lamf-test-0aaede3d-34d4-43d5-b971-8a2a954407b0,"{<resource_manager.instance.OnPremInstance object at 0x12b823e00>: [(2, 47507.688, None)]}",291.4038438976179,141355.79939023367,47507.688,13827.781775097992,1,,47507.688,82871.21800000001,True,190.95069054680968,219.6375860828097,28.686895536000005
lamf-test-68ff13a7-de65-4a50-8bee-581fe346b072,"{<resource_manager.instance.CloudReservedInstance object at 0x12b9c8830>: [(1, 47537.688, None)], <resource_manager.instance.CloudReservedInstance object at 0x12b9c51d0>: [(1, 47537.688, None)], <resource_manager.instance.CloudReservedInstance object at 0x12b9c4f50>: [(2, 47537.688, None)], <resource_manager.instance.CloudOnDemandInstance object at 0x12b9c5090>: [(2, 61289.832, None)], <resource_manager.instance.CloudOnDemandInstance object at 0x12b9c5590>: [(3, 61289.832, None)]}",316.0799972187193,141361.61770682666,47537.688,13837.898197911993,1,86.45858270590921,47537.688,71643.64796395034,True,214.28347114974054,309.01077329536946,94.72730214562891
lamf-test-4cc1e286-0e7f-464c-8240-c10883a7da2a,"{<resource_manager.instance.CloudOnDemandInstance object at 0x12b86e8b0>: [(2, 47567.688, None)], <resource_manager.instance.CloudOnDemandInstance object at 0x12b9d0440>: [(2, 47567.688, None)]}",316.2330750787407,141417.33647359014,47567.688,13826.781775097992,3,,47968.224,120128.66109831246,True,367.89095798571475,938.4233772631259,570.5324192774111
lamf-test-c5f3d318-ed60-437f-9c1e-4a6f0f18365e,"{<resource_manager.instance.CloudReservedInstance object at 0x12b86e3f0>: [(2, 47998.224, None)], <resource_manager.instance.CloudReservedInstance object at 0x12b9d06e0>: [(1, 47998.224, None)], <resource_manager.instance.CloudOnDemandInstance object at 0x12b86e8b0>: [(2, 47998.224, None)], <resource_manager.instance.CloudOnDemandInstance object at 0x12b86e520>: [(1, 86540.90399999998, None)]}",302.37657057421836,141456.5998519661,47998.224,13836.898197911993,2,347.8575866686261,47998.224,101741.47361460407,True,414.93871493324065,777.1486456065277,362.2099306732871
lamf-test-cd918581-b0d1-458e-92b2-5c59b3bd83b5,"{<resource_manager.instance.OnPremInstance object at 0x12b823e00>: [(3, 48028.224, None)]}",301.10787935133226,141482.57156334075,48028.224,13841.753488654993,2,51.778988561147216,48028.224,65581.53,True,56.62313897675028,77.98200171755028,21.3588627408
lamf-test-59fd6bbc-b1e0-4afd-a720-743bb563c136,"{<resource_manager.instance.CloudReservedInstance object at 0x12b86e3f0>: [(2, 48088.224, None)]}",321.20760313523465,141502.41342119485,48088.224,13823.505183188992,2,,48088.224,98210.11577229241,True,136.25484708178126,195.07789926574364,58.82305218396237
lamf-test-499e704f-e77f-4d06-942d-f6729f7df6df,"{<resource_manager.instance.OnPremInstance object at 0x12b823e00>: [(3, 48268.224, None)]}",295.12516285873096,141524.49114384205,48268.224,13866.938675472993,2,,48268.224,69040.29299999999,True,67.0061668053668,92.28162036456679,25.27545355919999
lamf-test-a7598ecc-5cec-4bf9-9a0f-c71ca0dbae0e,"{<resource_manager.instance.OnPremInstance object at 0x12b823e00>: [(6, 48688.224, 51188.76), (1, 51188.76, None)]}",294.2224632206372,141554.4286842597,48688.224,13828.959486567992,3,22.820314852840518,48688.224,61606.758,True,38.66638375541866,48.97722815381866,10.3108443984
lamf-test-f9efe039-70ce-49b9-a1a8-bee3de1d2b34,"{<resource_manager.instance.OnPremInstance object at 0x12b823e00>: [(5, 48808.224, 50318.76), (2, 50318.76, None)]}",307.9037058422363,141567.82834537703,48808.224,14425.376956336993,3,11.487839379420489,48808.224,79734.87299999999,True,100.97331508099472,127.89903295459472,26.925717873599993
lamf-test-398c2e41-0ba6-4e76-8602-21bfa67e2257,"{<resource_manager.instance.OnPremInstance object at 0x12b823e00>: [(5, 49288.224, None)]}",308.43937206382503,141679.3242324344,49288.224,13809.66826828749,2,,49288.224,65380.712,True,64.39889031029594,97.03445597429592,32.63556566399999
lamf-test-e3ac6e81-3f29-40d1-91c8-119f86b94741,"{<resource_manager.instance.OnPremInstance object at 0x12b823e00>: [(2, 49318.224, None)]}",292.3170995981352,141747.5697021601,49318.224,13838.898197911993,2,,49318.224,78516.546,True,79.37475539089475,103.06043419729474,23.6856788064
lamf-test-95c3a7f0-6def-4a58-8473-af92a11ec586,"{<resource_manager.instance.CloudReservedInstance object at 0x12b9c8830>: [(2, 49408.224, None)], <resource_manager.instance.CloudOnDemandInstance object at 0x12b86e8b0>: [(1, 49408.224, None)]}",312.05091942501133,141809.25546247995,49408.224,13830.959486567992,1,,49408.224,133165.1194505204,True,687.9416464108451,1057.6948370667124,369.75319065586734
lamf-test-308f236e-0576-4952-874f-b146870f6d77,"{<resource_manager.instance.CloudOnDemandInstance object at 0x12b86e8b0>: [(3, 49438.224, None)]}",296.126707886245,141991.4520253766,49438.224,14456.579349510992,3,,49838.76,103119.56477597459,True,244.95250182968095,604.0484628164854,359.0959609868044
lamf-test-2b6c6b3a-28c9-458c-9ffa-76aefcc26451,"{<resource_manager.instance.OnPremInstance object at 0x12b823e00>: [(5, 49868.76, None), (4, 56819.832, None)]}",317.28833254019617,142094.19235773207,49868.76,14420.990157361994,1,266.5674542550764,49868.76,66575.03535398863,True,322.9263748151533,372.63354315455337,49.70716833940008
lamf-test-893ff824-f1d2-4433-939e-c7c4d678a42b,"{<resource_manager.instance.CloudReservedInstance object at 0x12b9c51d0>: [(2, 49898.76, None)]}",291.47945752946964,142119.3668516077,49898.76,14411.076765594993,1,,49898.76,142134.7668516077,False,259.5431024039459,,
lamf-test-416bbbfd-81e6-4f7c-9a56-8c0e7175f623,"{<resource_manager.instance.OnPremInstance object at 0x12b823e00>: [(3, 49928.76, None)]}",318.1012839054559,142121.4104096048,49928.76,14463.736986144992,2,,49928.76,60071.03999999999,True,32.71678451803407,45.05791082203406,12.34112630399999
lamf-test-7c801ce0-8eb2-4e0d-9312-eaf55e74d22a,"{<resource_manager.instance.CloudReservedInstance object at 0x12b9c51d0>: [(2, 49958.76, None)]}",282.54429039316733,142158.79417439675,49958.76,14451.022380062992,2,,49958.76,142174.19417439678,False,187.10847686608085,,
lamf-test-3e7fd149-2562-452d-b778-aa63ebe3ca13,"{<resource_manager.instance.CloudReservedInstance object at 0x12b9c8830>: [(2, 49988.76, None)]}",306.14407437283273,142173.0706920299,49988.76,14464.736986144992,2,,49988.76,77210.6610864938,True,74.00191490509546,133.4763243988671,59.47440949377164
lamf-test-9ad3c991-d587-4e6c-87f0-aa8b942b2b5d,"{<resource_manager.instance.CloudReservedInstance object at 0x12b9c51d0>: [(1, 50018.76, None)], <resource_manager.instance.CloudReservedInstance object at 0x12b9c4f50>: [(1, 50018.76, None)], <resource_manager.instance.CloudReservedInstance object at 0x12b9d06e0>: [(1, 50018.76, None)], <resource_manager.instance.CloudOnDemandInstance object at 0x12b9c5590>: [(1, 50018.76, None)], <resource_manager.instance.CloudOnDemandInstance object at 0x12b9d0440>: [(2, 50018.76, None)]}",294.2702271699325,142252.83541577397,50018.76,14412.076765594993,2,556.5367422714853,50018.76,133995.42176897413,True,697.5146372062759,1166.5074978536427,468.9928606473667
lamf-test-17fee575-0b26-45f7-83d5-67d080c53e61,"{<resource_manager.instance.OnPremInstance object at 0x12b823e00>: [(5, 50318.76, None)]}",339.37001802300927,142281.41623517228,50318.76,14459.380213035993,3,,50318.76,65908.339,True,118.56094760057803,150.17661381257804,31.615666212000008
lamf-test-3d742955-a0c8-4cdc-8c38-f5e5804b4cff,"{<resource_manager.instance.OnPremInstance object at 0x12b823e00>: [(4, 51008.76, None)]}",303.65987588610506,142281.4176725494,51008.76,14441.929081014992,1,,51008.76,64122.294,True,138.62508373260323,159.90048129420322,21.2753975616
lamf-test-c8945c61-1ea7-4681-928a-edc22713889d,"{<resource_manager.instance.OnPremInstance object at 0x12b823e00>: [(5, 51038.76, 56519.832), (2, 56519.832, None)]}",305.7727422550137,142288.45761756614,51038.76,14460.930510858992,2,21.934144335595246,51038.76,60500.831000000006,True,32.75636973047913,47.10137013527913,14.345000404800004
lamf-test-821bad57-9b5b-4590-ab6a-b75593f800f8,"{<resource_manager.instance.OnPremInstance object at 0x12b823e00>: [(4, 51188.76, 55679.832), (1, 55679.832, None)]}",293.93899056747387,142293.4102757965,51188.76,14433.067897518993,3,27.32418891170431,51188.76,137308.608,True,151.48386036960986,191.87880712800987,40.3949467584
lamf-test-2148cf4d-7170-4032-92ad-bc67bc5cec9e,"{<resource_manager.instance.CloudOnDemandInstance object at 0x12b9d0440>: [(3, 51218.76, None)]}",290.5571510371029,142458.2081473093,51218.76,15016.614016325992,3,,51619.296,142473.60814730934,False,277.60239758859024,,
lamf-test-5fc71200-6539-46cf-9073-1ac0b6be235f,"{<resource_manager.instance.OnPremInstance object at 0x12b823e00>: [(5, 51679.296, None), (3, 61829.832, None)]}",298.6298021940167,142508.73165374593,51679.296,15038.244236999491,2,62.51996542994613,51679.296,67047.79635398863,True,78.33365343671494,115.85019118053722,37.51653774382228
lamf-test-55230e23-b521-4f16-a8cb-73a7c6580475,"{<resource_manager.instance.OnPremInstance object at 0x12b823e00>: [(4, 52639.296, 56129.832), (1, 56129.832, None)]}",312.3489385286271,142579.63272683814,52639.296,15013.98402734299,2,12.713094813412802,52639.296,124165.383,True,150.75970744747232,184.01797253947234,33.258265092
lamf-test-927fb6c3-ba3c-488b-96a5-466be1c02fa9,"{<resource_manager.instance.OnPremInstance object at 0x12b823e00>: [(6, 52819.296, 57299.832), (1, 57299.832, None)]}",330.8093779162473,142593.99019800464,52819.296,15031.183896169492,1,70.53547433264887,52819.296,98864.724,True,187.49501528633357,215.25756789113356,27.7625526048
lamf-test-56207b5b-5fb7-4cc8-b917-b36e1b064de2,"{<resource_manager.instance.OnPremInstance object at 0x12b823e00>: [(5, 52999.296, None), (3, 59969.832, None)]}",317.0752713451876,142730.94620892554,52999.296,15014.98402734299,2,55.43175961049492,52999.296,64881.87844248579,True,63.396888740075944,93.47174404465382,30.074855304577873
lamf-test-1e5c4d41-c6bb-47f9-a0f9-f492c659a647,"{<resource_manager.instance.OnPremInstance object at 0x12b823e00>: [(6, 53839.296, 56339.832), (1, 56339.832, None)]}",295.19389174920065,142831.48452573596,53839.296,15032.183896169492,3,22.820314852840518,53839.296,69729.084,True,43.18574492356833,54.70172994436833,11.5159850208
lamf-test-58f4bde2-1252-4878-b4ed-54f9ec3d6ddb,"{<resource_manager.instance.OnPremInstance object at 0x12b823e00>: [(3, 54319.296, None)]}",306.6623561408906,142855.26077539587,54319.296,15020.117011189492,3,,54319.296,77509.90099999998,True,105.82069358886598,134.03902175286595,28.218328163999978
lamf-test-28862540-93f6-42de-8ec4-72cbed9815ad,"{<resource_manager.instance.OnPremInstance object at 0x12b823e00>: [(6, 55219.296, None)]}",315.0001679546882,143057.44510428864,55219.296,15637.90506666249,3,78.39868583162217,55219.296,65315.923117149854,True,92.14352833356013,116.714680085856,24.571151752295883
lamf-test-12047e13-b691-4e4d-bcc8-16e2900e16aa,"{<resource_manager.instance.CloudOnDemandInstance object at 0x12b9c5090>: [(3, 55249.296, None)]}",306.19560311302496,143066.58356368667,55249.296,15663.37480324849,1,,55649.832,143081.9835636867,False,247.1525925816722,,
lamf-test-e050ad2a-f776-4985-ad86-c1f9e8bbb5cd,"{<resource_manager.instance.OnPremInstance object at 0x12b823e00>: [(3, 55679.832, None)]}",326.0139069441622,143157.01794431504,55679.832,15665.98649513749,3,,55679.832,93239.19799999999,True,171.3865662788044,217.08880282760438,45.70223654879999
lamf-test-8aea85bd-3d6c-4aba-b7de-dd2346b0e93e,"{<resource_manager.instance.CloudReservedInstance object at 0x12b9c4f50>: [(1, 55709.832, None)], <resource_manager.instance.CloudOnDemandInstance object at 0x12b9c5590>: [(3, 55709.832, None)], <resource_manager.instance.CloudOnDemandInstance object at 0x12b9c5090>: [(2, 55709.832, None)]}",302.51103083949494,143260.7597380826,55709.832,15627.09126725649,1,,55709.832,143276.1597380826,False,625.9970193459401,,
lamf-test-8d46ff55-9a1d-4004-b52e-0bb94df560fe,"{<resource_manager.instance.OnPremInstance object at 0x12b823e00>: [(3, 56129.832, None)]}",314.6188735020299,143320.7214593885,56129.832,15644.870971964488,1,,56129.832,75688.783,True,156.18601072324887,179.98534230004887,23.799331576799993
lamf-test-232b6ce2-ea24-476c-b62f-210ae1decc5b,"{<resource_manager.instance.OnPremInstance object at 0x12b823e00>: [(4, 56339.832, None)]}",311.1617610976437,143365.3754388013,56339.832,15635.79331981449,2,18.137962814535,56339.832,70261.484,True,50.70490086202746,73.29138906682745,22.58648820479999
lamf-test-5c2155b4-aa4a-428b-9192-860339f49ef5,"{<resource_manager.instance.OnPremInstance object at 0x12b823e00>: [(2, 56519.832, None)]}",326.1375748222798,143417.19071661052,56519.832,15642.48114198249,3,,56519.832,94839.216,True,116.5697284964636,147.6544127972636,31.0846843008
lamf-test-62ab7363-ee6e-4e41-9bd6-da86db171176,"{<resource_manager.instance.OnPremInstance object at 0x12b823e00>: [(6, 61709.832, 64709.832), (1, 64709.832, None)]}",317.6880653321237,143546.67276054094,61709.832,15673.968743724488,3,27.37850787132101,61709.832,118879.85800000001,True,109.77264582858011,139.04480837418012,29.272162545600004
lamf-test-62c9483c-2445-4359-99d9-4d8c66a14529,"{<resource_manager.instance.OnPremInstance object at 0x12b823e00>: [(3, 61769.832, None)]}",345.02192360533996,143961.3563419615,61769.832,16236.058069917488,2,,61769.832,73397.739,True,37.50909339071099,51.657930628310986,14.1488372376
lamf-test-1f9296c3-4641-4962-ac2a-3bdd3909621e,"{<resource_manager.instance.OnPremInstance object at 0x12b823e00>: [(2, 61799.832, None)]}",333.675220822951,144069.6904323256,61799.832,16237.058069917488,2,,61799.832,70241.485,True,22.9483784023552,29.7962473159552,6.847868913599998
lamf-test-e000b273-6e93-45bd-85e3-de8e007da692,"{<resource_manager.instance.OnPremInstance object at 0x12b823e00>: [(3, 61829.832, None)]}",284.69120725614476,144160.74520465077,61829.832,16229.954007540488,3,134.25084188911694,61829.832,96222.94399999999,True,156.93868126853747,198.78821995013746,41.84953868159999
lamf-test-79b31340-0554-44ef-87de-f4504dbdfc60,"{<resource_manager.instance.OnPremInstance object at 0x12b823e00>: [(6, 62429.832, 64919.832), (1, 64919.832, None)]}",304.54338810954675,144318.29284903864,62429.832,16868.01252868149,1,39.19917864476386,62429.832,91407.754,True,113.73360057799073,130.53676574119072,16.8031651632
lamf-test-e5f8465a-4435-4b7a-801a-354ef982dcda,"{<resource_manager.instance.OnPremInstance object at 0x12b823e00>: [(3, 62669.832, None), (3, 71620.36799999999, None), (4, 74920.36799999999, None)]}",304.6031866584939,144634.0097881021,62669.832,16837.56107543949,1,266.19083915126595,62669.832,84057.75671969558,True,366.7012657368438,422.68440658872913,55.9831408518853
lamf-test-56707fec-34cd-4c0e-a454-d4551f611032,"{<resource_manager.instance.OnPremInstance object at 0x12b823e00>: [(4, 63569.832, None), (3, 69160.36799999999, None), (6, 70270.36799999999, None)]}",312.7950515260771,144663.53134443704,63569.832,16845.92674801149,3,45.83184120465425,63569.832,72371.0309640098,True,87.36902050669629,110.6669937897272,23.297973283030906
lamf-test-e846f77b-9785-4a57-980e-5e6be4c30da6,"{<resource_manager.instance.OnPremInstance object at 0x12b823e00>: [(3, 63599.832, None)]}",318.0816768556553,144755.98467515383,63599.832,16869.01252868149,3,143.28574948665286,63599.832,97987.94399999999,True,156.91586584531134,198.75932052691132,41.84345468159999
lamf-test-3bd57c11-f664-4998-9d53-96c6dc4f87c4,"{<resource_manager.instance.OnPremInstance object at 0x12b823e00>: [(4, 64169.832, None), (3, 84440.90399999998, None)]}",326.99178124993756,144863.72876650456,64169.832,16854.851965088492,1,315.0504987451515,64169.832,92859.381,True,370.5063043577459,427.2958314689459,56.7895271112
lamf-test-9655ffad-b7de-4846-8625-1393b7fdfd45,"{<resource_manager.instance.OnPremInstance object at 0x12b823e00>: [(3, 64529.832, None)]}",323.69507710357215,145102.45071831194,64529.832,17427.17250942749,1,,64529.832,89263.57299999999,True,197.50876910791686,227.60478515671684,30.096016048799985
lamf-test-9c4c82a6-08d5-47bd-9589-83ce8af6f468,"{<resource_manager.instance.OnPremInstance object at 0x12b823e00>: [(6, 64709.832, 69700.36799999999), (1, 69700.36799999999, None)]}",291.9040113839834,145151.83000358718,64709.832,17445.00179043749,3,45.54447638603683,64709.832,86059.61899999999,True,70.4273587345044,89.20763934970437,18.780280615199967
lamf-test-08f07093-2907-4ba0-a255-32c22f0fcc78,"{<resource_manager.instance.OnPremInstance object at 0x12b823e00>: [(3, 64919.832, 67919.832), (1, 67919.832, None)]}",298.09142219625704,145157.0674730395,64919.832,17465.83741913049,3,13.689253935660473,64919.832,70910.44,True,18.238053083884683,23.101443688684675,4.863390604799994
lamf-test-6f2e770b-ffa0-4b22-be2e-700e1acc453c,"{<resource_manager.instance.OnPremInstance object at 0x12b823e00>: [(6, 64949.832, 66959.832), (1, 66959.832, None)]}",314.03861715723247,145547.8088253529,64949.832,18041.368063709488,3,18.34360027378501,64949.832,80572.111,True,39.04826070423601,49.46093706663599,10.412676362399987
lamf-test-dd9abd19-48be-42ba-b1bc-fa915a5dcef1,"{<resource_manager.instance.OnPremInstance object at 0x12b823e00>: [(4, 64979.832, None), (3, 79580.90399999998, None), (4, 86210.90399999998, None)]}",320.9475259671587,145715.21596236524,64979.832,18038.565385697486,2,98.71392166383306,64979.832,86946.29363997986,True,106.4429435845756,152.2366332151098,45.79368963053421
lamf-test-a0961e5f-36f8-49a0-be25-041d077e1525,"{<resource_manager.instance.OnPremInstance object at 0x12b823e00>: [(2, 65369.832, None)]}",302.7913218356865,145813.93806978775,65369.832,18073.484673877487,2,,65369.832,79696.484,True,38.946570219702096,50.56835032210209,11.621780102399995
lamf-test-3e227187-9182-4a9b-bf09-75d5b5a39b59,"{<resource_manager.instance.OnPremInstance object at 0x12b823e00>: [(2, 65399.832, None)]}",320.9833484047092,145843.51706531201,65399.832,18055.169225460486,2,,65399.832,106920.87,True,112.87368619422872,146.5555522198287,33.681866025599994
lamf-test-f86b8860-b2ed-456c-9f30-6f6a9139ebf4,"{<resource_manager.instance.OnPremInstance object at 0x12b823e00>: [(5, 65429.832, None), (4, 79040.90399999998, None), (8, 80150.90399999998, None)]}",305.1378797801942,146144.78256837826,65429.832,18058.913961820486,3,213.34757015742628,65429.832,84914.86282698615,True,241.89316306755615,306.3968099873912,64.503646919835
lamf-test-9329565e-0cc9-410e-9937-6b7537e158ae,"{<resource_manager.instance.OnPremInstance object at 0x12b823e00>: [(6, 65969.832, 70450.36799999999), (2, 70450.36799999999, None)]}",289.93639360238836,146251.31758039616,65969.832,18637.097387827485,1,70.53547433264876,65969.832,79383.575,True,118.77166697087225,136.92211689887225,18.150449927999993
lamf-test-e9e3c180-3644-4ec5-bd7f-fb857cf9758f,"{<resource_manager.instance.OnPremInstance object at 0x12b823e00>: [(5, 66629.832, None)]}",277.1468078662494,146384.57674596747,66629.832,18633.173754514486,1,,66629.832,71109.813,True,58.94263540953684,68.02803687753683,9.085401467999999
lamf-test-20435df7-63e4-419e-8d22-d33076e8dcf2,"{<resource_manager.instance.OnPremInstance object at 0x12b823e00>: [(2, 66659.832, None)]}",307.8323914198774,146392.83183144388,66659.832,18664.646740727487,2,,66659.832,90130.646,True,63.804698094472265,82.84422241127226,19.039524316799998
lamf-test-4f1fe545-8677-4a84-8abf-5cf06961f85c,"{<resource_manager.instance.OnPremInstance object at 0x12b823e00>: [(6, 66689.832, 68699.832), (2, 68699.832, None)]}",310.3840944895742,146800.8793366587,66689.832,19232.800290622483,2,8.686918223226783,66689.832,86768.99199999998,True,57.80738326635285,77.35662185835284,19.54923859199999
lamf-test-0c64519c-480b-40a3-83cb-e32930215173,"{<resource_manager.instance.OnPremInstance object at 0x12b823e00>: [(4, 66959.832, None)]}",305.2027703895845,146888.1744079491,66959.832,19227.255216159483,3,240.6397079625825,66959.832,111977.33299999998,True,273.891556772378,346.927950394778,73.03639362239998
lamf-test-4b6bc7a8-825f-4ed7-a11d-b9402493f256,"{<resource_manager.instance.OnPremInstance object at 0x12b823e00>: [(2, 66989.832, None)]}",315.0940754980354,146903.88672801864,66989.832,19226.255216159483,2,,66989.832,84072.738,True,46.43936336874593,60.29701671594593,13.857653347200001
lamf-test-d80357f1-4d3d-475b-a1da-53fbb3ddaa84,"{<resource_manager.instance.OnPremInstance object at 0x12b823e00>: [(6, 67169.832, 72160.36799999999), (1, 72160.36799999999, None)]}",308.2995677163823,147044.79845066587,67169.832,19242.61912525048,1,78.56422176591364,67169.832,127098.412,True,233.15450452505888,267.58234358105886,34.42783905599998
lamf-test-545db71e-0ac4-4fd9-bae7-0ae698ee188a,"{<resource_manager.instance.OnPremInstance object at 0x12b823e00>: [(5, 67829.832, None)]}",303.0498265026395,147064.13319865512,67829.832,19231.800290622483,2,,67829.832,75000.858,True,28.696999294719387,43.23984002271938,14.542840727999994
lamf-test-6c201a0a-e193-4746-b7c6-ff82b4d5eeef,"{<resource_manager.instance.OnPremInstance object at 0x12b823e00>: [(6, 68189.832, 72670.36799999999), (1, 72670.36799999999, None)]}",319.4947582934635,147065.0240022173,68189.832,19220.110717010484,2,19.364203894638592,68189.832,122878.81300000001,True,121.2389687197737,152.50734642137368,31.268377701599995
lamf-test-ed127e72-be6f-436a-8fe9-27a8ad06a858,"{<resource_manager.instance.OnPremInstance object at 0x12b823e00>: [(6, 68699.832, None)]}",328.19458272409565,147175.63696221178,68699.832,19259.892602759483,3,109.43255304585885,68699.832,83383.91904516943,True,134.0094642497781,169.74465848290242,35.73519423312434
lamf-test-56573715-8535-4ef6-86b5-dcb681b21f75,"{<resource_manager.instance.CloudOnDemandInstance object at 0x12b9c5090>: [(2, 68729.832, None)]}",309.32301155717374,147297.38153715138,68729.832,19273.711828815485,2,,69130.36799999999,147312.7815371514,False,134.3716538144477,,
lamf-test-870691de-e40a-44a6-b524-758dc9ee2699,"{<resource_manager.instance.CloudReservedInstance object at 0x12b9d06e0>: [(3, 69490.36799999999, None)], <resource_manager.instance.CloudReservedInstance object at 0x12b86e650>: [(1, 69490.36799999999, None)], <resource_manager.instance.CloudOnDemandInstance object at 0x12b9c5090>: [(2, 69490.36799999999, None)]}",318.593861795503,147367.79355922487,69490.36799999999,19859.701261543483,3,126.34172028291121,69490.36799999999,99878.87226356698,True,146.3689459294174,299.6783421690276,153.3093962396102
lamf-test-f73d4880-234f-4ef4-b427-8c893deb0ab7,"{<resource_manager.instance.OnPremInstance object at 0x12b823e00>: [(5, 69700.36799999999, 72700.36799999999), (1, 72700.36799999999, None)]}",289.55899307824876,147401.13690659727,69700.36799999999,19848.699434671482,2,12.005394748834851,69700.36799999999,103645.37999999999,True,74.7939519330094,93.4292488002094,18.6352968672
lamf-test-95b7467a-1a49-4273-9a59-d080cf448191,"{<resource_manager.instance.OnPremInstance object at 0x12b823e00>: [(6, 70150.36799999999, 73150.36799999999), (1, 73150.36799999999, None)]}",303.1008089718593,147556.7188322876,70150.36799999999,19866.031559858482,1,47.227926078028744,70150.36799999999,90229.52799999998,True,95.28701194007147,109.51511923607146,14.228107295999996
lamf-test-7c4919b0-6563-4e4b-a109-6e7eddf9dab2,"{<resource_manager.instance.OnPremInstance object at 0x12b823e00>: [(4, 70180.36799999999, None), (3, 90470.90399999998, None), (7, 92660.90399999998, None)]}",284.9077105670405,147567.4385811591,70180.36799999999,19833.834982614484,3,146.76727355692444,70180.36799999999,95318.73230974002,True,203.3641194560203,257.59354533644813,54.22942588042785
lamf-test-9e038649-678e-4ec1-8038-665a8a0ccdab,"{<resource_manager.instance.CloudReservedInstance object at 0x12b9c8830>: [(1, 70270.36799999999, None)], <resource_manager.instance.CloudReservedInstance object at 0x12b9c4f50>: [(1, 70270.36799999999, None)], <resource_manager.instance.CloudReservedInstance object at 0x12b86e3f0>: [(1, 70270.36799999999, None)], <resource_manager.instance.CloudReservedInstance object at 0x12b9d06e0>: [(1, 70270.36799999999, None)], <resource_manager.instance.CloudOnDemandInstance object at 0x12b9c5590>: [(1, 70270.36799999999, None)], <resource_manager.instance.CloudOnDemandInstance object at 0x12b86e520>: [(1, 70270.36799999999, 80780.90399999998)]}",305.1144082584737,147620.57946235448,70270.36799999999,19883.35686386648,1,136.68732648870628,70270.36799999999,80792.86513515373,False,136.80922108986243,,
lamf-test-6557112d-0dd1-4a4f-956a-4810ab29fb87,"{<resource_manager.instance.OnPremInstance object at 0x12b823e00>: [(5, 70450.36799999999, 71950.36799999999), (1, 71950.36799999999, None)]}",284.1643475390076,147736.84495240034,70450.36799999999,20449.283807558484,3,11.407711613050422,70450.36799999999,138722.69199999998,True,112.97030040307246,143.09515501747245,30.124854614399993
lamf-test-ecb2683b-9e41-48ec-91a2-6a6d38c45b39,"{<resource_manager.instance.OnPremInstance object at 0x12b823e00>: [(2, 70480.36799999999, None)]}",329.9077900544537,147794.7188614398,70480.36799999999,19836.156884143486,3,,70480.36799999999,117663.705,True,143.53437371663247,181.80949669103248,38.27512297440001
lamf-test-4b6ef0de-0d6b-4c17-a583-0b04e2222603,"{<resource_manager.instance.OnPremInstance object at 0x12b823e00>: [(6, 71170.36799999999, None)]}",304.5800255914627,147824.83685861545,71170.36799999999,19867.36976009648,2,,71170.36799999999,83086.184,True,51.498367738814586,80.4966975564146,28.998329817600016
lamf-test-2b8a61cc-a82b-4153-b888-886b130ebdcb,"{<resource_manager.instance.CloudReservedInstance object at 0x12b9c8830>: [(1, 71710.36799999999, None)], <resource_manager.instance.CloudReservedInstance object at 0x12b9c51d0>: [(1, 71710.36799999999, None)], <resource_manager.instance.CloudReservedInstance object at 0x12b9c4f50>: [(2, 71710.36799999999, None)], <resource_manager.instance.CloudOnDemandInstance object at 0x12b9c5590>: [(2, 71710.36799999999, None)]}",288.0380279745152,147860.03443057585,71710.36799999999,19834.834982614484,1,402.54872857251473,71710.36799999999,125305.63655031918,True,487.7608286958347,684.7555977793879,196.9947690835532
lamf-test-816ecb3f-0729-4858-99cd-1237c929b94a,"{<resource_manager.instance.OnPremInstance object at 0x12b823e00>: [(6, 72160.36799999999, 76150.36799999999), (1, 76150.36799999999, None)]}",325.447174391888,148059.63739650595,72160.36799999999,20428.08890803748,1,62.813141683778234,72160.36799999999,84093.48399999998,True,85.16429325423985,98.09608510383985,12.9317918496
lamf-test-fe21cf99-74f2-4c6e-92c0-836166b37c9b,"{<resource_manager.instance.OnPremInstance object at 0x12b823e00>: [(3, 72190.36799999999, None)]}",306.6266107573227,148246.24788822717,72190.36799999999,20437.18699062648,3,,72190.36799999999,86309.71999999999,True,64.42779831165866,81.60822582525867,17.1804275136
lamf-test-fb5bb86a-097c-4cce-b52f-faf7de14091c,"{<resource_manager.instance.OnPremInstance object at 0x12b823e00>: [(5, 72430.36799999999, 74440.36799999999), (2, 74440.36799999999, None)]}",310.7135837098068,148278.6827155587,72430.36799999999,20481.88098466448,2,8.04361448171935,72430.36799999999,86567.01999999997,True,41.00955123008809,54.92297133248808,13.91342010239999
lamf-test-ab19fe1e-973b-44c8-a2b5-9c88f8dd630c,"{<resource_manager.instance.OnPremInstance object at 0x12b823e00>: [(5, 72460.36799999999, 74950.36799999999), (1, 74950.36799999999, None)]}",310.22675767562004,148284.89040969303,72460.36799999999,20469.77828443448,3,18.9368012776637,72460.36799999999,113546.00599999998,True,77.64185565442237,98.34596642722236,20.704110772799996
lamf-test-ffa00229-4854-4a3b-9050-ac62a552280b,"{<resource_manager.instance.OnPremInstance object at 0x12b823e00>: [(2, 72490.36799999999, None)]}",328.09484391630104,148324.50340471088,72490.36799999999,20482.88098466448,3,,72490.36799999999,104602.43499999998,True,97.68671990265418,123.73602865305418,26.049308750399994
lamf-test-38119ffa-10d5-4f96-9e4f-d7aa2d684f4c,"{<resource_manager.instance.OnPremInstance object at 0x12b823e00>: [(5, 72670.36799999999, None)]}",315.0920376046709,148328.18307186218,72670.36799999999,20472.49494894798,2,34.61769982300225,72670.36799999999,87970.64248673436,True,61.22861165959089,92.25756831868819,31.028956659097304
lamf-test-9dd25f94-b2d8-4857-adb4-87c377066854,"{<resource_manager.instance.OnPremInstance object at 0x12b823e00>: [(3, 72700.36799999999, None)]}",304.2337725718405,148491.2175440472,72700.36799999999,20429.08890803748,2,,72700.36799999999,88512.64699999998,True,51.006965374850175,70.24734646205017,19.240381087199996
lamf-test-05011c3e-5178-4e8c-a944-565636c84b62,"{<resource_manager.instance.OnPremInstance object at 0x12b823e00>: [(2, 72730.36799999999, None)]}",311.6110618417853,148531.94393634904,72730.36799999999,21043.943110277978,2,,72730.36799999999,92231.80999999998,True,53.01408034748438,68.83365009788437,15.819569750399996
lamf-test-5704a2cc-027b-4370-a7eb-9804c4d8380a,"{<resource_manager.instance.OnPremInstance object at 0x12b823e00>: [(5, 73150.36799999999, None)]}",328.518781280289,148560.06316775503,73150.36799999999,21060.99683757548,3,51.87113848961893,73150.36799999999,90449.17848673435,True,131.55989418765202,166.6418818547493,35.08198766709729
lamf-test-64767f79-cec9-4cb3-b8c5-46b3e86d20f8,"{<resource_manager.instance.OnPremInstance object at 0x12b823e00>: [(4, 73450.36799999999, 75940.36799999999), (1, 75940.36799999999, None)]}",283.87618715962776,148611.34528276074,73450.36799999999,21048.78844187198,2,9.0689814072675,73450.36799999999,148626.74528276076,False,156.5522900752076,,
lamf-test-4f40bb80-4246-4e5c-807f-5b2f111e8553,"{<resource_manager.instance.OnPremInstance object at 0x12b823e00>: [(4, 75070.36799999999, 78550.36799999999), (1, 78550.36799999999, None)]}",300.28901978300945,148615.5530883191,75070.36799999999,21050.421270477982,3,21.172712753821582,75070.36799999999,115660.79699999998,True,77.61872233629931,98.31666433869931,20.697942002399994
lamf-test-e42daae1-319e-4d66-892f-ff458cefa185,"{<resource_manager.instance.OnPremInstance object at 0x12b823e00>: [(5, 75730.36799999999, 77230.36799999999), (1, 77230.36799999999, None)]}",331.8539601540227,148723.6001760119,75730.36799999999,21046.06097665598,3,11.407711613050422,75730.36799999999,146478.73700000002,True,116.73643470986391,147.86557317626392,31.129138466400015
lamf-test-902ad2da-a958-4f6f-a105-0cf09133c223,"{<resource_manager.instance.OnPremInstance object at 0x12b823e00>: [(4, 75940.36799999999, None)]}",319.6161610919672,148744.58104022435,75940.36799999999,21082.53411276048,3,,75940.36799999999,86082.64799999999,True,61.706776180698135,78.16161125269814,16.454835071999998
lamf-test-1945932c-936e-4e58-b59b-8fc5fe0a5a90,"{<resource_manager.instance.OnPremInstance object at 0x12b823e00>: [(4, 76150.36799999999, 79130.90399999998), (1, 79130.90399999998, None)]}",307.9539703217035,148769.3594595499,76150.36799999999,21031.134581334478,1,31.50768149669169,76150.36799999999,90044.31999999998,True,62.21696676553342,71.4790699015334,9.262103135999988
lamf-test-b4f2a445-161d-42de-8bf2-99cedcdf1a1d,"{<resource_manager.instance.OnPremInstance object at 0x12b823e00>: [(2, 76180.36799999999, None)]}",317.30210148260704,148841.659362077,76180.36799999999,21070.40013299448,2,,76180.36799999999,94468.69199999998,True,49.7162557495403,64.5517441783403,14.835488428799994
lamf-test-4bdc3b38-4b50-41c5-90d1-8319dfa6ef3f,"{<resource_manager.instance.OnPremInstance object at 0x12b823e00>: [(5, 76810.36799999999, None)]}",321.16833722466623,148904.17465610342,76810.36799999999,21061.99683757548,2,,76810.36799999999,91705.13799999999,True,59.60586451436764,89.81245807436764,30.206593560000005
lamf-test-10d63afb-c09f-4af6-a622-71a25fae2fdf,"{<resource_manager.instance.OnPremInstance object at 0x12b823e00>: [(4, 77230.36799999999, 80210.90399999998), (1, 80210.90399999998, None)]}",310.7244065884292,148992.3562564757,77230.36799999999,21641.519399575478,2,10.85559259746642,77230.36799999999,148246.24599999998,True,148.90178116290863,181.33253748450863,32.430756321599986
lamf-test-068fc1f2-6deb-41a2-ae15-564e581e4490,"{<resource_manager.instance.CloudReservedInstance object at 0x12b9c8830>: [(2, 77260.36799999999, None)], <resource_manager.instance.CloudOnDemandInstance object at 0x12b9c5590>: [(1, 77260.36799999999, None)]}",318.6864958169501,149029.8167413637,77260.36799999999,21667.27735799648,1,,77260.36799999999,113008.73785064972,True,247.40297029501298,351.2734337330608,103.87046343804785
lamf-test-8af4e2ac-cf32-4cee-877b-e9f4b759f7f3,"{<resource_manager.instance.OnPremInstance object at 0x12b823e00>: [(4, 77530.36799999999, None)]}",289.77114078776196,149041.0401890006,77530.36799999999,21666.27735799648,3,,77530.36799999999,82720.55799999998,True,31.577701726366946,39.998265982366924,8.42056425599998
lamf-test-f3dda1e4-5862-4683-8e1d-465d2dca42c3,"{<resource_manager.instance.OnPremInstance object at 0x12b823e00>: [(4, 78550.36799999999, 80060.90399999998), (1, 80060.90399999998, None)]}",305.16980399325007,149240.28822529744,78550.36799999999,21671.16492412448,1,15.968096737394402,78550.36799999999,143143.529,True,193.47643387329836,221.51344017969836,28.0370063064
lamf-test-b284ea68-a93a-41ac-9d3b-a2d0c0674e21,"{<resource_manager.instance.CloudOnDemandInstance object at 0x12b9c5090>: [(2, 78580.36799999999, None)]}",312.0323931368153,149256.7559709314,78580.36799999999,21634.94355647748,1,,78980.90399999998,149272.1559709314,False,137.98939523314115,,
lamf-test-bc23b10d-c69c-4408-9782-8739fbb3209f,"{<resource_manager.instance.OnPremInstance object at 0x12b823e00>: [(3, 79820.90399999998, None), (3, 83300.90399999998, None), (5, 85100.90399999998, None)]}",310.0193593332558,149289.51453488393,79820.90399999998,21646.97692968748,1,177.99908738307096,79820.90399999998,93434.50052060057,True,299.2750374469562,345.0711556832678,45.79611823631161
lamf-test-274e2f12-b4e9-499b-9b88-36da25e54e24,"{<resource_manager.instance.CloudReservedInstance object at 0x12b9c8830>: [(1, 80780.90399999998, None), (1, 129232.51199999996, None)], <resource_manager.instance.CloudReservedInstance object at 0x12b9c4f50>: [(1, 80780.90399999998, None), (1, 129232.51199999996, None)], <resource_manager.instance.CloudReservedInstance object at 0x12b86e3f0>: [(1, 80780.90399999998, None)], <resource_manager.instance.CloudReservedInstance object at 0x12b9d06e0>: [(1, 80780.90399999998, None)], <resource_manager.instance.CloudOnDemandInstance object at 0x12b9c5590>: [(1, 80780.90399999998, None), (1, 129232.51199999996, None)], <resource_manager.instance.CloudOnDemandInstance object at 0x12b9d0440>: [(2, 124552.51199999996, None)], <resource_manager.instance.CloudOnDemandInstance object at 0x12b86e8b0>: [(2, 124552.51199999996, None)], <resource_manager.instance.CloudReservedInstance object at 0x12b9c51d0>: [(1, 129232.51199999996, None)]}",331.60036141298406,149382.9389354732,80780.90399999998,21635.94355647748,1,536.2381528633354,80780.90399999998,142537.97073044337,True,885.005976202968,1278.102964070149,393.096987867181
lamf-test-5168b562-8a76-449b-98c0-cc2731c9ca3c,"{<resource_manager.instance.OnPremInstance object at 0x12b823e00>: [(2, 82760.90399999998, None)]}",309.5107801118846,149469.78351248667,82760.90399999998,21642.72820831648,1,,82760.90399999998,100561.71899999997,True,96.11817362537069,110.55819475337067,14.440021127999989
lamf-test-9bda5a96-e4e1-4b91-bbbb-1dacf1ed28b2,"{<resource_manager.instance.OnPremInstance object at 0x12b823e00>: [(6, 83120.90399999998, None), (5, 87110.90399999998, None)]}",334.4551264679061,149470.7200142481,83120.90399999998,21675.13810308948,3,190.00684462696782,83120.90399999998,98984.13803913794,True,235.0681792235417,297.7518642125596,62.6836849890179
lamf-test-72ac3048-5fdb-4c21-afcd-eed6fe82e6d1,"{<resource_manager.instance.OnPremInstance object at 0x12b823e00>: [(3, 83150.90399999998, None)]}",305.99164294117367,149517.2906521625,83150.90399999998,21686.998065366482,1,,83150.90399999998,86640.46699999999,True,27.86554985169982,32.11165011009983,4.246100258400012
lamf-test-f483d0b8-ba08-4711-99f9-47af2ee222a5,"{<resource_manager.instance.OnPremInstance object at 0x12b823e00>: [(3, 83420.90399999998, 85430.90399999998), (1, 85430.90399999998, None)]}",312.7927875459608,149607.92607016,83420.90399999998,21640.40712453748,2,6.483821870550658,83420.90399999998,149623.32607016002,False,136.73258583751604,,
lamf-test-fd42a6f7-5546-4968-b0ee-4f887fda9461,"{<resource_manager.instance.OnPremInstance object at 0x12b823e00>: [(5, 84080.90399999998, None), (5, 100670.90399999998, None)]}",313.44017426263486,149816.7519755329,84080.90399999998,22252.86829006848,1,218.27287246178415,84080.90399999998,109038.2908108697,True,438.45051612753235,506.0331570324199,67.58264090488758
lamf-test-d2030552-fada-4868-9884-3081a3d5e562,"{<resource_manager.instance.OnPremInstance object at 0x12b823e00>: [(4, 84110.90399999998, None)]}",335.70235460840024,149902.29604251485,84110.90399999998,22268.89657607648,3,99.29272187999086,84110.90399999998,105408.58199999998,True,129.57747661419117,164.13082940139117,34.5533527872
lamf-test-88d97e0c-88fe-4c62-bc84-030e5f7776f1,"{<resource_manager.instance.OnPremInstance object at 0x12b823e00>: [(3, 84140.90399999998, None)]}",304.4592028444548,150029.09219215653,84140.90399999998,22844.323093211482,1,,84140.90399999998,99235.27399999998,True,120.5345539584759,138.9013833744759,18.366829415999995
lamf-test-ea317cde-8e65-4009-bbcb-6720d6ab3fc4,"{<resource_manager.instance.OnPremInstance object at 0x12b823e00>: [(5, 84980.90399999998, None), (3, 94640.90399999998, None)]}",322.00845242777757,150098.7938930678,84980.90399999998,22267.89657607648,2,38.65737109124822,84980.90399999998,97676.80335398861,True,60.599577378296694,90.040943602119,29.4413662238223
lamf-test-a13d6194-2358-4887-a070-b00cd35c865e,"{<resource_manager.instance.OnPremInstance object at 0x12b823e00>: [(3, 85010.90399999998, None)]}",302.61921821621866,150188.18903578416,85010.90399999998,22285.42989665148,2,,85010.90399999998,97134.01999999997,True,39.10652968160327,53.857937230403266,14.751407548799994
lamf-test-1e1b6610-69b2-4869-80ff-74a807042404,"{<resource_manager.instance.OnPremInstance object at 0x12b823e00>: [(5, 85040.90399999998, None), (4, 90500.90399999998, None)]}",310.82543279392,150209.22328953614,85040.90399999998,22254.13909125348,3,41.52407027150354,85040.90399999998,92964.79399999998,True,75.25288615103808,95.31995020703809,20.067064056
lamf-test-8b57f8ca-98cc-4c1b-8aa2-5b91c1f45b09,"{<resource_manager.instance.OnPremInstance object at 0x12b823e00>: [(2, 85070.90399999998, None)]}",306.9047417051023,150260.99373355357,85070.90399999998,22284.42989665148,2,,85070.90399999998,106602.99099999997,True,58.5343273726642,76.00115634706418,17.466828974399988
lamf-test-9953a2a0-1d7c-4068-bf98-538acafc2ac3,"{<resource_manager.instance.OnPremInstance object at 0x12b823e00>: [(6, 86720.90399999998, None), (5, 90710.90399999998, None)]}",299.47595690366575,150280.99175373273,86720.90399999998,22884.845144679475,2,69.68316405563955,86720.90399999998,99474.6892342997,True,90.19084536927878,139.0014135706304,48.810568201351636
lamf-test-9f4c8a2a-2fe4-4712-9592-1f90f46792d9,"{<resource_manager.instance.OnPremInstance object at 0x12b823e00>: [(5, 87020.90399999998, None)]}",322.9477688777042,150281.93466959448,87020.90399999998,22852.430350284478,1,133.41090577230207,87020.90399999998,98311.93213274571,True,148.55486097536024,171.4530660285686,22.898205053208347
lamf-test-aa0c06ad-8e28-471d-8a21-4c2106849993,"{<resource_manager.instance.OnPremInstance object at 0x12b823e00>: [(4, 87050.90399999998, None)]}",297.7430444733612,150303.1732753797,87050.90399999998,22266.89657607648,1,49.15582934063427,87050.90399999998,113335.90699999998,True,277.86260681420634,320.50739568140636,42.64478886719999
lamf-test-8c42c6bf-e604-4e96-bc18-75bc6db194f5,"{<resource_manager.instance.OnPremInstance object at 0x12b823e00>: [(2, 87080.90399999998, None)]}",304.5244415439068,150322.38739286014,87080.90399999998,22871.186706736476,2,,87080.90399999998,93054.21199999997,True,16.23825716335596,21.08380461295595,4.845547449599992
lamf-test-a7dc0f00-a53e-4f14-ba21-5c93f2b6c280,"{<resource_manager.instance.OnPremInstance object at 0x12b823e00>: [(4, 88040.90399999998, None), (4, 111341.97599999997, None)]}",278.74097160023985,150463.71035821718,88040.90399999998,22843.323093211482,2,84.86626053710893,88040.90399999998,113443.82196400978,True,100.1767842066232,144.80051320344222,44.623728996819025
lamf-test-9805f54e-1cae-487c-b904-2cb93c2a7afb,"{<resource_manager.instance.OnPremInstance object at 0x12b823e00>: [(3, 88580.90399999998, None), (3, 93050.90399999998, None)]}",328.01417674151406,150535.64941909557,88580.90399999998,22890.509977491474,3,20.396988364134153,88580.90399999998,94855.54554057981,True,36.86645257202676,46.697324225181845,9.830871653155082
lamf-test-292ff255-562b-496c-972f-f8340f6cddab,"{<resource_manager.instance.OnPremInstance object at 0x12b823e00>: [(2, 89300.90399999998, None)]}",321.5271161172489,150599.85283939444,89300.90399999998,22855.326453766476,1,,89300.90399999998,122172.98899999996,True,177.49775914518204,204.16359449718203,26.66583535199998
lamf-test-8f5d07e8-2d0c-4ca5-874d-d1e790990809,"{<resource_manager.instance.OnPremInstance object at 0x12b823e00>: [(6, 91760.90399999998, 93770.90399999998), (1, 93770.90399999998, None)]}",302.97405507839164,150686.91006345535,91760.90399999998,22869.114712200477,1,31.642710472279262,91760.90399999998,150702.31006345537,False,191.84211912296365,,
lamf-test-7bd8b2d3-250f-4731-829c-d7a0653ffcb3,"{<resource_manager.instance.OnPremInstance object at 0x12b823e00>: [(4, 93020.90399999998, None)]}",301.8009690341694,150761.18666331147,93020.90399999998,22836.02518104048,3,,93020.90399999998,99201.51199999997,True,37.603516617233204,47.63093503643319,10.027418419199988
lamf-test-fd11e4ea-cdef-4f38-a062-f8e8f6529d33,"{<resource_manager.instance.OnPremInstance object at 0x12b823e00>: [(6, 93080.90399999998, None), (5, 97070.90399999998, None)]}",323.9849795842166,150811.71600144813,93080.90399999998,22870.186706736476,1,237.38182979694253,93080.90399999998,105521.66579099593,True,307.03623702018876,354.4502198268963,47.41398280670754
lamf-test-ca0b2ac7-3ce2-4e8c-a6e1-096d01ef9a8a,"{<resource_manager.instance.OnPremInstance object at 0x12b823e00>: [(6, 93500.90399999998, None), (6, 98480.90399999998, None), (7, 99410.90399999998, None)]}",322.6901850057595,150863.6868216194,93500.90399999998,22893.856874732475,1,274.08404289299534,93500.90399999998,105478.1539381166,True,409.91168221662343,473.3141611397253,63.40247892310187
lamf-test-72359355-373b-4aa6-9d80-111deeae4206,"{<resource_manager.instance.OnPremInstance object at 0x12b823e00>: [(4, 93530.90399999998, None), (4, 109571.97599999997, None)]}",293.68085416171726,150924.39412039382,93530.90399999998,23461.702160208475,3,184.97007529089646,93530.90399999998,121229.64072103405,True,239.44878814856284,303.30061384817424,63.85182569961138
lamf-test-aa966776-8b52-45e3-81e8-3d502aee1701,"{<resource_manager.instance.OnPremInstance object at 0x12b823e00>: [(3, 93560.90399999998, None)]}",277.6854198628887,150972.7764554838,93560.90399999998,23463.205054308473,1,100.78428473648175,93560.90399999998,110161.30099999998,True,132.56077914670314,152.76014221630314,20.199363069599997
lamf-test-096a164d-3416-42b7-999a-d92269a9a7ca,"{<resource_manager.instance.OnPremInstance object at 0x12b823e00>: [(6, 93770.90399999998, None), (5, 99860.90399999998, None)]}",310.89137174012484,151023.18712267722,93770.90399999998,22848.14891838048,3,135.23734428473622,93770.90399999998,107655.99420729511,True,186.0004445665015,235.59964303536944,49.59919846886795
lamf-test-6a7cd0bb-34c7-4263-9cc7-17fa07eb0a15,"{<resource_manager.instance.OnPremInstance object at 0x12b823e00>: [(4, 94940.90399999998, None)]}",298.21973828332,151038.37230739018,94940.90399999998,23445.619571604475,1,42.17887291809263,94940.90399999998,107096.71999999997,True,128.50090683702174,148.22250271542174,19.721595878399985
lamf-test-f6c3e1ca-41d1-4659-a1c2-f6d7cca0c5e7,"{<resource_manager.instance.OnPremInstance object at 0x12b823e00>: [(2, 94970.90399999998, None)]}",330.89870791023526,151063.7096441276,94970.90399999998,23469.763495029474,2,,94970.90399999998,106103.60199999997,True,30.263902856838907,39.2947474744389,9.03084461759999
lamf-test-e0a17229-9bf9-416c-a5a2-49e15e4b17e7,"{<resource_manager.instance.OnPremInstance object at 0x12b823e00>: [(2, 95360.90399999998, None)]}",300.8789137634496,151088.16031323644,95360.90399999998,22860.331242992477,3,,95360.90399999998,115415.06399999997,True,61.00588637919229,77.27382097119228,16.267934591999992
lamf-test-47c1fe4b-c260-4538-9b53-fe9eeae00c5f,"{<resource_manager.instance.OnPremInstance object at 0x12b823e00>: [(2, 95390.90399999998, None)]}",307.40827687661385,151125.98078538102,95390.90399999998,23443.550674910475,3,,95390.90399999998,137399.451,True,127.79237052247323,161.86970384887326,34.077333326400016
lamf-test-692078cb-d4fe-44db-acc1-5eececdc7c24,"{<resource_manager.instance.OnPremInstance object at 0x12b823e00>: [(3, 95420.90399999998, None)]}",293.9568407519619,151236.91167044055,95420.90399999998,23492.250705814477,2,,95420.90399999998,116918.58199999998,True,69.34682327485359,95.50519786525359,26.1583745904
lamf-test-9293cd6c-713f-41c3-8b50-410b94532b8e,"{<resource_manager.instance.OnPremInstance object at 0x12b823e00>: [(4, 95450.90399999998, None)]}",276.94819521132933,151239.21927880245,95450.90399999998,23447.945820813475,2,26.15266966996582,95450.90399999998,120392.14799999997,True,90.84003136952693,131.3047056351269,40.46467426559999
lamf-test-dc701733-214d-4503-9e86-a7c5623aa494,"{<resource_manager.instance.OnPremInstance object at 0x12b823e00>: [(2, 95480.90399999998, None)]}",290.04127710324553,151275.74041698824,95480.90399999998,23477.096111798473,2,,95480.90399999998,111085.88299999999,True,42.42166351220627,55.08042247700628,12.658758964800006
lamf-test-2ef3ba74-0be9-4758-9e8b-663933377574,"{<resource_manager.instance.OnPremInstance object at 0x12b823e00>: [(4, 96260.90399999998, None), (3, 112091.97599999997, None)]}",315.97195408362086,151421.38858838295,96260.90399999998,23453.321544687475,3,108.1364179785534,96260.90399999998,114727.64317699427,True,124.38049773969135,157.54801520141356,33.167517461722205
lamf-test-cb995d16-8bd4-4a69-981f-1cf758860367,"{<resource_manager.instance.OnPremInstance object at 0x12b823e00>: [(5, 97700.90399999998, None)]}",320.1908267325743,151421.6265547497,97700.90399999998,23482.657409583477,3,,97700.90399999998,106852.76599999999,True,69.60120161228997,88.16117774828999,18.559976136000014
lamf-test-2744811c-a0e4-4a9d-a448-520fba53466a,"{<resource_manager.instance.OnPremInstance object at 0x12b823e00>: [(2, 97730.90399999998, None)]}",316.8459168651483,151442.4764427609,97730.90399999998,23471.868767818472,2,,97730.90399999998,109358.81099999999,True,31.61011354806873,41.04267170646873,9.432558158400004
lamf-test-0111158b-0edf-40ea-8c3c-c453441d9f4b,"{<resource_manager.instance.OnPremInstance object at 0x12b823e00>: [(2, 98060.90399999998, None)]}",288.9103792556111,151659.30367430756,98060.90399999998,23481.192992193475,3,,98060.90399999998,135900.479,True,115.11012244277134,145.80558568277135,30.69546324000001
lamf-test-aa81efdb-fc5d-4cd5-94a6-0293c55ec5bf,"{<resource_manager.instance.OnPremInstance object at 0x12b823e00>: [(3, 98360.90399999998, None)]}",315.17534780850235,151676.784412955,98360.90399999998,24066.088683456474,1,,98360.90399999998,117144.43699999998,True,149.99398927675105,172.84979223115104,22.855802954399998
lamf-test-d878f6cc-ec52-4963-a36e-567d3077f66a,"{<resource_manager.instance.OnPremInstance object at 0x12b823e00>: [(6, 99020.90399999998, None)]}",318.40559881515793,151678.83477208065,99020.90399999998,24087.783049548972,2,41.84013969013454,99020.90399999998,109807.44138743974,True,46.61779512262064,72.86791250869405,26.25011738607341
lamf-test-9997ef6b-f372-462c-b591-ebc6c42f345e,"{<resource_manager.instance.OnPremInstance object at 0x12b823e00>: [(6, 99260.90399999998, None), (6, 106151.97599999997, None)]}",309.99816308035867,151681.63840603127,99260.90399999998,24069.223736803473,3,62.88908966461314,99260.90399999998,109441.92231545933,True,122.93830372729839,155.7212432531022,32.782939525803805
lamf-test-d13deae5-f303-4855-93f8-a16639da1c4e,"{<resource_manager.instance.OnPremInstance object at 0x12b823e00>: [(6, 99500.90399999998, None)]}",299.620254990436,151740.82578236263,99500.90399999998,24099.653917045976,2,47.41532601250397,99500.90399999998,111976.61911714985,True,53.91816766117167,84.27906797026759,30.360900309095925
lamf-test-e95a3924-2808-4cd5-8af6-82985caaa091,"{<resource_manager.instance.CloudReservedInstance object at 0x12b86e3f0>: [(2, 99920.90399999998, None)], <resource_manager.instance.CloudReservedInstance object at 0x12b9d06e0>: [(2, 99920.90399999998, None)]}",315.57124577879193,151747.78235460588,99920.90399999998,24088.969892892972,1,,99920.90399999998,151763.1823546059,False,470.4929563958963,,
lamf-test-790ebc9f-5e2e-4113-9df6-6e81d9cf4244,"{<resource_manager.instance.CloudReservedInstance object at 0x12b9d06e0>: [(1, 99950.90399999998, None)], <resource_manager.instance.CloudReservedInstance object at 0x12b86e650>: [(1, 99950.90399999998, None)], <resource_manager.instance.CloudOnDemandInstance object at 0x12b9c5090>: [(1, 99950.90399999998, None)]}",301.00617936440153,151753.27001390327,99950.90399999998,24103.648561829978,1,35.0037508555783,99950.90399999998,113085.70095545214,True,59.93519030550835,95.4975217144255,35.56233140891715
lamf-test-b6e7251f-5c74-4bdc-b21f-2dc66654db99,"{<resource_manager.instance.CloudReservedInstance object at 0x12b86e3f0>: [(2, 101780.90399999998, None)], <resource_manager.instance.CloudReservedInstance object at 0x12b9d06e0>: [(1, 101780.90399999998, None)]}",320.3340679876566,151765.55810070172,101780.90399999998,24071.957520862474,3,,101780.90399999998,151780.95810070174,False,202.80398144630215,,
lamf-test-218a245a-408e-4403-969e-14eebe33638f,"{<resource_manager.instance.CloudOnDemandInstance object at 0x12b86e8b0>: [(2, 101810.90399999998, None)]}",310.9184525812873,151776.95439245985,101810.90399999998,24102.648561829978,3,,102211.43999999997,151792.35439245988,False,152.04639255444488,,
lamf-test-df1d19ca-065c-450e-a725-063e1023eff0,"{<resource_manager.instance.CloudOnDemandInstance object at 0x12b86e8b0>: [(3, 103141.43999999997, None)], <resource_manager.instance.CloudOnDemandInstance object at 0x12b9c5090>: [(1, 103141.43999999997, None)], <resource_manager.instance.CloudOnDemandInstance object at 0x12b86e520>: [(1, 103141.43999999997, None)]}",308.41567960151576,151810.2242082615,103141.43999999997,24078.800505504973,2,257.7893089516734,103541.97599999997,151825.62420826152,False,317.9610172210098,,
lamf-test-5ccd4315-8d5b-4044-a8be-038248a6e5e8,"{<resource_manager.instance.OnPremInstance object at 0x12b823e00>: [(6, 105491.97599999997, None)]}",316.3732896893923,151857.97886218785,105491.97599999997,24063.999459641473,1,87.84394250513348,105491.97599999997,115053.01496400977,True,150.5160138071358,173.78375822995005,23.26774442281425
lamf-test-8293fc83-5d58-4550-955e-87592cc2b6b3,"{<resource_manager.instance.OnPremInstance object at 0x12b823e00>: [(6, 105521.97599999997, None), (4, 114431.97599999997, None)]}",333.7462784146,151894.11366069806,105521.97599999997,24105.648561829978,3,104.74615560118629,105521.97599999997,117500.25789456842,True,127.98360171219795,162.1119290765676,34.12832736436966
lamf-test-468c807d-fae3-4ffc-8fac-cef2c72bf30d,"{<resource_manager.instance.OnPremInstance object at 0x12b823e00>: [(6, 105551.97599999997, 107051.97599999997), (1, 107051.97599999997, None)]}",313.1968318342145,151954.7636523055,105551.97599999997,24067.088683456474,2,6.482774793452823,105551.97599999997,114003.62899999997,True,20.58793209360313,27.05792255040313,6.469990456800002
lamf-test-a0b5829d-4134-40de-ab3a-fd1ed034a5b9,"{<resource_manager.instance.OnPremInstance object at 0x12b823e00>: [(3, 105581.97599999997, None)]}",283.38611537295816,152000.6337970517,105581.97599999997,24698.018126725976,1,,105581.97599999997,124150.50899999998,True,148.27712867898708,170.8713196333871,22.594190954400013
lamf-test-8433fa81-6093-4f66-8fcd-c8019d82fc62,"{<resource_manager.instance.OnPremInstance object at 0x12b823e00>: [(2, 105611.97599999997, None)]}",289.2015979209701,152046.0080100107,105611.97599999997,24089.969892892972,1,,105611.97599999997,128357.18099999997,True,122.8161498973306,141.2670601933306,18.450910296
lamf-test-c609bf72-d17c-450a-8e65-16fe23e38281,"{<resource_manager.instance.OnPremInstance object at 0x12b823e00>: [(2, 105641.97599999997, None)]}",326.56864801291823,152060.31173215524,105641.97599999997,24055.616164537474,3,,105641.97599999997,147873.22299999997,True,128.46983648946687,162.72782405586688,34.257987566400004
lamf-test-b7f32954-df1d-496f-a3cc-c6c4fa4f08d9,"{<resource_manager.instance.OnPremInstance object at 0x12b823e00>: [(5, 105671.97599999997, None), (5, 121282.51199999996, None), (6, 124582.51199999996, None), (10, 125812.51199999996, None)]}",304.69312328634965,152080.07028926548,105671.97599999997,24648.75749905998,1,343.95107825690155,105671.97599999997,127910.49768837258,True,486.9121533791059,562.0618462624082,75.14969288330227
lamf-test-3f74eedf-69e6-447f-8faf-d6b3b1a74541,"{<resource_manager.instance.OnPremInstance object at 0x12b823e00>: [(2, 105701.97599999997, None)]}",300.3151945622659,152093.64933618507,105701.97599999997,24076.412796993474,3,,105701.97599999997,130155.50799999999,True,74.38902426040009,94.22572941880011,19.836705158400015
lamf-test-3db3ef42-5e5e-4b66-b377-23e8be44e0c4,"{<resource_manager.instance.OnPremInstance object at 0x12b823e00>: [(3, 106871.97599999997, None), (3, 110351.97599999997, None), (4, 113351.97599999997, None)]}",310.51400717904033,152195.21981364346,106871.97599999997,24700.450273241975,2,105.17845349205054,106871.97599999997,125219.50039131475,True,150.36794429740362,210.03788722857638,59.66994293117277
lamf-test-ffd1b71e-c754-457f-beb0-15002780a4cd,"{<resource_manager.instance.OnPremInstance object at 0x12b823e00>: [(2, 106991.97599999997, None)]}",333.17802435465063,152216.12144246465,106991.97599999997,24674.817462974977,3,,106991.97599999997,131230.50799999997,True,73.73498212791849,93.3972792863185,19.662297158400005
lamf-test-0c9d7093-d308-489f-9f7c-949564b43da8,"{<resource_manager.instance.OnPremInstance object at 0x12b823e00>: [(3, 107051.97599999997, None)]}",341.93839758920444,152223.34740174847,107051.97599999997,24707.193194244977,3,,107051.97599999997,132000.71699999998,True,113.8432169746749,144.20084502347493,30.357628048800013
lamf-test-a7d1927a-cf2d-4926-967f-138bb5393300,"{<resource_manager.instance.OnPremInstance object at 0x12b823e00>: [(6, 107111.97599999997, 108611.97599999997), (1, 108611.97599999997, None)]}",312.0843911485237,152223.3830589937,107111.97599999997,24658.26086729498,2,6.482774793452823,107111.97599999997,119030.09199999996,True,27.621511860911816,35.49749971051182,7.875987849599998
lamf-test-a9c2f748-704b-4cdc-85cd-14af26c3a0f5,"{<resource_manager.instance.OnPremInstance object at 0x12b823e00>: [(4, 107711.97599999997, None), (3, 135412.51199999996, None)]}",318.66785267265954,152227.75540742397,107711.97599999997,24653.511595792977,2,100.8898176527486,107711.97599999997,137603.099,True,115.9346448154502,167.09550903225028,51.16086421680007
lamf-test-8add939b-0d3e-460d-9871-cabe0ac805f6,"{<resource_manager.instance.OnPremInstance object at 0x12b823e00>: [(2, 107741.97599999997, None)]}",308.8827630823316,152232.833934058,107741.97599999997,24709.193194244977,1,,107741.97599999997,135884.67099999997,True,151.9607076583771,174.7900618423771,22.829354184000007
lamf-test-8d9e2b15-af68-4d53-96f3-d2ed88fe313d,"{<resource_manager.instance.OnPremInstance object at 0x12b823e00>: [(6, 107771.97599999997, None), (6, 125932.51199999996, None)]}",290.64783908667005,152256.71356720623,107771.97599999997,24702.633955704976,3,165.73612594113612,107771.97599999997,128328.89319830945,True,209.47568694153753,265.3348339195495,55.85914697801195
lamf-test-fd3332ce-df25-4a32-8132-74451e729842,"{<resource_manager.instance.OnPremInstance object at 0x12b823e00>: [(5, 108611.97599999997, 110111.97599999997), (1, 110111.97599999997, None)]}",314.3128283614734,152259.1484651882,108611.97599999997,24670.626773586977,1,19.735341090577226,108611.97599999997,152274.5484651882,False,138.3766964188885,,
lamf-test-301ed0a6-99cf-4eba-bab7-e5dbbca6ce7c,"{<resource_manager.instance.OnPremInstance object at 0x12b823e00>: [(4, 109091.97599999997, None)]}",322.7128466056759,152316.6643741231,109091.97599999997,24666.056037575978,3,88.04037417294086,109091.97599999997,134946.42699999997,True,157.30139782492964,199.24765912732965,41.9462613024
lamf-test-ad16e952-0cca-41c7-9fd4-aa3d76092c2a,"{<resource_manager.instance.OnPremInstance object at 0x12b823e00>: [(2, 109121.97599999997, None)]}",295.4536471781582,152321.8032532555,109121.97599999997,24671.626773586977,1,,109121.97599999997,149932.805,True,220.36419948285055,253.46994396765058,33.10574448480002
lamf-test-f110d8f3-23dd-42e9-8429-8b28407ddd7e,"{<resource_manager.instance.OnPremInstance object at 0x12b823e00>: [(6, 109391.97599999997, None)]}",301.2291020786883,152322.13431210787,109391.97599999997,24647.552264182978,1,,109391.97599999997,119319.25599999996,True,156.2816153319644,180.4406439399644,24.159028608
lamf-test-8638fd62-6efe-4c20-99a4-4066fa449bb7,"{<resource_manager.instance.OnPremInstance object at 0x12b823e00>: [(2, 109511.97599999997, None)]}",298.8839218054394,152432.44525740604,109511.97599999997,24701.633955704976,3,,109511.97599999997,133247.59899999996,True,72.20510457068976,91.45944194828975,19.25433737759999
lamf-test-ef516eeb-4aa2-4149-84fb-f2df08d8e508,"{<resource_manager.instance.OnPremInstance object at 0x12b823e00>: [(2, 109541.97599999997, None)]}",311.8946764585727,152438.87915798207,109541.97599999997,24713.796842443975,3,,109541.97599999997,142916.96999999997,True,101.52861510381018,128.60241023661018,27.073795132800004
lamf-test-f16665ee-edca-44bc-8667-81b0b7135bf5,"{<resource_manager.instance.OnPremInstance object at 0x12b823e00>: [(3, 109571.97599999997, None), (3, 132322.51199999996, None), (5, 133552.51199999996, None), (6, 136852.51199999996, None)]}",311.6491108609515,152532.87986160695,109571.97599999997,24663.74798572698,2,115.81978946289196,109571.97599999997,137876.38444729758,True,130.94772209875816,183.4069876021647,52.45926550340653
lamf-test-392c05ba-10be-4e78-a3a0-52bfeef6fc2d,"{<resource_manager.instance.OnPremInstance object at 0x12b823e00>: [(3, 109871.97599999997, None)]}",321.5347583668584,152563.49983374076,109871.97599999997,24699.018126725976,1,,109871.97599999997,129645.92699999995,True,157.9028713210129,181.96381489781288,24.060943576799986
lamf-test-f4699487-e2f2-4f73-9c8b-3bed156050c7,"{<resource_manager.instance.OnPremInstance object at 0x12b823e00>: [(3, 109901.97599999997, None)]}",295.77899706678875,152576.9627941488,109901.97599999997,24662.74798572698,2,,109901.97599999997,121529.88299999997,True,37.50909339071101,51.65793062831102,14.14883723760001
lamf-test-d2d7cb5f-b6d4-4643-85b6-7c5def471a4e,"{<resource_manager.instance.OnPremInstance object at 0x12b823e00>: [(4, 110111.97599999997, None), (3, 139522.51199999996, None)]}",304.94728314192844,152661.105379537,110111.97599999997,24660.76150264598,1,310.9030727812,110111.97599999997,141709.99,True,351.4951050269987,405.4214461709988,53.92634114400008
lamf-test-cfddfdef-fe2e-45ad-8560-6fe3d62d6b0a,"{<resource_manager.instance.OnPremInstance object at 0x12b823e00>: [(2, 110231.97599999997, None)]}",315.13941756268656,152813.04387307639,110231.97599999997,24710.366642327976,3,,110231.97599999997,119879.04699999996,True,29.346934367632507,37.1726383628325,7.825703995199997
lamf-test-b3e3f869-98f2-4ec8-bbf6-0c042404572c,"{<resource_manager.instance.OnPremInstance object at 0x12b823e00>: [(4, 112091.97599999997, None)]}",313.64851936596733,152868.08143966738,112091.97599999997,25269.541878562974,2,,112091.97599999997,125205.50999999997,True,47.7616048311527,69.0370023927527,21.2753975616
lamf-test-be918503-1360-4f36-b485-22f30f9e797e,"{<resource_manager.instance.CloudReservedInstance object at 0x12b9c8830>: [(2, 113051.97599999997, None)]}",285.4277316494616,152930.3442136004,113051.97599999997,24679.224135282977,3,,113051.97599999997,149023.0458506497,True,109.42602433842798,188.0156177481275,78.58959340969955
lamf-test-82c4ab04-3ecb-433b-af0f-ca823445bb19,"{<resource_manager.instance.CloudReservedInstance object at 0x12b9d06e0>: [(1, 113111.97599999997, None)], <resource_manager.instance.CloudReservedInstance object at 0x12b86e650>: [(1, 113111.97599999997, None)]}",315.22781690787207,153144.45440338855,113111.97599999997,25281.617010571972,2,,113111.97599999997,153159.85440338857,False,129.1297715809892,,
lamf-test-48b882cf-9036-46be-bc48-393458a804a5,"{<resource_manager.instance.OnPremInstance object at 0x12b823e00>: [(3, 113471.97599999997, None)]}",302.75177020472233,153279.1368813994,113471.97599999997,25892.308212586973,1,51.58995208761117,113471.97599999997,142680.29799999998,True,233.2400798539814,268.78076606358144,35.54068620960002
lamf-test-126e2855-07db-43fa-b439-d9b840b19bc8,"{<resource_manager.instance.OnPremInstance object at 0x12b823e00>: [(5, 113501.97599999997, None), (5, 115582.51199999996, None)]}",318.1127601463231,153610.90406060824,113501.97599999997,25857.154197694974,2,18.170309017098504,113501.97599999997,118025.24676035298,True,27.876548699546277,42.00360789553812,14.127059195991839
lamf-test-66cd8497-ae77-462b-b793-0f387087c6da,"{<resource_manager.instance.OnPremInstance object at 0x12b823e00>: [(6, 115091.97599999997, None), (5, 120082.51199999996, None)]}",301.4980639885899,153768.1846102013,115091.97599999997,25872.497858332972,2,49.286095537084506,115091.97599999997,125346.85134659286,True,65.38685558715247,101.01920042551131,35.632344838358854
lamf-test-99025f0c-24c1-4390-aabb-11e1215ca402,"{<resource_manager.instance.OnPremInstance object at 0x12b823e00>: [(4, 115121.97599999997, None), (3, 121552.51199999996, None)]}",311.1930919467007,153887.95993020906,115121.97599999997,26468.599588431975,1,67.97813552361389,115121.97599999997,124554.42799999997,True,123.68332253403315,142.63926404763316,18.95594151360002
lamf-test-e78e1cc2-6e29-4c61-bc91-985e5bc2f3d3,"{<resource_manager.instance.CloudOnDemandInstance object at 0x12b9c5590>: [(1, 115151.97599999997, None)], <resource_manager.instance.CloudOnDemandInstance object at 0x12b9c5090>: [(1, 115151.97599999997, None)]}",302.016014841831,154235.92013571103,115151.97599999997,26487.211676381976,2,,115552.51199999996,154251.32013571105,False,109.11559914091572,,
lamf-test-41abfa7b-4d2e-4f8d-8223-ac01154402e5,"{<resource_manager.instance.OnPremInstance object at 0x12b823e00>: [(5, 117202.51199999996, None), (4, 123292.51199999996, None)]}",281.0110578746165,154270.83661601238,117202.51199999996,26458.435835119973,1,80.12548482774355,117202.51199999996,125211.18735398859,True,125.6518906718725,145.0063431840726,19.354452512200083
lamf-test-5092ef74-6b46-43b7-99dd-8d0710db91b8,"{<resource_manager.instance.OnPremInstance object at 0x12b823e00>: [(2, 117562.51199999996, None)]}",322.80175063254035,154311.60001590566,117562.51199999996,26470.280959020976,2,,117562.51199999996,129685.62799999995,True,32.956324239298475,42.79059593849847,9.834271699199995
lamf-test-19bc22b3-fa83-4e8f-80ba-b5e9bf28dfd3,"{<resource_manager.instance.OnPremInstance object at 0x12b823e00>: [(3, 117592.51199999996, None)]}",295.4218339024769,154366.97966637145,117592.51199999996,26460.760698950973,3,,117592.51199999996,154382.37966637147,False,167.8752802481018,,
lamf-test-c274bdfc-8db1-4605-b2d9-a7aecde8c778,"{<resource_manager.instance.OnPremInstance object at 0x12b823e00>: [(6, 117742.51199999996, None), (6, 122212.51199999996, None)]}",265.46601281858847,154394.41016454517,117742.51199999996,26508.616074482976,1,145.93429158110885,117742.51199999996,126891.8366529312,True,217.6994757254191,251.35287667616606,33.65340095074696
lamf-test-40e901f4-82e9-4267-8389-b0ffba33f220,"{<resource_manager.instance.OnPremInstance object at 0x12b823e00>: [(2, 118102.51199999996, None)]}",288.17880631872265,154406.18468336394,118102.51199999996,26490.223495958977,3,,118102.51199999996,154421.58468336397,False,110.48466859339571,,
lamf-test-149ce9f5-0d8c-4297-a44f-d357e4f39148,"{<resource_manager.instance.OnPremInstance object at 0x12b823e00>: [(2, 118132.51199999996, None)]}",300.3994249069391,154541.31457818465,118132.51199999996,27103.033520356974,2,,118132.51199999996,154271.46,True,98.24263728526137,127.5585519028614,29.315914617600026
lamf-test-7ebc6423-600b-435f-a9e9-a2b0849ab334,"{<resource_manager.instance.OnPremInstance object at 0x12b823e00>: [(2, 118162.51199999996, None)]}",316.11199289564274,154565.35322713162,118162.51199999996,26474.436912565976,3,,118162.51199999996,145372.29799999998,True,82.77370446421787,104.84628286741788,22.072578403200016
lamf-test-b5a60c8a-d1f9-478b-ae9a-509c17955932,"{<resource_manager.instance.OnPremInstance object at 0x12b823e00>: [(2, 118192.51199999996, None)]}",324.40240962171197,154684.66027035186,118192.51199999996,27074.481409853975,3,,118192.51199999996,140442.50799999997,True,67.68574340254015,85.73494015774017,18.04919675520001
lamf-test-40d5168b-a00e-400f-be31-0989d001eb8a,"{<resource_manager.instance.OnPremInstance object at 0x12b823e00>: [(5, 119062.51199999996, None), (4, 137182.51199999996, None), (6, 140482.51199999996, None)]}",309.100009518621,154769.92587757148,119062.51199999996,27108.506484991976,1,316.705452886151,119062.51199999996,143131.20800432254,True,421.2512910672614,486.15963755755996,64.9083464902986
lamf-test-1427c66a-6963-488b-ab08-8c64fb5d9b94,"{<resource_manager.instance.OnPremInstance object at 0x12b823e00>: [(2, 119362.51199999996, None)]}",298.2879652023477,154840.3644553253,119362.51199999996,27080.731108407974,3,,119362.51199999996,145309.37099999998,True,78.9318092630619,99.97990128386192,21.04809202080002
lamf-test-24897bbd-5428-45bb-8605-42c32b3705e5,"{<resource_manager.instance.OnPremInstance object at 0x12b823e00>: [(4, 119392.51199999996, None), (3, 129562.51199999996, None), (4, 130942.51199999996, None)]}",286.04299928912167,154920.90161927222,119392.51199999996,27116.084024278975,1,133.11658681268537,119392.51199999996,133354.10913326623,True,203.36084128382257,234.53832705360338,31.177485769780805
