,instances,budget,deadline,sched_start_time,submit_time,software_id,current_license_cost,exec_start_time,finish_time,complete,license_cost,cost,hardware_cost
lamf-test-ce4837ee-c9b5-4728-816b-793fbe63012e,"{<resource_manager.instance.OnPremInstance object at 0x11fc2be00>: [(5, 30, 390), (2, 390, None), (6, 3840, None), (7, 4650, None), (10, 5280, None)]}",64.81020493737797,14109.368596154949,30,1.0,1,65.35706137348848,30,5760.1461313637155,True,96.8336729207942,111.69228269282227,14.858609772028075
lamf-test-fdbe52b3-5ac4-4817-bbd7-3ee39ada2008,"{<resource_manager.instance.OnPremInstance object at 0x11fc2be00>: [(3, 60, 3540), (1, 3540, None)]}",309.54978900857253,127488.5687867261,60,3.331117645,1,27.78918548939083,60,69322.742,True,212.89538778614343,243.81133194134344,30.9159441552
lamf-test-312a25ed-966e-4a84-89af-21712bfc7175,"{<resource_manager.instance.OnPremInstance object at 0x11fc2be00>: [(4, 1200, 5670), (1, 5670, None)]}",330.5774711754339,128538.34256643581,1200,1180.387504393,1,47.25302304357746,1200,22031.878,True,93.29374750931629,107.18225322611629,13.888505716800001
lamf-test-6d60a076-8aec-42f5-ae5c-3923b3793c72,"{<resource_manager.instance.OnPremInstance object at 0x11fc2be00>: [(5, 1230, 6690), (2, 6690, None)]}",295.26855467250385,128812.97302033218,1230,1193.304284359,1,71.83664156970111,1230,26756.858999999997,True,180.1906600501939,207.5417760709939,27.3511160208
lamf-test-f42e0220-9054-4dba-814a-9d6b93e25e15,"{<resource_manager.instance.OnPremInstance object at 0x11fc2be00>: [(2, 6570, None)]}",293.5168981771201,134338.5469944952,6570,6551.703203836,3,9.126169290440338,6570,33004.367999999995,True,80.41483915126624,101.85839847286623,21.443559321599995
lamf-test-c2212f64-c788-46d9-9572-57170e08d2ac,"{<resource_manager.instance.OnPremInstance object at 0x11fc2be00>: [(4, 6600, None), (6, 7860, None)]}",57.825321252479114,20734.503573570044,6600,6571.760303197,3,7.665982203969882,6600,8153.834999999999,True,12.135295459730763,15.37131421973076,3.2360187599999963
lamf-test-c947c209-c0e1-414b-aa78-1430406df6ae,"{<resource_manager.instance.OnPremInstance object at 0x11fc2be00>: [(2, 6630, None)]}",91.00759406898061,37642.66944645364,6630,6597.852947200001,3,2.007757243896874,6630,17708.147999999997,True,33.70035135751767,42.686945015117665,8.986593657599999
lamf-test-0aa73555-99c3-40be-a09f-6bf3df006265,"{<resource_manager.instance.OnPremInstance object at 0x11fc2be00>: [(6, 6660, None)]}",310.4901833144852,134440.48039559997,6660,6589.062340618,3,,6660,22545.188000000002,True,144.97091489847136,183.62910841527136,38.658193516800004
lamf-test-761a035c-9b31-431d-b128-35fe1a248496,"{<resource_manager.instance.OnPremInstance object at 0x11fc2be00>: [(4, 6690, None)]}",281.9460745575701,134553.33819870162,6690,6592.063767508001,1,,6690,33274.424999999996,True,281.0278405201916,324.1584116401916,43.13057111999999
lamf-test-1b5247ff-56d3-4066-aafc-ee4137f1169c,"{<resource_manager.instance.OnPremInstance object at 0x11fc2be00>: [(3, 7170, 8130), (2, 8130, None)]}",98.97570184637311,38523.19420570276,7170,7166.380712482001,3,4.380561259411362,7170,23831.699999999993,True,52.14601870864702,66.05136574864702,13.905347039999993
lamf-test-a35e3102-219f-4336-95ce-4d87e6b5e69c,"{<resource_manager.instance.OnPremInstance object at 0x11fc2be00>: [(6, 7200, 8490), (1, 8490, None)]}",88.24903114605627,38393.001684923736,7200,7184.578909375002,3,11.772758384668034,7200,20663.818000000003,True,30.289479047836338,38.366523628636344,8.077044580800003
lamf-test-8d2ae00d-f906-47ac-81a5-138a54772bef,"{<resource_manager.instance.OnPremInstance object at 0x11fc2be00>: [(2, 7230, None)]}",310.3508838593914,134994.11484353646,7230,7185.578909375002,3,6.114533424595026,7230,37138.530999999995,True,90.98343904479425,115.24523939199425,24.261800347199994
lamf-test-b41bc5e6-51fb-4710-b8ea-caebbe600cb8,"{<resource_manager.instance.OnPremInstance object at 0x11fc2be00>: [(6, 7770, 9780), (2, 9780, None)]}",308.5846884800438,135852.04206103613,7770,7751.8283049050015,2,8.686918223226783,7770,15253.935,True,23.567644987273614,32.899637059273616,9.331992072
lamf-test-cbef53e7-aa65-412f-b9a4-02aefd0bda1b,"{<resource_manager.instance.OnPremInstance object at 0x11fc2be00>: [(2, 7830, None)]}",89.7921856815224,39050.12098877627,7830,7801.391960991002,1,,7830,19860.115999999998,True,64.95841782645067,74.71724792565067,9.758830099199999
lamf-test-decf70b3-3bab-4cf4-b55a-9508b27560e7,"{<resource_manager.instance.OnPremInstance object at 0x11fc2be00>: [(3, 7860, None)]}",317.6420201174764,135376.32109904665,7860,7807.256942655002,2,,7860,31611.023000000005,True,76.61562307231429,105.5158678587143,28.90024478640001
lamf-test-8a5bf643-d5be-430a-ac2f-d8a1f25fa6d3,"{<resource_manager.instance.OnPremInstance object at 0x11fc2be00>: [(3, 7890, 9900), (1, 9900, None)]}",322.3613792231315,135507.55082480135,7890,7800.391960991002,2,6.483821870550658,7890,39854.176,True,67.26193669825952,81.85711848385952,14.595181785600001
lamf-test-17aa2292-304e-4763-ab73-533f31d66f3d,"{<resource_manager.instance.OnPremInstance object at 0x11fc2be00>: [(5, 8370, 9660), (2, 9660, None)]}",100.9864715008785,39534.645764459485,8370,8364.913274511,2,5.162319741998986,8370,14306.408,True,17.793439381213062,24.178725550813063,6.3852861696
lamf-test-17be3ad6-6cd4-4c64-93c6-3fc4d170d157,"{<resource_manager.instance.OnPremInstance object at 0x11fc2be00>: [(2, 8400, None), (4, 10110, None), (6, 10560, None)]}",64.77903730143166,22363.98414085735,8400,8389.612121442,2,7.510867224427534,8400,12074.282996615513,True,23.687166306569154,33.53975650769618,9.852590201127025
lamf-test-ee649544-0852-4484-9313-a2ec39aaf5e5,"{<resource_manager.instance.OnPremInstance object at 0x11fc2be00>: [(4, 8430, None)]}",94.51083597672981,39431.517403678896,8430,8401.164822544,1,,8430,14306.974000000002,True,62.126350749106415,71.66115336670642,9.534802617600002
lamf-test-410c24b3-e037-404b-8fa3-3b9be7b4adaa,"{<resource_manager.instance.OnPremInstance object at 0x11fc2be00>: [(5, 8460, 9930), (1, 9930, None)]}",105.56808496111117,39552.63228643928,8460,8395.975461315,3,11.179557380789413,8460,11523.282,True,13.602984257357972,17.23037943655797,3.627395179199999
lamf-test-1faee22d-4d95-436a-a021-6148365dd51b,"{<resource_manager.instance.OnPremInstance object at 0x11fc2be00>: [(2, 8490, None)]}",300.8642397517245,135766.88257323013,8490,8351.446216329,3,,8490,43127.921,True,105.37051030496615,133.46879182016613,28.0982815152
lamf-test-585c2356-1279-476b-b41a-cbdb8ebd0ee3,"{<resource_manager.instance.OnPremInstance object at 0x11fc2be00>: [(4, 8520, None)]}",290.6639501784463,135935.0487628169,8520,8361.163034436,2,,8520,22036.760999999995,True,49.23022256846524,71.15981561486522,21.92959304639999
lamf-test-dbfc6e86-f385-4c1b-a2d1-36902c12232e,"{<resource_manager.instance.OnPremInstance object at 0x11fc2be00>: [(2, 8550, None)]}",332.81097832014945,136197.07905351202,8550,8396.975461315,3,,8550,54800.428,True,140.69641189444062,178.2147590880406,37.5183471936
lamf-test-3e8d9edc-8d07-4ff0-a6aa-1b9473f39dae,"{<resource_manager.instance.OnPremInstance object at 0x11fc2be00>: [(5, 8970, 10020), (1, 10020, None)]}",46.55013787044631,23136.868690977382,8970,8949.990831298,1,15.840748345881815,8970,19390.518,True,40.182459958932235,46.112542059732235,5.9300821008
lamf-test-7b6d3b7a-f2bc-4206-bf5c-c8e1aaff27be,"{<resource_manager.instance.OnPremInstance object at 0x11fc2be00>: [(3, 9000, None), (5, 9810, None)]}",57.77199384513077,23152.898338594467,9000,8976.056129890001,2,2.612883440371161,9000,10035.260000000002,True,4.240968173063883,5.957499821063889,1.7165316480000068
lamf-test-905b51bb-7f4b-480b-babc-216c95cb3e5c,"{<resource_manager.instance.OnPremInstance object at 0x11fc2be00>: [(4, 9030, None), (3, 10320, None)]}",76.07511246679637,23139.996431910153,9030,9003.08504908,3,13.27857631759069,9030,11230.850978537284,True,17.5465158563556,22.22549995461866,4.678984098263058
lamf-test-8daeea4f-cbbf-4fb6-b9f3-5857c1ab865e,"{<resource_manager.instance.OnPremInstance object at 0x11fc2be00>: [(4, 9060, 9720), (2, 9720, None)]}",56.56222725445129,23175.68752092842,9060,8955.298418545,1,6.976956422541638,9060,13492.168,True,27.345343980530835,31.476110662130836,4.1307666816
lamf-test-d53de693-fd3a-47ec-b96e-28dcf292d471,"{<resource_manager.instance.OnPremInstance object at 0x11fc2be00>: [(4, 9090, None)]}",82.04480128359563,40169.458421622214,9090,9006.642157897,2,,9090,17754.185999999998,True,31.556362145826252,45.613137512226245,14.056775366399997
lamf-test-665b3cd3-6953-4941-a220-b425974f248a,"{<resource_manager.instance.OnPremInstance object at 0x11fc2be00>: [(3, 9120, None), (3, 22238.04, None)]}",295.24467469152273,136542.74629293228,9120,8968.810344403,3,59.85872689938398,9120,23146.264270289914,True,68.14733534373636,86.3196209999139,18.172285656177536
lamf-test-e86f1528-c4b7-428d-9220-137c2eee5f81,"{<resource_manager.instance.OnPremInstance object at 0x11fc2be00>: [(5, 9150, None)]}",291.443531643958,136932.66455534007,9150,8993.636062633,2,69.82568089501527,9150,32252.549221242898,True,92.45174103513605,139.30371085581663,46.851969820680594
lamf-test-d608e81f-e921-488f-9511-ac29f6be8717,"{<resource_manager.instance.OnPremInstance object at 0x11fc2be00>: [(4, 9570, None)]}",290.8535591080783,137595.7415118245,9570,9561.595970617,3,,9570,18506.862,True,54.372877024868814,68.87204193366881,14.499164908800001
lamf-test-794e981d-7b48-479b-88a9-08c76168b3f4,"{<resource_manager.instance.OnPremInstance object at 0x11fc2be00>: [(2, 9600, None)]}",55.43753343799916,23753.91656616288,9600,9576.176549536,3,3.832991101984941,9600,13608.055,True,12.192729485131949,15.444063701131949,3.251334216
lamf-test-50c28631-c9b3-47d9-9e36-b5f64438ea4d,"{<resource_manager.instance.OnPremInstance object at 0x11fc2be00>: [(6, 9630, 10440), (2, 10440, None)]}",57.792712238435485,23497.697918659334,9630,9606.957194302,3,7.392197125256673,9630,14904.572,True,20.973677085709937,26.566553892109937,5.5928768064
lamf-test-d89dd74a-ca32-43e3-9fdb-057b16e15c3a,"{<resource_manager.instance.OnPremInstance object at 0x11fc2be00>: [(2, 9660, None)]}",52.589033620058174,23785.08118410001,9660,9577.176549536,1,,9660,16269.002,True,35.68629872994145,41.047521152341446,5.3612224224
lamf-test-9d73df9e-a4e9-43ed-b3cd-731892da568c,"{<resource_manager.instance.OnPremInstance object at 0x11fc2be00>: [(6, 9690, None)]}",116.24356079750007,40698.026623244834,9690,9582.175844426,3,,9690,12709.289365149953,True,27.5545458831846,34.90228848221352,7.347742599028925
lamf-test-0ae28a41-e363-4bde-bdce-50f826df3b42,"{<resource_manager.instance.OnPremInstance object at 0x11fc2be00>: [(4, 9720, None)]}",87.69850691765791,40881.68219739123,9720,9603.889804962,3,,9720,17627.442,True,48.1097695642254,60.9388034650254,12.829033900799999
lamf-test-700b88cb-1fe1-443f-85f3-4e83586778d7,"{<resource_manager.instance.OnPremInstance object at 0x11fc2be00>: [(2, 9750, None)]}",323.88597973304996,136863.9531545777,9750,9586.190535623,1,,9750,41408.967,True,170.94734633812456,196.62910036852455,25.681754030399997
lamf-test-76901c5b-cc70-4a21-8b6a-aa4aa3dedd24,"{<resource_manager.instance.OnPremInstance object at 0x11fc2be00>: [(2, 9780, None)]}",295.82083300729096,136899.70370221266,9780,9595.944513945,2,,9780,19427.071,True,26.225270783149604,34.050974778349605,7.8257039952
lamf-test-9da27dae-e6dc-4f47-b706-a6e8a3713464,"{<resource_manager.instance.OnPremInstance object at 0x11fc2be00>: [(6, 9810, None)]}",296.9549680882063,137370.60841557072,9810,9605.957194302,3,,9810,14785.189999999999,True,45.404426192105845,57.51204857610584,12.107622383999997
lamf-test-c0570041-d32e-4e8b-8d2d-a250dfe399fc,"{<resource_manager.instance.OnPremInstance object at 0x11fc2be00>: [(5, 9840, None)]}",309.1917473885502,137430.38825117407,9840,9598.408440156,1,,9840,27930.826530982948,True,238.01908813294165,274.70728433777504,36.68819620483342
lamf-test-cacf2328-5a7f-4177-ad3a-d6767db7f233,"{<resource_manager.instance.OnPremInstance object at 0x11fc2be00>: [(5, 9870, None)]}",299.34289693362723,137519.43497404453,9870,9594.944513945,2,47.45348371582454,9870,23931.842999999997,True,56.272658703713354,84.79007630771335,28.51741760399999
lamf-test-ca7252f0-85f2-4005-896c-fb17b2f26952,"{<resource_manager.instance.OnPremInstance object at 0x11fc2be00>: [(6, 9900, None)]}",304.02222934164064,137596.87526380274,9900,9600.221150964,1,,9900,25687.425,True,248.53578028747432,286.9560577674743,38.42027748
lamf-test-f035cec5-13b9-4feb-9d16-93fce26c2cc2,"{<resource_manager.instance.OnPremInstance object at 0x11fc2be00>: [(3, 10170, None)]}",59.50673849065216,24369.343829658792,10170,10162.334497389998,2,,10170,17671.554,True,24.19837805388894,33.32626896108894,9.127890907200001
lamf-test-01aed4d0-4ac3-4934-b29d-300b9eb1cf38,"{<resource_manager.instance.OnPremInstance object at 0x11fc2be00>: [(6, 10200, None)]}",48.38806555130056,24522.942747533067,10200,10159.351516707999,3,,10200,11132.804,True,8.51292721879991,10.78299903319991,2.2700718144000005
lamf-test-6718dd63-82fd-49d3-b154-c2385c7724e4,"{<resource_manager.instance.OnPremInstance object at 0x11fc2be00>: [(4, 10230, None)]}",53.92864783453742,24307.823863853297,10230,10205.064722091998,1,,10230,14443.329000000002,True,44.539716404289315,51.37542137388932,6.835704969600003
lamf-test-f6a7b87b-3fe2-4927-871e-a0cac1bfa236,"{<resource_manager.instance.OnPremInstance object at 0x11fc2be00>: [(3, 10260, None)]}",80.84812600328213,41462.07979666276,10260,10155.969609996999,3,,10260,18589.7,True,38.00912616929044,48.14470512929044,10.135578960000002
lamf-test-561c40aa-4fd2-4142-aa20-b41c53e185e4,"{<resource_manager.instance.OnPremInstance object at 0x11fc2be00>: [(2, 10290, None)]}",92.22367706149063,41485.69635631512,10290,10208.441162368998,2,,10290,18784.778,True,23.0927971083391,29.983761021939095,6.8909639135999985
lamf-test-7dc86417-03bf-4f7d-b2cc-4f303d7c708b,"{<resource_manager.instance.OnPremInstance object at 0x11fc2be00>: [(4, 10320, None)]}",122.20824587768153,41507.360511873914,10320,10168.702640316498,2,,10320,15129.762,True,17.51792857485211,25.321286443652113,7.803357868800001
lamf-test-6ea3ccb6-5ec7-474a-bd76-4c0b7e74a8fd,"{<resource_manager.instance.CloudReservedInstance object at 0x12085c830>: [(4, 10350, None)]}",318.43627200467716,137650.61712842315,10350,10154.874963064,3,,10350,24076.1505432469,True,83.51144904249387,143.4892364562655,59.977787413771644
lamf-test-6e11c3c3-b9bf-4aa2-897f-6c03a891a9cd,"{<resource_manager.instance.CloudReservedInstance object at 0x12085c830>: [(2, 10380, None)], <resource_manager.instance.CloudReservedInstance object at 0x1208551d0>: [(3, 10380, 37202.328)]}",323.10613238146993,137817.04722160444,10380,10182.453462459998,3,142.7913118868355,10380,137832.44722160447,False,448.91381313135435,,
lamf-test-c5a6ffed-1196-4516-a2cc-67f21c8eb5f5,"{<resource_manager.instance.OnPremInstance object at 0x11fc2be00>: [(2, 10410, None)]}",321.906162634098,137895.00610135382,10410,10195.655190495998,2,,10410,21542.698,True,30.263902856838936,39.294747474438935,9.0308446176
lamf-test-93fc33e5-0604-48d1-8efe-1dfc9145e379,"{<resource_manager.instance.CloudReservedInstance object at 0x1208551d0>: [(3, 10440, None)], <resource_manager.instance.CloudReservedInstance object at 0x120854f50>: [(2, 10440, None)]}",318.63019504491797,137921.295765334,10440,10206.064722091998,1,,10440,40729.74252934728,True,183.51835284087508,238.40336630405235,54.88501346317727
lamf-test-92b10550-cff6-47f7-a077-4b4db1587046,"{<resource_manager.instance.CloudReservedInstance object at 0x120854f50>: [(4, 10770, None)]}",81.64667311738593,41900.2732175317,10770,10768.138611223998,2,,10770,22236.84793610823,True,26.26987753736682,44.76360988872218,18.49373235135536
lamf-test-0ee3ab93-6383-46f5-aeca-265dafdbd84c,"{<resource_manager.instance.CloudReservedInstance object at 0x11fc723f0>: [(5, 10800, 12942.144), (1, 12942.144, None)]}",39.66592451958817,24907.76390615524,10800,10778.859243673998,3,16.291307323750857,10800,13799.049587310723,True,17.5946848997045,24.382567594338433,6.787882694633932
lamf-test-29b14cf4-c2e0-462e-a5b2-16a34ab23f1f,"{<resource_manager.instance.CloudReservedInstance object at 0x11fc723f0>: [(1, 10830, None)], <resource_manager.instance.CloudReservedInstance object at 0x1208646e0>: [(1, 10830, None)]}",89.42960233211319,41850.02322567696,10830,10769.612924272998,3,,10830,24792.162036780974,True,35.394737335617336,53.67399987417099,18.279262538553652
lamf-test-0ab21652-7e84-40ef-afc1-d04cb7c18425,"{<resource_manager.instance.CloudReservedInstance object at 0x1208646e0>: [(2, 10860, None)]}",99.9394489602227,42077.34567385851,10860,10808.679355693997,3,,10860,17280.98426808556,True,13.021997653733996,22.299035724264016,9.27703807053002
lamf-test-d81c27cf-4838-43c5-ac8d-f0f7d5a86a71,"{<resource_manager.instance.CloudReservedInstance object at 0x1208646e0>: [(3, 10890, None)], <resource_manager.instance.CloudReservedInstance object at 0x11fc72650>: [(1, 10890, 34742.328)]}",313.16578296695053,138469.16000227467,10890,10758.059370427998,3,90.70015970796257,10890,138484.5600022747,False,406.28988364826125,,
lamf-test-3484ce7d-9fee-4f95-9c2d-f871cc58413f,"{<resource_manager.instance.CloudOnDemandInstance object at 0x11fc728b0>: [(3, 10920, None)]}",280.48808000057255,138528.51938459813,10920,10798.815940459997,3,335.33787816563995,11320.536,95994.62884753336,True,388.2027325919843,957.3009548046739,569.0982222126896
lamf-test-aa879c60-c521-40a2-972a-cf0714098824,"{<resource_manager.instance.OnPremInstance object at 0x11fc2be00>: [(2, 11380.536, None)]}",56.99333448866139,25587.72205986092,11380.536,11370.347882126,2,,11380.536,19235.655,True,21.353903460321096,27.725975993121097,6.372072532799999
lamf-test-c8383b87-eaaf-4727-8a38-364a265a9c1b,"{<resource_manager.instance.OnPremInstance object at 0x11fc2be00>: [(2, 11410.536, None)]}",87.74670802746411,42424.544365316295,11410.536,11409.398210383999,2,,11410.536,25916.566,True,39.43420388825703,51.20149542425703,11.767291535999998
lamf-test-107c896d-ee0f-4ca2-89f1-19c67b8002a2,"{<resource_manager.instance.OnPremInstance object at 0x11fc2be00>: [(2, 11440.536, None)]}",98.1671155759394,42585.92330754323,11440.536,11358.294025795998,3,,11440.536,14361.762000000002,True,8.88653433721196,11.256232868411963,2.369698531200002
lamf-test-cfb32c98-2421-4b31-9da7-090b5212bb9a,"{<resource_manager.instance.CloudOnDemandInstance object at 0x11fc728b0>: [(6, 11470.536, None)]}",311.65623815536327,138884.80099728136,11470.536,11374.835728028,1,1105.7436550308012,11871.072,101076.74662662431,True,1410.6384972021624,2609.462067933644,1198.8235707314814
lamf-test-c1ff5343-c068-4179-8505-1de35f1c5237,"{<resource_manager.instance.OnPremInstance object at 0x11fc2be00>: [(4, 11901.072, None)]}",328.6266875432299,139067.8678733565,11901.072,11393.116957985,2,51.454647030962754,11901.072,35820.462,True,87.1182743707551,125.9250927067551,38.806818336
lamf-test-2e0bd3ff-93cb-46df-ab43-ee2f13d4c7e1,"{<resource_manager.instance.CloudOnDemandInstance object at 0x11fc728b0>: [(3, 11931.072, None)]}",316.2487464140096,139081.51447780296,11931.072,11378.238443777,1,,12331.608,52826.55962974069,True,326.56675040860694,600.1330253589942,273.56627495038737
lamf-test-48feb4fc-2742-45dc-808f-e652fe900563,"{<resource_manager.instance.OnPremInstance object at 0x11fc2be00>: [(3, 12361.608, None)]}",41.254966979320166,25925.36454130085,12361.608,11960.432988079,1,,12361.608,15897.385000000002,True,28.234587040839624,32.53692049443963,4.302333453600003
lamf-test-a5bf6748-f8d5-4a59-badc-d9816f45493a,"{<resource_manager.instance.OnPremInstance object at 0x11fc2be00>: [(2, 12391.608, None)]}",54.40376906069801,26109.98667917156,12391.608,11953.597073075,2,,12391.608,21376.157,True,24.424224761015648,31.712490909815646,7.288266148799999
lamf-test-7a641bba-d417-49ff-88d9-3fe54ccc21c1,"{<resource_manager.instance.OnPremInstance object at 0x11fc2be00>: [(5, 12421.608, None)]}",72.4727596207448,26145.177646727752,12421.608,11988.231712451,1,,12421.608,13581.838000000002,True,15.265023195680296,17.6179696356803,2.3529464400000024
lamf-test-d4b58a16-b6c8-4064-88b0-a3ec8e4212ba,"{<resource_manager.instance.OnPremInstance object at 0x11fc2be00>: [(2, 12451.608, None)]}",56.907858453854786,26340.92975953493,12451.608,11966.480473398999,2,,12451.608,16555.95,True,11.157529610454182,14.486971840854181,3.3294422304
lamf-test-98a6ab80-499b-4f3a-95f7-4dd7df820566,"{<resource_manager.instance.OnPremInstance object at 0x11fc2be00>: [(2, 12481.608, None)]}",105.87093398460661,43186.49795159807,12481.608,12013.003318698999,1,,12481.608,21348.764000000003,True,47.87954034527342,55.07257729247342,7.193036947200002
lamf-test-bbc839c8-f836-4f9a-a8e0-6cb8342496f2,"{<resource_manager.instance.CloudOnDemandInstance object at 0x120855590>: [(3, 12511.608, None)]}",114.4912360012796,43191.05901042938,12511.608,11963.510831155,3,,12912.144,43206.459010429375,False,70.03160166650552,,
lamf-test-15ce12ce-cdd4-4322-97b9-e92908eec275,"{<resource_manager.instance.OnPremInstance object at 0x11fc2be00>: [(4, 12942.144, None)]}",62.79223748275714,26876.22673885058,12942.144,12606.209467678997,2,,12942.144,18174.164,True,19.055860282109123,27.544289530109126,8.488429248000001
lamf-test-a4d8ead1-b39f-46fe-9cfa-58d32f343ff0,"{<resource_manager.instance.CloudReservedInstance object at 0x11fc723f0>: [(4, 12972.144, None)]}",84.41713409588449,43207.23801920217,12972.144,12009.345460284,1,,12972.144,31254.104373619954,True,193.26127400815068,236.17269139711144,42.91141738896075
lamf-test-05c2e1a5-42c3-4e97-863b-94fa07e33793,"{<resource_manager.instance.CloudOnDemandInstance object at 0x120855590>: [(4, 13002.144, None)]}",91.04820322006628,43253.060454624785,13002.144,11979.608472376,2,,13402.68,43268.46045462479,False,82.27806601931628,,
lamf-test-04f3f31f-b20f-4cb7-a3dd-c0c2f380b4cc,"{<resource_manager.instance.CloudOnDemandInstance object at 0x120855590>: [(4, 13432.68, None)]}",63.69847192731158,27279.97573649056,13432.68,13181.180721268998,3,,13833.216,27295.37573649056,False,42.17110270435945,,
lamf-test-d4113937-9912-4267-ad39-f41249bcbcef,"{<resource_manager.instance.OnPremInstance object at 0x11fc2be00>: [(2, 13863.216, None)]}",44.164232744169574,27525.877209546576,13863.216,13204.239504121997,3,,13863.216,22610.887,True,26.6109088143585,33.707019529558494,7.096110715199998
lamf-test-87f7683b-4f57-45f2-93ec-cd6117faec52,"{<resource_manager.instance.OnPremInstance object at 0x11fc2be00>: [(2, 13893.216, None)]}",62.86965238334432,27844.7292478913,13893.216,13781.254584505996,1,,13893.216,16299.563000000002,True,12.99343197201309,14.94546065841309,1.9520286864000012
lamf-test-9bb4d80d-2aee-48e9-ac53-5a922312b6c8,"{<resource_manager.instance.OnPremInstance object at 0x11fc2be00>: [(6, 13923.216, None)]}",62.348183689222225,27961.087117944226,13923.216,13764.452749054997,2,,13923.216,19451.837000000003,True,23.893869907569304,37.34832197316931,13.454452065600007
lamf-test-c89d3402-a23f-46ae-8720-cd373edbf82e,"{<resource_manager.instance.CloudReservedInstance object at 0x11fc723f0>: [(1, 13953.216, None)], <resource_manager.instance.CloudOnDemandInstance object at 0x120855590>: [(1, 13953.216, None)], <resource_manager.instance.CloudOnDemandInstance object at 0x120855090>: [(1, 13953.216, None)]}",59.063695813800784,28005.38854479554,13953.216,13776.504161347997,3,,13953.216,22490.859314288708,True,23.807660013987316,42.59295122198361,18.7852912079963
lamf-test-5f552717-b86e-4e0e-9794-6b12cd0fea27,"{<resource_manager.instance.CloudOnDemandInstance object at 0x120855090>: [(2, 13983.216, None)]}",43.981392744961866,28042.265466993475,13983.216,13805.283650539996,2,,14383.752,28094.485945662618,False,24.129339649237252,,
lamf-test-067d037c-dcca-41c3-b8b9-a8b36009d0a4,"{<resource_manager.instance.OnPremInstance object at 0x11fc2be00>: [(4, 14413.752, None)]}",61.80548621708826,28073.735263610266,14413.752,13784.620734641996,2,,14413.752,20550.75,True,22.351936047565395,32.30860160276539,9.956665555199999
lamf-test-60d40a4b-09c7-4a73-b379-b1d85406ff0e,"{<resource_manager.instance.CloudOnDemandInstance object at 0x120855090>: [(4, 14443.752, None)]}",57.165191884420324,28105.701502117496,14443.752,13807.516879160996,3,,14844.288,28121.101502117497,False,27.738179333520918,,
lamf-test-a7986f20-c88c-442a-a9bb-9d4e408bd120,"{<resource_manager.instance.OnPremInstance object at 0x11fc2be00>: [(4, 14874.288, None)]}",50.00049139574834,28477.591392162838,14874.288,14372.400148126997,1,,14874.288,17508.061,True,27.841999163434494,32.1150324786345,4.273033315200002
lamf-test-78749043-3668-43d0-99ce-4ee040f7f664,"{<resource_manager.instance.OnPremInstance object at 0x11fc2be00>: [(2, 14904.288, None)]}",57.07835905715178,28503.25357255792,14904.288,14383.356284403997,2,,14904.288,17879.2,True,8.087208309759632,10.500456924159632,2.4132486144
lamf-test-225e7631-1dba-46ce-9a30-f911bc78acd8,"{<resource_manager.instance.OnPremInstance object at 0x11fc2be00>: [(5, 14934.288, None)]}",48.6051907309817,28796.476721116393,14934.288,14398.085051347996,1,,14934.288,17832.04767464292,True,38.12551705173207,44.002173671907904,5.876656620175839
lamf-test-724d0d5f-301b-4490-8457-7773ef64d695,"{<resource_manager.instance.OnPremInstance object at 0x11fc2be00>: [(5, 14964.288, None)]}",109.55462846539683,43696.117137747366,14964.288,12584.881986508997,2,,14964.288,18157.929132355155,True,12.78030749334652,19.25701170976277,6.476704216416254
lamf-test-d56ac58c-44ed-4cac-88e0-685510119191,"{<resource_manager.instance.CloudOnDemandInstance object at 0x120855090>: [(2, 14994.288, None)]}",70.70390367140996,29051.04077830584,14994.288,14989.042360577996,2,,15394.824,29066.44077830584,False,24.062451876492332,,
lamf-test-093fc8c1-409b-4af5-91bd-f1586aa318b7,"{<resource_manager.instance.OnPremInstance object at 0x11fc2be00>: [(6, 15424.824, None)]}",48.98947611555658,29148.804468574162,15424.824,14994.399438641996,1,,15424.824,17561.231,True,33.63269062286104,38.83185069806104,5.199160075199998
lamf-test-b31f9afe-254c-4126-a484-8628eb9333c1,"{<resource_manager.instance.CloudOnDemandInstance object at 0x120855090>: [(3, 15454.824, None)], <resource_manager.instance.CloudOnDemandInstance object at 0x11fc72520>: [(3, 15454.824, None)]}",58.325064065435534,29199.247836892482,15454.824,15021.475340120996,1,,15855.36,28089.651951824588,True,136.44730163199415,221.7509635038993,85.30366187190515
lamf-test-412a625e-1641-430d-83ff-ad06d8ff7ded,"{<resource_manager.instance.CloudOnDemandInstance object at 0x11fc72520>: [(5, 15885.36, None)]}",48.58977843534464,29289.129549633268,15885.36,15007.440413372997,1,,16285.896,23440.404555104607,True,99.40092083299848,150.69211831760367,51.29119748460518
lamf-test-8f4c62d4-1881-4ae7-91f8-3b9d5e4e648b,"{<resource_manager.instance.CloudOnDemandInstance object at 0x11fc72520>: [(4, 16315.896, None)], <resource_manager.instance.CloudOnDemandInstance object at 0x120864440>: [(2, 16315.896, None)]}",53.33256697567134,29750.299591661707,16315.896,15622.244494587996,2,36.02665386326487,16716.432,29765.69959166171,False,79.7990657872562,,
lamf-test-65b278d1-c75b-4135-b5aa-f825706c680d,"{<resource_manager.instance.OnPremInstance object at 0x11fc2be00>: [(4, 16746.432, None)]}",46.808209305960055,29816.410019618328,16746.432,15590.114651642996,1,50.75849965776865,16746.432,24153.192,True,78.29794204882499,90.31466947282499,12.016727423999997
lamf-test-915cb3ce-20ce-43ae-8b31-7f523a6333eb,"{<resource_manager.instance.OnPremInstance object at 0x11fc2be00>: [(2, 16776.432, None)]}",71.69092063889612,30209.821981193963,16776.432,16172.474666367496,3,,16776.432,24623.851,True,23.872291429006,30.238117721806,6.365826292799999
lamf-test-920c97be-abc7-45c8-bf90-73719c07896c,"{<resource_manager.instance.OnPremInstance object at 0x11fc2be00>: [(3, 16806.432, None)]}",49.27955402462038,30370.936302136248,16806.432,16165.930713351496,2,,16806.432,21019.761000000002,True,13.591280954241464,18.718059681441467,5.126778727200002
lamf-test-2ec8c349-ada1-458e-a7a4-ab9b6322b2cf,"{<resource_manager.instance.CloudOnDemandInstance object at 0x120864440>: [(4, 16836.432, None)]}",57.00450481534605,30374.151092777138,16836.432,16217.967497289996,2,,17236.968,20273.78177720927,True,10.550483930777359,33.946461454374536,23.39597752359718
lamf-test-eb592d2c-c121-4645-b005-4e7f00d8eb14,"{<resource_manager.instance.CloudOnDemandInstance object at 0x120864440>: [(5, 17266.968, None)]}",65.43723826831173,30518.029431482813,17266.968,16184.216363520996,1,,17667.504,30533.429431482815,False,117.37255151437377,,
lamf-test-cf4eee4f-df46-4434-9c29-6bf0f44daf4d,"{<resource_manager.instance.OnPremInstance object at 0x11fc2be00>: [(6, 17697.504, None)]}",53.667029478259835,30884.381462286306,17697.504,16784.399282685994,2,,17697.504,21354.99310923084,True,15.807118803099934,24.707984299324103,8.90086549622417
lamf-test-4fd50982-b738-4cdf-bdb5-50cd3dff6874,"{<resource_manager.instance.OnPremInstance object at 0x11fc2be00>: [(2, 17727.504, None)]}",66.98837614575113,31029.31218712218,17727.504,16794.67387891899,2,,17727.504,26707.327,True,24.411377272931322,31.69580969053132,7.2844324176
lamf-test-6fdb4590-cea7-4d20-bffa-249d0757fa2a,"{<resource_manager.instance.OnPremInstance object at 0x11fc2be00>: [(6, 17757.504, None), (6, 21488.04, None)]}",88.08906902383775,44203.61106001566,17757.504,13156.264529971997,1,58.72849281314169,17757.504,22649.261993784912,True,95.28989713491166,110.02042923266157,14.730532097749922
lamf-test-ecaffeb0-92d2-4398-a844-9e4844c48df5,"{<resource_manager.instance.OnPremInstance object at 0x11fc2be00>: [(3, 17787.504, None)]}",106.56838267415606,44335.56373728983,17787.504,13174.475181766999,1,,17787.504,22505.210000000003,True,37.67276066621038,43.41326532701038,5.740504660800003
lamf-test-198ba68c-5a75-4dd3-95a5-23cb4a91c31d,"{<resource_manager.instance.OnPremInstance object at 0x11fc2be00>: [(5, 17847.504, None), (3, 21038.04, None)]}",75.79076386942039,44378.24404407163,17847.504,13209.590710225997,2,12.76788138012285,17847.504,21342.512,True,14.968477201539926,22.426834955139917,7.4583577535999925
lamf-test-38f0df60-c850-46c3-8ecc-b21d5524ac44,"{<resource_manager.instance.OnPremInstance object at 0x11fc2be00>: [(6, 17907.504, None)]}",82.2505270696069,44439.279180574,17907.504,13167.249385639998,3,,17907.504,24141.368000000002,True,56.89129819758157,72.06202962798157,15.170731430400004
lamf-test-0ee69e3c-f7ac-4d00-b4dc-243374763ca6,"{<resource_manager.instance.CloudReservedInstance object at 0x1208646e0>: [(2, 17937.504, None)]}",95.71047451977611,45035.59937928911,17937.504,13806.516879160996,3,,17937.504,21567.286489716582,True,7.3613354419176735,12.60564518306019,5.244309741142517
lamf-test-bff6c6c8-6ce7-4a14-8d30-c8d69887c972,"{<resource_manager.instance.OnPremInstance object at 0x11fc2be00>: [(4, 18207.504, None)]}",62.55972404682857,32033.33982568472,18207.504,17998.765672824997,2,,18207.504,26159.183999999997,True,28.96130043234571,41.8621060643457,12.900805631999994
lamf-test-f3f23406-4146-4e8a-b0d6-831939b9a4ea,"{<resource_manager.instance.OnPremInstance object at 0x11fc2be00>: [(5, 18267.504, None), (4, 21518.04, None)]}",57.3172776265575,32043.60758637824,18267.504,18010.279336957996,1,42.76695779146703,18267.504,22163.22081121772,True,58.075833987370046,67.02308902863922,8.947255041269166
lamf-test-9fd69545-924f-4ce5-9308-d2123ccec4dc,"{<resource_manager.instance.OnPremInstance object at 0x11fc2be00>: [(3, 18297.504, None)]}",61.631240803228884,32103.837768315138,18297.504,17981.909747053993,1,,18297.504,19786.447,True,11.88980264658909,13.701548488989088,1.8117458423999993
lamf-test-5a75690c-b8ed-48d0-b610-f947c287d86c,"{<resource_manager.instance.OnPremInstance object at 0x11fc2be00>: [(5, 18627.504, None), (5, 19947.504, None)]}",56.45454017440447,32775.88125616137,18627.504,18623.838599975996,3,38.03385808806753,18627.504,22424.181327692524,True,47.70974717001328,60.432110411134154,12.722363241120874
lamf-test-b036c054-ee21-47f6-aca9-95247c096cfe,"{<resource_manager.instance.OnPremInstance object at 0x11fc2be00>: [(6, 19287.504, None), (4, 21608.04, None)]}",40.69689972228568,32807.76227874901,19287.504,18570.384963479995,3,21.177604380561256,19287.504,22314.794,True,31.92753213172105,40.44138276532105,8.513850633600004
lamf-test-43098e09-15cf-41fe-b455-41529b19decc,"{<resource_manager.instance.OnPremInstance object at 0x11fc2be00>: [(4, 19587.504, 20037.504), (1, 20037.504, None)]}",67.69762432994189,33274.954877037315,19587.504,19219.63745791299,1,4.757015742642025,19587.504,30504.161000000004,True,34.20916487945852,39.184520958658524,4.975356079200001
lamf-test-9673f22e-b964-4aa7-bb78-d1e21e110802,"{<resource_manager.instance.OnPremInstance object at 0x11fc2be00>: [(3, 19617.504, None)]}",52.254300807909324,33327.72833152715,19617.504,19173.098487493993,1,,19617.504,27123.784000000003,True,59.940634268765706,69.0742757727657,9.133641504000003
lamf-test-5f1a507d-a26f-433c-85e6-51ac89f0d432,"{<resource_manager.instance.OnPremInstance object at 0x11fc2be00>: [(4, 19827.504, None), (3, 22718.04, None)]}",64.02975273459877,33456.14545882462,19827.504,19180.37107822699,3,17.5863472507415,19827.504,24748.65305581364,True,39.206685513264084,49.66160770773017,10.454922194466086
lamf-test-ff8adf42-1018-4980-bdfd-c498e4f1b637,"{<resource_manager.instance.CloudOnDemandInstance object at 0x120864440>: [(2, 20307.504, None)]}",50.99968955238831,33864.23829191951,20307.504,19769.306067205995,1,,20708.04,33879.6382919195,False,49.8886980588721,,
lamf-test-d1831f12-882c-4e14-bb62-b9776ced5649,"{<resource_manager.instance.OnPremInstance object at 0x11fc2be00>: [(3, 20738.04, None)]}",62.263052342770514,33910.24888673687,20738.04,19780.736867654996,3,,20738.04,22795.548,True,9.38858316221765,11.892158896617648,2.503575734399998
lamf-test-327a626d-9865-47f8-8ba0-52996ec1940c,"{<resource_manager.instance.OnPremInstance object at 0x11fc2be00>: [(4, 21368.04, None)]}",74.39841740073138,33954.126791509,21368.04,19814.81551074799,1,41.97311613050422,21368.04,27410.016000000003,True,63.87061099703402,73.67311285943403,9.802501862400003
lamf-test-0d7701be-3ce7-49c1-9391-e93bc28aface,"{<resource_manager.instance.OnPremInstance object at 0x11fc2be00>: [(2, 21398.04, None)]}",74.93798997685712,33971.6981208177,21398.04,19794.262961885994,3,,21398.04,29359.172000000002,True,24.21821279184729,30.67628307024729,6.458070278400001
lamf-test-2809816c-7bfc-46e3-bb73-0ce9925ea853,"{<resource_manager.instance.OnPremInstance object at 0x11fc2be00>: [(2, 21428.04, None)]}",50.90207279429441,33977.598365618935,21428.04,19813.81551074799,1,,21428.04,31995.119000000002,True,57.05852985017873,65.63054433497874,8.5720144848
lamf-test-a37f5b70-4c4f-44b3-a817-99539c326610,"{<resource_manager.instance.OnPremInstance object at 0x11fc2be00>: [(4, 21458.04, None)]}",57.694188998700625,34483.10166326359,21458.04,20396.40096211899,3,,21458.04,25994.225,True,27.598661495170717,34.958168039170715,7.359506543999996
lamf-test-0fdcad07-bf2d-4d92-8354-0c4ee7d909cf,"{<resource_manager.instance.OnPremInstance object at 0x11fc2be00>: [(6, 22208.04, None)]}",57.46774388158159,34489.64732337581,22208.04,20393.60776223099,1,14.640657084188913,22208.04,26214.87621846168,True,63.07818824409213,72.82922486534048,9.75103662124834
lamf-test-457a1c73-20e1-45f7-a144-19901295fb3b,"{<resource_manager.instance.CloudReservedInstance object at 0x1208646e0>: [(2, 22238.04, None)], <resource_manager.instance.CloudOnDemandInstance object at 0x120864440>: [(2, 22238.04, None)]}",49.05334152829353,34532.44983513042,22238.04,20370.61247533999,1,,22238.04,30987.338494042837,True,64.32166104576831,106.73826014488797,42.416599099119665
lamf-test-73802176-7b43-45cb-be2f-758b39305344,"{<resource_manager.instance.CloudReservedInstance object at 0x120854f50>: [(4, 22268.04, None)], <resource_manager.instance.CloudOnDemandInstance object at 0x11fc72520>: [(1, 25608.576, None)]}",57.80879755607951,34547.877234601874,22268.04,20390.60776223099,3,6.7747326792912,22268.04,26970.86598151409,True,11.609589510278914,21.044024590164664,9.43443507988575
lamf-test-ff97215d-d288-4a40-9a08-b29190e7eee1,"{<resource_manager.instance.OnPremInstance object at 0x11fc2be00>: [(4, 22328.04, None)]}",50.90199713640601,35070.95394406991,22328.04,21018.689469988993,1,6.342687656856034,22328.04,29711.155,True,78.04798729941439,90.02635307541439,11.978365775999997
lamf-test-e31740c1-403e-4c71-8a7f-0330adf6a272,"{<resource_manager.instance.OnPremInstance object at 0x11fc2be00>: [(5, 22358.04, None), (5, 23258.04, None)]}",51.6673689623557,35096.59796168944,22358.04,21017.689469988993,1,11.841204654346337,22358.04,25480.552331077008,True,70.32392323010453,81.16363324495286,10.83971001484834
lamf-test-0b722e5a-870b-4bb2-acf4-7c5f987aee07,"{<resource_manager.instance.OnPremInstance object at 0x11fc2be00>: [(4, 22448.04, None), (3, 23168.04, None), (6, 26118.576, None)]}",60.84882595404457,35157.066793614424,22448.04,21020.296018726993,3,54.18473191877709,22448.04,27622.90740741194,True,65.54119749996993,83.0185259561716,17.477328456201683
lamf-test-86bee4c0-8211-4364-b2b2-315ff254f448,"{<resource_manager.instance.OnPremInstance object at 0x11fc2be00>: [(4, 22478.04, None), (3, 26148.576, None)]}",60.879551145103115,35183.455568978614,22478.04,21031.222270594993,1,48.265609856262834,22478.04,27471.622217335957,True,63.35293794432833,73.06440837098857,9.711470426660245
lamf-test-20bd965c-e3af-463e-ad6b-f7ce4b078baa,"{<resource_manager.instance.OnPremInstance object at 0x11fc2be00>: [(5, 22508.04, None)]}",49.20241958092055,35193.39906581839,22508.04,20997.947430045995,2,,22508.04,25020.4,True,10.053957850394244,15.149023930394245,5.0950660800000005
lamf-test-4c84a4d8-5052-4c6f-afd2-7c5df767217c,"{<resource_manager.instance.OnPremInstance object at 0x11fc2be00>: [(6, 22628.04, None)]}",71.28909006291121,35701.390389020366,22628.04,21603.860416605992,1,11.3347022587269,22628.04,24868.17,True,35.26556468172481,40.717145049724806,5.451580367999994
lamf-test-a8f2c75b-6fbc-476d-891d-92f88bfed8de,"{<resource_manager.instance.OnPremInstance object at 0x11fc2be00>: [(6, 22748.04, 23108.04), (1, 23108.04, None)]}",60.82789615796186,35852.758944970454,22748.04,21610.04011154999,2,1.5558659504286774,22748.04,28808.203,True,13.121704428197434,16.309786540997436,3.1880821128
lamf-test-e1378e61-db93-479c-b4b7-359d51f2c742,"{<resource_manager.instance.OnPremInstance object at 0x11fc2be00>: [(6, 22778.04, None)]}",52.48076757861521,35869.69263923644,22778.04,21607.366566739493,1,,22778.04,25065.676,True,36.01343463381244,41.580625603412436,5.567190969599997
lamf-test-1fb51fa6-4d43-412b-9a86-c51ec772c644,"{<resource_manager.instance.OnPremInstance object at 0x11fc2be00>: [(5, 22808.04, None)]}",79.83864331738259,35985.244712768814,22808.04,21591.572363038995,3,19.701391740816792,22808.04,26664.939456720796,True,29.33226448186779,37.15405658009756,7.821792098229773
lamf-test-db07f320-f70e-4581-b141-d95e0791351c,"{<resource_manager.instance.CloudReservedInstance object at 0x11fc723f0>: [(1, 22838.04, None)], <resource_manager.instance.CloudOnDemandInstance object at 0x120855590>: [(1, 22838.04, None)], <resource_manager.instance.CloudOnDemandInstance object at 0x120855090>: [(1, 22838.04, None)], <resource_manager.instance.CloudOnDemandInstance object at 0x120864440>: [(1, 22838.04, None)]}",67.5503798079176,36223.287936701614,22838.04,22174.18243222199,2,,22838.04,32926.782487573226,True,65.87643659522844,105.24160002006553,39.36516342483709
lamf-test-599db447-ffc5-4f67-bbdb-15246291d10d,"{<resource_manager.instance.OnPremInstance object at 0x11fc2be00>: [(4, 23108.04, None)]}",58.09494942769889,36703.07021276332,23108.04,22800.987436562995,3,,23108.04,30394.594000000005,True,44.332216898623486,56.15392210822349,11.821705209600006
lamf-test-0edb2b7d-ea79-4551-a1d6-40e8f4f75204,"{<resource_manager.instance.OnPremInstance object at 0x11fc2be00>: [(2, 23168.04, None)]}",49.09599477194767,36816.064700851224,23168.04,22823.653759194996,3,,23168.04,28068.373000000003,True,14.907089512510463,18.882239642110466,3.975150129600002
lamf-test-9c88980c-fc13-42ba-ae80-9214e850b23c,"{<resource_manager.instance.CloudOnDemandInstance object at 0x11fc72520>: [(3, 23468.04, None)]}",56.88278421553064,36844.339448427665,23468.04,22794.727512446996,2,,23868.576,31030.78455510461,True,24.39576544665431,55.20184911741741,30.806083670763105
lamf-test-76f31f64-e074-4b6a-9579-e22c37b55e69,"{<resource_manager.instance.CloudReservedInstance object at 0x12085c830>: [(4, 24138.576, None)], <resource_manager.instance.CloudOnDemandInstance object at 0x11fc72520>: [(1, 24138.576, 26448.576)]}",57.885218243385175,37019.50284958325,24138.576,22774.177551842993,3,17.56787588409765,24138.576,37034.902849583246,False,81.97628321291805,,
lamf-test-227b9038-f251-4152-94eb-43a9fb1d09b6,"{<resource_manager.instance.OnPremInstance object at 0x11fc2be00>: [(5, 24198.576, None), (5, 27528.576, None)]}",66.25196628808428,37044.065613254934,24198.576,22815.433660818995,2,13.325988171206685,24198.576,28056.00146636477,True,17.547288787404938,26.439766478980445,8.892477691575506
lamf-test-404b381d-5a0f-4cbc-ae4f-02ebbbeb7a4d,"{<resource_manager.instance.OnPremInstance object at 0x11fc2be00>: [(6, 24258.576, None), (6, 26208.576, None)]}",54.32250531179826,37048.36776144558,24258.576,22835.274315264993,1,41.088295687885015,24258.576,26756.687595109117,True,47.955601214934525,55.36888997064962,7.41328875571509
lamf-test-01d3dab5-d631-4e94-b48f-123fd1e6d0ca,"{<resource_manager.instance.OnPremInstance object at 0x11fc2be00>: [(3, 24288.576, None)]}",62.28353144846482,37483.61833953127,24288.576,23384.019429304994,1,,24288.576,27490.914000000004,True,25.571943874058892,29.468548752458897,3.8966048784000042
lamf-test-c7f36b6d-6d0e-497a-bed2-ab51e4200e00,"{<resource_manager.instance.OnPremInstance object at 0x11fc2be00>: [(6, 24798.576, None), (6, 25728.576, None)]}",67.30455789142538,37535.484242197126,24798.576,23436.268003299992,2,4.01932037194075,24798.576,26038.319887384674,True,6.696653526025348,10.46748697470403,3.7708334486786814
lamf-test-d392fb46-3ada-4299-920d-04b5ae462e49,"{<resource_manager.instance.OnPremInstance object at 0x11fc2be00>: [(4, 24918.576, None), (4, 26898.576, None)]}",53.88118833696197,37555.694496745855,24918.576,23433.033077130993,2,7.211479191321145,24918.576,27641.70321846168,True,12.624657446311815,18.248308644776273,5.623651198464457
lamf-test-cbaeac35-da39-4580-bb48-6f69d435e1ef,"{<resource_manager.instance.OnPremInstance object at 0x11fc2be00>: [(6, 25098.576, None), (5, 25938.576, None)]}",59.97502759856391,37689.08963226359,25098.576,23414.23869233199,2,12.370184401842755,25098.576,28204.333879798207,True,22.48972518256905,34.64285453907672,12.153129356507677
lamf-test-6ebb2b55-7f25-4fcc-998e-d62668ae8460,"{<resource_manager.instance.OnPremInstance object at 0x11fc2be00>: [(6, 25158.576, None), (4, 26328.576, None), (9, 26868.576, None)]}",60.69367071554156,37742.79948577698,25158.576,23408.84440615799,2,9.357130316714713,25158.576,28709.120477383913,True,33.45425816282645,52.675782123337825,19.221523960511377
lamf-test-8ac2f925-7afc-41fe-bb28-31766fc5fb67,"{<resource_manager.instance.OnPremInstance object at 0x11fc2be00>: [(2, 25188.576, None)]}",78.91788247204538,38051.13657242358,25188.576,24004.54431273299,1,,25188.576,31570.152,True,34.45827789185488,39.635012343054875,5.176734451199998
lamf-test-e68a5a0e-948d-450e-bd18-14ba76978e62,"{<resource_manager.instance.OnPremInstance object at 0x11fc2be00>: [(2, 25218.576, None)]}",61.643354936762066,38139.72980137573,25218.576,24015.822064604992,2,,25218.576,38155.129801375726,False,35.167630303732786,,
lamf-test-03badbdc-4aa8-4cd2-98f8-bfe0e4080cef,"{<resource_manager.instance.CloudReservedInstance object at 0x11fc723f0>: [(1, 25248.576, None)], <resource_manager.instance.CloudReservedInstance object at 0x1208646e0>: [(1, 25248.576, None)]}",46.039696363479905,38650.20961787684,25248.576,24625.988765256996,2,,25248.576,32454.711258455052,True,26.94352645100091,36.37779873137026,9.434272280369353
lamf-test-3943f80b-7a33-4e35-a8a4-f3b6aa99c52d,"{<resource_manager.instance.OnPremInstance object at 0x11fc2be00>: [(3, 25518.576, None)]}",31.751233670300554,38714.272933736356,25518.576,24622.687326126998,1,13.415468856947296,25518.576,29940.744,True,35.312772073921955,40.693666096321955,5.380894022399998
lamf-test-aba1aa4f-f6ce-4af2-b868-ea5768a9b8b8,"{<resource_manager.instance.OnPremInstance object at 0x11fc2be00>: [(5, 25548.576, None)]}",55.6474329845016,38727.17091628254,25548.576,24587.206465800995,3,12.776637006616474,25548.576,28237.21952240266,True,20.447513289243723,25.90008235267631,5.4525690634325885
lamf-test-d11d15e3-c05e-424a-bab1-f5785ed94bc2,"{<resource_manager.instance.OnPremInstance object at 0x11fc2be00>: [(4, 26118.576, None)]}",65.13660288894543,38732.121233397826,26118.576,24600.590587836996,1,11.09970339949806,26118.576,30820.696,True,49.706797475093154,57.335516963093156,7.628719487999998
lamf-test-2ee801ff-df94-45c9-b634-a465808c37ee,"{<resource_manager.instance.OnPremInstance object at 0x11fc2be00>: [(4, 26298.576, None)]}",44.045311418522864,38740.894827282005,26298.576,24641.839745736997,3,5.110654802646589,26298.576,31428.082,True,31.20849342155295,39.53060395595295,8.322110534399997
lamf-test-b19f4d76-0891-41df-b5fe-36ccd74b9a06,"{<resource_manager.instance.CloudReservedInstance object at 0x12085c830>: [(3, 26448.576, None)]}",47.2527689810787,38746.9017121155,26448.576,24644.131072108998,3,,26448.576,38762.30171211549,False,56.18857272240698,,
lamf-test-2586faa0-8afe-4587-9352-3a45415e951c,"{<resource_manager.instance.OnPremInstance object at 0x11fc2be00>: [(3, 26718.576, None)]}",52.1878736324701,38789.41105960423,26718.576,24605.740674076995,2,,26718.576,29827.326999999997,True,10.028153096465774,13.81088131326577,3.7827282167999963
lamf-test-81195703-aa5f-481d-abd3-346d6a96d7d8,"{<resource_manager.instance.OnPremInstance object at 0x11fc2be00>: [(2, 26778.576, None)]}",57.90728747613712,38818.922034385316,26778.576,24615.956588685996,2,,26778.576,32359.435,True,15.171396424632672,19.69858924543267,4.5271928208
lamf-test-debb5ae3-8ca9-424a-a1fe-ae626817d5d4,"{<resource_manager.instance.OnPremInstance object at 0x11fc2be00>: [(4, 26838.576, None)]}",50.08229655297103,38839.54614510288,26838.576,24613.693995329995,3,,26838.576,30448.526,True,21.963343220016732,27.820126100016733,5.856782880000001
lamf-test-0b1411aa-7440-4517-bbd4-2bffa1461af4,"{<resource_manager.instance.CloudReservedInstance object at 0x120854f50>: [(2, 27018.576, None)]}",54.09958144079154,38939.719490093245,27018.576,24635.266305282996,1,,27018.576,34190.475971991036,True,13.999449840122436,19.78286997753601,5.783420137413572
lamf-test-55529a16-b241-4348-bd90-45ddc000d26d,"{<resource_manager.instance.CloudReservedInstance object at 0x120854f50>: [(2, 27048.576, None)], <resource_manager.instance.CloudOnDemandInstance object at 0x11fc72520>: [(1, 27048.576, None)]}",53.211716625419925,39365.69365202989,27048.576,25249.81258326,2,,27048.576,39381.093652029886,False,46.11091849476911,,
lamf-test-b86de886-591a-45ec-903b-6a80c96225dd,"{<resource_manager.instance.OnPremInstance object at 0x11fc2be00>: [(6, 27498.576, None)]}",41.149547064693905,39783.712000043335,27498.576,25800.018955059,3,,27498.576,30144.774999999998,True,24.1496600501939,30.589449936593894,6.439789886399993
lamf-test-65e3ea29-e28c-4094-b1d4-e102c2738358,"{<resource_manager.instance.CloudOnDemandInstance object at 0x120855590>: [(3, 27528.576, None)]}",53.51848203740168,39939.461114215956,27528.576,25819.25851462,1,,27929.112,39954.86111421595,False,51.03197172162607,,
lamf-test-18cbb634-7aef-4481-9ee7-fe1e8a16d0ba,"{<resource_manager.instance.OnPremInstance object at 0x11fc2be00>: [(5, 27959.112, None)]}",52.226498354671556,40521.64162674721,27959.112,26401.607208148,3,,27959.112,28778.203,True,6.229302608563391,7.890419156563392,1.6611165480000005
lamf-test-40afb271-d458-48d9-adbe-b89134d80114,"{<resource_manager.instance.OnPremInstance object at 0x11fc2be00>: [(3, 27989.112, None)]}",57.83325208385016,40668.546970607356,27989.112,26438.511140773004,3,,27989.112,34126.11,True,28.00364134154688,35.471140507946885,7.4674991664
lamf-test-81297157-09b4-4bfd-81e5-a8bf0f0cf407,"{<resource_manager.instance.OnPremInstance object at 0x11fc2be00>: [(6, 28019.112, None)]}",69.1210403049402,40678.60968858474,28019.112,26440.763973674002,3,,28019.112,31864.90921846168,True,35.097396472385824,44.45652858323416,9.35913211084834
lamf-test-5471ed7c-c241-4b43-b3db-c6a0ff681a3a,"{<resource_manager.instance.OnPremInstance object at 0x11fc2be00>: [(2, 28049.112, None)]}",59.30424416492866,41168.609571864625,28049.112,27000.232482956002,2,,28049.112,37832.626,True,26.596186952571927,34.53257350937192,7.936386556799996
lamf-test-9b9326a1-51bc-46fd-a2cb-1abf1c9c75f6,"{<resource_manager.instance.OnPremInstance object at 0x11fc2be00>: [(5, 28079.112, None)]}",57.78982021342063,41277.41124369344,28079.112,27016.226406282003,1,,28079.112,32335.38276120133,True,55.999303497439335,64.63102060115563,8.631717103716294
lamf-test-6ca33400-5b63-4867-9fb5-39d7d8646a8a,"{<resource_manager.instance.OnPremInstance object at 0x11fc2be00>: [(6, 28109.112, None), (6, 32811.792, None)]}",105.93846150050236,45054.582121085914,28109.112,13794.132010399995,1,74.03260780287475,28109.112,33515.17967635989,True,96.17896859175559,111.04693913813445,14.867970546378855
lamf-test-55d518fc-620c-44fe-a18a-2336d48b9fc1,"{<resource_manager.instance.OnPremInstance object at 0x11fc2be00>: [(3, 28139.112, None)]}",83.99778340603386,45150.892853333906,28139.112,13785.620734641996,3,,28139.112,36392.155999999995,True,37.659338352726415,47.70164229192641,10.042303939199995
lamf-test-6012bbf1-8566-4834-b341-39822809aef2,"{<resource_manager.instance.OnPremInstance object at 0x11fc2be00>: [(5, 28169.112, None)]}",93.62462651407313,45570.04506386172,28169.112,14363.838883342996,1,116.8755318275154,28169.112,38330.691999999995,True,133.6948315461251,154.3025157861251,20.607684239999987
lamf-test-5c0e0bc7-fda1-478e-8de8-178b5b80a83c,"{<resource_manager.instance.OnPremInstance object at 0x11fc2be00>: [(4, 28199.112, None), (4, 34802.328, None)]}",109.02475346006189,45640.83767586279,28199.112,14390.615216722998,2,24.049977161514573,28199.112,35162.980209544985,True,26.67708413569401,38.56038606362557,11.883301927931564
lamf-test-58d64335-ff0b-41b5-93cb-bcafe6abca1b,"{<resource_manager.instance.CloudOnDemandInstance object at 0x120855590>: [(1, 28229.112, None)], <resource_manager.instance.CloudOnDemandInstance object at 0x120855090>: [(3, 28229.112, None)], <resource_manager.instance.CloudOnDemandInstance object at 0x11fc72520>: [(2, 28229.112, None)]}",83.27713277836911,45665.15094470295,28229.112,14380.200433554997,2,104.10393433820798,28629.648,45680.55094470295,False,109.28016164301054,,
lamf-test-92b1912c-cdf4-4496-9665-6c2a64a15900,"{<resource_manager.instance.OnPremInstance object at 0x11fc2be00>: [(5, 28659.648, None)]}",99.7921660649438,45710.56707055157,28659.648,14366.567584474997,3,,28659.648,34313.922,True,43.00155144877936,54.46841912077935,11.466867671999994
lamf-test-bf2ee2bb-aeee-4553-ba75-b56c3562dc59,"{<resource_manager.instance.OnPremInstance object at 0x11fc2be00>: [(2, 28689.648, None)]}",94.73625576454592,45740.40312665562,28689.648,14376.444195913997,1,,28689.648,41441.331999999995,True,68.85463259563461,79.1987986564346,10.344166060799996
lamf-test-3231937d-3960-4134-90c2-f2e92cf6e932,"{<resource_manager.instance.OnPremInstance object at 0x11fc2be00>: [(2, 28719.648, None)]}",109.51414052886817,45967.96735540938,28719.648,14985.427662529995,2,,28719.648,41148.876,True,33.788480454378835,43.87107020797883,10.082589753599995
lamf-test-5e0241b4-8be0-4af4-bde6-0b42fa40fc67,"{<resource_manager.instance.OnPremInstance object at 0x11fc2be00>: [(2, 28749.648, None)]}",98.3173256377796,46190.799853953344,28749.648,14986.427662529995,3,,28749.648,31663.174000000003,True,8.86311050269983,11.22656279389983,2.363452291200001
lamf-test-50bd9009-28ec-4253-bcf7-ae2b62692323,"{<resource_manager.instance.OnPremInstance object at 0x11fc2be00>: [(3, 28779.648, None)]}",96.71534015432012,46763.27468475063,28779.648,15584.285380169997,2,,28779.648,39443.284,True,34.398565331537974,47.37407761633797,12.975512284799999
lamf-test-4e05654b-8014-4960-848f-0c1b470c0ee8,"{<resource_manager.instance.OnPremInstance object at 0x11fc2be00>: [(5, 28809.648, None)]}",119.66024806020059,46794.23670509155,28809.648,15592.841382152996,3,,28809.648,32267.85683088789,True,26.30016602698219,33.31341353602283,7.013247509040637
lamf-test-2f12deb2-00c6-45f2-bf9e-431fba73627e,"{<resource_manager.instance.OnPremInstance object at 0x11fc2be00>: [(6, 28839.648, None), (3, 33381.792, None)]}",93.49967154984164,46882.93005578425,28839.648,15596.625447051996,1,71.50534702258727,28839.648,34327.00898162152,True,93.93349351782747,108.43767522593866,14.504181708111188
lamf-test-b18ea74a-e7ea-41d7-821c-d4f1a5e50746,"{<resource_manager.instance.OnPremInstance object at 0x11fc2be00>: [(4, 28869.648, None), (3, 35162.328, None)]}",93.66823018165961,47699.04902037904,28869.648,16781.016737097994,3,54.89500342231348,28869.648,38195.32056167734,True,70.57824615064473,89.39876266375904,18.820516513114306
lamf-test-4d1918b0-1458-45e2-b527-a49166860d07,"{<resource_manager.instance.OnPremInstance object at 0x11fc2be00>: [(6, 28899.648, None), (4, 32421.792, None)]}",99.90881249240506,47927.98498694597,28899.648,16792.916192292992,2,20.717345199734886,28899.648,33914.24799999999,True,27.1081136669547,41.73300484135466,14.624891174399965
lamf-test-6f91592c-afdd-4bec-8b7a-080c324249f5,"{<resource_manager.instance.OnPremInstance object at 0x11fc2be00>: [(5, 28929.648, None)]}",112.19170754417485,48563.436773289715,28929.648,17418.12132789499,3,48.541181838923116,28929.648,37125.10713235516,True,62.32762287896538,78.94801399938163,16.620391120416258
lamf-test-e18205c9-e6f7-4d1b-94fe-6bdf96998c05,"{<resource_manager.instance.CloudOnDemandInstance object at 0x120855090>: [(6, 28959.648, None)], <resource_manager.instance.CloudReservedInstance object at 0x1208646e0>: [(1, 48155.544, None)], <resource_manager.instance.CloudOnDemandInstance object at 0x120864440>: [(1, 48155.544, None)]}",110.9772195614234,48606.797935356066,28959.648,17387.807499861992,1,103.65112297513119,29360.184,48622.19793535606,False,107.99269506618178,,
lamf-test-d81a676f-ccce-4b38-95bc-838588f989f1,"{<resource_manager.instance.OnPremInstance object at 0x11fc2be00>: [(3, 29390.184, None)]}",93.67827368323229,49046.82018649737,29390.184,17996.510797809995,1,,29390.184,36061.74799999999,True,53.27509468400632,61.39305375920631,8.11795907519999
lamf-test-2b83bd20-9a87-454f-8bc9-f6503da1f9d0,"{<resource_manager.instance.CloudOnDemandInstance object at 0x120855090>: [(2, 29420.184, None)], <resource_manager.instance.CloudOnDemandInstance object at 0x11fc72520>: [(1, 29420.184, None)]}",93.14423892083788,50289.42069502555,29420.184,19194.531152069994,2,,29820.72,50304.82069502554,False,78.08703847901481,,
lamf-test-396956b2-43cb-496d-8f0c-0ee7a61c67dd,"{<resource_manager.instance.OnPremInstance object at 0x11fc2be00>: [(2, 29850.72, None)]}",82.48316532935924,50405.16030031661,29850.72,19185.473109731993,1,,29850.72,34975.238,True,27.67060445661265,31.827613458212646,4.157009001599997
lamf-test-f14e2551-1aeb-4008-9226-cf172ac76d45,"{<resource_manager.instance.OnPremInstance object at 0x11fc2be00>: [(2, 29880.72, None)]}",113.07976716267329,50407.14144599893,29880.72,19214.612181368993,2,,29880.72,38118.364,True,22.393786105149186,29.076162917949187,6.6823768128
lamf-test-33fae0e0-9739-4c13-8834-0589e7587a07,"{<resource_manager.instance.OnPremInstance object at 0x11fc2be00>: [(2, 29910.72, None)]}",87.86109604520695,50430.062219248575,29910.72,19206.580498796993,2,,29910.72,36989.09599999999,True,19.24235110376477,24.98432971496476,5.7419786111999915
lamf-test-b2a69e4a-f75e-4751-ad43-b2adf397fd45,"{<resource_manager.instance.CloudOnDemandInstance object at 0x11fc72520>: [(4, 29940.72, None)], <resource_manager.instance.CloudOnDemandInstance object at 0x120864440>: [(1, 29940.72, None)]}",99.34731245959347,50463.36945842167,29940.72,19184.473109731993,1,189.014340862423,30341.256,49971.73095303995,True,250.85100034988045,393.7281952757238,142.87719492584336
lamf-test-fd51a7dd-bca8-4714-a851-595e00860b67,"{<resource_manager.instance.OnPremInstance object at 0x11fc2be00>: [(3, 30371.256, None)]}",86.19568247701017,50485.81484444397,30371.256,19211.656273238994,3,,30371.256,38866.034,True,38.76239105635408,49.09883692675408,10.336445870399999
lamf-test-1bfc2de0-7e2f-450e-9736-96acfe81a2a7,"{<resource_manager.instance.OnPremInstance object at 0x11fc2be00>: [(5, 30401.256, None)]}",88.34113338193856,50499.280594523094,30401.256,19227.224114179993,1,37.24106228610541,30401.256,34979.284,True,60.23262940147538,69.51687018547537,9.284240783999996
lamf-test-44149545-c52b-4763-ae20-c3268c37dc6f,"{<resource_manager.instance.OnPremInstance object at 0x11fc2be00>: [(6, 30431.256, None), (4, 34982.328, None)]}",109.24225266973586,50895.945523762,30431.256,19819.88757540199,2,19.66904989652595,30431.256,35860.795999999995,True,26.665178773201653,41.30373380040163,14.638555027199974
lamf-test-a691c5b1-12d1-40f2-af64-e72afc904125,"{<resource_manager.instance.OnPremInstance object at 0x11fc2be00>: [(5, 30491.256, None)]}",99.92248787916859,50961.776138920555,30491.256,19809.299037185992,3,,30491.256,34456.505999999994,True,30.156285649098734,38.19781264909872,8.041526999999984
lamf-test-df81467a-4b45-4bf0-9c71-c38863eca94a,"{<resource_manager.instance.CloudOnDemandInstance object at 0x120864440>: [(3, 30611.256, None)]}",90.94794091988545,50997.51644222916,30611.256,19797.690424712993,2,,31011.792,51012.91644222915,False,55.46129695980585,,
lamf-test-32172143-1bae-4833-a5f0-e53bac6ac6d4,"{<resource_manager.instance.OnPremInstance object at 0x11fc2be00>: [(6, 31041.792, None), (5, 33591.792, None)]}",101.07515126388836,51568.790232780826,31041.792,20385.38330947799,1,40.14373716632444,31041.792,34217.10762687278,True,58.21506869052057,67.21065689137615,8.995588200855579
lamf-test-f542227f-df52-4f0c-ae96-9700636101a5,"{<resource_manager.instance.CloudReservedInstance object at 0x1208646e0>: [(2, 31071.792, None)], <resource_manager.instance.CloudOnDemandInstance object at 0x120864440>: [(4, 31071.792, 33531.792)]}",98.85116440229747,51594.37909745927,31071.792,20413.88984430799,3,14.966917636322155,31071.792,33540.773600532084,False,14.985132660089908,,
lamf-test-3b06725f-04eb-4610-a2d8-34a69a9c127f,"{<resource_manager.instance.CloudReservedInstance object at 0x11fc723f0>: [(4, 31281.792, None)], <resource_manager.instance.CloudOnDemandInstance object at 0x11fc72520>: [(1, 31281.792, None)], <resource_manager.instance.CloudOnDemandInstance object at 0x120864440>: [(1, 35552.328, None)]}",123.85755114021583,51599.56243678657,31281.792,20388.13314298199,3,48.509666134306784,31281.792,45059.57645322781,True,114.42252323617652,181.64674860339798,67.22422536722146
lamf-test-9aa73522-f6c8-49a8-a56a-28cd17720766,"{<resource_manager.instance.OnPremInstance object at 0x11fc2be00>: [(6, 31641.792, None)]}",99.02000673984057,51653.97894879309,31641.792,20416.23738817099,1,25.503080082135526,31641.792,34222.94,True,40.6340889801506,46.9155707529506,6.281481772800003
lamf-test-bfb0cddb-1544-48a4-b06e-9eadc91468fd,"{<resource_manager.instance.OnPremInstance object at 0x11fc2be00>: [(6, 31941.792, None)]}",95.51732021748852,51671.19103838972,31941.792,20391.60776223099,2,,31941.792,35448.03262863496,True,15.153445578063256,23.68623277190929,8.532787193846033
lamf-test-79eb9a19-2e44-423f-814a-791df0f7734e,"{<resource_manager.instance.OnPremInstance object at 0x11fc2be00>: [(2, 31971.792, None)]}",110.61449386789155,52069.600536725615,31971.792,20974.06173809899,3,,31971.792,38420.656,True,19.617808198342082,24.849126675142085,5.231318476800001
lamf-test-cf5ee26c-33df-418f-9253-bf22cfb1db3e,"{<resource_manager.instance.OnPremInstance object at 0x11fc2be00>: [(3, 32001.792, None)]}",86.78911405093122,52081.73478295149,32001.792,20995.197629349994,3,,32001.792,35387.452000000005,True,15.449053159936131,19.568724247936135,4.119671088000005
lamf-test-7f97cbae-fe7b-4dba-87f8-0ca2882583a5,"{<resource_manager.instance.OnPremInstance object at 0x11fc2be00>: [(4, 32301.792, None)]}",101.33638951109616,52089.91694654224,32301.792,20976.17986212499,2,11.292651942395,32301.792,42924.66,True,38.69019774452085,55.924738787720855,17.234541043200004
lamf-test-6e9b564f-bd08-4a74-adb5-0f54b0e3a954,"{<resource_manager.instance.OnPremInstance object at 0x11fc2be00>: [(2, 32331.792, None)]}",95.10170299612852,52173.353268845305,32331.792,20992.392198747995,2,,32331.792,47194.712,True,40.40439856079528,52.461199264795276,12.056800703999999
lamf-test-0b008ed2-19e2-4099-a5b7-5ad49013ab38,"{<resource_manager.instance.OnPremInstance object at 0x11fc2be00>: [(6, 32361.792, None)]}",98.70843455961634,52286.91579970846,32361.792,21012.891015975994,3,31.855222450376452,32361.792,36816.876,True,40.657850787132055,51.49974320953204,10.84189242239999
lamf-test-6250b41b-6866-44ee-9930-467c8f1f7d45,"{<resource_manager.instance.CloudReservedInstance object at 0x11fc723f0>: [(2, 32961.792, None)], <resource_manager.instance.CloudReservedInstance object at 0x1208646e0>: [(1, 32961.792, None)], <resource_manager.instance.CloudOnDemandInstance object at 0x120855590>: [(1, 32961.792, None)], <resource_manager.instance.CloudOnDemandInstance object at 0x120855090>: [(1, 32961.792, None)], <resource_manager.instance.CloudOnDemandInstance object at 0x11fc72520>: [(1, 32961.792, 38772.864)]}",92.1601820634213,52822.769993045236,32961.792,21602.860416605992,3,39.774620123203285,32961.792,38781.54545787332,False,39.820836721509785,,
lamf-test-ea68f53d-4ebe-4fb8-83dd-aa5b6c6a2310,"{<resource_manager.instance.CloudReservedInstance object at 0x1208646e0>: [(2, 33531.792, None)], <resource_manager.instance.CloudOnDemandInstance object at 0x11fc72520>: [(1, 33531.792, None)], <resource_manager.instance.CloudOnDemandInstance object at 0x120864440>: [(1, 33531.792, None)]}",110.2774483129196,52831.67791974585,33531.792,21593.364886813994,3,,33531.792,51698.543915072194,True,82.89642671719002,164.72311069305817,81.82668397586816
lamf-test-69f3610c-edfc-431a-ac62-c6c3e7603585,"{<resource_manager.instance.OnPremInstance object at 0x11fc2be00>: [(5, 33561.792, None)]}",101.55343618416583,52856.87399988959,33561.792,21630.98358736799,1,,33561.792,40325.412000000004,True,88.9882318047,102.70485316470001,13.716621360000005
lamf-test-3caf5282-95cc-4847-bdc6-12864fd51ff6,"{<resource_manager.instance.OnPremInstance object at 0x11fc2be00>: [(2, 33591.792, None)]}",88.21646259362132,53201.79132994794,33591.792,22229.935458497992,1,,33591.792,40032.95599999999,True,34.780032245798104,40.0051044825981,5.225072236799992
lamf-test-dfcd1cfc-af92-4194-9a51-c980d70402e7,"{<resource_manager.instance.CloudOnDemandInstance object at 0x120864440>: [(5, 33621.792, 37922.328), (1, 37922.328, None)]}",104.89919658381315,53362.36011615531,33621.792,22217.24653495199,2,14.503314550191133,34022.328,37932.030667553474,False,14.519905470909316,,
lamf-test-787e33de-2c34-4cf0-bd9d-1f6b1a5da962,"{<resource_manager.instance.OnPremInstance object at 0x11fc2be00>: [(3, 34052.328, None)]}",98.72547788684845,53599.332009000966,34052.328,22205.22765285249,1,,34052.328,40021.358,True,47.665080994752444,54.928196698752444,7.263115703999999
lamf-test-70da499d-f492-45a5-857f-ba98849424d5,"{<resource_manager.instance.OnPremInstance object at 0x11fc2be00>: [(4, 34082.328, None), (4, 37862.328, None)]}",105.64492540905647,53884.52359579612,34082.328,22790.406581731997,3,41.74353639060004,34082.328,39992.55925726991,True,48.91908138741997,61.96392777100937,13.044846383589398
lamf-test-b20c0974-09ea-4c80-b141-7811b8b20475,"{<resource_manager.instance.OnPremInstance object at 0x11fc2be00>: [(2, 34112.328, None)]}",96.38631983638818,53912.383222655684,34112.328,22816.433660818995,1,,34112.328,38599.634,True,24.22988257662178,27.869985203821777,3.6401026271999974
lamf-test-48887eaf-7764-41b1-8a24-eb297e7a4537,"{<resource_manager.instance.OnPremInstance object at 0x11fc2be00>: [(6, 34262.328, None), (6, 35522.328, None)]}",92.60848910013964,53929.63396124296,34262.328,22789.385865493998,1,19.835728952772072,34262.328,36339.23515560497,True,45.556282791121504,52.598669298882,7.042386507760499
lamf-test-41153241-bf67-4ba2-bd57-821911347a85,"{<resource_manager.instance.OnPremInstance object at 0x11fc2be00>: [(3, 34292.328, None)]}",99.23133172494114,53940.27286623078,34292.328,22792.191818410996,3,11.909650924024639,34292.328,44826.286,True,48.06734200319415,60.885062097594144,12.817720094399998
lamf-test-1bd3ea85-4b86-41d6-88ae-4d09629a5e9f,"{<resource_manager.instance.OnPremInstance object at 0x11fc2be00>: [(5, 34322.328, None), (5, 35372.328, None)]}",91.30297666017438,53949.267101014746,34322.328,22807.548771078997,2,4.201888162092198,34322.328,36648.69210166495,True,14.417391417911992,21.723724214265026,7.306332796353033
lamf-test-af303474-9c6d-4cd6-af46-9ee1b2d1d0c4,"{<resource_manager.instance.OnPremInstance object at 0x11fc2be00>: [(6, 34352.328, None), (6, 36632.328, None)]}",83.47238892971743,53971.31902820783,34352.328,22784.379382303996,3,37.23477070499658,34352.328,38460.70302617566,True,54.17978601278863,68.62746094019079,14.447674927402161
lamf-test-5d4708b4-be70-4e57-95c0-9df21e198378,"{<resource_manager.instance.OnPremInstance object at 0x11fc2be00>: [(5, 34382.328, 35042.328), (1, 35042.328, None)]}",119.73047030526563,53994.30940199364,34382.328,22782.379382303996,1,8.683550079853982,34382.328,45197.454,True,37.25908145106091,42.716480556660905,5.457399105599999
lamf-test-67a1a99a-4314-4946-83c9-ed2acd2c23fe,"{<resource_manager.instance.CloudReservedInstance object at 0x120854f50>: [(2, 34412.328, None)]}",104.56386159081104,54016.682614000776,34412.328,22806.548771078997,2,,34412.328,50118.05659254507,True,26.85575863175523,39.520858168783576,12.665099537028347
lamf-test-04e82c6f-21eb-4e35-8244-b06d0737db1d,"{<resource_manager.instance.OnPremInstance object at 0x11fc2be00>: [(5, 34442.328, None), (4, 39732.864, None), (6, 42653.4, None)]}",95.5159501731966,54244.96747930537,34442.328,22811.722111350995,2,43.49611648203713,34442.328,43275.88512785493,True,50.944654826268014,76.12218596653737,25.177531140269362
lamf-test-9638132b-b89e-4ce9-a020-504ebe7f7390,"{<resource_manager.instance.OnPremInstance object at 0x11fc2be00>: [(3, 34472.328, None)]}",103.1682902438305,54367.77405525354,34472.328,23404.63605925499,2,,34472.328,42882.75000000001,True,27.13018811152261,37.36398960112262,10.233801489600008
lamf-test-0967a8c1-fdb4-4be1-a916-cc022480b089,"{<resource_manager.instance.OnPremInstance object at 0x11fc2be00>: [(2, 34502.328, None)]}",89.68473907463206,54418.238491598015,34502.328,23427.87915437799,1,,34502.328,44793.585999999996,True,55.569192942429055,63.91746143202905,8.348268489599995
lamf-test-428fc4b3-a829-4902-849a-b2c3bb41b1dd,"{<resource_manager.instance.OnPremInstance object at 0x11fc2be00>: [(6, 35042.328, None), (6, 36662.328, None)]}",111.95659614535904,54512.672101874225,35042.328,23399.98383814499,3,51.11633127994524,35042.328,39582.22735893486,True,68.07938597188885,86.23355213169661,18.154166159807758
lamf-test-faec5c90-186b-4555-954c-a8baf4f027a2,"{<resource_manager.instance.CloudReservedInstance object at 0x1208646e0>: [(3, 35072.328, None)], <resource_manager.instance.CloudOnDemandInstance object at 0x120864440>: [(1, 35072.328, None)]}",104.23072108364673,54639.55958128415,35072.328,23422.41113978199,3,,35072.328,47871.67635833423,True,51.91511996687902,101.4332388956025,49.518118928723474
lamf-test-5c066d18-4f49-4722-a66a-a3c4e7ab30cb,"{<resource_manager.instance.OnPremInstance object at 0x11fc2be00>: [(3, 35222.328, None)]}",105.95282638563052,55119.77806536154,35222.328,23981.723528698993,3,31.30765229295003,35222.328,42571.104,True,33.53308692676248,42.47507756356248,8.941990636799998
lamf-test-ff254f04-4cb3-4cab-aa4a-5f045128d210,"{<resource_manager.instance.OnPremInstance object at 0x11fc2be00>: [(3, 35252.328, None)]}",110.15545315677929,55123.571516148295,35252.328,24002.54431273299,3,,35252.328,42181.026,True,31.616235455167676,40.04707518156767,8.430839726399997
lamf-test-03f57a47-31b2-463e-9964-32e1833cfbcd,"{<resource_manager.instance.OnPremInstance object at 0x11fc2be00>: [(6, 35942.328, None)]}",98.51981663568804,55147.15647524294,35942.328,23982.723528698993,1,,35942.328,37224.452,True,20.184019164955448,23.30419613135544,3.120176966399991
lamf-test-947624f9-c308-44e1-a082-5eef08d3ec8d,"{<resource_manager.instance.OnPremInstance object at 0x11fc2be00>: [(4, 35972.328, None)]}",93.19634223972996,55309.77387949854,35972.328,24018.33444036699,2,,35972.328,41568.979999999996,True,20.383908807609007,29.463917012409,9.080008204799991
lamf-test-9a44ea70-cb8b-427c-9af4-a87498aeb7c6,"{<resource_manager.instance.OnPremInstance object at 0x11fc2be00>: [(2, 36002.328, None)]}",116.40460154918469,55379.05713006544,36002.328,24013.16986231999,3,,36002.328,46063.186,True,30.605697771693663,38.76706578129367,8.1613680096
lamf-test-ca1797e6-b093-4c70-86e8-71ffe0d25cca,"{<resource_manager.instance.OnPremInstance object at 0x11fc2be00>: [(4, 36122.328, None)]}",87.62355008897632,55701.235980018,36122.328,24597.477861872994,3,,36122.328,40137.5,True,24.428759601490597,30.942974654290595,6.514215052799997
lamf-test-c4cd6d33-84be-4a0d-a794-48962ad9461f,"{<resource_manager.instance.OnPremInstance object at 0x11fc2be00>: [(4, 36362.328, None), (3, 37802.328, None), (8, 38532.864, None)]}",92.44374551049617,55884.43984037139,36362.328,24642.839745736997,1,85.61645630846452,36362.328,40519.75752305716,True,107.2027167439855,123.70137074946526,16.498654005479754
lamf-test-b37b6ec3-b4f6-4505-b5ff-6313155b88e1,"{<resource_manager.instance.OnPremInstance object at 0x11fc2be00>: [(5, 36392.328, None)]}",92.20096869554938,55912.120153431155,36392.328,24588.206465800995,2,,36392.328,43578.159999999996,True,28.756249919603125,43.32911721560311,14.57286729599999
lamf-test-783eef72-16ea-4bd4-8850-a7549496bd66,"{<resource_manager.instance.OnPremInstance object at 0x11fc2be00>: [(3, 36422.328, None)]}",99.85904399571011,55918.63390604968,36422.328,24649.493311182,2,,36422.328,43980.537999999986,True,24.381137960305765,33.57796788830575,9.196829927999982
lamf-test-8a7888d4-6626-4d18-8e7e-6823cdaffb96,"{<resource_manager.instance.OnPremInstance object at 0x11fc2be00>: [(6, 36842.328, None)]}",94.8282048828368,55941.12571173445,36842.328,24636.266305282996,3,26.65330595482546,36842.328,41516.565682574976,True,42.65788439493474,54.0331092192492,11.375224824314458
lamf-test-59f36aea-6cbc-457b-81ba-431f79f73291,"{<resource_manager.instance.OnPremInstance object at 0x11fc2be00>: [(2, 37022.328, None)]}",94.81833183066266,56540.70078509828,37022.328,25245.75690222,3,,37022.328,43951.026000000005,True,21.07749030344514,26.698050121045142,5.620559817600003
lamf-test-720b43f5-e992-4463-8b62-736d9e2ae936,"{<resource_manager.instance.CloudReservedInstance object at 0x12085c830>: [(1, 37082.328, None)], <resource_manager.instance.CloudOnDemandInstance object at 0x11fc72520>: [(1, 37082.328, None)]}",92.64800719218381,56937.101996466095,37082.328,25835.978321062,2,,37082.328,56952.50199646609,False,80.63461447270461,,
lamf-test-abc545e6-fca4-4495-82db-38cb26110a9d,"{<resource_manager.instance.OnPremInstance object at 0x11fc2be00>: [(5, 37142.328, None)]}",106.90985136127853,57571.812751711215,37142.328,26422.244513809004,1,29.346925849874516,37142.328,40650.444,True,46.15591056354098,53.27036981154098,7.114459248000003
lamf-test-b3a0db0a-ecb4-42b0-814b-3c34a8d7aaed,"{<resource_manager.instance.CloudReservedInstance object at 0x12085c830>: [(2, 37202.328, None)], <resource_manager.instance.CloudReservedInstance object at 0x1208551d0>: [(2, 37202.328, None)]}",100.59507953151345,57964.08363964751,37202.328,27037.645548945005,2,,37202.328,46619.96604101612,True,44.71029504707389,71.59953518178312,26.889240134709226
lamf-test-ce4c822f-a3d7-44c8-9dba-10c2ea1d7fc0,"{<resource_manager.instance.OnPremInstance object at 0x11fc2be00>: [(6, 37262.328, None), (4, 39012.864, None)]}",86.88519768848549,58274.71969826585,37262.328,26996.460097133004,2,7.565553770554487,37262.328,39793.03,True,13.778804431023165,21.203262136623152,7.424457705599989
lamf-test-ef36ad8e-1831-459d-b4cc-a917ad7c30ef,"{<resource_manager.instance.CloudOnDemandInstance object at 0x120864440>: [(5, 37982.328, None)]}",103.50768504869966,60675.99653227176,37982.328,29428.683325851005,1,,38382.864,60691.396532271756,False,200.91426262485976,,
lamf-test-b3747e60-f13b-4587-ba76-a5026ef56274,"{<resource_manager.instance.OnPremInstance object at 0x11fc2be00>: [(2, 38412.864, None)]}",92.20458272811517,60748.88427759433,38412.864,29405.551469337006,3,,38412.864,43752.382,True,16.24311506578446,20.574532067384453,4.331417001599997
lamf-test-a7a41a4b-e265-4559-96d2-89c830b4e4f3,"{<resource_manager.instance.OnPremInstance object at 0x11fc2be00>: [(5, 38442.864, None)]}",110.11661546722232,67212.48958918499,38442.864,36025.059985251006,3,,38442.864,50058.46800000001,True,88.33830709559668,111.89475200759668,23.55644491200001
lamf-test-34f82a8b-288c-437f-910d-553d4a2c7dfc,"{<resource_manager.instance.OnPremInstance object at 0x11fc2be00>: [(2, 38472.864, None)]}",332.1651620956545,139158.90891353003,38472.864,11364.532903747999,1,,38472.864,48127.634999999995,True,52.13238580880672,59.964336044006714,7.831950235199995
lamf-test-26bbd872-e5de-48b0-8f8f-e6417ce7af20,"{<resource_manager.instance.OnPremInstance object at 0x11fc2be00>: [(2, 38502.864, None)]}",298.1380358381042,139211.0390012672,38502.864,11971.195934536,2,,38502.864,67420.977,True,78.61301569799981,102.07138896359982,23.4583732656
lamf-test-75f66efa-1a77-47ea-a0c6-c0317f11e7c2,"{<resource_manager.instance.OnPremInstance object at 0x11fc2be00>: [(5, 38532.864, None)]}",323.850834844211,139434.57147476714,38532.864,11379.239240695999,3,,38532.864,47324.16122124289,True,66.8590556030336,84.68780636771417,17.828750764680574
lamf-test-d2eb5728-b98d-4dc8-9b54-d5b61be5f0ce,"{<resource_manager.instance.OnPremInstance object at 0x11fc2be00>: [(4, 38562.864, None)]}",294.31398108778467,139610.32833874598,38562.864,11985.029090347,2,,38562.864,56674.257,True,65.96461300269668,95.34853700589667,29.383924003199994
lamf-test-9d2ced27-20c6-49c1-84d1-76444fddb91f,"{<resource_manager.instance.CloudReservedInstance object at 0x11fc723f0>: [(2, 38772.864, None)], <resource_manager.instance.CloudReservedInstance object at 0x1208646e0>: [(1, 38772.864, None)]}",313.4023701696379,139617.50985444398,38772.864,11954.597073075,2,,38772.864,93829.17356490859,True,243.8115658765939,348.1983288116606,104.38676293506668
lamf-test-1393ec0f-c39a-48b5-8afc-5e45c5c5f7c7,"{<resource_manager.instance.CloudReservedInstance object at 0x12085c830>: [(3, 38892.864, None)], <resource_manager.instance.CloudOnDemandInstance object at 0x120855590>: [(1, 38892.864, None)], <resource_manager.instance.CloudOnDemandInstance object at 0x120855090>: [(1, 38892.864, None)], <resource_manager.instance.CloudOnDemandInstance object at 0x11fc72520>: [(1, 38892.864, 43163.4)]}",354.69102159935267,139628.0781623861,38892.864,12012.003318698999,3,31.395427789185486,38892.864,43172.64838207797,False,31.449351481175565,,
lamf-test-a3da9951-7484-4541-a43a-d268b07d7f2b,"{<resource_manager.instance.OnPremInstance object at 0x11fc2be00>: [(4, 38952.864, None)]}",322.8627978188001,139702.48425301895,38952.864,12004.323202266,2,,38952.864,53774.725,True,53.983607160684045,78.03059444708404,24.046987286399993
lamf-test-3babe4ac-4db5-41c5-ad0c-7fee914c7ec7,"{<resource_manager.instance.CloudReservedInstance object at 0x120854f50>: [(2, 39432.864, None)], <resource_manager.instance.CloudOnDemandInstance object at 0x11fc72520>: [(1, 39432.864, None), (1, 106939.296, None)], <resource_manager.instance.CloudReservedInstance object at 0x12085c830>: [(1, 90169.296, None), (1, 121849.296, None)], <resource_manager.instance.CloudOnDemandInstance object at 0x120855090>: [(2, 106939.296, None)], <resource_manager.instance.CloudOnDemandInstance object at 0x11fc728b0>: [(2, 106939.296, None), (1, 121849.296, None)], <resource_manager.instance.CloudReservedInstance object at 0x11fc723f0>: [(1, 121849.296, None)], <resource_manager.instance.CloudReservedInstance object at 0x1208646e0>: [(1, 121849.296, None)]}",293.72278396528714,139762.41941583925,39432.864,11991.475144655,2,468.71290741346445,39432.864,125599.81690060461,True,543.8076757954829,928.2364938865508,384.42881809106785
lamf-test-3058457a-d1e2-4d92-baae-1c4c74ce602b,"{<resource_manager.instance.OnPremInstance object at 0x11fc2be00>: [(5, 39612.864, 42113.4), (2, 42113.4, None)]}",296.32729201787157,139771.6974269415,39612.864,11987.231712451,2,10.006640587890834,39612.864,100467.053,True,168.63928163624118,221.04685195784117,52.4075703216
lamf-test-151fcd56-358d-466c-9e97-a24b8c315d14,"{<resource_manager.instance.OnPremInstance object at 0x11fc2be00>: [(4, 39642.864, 41273.4), (1, 41273.4, None)]}",286.90020368365816,139850.08867396577,39642.864,12571.243437393998,1,17.236634268765687,39642.864,65507.022999999994,True,85.42767929120083,97.90221838640083,12.474539095199997
lamf-test-6323d458-f602-48c5-98a5-f5c1a1584292,"{<resource_manager.instance.OnPremInstance object at 0x11fc2be00>: [(5, 39852.864, None)]}",313.6595923894348,139922.91653381786,39852.864,11955.597073075,1,,39852.864,47799.308,True,104.55052186478053,120.66591029678052,16.11538843199999
lamf-test-efb02442-ed88-49c8-bf51-dea5e65f914e,"{<resource_manager.instance.OnPremInstance object at 0x11fc2be00>: [(2, 39882.864, None)]}",304.7860416350407,139943.4968261101,39882.864,12003.323202266,3,,39882.864,85085.365,True,137.50855882576622,174.1768276369662,36.6682688112
lamf-test-032ba352-18f7-47d0-a6f0-b7f2f4956a0a,"{<resource_manager.instance.OnPremInstance object at 0x11fc2be00>: [(6, 40032.864, 43013.4), (1, 43013.4, None)]}",307.62274626708137,139963.35349517668,40032.864,11975.397774919,3,27.20087611225188,40032.864,48974.725999999995,True,36.26822115750246,45.93956739270246,9.671346235199998
lamf-test-2674780b-0edf-4613-bd86-e3e24ce33fcb,"{<resource_manager.instance.OnPremInstance object at 0x11fc2be00>: [(5, 40062.864, None)]}",302.61464185285956,140070.4866736112,40062.864,12588.391758136997,1,290.05551813826145,40062.864,65098.056265491476,True,329.3853724184367,380.1567423328534,50.77136991441671
lamf-test-0479ea03-d843-4f1c-b0bd-6f829a2c5a10,"{<resource_manager.instance.OnPremInstance object at 0x11fc2be00>: [(5, 40152.864, None)]}",326.10114994784385,140339.62882285006,40152.864,12583.881986508997,3,,40152.864,48594.51699999999,True,64.19996197429455,81.31963425829454,17.119672283999982
lamf-test-0b319882-7fad-4ae3-8912-b51a1940b68d,"{<resource_manager.instance.CloudOnDemandInstance object at 0x120855590>: [(2, 40182.864, None)]}",309.96889456321867,140574.53545350823,40182.864,12563.286295377999,3,,40583.4,140589.93545350822,False,152.7219886736759,,
lamf-test-e4ed1a21-f292-441c-946a-d7b9f0990c7d,"{<resource_manager.instance.OnPremInstance object at 0x11fc2be00>: [(2, 40613.4, None)]}",297.2172710903451,140757.11076176068,40613.4,13157.745439411998,1,,40613.4,76959.648,True,196.2570239561944,225.74110033379438,29.484076377599997
lamf-test-3c60492c-5568-42f7-a13b-d4f3117a23dc,"{<resource_manager.instance.OnPremInstance object at 0x11fc2be00>: [(6, 40643.4, None)]}",288.51703100665657,140919.57882819485,40643.4,13176.817913485998,2,,40643.4,47518.572693719885,True,29.713464159654936,46.44488442709165,16.73142026743671
lamf-test-b6b347a8-b100-462f-bbd1-cdcde8345e59,"{<resource_manager.instance.OnPremInstance object at 0x11fc2be00>: [(4, 40673.4, None), (4, 56998.224, None)]}",310.4633474601291,140981.79596151228,40673.4,13191.102022081997,1,307.89410175678756,40673.4,65590.6092702899,True,354.2348194646431,408.6007856472798,54.365966182636676
lamf-test-8fdaa8c6-0ab8-4102-bf2c-7c6a5957696b,"{<resource_manager.instance.OnPremInstance object at 0x11fc2be00>: [(3, 40703.4, None)]}",305.80076715201267,141168.4455003899,40703.4,13773.078071530997,3,,40703.4,57018.587999999996,True,74.44758384668032,94.29990460508031,19.852320758399994
lamf-test-c777b76c-0cc3-4d24-b87d-dcc762dd2026,"{<resource_manager.instance.OnPremInstance object at 0x11fc2be00>: [(2, 40733.4, None)]}",310.2741421688458,141319.14151166164,40733.4,13165.210175368999,1,,40733.4,71137.14,True,164.16955966233172,188.83307355033173,24.663513887999997
lamf-test-d457b8b2-16f3-450b-ba2f-e7b966006e63,"{<resource_manager.instance.OnPremInstance object at 0x11fc2be00>: [(6, 40763.4, 48635.544), (1, 48635.544, None)]}",308.6020686022321,141384.72041480406,40763.4,13778.849346562996,1,123.92834496919919,40763.4,61751.625,True,160.835714122747,185.31324621474698,24.477532092
lamf-test-87976d93-8677-4270-9b15-bf91d2c51eaa,"{<resource_manager.instance.OnPremInstance object at 0x11fc2be00>: [(3, 40793.4, 43283.4), (1, 43283.4, None)]}",311.39111778496914,141561.92245894452,40793.4,13808.516879160996,2,8.032197242622457,40793.4,77422.157,True,77.30097943249976,94.17749127169976,16.876511839200003
lamf-test-95f36198-5f8e-46dc-93db-fc5d6a810881,"{<resource_manager.instance.OnPremInstance object at 0x11fc2be00>: [(3, 40823.4, None)]}",312.84764381313755,141574.61221478775,40823.4,13783.620734641996,2,,40823.4,65284.632,True,78.90660249861372,108.67102959621371,29.7644270976
lamf-test-64282f81-8a38-42e2-8686-39f8e7fadae5,"{<resource_manager.instance.CloudReservedInstance object at 0x1208551d0>: [(3, 40853.4, None)], <resource_manager.instance.CloudReservedInstance object at 0x120854f50>: [(2, 40853.4, None)]}",308.1387838586121,141615.76354902264,40853.4,13793.132010399995,2,,40853.4,61461.79745720312,True,84.85760713144367,122.20002332389573,37.34241619245206
lamf-test-6ffd71d7-ab96-484d-939d-8341469b380b,"{<resource_manager.instance.OnPremInstance object at 0x11fc2be00>: [(3, 41273.4, None), (3, 58588.224, None), (6, 61898.76, None)]}",291.65416309527114,141655.76671141415,41273.4,13813.330328886996,3,109.22151950718684,41273.4,64000.687621739475,True,147.586614131681,186.94231450501135,39.355700373330365
lamf-test-68fc4f1f-0368-4356-8862-a5c873470b2b,"{<resource_manager.instance.OnPremInstance object at 0x11fc2be00>: [(4, 41483.4, None), (4, 56098.224, None)]}",313.35740939256686,141668.87927254394,41483.4,13811.798430852996,2,53.22954503071762,41483.4,57010.29127028991,True,59.87333709211232,86.54390342834903,26.670566336236703
lamf-test-e1a8ae4a-b274-4245-9dc7-b8b20b25f60b,"{<resource_manager.instance.OnPremInstance object at 0x11fc2be00>: [(4, 41603.4, None)]}",307.3714712616934,141672.41898266965,41603.4,13797.361671790995,3,,41603.4,71304.631,True,180.70564149364964,228.89291866804962,48.18727717439999
lamf-test-20e1ba49-4666-4d28-9ab3-d9b988f76cc5,"{<resource_manager.instance.OnPremInstance object at 0x11fc2be00>: [(6, 41663.4, 44163.936), (1, 44163.936, None)]}",285.6765311197183,141748.5708011421,41663.4,14362.838883342996,1,39.365043121149895,41663.4,83031.547,True,148.73469914061906,170.58470657181905,21.8500074312
lamf-test-19917d27-b721-40ad-a37a-4370c7a734bc,"{<resource_manager.instance.OnPremInstance object at 0x11fc2be00>: [(2, 41693.4, None)]}",301.1069329229973,141764.38729552168,41693.4,14403.068115817996,2,,41693.4,61244.651,True,53.14948460774513,69.00945941894513,15.859974811199997
lamf-test-0aaede3d-34d4-43d5-b971-8a2a954407b0,"{<resource_manager.instance.OnPremInstance object at 0x11fc2be00>: [(2, 42113.4, None)]}",291.4038438976179,141914.37389953967,42113.4,14386.356284403997,1,,42113.4,77476.93000000001,True,190.95069054680968,219.6375860828097,28.686895536000005
lamf-test-68ff13a7-de65-4a50-8bee-581fe346b072,"{<resource_manager.instance.OnPremInstance object at 0x11fc2be00>: [(4, 42263.4, None)]}",316.0799972187193,141943.19245429264,42263.4,14419.472945377995,1,,42263.4,47373.246999999996,True,54.01693915887134,62.30715493167133,8.290215772799991
lamf-test-4cc1e286-0e7f-464c-8240-c10883a7da2a,"{<resource_manager.instance.OnPremInstance object at 0x11fc2be00>: [(4, 42983.4, None)]}",316.2330750787407,141975.91098289614,42983.4,14385.356284403997,3,,42983.4,59786.096999999994,True,102.22950490531593,129.49020051811593,27.26069561279999
lamf-test-c5f3d318-ed60-437f-9c1e-4a6f0f18365e,"{<resource_manager.instance.OnPremInstance object at 0x11fc2be00>: [(5, 43013.4, 48485.544), (1, 48485.544, None)]}",302.37657057421836,142026.1756454221,43013.4,14406.473991367995,2,21.898416280822712,43013.4,67271.932,True,60.01668223018122,78.73394923498122,18.7172670048
lamf-test-59fd6bbc-b1e0-4afd-a720-743bb563c136,"{<resource_manager.instance.OnPremInstance object at 0x11fc2be00>: [(2, 43163.4, None)]}",321.20760313523465,142063.26452240985,43163.4,14384.356284403997,2,,43163.4,60956.515,True,48.37004505831054,62.80381994631054,14.433774887999999
lamf-test-a7598ecc-5cec-4bf9-9a0f-c71ca0dbae0e,"{<resource_manager.instance.CloudReservedInstance object at 0x12085c830>: [(3, 43193.4, None)], <resource_manager.instance.CloudOnDemandInstance object at 0x120855590>: [(2, 43193.4, None)], <resource_manager.instance.CloudOnDemandInstance object at 0x120855090>: [(1, 43193.4, None)]}",294.2224632206372,142112.8254820957,43193.4,14387.356284403997,3,,43193.4,55499.7557492209,True,81.11269538361432,150.1696876068099,69.05699222319558
lamf-test-3d2e4ca8-d6e8-4002-a809-14108f6da5be,"{<resource_manager.instance.CloudOnDemandInstance object at 0x120855590>: [(5, 43343.4, None)]}",306.2018292174168,142126.77422658404,43343.4,14367.693082201997,2,,43743.936,142142.17422658403,False,295.1019560526466,,
lamf-test-398c2e41-0ba6-4e76-8602-21bfa67e2257,"{<resource_manager.instance.OnPremInstance object at 0x11fc2be00>: [(5, 43773.936, None)]}",308.43937206382503,142248.8563977019,43773.936,14379.200433554997,2,,43773.936,59866.424,True,64.39889031029594,97.03445597429592,32.63556566399999
lamf-test-404ab15a-5fdc-47da-96ca-6bf36dbfc057,"{<resource_manager.instance.OnPremInstance object at 0x11fc2be00>: [(4, 43803.936, None)]}",285.63536765098837,142282.70467746054,43803.936,14377.444195913997,2,45.65189752021533,43803.936,58254.247,True,52.63036216394902,76.07454673034903,23.4441845664
lamf-test-e3ac6e81-3f29-40d1-91c8-119f86b94741,"{<resource_manager.instance.OnPremInstance object at 0x11fc2be00>: [(2, 43833.936, None)]}",292.3170995981352,142329.3352323481,43833.936,14420.663728099995,2,,43833.936,73032.258,True,79.37475539089475,103.06043419729474,23.6856788064
lamf-test-95c3a7f0-6def-4a58-8473-af92a11ec586,"{<resource_manager.instance.OnPremInstance object at 0x11fc2be00>: [(3, 43863.936, None)]}",312.05091942501133,142370.09246265996,43863.936,14391.796486747997,1,,43863.936,79722.675,True,286.34630732375086,329.97922093895085,43.6329136152
lamf-test-cd918581-b0d1-458e-92b2-5c59b3bd83b5,"{<resource_manager.instance.OnPremInstance object at 0x11fc2be00>: [(3, 43893.936, None)]}",301.10787935133226,142615.58941939275,43893.936,14974.771344706995,2,51.755375836723125,43893.936,61442.242,True,56.60701006662453,77.95978880742453,21.352778740799998
lamf-test-499e704f-e77f-4d06-942d-f6729f7df6df,"{<resource_manager.instance.OnPremInstance object at 0x11fc2be00>: [(3, 43923.936, None)]}",295.12516285873096,142672.98095686905,43923.936,15015.428488499996,2,,43923.936,64696.005,True,67.00616680536682,92.2816203645668,25.275453559199995
lamf-test-f9efe039-70ce-49b9-a1a8-bee3de1d2b34,"{<resource_manager.instance.OnPremInstance object at 0x11fc2be00>: [(5, 43983.936, None), (4, 54358.224, None)]}",307.9037058422363,142758.98547695501,43983.936,15616.534087914995,3,130.64330367328313,43983.936,58968.55538743977,True,142.0099208866954,179.8785306474055,37.868609760710115
lamf-test-2b6c6b3a-28c9-458c-9ffa-76aefcc26451,"{<resource_manager.instance.OnPremInstance object at 0x11fc2be00>: [(5, 44163.936, None), (5, 59008.224, None)]}",317.28833254019617,143268.8276474221,44163.936,15595.625447051996,1,258.7350581793292,44163.936,64454.572741428405,True,338.61879143160905,390.81339799084265,52.19460655923359
lamf-test-893ff824-f1d2-4433-939e-c7c4d678a42b,"{<resource_manager.instance.OnPremInstance object at 0x11fc2be00>: [(2, 44193.936, None)]}",291.47945752946964,143272.8232827297,44193.936,15564.533196716997,1,,44193.936,79062.25699999998,True,188.27673518898766,216.56191718418765,28.285181995199984
lamf-test-9ad3c991-d587-4e6c-87f0-aa8b942b2b5d,"{<resource_manager.instance.OnPremInstance object at 0x11fc2be00>: [(6, 44883.936, 47915.544), (1, 47915.544, None)]}",294.2702271699325,143410.81235963496,44883.936,15570.053709455997,2,13.102154617353284,44883.936,82052.902,True,82.36809818524196,103.59193181884197,21.2238336336
lamf-test-3d742955-a0c8-4cdc-8c38-f5e5804b4cff,"{<resource_manager.instance.CloudReservedInstance object at 0x11fc723f0>: [(4, 45123.936, None)]}",303.65987588610506,144059.78016382843,45123.936,16220.291572293996,1,,45123.936,82253.13274513152,True,392.49816317387484,479.6478137740475,87.14965060017268
lamf-test-821bad57-9b5b-4590-ab6a-b75593f800f8,"{<resource_manager.instance.CloudOnDemandInstance object at 0x120855590>: [(2, 45153.936, None)], <resource_manager.instance.CloudOnDemandInstance object at 0x11fc72520>: [(2, 45153.936, None)]}",293.93899056747387,144063.1391536915,45153.936,16202.796775413995,3,377.6197125256673,45554.472,144078.53915369153,False,451.4013376851084,,
lamf-test-308f236e-0576-4952-874f-b146870f6d77,"{<resource_manager.instance.CloudOnDemandInstance object at 0x120855590>: [(1, 45734.472, None)], <resource_manager.instance.CloudOnDemandInstance object at 0x120855090>: [(2, 45734.472, None)]}",296.126707886245,144336.79949522362,45734.472,16801.926819357992,3,,46135.008,144352.19949522364,False,175.00040369776292,,
lamf-test-7c801ce0-8eb2-4e0d-9312-eaf55e74d22a,"{<resource_manager.instance.OnPremInstance object at 0x11fc2be00>: [(2, 46165.008, None)]}",282.54429039316733,144493.43525091975,46165.008,16785.663456585993,2,,46165.008,87958.555,True,113.61449366997398,147.51741899637398,33.902925326399995
lamf-test-17fee575-0b26-45f7-83d5-67d080c53e61,"{<resource_manager.instance.CloudReservedInstance object at 0x12085c830>: [(2, 46705.008, None)], <resource_manager.instance.CloudReservedInstance object at 0x1208551d0>: [(2, 46705.008, None)], <resource_manager.instance.CloudOnDemandInstance object at 0x120855090>: [(1, 46705.008, None)]}",339.37001802300927,144631.05809281277,46705.008,16809.022070676492,3,,46705.008,94975.46873347394,True,244.73577576735335,425.64815284573297,180.91237707837965
lamf-test-c8945c61-1ea7-4681-928a-edc22713889d,"{<resource_manager.instance.OnPremInstance object at 0x11fc2be00>: [(5, 47365.008, 52997.688), (2, 52997.688, None)]}",305.7727422550137,144642.5514503761,47365.008,16815.024343668993,2,22.540848964622363,47365.008,56977.079,True,33.35870306013263,48.00986007933263,14.651157019199998
lamf-test-2148cf4d-7170-4032-92ad-bc67bc5cec9e,"{<resource_manager.instance.OnPremInstance object at 0x11fc2be00>: [(3, 47395.008, None)]}",290.5571510371029,144858.71545887832,47395.008,17417.12132789499,3,64.40224503764544,47395.008,76108.12100000001,True,131.02036504677164,165.95848094517166,34.938115898400014
lamf-test-55230e23-b521-4f16-a8cb-73a7c6580475,"{<resource_manager.instance.OnPremInstance object at 0x11fc2be00>: [(4, 47425.008, 50906.616), (1, 50906.616, None)]}",312.3489385286271,144976.62863167512,47425.008,17410.97993217999,2,12.680577598150117,47425.008,118941.095,True,150.725015105139,183.968360606739,33.2433455016
lamf-test-416bbbfd-81e6-4f7c-9a56-8c0e7175f623,"{<resource_manager.instance.CloudOnDemandInstance object at 0x11fc72520>: [(2, 47455.008, None)], <resource_manager.instance.CloudOnDemandInstance object at 0x120864440>: [(1, 47455.008, None)]}",318.1012839054559,145022.0064070358,47455.008,17364.332983575994,2,,47855.544,113362.50747215575,True,291.8650155868608,582.9916222552672,291.12660666840634
lamf-test-3e7fd149-2562-452d-b778-aa63ebe3ca13,"{<resource_manager.instance.OnPremInstance object at 0x11fc2be00>: [(2, 47885.544, None)]}",306.14407437283273,145083.2240547679,47885.544,17374.890348882993,2,,47885.544,66949.28600000001,True,51.824206133665044,67.28871364406504,15.464507510400004
lamf-test-56207b5b-5fb7-4cc8-b917-b36e1b064de2,"{<resource_manager.instance.OnPremInstance object at 0x11fc2be00>: [(5, 47915.544, 54868.224), (1, 54868.224, None)]}",317.0752713451876,145131.07151258152,47915.544,17415.109330998992,2,27.8232226541097,47915.544,72934.49399999999,True,64.48034293571556,85.90805708771555,21.427714151999997
lamf-test-28862540-93f6-42de-8ec4-72cbed9815ad,"{<resource_manager.instance.OnPremInstance object at 0x11fc2be00>: [(6, 47945.544, 52447.152), (1, 52447.152, None)]}",315.0001679546882,145443.37306092813,47945.544,18023.833023301995,3,41.08243668720054,47945.544,80145.12,True,83.21182751540039,105.40123656500039,22.1894090496
lamf-test-5fc71200-6539-46cf-9073-1ac0b6be235f,"{<resource_manager.instance.OnPremInstance object at 0x11fc2be00>: [(5, 48185.544, None), (3, 58348.224, None), (6, 61388.76, None)]}",298.6298021940167,145456.89961023343,48185.544,17986.412193486995,2,62.644713053664304,48185.544,63579.044353988626,True,87.94124918035826,130.85440610884726,42.913156928489
lamf-test-927fb6c3-ba3c-488b-96a5-466be1c02fa9,"{<resource_manager.instance.OnPremInstance object at 0x11fc2be00>: [(6, 48605.544, 53087.688), (1, 53087.688, None)]}",330.8093779162473,145545.71604888915,48605.544,17982.909747053993,1,70.5607885010267,48605.544,94650.97200000001,True,187.51580469997722,215.28161832877723,27.765813628800004
lamf-test-8aea85bd-3d6c-4aba-b7de-dd2346b0e93e,"{<resource_manager.instance.OnPremInstance object at 0x11fc2be00>: [(6, 48635.544, 57298.224), (1, 57298.224, None)]}",302.51103083949494,145642.9478077841,48635.544,18009.279336957996,1,136.3734702258727,48635.544,95396.181,True,243.57739516313026,280.11142457033026,36.5340294072
lamf-test-232b6ce2-ea24-476c-b62f-210ae1decc5b,"{<resource_manager.instance.CloudReservedInstance object at 0x1208646e0>: [(3, 48665.544, None)], <resource_manager.instance.CloudOnDemandInstance object at 0x120855090>: [(1, 48665.544, 74899.296)]}",311.1617610976437,145744.7198163818,48665.544,18015.137697394995,2,104.79717542761024,48665.544,74908.68683788434,False,104.82270413641702,,
lamf-test-1e5c4d41-c6bb-47f9-a0f9-f492c659a647,"{<resource_manager.instance.CloudOnDemandInstance object at 0x120855090>: [(5, 48695.544, None)], <resource_manager.instance.CloudOnDemandInstance object at 0x120864440>: [(1, 48695.544, None)]}",295.19389174920065,145783.21037662047,48695.544,17983.909747053993,3,199.68375998174767,49096.08,145798.6103766205,False,344.6251753676292,,
lamf-test-5c2155b4-aa4a-428b-9192-860339f49ef5,"{<resource_manager.instance.OnPremInstance object at 0x11fc2be00>: [(2, 49126.08, None)]}",326.1375748222798,145799.54259793,49126.08,18024.833023301995,3,,49126.08,87445.464,True,116.56972849646361,147.6544127972636,31.084684300800003
lamf-test-58f4bde2-1252-4878-b4ed-54f9ec3d6ddb,"{<resource_manager.instance.CloudOnDemandInstance object at 0x11fc72520>: [(3, 49996.08, None)]}",306.6623561408906,145799.70218011335,49996.08,17964.55841590699,3,,50396.616,145815.10218011338,False,437.2303088300861,,
lamf-test-12047e13-b691-4e4d-bcc8-16e2900e16aa,"{<resource_manager.instance.OnPremInstance object at 0x11fc2be00>: [(3, 50426.616, None)]}",306.19560311302496,145996.61455897015,50426.616,18593.405798531996,1,165.95797399041754,50426.616,78662.22,True,225.47253935660507,259.8296223038051,34.3570829472
lamf-test-e050ad2a-f776-4985-ad86-c1f9e8bbb5cd,"{<resource_manager.instance.OnPremInstance object at 0x11fc2be00>: [(3, 50456.616, None)]}",326.0139069441622,146112.39069314755,50456.616,18621.359243969997,3,,50456.616,88015.98199999999,True,171.3865662788044,217.08880282760438,45.70223654879999
lamf-test-8d46ff55-9a1d-4004-b52e-0bb94df560fe,"{<resource_manager.instance.CloudReservedInstance object at 0x120854f50>: [(2, 50486.616, None)], <resource_manager.instance.CloudOnDemandInstance object at 0x120855090>: [(1, 50486.616, None)]}",314.6188735020299,146242.474370929,50486.616,18566.623883504995,1,,50486.616,146257.87437092903,False,291.34157235053317,,
lamf-test-62ab7363-ee6e-4e41-9bd6-da86db171176,"{<resource_manager.instance.CloudOnDemandInstance object at 0x120855090>: [(1, 51086.616, None)], <resource_manager.instance.CloudOnDemandInstance object at 0x11fc72520>: [(2, 51086.616, None)], <resource_manager.instance.CloudOnDemandInstance object at 0x120864440>: [(3, 51086.616, None)], <resource_manager.instance.CloudReservedInstance object at 0x12085c830>: [(1, 118519.296, None), (1, 136909.296, None)], <resource_manager.instance.CloudReservedInstance object at 0x1208551d0>: [(2, 118519.296, None)]}",317.6880653321237,146497.54261679243,51086.616,18624.838599975996,3,621.6111947676628,51487.152,146512.94261679245,False,728.7322562270558,,
lamf-test-79b31340-0554-44ef-87de-f4504dbdfc60,"{<resource_manager.instance.OnPremInstance object at 0x11fc2be00>: [(6, 52447.152, 54958.224), (1, 54958.224, None)]}",304.54338810954675,146673.43962048815,52447.152,19223.159300130992,1,39.530907597535936,52447.152,81445.07400000001,True,114.06231302760668,130.91632420680668,16.854011179200004
lamf-test-62c9483c-2445-4359-99d9-4d8c66a14529,"{<resource_manager.instance.OnPremInstance object at 0x11fc2be00>: [(3, 52477.152, None)]}",345.02192360533996,146895.472414548,52477.152,19170.174142503995,2,,52477.152,64105.058999999994,True,37.509093390710966,51.65793062831096,14.148837237599992
lamf-test-1f9296c3-4641-4962-ac2a-3bdd3909621e,"{<resource_manager.instance.CloudReservedInstance object at 0x1208646e0>: [(2, 52507.152, None)]}",333.675220822951,147004.73084990212,52507.152,19172.098487493993,2,,52507.152,74815.33341220168,True,51.1067380543634,83.33759855871239,32.23086050434899
lamf-test-e5f8465a-4435-4b7a-801a-354ef982dcda,"{<resource_manager.instance.CloudOnDemandInstance object at 0x11fc72520>: [(1, 52537.152, None)], <resource_manager.instance.CloudOnDemandInstance object at 0x120864440>: [(2, 52537.152, None)]}",304.6031866584939,147006.1616324946,52537.152,19209.712919831993,1,500.0468695718306,52937.688,147021.56163249462,False,613.1773991917921,,
lamf-test-56707fec-34cd-4c0e-a454-d4551f611032,"{<resource_manager.instance.OnPremInstance object at 0x11fc2be00>: [(4, 53087.688, 58558.224), (1, 58558.224, None)]}",312.7950515260771,147030.74275468057,53087.688,19213.138158254995,3,33.283358430298875,53087.688,76628.311,True,60.76847060612973,76.97309549972974,16.2046248936
lamf-test-e000b273-6e93-45bd-85e3-de8e007da692,"{<resource_manager.instance.OnPremInstance object at 0x11fc2be00>: [(3, 53117.688, None), (3, 82549.296, None)]}",284.69120725614476,147097.08143778527,53117.688,19166.290240674996,3,134.29891854893907,53117.688,85543.1442342997,True,161.621284365044,204.71949404243577,43.09820967739176
lamf-test-e846f77b-9785-4a57-980e-5e6be4c30da6,"{<resource_manager.instance.CloudOnDemandInstance object at 0x11fc728b0>: [(3, 53147.688, None)]}",318.0816768556553,147111.1314466033,53147.688,19224.159300130992,3,,53548.224,147126.53144660333,False,428.8334175067457,,
lamf-test-3bd57c11-f664-4998-9d53-96c6dc4f87c4,"{<resource_manager.instance.OnPremInstance object at 0x11fc2be00>: [(4, 53848.224, None)]}",326.99178124993756,147227.51425932907,53848.224,19218.63745791299,1,214.28846360939994,53848.224,82312.773,True,300.9029060004563,347.08379029805633,46.180884297599995
lamf-test-9655ffad-b7de-4846-8625-1393b7fdfd45,"{<resource_manager.instance.OnPremInstance object at 0x11fc2be00>: [(3, 54868.224, None)]}",323.69507710357215,147445.58427609043,54868.224,19770.306067205995,1,,54868.224,79601.965,True,197.50876910791692,227.6047851567169,30.096016048799996
lamf-test-9c4c82a6-08d5-47bd-9589-83ce8af6f468,"{<resource_manager.instance.CloudReservedInstance object at 0x12085c830>: [(3, 55588.224, None)], <resource_manager.instance.CloudOnDemandInstance object at 0x120855590>: [(2, 55588.224, None)], <resource_manager.instance.CloudOnDemandInstance object at 0x120855090>: [(1, 55588.224, 69818.76000000001)]}",291.9040113839834,147489.13629727668,55588.224,19782.308084126995,3,93.7952026770097,55588.224,69829.27194025989,False,93.85915850793147,,
lamf-test-08f07093-2907-4ba0-a255-32c22f0fcc78,"{<resource_manager.instance.OnPremInstance object at 0x11fc2be00>: [(3, 55618.224, 58618.224), (1, 58618.224, None)]}",298.09142219625704,147501.52909109497,55618.224,19810.299037185992,3,13.689253935660505,55618.224,61608.831999999995,True,18.238053083884694,23.10144368868469,4.8633906047999975
lamf-test-6f2e770b-ffa0-4b22-be2e-700e1acc453c,"{<resource_manager.instance.OnPremInstance object at 0x11fc2be00>: [(6, 57148.224, 59158.224), (1, 59158.224, None)]}",314.03861715723247,147879.7950357834,57148.224,20373.35427413999,3,18.343600273785075,57148.224,72770.503,True,39.04826070423605,49.46093706663605,10.4126763624
lamf-test-9329565e-0cc9-410e-9937-6b7537e158ae,"{<resource_manager.instance.OnPremInstance object at 0x11fc2be00>: [(6, 57298.224, 61778.76), (2, 61778.76, None)]}",289.93639360238836,148027.11003687666,57298.224,20412.88984430799,1,70.53547433264887,57298.224,70711.967,True,118.77166697087233,136.92211689887233,18.150449928000004
lamf-test-dd9abd19-48be-42ba-b1bc-fa915a5dcef1,"{<resource_manager.instance.OnPremInstance object at 0x11fc2be00>: [(4, 57328.224, None)]}",320.9475259671587,148048.26305200774,57328.224,20371.61247533999,2,77.76404618201998,57328.224,79511.06599999999,True,80.79348660978013,116.78292947058011,35.98944286079998
lamf-test-a0961e5f-36f8-49a0-be25-041d077e1525,"{<resource_manager.instance.CloudReservedInstance object at 0x12085c830>: [(1, 57358.224, None)], <resource_manager.instance.CloudOnDemandInstance object at 0x11fc72520>: [(1, 57358.224, None)]}",302.7913218356865,148145.34856889225,57358.224,20404.89517298199,2,,57358.224,95443.58604168872,True,154.55317531850122,247.8699293930469,93.31675407454568
lamf-test-20435df7-63e4-419e-8d22-d33076e8dcf2,"{<resource_manager.instance.OnPremInstance object at 0x11fc2be00>: [(2, 58288.224, None)]}",307.8323914198774,148154.76471009338,58288.224,20426.57961937699,2,,58288.224,81759.03799999999,True,63.80469809447223,82.84422241127221,19.039524316799987
lamf-test-e9e3c180-3644-4ec5-bd7f-fb857cf9758f,"{<resource_manager.instance.OnPremInstance object at 0x11fc2be00>: [(5, 59008.224, None)]}",277.1468078662494,148163.02531072596,59008.224,20411.62231927299,1,,59008.224,63488.204999999994,True,58.94263540953675,68.02803687753674,9.085401467999985
lamf-test-3e227187-9182-4a9b-bf09-75d5b5a39b59,"{<resource_manager.instance.OnPremInstance object at 0x11fc2be00>: [(2, 59158.224, None)]}",320.9833484047092,148180.9556020825,59158.224,20392.60776223099,2,,59158.224,100679.262,True,112.87368619422875,146.55555221982877,33.6818660256
lamf-test-f86b8860-b2ed-456c-9f30-6f6a9139ebf4,"{<resource_manager.instance.OnPremInstance object at 0x11fc2be00>: [(5, 59848.224, None), (4, 73459.296, None)]}",305.1378797801942,148480.47636878878,59848.224,20394.60776223099,3,183.5962582705909,59848.224,80837.65317699432,True,204.51832777085542,259.0555368257555,54.537209054900075
lamf-test-4f1fe545-8677-4a84-8abf-5cf06961f85c,"{<resource_manager.instance.OnPremInstance object at 0x11fc2be00>: [(6, 59908.224, 62048.76), (2, 62048.76, None)]}",310.3840944895742,148558.8794035402,59908.224,20990.800357503995,2,9.251075216852222,59908.224,80117.384,True,58.37008316018713,78.23655935858713,19.8664761984
lamf-test-0c64519c-480b-40a3-83cb-e32930215173,"{<resource_manager.instance.CloudOnDemandInstance object at 0x120864440>: [(4, 60748.224, None)]}",305.2027703895845,148646.8567877416,60748.224,20985.937595951993,3,,61148.76,148662.25678774161,False,356.58593165611217,,
lamf-test-4b6bc7a8-825f-4ed7-a11d-b9402493f256,"{<resource_manager.instance.OnPremInstance object at 0x11fc2be00>: [(2, 61178.76, None)]}",315.0940754980354,148661.34650249413,61178.76,20983.71499063499,2,,61178.76,78261.66600000001,True,46.43936336874595,60.29701671594596,13.857653347200008
lamf-test-d80357f1-4d3d-475b-a1da-53fbb3ddaa84,"{<resource_manager.instance.CloudReservedInstance object at 0x1208551d0>: [(3, 61568.76, None)], <resource_manager.instance.CloudReservedInstance object at 0x120854f50>: [(2, 61568.76, None)], <resource_manager.instance.CloudOnDemandInstance object at 0x120864440>: [(1, 61568.76, None)]}",308.2995677163823,148806.66221919138,61568.76,21004.482893775996,1,298.32457160240324,61568.76,148822.0622191914,False,698.9642685442361,,
lamf-test-545db71e-0ac4-4fd9-bae7-0ae698ee188a,"{<resource_manager.instance.OnPremInstance object at 0x11fc2be00>: [(5, 61778.76, None)]}",303.0498265026395,148819.27050398465,61778.76,20986.937595951993,2,,61778.76,68949.786,True,28.696999294719358,43.239840022719335,14.54284072799998
lamf-test-6c201a0a-e193-4746-b7c6-ff82b4d5eeef,"{<resource_manager.instance.OnPremInstance object at 0x11fc2be00>: [(6, 63608.76, 68078.76000000001), (1, 68078.76000000001, None)]}",319.4947582934635,148822.0931473318,63608.76,20977.17986212499,2,19.318668884489444,63608.76,118287.74100000001,True,121.1945212731598,152.43747596675982,31.24295469360002
lamf-test-7c4919b0-6563-4e4b-a109-6e7eddf9dab2,"{<resource_manager.instance.OnPremInstance object at 0x11fc2be00>: [(4, 63638.76, None)]}",284.9077105670405,149346.3350000956,63638.76,21612.73140155099,3,123.44991101984941,63638.76,93275.938,True,180.31593581260927,228.39929339980927,48.083357587199984
lamf-test-ed127e72-be6f-436a-8fe9-27a8ad06a858,"{<resource_manager.instance.OnPremInstance object at 0x11fc2be00>: [(6, 63668.76, None)]}",328.19458272409565,149510.10924626628,63668.76,21594.364886813994,3,109.61018480492812,63668.76,78372.84704516944,True,134.19198763558697,169.97585386871134,35.78386623312436
lamf-test-ecb2683b-9e41-48ec-91a2-6a6d38c45b39,"{<resource_manager.instance.OnPremInstance object at 0x11fc2be00>: [(2, 63698.76, None)]}",329.9077900544537,149580.5039471403,63698.76,21621.941969843992,3,,63698.76,110882.09700000002,True,143.5343737166325,181.8094966910325,38.27512297440002
lamf-test-56573715-8535-4ef6-86b5-dcb681b21f75,"{<resource_manager.instance.OnPremInstance object at 0x11fc2be00>: [(2, 64028.76, None)]}",309.32301155717374,149632.0362750754,64028.76,21608.366566739493,2,,64028.76,102083.335,True,103.45021135562033,134.32008259562033,30.869871240000002
lamf-test-2b8a61cc-a82b-4153-b888-886b130ebdcb,"{<resource_manager.instance.OnPremInstance object at 0x11fc2be00>: [(6, 64058.76, 72019.296), (1, 72019.296, None)]}",288.0380279745152,149644.98733199033,64058.76,21619.787884028992,1,125.31986858316223,64058.76,87116.874,True,167.80297650011408,193.2993145465141,25.4963380464
lamf-test-870691de-e40a-44a6-b524-758dc9ee2699,"{<resource_manager.instance.OnPremInstance object at 0x11fc2be00>: [(6, 64148.76, 69128.76000000001), (1, 69128.76000000001, None)]}",318.593861795503,149710.67495021236,64148.76,22202.58265253099,3,45.448323066392945,64148.76,73605.831,True,52.25807437827977,66.1933023758798,13.935227997600018
lamf-test-f73d4880-234f-4ef4-b427-8c893deb0ab7,"{<resource_manager.instance.OnPremInstance object at 0x11fc2be00>: [(5, 64508.76, 67508.76000000001), (1, 67508.76000000001, None)]}",289.55899307824876,149744.27839306078,64508.76,22191.84092113499,2,12.00539474883488,64508.76,98453.77200000001,True,74.79395193300942,93.42924880020944,18.635296867200015
lamf-test-95b7467a-1a49-4273-9a59-d080cf448191,"{<resource_manager.instance.OnPremInstance object at 0x11fc2be00>: [(6, 64538.76, 67538.76000000001), (1, 67538.76000000001, None)]}",303.1008089718593,149898.7222726261,64538.76,22208.03500019699,1,47.227926078028865,64538.76,84617.92,True,95.28701194007158,109.5151192360716,14.228107296000013
lamf-test-6557112d-0dd1-4a4f-956a-4810ab29fb87,"{<resource_manager.instance.OnPremInstance object at 0x11fc2be00>: [(5, 65108.76, 66608.76000000001), (1, 66608.76000000001, None)]}",284.1643475390076,150080.75296325286,65108.76,22793.191818410996,3,11.407711613050477,65108.76,133381.084,True,112.97030040307251,143.09515501747254,30.12485461440001
lamf-test-4b6ef0de-0d6b-4c17-a583-0b04e2222603,"{<resource_manager.instance.OnPremInstance object at 0x11fc2be00>: [(6, 65348.76, None)]}",304.5800255914627,150173.26974625097,65348.76,22215.80264773199,2,,65348.76,77264.57600000002,True,51.498367738814615,80.49669755641465,28.998329817600034
lamf-test-816ecb3f-0729-4858-99cd-1237c929b94a,"{<resource_manager.instance.OnPremInstance object at 0x11fc2be00>: [(6, 65648.76000000001, 69638.76000000001), (1, 69638.76000000001, None)]}",325.447174391888,150408.96205956046,65648.76000000001,22777.413571091995,1,62.813141683778234,65648.76000000001,77581.876,True,85.16429325423985,98.09608510383985,12.9317918496
lamf-test-9e038649-678e-4ec1-8038-665a8a0ccdab,"{<resource_manager.instance.OnPremInstance object at 0x11fc2be00>: [(6, 66608.76000000001, 68618.76000000001), (1, 68618.76000000001, None)]}",305.1144082584737,150513.128478003,66608.76000000001,22775.905879514994,1,31.642710472279262,66608.76000000001,130934.412,True,206.9928605977641,237.15962504896407,30.166764451199995
lamf-test-fe21cf99-74f2-4c6e-92c0-836166b37c9b,"{<resource_manager.instance.OnPremInstance object at 0x11fc2be00>: [(3, 66968.76000000001, None)]}",306.6266107573227,150592.44027990467,66968.76000000001,22783.379382303996,3,,66968.76000000001,81088.11200000001,True,64.42779831165866,81.60822582525867,17.1804275136
lamf-test-fb5bb86a-097c-4cce-b52f-faf7de14091c,"{<resource_manager.instance.OnPremInstance object at 0x11fc2be00>: [(5, 67508.76000000001, 69518.76000000001), (2, 69518.76000000001, None)]}",310.7135837098068,150621.6172134432,67508.76000000001,22824.815482548995,2,8.04361448171935,67508.76000000001,81645.412,True,41.00955123008809,54.92297133248808,13.91342010239999
lamf-test-ab19fe1e-973b-44c8-a2b5-9c88f8dd630c,"{<resource_manager.instance.OnPremInstance object at 0x11fc2be00>: [(5, 67538.76000000001, 70028.76000000001), (1, 70028.76000000001, None)]}",310.22675767562004,150632.54578607754,67538.76000000001,22817.433660818995,3,18.9368012776637,67538.76000000001,108624.398,True,77.64185565442237,98.34596642722236,20.704110772799996
lamf-test-ffa00229-4854-4a3b-9050-ac62a552280b,"{<resource_manager.instance.OnPremInstance object at 0x11fc2be00>: [(2, 67568.76000000001, None)]}",328.09484391630104,150671.8210179534,67568.76000000001,22830.198597906994,3,,67568.76000000001,99680.827,True,97.68671990265418,123.73602865305418,26.049308750399994
lamf-test-38119ffa-10d5-4f96-9e4f-d7aa2d684f4c,"{<resource_manager.instance.OnPremInstance object at 0x11fc2be00>: [(5, 68078.76000000001, None)]}",315.0920376046709,150678.34188210918,68078.76000000001,22822.653759194996,2,34.977861665467294,68078.76000000001,83469.03448673438,True,61.588773502055936,92.80025016115324,31.211476659097304
lamf-test-9dd25f94-b2d8-4857-adb4-87c377066854,"{<resource_manager.instance.OnPremInstance object at 0x11fc2be00>: [(3, 68618.76000000001, None)]}",304.2337725718405,150840.8882486587,68618.76000000001,22778.759612648995,2,,68618.76000000001,84431.039,True,51.006965374850175,70.24734646205017,19.240381087199996
lamf-test-05011c3e-5178-4e8c-a944-565636c84b62,"{<resource_manager.instance.OnPremInstance object at 0x11fc2be00>: [(2, 68648.76000000001, None)]}",311.6110618417853,150871.02025537606,68648.76000000001,23383.019429304994,2,,68648.76000000001,88150.202,True,53.01408034748438,68.83365009788437,15.819569750399996
lamf-test-5704a2cc-027b-4370-a7eb-9804c4d8380a,"{<resource_manager.instance.OnPremInstance object at 0x11fc2be00>: [(5, 69008.76000000001, None), (3, 74479.296, None), (7, 78829.296, None)]}",328.518781280289,150910.38393862054,69008.76000000001,23411.31760844099,3,156.1376226328998,69008.76000000001,83531.08683818394,True,201.80932781619748,255.62415028370853,53.81482246751106
lamf-test-64767f79-cec9-4cb3-b8c5-46b3e86d20f8,"{<resource_manager.instance.OnPremInstance object at 0x11fc2be00>: [(4, 69128.76000000001, 71629.296), (1, 71629.296, None)]}",283.87618715962776,150950.63937516673,69128.76000000001,23388.082534277994,2,9.107355217752202,69128.76000000001,150966.03937516676,False,170.08449906949278,,
lamf-test-4f40bb80-4246-4e5c-807f-5b2f111e8553,"{<resource_manager.instance.OnPremInstance object at 0x11fc2be00>: [(4, 69518.76000000001, 73009.296), (1, 73009.296, None)]}",300.28901978300945,150964.0825634011,69518.76000000001,23398.950745559992,3,21.23681496691759,69518.76000000001,110119.189,True,77.68200927827205,98.39682748547203,20.714818207199986
lamf-test-e42daae1-319e-4d66-892f-ff458cefa185,"{<resource_manager.instance.OnPremInstance object at 0x11fc2be00>: [(5, 69638.76000000001, 71149.296), (1, 71149.296, None)]}",331.8539601540227,151062.55862866092,69638.76000000001,23385.019429304994,3,11.487839379420434,69638.76000000001,140397.12900000004,True,116.81574720511065,147.96603527791066,31.150288072800002
lamf-test-902ad2da-a958-4f6f-a105-0cf09133c223,"{<resource_manager.instance.CloudReservedInstance object at 0x12085c830>: [(3, 69818.76000000001, None)], <resource_manager.instance.CloudOnDemandInstance object at 0x120855590>: [(1, 69818.76000000001, None)]}",319.6161610919672,151099.31493076385,69818.76000000001,23437.268003299992,3,,69818.76000000001,88514.19232233785,True,99.5269801934481,174.2713186181548,74.7443384247067
lamf-test-1945932c-936e-4e58-b59b-8fc5fe0a5a90,"{<resource_manager.instance.OnPremInstance object at 0x11fc2be00>: [(4, 70028.76000000001, 73039.296), (1, 73039.296, None)]}",307.9539703217035,151115.3190841794,70028.76000000001,23377.094205963993,1,31.824815879534487,70028.76000000001,83952.712,True,62.53410114837622,71.84487628437621,9.310775135999988
lamf-test-b4f2a445-161d-42de-8bf2-99cedcdf1a1d,"{<resource_manager.instance.CloudOnDemandInstance object at 0x120855590>: [(1, 70058.76000000001, None)], <resource_manager.instance.CloudOnDemandInstance object at 0x120855090>: [(1, 70058.76000000001, None)]}",317.30210148260704,151206.40705396153,70058.76000000001,23435.147824878994,2,,70459.296,151221.80705396156,False,226.50391466046736,,
lamf-test-4bdc3b38-4b50-41c5-90d1-8319dfa6ef3f,"{<resource_manager.instance.OnPremInstance object at 0x11fc2be00>: [(5, 71149.296, None)]}",321.16833722466623,151255.41651085994,71149.296,23413.23869233199,2,,71149.296,86044.066,True,59.60586451436764,89.81245807436764,30.206593560000005
lamf-test-10d63afb-c09f-4af6-a622-71a25fae2fdf,"{<resource_manager.instance.OnPremInstance object at 0x11fc2be00>: [(4, 71179.296, 74179.296), (1, 74179.296, None)]}",310.7244065884292,151344.6104092992,71179.296,23993.77355239899,2,10.926483623213857,71179.296,142215.174,True,148.97375975219137,181.43631186899137,32.4625521168
lamf-test-068fc1f2-6deb-41a2-ae15-564e581e4490,"{<resource_manager.instance.OnPremInstance object at 0x11fc2be00>: [(3, 71359.296, None)]}",318.6864958169501,151372.1384445722,71359.296,24009.59906120499,1,,71359.296,84983.439,True,108.7942060232717,125.3720632256717,16.577857202399997
lamf-test-8af4e2ac-cf32-4cee-877b-e9f4b759f7f3,"{<resource_manager.instance.OnPremInstance object at 0x11fc2be00>: [(4, 71629.296, None)]}",289.77114078776196,151383.3618922091,71629.296,24008.59906120499,3,,71629.296,76819.48599999999,True,31.577701726366946,39.998265982366924,8.42056425599998
lamf-test-f3dda1e4-5862-4683-8e1d-465d2dca42c3,"{<resource_manager.instance.OnPremInstance object at 0x11fc2be00>: [(4, 72019.296, 73519.296), (1, 73519.296, None)]}",305.16980399325007,151581.29316349293,72019.296,24012.16986231999,1,15.856719142140086,72019.296,136602.45700000002,True,193.3665645296221,221.38669463122213,28.020130101600007
lamf-test-fd42a6f7-5546-4968-b0ee-4f887fda9461,"{<resource_manager.instance.OnPremInstance object at 0x11fc2be00>: [(5, 73009.296, None), (5, 86119.296, None), (7, 88219.296, None)]}",313.44017426263486,151601.72274982443,73009.296,24037.839064359992,1,337.565594341775,73009.296,93968.40262173947,True,484.39847798015575,559.1443979583737,74.74591997821798
lamf-test-b284ea68-a93a-41ac-9d3b-a2d0c0674e21,"{<resource_manager.instance.OnPremInstance object at 0x11fc2be00>: [(2, 73039.296, None)]}",312.0323931368153,151609.47659175092,73039.296,23987.664177296992,1,,73039.296,91343.02,True,98.83370628945168,113.68168719825168,14.847980908800002
lamf-test-bc23b10d-c69c-4408-9782-8739fbb3209f,"{<resource_manager.instance.OnPremInstance object at 0x11fc2be00>: [(3, 73099.296, None), (3, 76729.296, None), (5, 78529.296, None)]}",310.0193593332558,151646.08191792943,73099.296,24003.54431273299,1,179.19689710244126,73099.296,86862.8925206006,True,300.4728471663265,346.4514854026381,45.97863823631161
lamf-test-274e2f12-b4e9-499b-9b88-36da25e54e24,"{<resource_manager.instance.CloudReservedInstance object at 0x1208646e0>: [(5, 74899.296, None), (1, 107779.296, None)], <resource_manager.instance.CloudReservedInstance object at 0x12085c830>: [(1, 94579.296, None)], <resource_manager.instance.CloudOnDemandInstance object at 0x11fc728b0>: [(3, 104569.296, None), (4, 107779.296, None)], <resource_manager.instance.CloudReservedInstance object at 0x11fc723f0>: [(1, 107779.296, None)]}",331.60036141298406,151737.6829391687,74899.296,23990.68756017299,1,353.67632519583236,74899.296,116700.67933908824,True,665.778868049326,1013.3340168837597,347.5551488344336
lamf-test-88d97e0c-88fe-4c62-bc84-030e5f7776f1,"{<resource_manager.instance.OnPremInstance object at 0x11fc2be00>: [(3, 76159.296, None)]}",304.4592028444548,151788.63848283107,76159.296,24603.869383885994,1,,76159.296,91253.666,True,120.5345539584759,138.9013833744759,18.366829415999995
lamf-test-9bda5a96-e4e1-4b91-bbbb-1dacf1ed28b2,"{<resource_manager.instance.OnPremInstance object at 0x11fc2be00>: [(6, 77299.296, 81289.296), (2, 81289.296, None)]}",334.4551264679061,151810.40397576362,77299.296,24014.822064604992,3,36.41341546885695,77299.296,122096.797,True,160.55213628412807,203.36524509532808,42.8131088112
lamf-test-5168b562-8a76-449b-98c0-cc2731c9ca3c,"{<resource_manager.instance.OnPremInstance object at 0x11fc2be00>: [(2, 77329.296, None)]}",309.5107801118846,151827.11086787318,77329.296,24000.05556370299,1,,77329.296,95130.11099999999,True,96.11817362537069,110.55819475337067,14.440021127999989
lamf-test-72ac3048-5fdb-4c21-afcd-eed6fe82e6d1,"{<resource_manager.instance.OnPremInstance object at 0x11fc2be00>: [(3, 77359.296, None)]}",305.99164294117367,151847.62702716302,77359.296,24017.33444036699,1,,77359.296,80848.85900000001,True,27.86554985169982,32.11165011009983,4.246100258400012
lamf-test-f483d0b8-ba08-4711-99f9-47af2ee222a5,"{<resource_manager.instance.OnPremInstance object at 0x11fc2be00>: [(3, 77539.296, 79549.296), (1, 79549.296, None)]}",312.7927875459608,151960.2924980215,77539.296,23992.77355239899,2,6.483821870550658,77539.296,151975.69249802153,False,153.43962005087525,,
lamf-test-1e1b6610-69b2-4869-80ff-74a807042404,"{<resource_manager.instance.OnPremInstance object at 0x11fc2be00>: [(5, 78439.296, None), (4, 83899.296, None)]}",310.82543279392,151999.26921875763,78439.296,24044.185020474994,3,41.52407027150354,78439.296,86363.186,True,75.25288615103808,95.31995020703809,20.067064056
lamf-test-9f4c8a2a-2fe4-4712-9592-1f90f46792d9,"{<resource_manager.instance.OnPremInstance object at 0x11fc2be00>: [(5, 79639.296, None)]}",322.9477688777042,152044.19831464,79639.296,24614.693995329995,1,133.41090577230207,79639.296,90930.32413274574,True,148.55486097536024,171.4530660285686,22.898205053208347
lamf-test-9953a2a0-1d7c-4068-bf98-538acafc2ac3,"{<resource_manager.instance.OnPremInstance object at 0x11fc2be00>: [(6, 80179.296, 84169.296), (2, 84169.296, None)]}",299.47595690366575,152044.63992023526,80179.296,24648.493311182,2,17.244180950584507,80179.296,115560.126,True,102.57920303737293,137.75350833337293,35.174305296
lamf-test-8c42c6bf-e604-4e96-bc18-75bc6db194f5,"{<resource_manager.instance.OnPremInstance object at 0x11fc2be00>: [(2, 80899.296, None)]}",304.5244415439068,152090.79824081867,80899.296,24639.597554694996,2,,80899.296,86872.60399999999,True,16.23825716335596,21.08380461295595,4.845547449599992
lamf-test-a7dc0f00-a53e-4f14-ba21-5c93f2b6c280,"{<resource_manager.instance.OnPremInstance object at 0x11fc2be00>: [(4, 80929.296, None), (4, 95029.296, None), (5, 97729.296, None), (6, 101149.296, None)]}",278.74097160023985,152221.9778528427,80929.296,24601.590587836996,2,109.6206762254894,80929.296,102545.43065773901,True,131.41150481574672,191.8404529421466,60.42894812639988
lamf-test-d2030552-fada-4868-9884-3081a3d5e562,"{<resource_manager.instance.OnPremInstance object at 0x11fc2be00>: [(4, 80959.296, None), (4, 97279.296, None), (6, 98509.296, None)]}",335.70235460840024,152227.87732831138,80959.296,24594.477861872994,3,114.25963951631302,80959.296,100158.65169371989,True,149.38167117207152,189.21604454329054,39.83437337121901
lamf-test-292ff255-562b-496c-972f-f8340f6cddab,"{<resource_manager.instance.OnPremInstance object at 0x11fc2be00>: [(2, 80989.296, None)]}",321.5271161172489,152363.05211198295,80989.296,24618.525726354997,1,,80989.296,113861.38099999998,True,177.49775914518204,204.16359449718203,26.66583535199998
lamf-test-ea317cde-8e65-4009-bbcb-6720d6ab3fc4,"{<resource_manager.instance.OnPremInstance object at 0x11fc2be00>: [(5, 81289.296, None)]}",322.00845242777757,152422.0448953853,81289.296,24591.147578393993,2,38.65737109124822,81289.296,93985.19535398863,True,50.80642781203695,76.55371170192589,25.747283889888937
lamf-test-8f5d07e8-2d0c-4ca5-874d-d1e790990809,"{<resource_manager.instance.OnPremInstance object at 0x11fc2be00>: [(6, 81679.296, 83689.296), (1, 83689.296, None)]}",302.97405507839164,152455.06165653787,81679.296,24637.266305282996,1,31.642710472279262,81679.296,152470.4616565379,False,225.18618368635657,,
lamf-test-a13d6194-2358-4887-a070-b00cd35c865e,"{<resource_manager.instance.OnPremInstance object at 0x11fc2be00>: [(3, 82099.296, None)]}",302.61921821621866,152499.23700100568,82099.296,24596.477861872994,2,,82099.296,94222.412,True,39.10652968160327,53.857937230403266,14.751407548799994
lamf-test-7bd8b2d3-250f-4731-829c-d7a0653ffcb3,"{<resource_manager.instance.CloudReservedInstance object at 0x11fc723f0>: [(4, 82279.296, None)]}",301.8009690341694,152524.752070108,82279.296,24599.590587836996,3,,82279.296,99544.05603621455,True,105.04074856621519,145.56459332321796,40.52384475700278
lamf-test-8b57f8ca-98cc-4c1b-8aa2-5b91c1f45b09,"{<resource_manager.instance.OnPremInstance object at 0x11fc2be00>: [(2, 82339.296, None)]}",306.9047417051023,152572.04169877508,82339.296,24595.477861872994,2,,82339.296,103871.38299999999,True,58.5343273726642,76.00115634706418,17.466828974399988
lamf-test-fd11e4ea-cdef-4f38-a062-f8e8f6529d33,"{<resource_manager.instance.OnPremInstance object at 0x11fc2be00>: [(6, 83599.296, 87589.296), (2, 87589.296, None)]}",323.9849795842166,152580.12684940666,83599.296,24638.597554694996,1,62.813141683778234,83599.296,113590.336,True,203.2096615712221,234.01176921922212,30.802107647999996
lamf-test-aa0c06ad-8e28-471d-8a21-4c2106849993,"{<resource_manager.instance.OnPremInstance object at 0x11fc2be00>: [(4, 83629.296, 86629.296), (1, 86629.296, None)]}",297.7430444733612,152626.42427769722,83629.296,24590.147578393993,1,31.713438284280173,83629.296,152641.82427769725,False,217.46623669288903,,
lamf-test-096a164d-3416-42b7-999a-d92269a9a7ca,"{<resource_manager.instance.OnPremInstance object at 0x11fc2be00>: [(6, 83659.296, None), (4, 88639.296, None), (7, 91879.296, None)]}",310.89137174012484,152787.73219962674,83659.296,24612.693995329995,3,172.30207620351356,83659.296,98102.66027433168,True,255.65015235172018,323.8222616960919,68.17210934437176
lamf-test-e0a17229-9bf9-416c-a5a2-49e15e4b17e7,"{<resource_manager.instance.OnPremInstance object at 0x11fc2be00>: [(2, 83689.296, None)]}",300.8789137634496,152855.28466743446,83689.296,24627.455597190496,3,,83689.296,103743.45599999999,True,61.00588637919229,77.27382097119228,16.267934591999992
lamf-test-9805f54e-1cae-487c-b904-2cb93c2a7afb,"{<resource_manager.instance.OnPremInstance object at 0x11fc2be00>: [(3, 83719.296, None), (3, 88189.296, None)]}",328.01417674151406,153463.3979562241,83719.296,25818.25851462,3,20.396988364134153,83719.296,89993.93754057983,True,36.86645257202676,46.697324225181845,9.830871653155082
lamf-test-ca0b2ac7-3ce2-4e8c-a6e1-096d01ef9a8a,"{<resource_manager.instance.OnPremInstance object at 0x11fc2be00>: [(6, 84499.296, None), (6, 89479.296, None), (9, 94549.296, None)]}",322.6901850057595,153813.1490677169,84499.296,25843.31912083,1,238.02874743326493,84499.296,96467.53362427853,True,343.50336925647383,396.6381820450286,53.13481278855477
lamf-test-72359355-373b-4aa6-9d80-111deeae4206,"{<resource_manager.instance.OnPremInstance object at 0x11fc2be00>: [(4, 85039.296, None), (3, 90019.296, None), (5, 96409.296, None), (5, 99139.296, None), (11, 100729.296, None)]}",293.68085416171726,153888.50971232034,85039.296,26425.817752135004,3,189.27675108373256,85039.296,104139.21912028413,True,334.5012508448638,423.69992973730666,89.19867889244284
lamf-test-aa966776-8b52-45e3-81e8-3d502aee1701,"{<resource_manager.instance.OnPremInstance object at 0x11fc2be00>: [(3, 85159.296, None), (3, 97789.296, None)]}",277.6854198628887,153942.09233736835,85159.296,26432.520936193003,1,100.85557837097879,85159.296,100187.56838743977,True,139.15789804261544,160.36251772468884,21.20461968207341
lamf-test-6a7cd0bb-34c7-4263-9cc7-17fa07eb0a15,"{<resource_manager.instance.OnPremInstance object at 0x11fc2be00>: [(4, 85579.296, None)]}",298.21973828332,153995.7307527407,85579.296,26402.978016955003,1,42.17887291809263,85579.296,97735.112,True,128.50090683702174,148.22250271542174,19.721595878399985
lamf-test-f6c3e1ca-41d1-4659-a1c2-f6d7cca0c5e7,"{<resource_manager.instance.OnPremInstance object at 0x11fc2be00>: [(2, 85609.296, None)]}",330.89870791023526,154033.71012277214,85609.296,26439.763973674002,2,,85609.296,96741.99399999999,True,30.263902856838907,39.2947474744389,9.03084461759999
lamf-test-47c1fe4b-c260-4538-9b53-fe9eeae00c5f,"{<resource_manager.instance.OnPremInstance object at 0x11fc2be00>: [(2, 86419.296, None)]}",307.40827687661385,154080.49915928356,86419.296,26398.069048813002,3,,86419.296,128427.84300000001,True,127.79237052247319,161.8697038488732,34.0773333264
lamf-test-9293cd6c-713f-41c3-8b50-410b94532b8e,"{<resource_manager.instance.OnPremInstance object at 0x11fc2be00>: [(4, 86449.296, 88939.296), (1, 88939.296, None)]}",276.94819521132933,154205.089282543,86449.296,26413.815824554003,2,9.0689814072675,86449.296,154220.489282543,False,141.52690184601553,,
lamf-test-2ef3ba74-0be9-4758-9e8b-663933377574,"{<resource_manager.instance.OnPremInstance object at 0x11fc2be00>: [(4, 86479.296, None), (3, 102289.296, None), (5, 103399.296, None)]}",315.97195408362086,154384.69002379448,86479.296,26416.622980099004,3,108.00821355236138,86479.296,104503.96699999998,True,128.17104266484094,162.3493533560408,34.17831069119987
lamf-test-2744811c-a0e4-4a9d-a448-520fba53466a,"{<resource_manager.instance.OnPremInstance object at 0x11fc2be00>: [(2, 86629.296, None)]}",316.8459168651483,154413.71699995644,86629.296,26443.109325014004,2,,86629.296,98257.20300000001,True,31.61011354806873,41.04267170646873,9.432558158400004
lamf-test-692078cb-d4fe-44db-acc1-5eececdc7c24,"{<resource_manager.instance.OnPremInstance object at 0x11fc2be00>: [(3, 86899.296, None)]}",293.9568407519619,154793.44887261107,86899.296,27048.787907985006,2,,86899.296,108396.974,True,69.34682327485359,95.50519786525359,26.1583745904
lamf-test-dc701733-214d-4503-9e86-a7c5623aa494,"{<resource_manager.instance.OnPremInstance object at 0x11fc2be00>: [(2, 86929.296, None)]}",290.04127710324553,154799.87678814575,86929.296,27001.232482956002,2,,86929.296,102534.27500000001,True,42.42166351220627,55.08042247700628,12.658758964800006
lamf-test-cb995d16-8bd4-4a69-981f-1cf758860367,"{<resource_manager.instance.OnPremInstance object at 0x11fc2be00>: [(5, 86959.296, None), (4, 91429.296, None)]}",320.1908267325743,154968.65896154023,86959.296,27029.689816374004,3,33.99498060689026,86959.296,93892.76800000001,True,67.71807437827984,85.77589256707986,18.05781818880003
lamf-test-0111158b-0edf-40ea-8c3c-c453441d9f4b,"{<resource_manager.instance.OnPremInstance object at 0x11fc2be00>: [(2, 86989.296, None)]}",288.9103792556111,155198.8430521741,86989.296,27020.732370060003,3,,86989.296,124828.87100000001,True,115.11012244277134,145.80558568277135,30.69546324000001
lamf-test-c609bf72-d17c-450a-8e65-16fe23e38281,"{<resource_manager.instance.OnPremInstance object at 0x11fc2be00>: [(2, 87019.296, None)]}",326.56864801291823,164052.79528289576,87019.296,36048.099715278004,3,,87019.296,129250.54299999999,True,128.46983648946684,162.72782405586685,34.25798756639999
