,instances,budget,deadline,sched_start_time,submit_time,software_id,current_license_cost,exec_start_time,finish_time,complete,license_cost,cost,hardware_cost
lamf-test-ce4837ee-c9b5-4728-816b-793fbe63012e,"{<resource_manager.instance.OnPremInstance object at 0x138b97e00>: [(5, 30, 390), (2, 390, None), (6, 3840, None), (7, 4650, None), (10, 5280, None)]}",64.81020493737797,14109.368596154949,30,1.0,1,65.35706137348848,30,5760.1461313637155,True,96.8336729207942,111.69228269282227,14.858609772028075
lamf-test-fdbe52b3-5ac4-4817-bbd7-3ee39ada2008,"{<resource_manager.instance.OnPremInstance object at 0x138b97e00>: [(3, 60, 3540), (1, 3540, None)]}",309.54978900857253,127521.02370708411,60,35.786038003,1,27.78918548939083,60,69322.742,True,212.89538778614343,243.81133194134344,30.9159441552
lamf-test-312a25ed-966e-4a84-89af-21712bfc7175,"{<resource_manager.instance.OnPremInstance object at 0x138b97e00>: [(4, 1200, 5670), (1, 5670, None)]}",330.5774711754339,128545.4582720428,1200,1187.5032099999999,1,47.25302304357746,1200,22031.878,True,93.29374750931629,107.18225322611629,13.888505716800001
lamf-test-6d60a076-8aec-42f5-ae5c-3923b3793c72,"{<resource_manager.instance.OnPremInstance object at 0x138b97e00>: [(5, 1230, 6690), (2, 6690, None)]}",295.26855467250385,128825.07572848818,1230,1205.406992515,1,71.83664156970111,1230,26756.858999999997,True,180.1906600501939,207.5417760709939,27.3511160208
lamf-test-c2212f64-c788-46d9-9572-57170e08d2ac,"{<resource_manager.instance.OnPremInstance object at 0x138b97e00>: [(4, 6600, None), (6, 7860, None)]}",57.825321252479114,20757.871657632044,6600,6595.128387259,3,7.665982203969882,6600,8153.834999999999,True,12.135295459730763,15.37131421973076,3.2360187599999963
lamf-test-f42e0220-9054-4dba-814a-9d6b93e25e15,"{<resource_manager.instance.OnPremInstance object at 0x138b97e00>: [(2, 6630, None)]}",293.5168981771201,134375.87449434822,6630,6589.030703689,3,,6630,33064.367999999995,True,80.41483915126624,101.85839847286623,21.443559321599995
lamf-test-c947c209-c0e1-414b-aa78-1430406df6ae,"{<resource_manager.instance.OnPremInstance object at 0x138b97e00>: [(2, 6660, None)]}",91.00759406898061,37673.82273093064,6660,6629.006231677,3,2.007757243896874,6660,17738.147999999997,True,33.70035135751767,42.686945015117665,8.986593657599999
lamf-test-a35e3102-219f-4336-95ce-4d87e6b5e69c,"{<resource_manager.instance.OnPremInstance object at 0x138b97e00>: [(6, 6690, 7980), (1, 7980, None)]}",88.24903114605627,37842.07973381173,6690,6633.656958263,3,11.772758384668034,6690,20153.818,True,30.289479047836334,38.36652362863633,8.077044580799999
lamf-test-1b5247ff-56d3-4066-aafc-ee4137f1169c,"{<resource_manager.instance.OnPremInstance object at 0x138b97e00>: [(3, 6720, 7680), (2, 7680, None)]}",98.97570184637311,37989.47045148376,6720,6632.656958263,3,4.380561259411362,6720,23381.699999999993,True,52.14601870864702,66.05136574864702,13.905347039999993
lamf-test-8d2ae00d-f906-47ac-81a5-138a54772bef,"{<resource_manager.instance.OnPremInstance object at 0x138b97e00>: [(2, 6750, None)]}",310.3508838593914,134447.40057972845,6750,6638.864645567,3,6.114533424595026,6750,36658.530999999995,True,90.98343904479425,115.24523939199425,24.261800347199994
lamf-test-0aa73555-99c3-40be-a09f-6bf3df006265,"{<resource_manager.instance.OnPremInstance object at 0x138b97e00>: [(6, 6780, None)]}",310.4901833144852,134457.94817682597,6780,6606.530121844,3,,6780,22665.188000000002,True,144.97091489847136,183.62910841527136,38.658193516800004
lamf-test-761a035c-9b31-431d-b128-35fe1a248496,"{<resource_manager.instance.OnPremInstance object at 0x138b97e00>: [(4, 6810, None)]}",281.9460745575701,134568.84567237462,6810,6607.571241181,1,,6810,33394.424999999996,True,281.0278405201916,324.1584116401916,43.13057111999999
lamf-test-cbef53e7-aa65-412f-b9a4-02aefd0bda1b,"{<resource_manager.instance.OnPremInstance object at 0x138b97e00>: [(2, 7230, None)]}",89.7921856815224,38476.610387068264,7230,7227.881359282999,1,,7230,19260.115999999998,True,64.95841782645067,74.71724792565067,9.758830099199999
lamf-test-decf70b3-3bab-4cf4-b55a-9508b27560e7,"{<resource_manager.instance.OnPremInstance object at 0x138b97e00>: [(3, 7260, None)]}",317.6420201174764,134811.31542106965,7260,7242.251264678,2,,7260,31011.023000000005,True,76.61562307231429,105.5158678587143,28.90024478640001
lamf-test-8a5bf643-d5be-430a-ac2f-d8a1f25fa6d3,"{<resource_manager.instance.OnPremInstance object at 0x138b97e00>: [(3, 7290, 9300), (1, 9300, None)]}",322.3613792231315,134920.88244580835,7290,7213.723581998,2,6.483821870550658,7290,39254.176,True,67.26193669825952,81.85711848385952,14.595181785600001
lamf-test-b41bc5e6-51fb-4710-b8ea-caebbe600cb8,"{<resource_manager.instance.OnPremInstance object at 0x138b97e00>: [(6, 7320, 9330), (2, 9330, None)]}",308.5846884800438,135307.98089805114,7320,7207.76714192,2,8.686918223226783,7320,14803.935,True,23.567644987273614,32.899637059273616,9.331992072
lamf-test-1faee22d-4d95-436a-a021-6148365dd51b,"{<resource_manager.instance.OnPremInstance object at 0x138b97e00>: [(2, 7800, None)]}",300.8642397517245,135201.26260034012,7800,7785.826243439,3,,7800,42437.921,True,105.37051030496615,133.46879182016613,28.0982815152
lamf-test-17aa2292-304e-4763-ab73-533f31d66f3d,"{<resource_manager.instance.OnPremInstance object at 0x138b97e00>: [(5, 7830, 9120), (2, 9120, None)]}",100.9864715008785,38998.439656257986,7830,7828.707166309499,2,5.162319741998986,7830,13766.408,True,17.793439381213062,24.178725550813063,6.3852861696
lamf-test-17be3ad6-6cd4-4c64-93c6-3fc4d170d157,"{<resource_manager.instance.OnPremInstance object at 0x138b97e00>: [(2, 7860, None), (4, 9570, None)]}",64.77903730143166,21804.63140116635,7860,7830.259381751,2,4.648583289081818,7860,12278.641000000001,True,21.877249113345723,29.856149850945727,7.978900737600004
lamf-test-410c24b3-e037-404b-8fa3-3b9be7b4adaa,"{<resource_manager.instance.OnPremInstance object at 0x138b97e00>: [(5, 7890, 9390), (1, 9390, None)]}",105.56808496111117,38987.91620687528,7890,7831.259381751,3,11.407711613050422,7890,10983.282,True,13.831138489618981,17.51937366881898,3.6882351791999994
lamf-test-585c2356-1279-476b-b41a-cbdb8ebd0ee3,"{<resource_manager.instance.OnPremInstance object at 0x138b97e00>: [(4, 7920, None)]}",290.6639501784463,135400.4789526319,7920,7826.593224251,2,28.61243966322375,7920,21436.760999999995,True,49.23022256846524,71.15981561486522,21.92959304639999
lamf-test-dbfc6e86-f385-4c1b-a2d1-36902c12232e,"{<resource_manager.instance.OnPremInstance object at 0x138b97e00>: [(2, 7950, None)]}",332.81097832014945,135639.62273885202,7950,7839.5191466549995,3,,7950,54200.428,True,140.69641189444062,178.2147590880406,37.5183471936
lamf-test-ee649544-0852-4484-9313-a2ec39aaf5e5,"{<resource_manager.instance.OnPremInstance object at 0x138b97e00>: [(4, 8400, None)]}",94.51083597672981,39415.5273210849,8400,8385.17473995,1,,8400,14276.974000000002,True,62.126350749106415,71.66115336670642,9.534802617600002
lamf-test-905b51bb-7f4b-480b-babc-216c95cb3e5c,"{<resource_manager.instance.OnPremInstance object at 0x138b97e00>: [(4, 8430, None), (3, 9720, None)]}",76.07511246679637,22550.025466038154,8430,8413.114083208,3,7.848505589778689,8430,10830.850978537284,True,19.675955357458346,24.922779455721404,5.246824098263058
lamf-test-3e8d9edc-8d07-4ff0-a6aa-1b9473f39dae,"{<resource_manager.instance.OnPremInstance object at 0x138b97e00>: [(5, 8460, 9420), (1, 9420, None)]}",46.55013787044631,22586.820083924384,8460,8399.942224245,1,12.630618297969427,8460,18975.518,True,39.518911400106475,45.341509500906476,5.8225981008
lamf-test-7b6d3b7a-f2bc-4206-bf5c-c8e1aaff27be,"{<resource_manager.instance.OnPremInstance object at 0x138b97e00>: [(3, 8490, None), (5, 9450, None)]}",57.77199384513077,22587.068649271467,8490,8410.226440567,2,3.096750744143598,8490,9675.260000000002,True,4.72483547683632,6.623887124836327,1.8990516480000068
lamf-test-794e981d-7b48-479b-88a9-08c76168b3f4,"{<resource_manager.instance.OnPremInstance object at 0x138b97e00>: [(2, 8520, None)]}",55.43753343799916,22594.740932632878,8520,8417.000916006,3,3.832991101984941,8520,12528.055,True,12.192729485131949,15.444063701131949,3.251334216
lamf-test-8daeea4f-cbbf-4fb6-b9f3-5857c1ab865e,"{<resource_manager.instance.OnPremInstance object at 0x138b97e00>: [(4, 8550, 9150), (2, 9150, None)]}",56.56222725445129,22621.33132662842,8550,8400.942224245,1,6.342687656856034,8550,12922.168,True,26.71107521484523,30.744497896445232,4.033422681599999
lamf-test-d89dd74a-ca32-43e3-9fdb-057b16e15c3a,"{<resource_manager.instance.OnPremInstance object at 0x138b97e00>: [(2, 8580, None), (6, 9750, None)]}",52.589033620058174,22626.03845607101,8580,8418.133821506999,1,6.317590691307323,8580,12063.723000000002,True,55.23499840292041,63.69167079332042,8.456672390400007
lamf-test-9d73df9e-a4e9-43ed-b3cd-731892da568c,"{<resource_manager.instance.OnPremInstance object at 0x138b97e00>: [(6, 8610, None)]}",116.24356079750007,39545.44726362084,8610,8429.596484802,3,,8610,11629.289365149953,True,27.5545458831846,34.90228848221352,7.347742599028925
lamf-test-d53de693-fd3a-47ec-b96e-28dcf292d471,"{<resource_manager.instance.OnPremInstance object at 0x138b97e00>: [(4, 8640, None)]}",82.04480128359563,39576.930346933215,8640,8414.114083208,2,,8640,17304.185999999998,True,31.556362145826252,45.613137512226245,14.056775366399997
lamf-test-665b3cd3-6953-4941-a220-b425974f248a,"{<resource_manager.instance.OnPremInstance object at 0x138b97e00>: [(3, 8670, None), (3, 21876.432, None)]}",295.24467469152273,135980.7845867753,8670,8406.848638246,3,60.262067077344284,8670,22786.264270289914,True,68.56535040191571,86.84910467249324,18.283754270577536
lamf-test-e86f1528-c4b7-428d-9220-137c2eee5f81,"{<resource_manager.instance.OnPremInstance object at 0x138b97e00>: [(5, 8700, None)]}",291.443531643958,136350.53302784907,8700,8411.504535142,2,,8700,31802.549221242898,True,92.45174103513605,139.30371085581663,46.851969820680594
lamf-test-d608e81f-e921-488f-9511-ac29f6be8717,"{<resource_manager.instance.OnPremInstance object at 0x138b97e00>: [(4, 8730, None)]}",290.8535591080783,136450.1464572135,8730,8416.000916006,3,,8730,17666.862,True,54.372877024868814,68.87204193366881,14.499164908800001
lamf-test-700b88cb-1fe1-443f-85f3-4e83586778d7,"{<resource_manager.instance.OnPremInstance object at 0x138b97e00>: [(2, 9000, None)]}",323.88597973304996,136263.37272395068,9000,8985.610104996,1,,9000,40658.967,True,170.94734633812456,196.62910036852455,25.681754030399997
lamf-test-0ae28a41-e363-4bde-bdce-50f826df3b42,"{<resource_manager.instance.OnPremInstance object at 0x138b97e00>: [(4, 9030, None)]}",87.69850691765791,40298.21741609823,9030,9020.425023669,3,,9030,16937.442,True,48.1097695642254,60.9388034650254,12.829033900799999
lamf-test-50c28631-c9b3-47d9-9e36-b5f64438ea4d,"{<resource_manager.instance.OnPremInstance object at 0x138b97e00>: [(6, 9060, 9870), (2, 9870, None)]}",57.792712238435485,22921.396186257334,9060,9030.655461900002,3,7.392197125256673,9060,14334.572,True,20.973677085709937,26.566553892109937,5.5928768064
lamf-test-f035cec5-13b9-4feb-9d16-93fce26c2cc2,"{<resource_manager.instance.OnPremInstance object at 0x138b97e00>: [(3, 9090, None), (3, 15835.896, None)]}",59.50673849065216,23251.935379274793,9090,9044.926047006002,2,21.76079006032846,9090,16073.404665538505,True,23.293092428551198,32.0794997698057,8.786407341254504
lamf-test-01aed4d0-4ac3-4934-b29d-300b9eb1cf38,"{<resource_manager.instance.OnPremInstance object at 0x138b97e00>: [(6, 9120, None)]}",48.38806555130056,23405.68283056307,9120,9042.091599738002,3,,9120,10052.804,True,8.51292721879991,10.78299903319991,2.2700718144000005
lamf-test-f6a7b87b-3fe2-4927-871e-a0cac1bfa236,"{<resource_manager.instance.OnPremInstance object at 0x138b97e00>: [(3, 9150, None)]}",80.84812600328213,40345.66799975976,9150,9039.557813094001,3,,9150,17479.7,True,38.00912616929044,48.14470512929044,10.135578960000002
lamf-test-76901c5b-cc70-4a21-8b6a-aa4aa3dedd24,"{<resource_manager.instance.OnPremInstance object at 0x138b97e00>: [(2, 9180, None)]}",295.82083300729096,136299.88932577567,9180,8996.130137508,2,,9180,18827.071,True,26.225270783149604,34.050974778349605,7.8257039952
lamf-test-6ea3ccb6-5ec7-474a-bd76-4c0b7e74a8fd,"{<resource_manager.instance.OnPremInstance object at 0x138b97e00>: [(4, 9210, None)]}",318.43627200467716,136528.53789135715,9210,9032.795725998001,3,,9210,18857.071,True,58.693868735265035,74.34527672566503,15.6514079904
lamf-test-9da27dae-e6dc-4f47-b706-a6e8a3713464,"{<resource_manager.instance.OnPremInstance object at 0x138b97e00>: [(6, 9240, None)]}",296.9549680882063,136786.74130887672,9240,9022.090087608001,3,,9240,14215.189999999999,True,45.404426192105845,57.51204857610584,12.107622383999997
lamf-test-c0570041-d32e-4e8b-8d2d-a250dfe399fc,"{<resource_manager.instance.OnPremInstance object at 0x138b97e00>: [(5, 9270, None)]}",309.1917473885502,136840.70378715007,9270,9008.723976132,1,146.915562856491,9270,27360.826530982948,True,238.01908813294165,274.70728433777504,36.68819620483342
lamf-test-cacf2328-5a7f-4177-ad3a-d6767db7f233,"{<resource_manager.instance.OnPremInstance object at 0x138b97e00>: [(5, 9300, None)]}",299.34289693362723,136917.85394389252,9300,8993.363483793,2,47.80721066670421,9300,23361.842999999997,True,56.272658703713354,84.79007630771335,28.51741760399999
lamf-test-ca7252f0-85f2-4005-896c-fb17b2f26952,"{<resource_manager.instance.OnPremInstance object at 0x138b97e00>: [(6, 9330, 16795.896), (1, 16795.896, None)]}",304.02222934164064,137009.21143947373,9330,9012.557326635,1,117.53292813141685,9330,57643.773,True,232.4748590006845,267.21176241748447,34.736903416800004
lamf-test-6718dd63-82fd-49d3-b154-c2385c7724e4,"{<resource_manager.instance.CloudReservedInstance object at 0x138da4830>: [(4, 9600, None)]}",53.92864783453742,23699.169479719298,9600,9596.410337958001,1,,9600,14774.123339336895,True,54.69641373243808,77.30526307600458,22.608849343566494
lamf-test-0ee3ab93-6383-46f5-aeca-265dafdbd84c,"{<resource_manager.instance.CloudReservedInstance object at 0x138da4830>: [(2, 9630, None)], <resource_manager.instance.CloudReservedInstance object at 0x138d9d1d0>: [(3, 9630, None)]}",39.66592451958817,23739.18441387324,9630,9610.279751392,3,,9630,14400.229331006012,True,25.39478691690781,40.61372657454939,15.218939657641581
lamf-test-a5bf6748-f8d5-4a59-badc-d9816f45493a,"{<resource_manager.instance.OnPremInstance object at 0x138b97e00>: [(2, 9660, None)]}",54.40376906069801,23800.58916680156,9660,9644.199560704998,2,,9660,18644.549,True,24.424224761015648,31.712490909815646,7.288266148799999
lamf-test-aa879c60-c521-40a2-972a-cf0714098824,"{<resource_manager.instance.CloudReservedInstance object at 0x138d9d1d0>: [(2, 9690, None)]}",56.99333448866139,23840.840423504917,9690,9623.46624577,2,,9690,23856.240423504918,False,28.743818128621296,,
lamf-test-c8383b87-eaaf-4727-8a38-364a265a9c1b,"{<resource_manager.instance.OnPremInstance object at 0x138b97e00>: [(2, 9720, None)]}",87.74670802746411,40653.48888656929,9720,9638.342731636998,2,,9720,24226.029999999995,True,39.43420388825702,51.20149542425701,11.767291535999997
lamf-test-29b14cf4-c2e0-462e-a5b2-16a34ab23f1f,"{<resource_manager.instance.CloudReservedInstance object at 0x138d9d1d0>: [(1, 9750, None)], <resource_manager.instance.CloudReservedInstance object at 0x138d9cf50>: [(1, 9750, None)]}",89.42960233211319,40689.69005279596,9750,9609.279751392,3,,9750,32349.68586362713,True,28.645633208643407,45.33324125034568,16.687608041702276
lamf-test-92b10550-cff6-47f7-a077-4b4db1587046,"{<resource_manager.instance.CloudReservedInstance object at 0x138d9cf50>: [(4, 9780, None)]}",81.64667311738593,40739.2033457747,9780,9607.068739467,2,,9780,21246.847936108228,True,26.26987753736681,44.76360988872216,18.49373235135535
lamf-test-107c896d-ee0f-4ca2-89f1-19c67b8002a2,"{<resource_manager.instance.CloudReservedInstance object at 0x138d9cf50>: [(1, 9810, None)], <resource_manager.instance.CloudReservedInstance object at 0x138bde3f0>: [(1, 9810, None)]}",98.1671155759394,40849.09552751723,9810,9621.46624577,3,,9810,15444.021727556263,True,11.426008015932794,17.003689526213492,5.5776815102807
lamf-test-561c40aa-4fd2-4142-aa20-b41c53e185e4,"{<resource_manager.instance.CloudReservedInstance object at 0x138bde3f0>: [(2, 9840, None)]}",92.22367706149063,40881.615217897124,9840,9604.360023951001,2,,9840,23729.273925069963,True,37.75757114945033,54.05802302791244,16.30045187846211
lamf-test-0ab21652-7e84-40ef-afc1-d04cb7c18425,"{<resource_manager.instance.OnPremInstance object at 0x138b97e00>: [(2, 9870, None)]}",99.9394489602227,40889.13256393451,9870,9620.46624577,3,,9870,13885.172,True,12.214379800745304,15.471487327145304,3.2571075264000005
lamf-test-7dc86417-03bf-4f7d-b2cc-4f303d7c708b,"{<resource_manager.instance.CloudReservedInstance object at 0x138bde3f0>: [(3, 9900, None)], <resource_manager.instance.CloudReservedInstance object at 0x138dac6e0>: [(1, 9900, None)]}",122.20824587768153,40926.34380863142,9900,9587.685937074002,2,,9900,17699.76893826657,True,38.49744420167174,57.86271052159998,19.36526631992824
lamf-test-cfb32c98-2421-4b31-9da7-090b5212bb9a,"{<resource_manager.instance.CloudReservedInstance object at 0x138dac6e0>: [(5, 9930, None)], <resource_manager.instance.CloudReservedInstance object at 0x138bde650>: [(1, 9930, None)]}",311.65623815536327,137135.80842242436,9930,9625.843153171,1,233.31183998783177,9930,40753.12459493239,True,319.5847075652736,464.58901490967355,145.00430734439993
lamf-test-6e11c3c3-b9bf-4aa2-897f-6c03a891a9cd,"{<resource_manager.instance.CloudOnDemandInstance object at 0x138bde8b0>: [(5, 9960, None)]}",323.10613238146993,137223.29414792845,9960,9588.700388784002,3,400.7543691535478,10360.536,85583.26268636443,True,575.1255813093347,1418.2493369996118,843.123755690277
lamf-test-48feb4fc-2742-45dc-808f-e652fe900563,"{<resource_manager.instance.OnPremInstance object at 0x138b97e00>: [(3, 10390.536, None)]}",41.254966979320166,24163.686624506845,10390.536,10198.755071284997,1,,10390.536,13926.313000000002,True,28.234587040839624,32.53692049443963,4.302333453600003
lamf-test-7a641bba-d417-49ff-88d9-3fe54ccc21c1,"{<resource_manager.instance.CloudOnDemandInstance object at 0x138bde8b0>: [(5, 10420.536, None)]}",72.4727596207448,24383.348061232748,10420.536,10226.402126955996,1,,10821.072,17985.570998995296,True,99.53236404488447,183.87493924868303,84.34257520379856
lamf-test-d4b58a16-b6c8-4064-88b0-a3ec8e4212ba,"{<resource_manager.instance.OnPremInstance object at 0x138b97e00>: [(2, 10851.072, None)]}",56.907858453854786,24585.389026383928,10851.072,10210.939740247997,2,,10851.072,14955.414,True,11.157529610454182,14.486971840854181,3.3294422304
lamf-test-15ce12ce-cdd4-4322-97b9-e92908eec275,"{<resource_manager.instance.OnPremInstance object at 0x138b97e00>: [(4, 10881.072, None)]}",62.79223748275714,25068.748931134578,10881.072,10798.731659962996,2,,10881.072,16113.092000000002,True,19.05586028210913,27.544289530109133,8.488429248000003
lamf-test-98a6ab80-499b-4f3a-95f7-4dd7df820566,"{<resource_manager.instance.OnPremInstance object at 0x138b97e00>: [(2, 10911.072, None)]}",105.87093398460661,41415.49685660506,10911.072,10242.002223705995,1,,10911.072,19778.228000000003,True,47.87954034527342,55.07257729247342,7.193036947200002
lamf-test-bbc839c8-f836-4f9a-a8e0-6cb8342496f2,"{<resource_manager.instance.CloudOnDemandInstance object at 0x138bde8b0>: [(2, 10941.072, None)], <resource_manager.instance.CloudOnDemandInstance object at 0x138d9d590>: [(1, 10941.072, None)]}",114.4912360012796,41431.18160110337,10941.072,10203.633421828998,3,,11341.608,41115.900267148405,True,114.74191294831698,271.0595933034526,156.3176803551356
lamf-test-a4d8ead1-b39f-46fe-9cfa-58d32f343ff0,"{<resource_manager.instance.CloudOnDemandInstance object at 0x138d9d590>: [(4, 11371.608, 22596.432), (1, 22596.432, None)]}",84.41713409588449,41435.04675099816,11371.608,10237.154192079995,1,60.610122746976955,11772.144,22607.000518842506,False,60.62619776232794,,
lamf-test-04f3f31f-b20f-4cb7-a3dd-c0c2f380b4cc,"{<resource_manager.instance.OnPremInstance object at 0x138b97e00>: [(4, 11802.144, None)]}",63.69847192731158,25496.524659464558,11802.144,11397.729644242994,3,28.55731690622861,11802.144,16970.577,True,31.44532968286562,39.830595382065624,8.385265699200001
lamf-test-87f7683b-4f57-45f2-93ec-cd6117faec52,"{<resource_manager.instance.OnPremInstance object at 0x138b97e00>: [(2, 11832.144, None)]}",62.86965238334432,25497.9332046543,11832.144,11434.458541268996,1,,11832.144,14238.491000000002,True,12.99343197201309,14.94546065841309,1.9520286864000012
lamf-test-9bb4d80d-2aee-48e9-ac53-5a922312b6c8,"{<resource_manager.instance.CloudOnDemandInstance object at 0x138d9d590>: [(6, 11862.144, None)], <resource_manager.instance.CloudOnDemandInstance object at 0x138bde520>: [(1, 25688.04, None)]}",62.348183689222225,25610.404874626223,11862.144,11413.770505736995,2,44.599326798387494,12262.68,25703.60991876295,False,44.681143895104526,,
lamf-test-c89d3402-a23f-46ae-8720-cd373edbf82e,"{<resource_manager.instance.OnPremInstance object at 0x138b97e00>: [(3, 12292.68, None)]}",59.063695813800784,25650.51477408654,12292.68,11421.630390638995,3,,12292.68,16286.283000000003,True,18.22314852840521,23.082564658805214,4.859416130400004
lamf-test-d4113937-9912-4267-ad39-f41249bcbcef,"{<resource_manager.instance.OnPremInstance object at 0x138b97e00>: [(2, 12322.68, None)]}",44.164232744169574,25728.385134090575,12322.68,11406.747428665994,3,,12322.68,21070.351,True,26.6109088143585,33.707019529558494,7.096110715199998
lamf-test-067d037c-dcca-41c3-b8b9-a8b36009d0a4,"{<resource_manager.instance.OnPremInstance object at 0x138b97e00>: [(4, 12352.68, None), (4, 17935.896, None)]}",61.80548621708826,25729.490368911265,12352.68,11440.375839942995,2,20.33497272962186,12352.68,18171.528665538506,True,22.051397037022333,31.87418754856168,9.822790511539344
lamf-test-d56ac58c-44ed-4cac-88e0-685510119191,"{<resource_manager.instance.OnPremInstance object at 0x138b97e00>: [(2, 12382.68, None)]}",70.70390367140996,26114.93190807084,12382.68,12052.933490342995,2,,12382.68,20485.351,True,22.0268660862736,28.5997528014736,6.572886715199998
lamf-test-a7986f20-c88c-442a-a9bb-9d4e408bd120,"{<resource_manager.instance.OnPremInstance object at 0x138b97e00>: [(4, 12412.68, None)]}",50.00049139574834,26125.229280896838,12412.68,12020.038036860995,1,,12412.68,15046.453000000001,True,27.841999163434494,32.1150324786345,4.273033315200002
lamf-test-78749043-3668-43d0-99ce-4ee040f7f664,"{<resource_manager.instance.OnPremInstance object at 0x138b97e00>: [(2, 12442.68, None)]}",57.07835905715178,26145.433807652917,12442.68,12025.536519498995,2,,12442.68,15417.592,True,8.087208309759632,10.500456924159632,2.4132486144
lamf-test-093fc8c1-409b-4af5-91bd-f1586aa318b7,"{<resource_manager.instance.CloudOnDemandInstance object at 0x138d9d590>: [(1, 12472.68, None)], <resource_manager.instance.CloudOnDemandInstance object at 0x138d9d090>: [(5, 12472.68, None)]}",48.98947611555658,26208.338520275163,12472.68,12053.933490342995,1,42.979357821887604,12873.216,26223.738520275165,False,83.31439618591438,,
lamf-test-5f552717-b86e-4e0e-9794-6b12cd0fea27,"{<resource_manager.instance.OnPremInstance object at 0x138b97e00>: [(2, 12903.216, None)]}",43.981392744961866,26235.165066799476,12903.216,11998.183250345995,2,,12903.216,21895.465,True,24.445156978165315,31.739669366965316,7.294512388799999
lamf-test-60d40a4b-09c7-4a73-b379-b1d85406ff0e,"{<resource_manager.instance.CloudOnDemandInstance object at 0x138d9d090>: [(4, 12933.216, None)]}",57.165191884420324,26302.090707665495,12933.216,12003.906084708995,3,,13333.752,26317.490707665496,False,27.143812624869817,,
lamf-test-225e7631-1dba-46ce-9a30-f911bc78acd8,"{<resource_manager.instance.CloudOnDemandInstance object at 0x138d9d090>: [(3, 13363.752, None)], <resource_manager.instance.CloudOnDemandInstance object at 0x138bde520>: [(2, 13363.752, None)]}",48.6051907309817,26435.754842909388,13363.752,12037.363173140995,1,65.2376180698152,13764.288,26170.845950144052,True,105.19173675683,174.26897518290346,69.07723842607346
lamf-test-b31f9afe-254c-4126-a484-8628eb9333c1,"{<resource_manager.instance.CloudOnDemandInstance object at 0x138bde520>: [(6, 13794.288, None)]}",58.325064065435534,26783.15609235348,13794.288,12605.383595581996,1,129.12341683778234,14194.824,23898.313935439335,True,159.06406332313807,241.37954181397524,82.31547849083717
lamf-test-65b278d1-c75b-4135-b5aa-f825706c680d,"{<resource_manager.instance.OnPremInstance object at 0x138b97e00>: [(4, 14224.824, None)]}",46.808209305960055,26855.157771572325,14224.824,12628.862403596997,1,,14224.824,21816.584,True,80.25360407635559,92.57047550035558,12.316871423999997
lamf-test-412a625e-1641-430d-83ff-ad06d8ff7ded,"{<resource_manager.instance.OnPremInstance object at 0x138b97e00>: [(5, 14254.824, None)]}",48.58977843534464,26880.000390421264,14254.824,12598.311254160995,1,,14254.824,16312.332000000002,True,27.07041478439427,31.243041008394272,4.172626224000003
lamf-test-915cb3ce-20ce-43ae-8b31-7f523a6333eb,"{<resource_manager.instance.OnPremInstance object at 0x138b97e00>: [(2, 14284.824, None)]}",71.69092063889612,27253.408229253466,14284.824,13216.060914426997,3,,14284.824,22132.243,True,23.872291429006,30.238117721806,6.365826292799999
lamf-test-cf4eee4f-df46-4434-9c29-6bf0f44daf4d,"{<resource_manager.instance.OnPremInstance object at 0x138b97e00>: [(6, 14314.824, None), (3, 16045.896, None), (7, 16465.896, None)]}",53.667029478259835,27327.72558213731,14314.824,13227.743402536995,2,15.393827328609238,14314.824,17089.67953597067,True,18.236628322938646,28.030638777173905,9.794010454235258
lamf-test-8f4c62d4-1881-4ae7-91f8-3b9d5e4e648b,"{<resource_manager.instance.CloudOnDemandInstance object at 0x138bde520>: [(4, 14344.824, None)], <resource_manager.instance.CloudOnDemandInstance object at 0x138dac440>: [(2, 14344.824, None)]}",53.33256697567134,27341.523952132207,14344.824,13213.468855058496,2,36.676115015452375,14745.36,27356.92395213221,False,77.20212514882263,,
lamf-test-2ec8c349-ada1-458e-a7a4-ab9b6322b2cf,"{<resource_manager.instance.OnPremInstance object at 0x138b97e00>: [(4, 14775.36, None)]}",57.00450481534605,27378.420220787135,14775.36,13222.236625299995,2,,14775.36,15788.194000000001,True,3.688904704678064,5.332126586278065,1.6432218816000013
lamf-test-920c97be-abc7-45c8-bf90-73719c07896c,"{<resource_manager.instance.CloudReservedInstance object at 0x138da4830>: [(2, 14805.36, None)], <resource_manager.instance.CloudReservedInstance object at 0x138d9d1d0>: [(1, 14805.36, None)]}",49.27955402462038,27420.066503211747,14805.36,13215.060914426997,2,,14805.36,21253.194489994665,True,27.293171649554214,43.541714564340765,16.24854291478655
lamf-test-4fd50982-b738-4cdf-bdb5-50cd3dff6874,"{<resource_manager.instance.OnPremInstance object at 0x138b97e00>: [(2, 14835.36, None)]}",66.98837614575113,27474.783345817188,14835.36,13240.145037613996,2,,14835.36,23815.183,True,24.411377272931322,31.69580969053132,7.2844324176
lamf-test-eb592d2c-c121-4645-b005-4e7f00d8eb14,"{<resource_manager.instance.CloudReservedInstance object at 0x138da4830>: [(4, 14865.36, None)], <resource_manager.instance.CloudReservedInstance object at 0x138d9d1d0>: [(1, 14865.36, None)]}",65.43723826831173,27551.382893402813,14865.36,13217.569825440996,1,,14865.36,21210.97279406876,True,76.73225600858868,106.58709508212337,29.85483907353469
lamf-test-bff6c6c8-6ce7-4a14-8d30-c8d69887c972,"{<resource_manager.instance.CloudReservedInstance object at 0x138d9d1d0>: [(1, 14895.36, None)], <resource_manager.instance.CloudOnDemandInstance object at 0x138dac440>: [(3, 14895.36, None)]}",62.55972404682857,27865.59875439272,14895.36,13831.024601532996,2,,14895.36,27880.99875439272,False,54.967178213508575,,
lamf-test-f3f23406-4146-4e8a-b0d6-831939b9a4ea,"{<resource_manager.instance.CloudOnDemandInstance object at 0x138dac440>: [(5, 14925.36, None)]}",57.3172776265575,27866.755898963238,14925.36,13833.427649542995,1,46.63482972089132,15325.896,27882.15589896324,False,114.63284327675541,,
lamf-test-9fd69545-924f-4ce5-9308-d2123ccec4dc,"{<resource_manager.instance.OnPremInstance object at 0x138b97e00>: [(3, 15355.896, None)]}",61.631240803228884,27944.07951869014,15355.896,13822.151497428997,1,7.426420260095825,15355.896,16644.839000000004,True,10.29272302076206,11.861108863162062,1.5683858424000037
lamf-test-5a75690c-b8ed-48d0-b610-f947c287d86c,"{<resource_manager.instance.OnPremInstance object at 0x138b97e00>: [(5, 15385.896, None), (3, 17785.896, None)]}",56.45454017440447,28000.726683774366,15385.896,13848.684027588994,3,18.252338580880675,15385.896,19539.59288400019,True,39.59171811088527,50.149313760089086,10.557595649203817
lamf-test-9673f22e-b964-4aa7-bb78-d1e21e110802,"{<resource_manager.instance.CloudReservedInstance object at 0x138d9cf50>: [(1, 15505.896, None)], <resource_manager.instance.CloudReservedInstance object at 0x138bde3f0>: [(1, 15505.896, None)], <resource_manager.instance.CloudOnDemandInstance object at 0x138dac440>: [(1, 15505.896, None)]}",52.254300807909324,28009.98902520715,15505.896,13855.359181173993,1,,15505.896,26752.04122025909,True,65.85696113468323,96.1270856095326,30.27012447484936
lamf-test-b036c054-ee21-47f6-aca9-95247c096cfe,"{<resource_manager.instance.OnPremInstance object at 0x138b97e00>: [(6, 16105.896, None)]}",40.69689972228568,28083.061342858007,16105.896,13845.684027588994,3,,16105.896,19313.186,True,29.270271503536396,37.075532447536396,7.805260944000002
lamf-test-5f1a507d-a26f-433c-85e6-51ac89f0d432,"{<resource_manager.instance.OnPremInstance object at 0x138b97e00>: [(4, 16165.896, None)]}",64.02975273459877,28132.97360263062,16165.896,13857.199222032994,3,7.118412046543463,16165.896,22090.457999999995,True,36.04570385580649,45.65771324460648,9.61200938879999
lamf-test-43098e09-15cf-41fe-b455-41529b19decc,"{<resource_manager.instance.OnPremInstance object at 0x138b97e00>: [(4, 16405.896, 16765.896), (1, 16765.896, None)]}",67.69762432994189,28477.935366427322,16405.896,14422.617947302995,1,3.805612594113621,16405.896,27232.553000000004,True,33.25776173093011,38.087101810130115,4.8293400792000005
lamf-test-ff8adf42-1018-4980-bdfd-c498e4f1b637,"{<resource_manager.instance.OnPremInstance object at 0x138b97e00>: [(2, 16435.896, None)]}",50.99968955238831,28521.550172016512,16435.896,14426.617947302995,1,,16435.896,26780.275,True,55.85602775876493,64.24738800356494,8.391360244800001
lamf-test-a37f5b70-4c4f-44b3-a817-99539c326610,"{<resource_manager.instance.OnPremInstance object at 0x138b97e00>: [(4, 16795.896, None), (3, 20016.432, None)]}",57.694188998700625,28548.171720767587,16795.896,14461.471019622993,3,22.14943189596167,16795.896,20613.670378858267,True,25.95301947221517,32.87369628386956,6.92067681165439
lamf-test-0fdcad07-bf2d-4d92-8354-0c4ee7d909cf,"{<resource_manager.instance.OnPremInstance object at 0x138b97e00>: [(6, 17005.896, None)]}",57.46774388158159,28552.102344579813,17005.896,14456.062783434994,1,15.585215605749488,17005.896,21072.73221846168,True,64.0227467656527,73.91979938690103,9.89705262124834
lamf-test-d1831f12-882c-4e14-bb62-b9776ced5649,"{<resource_manager.instance.OnPremInstance object at 0x138b97e00>: [(3, 17065.896, None)]}",62.263052342770514,28559.73976629087,17065.896,14430.227747208995,3,,17065.896,19123.404,True,9.38858316221765,11.892158896617648,2.503575734399998
lamf-test-327a626d-9865-47f8-8ba0-52996ec1940c,"{<resource_manager.instance.OnPremInstance object at 0x138b97e00>: [(4, 17125.896, None), (4, 17725.896, None), (6, 20976.432, None)]}",74.39841740073138,28583.475044846004,17125.896,14444.163764084995,1,75.06646954140999,17125.896,21574.72798984654,True,97.13457776831476,112.05272092985933,14.918143161544581
lamf-test-2809816c-7bfc-46e3-bb73-0ce9925ea853,"{<resource_manager.instance.OnPremInstance object at 0x138b97e00>: [(2, 17155.896, None)]}",50.90207279429441,28605.167152837937,17155.896,14441.384297966995,1,,17155.896,27722.975000000002,True,57.05852985017873,65.63054433497874,8.5720144848
lamf-test-457a1c73-20e1-45f7-a144-19901295fb3b,"{<resource_manager.instance.OnPremInstance object at 0x138b97e00>: [(4, 17185.896, None)]}",49.05334152829353,28609.46421749343,17185.896,14447.626857702995,1,,17185.896,22650.068000000003,True,57.76256049889727,66.62763315169728,8.865072652800004
lamf-test-73802176-7b43-45cb-be2f-758b39305344,"{<resource_manager.instance.OnPremInstance object at 0x138b97e00>: [(4, 17215.896, None)]}",57.80879755607951,28610.33225580588,17215.896,14453.062783434994,3,17.5863472507415,17215.896,21261.925,True,24.616497072020675,31.180774521620673,6.564277449599998
lamf-test-0d7701be-3ce7-49c1-9391-e93bc28aface,"{<resource_manager.instance.OnPremInstance object at 0x138b97e00>: [(2, 17245.896, None)]}",74.93798997685712,28613.7314627737,17245.896,14436.296303841995,3,,17245.896,25207.028000000002,True,24.21821279184729,30.67628307024729,6.458070278400001
lamf-test-e31740c1-403e-4c71-8a7f-0330adf6a272,"{<resource_manager.instance.OnPremInstance object at 0x138b97e00>: [(5, 17365.896, None)]}",51.6673689623557,29156.702108578444,17365.896,15077.793616877994,1,,17365.896,21814.351,True,58.52785116738913,67.54931790738912,9.021466739999996
lamf-test-20bd965c-e3af-463e-ad6b-f7ce4b078baa,"{<resource_manager.instance.CloudReservedInstance object at 0x138bde3f0>: [(3, 17785.896, None)], <resource_manager.instance.CloudReservedInstance object at 0x138dac6e0>: [(1, 17785.896, None)], <resource_manager.instance.CloudOnDemandInstance object at 0x138dac440>: [(1, 17785.896, 20136.432)]}",49.20241958092055,29257.487049054387,17785.896,15062.035413281994,2,15.620839422955346,17785.896,20146.765518368204,False,15.671842734711817,,
lamf-test-ff97215d-d288-4a40-9a08-b29190e7eee1,"{<resource_manager.instance.CloudOnDemandInstance object at 0x138bde8b0>: [(4, 18025.896, None)]}",50.90199713640601,29674.85757239641,18025.896,15622.593098315494,1,,18426.432,29690.25757239641,False,123.3056702839076,,
lamf-test-db07f320-f70e-4581-b141-d95e0791351c,"{<resource_manager.instance.OnPremInstance object at 0x138b97e00>: [(4, 18456.432, None)]}",67.5503798079176,29711.795045766623,18456.432,15662.689541286994,2,,18456.432,21878.496000000003,True,12.463708751196576,18.015665384796577,5.551956633600003
lamf-test-4c84a4d8-5052-4c6f-afd2-7c5df767217c,"{<resource_manager.instance.OnPremInstance object at 0x138b97e00>: [(6, 18846.432, None)]}",71.28909006291121,29736.28145091937,18846.432,15638.751478504993,1,24.086242299794662,18846.432,21191.561999999998,True,36.91854209445581,42.6256504624558,5.707108367999994
lamf-test-0b722e5a-870b-4bb2-acf4-7c5f987aee07,"{<resource_manager.instance.OnPremInstance object at 0x138b97e00>: [(4, 18906.432, None)]}",60.84882595404457,29761.829729701425,18906.432,15625.058954813994,3,5.110654802646589,18906.432,25532.083,True,40.31120845691686,51.060664639316855,10.749456182399996
lamf-test-86bee4c0-8211-4364-b2b2-315ff254f448,"{<resource_manager.instance.OnPremInstance object at 0x138b97e00>: [(4, 19146.432, None), (4, 19626.432, None)]}",60.879551145103115,29781.721574946612,19146.432,15629.488276562994,1,53.912845083276295,19146.432,22751.26910923084,True,71.14036933349865,82.05859278553089,10.918223452032233
lamf-test-a8f2c75b-6fbc-476d-891d-92f88bfed8de,"{<resource_manager.instance.OnPremInstance object at 0x138b97e00>: [(6, 19386.432, 19776.432), (1, 19776.432, None)]}",60.82789615796186,29886.704050354456,19386.432,15643.985216933994,2,1.685521446297734,19386.432,25476.595,True,13.251359924066492,16.512450036866493,3.2610901128000003
lamf-test-e1378e61-db93-479c-b4b7-359d51f2c742,"{<resource_manager.instance.OnPremInstance object at 0x138b97e00>: [(6, 19566.432, None)]}",52.48076757861521,29903.00772925194,19566.432,15640.681656754994,1,23.613963039014372,19566.432,21499.068,True,30.424796714579035,35.128059684179036,4.703262969599997
lamf-test-1fb51fa6-4d43-412b-9a86-c51ec772c644,"{<resource_manager.instance.OnPremInstance object at 0x138b97e00>: [(5, 19776.432, None), (5, 22206.432, None)]}",79.83864331738259,30024.160626292814,19776.432,15630.488276562994,3,18.480492813141684,19776.432,23021.783897028643,True,30.882225219083463,39.117332513431634,8.235107294348174
lamf-test-76f31f64-e074-4b6a-9579-e22c37b55e69,"{<resource_manager.instance.CloudReservedInstance object at 0x138bde3f0>: [(3, 20136.432, None)], <resource_manager.instance.CloudReservedInstance object at 0x138dac6e0>: [(1, 20136.432, None)], <resource_manager.instance.CloudOnDemandInstance object at 0x138bde8b0>: [(1, 20136.432, 21906.432)]}",57.885218243385175,30501.388455037253,20136.432,16256.063157296994,3,12.563693056506198,20136.432,30516.788455037255,False,60.584541792993015,,
lamf-test-599db447-ffc5-4f67-bbdb-15246291d10d,"{<resource_manager.instance.OnPremInstance object at 0x138b97e00>: [(4, 20646.432, None)]}",58.09494942769889,30773.88339070882,20646.432,16871.800614508495,3,,20646.432,27932.986000000004,True,44.332216898623486,56.15392210822349,11.821705209600006
lamf-test-9c88980c-fc13-42ba-ae80-9214e850b23c,"{<resource_manager.instance.OnPremInstance object at 0x138b97e00>: [(3, 20676.432, None)]}",56.88278421553064,30920.385825808662,20676.432,16870.773889827993,2,,20676.432,23423.918,True,8.862790953150125,12.205931917950126,3.3431409648000012
lamf-test-227b9038-f251-4152-94eb-43a9fb1d09b6,"{<resource_manager.instance.OnPremInstance object at 0x138b97e00>: [(5, 21246.432, None)]}",66.25196628808428,31113.056781352432,21246.432,16884.424828916493,2,3.2414565821854096,21246.432,25706.205913441594,True,17.84711544047412,26.89153693693367,9.04442149645955
lamf-test-0edb2b7d-ea79-4551-a1d6-40e8f4f75204,"{<resource_manager.instance.OnPremInstance object at 0x138b97e00>: [(2, 21276.432, None)]}",49.09599477194767,31433.13301771572,21276.432,17440.722076059494,3,,21276.432,26176.765000000003,True,14.907089512510463,18.882239642110466,3.975150129600002
lamf-test-01d3dab5-d631-4e94-b48f-123fd1e6d0ca,"{<resource_manager.instance.OnPremInstance object at 0x138b97e00>: [(3, 21306.432, None)]}",62.28353144846482,31571.889645747273,21306.432,17472.290735520994,1,,21306.432,24508.770000000004,True,25.571943874058892,29.468548752458897,3.8966048784000042
lamf-test-404b381d-5a0f-4cbc-ae4f-02ebbbeb7a4d,"{<resource_manager.instance.CloudReservedInstance object at 0x138da4830>: [(4, 21336.432, None)], <resource_manager.instance.CloudReservedInstance object at 0x138d9d1d0>: [(1, 21336.432, None)], <resource_manager.instance.CloudOnDemandInstance object at 0x138dac440>: [(1, 21336.432, None)]}",54.32250531179826,31678.589514785086,21336.432,17465.496068604494,1,,21336.432,28124.040086571873,True,95.3262575090835,138.81038995489754,43.48413244581404
lamf-test-8ac2f925-7afc-41fe-bb28-31766fc5fb67,"{<resource_manager.instance.CloudReservedInstance object at 0x138d9cf50>: [(2, 21366.432, None)]}",78.91788247204538,32135.103903038576,21366.432,18088.51164334799,1,,21366.432,28814.47597087068,True,14.538479117728658,20.544581775838775,6.006102658110117
lamf-test-c7f36b6d-6d0e-497a-bed2-ab51e4200e00,"{<resource_manager.instance.OnPremInstance object at 0x138b97e00>: [(6, 21546.432, None)]}",67.30455789142538,32161.26023160912,21546.432,18062.04399271199,2,3.5006983884645244,21546.432,22830.375,True,5.549008877753462,8.67361256255346,3.1246036847999985
lamf-test-d392fb46-3ada-4299-920d-04b5ae462e49,"{<resource_manager.instance.CloudReservedInstance object at 0x138da4830>: [(2, 21576.432, None)], <resource_manager.instance.CloudReservedInstance object at 0x138d9d1d0>: [(1, 21576.432, None)], <resource_manager.instance.CloudReservedInstance object at 0x138d9cf50>: [(1, 21576.432, None)]}",53.88118833696197,32170.218232347856,21576.432,18047.556812732993,2,,21576.432,26877.503866200794,True,29.204648460562233,44.70074173984039,15.496093279278156
lamf-test-cbaeac35-da39-4580-bb48-6f69d435e1ef,"{<resource_manager.instance.OnPremInstance object at 0x138b97e00>: [(6, 21606.432, None)]}",59.97502759856391,32313.20076205259,21606.432,18038.349822120992,2,3.5006983884645244,21606.432,25946.448,True,18.75689755198796,29.31876048958796,10.561862937599999
lamf-test-6ebb2b55-7f25-4fcc-998e-d62668ae8460,"{<resource_manager.instance.OnPremInstance object at 0x138b97e00>: [(6, 21666.432, None)]}",60.69367071554156,32367.98099927498,21666.432,18034.025919655993,2,,21666.432,26179.109999999997,True,19.503116792912714,30.485169973712708,10.982053180799992
lamf-test-e68a5a0e-948d-450e-bd18-14ba76978e62,"{<resource_manager.instance.OnPremInstance object at 0x138b97e00>: [(2, 21696.432, None)]}",61.643354936762066,32788.371101697725,21696.432,18664.463364926985,2,,21696.432,32803.77110169772,False,30.194965458664953,,
lamf-test-03badbdc-4aa8-4cd2-98f8-bfe0e4080cef,"{<resource_manager.instance.OnPremInstance object at 0x138b97e00>: [(2, 21726.432, None)]}",46.039696363479905,33299.32595464984,21726.432,19275.105102029993,2,,21726.432,29354.124999999996,True,20.735652756752245,26.923237318352243,6.187584561599996
lamf-test-3943f80b-7a33-4e35-a8a4-f3b6aa99c52d,"{<resource_manager.instance.OnPremInstance object at 0x138b97e00>: [(3, 21756.432, None)]}",31.751233670300554,33365.69070963935,21756.432,19274.105102029993,1,,21756.432,26318.6,True,36.430727812000896,41.9819738344009,5.551246022399998
lamf-test-aba1aa4f-f6ce-4af2-b868-ea5768a9b8b8,"{<resource_manager.instance.OnPremInstance object at 0x138b97e00>: [(5, 21846.432, None)]}",55.6474329845016,33372.213884021534,21846.432,19232.249433539986,3,,21846.432,24675.075522402658,True,21.512233039795095,27.248722103227685,5.736489063432589
lamf-test-d11d15e3-c05e-424a-bab1-f5785ed94bc2,"{<resource_manager.instance.OnPremInstance object at 0x138b97e00>: [(4, 21906.432, None)]}",65.13660288894543,33384.764683497815,21906.432,19253.234037936985,1,,21906.432,26688.552,True,50.55248916267396,58.311000650673954,7.758511487999998
lamf-test-2ee801ff-df94-45c9-b634-a465808c37ee,"{<resource_manager.instance.CloudReservedInstance object at 0x138d9cf50>: [(1, 21936.432, None)], <resource_manager.instance.CloudReservedInstance object at 0x138bde3f0>: [(3, 21936.432, None)]}",44.045311418522864,33387.425091964,21936.432,19288.370010418996,3,9.027484979846376,21936.432,27416.424153558346,True,27.78407561314343,39.64058663658226,11.856511023438836
lamf-test-b19f4d76-0891-41df-b5fe-36ccd74b9a06,"{<resource_manager.instance.OnPremInstance object at 0x138b97e00>: [(3, 21966.432, None)]}",47.2527689810787,33396.38467454349,21966.432,19293.614034536997,3,,21966.432,33411.78467454349,False,52.226113048338966,,
lamf-test-2586faa0-8afe-4587-9352-3a45415e951c,"{<resource_manager.instance.OnPremInstance object at 0x138b97e00>: [(3, 22026.432, None)]}",52.1878736324701,33441.970766966224,22026.432,19258.30038143899,2,,22026.432,25135.182999999997,True,10.028153096465774,13.81088131326577,3.7827282167999963
lamf-test-81195703-aa5f-481d-abd3-346d6a96d7d8,"{<resource_manager.instance.OnPremInstance object at 0x138b97e00>: [(2, 22146.432, None)]}",57.90728747613712,33474.23555308031,22146.432,19271.27010738099,2,,22146.432,27727.291,True,15.171396424632672,19.69858924543267,4.5271928208
lamf-test-debb5ae3-8ca9-424a-a1fe-ae626817d5d4,"{<resource_manager.instance.CloudOnDemandInstance object at 0x138d9d590>: [(4, 22626.432, None)]}",50.08229655297103,33494.200698770874,22626.432,19268.34854899799,3,,23026.968,33509.60069877087,False,33.10721332046807,,
lamf-test-0b1411aa-7440-4517-bbd4-2bffa1461af4,"{<resource_manager.instance.OnPremInstance object at 0x138b97e00>: [(2, 23056.968, None)]}",54.09958144079154,33582.45937157024,23056.968,19278.006186759994,1,,23056.968,29203.417999999998,True,33.188679747509305,38.1746799875093,4.986000239999997
lamf-test-b86de886-591a-45ec-903b-6a80c96225dd,"{<resource_manager.instance.OnPremInstance object at 0x138b97e00>: [(6, 23086.968, None)]}",41.149547064693905,33832.257078850336,23086.968,19848.564033865998,3,,23086.968,25733.166999999998,True,24.1496600501939,30.589449936593894,6.439789886399993
lamf-test-55529a16-b241-4348-bd90-45ddc000d26d,"{<resource_manager.instance.OnPremInstance object at 0x138b97e00>: [(3, 23116.968, None)]}",53.211716625419925,33959.32944246189,23116.968,19843.448373691997,2,8.487264764474359,23116.968,32359.342999999997,True,29.813887144691847,41.060009044691846,11.246121899999997
lamf-test-65e3ea29-e28c-4094-b1d4-e102c2738358,"{<resource_manager.instance.OnPremInstance object at 0x138b97e00>: [(3, 23146.968, None)]}",53.51848203740168,33978.22300798495,23146.968,19858.020408388995,1,,23146.968,27360.297000000002,True,33.645109514031496,38.7718882412315,5.126778727200002
lamf-test-18cbb634-7aef-4481-9ee7-fe1e8a16d0ba,"{<resource_manager.instance.OnPremInstance object at 0x138b97e00>: [(5, 23176.968, None)]}",52.226498354671556,33993.8257734322,23176.968,19873.791354833,3,,23176.968,23996.059,True,6.229302608563391,7.890419156563392,1.6611165480000005
lamf-test-5471ed7c-c241-4b43-b3db-c6a0ff681a3a,"{<resource_manager.instance.OnPremInstance object at 0x138b97e00>: [(2, 23206.968, None)]}",59.30424416492866,34071.59694217162,23206.968,19903.219853262995,2,,23206.968,32990.48199999999,True,26.596186952571905,34.53257350937189,7.936386556799991
lamf-test-40afb271-d458-48d9-adbe-b89134d80114,"{<resource_manager.instance.OnPremInstance object at 0x138b97e00>: [(3, 23236.968, None)]}",57.83325208385016,34122.244900545345,23236.968,19892.209070710996,3,,23236.968,29373.966,True,28.00364134154688,35.471140507946885,7.4674991664
lamf-test-81297157-09b4-4bfd-81e5-a8bf0f0cf407,"{<resource_manager.instance.OnPremInstance object at 0x138b97e00>: [(6, 23266.968, 23746.968), (1, 23746.968, None)]}",69.1210403049402,34136.49028217673,23266.968,19898.644567265997,3,4.380561259411362,23266.968,34151.890282176726,False,20.206741626247965,,
lamf-test-b395ec81-f5cf-4d31-b896-54e96e62d931,"{<resource_manager.instance.OnPremInstance object at 0x138b97e00>: [(6, 23296.968, None)]}",60.66671241836613,34632.71789673765,23296.968,20504.202848140998,3,,23296.968,25013.337,True,15.66387405886378,19.840829657263775,4.1769555983999975
lamf-test-46c0ddc9-3e57-4092-abb9-12bad9e5fc70,"{<resource_manager.instance.OnPremInstance object at 0x138b97e00>: [(3, 23326.968, None)]}",59.85312775121128,34648.35059769074,23326.968,20481.918808850995,1,,23326.968,29122.827000000005,True,46.282241615332,53.334642846532006,7.0524012312000055
lamf-test-ac6005c9-5daa-4585-b9e3-32cefa81cdb6,"{<resource_manager.instance.OnPremInstance object at 0x138b97e00>: [(2, 23416.968, None)]}",56.43144675229202,34649.89892653385,23416.968,20500.964275891994,3,,23416.968,31726.939,True,25.279400714883252,32.02044919008325,6.741048475199998
lamf-test-fce34ab6-8bce-4303-a50f-d59fbea8d614,"{<resource_manager.instance.OnPremInstance object at 0x138b97e00>: [(2, 23446.968, None)]}",47.41181351390231,34676.962840934815,23446.968,20492.870024104996,3,,23446.968,29487.405000000002,True,18.375350216746522,23.275352711146525,4.900002494400002
lamf-test-7741d198-baa3-4b02-8577-d94aba790819,"{<resource_manager.instance.OnPremInstance object at 0x138b97e00>: [(2, 23476.968, None)]}",58.57374457030712,34682.91530723112,23476.968,20480.918808850995,2,,23476.968,30191.983,True,18.254565213411546,23.701785381411547,5.447220167999999
lamf-test-9b9326a1-51bc-46fd-a2cb-1abf1c9c75f6,"{<resource_manager.instance.OnPremInstance object at 0x138b97e00>: [(5, 23536.968, None)]}",57.78982021342063,34711.50962509643,23536.968,20450.324787684993,1,,23536.968,27793.23876120133,True,55.999303497439335,64.63102060115563,8.631717103716294
lamf-test-709c216f-6a83-488b-bc0b-72ed1c83abc3,"{<resource_manager.instance.OnPremInstance object at 0x138b97e00>: [(4, 23746.968, None)]}",66.23572922815853,35125.896305732,23746.968,21070.697438879,1,,23746.968,30962.549000000003,True,76.2769609095749,87.9835195239749,11.706558614400002
lamf-test-be2bbdb1-c4fd-4c6f-98ba-e30fc22c630e,"{<resource_manager.instance.CloudReservedInstance object at 0x138d9d1d0>: [(2, 23896.968, None)], <resource_manager.instance.CloudReservedInstance object at 0x138bde3f0>: [(2, 23896.968, None)]}",51.26544011550611,35154.74057520804,23896.968,21086.052936301,1,,23896.968,31384.655750550068,True,61.50051540492868,75.307811616943,13.807296212014322
lamf-test-af430514-5203-4847-a3dd-4d540698c45d,"{<resource_manager.instance.OnPremInstance object at 0x138b97e00>: [(2, 23926.968, None)]}",43.871600174569394,35199.650116985606,23926.968,21058.423470675,3,,23926.968,32229.238999999998,True,25.25597688037112,31.990779115571115,6.734802235199997
lamf-test-2044ce9f-358f-4536-9714-09641c49ba86,"{<resource_manager.instance.CloudOnDemandInstance object at 0x138bde520>: [(3, 23956.968, None)]}",48.79729657189927,35242.4564069349,23956.968,21099.402264950993,2,,24357.504,35257.856406934894,False,36.45420269131186,,
lamf-test-4efeb549-c3cf-448a-a777-1713f6f5a77e,"{<resource_manager.instance.OnPremInstance object at 0x138b97e00>: [(6, 24387.504, None)]}",68.3929603445819,35270.42561768763,24387.504,21074.381447156,2,5.750376828387697,24387.504,26872.114665538506,True,10.738114262731374,16.78466277838588,6.046548515654505
lamf-test-ead8fa92-dd65-4aea-b802-324a84d102bb,"{<resource_manager.instance.OnPremInstance object at 0x138b97e00>: [(4, 24567.504, None)]}",64.57300483587817,35285.323482488006,24567.504,21112.373984322992,1,,24567.504,30685.721,True,64.67656574644461,74.60276100724461,9.9261952608
lamf-test-b87c5197-7932-482c-81b3-61882a5ae41e,"{<resource_manager.instance.CloudOnDemandInstance object at 0x138bde520>: [(2, 24597.504, None)]}",46.96697712554091,35330.75766195109,24597.504,21113.373984322992,3,,24998.04,35346.15766195108,False,32.698010987759005,,
lamf-test-c6c963f9-b511-4173-9da1-afb01f8ea9e8,"{<resource_manager.instance.OnPremInstance object at 0x138b97e00>: [(5, 25028.04, None)]}",55.16582208546895,35340.216062708365,25028.04,21088.052936301,2,,25028.04,28108.580370162388,True,12.327701061173764,18.575036931863085,6.247335870689321
lamf-test-001a4b71-83f9-4df6-aec9-864db3283caa,"{<resource_manager.instance.OnPremInstance object at 0x138b97e00>: [(2, 25058.04, None)]}",48.99000092192328,35714.345569779645,25058.04,21703.40791064299,3,,25058.04,28722.929999999997,True,11.148802190280616,14.121760958280612,2.9729587679999967
lamf-test-e53ad4a6-c56e-4dd1-b22c-a4f51924970e,"{<resource_manager.instance.OnPremInstance object at 0x138b97e00>: [(4, 25088.04, None)]}",55.354429897570796,35921.49989420628,25088.04,21689.16844769999,3,,25088.04,31263.898999999998,True,37.574623165259695,47.59433680685969,10.019713641599994
lamf-test-bd57b50e-03ca-4810-aec9-f7f4669d252f,"{<resource_manager.instance.OnPremInstance object at 0x138b97e00>: [(6, 25268.04, None)]}",70.84381642365693,36298.535856260765,25268.04,22300.34643820399,3,9.678631074606434,25268.04,29765.183887384672,True,41.04169643974146,51.98594580408079,10.944249364339337
lamf-test-f7a44344-fc5e-4a49-a1d7-2ef5e757b2cc,"{<resource_manager.instance.OnPremInstance object at 0x138b97e00>: [(5, 25568.04, None)]}",58.088742770112894,36412.49999851459,25568.04,22265.190366130988,1,,25568.04,27524.261000000002,True,25.73779245570007,29.705008643700072,3.9672161880000023
lamf-test-6b1442b6-bf8d-43ee-9a7c-ebfe1af3d782,"{<resource_manager.instance.CloudOnDemandInstance object at 0x138d9d590>: [(6, 25748.04, None)]}",47.933135757937364,36517.140483001494,25748.04,22310.41243546199,3,,26148.576,36532.54048300149,False,49.21058856035358,,
lamf-test-6849d36d-a755-4e76-b818-c17b557c62c1,"{<resource_manager.instance.OnPremInstance object at 0x138b97e00>: [(3, 26178.576, None)]}",39.636907285102794,36532.78959953306,26178.576,22276.771708324988,2,,26178.576,30176.905000000002,True,12.897737818834305,17.762904546034306,4.865166727200002
lamf-test-d82e7cf7-6019-488e-8e11-17029d37b11e,"{<resource_manager.instance.OnPremInstance object at 0x138b97e00>: [(4, 26208.576, None)]}",58.17814683116276,36802.358662056766,26208.576,22859.91508499699,1,,26208.576,28266.084,True,21.750217659137554,25.08831863833755,3.3381009791999965
lamf-test-d25e5772-26d6-4d1a-8442-10078b0905a7,"{<resource_manager.instance.OnPremInstance object at 0x138b97e00>: [(3, 26238.576, None)]}",48.70139863364064,36881.08285908479,26238.576,22878.754369316986,2,19.399053105307345,26238.576,33177.977999999996,True,22.384998236887036,30.828862590487027,8.443864353599993
lamf-test-bb0f8113-f05a-4407-a64f-cf580915278f,"{<resource_manager.instance.OnPremInstance object at 0x138b97e00>: [(3, 26268.576, None)]}",55.45396955229691,36926.664400633425,26268.576,22860.91508499699,1,,26268.576,36267.090000000004,True,79.84211498973309,92.0083068249331,12.166191835200005
lamf-test-9b398170-0f91-43dd-888b-ca47a69e7be6,"{<resource_manager.instance.OnPremInstance object at 0x138b97e00>: [(5, 26298.576, None)]}",66.9431854355246,36949.31921787857,26298.576,22879.870291646985,1,,26298.576,30178.466,True,51.04730169594645,58.915718615946446,7.868416919999998
lamf-test-95560630-f5ce-4b54-af45-e19485ee5922,"{<resource_manager.instance.CloudOnDemandInstance object at 0x138d9d090>: [(2, 26328.576, None)]}",59.57220196896465,36954.69142654788,26328.576,22901.438291788985,3,,26729.112,36970.09142654787,False,10.790696809945365,,
lamf-test-9887e099-b361-4b4e-9635-a15f075166e7,"{<resource_manager.instance.OnPremInstance object at 0x138b97e00>: [(2, 26759.112, None)]}",35.564787144994426,36957.766526520645,26759.112,22897.759677356986,3,,26759.112,34955.369999999995,True,24.93347935204196,31.582283841641956,6.648804489599995
lamf-test-46c864e1-45db-4f91-aeb7-6635dbd4c402,"{<resource_manager.instance.OnPremInstance object at 0x138b97e00>: [(3, 26789.112, None)]}",52.404009574895966,37024.96926476575,26789.112,22906.772509834984,2,,26789.112,32609.823,True,18.776344917390443,25.858986062190443,7.082641144799999
lamf-test-fb68c73b-7616-477a-9624-12fe33c84899,"{<resource_manager.instance.OnPremInstance object at 0x138b97e00>: [(2, 26819.112, None)]}",57.07316459038334,37029.99050536054,26819.112,22905.772509834984,1,,26819.112,35705.348,True,47.98256567039317,55.19108031359317,7.208514643199997
lamf-test-9ae48453-c026-4d89-8443-e59c272cd1c1,"{<resource_manager.instance.OnPremInstance object at 0x138b97e00>: [(3, 26849.112, None)]}",49.958054880775016,37039.20521528001,26849.112,22867.34216009599,3,,26849.112,30380.163000000004,True,16.112484599589333,20.409067456389337,4.296582856800004
lamf-test-4934301a-0ee3-435b-9029-b60facd69218,"{<resource_manager.instance.OnPremInstance object at 0x138b97e00>: [(4, 26879.112, None)]}",52.890558120332045,37168.55263997664,26879.112,22887.889047765984,1,,26879.112,29391.472,True,26.558524602631383,30.634577466631384,4.076052864000001
lamf-test-73046f72-e863-4f29-945a-1ed957c987ac,"{<resource_manager.instance.OnPremInstance object at 0x138b97e00>: [(2, 26909.112, None)]}",49.64802637292328,37528.96956421872,26909.112,23515.44667389648,2,,26909.112,29648.898000000005,True,7.448025389041132,9.670539792241135,2.222514403200003
lamf-test-a4b5dddb-c265-42fa-86a6-3769ba731a7d,"{<resource_manager.instance.CloudReservedInstance object at 0x138d9cf50>: [(1, 26939.112, None)], <resource_manager.instance.CloudReservedInstance object at 0x138bde3f0>: [(1, 26939.112, None)], <resource_manager.instance.CloudOnDemandInstance object at 0x138d9d590>: [(1, 26939.112, None)]}",52.551032993574616,37552.04668854446,26939.112,23506.590240427482,3,,26939.112,37549.11334672397,True,29.586537585612,47.73812788958737,18.151590303975368
lamf-test-5732e2ca-542b-4ef0-9ba8-d02986867ef0,"{<resource_manager.instance.OnPremInstance object at 0x138b97e00>: [(5, 26969.112, None)]}",47.97415618366852,37582.23729425152,26969.112,23514.25882899048,3,,26969.112,30652.091761201325,True,28.009580661657346,35.47866361737363,7.469082955716285
lamf-test-f6694ce8-d10c-4d5c-8d02-a0790805227c,"{<resource_manager.instance.CloudOnDemandInstance object at 0x138d9d090>: [(4, 26999.112, None)], <resource_manager.instance.CloudReservedInstance object at 0x138bde3f0>: [(1, 32792.328, None)]}",59.39258429217821,37670.9548407975,26999.112,23494.199716658983,3,11.748859989352804,27399.648,37686.354840797496,False,29.118083446438238,,
lamf-test-9a613963-6b08-48f7-a968-de04ae02d54b,"{<resource_manager.instance.OnPremInstance object at 0x138b97e00>: [(5, 27429.648, None)]}",60.09404415021537,37722.93762143696,27429.648,23523.24336024448,1,,27429.648,29373.443000000003,True,25.574304890105736,29.51632115010574,3.9420162600000035
lamf-test-e255d1b1-9398-4d26-ab74-bb5794234e47,"{<resource_manager.instance.OnPremInstance object at 0x138b97e00>: [(2, 27459.648, None)]}",52.18465366625499,37734.28294077878,27459.648,23534.410175484478,3,,27459.648,30426.86,True,9.026426344208682,11.433428718608681,2.4070023743999998
lamf-test-dc05c32e-684f-4b3c-9aa4-d42d6979a3fe,"{<resource_manager.instance.OnPremInstance object at 0x138b97e00>: [(2, 27489.648, None)]}",53.18730478197852,37746.20154703656,27489.648,23483.259466343985,1,,27489.648,34098.65,True,35.68629872994145,41.047521152341446,5.3612224224
lamf-test-1d000706-26a3-4b4f-ad47-fa83618f238b,"{<resource_manager.instance.CloudReservedInstance object at 0x138da4830>: [(2, 27519.648, None)], <resource_manager.instance.CloudReservedInstance object at 0x138d9d1d0>: [(1, 27519.648, None)], <resource_manager.instance.CloudReservedInstance object at 0x138d9cf50>: [(1, 27519.648, None)], <resource_manager.instance.CloudOnDemandInstance object at 0x138d9d090>: [(2, 27519.648, None)]}",81.70373679543748,37760.62817730564,27519.648,23508.191879665483,3,,27519.648,29827.995679678494,True,12.288716828465622,23.15775654604618,10.869039717580556
lamf-test-2eec3224-ea88-4f7c-9564-fd5b3d3b7737,"{<resource_manager.instance.OnPremInstance object at 0x138b97e00>: [(2, 27549.648, None)]}",37.4151337220024,37791.23334069756,27549.648,23531.14745831948,3,,27549.648,33923.524000000005,True,19.389690470758243,24.560178681958245,5.170488211200003
lamf-test-db485ebb-20db-4f84-be49-680a38510307,"{<resource_manager.instance.CloudReservedInstance object at 0x138d9cf50>: [(1, 27579.648, None)], <resource_manager.instance.CloudReservedInstance object at 0x138bde3f0>: [(3, 27579.648, None)]}",34.692999599854716,37809.04633947971,27579.648,23522.24336024448,1,,27579.648,31763.503651360064,True,37.97044954462704,47.02263963190967,9.052190087282632
lamf-test-eb814bf1-bbb0-4b2f-bc01-f5e613979714,"{<resource_manager.instance.OnPremInstance object at 0x138b97e00>: [(2, 27609.648, None)]}",47.7909014064123,37840.77933347668,27609.648,23479.826128094985,3,,27609.648,31827.703000000005,True,12.831561335462784,16.253247551462785,3.421686216000003
lamf-test-e8a77b29-caaa-4f0e-91f9-2b96865ed1ae,"{<resource_manager.instance.OnPremInstance object at 0x138b97e00>: [(3, 27639.648, None)]}",74.9679267745451,38158.679485498025,27639.648,24094.103769676476,1,,27639.648,31175.425,True,28.234587040839596,32.53692049443959,4.302333453599998
lamf-test-dd64f63e-d0c8-4966-b4ae-6daebbc14d2f,"{<resource_manager.instance.CloudOnDemandInstance object at 0x138d9d090>: [(4, 27669.648, None)], <resource_manager.instance.CloudOnDemandInstance object at 0x138bde520>: [(1, 27669.648, None)]}",50.48192034153112,38196.00121034646,27669.648,24093.103769676476,1,,28070.184,38211.401210346456,False,68.41303069558376,,
lamf-test-7f94fa02-84ad-49c5-b83e-515b628c4152,"{<resource_manager.instance.OnPremInstance object at 0x138b97e00>: [(5, 28100.184, None)]}",70.77056876301576,38197.70834679109,28100.184,24110.049313208474,2,21.898416280822712,28100.184,34725.87299999999,True,26.51467064267091,39.95156793467089,13.436897291999982
lamf-test-3f24393a-2ab1-4481-a2f9-eb1ac8cef898,"{<resource_manager.instance.OnPremInstance object at 0x138b97e00>: [(2, 28130.184, None)]}",48.75501181450081,38233.155749547455,28130.184,24134.110727322473,1,,28130.184,37008.719999999994,True,47.940988364134114,55.14325676733411,7.202268403199994
lamf-test-baf1e374-4927-43ba-aa7b-5acc143a9325,"{<resource_manager.instance.OnPremInstance object at 0x138b97e00>: [(3, 28160.184, None)]}",54.82249465439443,38334.634877367746,28160.184,24080.951816177476,1,,28160.184,30351.531,True,17.498778234086224,20.165209263686222,2.666431029599998
lamf-test-c6b79105-5602-4776-b975-272c1194b070,"{<resource_manager.instance.OnPremInstance object at 0x138b97e00>: [(6, 28190.184, None)]}",67.523143913155,38336.61654200764,28190.184,24100.457090179476,3,,28190.184,29385.454,True,10.908236367784625,13.817045439784625,2.9088090720000013
lamf-test-5272c089-3cee-4f90-b1b0-a9dd8f5d025b,"{<resource_manager.instance.CloudReservedInstance object at 0x138da4830>: [(4, 28220.184, None)], <resource_manager.instance.CloudReservedInstance object at 0x138d9d1d0>: [(1, 28220.184, None)]}",53.336023790220985,38665.756172357025,28220.184,24720.09648757947,3,,28220.184,33768.92826600094,True,37.979084640663515,64.08481666334474,26.10573202268122
lamf-test-c3129dd5-59a1-4a07-96aa-5b13e194579c,"{<resource_manager.instance.OnPremInstance object at 0x138b97e00>: [(2, 28250.184, None)]}",31.023009070250673,38731.724720726794,28250.184,24723.93048628747,1,,28250.184,37595.998,True,50.46412609323902,58.04545041003902,7.581324316799999
lamf-test-3e6bc1fc-6ba9-403d-b2be-a05585a85500,"{<resource_manager.instance.CloudReservedInstance object at 0x138d9d1d0>: [(1, 28280.184, None)], <resource_manager.instance.CloudOnDemandInstance object at 0x138bde520>: [(1, 28280.184, None)]}",67.87358828782767,38740.71157989667,28280.184,24710.20670923847,3,,28280.184,34400.344628756044,True,13.963405495678854,24.324837440162835,10.36143194448398
lamf-test-340aa55d-5d91-404a-a687-a5e34b17263d,"{<resource_manager.instance.CloudOnDemandInstance object at 0x138bde520>: [(3, 28310.184, None)]}",47.27984716691024,38781.75244122613,28310.184,24743.03813219847,2,,28710.72,37476.475176255226,True,29.568457313651315,66.90642779100935,37.33797047735803
lamf-test-358199b9-f0db-4bd8-96db-4a43f0785512,"{<resource_manager.instance.OnPremInstance object at 0x138b97e00>: [(4, 28740.72, None), (3, 32162.328, None)]}",72.71248082573206,38782.682875774626,28740.72,24725.121209717472,2,12.462047925685841,28740.72,32668.333217335956,True,15.937263033894094,22.925129866154336,6.987866832260242
lamf-test-5109c4b4-a4ca-4faa-939d-2cc5a27a2f91,"{<resource_manager.instance.OnPremInstance object at 0x138b97e00>: [(2, 28770.72, None)]}",70.55941972326221,38809.53300759436,28770.72,24758.342357368474,1,,28770.72,37315.816999999995,True,46.14053441326333,53.07231709966333,6.931782686399996
lamf-test-6e780daf-1fbc-4440-95e7-f6c9fbd1d74f,"{<resource_manager.instance.CloudOnDemandInstance object at 0x138bde520>: [(2, 28800.72, None)], <resource_manager.instance.CloudOnDemandInstance object at 0x138dac440>: [(2, 28800.72, None)]}",68.86514064514569,38810.909380512734,28800.72,24688.46263086447,1,,29201.256,38826.30938051273,False,90.98691911231668,,
lamf-test-21f91f21-910d-4aaf-b1c8-cb62e93174c8,"{<resource_manager.instance.OnPremInstance object at 0x138b97e00>: [(4, 29231.256, None), (4, 32822.328, None)]}",48.49156754040947,38818.132014567185,29231.256,24714.493854850472,2,13.079263132593944,29231.256,33060.42266553851,True,14.813621441781315,21.412346225320654,6.598724783539341
lamf-test-f29d3084-eb72-4e8b-90aa-b576b87131ce,"{<resource_manager.instance.CloudReservedInstance object at 0x138d9cf50>: [(2, 29261.256, None)], <resource_manager.instance.CloudOnDemandInstance object at 0x138dac440>: [(1, 29261.256, None)]}",57.12216039339765,38829.37439370734,29261.256,24735.33069334647,1,,29261.256,38844.77439370733,False,37.41379148302606,,
lamf-test-80c2fcd2-e695-47d5-b849-81cb8f84ffd9,"{<resource_manager.instance.OnPremInstance object at 0x138b97e00>: [(2, 29291.256, None)]}",65.29325948676846,38833.12156738812,29291.256,24700.520958513473,1,,29291.256,31697.603,True,12.99343197201307,14.945460658413069,1.9520286863999983
lamf-test-7632946b-5dae-4479-8ca8-d89d2df62bd6,"{<resource_manager.instance.CloudOnDemandInstance object at 0x138dac440>: [(5, 29321.256, None)]}",62.53920946343962,38861.047335967975,29321.256,24691.29942006547,2,,29721.792,38363.44765645785,True,30.494280205239995,107.42524681838339,76.93096661314338
lamf-test-a59ce49f-3a29-47cb-9bba-c14bd4eba4f3,"{<resource_manager.instance.OnPremInstance object at 0x138b97e00>: [(2, 29751.792, None)]}",63.11052064207584,38905.547201272566,29751.792,24732.33069334647,1,,29751.792,38410.60199999999,True,46.754544832306586,53.778571504306576,7.024026671999992
lamf-test-97ca980d-52bb-4b13-af30-16dae1ed0330,"{<resource_manager.instance.OnPremInstance object at 0x138b97e00>: [(5, 29781.792, None)]}",68.58204338220374,38916.10264413172,29781.792,24752.030925954474,1,,29781.792,31839.3,True,27.07041478439422,31.243041008394215,4.172626223999996
lamf-test-d7587f1a-842d-473c-8fbd-2c6c55715c2f,"{<resource_manager.instance.OnPremInstance object at 0x138b97e00>: [(2, 29811.792, None)]}",54.079766354108955,38943.62412680139,29811.792,24748.919039866472,3,,29811.792,31983.013000000003,True,6.6049768043197234,8.366271279519724,1.761294475200001
lamf-test-a88f8e83-60f6-4e0a-ab98-3da3ebeeae4e,"{<resource_manager.instance.OnPremInstance object at 0x138b97e00>: [(5, 29841.792, None)]}",66.2051601132845,38951.61963268219,29841.792,24721.09648757947,2,,29841.792,33085.36821792212,True,12.98013763136261,19.55811020130867,6.577972569946059
lamf-test-b91eabf6-c310-4478-8fe0-95d95af45b05,"{<resource_manager.instance.OnPremInstance object at 0x138b97e00>: [(6, 29871.792, None)]}",84.54144052563579,38979.67002342165,29871.792,24759.342357368474,2,10.936596663149954,29871.792,33074.55910584635,True,13.841878575387026,21.636132604174694,7.794254028787667
lamf-test-6287174b-e645-40a5-9c80-04f4684ca22c,"{<resource_manager.instance.OnPremInstance object at 0x138b97e00>: [(5, 29901.792, None)]}",59.78427655757174,39058.63215288714,29901.792,24736.33069334647,1,32.109873602555325,29901.792,32699.551674642924,True,36.80982764569364,42.483684265869485,5.6738566201758465
lamf-test-9e9b18e5-28c3-485d-9334-826a01c521ca,"{<resource_manager.instance.OnPremInstance object at 0x138b97e00>: [(5, 29931.792, None)]}",56.83995333719585,40051.46455138825,29931.792,25900.619184510477,1,,29931.792,35962.777,True,79.34903072476995,91.57986830476995,12.230837580000001
lamf-test-9709f52a-b95d-4937-b829-7d859975ef12,"{<resource_manager.instance.CloudReservedInstance object at 0x138da4830>: [(2, 29961.792, None)]}",50.993670331949964,40183.47830622384,29961.792,25938.299251102475,3,,29961.792,39643.454738734064,True,29.45216438887843,50.60466114046461,21.152496751586177
lamf-test-b2c0ba06-ef98-4e70-aec3-ada93dcf2a86,"{<resource_manager.instance.CloudReservedInstance object at 0x138d9d1d0>: [(1, 29991.792, None)], <resource_manager.instance.CloudReservedInstance object at 0x138d9cf50>: [(1, 29991.792, None)], <resource_manager.instance.CloudOnDemandInstance object at 0x138bde8b0>: [(3, 29991.792, None)]}",52.43686034060011,40208.98611166685,29991.792,25958.635696270474,1,,29991.792,40224.38611166684,False,108.42964835543233,,
lamf-test-738a10cf-064e-4cc8-b5cf-a5f6441a1d8d,"{<resource_manager.instance.CloudOnDemandInstance object at 0x138bde8b0>: [(1, 30021.792, None)], <resource_manager.instance.CloudOnDemandInstance object at 0x138d9d090>: [(1, 30021.792, None)]}",61.40652430012268,40645.48486163123,30021.792,26514.403045425475,2,,30422.328,40660.884861631224,False,35.16552843301966,,
lamf-test-2dbedc5f-cb12-4a7f-8ba8-cf1d208835ca,"{<resource_manager.instance.OnPremInstance object at 0x138b97e00>: [(3, 30452.328, None)]}",57.236777194680464,40662.27538615988,30452.328,26518.213303917477,3,,30452.328,33333.653,True,13.147729865388989,16.653726125388985,3.5059962599999968
lamf-test-a4e0f749-acf3-4e9f-a68a-d2897f53ecbf,"{<resource_manager.instance.OnPremInstance object at 0x138b97e00>: [(5, 30482.328, None), (5, 33002.328, None)]}",55.23704198655464,40771.662346818746,30482.328,26538.135973746485,2,10.084531589021275,30482.328,33311.62440978732,True,12.560015251617376,18.925081489714742,6.365066238097366
lamf-test-0e5b3b54-f64d-4af5-b8a5-5fd343d8abf7,"{<resource_manager.instance.OnPremInstance object at 0x138b97e00>: [(6, 30512.328, None)]}",54.10469347501437,40793.254129356246,30512.328,26561.240976746485,3,,30512.328,31937.5,True,13.006360939995423,16.47465951919542,3.468298579199997
lamf-test-972afe65-af15-494a-89f0-89fb6330556f,"{<resource_manager.instance.CloudReservedInstance object at 0x138dac6e0>: [(1, 30542.328, None)], <resource_manager.instance.CloudOnDemandInstance object at 0x138bde8b0>: [(1, 30542.328, None)], <resource_manager.instance.CloudOnDemandInstance object at 0x138d9d090>: [(1, 30542.328, None)], <resource_manager.instance.CloudOnDemandInstance object at 0x138dac440>: [(2, 30542.328, None)]}",68.54266845665799,40802.68512868719,30542.328,26524.71916909848,2,43.33352768228495,30542.328,38423.069468532995,True,57.57817955735581,114.69850298801511,57.1203234306593
lamf-test-12568f9b-46c5-48e3-b4e3-4fbc909e2d8c,"{<resource_manager.instance.OnPremInstance object at 0x138b97e00>: [(6, 30662.328, None), (4, 33332.328, None)]}",56.80065244059149,40815.05584036911,30662.328,26513.403045425475,2,11.539339132346024,30662.328,34623.613,True,21.823147166922382,33.55831112692237,11.735163959999985
lamf-test-53ddc7b7-4b5b-402f-8327-96f330b858b2,"{<resource_manager.instance.OnPremInstance object at 0x138b97e00>: [(6, 30722.328, None), (6, 33632.328, None)]}",47.39878124712635,40893.675410833544,30722.328,26509.351815905477,2,12.576583099298476,30722.328,33866.66777476934,True,14.60214574593591,22.824500297693234,8.222354551757322
lamf-test-4038cc91-1923-48ea-80c3-afc2bd1ddb33,"{<resource_manager.instance.OnPremInstance object at 0x138b97e00>: [(5, 31022.328, None), (5, 32282.328, None), (6, 33482.328, None)]}",51.76651523139675,41155.8199076094,31022.328,27149.51551204049,3,27.83481633584303,31022.328,34665.2282116927,True,56.62240989745716,71.7214391112581,15.099029213800948
lamf-test-618b513d-3e44-4ac2-bdff-aa4f98ef0412,"{<resource_manager.instance.OnPremInstance object at 0x138b97e00>: [(3, 31082.328, None)]}",41.25285473765505,41323.4496183306,31082.328,27157.88223077049,2,,31082.328,33935.827,True,9.204765782982292,12.676903366182287,3.4721375831999954
lamf-test-05c2e1a5-42c3-4e97-863b-94fa07e33793,"{<resource_manager.instance.OnPremInstance object at 0x138b97e00>: [(4, 31322.328, None)]}",91.04820322006628,41494.995451486786,31322.328,10221.543469237997,2,17.88691592680804,31322.328,41510.39545148678,False,37.10658405362281,,
lamf-test-6fdb4590-cea7-4d20-bffa-249d0757fa2a,"{<resource_manager.instance.CloudReservedInstance object at 0x138d9d1d0>: [(2, 31442.328, None)], <resource_manager.instance.CloudReservedInstance object at 0x138bde3f0>: [(2, 31442.328, None)], <resource_manager.instance.CloudOnDemandInstance object at 0x138dac440>: [(2, 31442.328, None)], <resource_manager.instance.CloudOnDemandInstance object at 0x138d9d590>: [(1, 33662.328, None)]}",88.08906902383775,41853.42658602666,31442.328,10806.080055982995,1,26.39440261616853,31442.328,41868.826586026655,False,136.44682110193676,,
lamf-test-724d0d5f-301b-4490-8457-7773ef64d695,"{<resource_manager.instance.OnPremInstance object at 0x138b97e00>: [(5, 31742.328, None), (3, 32702.328, None), (6, 33122.328, None)]}",109.55462846539683,41904.71311837536,31742.328,10793.477967136996,2,6.877310035026856,31742.328,34052.93789211996,True,17.625323968926132,26.219395180340108,8.594071211413976
lamf-test-ecaffeb0-92d2-4398-a844-9e4844c48df5,"{<resource_manager.instance.CloudReservedInstance object at 0x138d9cf50>: [(1, 31862.328, None)], <resource_manager.instance.CloudReservedInstance object at 0x138bde3f0>: [(2, 31862.328, None)]}",106.56838267415606,41991.133421766826,31862.328,10830.044866243994,1,6.814206403528785,31862.328,40299.09992240195,True,54.75229072261257,68.05539268985596,13.303101967243387
lamf-test-38f0df60-c850-46c3-8ecc-b21d5524ac44,"{<resource_manager.instance.OnPremInstance object at 0x138b97e00>: [(6, 31922.328, None)]}",82.2505270696069,42099.3107240345,31922.328,10827.280929100494,3,,31922.328,38156.192,True,56.89129819758157,72.06202962798157,15.170731430400004
lamf-test-198ba68c-5a75-4dd3-95a5-23cb4a91c31d,"{<resource_manager.instance.OnPremInstance object at 0x138b97e00>: [(5, 32042.328, None), (4, 33422.328, None)]}",75.79076386942039,42576.40076251163,32042.328,11407.747428665994,2,5.522481584464032,32042.328,35068.736211479365,True,18.107559203259704,26.91624773844397,8.808688535184269
lamf-test-6ca33400-5b63-4867-9fb5-39d7d8646a8a,"{<resource_manager.instance.OnPremInstance object at 0x138b97e00>: [(6, 32102.328, None), (3, 33272.328, None)]}",105.93846150050236,42710.12537945992,32102.328,11449.675268773995,1,82.27275564681725,32102.328,37809.67151104214,True,126.0811601981252,145.49159095083343,19.410430752708237
lamf-test-55d518fc-620c-44fe-a18a-2336d48b9fc1,"{<resource_manager.instance.OnPremInstance object at 0x138b97e00>: [(3, 32132.328, None)]}",83.99778340603386,42810.596626559905,32132.328,11445.324507867996,3,,32132.328,40385.371999999996,True,37.659338352726415,47.70164229192641,10.042303939199995
lamf-test-3231937d-3960-4134-90c2-f2e92cf6e932,"{<resource_manager.instance.CloudReservedInstance object at 0x138d9d1d0>: [(1, 32402.328, None)], <resource_manager.instance.CloudReservedInstance object at 0x138d9cf50>: [(1, 32402.328, None)]}",109.51414052886817,43031.98963989538,32402.328,12049.449947015995,2,,32402.328,43047.38963989537,False,29.707461964004573,,
lamf-test-6012bbf1-8566-4834-b341-39822809aef2,"{<resource_manager.instance.OnPremInstance object at 0x138b97e00>: [(5, 32702.328, None), (5, 36023.4, None)]}",93.62462651407313,43220.06650424572,32702.328,12013.860323726994,1,43.694992470910336,32702.328,40387.533993784906,True,158.5318897140145,182.96795120880608,24.43606149479157
lamf-test-0ee69e3c-f7ac-4d00-b4dc-243374763ca6,"{<resource_manager.instance.OnPremInstance object at 0x138b97e00>: [(2, 32762.328, None)]}",95.71047451977611,43231.988584837105,32762.328,12002.906084708995,3,,32762.328,34988.719999999994,True,6.772810099627325,8.578859290027319,1.806049190399994
lamf-test-5e0241b4-8be0-4af4-bde6-0b42fa40fc67,"{<resource_manager.instance.OnPremInstance object at 0x138b97e00>: [(2, 32792.328, None)]}",98.3173256377796,43255.574457255345,32792.328,12051.202265831995,3,,32792.328,35705.854,True,8.863110502699818,11.226562793899816,2.3634522911999984
lamf-test-5c0e0bc7-fda1-478e-8de8-178b5b80a83c,"{<resource_manager.instance.OnPremInstance object at 0x138b97e00>: [(4, 33242.328, None)]}",109.02475346006189,43283.11201515379,33242.328,12032.889556013995,2,,33242.328,40535.704,True,26.563651140646982,38.396424363046975,11.832773222399995
lamf-test-58d64335-ff0b-41b5-93cb-bcafe6abca1b,"{<resource_manager.instance.OnPremInstance object at 0x138b97e00>: [(6, 33422.328, None), (6, 37083.936, None)]}",83.27713277836911,43309.487030646946,33422.328,12024.536519498995,2,15.824920030603469,33422.328,38355.916730299905,True,26.819539518798038,41.921413358113725,15.10187383931569
lamf-test-92b1912c-cdf4-4496-9665-6c2a64a15900,"{<resource_manager.instance.OnPremInstance object at 0x138b97e00>: [(5, 33542.328, None)]}",99.7921660649438,43360.73250691257,33542.328,12016.733020835994,3,,33542.328,39196.602,True,43.00155144877936,54.46841912077935,11.466867671999994
lamf-test-bf2ee2bb-aeee-4553-ba75-b56c3562dc59,"{<resource_manager.instance.OnPremInstance object at 0x138b97e00>: [(2, 33602.328, None)]}",94.73625576454592,43384.996967602616,33602.328,12021.038036860995,1,,33602.328,43400.39696760261,False,52.90614470300291,,
lamf-test-50bd9009-28ec-4253-bcf7-ae2b62692323,"{<resource_manager.instance.CloudOnDemandInstance object at 0x138d9d590>: [(3, 33662.328, None)]}",96.71534015432012,43804.62570927663,33662.328,12625.636404695997,2,,34062.864,43820.025709276626,False,24.456575396288574,,
lamf-test-4e05654b-8014-4960-848f-0c1b470c0ee8,"{<resource_manager.instance.OnPremInstance object at 0x138b97e00>: [(5, 34092.864, None)]}",119.66024806020059,43832.39461927855,34092.864,12630.999296339996,3,15.59461556011864,34092.864,37486.07283088789,True,25.80583185708334,32.687259366123975,6.881427509040637
lamf-test-2f12deb2-00c6-45f2-bf9e-431fba73627e,"{<resource_manager.instance.OnPremInstance object at 0x138b97e00>: [(6, 34122.864, None), (5, 34722.864, None), (9, 35262.864, None)]}",93.49967154984164,43941.123111035246,34122.864,12654.818502302996,1,72.76289482089894,34122.864,37781.56878888063,True,157.0300098516048,181.33116709900446,24.301157247399644
lamf-test-b18ea74a-e7ea-41d7-821c-d4f1a5e50746,"{<resource_manager.instance.OnPremInstance object at 0x138b97e00>: [(4, 34152.864, None)]}",93.66823018165961,44144.77568581804,34152.864,13226.743402536995,3,50.21349760438056,34152.864,44153.189999999995,True,60.843112023728,77.06764092612798,16.22452890239999
lamf-test-4d1918b0-1458-45e2-b527-a49166860d07,"{<resource_manager.instance.OnPremInstance object at 0x138b97e00>: [(6, 34182.864, None)]}",99.90881249240506,44373.026910950975,34182.864,13237.958116297996,2,,34182.864,39362.464,True,22.38545354677882,34.99052810677882,12.605074559999997
lamf-test-d81a676f-ccce-4b38-95bc-838588f989f1,"{<resource_manager.instance.OnPremInstance object at 0x138b97e00>: [(3, 34212.864, None)]}",93.67827368323229,44880.33399022037,34212.864,13830.024601532996,1,14.697412731006162,34212.864,40774.42799999999,True,52.39670088980144,60.38081196500143,7.98411107519999
lamf-test-6f91592c-afdd-4bec-8b7a-080c324249f5,"{<resource_manager.instance.OnPremInstance object at 0x138b97e00>: [(5, 34242.864, None)]}",112.19170754417485,44962.65842034572,34242.864,13817.342974950996,3,,34242.864,42553.32313235516,True,63.20221410263258,80.05582522304884,16.853611120416257
lamf-test-e18205c9-e6f7-4d1b-94fe-6bdf96998c05,"{<resource_manager.instance.CloudReservedInstance object at 0x138da4830>: [(4, 34452.864, None)], <resource_manager.instance.CloudReservedInstance object at 0x138d9d1d0>: [(2, 34452.864, None)], <resource_manager.instance.CloudOnDemandInstance object at 0x138dac440>: [(1, 43066.08, None)]}",110.9772195614234,45019.25389616107,34452.864,13800.263460666994,1,115.28831211498974,34452.864,45034.653896161064,False,145.48039788012886,,
lamf-test-396956b2-43cb-496d-8f0c-0ee7a61c67dd,"{<resource_manager.instance.OnPremInstance object at 0x138b97e00>: [(2, 34692.864, None)]}",82.48316532935924,45080.77910630761,34692.864,13861.091915722995,1,,34692.864,39817.382,True,27.67060445661265,31.827613458212646,4.157009001599997
lamf-test-b2a69e4a-f75e-4751-ad43-b2adf397fd45,"{<resource_manager.instance.OnPremInstance object at 0x138b97e00>: [(5, 34752.864, None)]}",99.34731245959347,45137.095570722675,34752.864,13858.199222032994,1,,34752.864,39145.89754779911,True,57.798676992109364,66.70774902704596,8.909072034936594
lamf-test-2b83bd20-9a87-454f-8bc9-f6503da1f9d0,"{<resource_manager.instance.OnPremInstance object at 0x138b97e00>: [(3, 34782.864, None)]}",93.14423892083788,45500.98587521954,34782.864,14406.096332263995,2,26.429528900967952,34782.864,45516.38587521954,False,34.624001931633,,
lamf-test-44149545-c52b-4763-ae20-c3268c37dc6f,"{<resource_manager.instance.OnPremInstance object at 0x138b97e00>: [(6, 34812.864, None)]}",109.24225266973586,45521.221712445,34812.864,14445.163764084995,2,6.398654307732979,34812.864,40292.403999999995,True,23.681749194477625,37.01675773847761,13.335008543999985
lamf-test-a691c5b1-12d1-40f2-af64-e72afc904125,"{<resource_manager.instance.OnPremInstance object at 0x138b97e00>: [(5, 34842.864, None)]}",99.92248787916859,45591.533924292555,34842.864,14439.056822557995,3,,34842.864,38808.114,True,30.15628564909879,38.19781264909879,8.041526999999999
lamf-test-f14e2551-1aeb-4008-9226-cf172ac76d45,"{<resource_manager.instance.OnPremInstance object at 0x138b97e00>: [(2, 34872.864, None)]}",113.07976716267329,45612.575129379926,34872.864,14420.045864749995,2,,34872.864,43110.508,True,22.393786105149186,29.076162917949187,6.6823768128
lamf-test-33fae0e0-9739-4c13-8834-0589e7587a07,"{<resource_manager.instance.OnPremInstance object at 0x138b97e00>: [(2, 34902.864, None)]}",87.86109604520695,45630.57805271557,34902.864,14407.096332263995,2,,34902.864,41981.23999999999,True,19.24235110376477,24.98432971496476,5.7419786111999915
lamf-test-32172143-1bae-4833-a5f0-e53bac6ac6d4,"{<resource_manager.instance.OnPremInstance object at 0x138b97e00>: [(6, 35112.864, None)]}",101.07515126388836,45634.46970673783,35112.864,14451.062783434994,1,18.11247638603696,35112.864,38586.794209544976,True,54.68883971220699,63.14299627015564,8.454156557948652
lamf-test-df81467a-4b45-4bf0-9c71-c38863eca94a,"{<resource_manager.instance.OnPremInstance object at 0x138b97e00>: [(3, 35142.864, None)]}",90.94794091988545,45637.88284007416,35142.864,14438.056822557995,2,,35142.864,40555.404,True,17.459674242403118,24.04565291440312,6.585978672000001
lamf-test-f542227f-df52-4f0c-ae96-9700636101a5,"{<resource_manager.instance.CloudOnDemandInstance object at 0x138bde520>: [(6, 35412.864, None)]}",98.85116440229747,45653.004570298275,35412.864,14472.515317146994,3,,35813.4,45668.40457029827,False,93.59379940952103,,
lamf-test-3b06725f-04eb-4610-a2d8-34a69a9c127f,"{<resource_manager.instance.CloudOnDemandInstance object at 0x138d9d590>: [(5, 36563.4, None)]}",123.85755114021583,45663.49207723957,36563.4,14452.062783434994,3,,36963.936,45678.892077239565,False,34.66230160939829,,
lamf-test-fd51a7dd-bca8-4714-a851-595e00860b67,"{<resource_manager.instance.OnPremInstance object at 0x138b97e00>: [(3, 36993.936, None)]}",86.19568247701017,45691.819167996975,36993.936,14417.660596791995,3,,36993.936,45488.71399999999,True,38.76239105635405,49.09883692675404,10.33644587039999
lamf-test-1bfc2de0-7e2f-450e-9736-96acfe81a2a7,"{<resource_manager.instance.CloudOnDemandInstance object at 0x138d9d590>: [(1, 37503.936, None)], <resource_manager.instance.CloudOnDemandInstance object at 0x138d9d090>: [(2, 37503.936, None)], <resource_manager.instance.CloudOnDemandInstance object at 0x138bde520>: [(2, 37503.936, None)]}",88.34113338193856,45697.674427646096,37503.936,14425.617947302995,1,,37904.472,45713.07442764609,False,72.83693182437526,,
lamf-test-bfb0cddb-1544-48a4-b06e-9eadc91468fd,"{<resource_manager.instance.OnPremInstance object at 0x138b97e00>: [(6, 37934.472, None)]}",95.51732021748852,45733.646059593724,37934.472,14454.062783434994,2,,37934.472,41440.71262863496,True,15.153445578063256,23.68623277190929,8.532787193846033
lamf-test-79eb9a19-2e44-423f-814a-791df0f7734e,"{<resource_manager.instance.OnPremInstance object at 0x138b97e00>: [(2, 37964.472, None)]}",110.61449386789155,46129.85440886562,37964.472,15034.315610238993,3,,37964.472,44413.336,True,19.617808198342082,24.849126675142085,5.231318476800001
lamf-test-cf5ee26c-33df-418f-9253-bf22cfb1db3e,"{<resource_manager.instance.OnPremInstance object at 0x138b97e00>: [(3, 37994.472, None)]}",86.78911405093122,46147.57256688349,37994.472,15061.035413281994,3,,37994.472,41380.132000000005,True,15.449053159936131,19.568724247936135,4.119671088000005
lamf-test-7f97cbae-fe7b-4dba-87f8-0ca2882583a5,"{<resource_manager.instance.OnPremInstance object at 0x138b97e00>: [(4, 38024.472, None)]}",101.33638951109616,46151.12433613224,38024.472,15037.387251714994,2,,38024.472,46166.524336132235,False,29.654667170032994,,
lamf-test-6e9b564f-bd08-4a74-adb5-0f54b0e3a954,"{<resource_manager.instance.OnPremInstance object at 0x138b97e00>: [(2, 38054.472, None)]}",95.10170299612852,46240.8951740943,38054.472,15059.934103996993,2,,38054.472,46256.295174094295,False,22.29640827315715,,
lamf-test-9aa73522-f6c8-49a8-a56a-28cd17720766,"{<resource_manager.instance.OnPremInstance object at 0x138b97e00>: [(6, 38084.472, None)]}",99.02000673984057,46264.29206248709,38084.472,15026.550501864993,1,,38084.472,40840.62,True,43.38905133470227,50.09641310750228,6.707361772800003
lamf-test-0b008ed2-19e2-4099-a5b7-5ad49013ab38,"{<resource_manager.instance.OnPremInstance object at 0x138b97e00>: [(6, 38114.472, None)]}",98.70843455961634,46341.65644449846,38114.472,15067.631660765994,3,,38114.472,42774.556,True,42.52871549167232,53.86949591407231,11.34078042239999
lamf-test-6250b41b-6866-44ee-9930-467c8f1f7d45,"{<resource_manager.instance.OnPremInstance object at 0x138b97e00>: [(6, 38144.472, None)]}",92.1601820634213,46856.410022458236,38144.472,15636.500446018994,3,,38144.472,41791.596,True,33.28427104722789,42.15991201362788,8.875640966399992
lamf-test-ea68f53d-4ebe-4fb8-83dd-aa5b6c6a2310,"{<resource_manager.instance.OnPremInstance object at 0x138b97e00>: [(4, 38174.472, None)]}",110.2774483129196,46869.801309494855,38174.472,15631.488276562994,3,31.403805612594113,38174.472,44900.53,True,40.92209597688035,51.834452476080344,10.912356499199996
lamf-test-69f3610c-edfc-431a-ac62-c6c3e7603585,"{<resource_manager.instance.CloudReservedInstance object at 0x138d9cf50>: [(1, 38204.472, None)], <resource_manager.instance.CloudReservedInstance object at 0x138bde3f0>: [(2, 38204.472, None)], <resource_manager.instance.CloudOnDemandInstance object at 0x138d9d590>: [(1, 38204.472, None)], <resource_manager.instance.CloudOnDemandInstance object at 0x138d9d090>: [(1, 38204.472, None)]}",101.55343618416583,46882.921886182594,38204.472,15657.031473660994,1,,38204.472,46898.32188618259,False,79.12115266406948,,
lamf-test-3caf5282-95cc-4847-bdc6-12864fd51ff6,"{<resource_manager.instance.OnPremInstance object at 0x138b97e00>: [(2, 38234.472, None)]}",88.21646259362132,47226.91902874694,38234.472,16255.063157296994,1,,38234.472,44675.63599999999,True,34.780032245798104,40.0051044825981,5.225072236799992
lamf-test-dfcd1cfc-af92-4194-9a51-c980d70402e7,"{<resource_manager.instance.CloudOnDemandInstance object at 0x138d9d090>: [(5, 38264.472, None)], <resource_manager.instance.CloudOnDemandInstance object at 0x138d9d590>: [(2, 43876.08, None)]}",104.89919658381315,47392.68930108431,38264.472,16247.575719880993,2,14.125289129410085,38665.008,47408.08930108431,False,30.18248085797354,,
lamf-test-787e33de-2c34-4cf0-bd9d-1f6b1a5da962,"{<resource_manager.instance.OnPremInstance object at 0x138b97e00>: [(3, 38695.008, None)]}",98.72547788684845,47628.93604059347,38695.008,16234.831684444995,1,32.03000684462697,38695.008,44454.038,True,45.98814738763403,52.99573509163403,7.007587703999999
lamf-test-70da499d-f492-45a5-857f-ba98849424d5,"{<resource_manager.instance.OnPremInstance object at 0x138b97e00>: [(4, 38725.008, None), (4, 42916.08, None), (6, 44476.08, None)]}",105.64492540905647,47953.548141625615,38725.008,16859.431127561493,3,44.481387177732145,38725.008,44971.53557469494,True,55.03181389570183,69.70669204384959,14.674878148147753
lamf-test-b20c0974-09ea-4c80-b141-7811b8b20475,"{<resource_manager.instance.OnPremInstance object at 0x138b97e00>: [(2, 38755.008, None)]}",96.38631983638818,47981.374390753175,38755.008,16885.424828916493,1,,38755.008,43242.314,True,24.22988257662178,27.869985203821777,3.6401026271999974
lamf-test-48887eaf-7764-41b1-8a24-eb297e7a4537,"{<resource_manager.instance.OnPremInstance object at 0x138b97e00>: [(6, 38785.008, None)]}",92.60848910013964,47995.83476107745,38785.008,16855.586665328494,1,,38785.008,41234.1,True,38.555178644763814,44.51528893596381,5.960110291199993
lamf-test-41153241-bf67-4ba2-bd57-821911347a85,"{<resource_manager.instance.OnPremInstance object at 0x138b97e00>: [(3, 38815.008, None)]}",99.23133172494114,48008.51217538128,38815.008,16860.431127561493,3,,38815.008,48023.91217538127,False,42.02100924198617,,
lamf-test-1bd3ea85-4b86-41d6-88ae-4d09629a5e9f,"{<resource_manager.instance.OnPremInstance object at 0x138b97e00>: [(5, 38845.008, None)]}",91.30297666017438,48017.38524458024,38845.008,16875.666914644495,2,,38845.008,41766.234000000004,True,11.690157093519955,17.61440342151996,5.924246328000004
lamf-test-5d4708b4-be70-4e57-95c0-9df21e198378,"{<resource_manager.instance.CloudReservedInstance object at 0x138dac6e0>: [(1, 38875.008, None)], <resource_manager.instance.CloudOnDemandInstance object at 0x138bde8b0>: [(1, 38875.008, None)], <resource_manager.instance.CloudOnDemandInstance object at 0x138d9d090>: [(3, 38875.008, None)]}",119.73047030526563,48039.33589586214,38875.008,16827.405876172495,1,39.271440870028144,38875.008,48054.73589586213,False,69.58041526257453,,
lamf-test-af303474-9c6d-4cd6-af46-9ee1b2d1d0c4,"{<resource_manager.instance.CloudOnDemandInstance object at 0x138bde520>: [(4, 38905.008, None)], <resource_manager.instance.CloudOnDemandInstance object at 0x138dac440>: [(2, 38905.008, None)]}",83.47238892971743,48041.52631123233,38905.008,16854.586665328494,3,,39305.544,48056.926311232324,False,74.24173852496624,,
lamf-test-67a1a99a-4314-4946-83c9-ed2acd2c23fe,"{<resource_manager.instance.OnPremInstance object at 0x138b97e00>: [(2, 39335.544, None)]}",104.56386159081104,48083.254549059275,39335.544,16873.120706137495,2,,39335.544,46728.676,True,20.09800577144797,26.09531444984797,5.997308678399998
lamf-test-04e82c6f-21eb-4e35-8244-b06d0737db1d,"{<resource_manager.instance.OnPremInstance object at 0x138b97e00>: [(5, 39365.544, None), (5, 44656.08, None), (6, 45266.616, None)]}",95.5159501731966,48316.670196870866,39365.544,16883.424828916493,2,26.058141496557003,39365.544,47565.30315504161,True,54.390486727949146,82.51358791330718,28.123101185358035
lamf-test-9638132b-b89e-4ce9-a020-504ebe7f7390,"{<resource_manager.instance.OnPremInstance object at 0x138b97e00>: [(3, 39395.544, None)]}",103.1682902438305,48995.25830923454,39395.544,18032.12031323599,2,19.32589236897695,39395.544,47615.96600000001,True,26.51728952674419,36.5198990163442,10.002609489600008
lamf-test-0967a8c1-fdb4-4be1-a916-cc022480b089,"{<resource_manager.instance.OnPremInstance object at 0x138b97e00>: [(2, 39425.544, None)]}",89.68473907463206,49036.91614995302,39425.544,18046.556812732993,1,,39425.544,49052.31614995301,False,51.98120181357241,,
lamf-test-428fc4b3-a829-4902-849a-b2c3bb41b1dd,"{<resource_manager.instance.OnPremInstance object at 0x138b97e00>: [(6, 39455.544, None)]}",111.95659614535904,49141.47065460723,39455.544,18028.78239087799,3,39.794989733059545,39455.544,45093.21494605998,True,51.45033945754032,65.1701754718719,13.719836014331571
lamf-test-5c066d18-4f49-4722-a66a-a3c4e7ab30cb,"{<resource_manager.instance.CloudReservedInstance object at 0x138d9cf50>: [(2, 39485.544, None)], <resource_manager.instance.CloudOnDemandInstance object at 0x138dac440>: [(1, 39485.544, None)]}",105.95282638563052,49204.506288617544,39485.544,18066.45175195499,3,,39485.544,49296.46154542538,False,19.89690986980075,,
lamf-test-ff254f04-4cb3-4cab-aa4a-5f045128d210,"{<resource_manager.instance.CloudOnDemandInstance object at 0x138dac440>: [(3, 39515.544, None)]}",110.15545315677929,49205.4352982473,39515.544,18084.40809483199,3,,39916.08,49220.83529824729,False,29.524043800280754,,
lamf-test-03f57a47-31b2-463e-9964-32e1833cfbcd,"{<resource_manager.instance.CloudReservedInstance object at 0x138da4830>: [(2, 39946.08, None)], <resource_manager.instance.CloudOnDemandInstance object at 0x138dac440>: [(4, 39946.08, None)]}",98.51981663568804,49232.079451030935,39946.08,18067.64650448699,1,,39946.08,44348.09346758956,True,55.12699705907276,94.70638054886402,39.579383489791255
lamf-test-faec5c90-186b-4555-954c-a8baf4f027a2,"{<resource_manager.instance.OnPremInstance object at 0x138b97e00>: [(4, 39976.08, None)]}",104.23072108364673,49262.705254235145,39976.08,18045.556812732993,3,33.46588181610768,39976.08,46280.265999999996,True,38.35537911628257,48.58329048268256,10.22791136639999
lamf-test-947624f9-c308-44e1-a082-5eef08d3ec8d,"{<resource_manager.instance.CloudReservedInstance object at 0x138d9d1d0>: [(1, 40276.08, None)], <resource_manager.instance.CloudReservedInstance object at 0x138d9cf50>: [(1, 40276.08, None)], <resource_manager.instance.CloudOnDemandInstance object at 0x138bde8b0>: [(2, 40276.08, None)]}",93.19634223972996,49962.29863792454,40276.08,18670.859198792987,2,,40276.08,49977.698637924535,False,53.448126901566624,,
lamf-test-9a44ea70-cb8b-427c-9af4-a87498aeb7c6,"{<resource_manager.instance.OnPremInstance object at 0x138b97e00>: [(2, 40336.08, None)]}",116.40460154918469,50017.44651921044,40336.08,18651.559251464987,3,,40336.08,50032.846519210434,False,29.498110941396096,,
lamf-test-ca1797e6-b093-4c70-86e8-71ffe0d25cca,"{<resource_manager.instance.OnPremInstance object at 0x138b97e00>: [(4, 40366.08, None)]}",87.62355008897632,50354.99215608199,40366.08,19251.234037936985,3,,40366.08,44381.252,True,24.428759601490597,30.942974654290595,6.514215052799997
lamf-test-c4cd6d33-84be-4a0d-a794-48962ad9461f,"{<resource_manager.instance.CloudReservedInstance object at 0x138d9cf50>: [(1, 40396.08, None)], <resource_manager.instance.CloudReservedInstance object at 0x138bde3f0>: [(2, 40396.08, None)], <resource_manager.instance.CloudOnDemandInstance object at 0x138bde8b0>: [(1, 40396.08, None)], <resource_manager.instance.CloudReservedInstance object at 0x138da4830>: [(1, 45176.616, None)]}",92.44374551049617,50530.97010505339,40396.08,19289.370010418996,1,44.4763026846148,40396.08,50546.370105053385,False,109.54443111556057,,
lamf-test-b37b6ec3-b4f6-4505-b5ff-6313155b88e1,"{<resource_manager.instance.OnPremInstance object at 0x138b97e00>: [(5, 40516.08, None)]}",92.20096869554938,50560.617875140146,40516.08,19236.704187509986,2,,40516.08,47701.912,True,28.756249919603125,43.32911721560311,14.57286729599999
lamf-test-783eef72-16ea-4bd4-8850-a7549496bd66,"{<resource_manager.instance.OnPremInstance object at 0x138b97e00>: [(3, 40546.08, None)]}",99.85904399571011,50564.75462940468,40546.08,19295.614034536997,2,5.7096341845147585,40546.08,47914.28999999999,True,23.76823937552737,32.73387730352736,8.96563792799999
lamf-test-8a7888d4-6626-4d18-8e7e-6823cdaffb96,"{<resource_manager.instance.OnPremInstance object at 0x138b97e00>: [(6, 40576.08, None), (5, 42166.08, None)]}",94.8282048828368,50583.86559321145,40576.08,19279.006186759994,3,35.592060232717316,40576.08,44050.320251983394,True,46.0364176314812,58.3125679397303,12.276150308249104
lamf-test-59f36aea-6cbc-457b-81ba-431f79f73291,"{<resource_manager.instance.OnPremInstance object at 0x138b97e00>: [(2, 40606.08, None)]}",94.81833183066266,50592.996802017275,40606.08,19298.052919138998,3,,40606.08,47534.778000000006,True,21.07749030344514,26.698050121045142,5.620559817600003
lamf-test-720b43f5-e992-4463-8b62-736d9e2ae936,"{<resource_manager.instance.OnPremInstance object at 0x138b97e00>: [(2, 40636.08, None)]}",92.64800719218381,50960.60979796309,40636.08,19859.486122558996,2,,40636.08,50976.00979796308,False,28.10878647315223,,
lamf-test-abc545e6-fca4-4495-82db-38cb26110a9d,"{<resource_manager.instance.CloudReservedInstance object at 0x138dac6e0>: [(5, 40816.08, None)], <resource_manager.instance.CloudOnDemandInstance object at 0x138dac440>: [(1, 44446.08, None)]}",106.90985136127853,51027.78563386321,40816.08,19878.217395960997,1,32.115750247167085,40816.08,46524.523912411765,True,54.56149027017038,78.71706984316153,24.155579572991147
lamf-test-ce4c822f-a3d7-44c8-9dba-10c2ea1d7fc0,"{<resource_manager.instance.OnPremInstance object at 0x138b97e00>: [(6, 40876.08, None), (4, 42646.08, None)]}",86.88519768848549,51180.46261323684,40876.08,19902.203012103997,2,7.649674256274331,40876.08,43426.782,True,13.867193626676551,21.341192938676542,7.47399931199999
lamf-test-b3a0db0a-ecb4-42b0-814b-3c34a8d7aaed,"{<resource_manager.instance.OnPremInstance object at 0x138b97e00>: [(4, 40936.08, None)]}",100.59507953151345,51381.387362533496,40936.08,20454.949271830992,2,,40936.08,45108.63,True,15.197099747346977,21.96664486734697,6.769545119999993
lamf-test-16723367-a744-4f94-a768-1e436a8648c3,"{<resource_manager.instance.OnPremInstance object at 0x138b97e00>: [(2, 40966.08, None)]}",100.67432907273152,51561.657471289094,40966.08,20472.650999619993,3,,40966.08,49361.10199999999,True,25.53813065632364,32.348172502723635,6.810041846399992
lamf-test-801af7b0-7341-46d2-ba63-e3fe9d27ac0a,"{<resource_manager.instance.CloudReservedInstance object at 0x138bde650>: [(1, 41176.08, None)], <resource_manager.instance.CloudOnDemandInstance object at 0x138bde8b0>: [(3, 41176.08, None)], <resource_manager.instance.CloudOnDemandInstance object at 0x138d9d590>: [(1, 41176.08, None)], <resource_manager.instance.CloudOnDemandInstance object at 0x138d9d090>: [(1, 41176.08, None)]}",98.05192865733181,51636.924472392086,41176.08,20479.918808850995,1,,41176.08,51652.32447239208,False,126.94615199643607,,
lamf-test-a7a41a4b-e265-4559-96d2-89c830b4e4f3,"{<resource_manager.instance.OnPremInstance object at 0x138b97e00>: [(5, 41296.08, None)]}",110.11661546722232,51646.90368363997,41296.08,20459.474079705993,3,,41296.08,51662.30368363996,False,78.83659353289194,,
lamf-test-2be5e6dd-c6ce-4cb1-a0eb-f7b6d8f68bd8,"{<resource_manager.instance.OnPremInstance object at 0x138b97e00>: [(2, 41326.08, None)]}",93.23301746575929,51680.071067896715,41326.08,20466.020302320994,1,,41326.08,50822.748,True,51.27868491900524,58.982382000605234,7.703697081599998
lamf-test-ef36ad8e-1831-459d-b4cc-a917ad7c30ef,"{<resource_manager.instance.OnPremInstance object at 0x138b97e00>: [(5, 41476.08, None), (5, 48268.224, None)]}",103.50768504869966,51705.58929795975,41476.08,20458.27609153899,1,89.3635190508784,41476.08,49846.651999999995,True,130.89793900676838,151.07451100676835,20.176571999999968
lamf-test-b3747e60-f13b-4587-ba76-a5026ef56274,"{<resource_manager.instance.OnPremInstance object at 0x138b97e00>: [(2, 41506.08, None)]}",92.20458272811517,51800.28208008831,41506.08,20456.949271830992,3,,41506.08,46845.598,True,16.24311506578446,20.574532067384453,4.331417001599997
lamf-test-ca0646aa-2851-4f2a-8895-2a2c8b5e84b5,"{<resource_manager.instance.OnPremInstance object at 0x138b97e00>: [(2, 41536.08, None)]}",94.28001103179955,52232.8240640795,41536.08,21106.679360759994,1,,41536.08,51190.126,True,52.12847106243818,59.959833177638174,7.831362115199996
lamf-test-85ef9298-5c31-4c16-9153-df2b312fad0a,"{<resource_manager.instance.OnPremInstance object at 0x138b97e00>: [(3, 41566.08, None)]}",97.20592300310147,52248.25596416599,41566.08,21107.679360759994,3,7.939767282683093,41566.08,52263.655964165984,False,48.81394462316213,,
lamf-test-163e5afc-c48a-4e5a-9de1-7c84bd3faaf7,"{<resource_manager.instance.OnPremInstance object at 0x138b97e00>: [(6, 41836.08, None)]}",100.39270820446175,52289.076289582954,41836.08,21104.468756210994,2,7.908985248012444,41836.08,44596.707892119965,True,11.931019275425395,18.649283313688535,6.718264038263142
lamf-test-991152cd-8fe7-4378-a610-0074b2c690c7,"{<resource_manager.instance.OnPremInstance object at 0x138b97e00>: [(4, 41896.08, None)]}",88.26977600456904,52397.30103224004,41896.08,21095.272598417996,1,,41896.08,49733.912,True,82.85486713818536,95.57096577498535,12.716098636799991
lamf-test-00d387e4-de4a-4f41-acfd-aaa44673560f,"{<resource_manager.instance.OnPremInstance object at 0x138b97e00>: [(2, 41926.08, None)]}",98.67187509741939,52423.270953443614,41926.08,21101.468756210994,3,,41926.08,48052.488,True,18.636878850102654,23.60662101970265,4.969742169599996
lamf-test-7e75828d-051b-4c5f-920b-c422e487e5af,"{<resource_manager.instance.CloudReservedInstance object at 0x138d9d1d0>: [(2, 41956.08, None)], <resource_manager.instance.CloudReservedInstance object at 0x138bde3f0>: [(1, 41956.08, None)]}",99.15520505278813,52565.09116146735,41956.08,21103.468756210994,1,,41956.08,52580.49116146735,False,59.792107836990155,,
lamf-test-a45d60d7-4f78-42c1-a625-3f2365379d5f,"{<resource_manager.instance.OnPremInstance object at 0x138b97e00>: [(5, 42796.08, None), (3, 44566.08, None)]}",84.78789055156865,52750.901637869254,42796.08,21660.705825397992,3,25.270800821355238,42796.08,48062.34999999999,True,56.00450224351649,70.93875913951646,14.934256895999965
lamf-test-68ac11d3-bedc-4a83-9d98-64a41fc6b97b,"{<resource_manager.instance.CloudReservedInstance object at 0x138bde3f0>: [(1, 42826.08, None)], <resource_manager.instance.CloudOnDemandInstance object at 0x138d9d590>: [(1, 42826.08, None)]}",92.68285924520144,52847.563698304904,42826.08,21663.34917389899,2,,42826.08,52862.9636983049,False,35.56557011284599,,
lamf-test-e15b5aaf-9b3e-4030-9089-2acfa9cb2d3e,"{<resource_manager.instance.OnPremInstance object at 0x138b97e00>: [(5, 43516.08, None), (5, 45596.616, None)]}",97.31114029433286,52866.63375716054,43516.08,21698.05533729499,3,15.822769792379649,43516.08,47581.67542031528,True,46.016083661347324,58.286811678146094,12.270728016798774
lamf-test-17816b27-b52b-478c-9ec4-0160430c532f,"{<resource_manager.instance.OnPremInstance object at 0x138b97e00>: [(3, 43546.08, None)]}",105.18873887331532,52876.6499848388,43546.08,21688.074212891992,1,,43546.08,51626.346000000005,True,64.52414099931556,74.35620866811557,9.832067668800004
lamf-test-61ec6a0a-d66e-4c08-8b27-302f072141f8,"{<resource_manager.instance.OnPremInstance object at 0x138b97e00>: [(5, 43576.08, None)]}",101.82362679709799,52906.47766551722,43576.08,21676.204422515988,1,,43576.08,48543.22,True,65.35213476309984,75.42549468309984,10.073359919999998
lamf-test-48a10b5f-21dc-470f-9659-627dfd23c08d,"{<resource_manager.instance.CloudReservedInstance object at 0x138d9d1d0>: [(1, 43606.08, None)], <resource_manager.instance.CloudReservedInstance object at 0x138d9cf50>: [(1, 43606.08, None)], <resource_manager.instance.CloudOnDemandInstance object at 0x138dac440>: [(1, 43606.08, None)]}",92.04085175874731,52998.69002186157,43606.08,21697.05533729499,1,,43606.08,53014.090021861564,False,42.929546072833965,,
lamf-test-a4fb3475-0825-4c5b-85c8-d701cc8e051a,"{<resource_manager.instance.OnPremInstance object at 0x138b97e00>: [(3, 44116.08, None)]}",101.67173585300391,53332.40354353354,44116.08,22303.66699615699,2,,44116.08,51417.156,True,23.551679725051006,32.435629001851005,8.883949276800001
lamf-test-6620de74-3135-4711-a32d-634f822e03d2,"{<resource_manager.instance.OnPremInstance object at 0x138b97e00>: [(4, 44146.08, None), (3, 48698.76, None)]}",98.27879946704434,53425.666994935964,44146.08,22291.79384262199,3,27.699018936801277,44146.08,50052.0945984343,True,42.108239697376334,53.33689532125099,11.228655623874655
lamf-test-2655d61c-0fa6-49c7-9b40-d21f2644dd36,"{<resource_manager.instance.OnPremInstance object at 0x138b97e00>: [(4, 44176.08, None)]}",98.54453325124068,53435.90233592513,44176.08,22278.64740117499,3,,44176.08,47404.362,True,19.6412320328542,24.8787967496542,5.237564716799999
lamf-test-9a7f6ef4-eca1-47fa-bd17-e85ad4733068,"{<resource_manager.instance.OnPremInstance object at 0x138b97e00>: [(2, 44206.08, None)]}",78.08322369616431,53898.22016652714,44206.08,22862.99693895799,3,,44206.08,52535.78,True,25.339417446193615,32.09647008619361,6.757052639999998
lamf-test-37c8ef81-42b5-4306-a9c3-b1cac47dcc55,"{<resource_manager.instance.CloudReservedInstance object at 0x138da4830>: [(2, 44416.08, None)], <resource_manager.instance.CloudOnDemandInstance object at 0x138d9d590>: [(1, 44416.08, None)], <resource_manager.instance.CloudReservedInstance object at 0x138d9d1d0>: [(1, 52690.368, None)]}",94.44155216210058,53910.69425032163,44416.08,22925.692752822983,3,31.463563769107914,44416.08,53926.09425032162,False,37.10228724764599,,
lamf-test-2ac6e5ae-946b-4f89-bc34-4a9884f2cfe6,"{<resource_manager.instance.OnPremInstance object at 0x138b97e00>: [(5, 44716.08, None)]}",95.77075929852428,53940.12622856522,44716.08,22866.04202162899,2,,44716.08,48786.71698162152,True,16.289867947857296,24.545119746585726,8.255251798728432
lamf-test-7dd29e36-66af-4783-b073-b6c0b522e329,"{<resource_manager.instance.CloudOnDemandInstance object at 0x138dac440>: [(2, 44746.08, None)]}",83.46710826795761,53994.3067372158,44746.08,22917.924980397984,3,,45146.616,54009.70673721579,False,18.786983521617945,,
lamf-test-fd191bba-3764-4aa2-81d0-45d1ba51f949,"{<resource_manager.instance.OnPremInstance object at 0x138b97e00>: [(4, 45176.616, None)]}",100.27899055090289,54037.071737671766,45176.616,22894.403726007986,3,,45176.616,48404.898,True,19.6412320328542,24.8787967496542,5.237564716799999
lamf-test-95bfd6d8-e883-4198-903e-cd0ba022b850,"{<resource_manager.instance.OnPremInstance object at 0x138b97e00>: [(3, 45206.616, None)]}",108.5127056419366,54037.15214418731,45206.616,22899.438291788985,3,,45206.616,54052.552144187306,False,40.36475539213919,,
lamf-test-0c976fb6-216b-4050-8a58-4c7808a95db4,"{<resource_manager.instance.OnPremInstance object at 0x138b97e00>: [(4, 45236.616, None), (3, 48238.224, None)]}",96.91256106343577,54143.47453418013,45236.616,22909.869529553984,2,10.9323402184359,45236.616,50375.38459843429,True,25.610237888046548,36.54787307832118,10.937635190274635
lamf-test-9e35d55c-f665-44e0-9363-3dbcea008e08,"{<resource_manager.instance.OnPremInstance object at 0x138b97e00>: [(5, 45266.616, None)]}",86.26069651046296,54158.336828056985,45266.616,22876.810800767988,1,,45266.616,47235.874,True,25.90931888356531,29.902974107565313,3.993655224000003
lamf-test-0e5529ab-179e-4c81-ab1e-a5b6748ed38f,"{<resource_manager.instance.OnPremInstance object at 0x138b97e00>: [(4, 45296.616, None)]}",90.40968795722229,54189.04479056898,45296.616,22918.924980397984,1,,45296.616,51173.590000000004,True,62.126350749106415,71.66115336670642,9.534802617600002
lamf-test-69f48fe6-1e8c-4fc5-9c19-482eb942f9fa,"{<resource_manager.instance.CloudReservedInstance object at 0x138da4830>: [(3, 45326.616, None)], <resource_manager.instance.CloudReservedInstance object at 0x138d9d1d0>: [(2, 45326.616, None)]}",98.65433601246767,54192.51108332246,45326.616,22870.368276155987,1,,45326.616,52909.33556318975,True,81.8880658584641,111.82160960611195,29.93354374764785
lamf-test-5aa93d3d-910f-451f-93e3-8a493339688f,"{<resource_manager.instance.OnPremInstance object at 0x138b97e00>: [(2, 45356.616, None)]}",113.0038570701071,54212.03240740129,45356.616,22882.536000761986,1,,45356.616,49214.409999999996,True,20.830738002889923,23.96018049568992,3.1294424927999955
lamf-test-f2ffe8b3-b45a-4a58-abb1-8afdd7e300f5,"{<resource_manager.instance.CloudOnDemandInstance object at 0x138bde520>: [(5, 45746.616, None)]}",93.64754554289101,54261.37343484712,45746.616,22919.924980397984,1,,46147.152,54276.77343484711,False,112.23037768868735,,
lamf-test-82b7898a-b46e-4b11-b960-f79eca48e5a9,"{<resource_manager.instance.CloudOnDemandInstance object at 0x138d9d590>: [(6, 46177.152, None)]}",98.3988004891017,54631.13371856576,46177.152,23502.877421120982,3,,46577.688,54646.533718565755,False,38.64650567449579,,
lamf-test-d810e1eb-4d17-4900-af04-d2b542e8cfec,"{<resource_manager.instance.OnPremInstance object at 0x138b97e00>: [(4, 46607.688, None)]}",84.1782634626678,54656.1502396881,46607.688,23503.877421120982,3,,46607.688,49835.97,True,19.6412320328542,24.8787967496542,5.237564716799999
lamf-test-173e9366-5762-42bc-86c2-633481cf4423,"{<resource_manager.instance.OnPremInstance object at 0x138b97e00>: [(3, 46637.688, None)]}",93.84380170129782,54687.90382190679,46637.688,23509.191879665483,2,,46637.688,54703.30382190678,False,26.01791854006896,,
lamf-test-806099cf-b277-4bb2-b9dd-8fe5f8178c51,"{<resource_manager.instance.OnPremInstance object at 0x138b97e00>: [(4, 46667.688, None), (3, 48208.224, None)]}",111.44661170355707,54690.2166184153,46667.688,23527.99570635548,2,5.610880458323795,46667.688,51095.384362213,True,25.43973393024568,36.13632523704082,10.696591306795145
lamf-test-555576d3-2284-4491-8498-d0f099444eff,"{<resource_manager.instance.CloudReservedInstance object at 0x138dac6e0>: [(4, 46697.688, None)]}",94.23503159233334,54713.452001172795,46697.688,23478.826128094985,3,,46697.688,51357.95120106417,True,18.902378182631555,32.368674728426576,13.46629654579502
lamf-test-8a05feee-4197-48d4-a52c-e2d3966c37bb,"{<resource_manager.instance.CloudReservedInstance object at 0x138dac6e0>: [(1, 46727.688, None)], <resource_manager.instance.CloudOnDemandInstance object at 0x138d9d090>: [(2, 46727.688, None)], <resource_manager.instance.CloudOnDemandInstance object at 0x138bde520>: [(3, 46727.688, None)]}",95.16517220690687,54745.69123486201,46727.688,23486.000431358985,3,,46727.688,54761.091234862004,False,52.94914292757676,,
lamf-test-c2ae55a6-cf55-4cbe-aa6e-24e58b9f12f6,"{<resource_manager.instance.CloudReservedInstance object at 0x138d9cf50>: [(1, 46937.688, None)], <resource_manager.instance.CloudReservedInstance object at 0x138bde3f0>: [(2, 46937.688, None)], <resource_manager.instance.CloudOnDemandInstance object at 0x138d9d590>: [(1, 46937.688, None)], <resource_manager.instance.CloudOnDemandInstance object at 0x138d9d090>: [(1, 46937.688, None)], <resource_manager.instance.CloudOnDemandInstance object at 0x138dac440>: [(1, 46937.688, None)]}",91.82563906844803,55104.05176994348,46937.688,24079.652150576476,1,61.59374553197963,46937.688,55119.45176994347,False,90.43143974688451,,
lamf-test-a6c9693f-0d92-4afb-bfe4-52f7d289bf50,"{<resource_manager.instance.OnPremInstance object at 0x138b97e00>: [(2, 46967.688, None)]}",89.94496241994834,55159.476326190226,46967.688,24114.118758970475,3,,46967.688,55174.87632619022,False,24.966730021112532,,
lamf-test-dbb0850f-8e0f-49b0-9c09-4303fd5a9eef,"{<resource_manager.instance.OnPremInstance object at 0x138b97e00>: [(5, 47297.688, None)]}",108.07778601288287,55222.782333050054,47297.688,24112.118758970475,1,,47297.688,48894.568,True,21.009980987147276,24.24845362714727,3.2384726399999946
lamf-test-a0395ef2-51d1-40c3-9888-b0d61a55c626,"{<resource_manager.instance.OnPremInstance object at 0x138b97e00>: [(2, 47327.688, None)]}",92.41754576857483,55239.141720193766,47327.688,24078.043017098476,2,,47327.688,55254.54172019376,False,21.548912127888155,,
lamf-test-3930d2af-5fdf-4edf-821d-dfe945829644,"{<resource_manager.instance.OnPremInstance object at 0x138b97e00>: [(4, 47477.688, None)]}",97.22721355921198,55260.14137312417,47477.688,24125.720170105476,1,,47477.688,51037.96200000001,True,37.63617659137582,43.41236512897583,5.7761885376000075
lamf-test-466a331a-ad26-47a4-b179-e35d1a0c5537,"{<resource_manager.instance.CloudOnDemandInstance object at 0x138d9d590>: [(2, 47537.688, None)], <resource_manager.instance.CloudOnDemandInstance object at 0x138d9d090>: [(2, 47537.688, None)]}",97.90328572452589,55360.28841874475,47537.688,24116.181931099476,2,,47938.224,55375.68841874474,False,29.30605158397783,,
lamf-test-a0f19f32-a3f4-4c78-acaf-fde1ac3637c6,"{<resource_manager.instance.OnPremInstance object at 0x138b97e00>: [(3, 47968.224, None)]}",107.04597303714239,55399.33692615479,47968.224,24092.103769676476,2,,47968.224,54724.14400000001,True,21.793125299348578,30.013728755348588,8.220603456000008
lamf-test-55af92f6-5c1e-4d8c-8aae-c07ea4fdcdce,"{<resource_manager.instance.OnPremInstance object at 0x138b97e00>: [(4, 47998.224, None), (4, 52810.368, None)]}",70.67215333655905,55401.41894938316,47998.224,24101.457090179476,2,26.923380118812858,47998.224,55416.81894938315,False,36.512833278279075,,
lamf-test-d9cc477a-0eb2-4ec8-a9de-7c741beaa58e,"{<resource_manager.instance.OnPremInstance object at 0x138b97e00>: [(6, 48028.224, None), (6, 51569.832, None)]}",82.7847457737088,55760.82736998396,48028.224,24727.121209717472,2,15.306298047127244,48028.224,52841.812730299906,True,26.300917535321815,41.11075937463751,14.809841839315691
lamf-test-0e15ce23-2ef0-4903-9aa0-8a7f0ca26080,"{<resource_manager.instance.OnPremInstance object at 0x138b97e00>: [(5, 48058.224, None)]}",96.46734181705244,55779.78481417797,48058.224,24726.121209717472,2,,48058.224,53340.12,True,21.137082167430602,31.8487672554306,10.711685088000001
lamf-test-78a0f553-3295-40e2-a5ac-19ddb0f1516d,"{<resource_manager.instance.OnPremInstance object at 0x138b97e00>: [(2, 48088.224, None)]}",116.37656681463137,55810.44476756807,48088.224,24737.33069334647,2,,48088.224,54464.066,True,17.332533669605837,22.504616700005833,5.172083030399998
lamf-test-fec81841-4526-43a0-95bd-3f076bd5a851,"{<resource_manager.instance.OnPremInstance object at 0x138b97e00>: [(4, 48118.224, None)]}",72.62226182858821,55841.55131207411,48118.224,24722.11104992047,1,,48118.224,51668.962,True,37.53537014221611,43.29608747341611,5.760717331199996
lamf-test-864339a1-b0a5-460e-b1ca-0027edfdc65c,"{<resource_manager.instance.OnPremInstance object at 0x138b97e00>: [(3, 48148.224, None)]}",93.58805253764653,55857.99729952097,48148.224,24697.930141235473,3,,48148.224,53495.442,True,24.3998083504449,30.9063032128449,6.506494862400001
lamf-test-aad2193f-32c5-4ab4-8d2f-4cb5e12998b4,"{<resource_manager.instance.OnPremInstance object at 0x138b97e00>: [(6, 48178.224, None)]}",98.21469697151382,55889.71095352342,48178.224,24757.342357368474,1,,48178.224,51800.65589211996,True,57.02664854124509,65.84219879390822,8.815550252663133
lamf-test-59641966-e6cc-4be0-a119-7ab22cc61df0,"{<resource_manager.instance.OnPremInstance object at 0x138b97e00>: [(2, 48208.224, None)]}",95.81804573544144,55891.34929052461,48208.224,24750.030925954474,2,,48208.224,55906.7492905246,False,20.928208196553456,,
lamf-test-30b3bc1a-2d98-405b-81ea-06c96187cb9a,"{<resource_manager.instance.CloudReservedInstance object at 0x138dac6e0>: [(1, 48238.224, None)], <resource_manager.instance.CloudOnDemandInstance object at 0x138bde8b0>: [(1, 48238.224, None)], <resource_manager.instance.CloudOnDemandInstance object at 0x138d9d090>: [(2, 48238.224, None)]}",105.68868119220394,55893.61132439255,48238.224,24687.41600806047,3,,48238.224,55909.011324392544,False,27.224129221866196,,
lamf-test-bd596546-4204-431a-99fb-fb0e3c382d90,"{<resource_manager.instance.CloudOnDemandInstance object at 0x138d9d090>: [(3, 48268.224, None)]}",78.4483714429441,55947.085627741515,48268.224,24760.342357368474,2,,48668.76,55962.48562774151,False,15.61193727129424,,
lamf-test-f68c03b2-1108-4e06-99a8-f01efdd4ee00,"{<resource_manager.instance.OnPremInstance object at 0x138b97e00>: [(4, 48698.76, None), (5, 54830.904, None)]}",89.4837421843555,55972.360584345486,48698.76,24711.20670923847,3,45.25576089436459,48698.76,55987.76058434548,False,53.14515972181808,,
lamf-test-6e573628-dcc1-4b7d-869b-827070035704,"{<resource_manager.instance.OnPremInstance object at 0x138b97e00>: [(5, 48728.76, None)]}",109.24245790651099,55980.57140194507,48728.76,24719.09648757947,1,,48728.76,55995.97140194506,False,95.6139305298118,,
lamf-test-b88b2052-6ae6-4002-8c66-e36cde33cc19,"{<resource_manager.instance.CloudOnDemandInstance object at 0x138d9d090>: [(1, 48758.76, None)], <resource_manager.instance.CloudOnDemandInstance object at 0x138bde520>: [(4, 48758.76, None)], <resource_manager.instance.CloudOnDemandInstance object at 0x138dac440>: [(1, 48758.76, None)]}",88.64826611743442,55986.368631257195,48758.76,24733.33069334647,3,,49159.296,56001.76863125719,False,55.08410245081137,,
lamf-test-e6933cbf-7cce-43d9-910c-796b557ba72c,"{<resource_manager.instance.OnPremInstance object at 0x138b97e00>: [(3, 49189.296, None)]}",88.97355341205305,56935.67127051782,49189.296,25937.299251102475,2,,49189.296,54843.57,True,18.239455434470614,25.119576037670612,6.880120603199997
lamf-test-b0145057-cb9a-4116-b9cc-7e53df875f10,"{<resource_manager.instance.OnPremInstance object at 0x138b97e00>: [(3, 49219.296, None)]}",96.35027898917578,57712.30104913763,49219.296,26551.389666307485,3,,49219.296,57207.506,True,36.4508783937942,46.1709323217942,9.720053928
lamf-test-7497ac95-625b-43bd-83d3-57c84bf962da,"{<resource_manager.instance.OnPremInstance object at 0x138b97e00>: [(4, 49249.296, None)]}",98.22957400728787,57712.67855264185,49249.296,26501.800692962475,2,,49249.296,50560.689999999995,True,4.776308354860278,6.903913980460267,2.1276056255999887
lamf-test-61ade784-0ecd-402a-9c8b-e4ebdddeaeba,"{<resource_manager.instance.OnPremInstance object at 0x138b97e00>: [(6, 49279.296, None), (4, 52360.368, None)]}",102.43286554393279,57732.628562744954,49279.296,26531.786354040483,1,64.29248642482318,49279.296,53663.660419089974,True,82.79877412770024,95.58302499872917,12.784250871028927
lamf-test-b4e74caf-873d-4a82-b93a-d2a9010c8027,"{<resource_manager.instance.CloudOnDemandInstance object at 0x138dac440>: [(4, 49339.296, None)]}",99.8115769311322,57752.6794664579,49339.296,26508.290364074477,3,,49739.832,57768.07946645789,False,34.18777992327078,,
lamf-test-43a50a08-2df6-4deb-93fc-9d7b4c5cb4ce,"{<resource_manager.instance.OnPremInstance object at 0x138b97e00>: [(5, 49769.832, None), (6, 54250.368, None)]}",101.53404208454661,57763.98099337336,49769.832,26562.240976746485,2,17.930201122121836,49769.832,55075.22815448071,True,24.796046789557874,37.56276986278901,12.766723073231134
lamf-test-cf0468d1-688d-4c6c-8936-592c1c287c29,"{<resource_manager.instance.CloudReservedInstance object at 0x138d9cf50>: [(2, 49799.832, None)], <resource_manager.instance.CloudOnDemandInstance object at 0x138dac440>: [(3, 49799.832, None)]}",77.96659588995469,58029.819765564826,49799.832,27115.079041207486,1,,49799.832,58045.21976556482,False,60.617092605617586,,
lamf-test-378dfd97-e0c1-4551-898b-30698d53fa5a,"{<resource_manager.instance.OnPremInstance object at 0x138b97e00>: [(6, 49889.832, None)]}",102.1627982073452,58251.58313223478,49889.832,27124.823990473487,3,29.117371663244352,49889.832,54052.871999999996,True,37.99260780287468,48.123781946874665,10.131174143999985
lamf-test-3b51ff08-48bf-48a9-8957-4cbd397fd4f6,"{<resource_manager.instance.OnPremInstance object at 0x138b97e00>: [(3, 49949.832, None)]}",92.62541190029211,58308.42738870073,49949.832,27155.52272621949,3,,49949.832,58509.932,False,39.060460871549154,,
lamf-test-ad4070ae-efcf-4ab3-9f00-c5f3048296cd,"{<resource_manager.instance.OnPremInstance object at 0x138b97e00>: [(3, 49979.832, None)]}",100.80181912635685,58337.3647316135,49979.832,27105.460097049487,1,13.894592744695416,49979.832,56441.39599999999,True,51.59816107688791,59.460592152087905,7.86243107519999
lamf-test-b8d23111-ed1c-4edb-9006-edb462b74e47,"{<resource_manager.instance.OnPremInstance object at 0x138b97e00>: [(2, 50009.832, None)]}",103.94302407732705,58352.42368577878,50009.832,27121.414353509987,3,,50009.832,58367.82368577877,False,25.425482350836617,,
lamf-test-73522a23-7429-4b2e-a07b-d69ba98b1759,"{<resource_manager.instance.CloudReservedInstance object at 0x138d9d1d0>: [(1, 50039.832, None)], <resource_manager.instance.CloudReservedInstance object at 0x138d9cf50>: [(1, 50039.832, None)], <resource_manager.instance.CloudOnDemandInstance object at 0x138bde8b0>: [(2, 50039.832, None)]}",96.6340572191015,58503.670272032556,50039.832,27116.079041207486,2,,50039.832,58519.07027203255,False,46.71379283252975,,
lamf-test-7c11bf42-7b5f-4632-8894-9841db6abbcf,"{<resource_manager.instance.OnPremInstance object at 0x138b97e00>: [(2, 50069.832, None)]}",88.20773492460633,60773.83625907341,50069.832,29532.46208133849,2,,50069.832,52768.358,True,7.335861326756019,9.524905617956017,2.1890442911999983
lamf-test-2d67774a-b8e7-4e45-a539-5388bfb6ad2b,"{<resource_manager.instance.OnPremInstance object at 0x138b97e00>: [(4, 50129.832, None)]}",85.08088075678369,67295.09095743306,50129.832,36114.701351336495,3,22.514478667579283,50129.832,57951.584,True,47.58842193322686,60.278432378026864,12.6900104448
lamf-test-c5a6ffed-1196-4516-a2cc-67f21c8eb5f5,"{<resource_manager.instance.OnPremInstance object at 0x138b97e00>: [(2, 50159.832, None)]}",321.906162634098,137294.43871335682,50159.832,9595.087802499002,2,,50159.832,61292.53,True,30.263902856838925,39.29474747443892,9.030844617599998
lamf-test-c1ff5343-c068-4179-8505-1de35f1c5237,"{<resource_manager.instance.OnPremInstance object at 0x138b97e00>: [(4, 50429.832, None)]}",328.6266875432299,137305.9937159745,50429.832,9631.242800602999,2,51.41041662525598,50429.832,74339.222,True,87.0818527586777,125.87244709467768,38.790594335999984
lamf-test-9d2ced27-20c6-49c1-84d1-76444fddb91f,"{<resource_manager.instance.OnPremInstance object at 0x138b97e00>: [(3, 50459.832, None)]}",313.4023701696379,137310.78667612496,50459.832,9647.873894755998,2,,50459.832,70728.992,True,65.38389199288088,90.04740588088087,24.663513887999997
lamf-test-93fc33e5-0604-48d1-8efe-1dfc9145e379,"{<resource_manager.instance.CloudReservedInstance object at 0x138da4830>: [(1, 50609.832, None)], <resource_manager.instance.CloudReservedInstance object at 0x138d9cf50>: [(1, 50609.832, None)], <resource_manager.instance.CloudReservedInstance object at 0x138bde3f0>: [(2, 50609.832, None)], <resource_manager.instance.CloudOnDemandInstance object at 0x138bde8b0>: [(1, 50609.832, None)]}",318.63019504491797,137314.947346316,50609.832,9599.716303074001,1,,50609.832,74344.49844562933,True,287.60540880195754,403.8815397190956,116.27613091713808
lamf-test-d81c27cf-4838-43c5-ac8d-f0f7d5a86a71,"{<resource_manager.instance.OnPremInstance object at 0x138b97e00>: [(4, 50669.832, None), (4, 59955.192, None)]}",313.16578296695053,137316.55543949167,50669.832,9605.454807645001,3,140.45393566050657,50669.832,70264.87920910695,True,181.94377925751851,230.46122037762873,48.51744112011022
lamf-test-2e0bd3ff-93cb-46df-ab43-ee2f13d4c7e1,"{<resource_manager.instance.OnPremInstance object at 0x138b97e00>: [(3, 50699.832, None)]}",316.2487464140096,137331.30724580397,50699.832,9628.031211778,1,,50699.832,60139.602999999996,True,75.38032968286558,86.86664303566558,11.486313352799993
lamf-test-3484ce7d-9fee-4f95-9c2d-f871cc58413f,"{<resource_manager.instance.OnPremInstance object at 0x138b97e00>: [(3, 51029.832, None), (3, 61665.192, None)]}",280.48808000057255,137344.48143925515,51029.832,9614.777995117,3,107.66762491444223,51029.832,70540.86562173947,True,129.5309479510789,164.07189332494409,34.540945373865185
lamf-test-34f82a8b-288c-437f-910d-553d4a2c7dfc,"{<resource_manager.instance.OnPremInstance object at 0x138b97e00>: [(2, 51089.832, None)]}",332.1651620956545,137416.84225555204,51089.832,9622.46624577,1,,51089.832,60744.602999999996,True,52.13238580880672,59.964336044006714,7.831950235199995
lamf-test-26bbd872-e5de-48b0-8f8f-e6417ce7af20,"{<resource_manager.instance.OnPremInstance object at 0x138b97e00>: [(2, 51119.832, None)]}",298.1380358381042,137455.2015256392,51119.832,10215.358458907996,2,,51119.832,80037.945,True,78.61301569799983,102.07138896359983,23.458373265600002
lamf-test-151fcd56-358d-466c-9e97-a24b8c315d14,"{<resource_manager.instance.OnPremInstance object at 0x138b97e00>: [(4, 51149.832, 52660.368), (1, 52660.368, None)]}",286.90020368365816,137523.74561858576,51149.832,10244.900382013995,1,15.968096737394479,51149.832,76893.991,True,84.15914175982962,96.43899285502962,12.279851095199996
lamf-test-75f66efa-1a77-47ea-a0c6-c0317f11e7c2,"{<resource_manager.instance.OnPremInstance object at 0x138b97e00>: [(5, 51209.832, None)]}",323.850834844211,137685.57503467414,51209.832,9630.242800602999,3,,51209.832,60001.12922124289,True,66.8590556030336,84.68780636771417,17.828750764680574
lamf-test-d2eb5728-b98d-4dc8-9b54-d5b61be5f0ce,"{<resource_manager.instance.OnPremInstance object at 0x138b97e00>: [(4, 51269.832, None)]}",294.31398108778467,137847.842717637,51269.832,10222.543469237997,2,,51269.832,69381.225,True,65.96461300269671,95.34853700589672,29.383924003200004
lamf-test-1393ec0f-c39a-48b5-8afc-5e45c5c5f7c7,"{<resource_manager.instance.CloudReservedInstance object at 0x138dac6e0>: [(4, 51749.832, None)], <resource_manager.instance.CloudReservedInstance object at 0x138bde650>: [(1, 51749.832, None)], <resource_manager.instance.CloudOnDemandInstance object at 0x138bde8b0>: [(1, 51749.832, 65085.192)]}",354.69102159935267,137856.9082683561,51749.832,10240.833424668996,3,84.51441174233783,51749.832,65097.56969036207,False,84.57402999388529,,
lamf-test-a3da9951-7484-4541-a43a-d268b07d7f2b,"{<resource_manager.instance.CloudOnDemandInstance object at 0x138bde8b0>: [(2, 51779.832, None)], <resource_manager.instance.CloudOnDemandInstance object at 0x138d9d590>: [(1, 51779.832, None)], <resource_manager.instance.CloudOnDemandInstance object at 0x138d9d090>: [(1, 51779.832, None)]}",322.8627978188001,137933.15762008994,51779.832,10234.996569336996,2,,52180.368,113692.34414311753,True,341.0882172676339,717.0884756388796,376.0002583712457
lamf-test-3babe4ac-4db5-41c5-ad0c-7fee914c7ec7,"{<resource_manager.instance.OnPremInstance object at 0x138b97e00>: [(3, 52210.368, None), (3, 61095.192, None), (3, 63795.192, None)]}",293.72278396528714,137998.82250365024,52210.368,10227.878232465997,2,69.30535907270239,52210.368,67404.13289202939,True,81.00469846963242,111.5605501450965,30.555851675464076
lamf-test-3058457a-d1e2-4d92-baae-1c4c74ce602b,"{<resource_manager.instance.OnPremInstance object at 0x138b97e00>: [(5, 52240.368, 54740.904), (2, 54740.904, None)]}",296.32729201787157,138009.8678414465,52240.368,10225.402126955996,2,10.006640587890834,52240.368,113094.557,True,168.63928163624118,221.04685195784117,52.4075703216
lamf-test-6323d458-f602-48c5-98a5-f5c1a1584292,"{<resource_manager.instance.OnPremInstance object at 0x138b97e00>: [(5, 52270.368, None)]}",313.6595923894348,138164.17258399684,52270.368,10196.853123253997,1,,52270.368,60216.812,True,104.55052186478053,120.66591029678052,16.11538843199999
lamf-test-efb02442-ed88-49c8-bf51-dea5e65f914e,"{<resource_manager.instance.OnPremInstance object at 0x138b97e00>: [(2, 52300.368, None)]}",304.7860416350407,138172.3872110901,52300.368,10232.213587245997,3,,52300.368,97502.869,True,137.50855882576622,174.1768276369662,36.6682688112
lamf-test-032ba352-18f7-47d0-a6f0-b7f2f4956a0a,"{<resource_manager.instance.OnPremInstance object at 0x138b97e00>: [(6, 52870.368, 55931.976), (1, 55931.976, None)]}",307.62274626708137,138204.37686731466,52870.368,10216.421147056997,3,27.94075290896646,52870.368,61892.229999999996,True,37.006467411970476,46.87467566317048,9.868208251199999
lamf-test-0b319882-7fad-4ae3-8912-b51a1940b68d,"{<resource_manager.instance.OnPremInstance object at 0x138b97e00>: [(2, 52900.368, None)]}",309.96889456321867,138254.25138183622,52900.368,10243.002223705995,3,,52900.368,106793.931,True,163.9472598676705,207.6657181732705,43.718458305599995
lamf-test-2674780b-0edf-4613-bd86-e3e24ce33fcb,"{<resource_manager.instance.OnPremInstance object at 0x138b97e00>: [(5, 52930.368, None), (4, 60105.192, None)]}",302.61464185285956,138277.0553197862,52930.368,10794.960404311996,1,283.74815970796277,52930.368,69734.51254057983,True,322.883303723546,372.5847184968786,49.7014147733326
lamf-test-e4ed1a21-f292-441c-946a-d7b9f0990c7d,"{<resource_manager.instance.OnPremInstance object at 0x138b97e00>: [(2, 52960.368, None)]}",297.2172710903451,138409.1436556587,52960.368,10809.778333309994,1,,52960.368,89306.616,True,196.25702395619436,225.74110033379435,29.484076377599994
lamf-test-0479ea03-d843-4f1c-b0bd-6f829a2c5a10,"{<resource_manager.instance.CloudReservedInstance object at 0x138da4830>: [(3, 52990.368, None)], <resource_manager.instance.CloudReservedInstance object at 0x138d9d1d0>: [(2, 52990.368, None)]}",326.10114994784385,138547.08515287706,52990.368,10791.338316535996,3,,52990.368,91896.80764138368,True,236.71116977037752,390.29823089870376,153.5870611283262
lamf-test-3c60492c-5568-42f7-a13b-d4f3117a23dc,"{<resource_manager.instance.CloudReservedInstance object at 0x138d9d1d0>: [(2, 53050.368, None)], <resource_manager.instance.CloudReservedInstance object at 0x138d9cf50>: [(1, 53050.368, None)], <resource_manager.instance.CloudReservedInstance object at 0x138bde3f0>: [(2, 53050.368, None)], <resource_manager.instance.CloudOnDemandInstance object at 0x138d9d590>: [(1, 53050.368, None)], <resource_manager.instance.CloudOnDemandInstance object at 0x138dac440>: [(1, 84295.728, None)]}",288.51703100665657,138584.06194053483,53050.368,10841.301025825995,2,235.53481331034027,53050.368,91646.6953176816,True,303.517788581895,430.580094048541,127.062305466646
lamf-test-8fdaa8c6-0ab8-4102-bf2c-7c6a5957696b,"{<resource_manager.instance.OnPremInstance object at 0x138b97e00>: [(3, 53410.368, None)]}",305.80076715201267,138812.6101471929,53410.368,11417.242718333995,3,,53410.368,69725.556,True,74.44758384668032,94.29990460508031,19.852320758399994
lamf-test-c777b76c-0cc3-4d24-b87d-dcc762dd2026,"{<resource_manager.instance.OnPremInstance object at 0x138b97e00>: [(2, 53440.368, None)]}",310.2741421688458,138975.40263966663,53440.368,10821.471303373994,1,,53440.368,83844.108,True,164.16955966233166,188.83307355033165,24.663513887999994
lamf-test-d457b8b2-16f3-450b-ba2f-e7b966006e63,"{<resource_manager.instance.OnPremInstance object at 0x138b97e00>: [(6, 53710.368, 59224.656), (1, 59224.656, None)]}",308.6020686022321,139031.64775414308,53710.368,11425.776685901996,1,86.80946201232034,53710.368,84446.617,True,157.7815935052095,181.43119216360952,23.649598658400002
lamf-test-b6b347a8-b100-462f-bbd1-cdcde8345e59,"{<resource_manager.instance.OnPremInstance object at 0x138b97e00>: [(4, 53740.368, None), (4, 70065.19200000001, None), (6, 76485.19200000001, None)]}",310.4633474601291,139194.1836914873,53740.368,11403.489752056994,1,308.3056153319645,53740.368,78677.5772702899,True,389.1716018017033,448.93785277811736,59.766250976414106
lamf-test-95f36198-5f8e-46dc-93db-fc5d6a810881,"{<resource_manager.instance.OnPremInstance object at 0x138b97e00>: [(3, 53770.368, None)]}",312.84764381313755,139226.45002141476,53770.368,11435.458541268996,2,,53770.368,78231.59999999999,True,78.90660249861371,108.6710295962137,29.764427097599988
lamf-test-64282f81-8a38-42e2-8686-39f8e7fadae5,"{<resource_manager.instance.CloudReservedInstance object at 0x138da4830>: [(2, 53950.368, None)], <resource_manager.instance.CloudReservedInstance object at 0x138d9d1d0>: [(1, 53950.368, None)], <resource_manager.instance.CloudOnDemandInstance object at 0x138d9d590>: [(1, 53950.368, None)], <resource_manager.instance.CloudOnDemandInstance object at 0x138dac440>: [(1, 53950.368, None)]}",308.1387838586121,139268.95604649064,53950.368,11446.324507867996,2,,53950.368,74558.76545720312,True,153.683114928546,255.53805852102667,101.85494359248068
lamf-test-e1a8ae4a-b274-4245-9dc7-b8b20b25f60b,"{<resource_manager.instance.OnPremInstance object at 0x138b97e00>: [(4, 54190.368, None)]}",307.3714712616934,139325.73257965266,54190.368,11450.675268773995,3,,54190.368,83891.59899999999,True,180.7056414936496,228.8929186680496,48.18727717439997
lamf-test-20e1ba49-4666-4d28-9ab3-d9b988f76cc5,"{<resource_manager.instance.CloudOnDemandInstance object at 0x138bde520>: [(5, 54310.368, None)], <resource_manager.instance.CloudOnDemandInstance object at 0x138dac440>: [(1, 54310.368, None)]}",285.6765311197183,139398.5922415261,54310.368,12012.860323726994,1,649.4687559510228,54710.904,139413.9922415261,False,1285.8204691852245,,
lamf-test-19917d27-b721-40ad-a37a-4370c7a734bc,"{<resource_manager.instance.OnPremInstance object at 0x138b97e00>: [(2, 54740.904, None)]}",301.1069329229973,139400.1318857227,54740.904,12038.812706018995,2,,54740.904,74292.155,True,53.14948460774513,69.00945941894513,15.859974811199997
lamf-test-0aaede3d-34d4-43d5-b971-8a2a954407b0,"{<resource_manager.instance.OnPremInstance object at 0x138b97e00>: [(2, 54770.904, None)]}",291.4038438976179,139556.9253625027,54770.904,12028.907747366995,1,,54770.904,90134.43400000001,True,190.95069054680968,219.6375860828097,28.686895536000005
lamf-test-68ff13a7-de65-4a50-8bee-581fe346b072,"{<resource_manager.instance.OnPremInstance object at 0x138b97e00>: [(4, 54800.904, 57924.12), (1, 57924.12, None)]}",316.0799972187193,139570.16945593065,54800.904,12046.449947015995,1,33.01597262149213,54800.904,64873.183999999994,True,52.569959084340994,60.45560508114099,7.885645996799997
lamf-test-4cc1e286-0e7f-464c-8240-c10883a7da2a,"{<resource_manager.instance.CloudOnDemandInstance object at 0x138d9d590>: [(4, 54830.904, None)]}",316.2330750787407,139618.09121799114,54830.904,12027.536519498995,3,,55231.44,139633.49121799116,False,257.97425573957304,,
lamf-test-c5f3d318-ed60-437f-9c1e-4a6f0f18365e,"{<resource_manager.instance.OnPremInstance object at 0x138b97e00>: [(5, 55261.44, 60735.192), (1, 60735.192, None)]}",302.37657057421836,139661.2837591331,55261.44,12041.582105078995,2,21.90485117240809,55261.44,79519.972,True,60.01985443116067,78.73973025516067,18.719875824
lamf-test-cd918581-b0d1-458e-92b2-5c59b3bd83b5,"{<resource_manager.instance.OnPremInstance object at 0x138b97e00>: [(3, 55291.44, None)]}",301.10787935133226,139689.26802170175,55291.44,12048.449947015995,2,51.72138899730617,55291.44,72829.746,True,56.57475224637304,77.91536298717304,21.3406107408
lamf-test-59fd6bbc-b1e0-4afd-a720-743bb563c136,"{<resource_manager.instance.OnPremInstance object at 0x138b97e00>: [(2, 55321.44, None)]}",321.20760313523465,139705.44475750485,55321.44,12026.536519498995,2,,55321.44,73114.555,True,48.370045058310524,62.80381994631051,14.433774887999991
lamf-test-a7598ecc-5cec-4bf9-9a0f-c71ca0dbae0e,"{<resource_manager.instance.OnPremInstance object at 0x138b97e00>: [(6, 55351.44, None)]}",294.2224632206372,139756.1847030137,55351.44,12030.715505321996,3,,55351.44,59966.078,True,42.113967602099,53.344150638899,11.230183036799998
lamf-test-87976d93-8677-4270-9b15-bf91d2c51eaa,"{<resource_manager.instance.CloudReservedInstance object at 0x138d9cf50>: [(1, 55381.44, None)], <resource_manager.instance.CloudReservedInstance object at 0x138bde3f0>: [(2, 55381.44, None)]}",311.39111778496914,139759.7421745435,55381.44,12006.336594759994,2,37.32591577049612,55381.44,110946.86763702468,True,221.96976886064402,309.58533515870454,87.61556629806051
lamf-test-3d2e4ca8-d6e8-4002-a809-14108f6da5be,"{<resource_manager.instance.CloudReservedInstance object at 0x138dac6e0>: [(1, 55411.44, None)], <resource_manager.instance.CloudOnDemandInstance object at 0x138d9d590>: [(4, 55411.44, None)]}",306.2018292174168,139776.81416521803,55411.44,12017.733020835994,2,,55411.44,139792.21416521806,False,373.6721338876977,,
lamf-test-6ffd71d7-ab96-484d-939d-8341469b380b,"{<resource_manager.instance.OnPremInstance object at 0x138b97e00>: [(3, 55441.44, None)]}",291.65416309527114,139854.00236464513,55441.44,12011.565982117994,3,78.91285420944561,55441.44,85354.971,True,136.4979739904175,172.8967585112175,36.39878452080001
lamf-test-68fc4f1f-0368-4356-8862-a5c873470b2b,"{<resource_manager.instance.OnPremInstance object at 0x138b97e00>: [(4, 55471.44, None), (4, 68595.19200000001, None), (5, 69525.19200000001, None)]}",313.35740939256686,139864.41743645092,55471.44,12007.336594759994,2,54.57324028076599,55471.44,70673.75240303564,True,67.5360315805677,97.901800118494,30.3657685379263
lamf-test-398c2e41-0ba6-4e76-8602-21bfa67e2257,"{<resource_manager.instance.CloudOnDemandInstance object at 0x138d9d590>: [(1, 55501.44, None)], <resource_manager.instance.CloudOnDemandInstance object at 0x138d9d090>: [(4, 55501.44, None)]}",308.43937206382503,139892.7704255839,55501.44,12023.114461436995,2,,55901.976,139908.17042558393,False,321.2007261854295,,
lamf-test-404ab15a-5fdc-47da-96ca-6bf36dbfc057,"{<resource_manager.instance.OnPremInstance object at 0x138b97e00>: [(4, 55931.976, None), (3, 63405.192, None), (4, 68055.19200000001, None)]}",285.63536765098837,139927.29851840754,55931.976,12022.038036860995,2,59.154593445173674,55931.976,69747.39949328639,True,76.93987093482254,109.81664952526904,32.87677859044651
lamf-test-e3ac6e81-3f29-40d1-91c8-119f86b94741,"{<resource_manager.instance.OnPremInstance object at 0x138b97e00>: [(2, 55961.976, None)]}",292.3170995981352,139956.1214512641,55961.976,12047.449947015995,2,,55961.976,85160.29800000001,True,79.37475539089476,103.06043419729477,23.685678806400006
lamf-test-95c3a7f0-6def-4a58-8473-af92a11ec586,"{<resource_manager.instance.OnPremInstance object at 0x138b97e00>: [(3, 55991.976, None)]}",312.05091942501133,140013.49358761395,55991.976,12035.197611701995,1,,55991.976,91850.715,True,286.3463073237508,329.9792209389508,43.632913615199996
lamf-test-499e704f-e77f-4d06-942d-f6729f7df6df,"{<resource_manager.instance.CloudReservedInstance object at 0x138dac6e0>: [(1, 56021.976, None)], <resource_manager.instance.CloudOnDemandInstance object at 0x138bde8b0>: [(1, 56021.976, None)], <resource_manager.instance.CloudOnDemandInstance object at 0x138d9d090>: [(1, 56021.976, None)]}",295.12516285873096,140261.93606395106,56021.976,12604.383595581996,2,,56021.976,140277.33606395108,False,422.5614103254382,,
lamf-test-893ff824-f1d2-4433-939e-c7c4d678a42b,"{<resource_manager.instance.CloudOnDemandInstance object at 0x138d9d090>: [(2, 56051.976, None)]}",291.47945752946964,140318.06022407868,56051.976,12609.770138065996,1,,56452.512,140333.4602240787,False,164.516294908461,,
lamf-test-2b6c6b3a-28c9-458c-9ffa-76aefcc26451,"{<resource_manager.instance.OnPremInstance object at 0x138b97e00>: [(5, 56482.512, None), (4, 75105.19200000001, None)]}",317.28833254019617,140324.0090652181,56482.512,12650.806864847997,1,245.01662788044726,56482.512,77296.137,True,297.00345881816094,342.7680794861609,45.764620667999985
lamf-test-f9efe039-70ce-49b9-a1a8-bee3de1d2b34,"{<resource_manager.instance.OnPremInstance object at 0x138b97e00>: [(5, 56512.512, None)]}",307.9037058422363,140350.27236765603,56512.512,13207.820978615997,3,119.49714807209679,56512.512,73728.39235398863,True,130.92919882872178,165.8430041866107,34.91380535788893
lamf-test-9ad3c991-d587-4e6c-87f0-aa8b942b2b5d,"{<resource_manager.instance.OnPremInstance object at 0x138b97e00>: [(6, 56542.512, 61245.192), (2, 61245.192, None)]}",294.2702271699325,140465.39505487497,56542.512,12624.636404695997,2,20.324276910449814,56542.512,77611.38011714986,True,64.81526438843359,89.53595823706556,24.720693848631967
lamf-test-308f236e-0576-4952-874f-b146870f6d77,"{<resource_manager.instance.CloudOnDemandInstance object at 0x138d9d090>: [(3, 56572.512, None)]}",296.126707886245,140784.95825515562,56572.512,13250.085579289997,3,,56973.048,140800.35825515565,False,128.11293064895526,,
lamf-test-416bbbfd-81e6-4f7c-9a56-8c0e7175f623,"{<resource_manager.instance.CloudOnDemandInstance object at 0x138d9d090>: [(1, 57003.048, None)], <resource_manager.instance.CloudOnDemandInstance object at 0x138bde520>: [(2, 57003.048, None)]}",318.1012839054559,140912.8760200538,57003.048,13255.202596593996,2,,57403.584,140928.27602005383,False,335.2599675265578,,
lamf-test-7c801ce0-8eb2-4e0d-9312-eaf55e74d22a,"{<resource_manager.instance.OnPremInstance object at 0x138b97e00>: [(2, 57433.584, None)]}",282.54429039316733,140939.20819602476,57433.584,13231.436401690995,2,,57433.584,99227.131,True,113.61449366997398,147.51741899637398,33.902925326399995
lamf-test-3e7fd149-2562-452d-b778-aa63ebe3ca13,"{<resource_manager.instance.OnPremInstance object at 0x138b97e00>: [(2, 57463.584, None)]}",306.14407437283273,140967.1641497239,57463.584,13258.830443838995,2,,57463.584,76527.32599999999,True,51.82420613366499,67.28871364406497,15.464507510399987
lamf-test-3d742955-a0c8-4cdc-8c38-f5e5804b4cff,"{<resource_manager.instance.CloudOnDemandInstance object at 0x138bde520>: [(4, 57493.584, None)]}",303.65987588610506,141064.49880869742,57493.584,13225.010217162995,1,,57894.12,141079.89880869744,False,883.6031453653468,,
lamf-test-17fee575-0b26-45f7-83d5-67d080c53e61,"{<resource_manager.instance.CloudOnDemandInstance object at 0x138bde520>: [(1, 57924.12, None)], <resource_manager.instance.CloudOnDemandInstance object at 0x138dac440>: [(4, 57924.12, None)]}",339.37001802300927,141075.23861873028,57924.12,13253.202596593996,3,,58324.656,141090.6386187303,False,463.8282783512223,,
lamf-test-821bad57-9b5b-4590-ab6a-b75593f800f8,"{<resource_manager.instance.OnPremInstance object at 0x138b97e00>: [(4, 58354.656, 62835.192), (1, 62835.192, None)]}",293.93899056747387,141079.7591708815,58354.656,13219.416792603995,3,27.260086698608255,58354.656,141095.15917088152,False,146.29570487623621,,
lamf-test-c8945c61-1ea7-4681-928a-edc22713889d,"{<resource_manager.instance.OnPremInstance object at 0x138b97e00>: [(5, 58384.656, None)]}",305.7727422550137,141081.72970330113,58384.656,13254.202596593996,2,22.37219717919073,58384.656,65975.89099999999,True,30.37859093539039,45.77361551539036,15.395024579999971
lamf-test-12047e13-b691-4e4d-bcc8-16e2900e16aa,"{<resource_manager.instance.CloudReservedInstance object at 0x138d9cf50>: [(2, 58414.656, None)], <resource_manager.instance.CloudOnDemandInstance object at 0x138dac440>: [(1, 58414.656, None)]}",306.19560311302496,141249.89278802715,58414.656,13846.684027588994,1,,58414.656,141265.29278802717,False,323.4466008912258,,
lamf-test-28862540-93f6-42de-8ec4-72cbed9815ad,"{<resource_manager.instance.CloudReservedInstance object at 0x138d9d1d0>: [(1, 58624.656, None)], <resource_manager.instance.CloudReservedInstance object at 0x138d9cf50>: [(1, 58624.656, None)], <resource_manager.instance.CloudOnDemandInstance object at 0x138bde8b0>: [(2, 58624.656, None)], <resource_manager.instance.CloudOnDemandInstance object at 0x138dac440>: [(2, 58624.656, None)]}",315.0001679546882,141254.96768716915,58624.656,13835.427649542995,3,391.5516008821962,58624.656,141270.36768716917,False,523.7769138791871,,
lamf-test-2148cf4d-7170-4032-92ad-bc67bc5cec9e,"{<resource_manager.instance.OnPremInstance object at 0x138b97e00>: [(3, 58654.656, None)]}",290.5571510371029,141256.48110730082,58654.656,13814.886976317495,3,64.38757015742645,58654.656,87367.76900000001,True,131.02036504677164,165.95848094517166,34.938115898400014
lamf-test-5fc71200-6539-46cf-9073-1ac0b6be235f,"{<resource_manager.instance.OnPremInstance object at 0x138b97e00>: [(5, 59224.656, None), (3, 69375.19200000001, None)]}",298.6298021940167,141299.51201827943,59224.656,13829.024601532996,2,62.51996542994616,59224.656,74593.15635398863,True,78.33365343671491,115.8501911805372,37.516537743822276
lamf-test-e050ad2a-f776-4985-ad86-c1f9e8bbb5cd,"{<resource_manager.instance.CloudOnDemandInstance object at 0x138dac440>: [(3, 59254.656, None)]}",326.0139069441622,141338.71547676655,59254.656,13847.684027588994,3,,59655.192,141354.11547676654,False,249.75118861287257,,
lamf-test-55230e23-b521-4f16-a8cb-73a7c6580475,"{<resource_manager.instance.OnPremInstance object at 0x138b97e00>: [(4, 60075.192, 63555.192), (1, 63555.192, None)]}",312.3489385286271,141376.97912721013,60075.192,13811.330427714995,2,12.674721002928074,60075.192,131591.27900000004,True,150.72242120052294,183.96381008772295,33.24138888720001
lamf-test-927fb6c3-ba3c-488b-96a5-466be1c02fa9,"{<resource_manager.instance.OnPremInstance object at 0x138b97e00>: [(6, 60255.192, 64875.192), (1, 64875.192, None)]}",330.8093779162473,141389.03442120116,60255.192,13826.228119365996,1,72.73100616016427,60255.192,106440.62000000001,True,189.69205536542705,217.79422496222705,28.102169596800003
lamf-test-8aea85bd-3d6c-4aba-b7de-dd2346b0e93e,"{<resource_manager.instance.OnPremInstance object at 0x138b97e00>: [(6, 60735.192, 64755.192), (2, 64755.192, None)]}",302.51103083949494,141466.0961203691,60735.192,13832.427649542995,1,63.285420944558524,60735.192,94445.395,True,223.60213042816946,257.46989510176945,33.8677646736
lamf-test-8d46ff55-9a1d-4004-b52e-0bb94df560fe,"{<resource_manager.instance.OnPremInstance object at 0x138b97e00>: [(3, 61245.192, None)]}",314.6188735020299,141516.550983407,61245.192,13840.700495982994,1,,61245.192,80804.143,True,156.18601072324887,179.98534230004887,23.799331576799993
lamf-test-56207b5b-5fb7-4cc8-b917-b36e1b064de2,"{<resource_manager.instance.OnPremInstance object at 0x138b97e00>: [(5, 64875.192, None), (5, 75645.19200000001, None)]}",317.0752713451876,141528.94110979853,64875.192,13812.978928215995,2,43.09936714831714,64875.192,76851.55213620568,True,52.754586911255274,79.48914362370546,26.73455671245019
lamf-test-232b6ce2-ea24-476c-b62f-210ae1decc5b,"{<resource_manager.instance.OnPremInstance object at 0x138b97e00>: [(4, 64905.192, None), (4, 69885.19200000001, None), (6, 72885.19200000001, None)]}",311.1617610976437,141564.0097685298,64905.192,13834.427649542995,2,39.99093006096275,64905.192,75074.5082342997,True,65.40051144678071,95.64627675162811,30.245765304847396
lamf-test-62c9483c-2445-4359-99d9-4d8c66a14529,"{<resource_manager.instance.CloudReservedInstance object at 0x138dac6e0>: [(3, 65085.192, None)]}",345.02192360533996,141578.37736663703,65085.192,13853.079094592993,2,,65085.192,95473.69626356699,True,82.61022988292929,148.46819632293168,65.85796644000239
lamf-test-5c2155b4-aa4a-428b-9192-860339f49ef5,"{<resource_manager.instance.CloudReservedInstance object at 0x138dac6e0>: [(1, 65115.192, None)], <resource_manager.instance.CloudReservedInstance object at 0x138bde650>: [(1, 65115.192, None)]}",326.1375748222798,141611.69943476003,65115.192,13836.989860131995,3,,65115.192,141627.09943476005,False,135.7728983302457,,
lamf-test-1e5c4d41-c6bb-47f9-a0f9-f492c659a647,"{<resource_manager.instance.OnPremInstance object at 0x138b97e00>: [(6, 66015.19200000001, 68505.19200000001), (1, 68505.19200000001, None)]}",295.19389174920065,141626.52874893247,66015.19200000001,13827.228119365996,3,22.724161533196437,66015.19200000001,81894.98,True,43.090406875047506,54.580968887847504,11.490562012799995
lamf-test-58f4bde2-1252-4878-b4ed-54f9ec3d6ddb,"{<resource_manager.instance.OnPremInstance object at 0x138b97e00>: [(3, 67455.19200000001, None)]}",306.6623561408906,141653.79132668435,67455.19200000001,13818.647562477996,3,,67455.19200000001,90645.797,True,105.82069358886605,134.03902175286603,28.218328163999995
lamf-test-1f9296c3-4641-4962-ac2a-3bdd3909621e,"{<resource_manager.instance.OnPremInstance object at 0x138b97e00>: [(2, 67485.19200000001, None)]}",333.675220822951,141686.99154358212,67485.19200000001,13854.359181173993,2,,67485.19200000001,75926.845,True,22.94837840235518,29.79624731595517,6.847868913599993
lamf-test-62ab7363-ee6e-4e41-9bd6-da86db171176,"{<resource_manager.instance.OnPremInstance object at 0x138b97e00>: [(6, 69855.19200000001, 72855.19200000001), (1, 72855.19200000001, None)]}",317.6880653321237,141722.38804440544,69855.19200000001,13849.684027588994,3,27.37850787132101,69855.19200000001,127025.21800000001,True,109.7726458285801,139.0448083741801,29.272162545599997
lamf-test-e000b273-6e93-45bd-85e3-de8e007da692,"{<resource_manager.instance.OnPremInstance object at 0x138b97e00>: [(3, 69915.19200000001, None)]}",284.69120725614476,141781.47522469927,69915.19200000001,13850.684027588994,3,134.25084188911697,69915.19200000001,104308.304,True,156.9386812685375,198.7882199501375,41.849538681599995
lamf-test-79b31340-0554-44ef-87de-f4504dbdfc60,"{<resource_manager.instance.OnPremInstance object at 0x138b97e00>: [(6, 69945.19200000001, 72435.19200000001), (1, 72435.19200000001, None)]}",304.54338810954675,141873.89826766014,69945.19200000001,14423.617947302995,1,39.19917864476386,69945.19200000001,98923.114,True,113.7336005779907,130.5367657411907,16.803165163199996
lamf-test-6f2e770b-ffa0-4b22-be2e-700e1acc453c,"{<resource_manager.instance.OnPremInstance object at 0x138b97e00>: [(6, 70335.19200000001, 72345.19200000001), (1, 72345.19200000001, None)]}",314.03861715723247,141956.2745795264,70335.19200000001,14449.833817882994,3,18.343600273785075,70335.19200000001,85957.471,True,39.04826070423605,49.46093706663605,10.4126763624
lamf-test-9329565e-0cc9-410e-9937-6b7537e158ae,"{<resource_manager.instance.OnPremInstance object at 0x138b97e00>: [(6, 70575.19200000001, 75045.19200000001), (2, 75045.19200000001, None)]}",289.93639360238836,142085.02583285165,70575.19200000001,14470.805640282993,1,70.36960985626283,70575.19200000001,83978.93500000001,True,118.60869670697392,136.73394102857392,18.1252443216
lamf-test-9655ffad-b7de-4846-8625-1393b7fdfd45,"{<resource_manager.instance.OnPremInstance object at 0x138b97e00>: [(3, 70695.19200000001, None)]}",323.69507710357215,142104.50595609343,70695.19200000001,14429.227747208995,1,,70695.19200000001,95428.93299999999,True,197.5087691079168,227.6047851567168,30.096016048799978
lamf-test-dd9abd19-48be-42ba-b1bc-fa915a5dcef1,"{<resource_manager.instance.OnPremInstance object at 0x138b97e00>: [(4, 70725.19200000001, None), (3, 91956.264, None)]}",320.9475259671587,142125.27743437074,70725.19200000001,14448.626857702995,2,77.32698683709137,70725.19200000001,92788.034,True,83.03953597991027,119.84638857671027,36.80685259679999
lamf-test-08f07093-2907-4ba0-a255-32c22f0fcc78,"{<resource_manager.instance.OnPremInstance object at 0x138b97e00>: [(3, 70755.19200000001, 73755.19200000001), (1, 73755.19200000001, None)]}",298.09142219625704,142131.286876467,70755.19200000001,14440.056822557995,3,13.689253935660505,70755.19200000001,76745.8,True,18.238053083884694,23.10144368868469,4.8633906047999975
lamf-test-9c4c82a6-08d5-47bd-9589-83ce8af6f468,"{<resource_manager.instance.OnPremInstance object at 0x138b97e00>: [(6, 70785.19200000001, 75765.19200000001), (1, 75765.19200000001, None)]}",291.9040113839834,142140.3314053137,70785.19200000001,14433.503192163995,3,45.448323066392874,70785.19200000001,92124.97899999999,True,70.33202068598368,89.08687829318367,18.754857607199995
lamf-test-e5f8465a-4435-4b7a-801a-354ef982dcda,"{<resource_manager.instance.OnPremInstance object at 0x138b97e00>: [(3, 72345.19200000001, None)]}",304.6031866584939,142204.54504492658,72345.19200000001,14408.096332263995,1,71.38945927446954,72345.19200000001,98660.169,True,210.1355681040382,242.1556321176382,32.020064013599985
lamf-test-a0961e5f-36f8-49a0-be25-041d077e1525,"{<resource_manager.instance.OnPremInstance object at 0x138b97e00>: [(2, 72375.19200000001, None)]}",302.7913218356865,142207.29360437824,72375.19200000001,14466.840208467993,2,,72375.19200000001,86701.84400000001,True,38.94657021970212,50.56835032210212,11.6217801024
lamf-test-e9e3c180-3644-4ec5-bd7f-fb857cf9758f,"{<resource_manager.instance.OnPremInstance object at 0x138b97e00>: [(5, 72435.19200000001, None)]}",277.1468078662494,142219.29856317397,72435.19200000001,14467.895571720994,1,,72435.19200000001,76915.17300000001,True,58.94263540953684,68.02803687753683,9.085401467999999
lamf-test-56707fec-34cd-4c0e-a454-d4551f611032,"{<resource_manager.instance.OnPremInstance object at 0x138b97e00>: [(4, 72855.19200000001, None), (3, 78315.19200000001, None), (6, 79425.19200000001, None)]}",312.7950515260771,142236.65046117557,72855.19200000001,14419.045864749995,3,45.03764544832306,72855.19200000001,81526.3909640098,True,86.5854232749673,109.67444117239812,23.089017897430818
lamf-test-3e227187-9182-4a9b-bf09-75d5b5a39b59,"{<resource_manager.instance.OnPremInstance object at 0x138b97e00>: [(2, 73755.19200000001, None)]}",320.9833484047092,142243.41062328653,73755.19200000001,14455.062783434994,2,,73755.19200000001,115276.23000000001,True,112.87368619422875,146.55555221982877,33.6818660256
lamf-test-e846f77b-9785-4a57-980e-5e6be4c30da6,"{<resource_manager.instance.OnPremInstance object at 0x138b97e00>: [(3, 73785.19200000001, None), (3, 105186.264, None)]}",318.0816768556553,142311.59009377533,73785.19200000001,14424.617947302995,3,143.2857494866529,73785.19200000001,106986.71054057984,True,159.71692941437217,202.30732052512724,42.59039111075508
lamf-test-3bd57c11-f664-4998-9d53-96c6dc4f87c4,"{<resource_manager.instance.OnPremInstance object at 0x138b97e00>: [(4, 74355.19200000001, None)]}",326.99178124993756,142430.17153020506,74355.19200000001,14421.294728788995,1,214.2884636093998,74355.19200000001,102819.741,True,300.90290600045614,347.0837902980561,46.180884297599974
lamf-test-f86b8860-b2ed-456c-9f30-6f6a9139ebf4,"{<resource_manager.instance.CloudReservedInstance object at 0x138da4830>: [(1, 74475.19200000001, None)], <resource_manager.instance.CloudReservedInstance object at 0x138d9cf50>: [(1, 74475.19200000001, None)], <resource_manager.instance.CloudReservedInstance object at 0x138bde3f0>: [(2, 74475.19200000001, None)], <resource_manager.instance.CloudOnDemandInstance object at 0x138bde8b0>: [(1, 74475.19200000001, None)]}",305.1378797801942,142544.98838446077,74475.19200000001,14459.119777902994,3,395.5473785078711,74475.19200000001,142560.3883844608,False,448.75785382816946,,
lamf-test-4f1fe545-8677-4a84-8abf-5cf06961f85c,"{<resource_manager.instance.CloudReservedInstance object at 0x138da4830>: [(2, 74595.19200000001, None)], <resource_manager.instance.CloudReservedInstance object at 0x138d9d1d0>: [(1, 74595.19200000001, None)], <resource_manager.instance.CloudOnDemandInstance object at 0x138bde8b0>: [(1, 74595.19200000001, None)], <resource_manager.instance.CloudOnDemandInstance object at 0x138d9d590>: [(1, 74595.19200000001, None)], <resource_manager.instance.CloudOnDemandInstance object at 0x138dac440>: [(1, 74595.19200000001, 83775.19200000001)]}",310.3840944895742,142627.0131500332,74595.19200000001,15058.934103996993,2,87.0846187231818,74595.19200000001,83784.61309209028,False,87.15788097863245,,
lamf-test-0c64519c-480b-40a3-83cb-e32930215173,"{<resource_manager.instance.OnPremInstance object at 0x138b97e00>: [(4, 74625.19200000001, None)]}",305.2027703895845,142711.0830643586,74625.19200000001,15050.163872568994,3,240.51150353639048,74625.19200000001,119622.693,True,273.76987451517215,346.7738201375721,73.00394562239998
lamf-test-4b6bc7a8-825f-4ed7-a11d-b9402493f256,"{<resource_manager.instance.OnPremInstance object at 0x138b97e00>: [(2, 74655.19200000001, None)]}",315.0940754980354,142724.08385630813,74655.19200000001,15046.452344448993,2,,74655.19200000001,91738.09800000001,True,46.43936336874593,60.29701671594593,13.857653347200001
lamf-test-20435df7-63e4-419e-8d22-d33076e8dcf2,"{<resource_manager.instance.OnPremInstance object at 0x138b97e00>: [(2, 74685.19200000001, None)]}",307.8323914198774,142758.87209401137,74685.19200000001,15030.687003294994,2,,74685.19200000001,98156.00600000001,True,63.804698094472265,82.84422241127226,19.039524316799998
lamf-test-d80357f1-4d3d-475b-a1da-53fbb3ddaa84,"{<resource_manager.instance.OnPremInstance object at 0x138b97e00>: [(6, 75045.19200000001, None), (3, 80025.19200000001, None), (8, 85525.728, None)]}",308.2995677163823,142866.1234016734,75045.19200000001,15063.944076257994,1,208.91529637234754,75045.19200000001,88515.69546859941,True,342.3939566558561,395.2088649597427,52.81490830388663
lamf-test-545db71e-0ac4-4fd9-bae7-0ae698ee188a,"{<resource_manager.instance.OnPremInstance object at 0x138b97e00>: [(5, 75135.19200000001, None)]}",303.0498265026395,142884.80964374763,75135.19200000001,15052.476735714994,2,,75135.19200000001,82306.21800000001,True,28.696999294719387,43.23984002271938,14.542840727999994
lamf-test-6c201a0a-e193-4746-b7c6-ff82b4d5eeef,"{<resource_manager.instance.OnPremInstance object at 0x138b97e00>: [(6, 75165.19200000001, None), (6, 81015.19200000001, None), (7, 84325.728, None)]}",319.4947582934635,142889.07673997481,75165.19200000001,15044.163454767993,2,53.89810080595679,75165.19200000001,86689.96791331166,True,85.23855668101038,133.80793596815528,48.56937928714491
lamf-test-f73d4880-234f-4ef4-b427-8c893deb0ab7,"{<resource_manager.instance.OnPremInstance object at 0x138b97e00>: [(5, 76875.19200000001, 79875.19200000001), (1, 79875.19200000001, None)]}",289.55899307824876,143218.2165208193,76875.19200000001,15665.779048893495,2,12.005394748834851,76875.19200000001,110820.20400000001,True,74.7939519330094,93.4292488002094,18.6352968672
lamf-test-7c4919b0-6563-4e4b-a109-6e7eddf9dab2,"{<resource_manager.instance.OnPremInstance object at 0x138b97e00>: [(4, 76905.19200000001, None), (3, 97176.264, None)]}",284.9077105670405,143382.9367124476,76905.19200000001,15649.333113902994,3,146.64885238421164,76905.19200000001,102850.90699999999,True,183.75053464141746,232.74976825981742,48.99923361839997
lamf-test-ed127e72-be6f-436a-8fe9-27a8ad06a858,"{<resource_manager.instance.OnPremInstance object at 0x138b97e00>: [(6, 76995.19200000001, None), (3, 89166.264, None)]}",328.19458272409565,143548.6916932423,76995.19200000001,15632.947333789994,3,111.07526351813812,76995.19200000001,91859.27904516945,True,147.94063032401695,187.3907332641035,39.45010294008653
lamf-test-ecb2683b-9e41-48ec-91a2-6a6d38c45b39,"{<resource_manager.instance.OnPremInstance object at 0x138b97e00>: [(2, 77355.19200000001, None)]}",329.9077900544537,143614.5934509573,77355.19200000001,15656.031473660994,3,,77355.19200000001,124538.52900000002,True,143.53437371663247,181.80949669103248,38.27512297440001
lamf-test-56573715-8535-4ef6-86b5-dcb681b21f75,"{<resource_manager.instance.OnPremInstance object at 0x138b97e00>: [(2, 77385.19200000001, None)]}",309.32301155717374,143666.6549252699,77385.19200000001,15642.985216933994,2,,77385.19200000001,115439.767,True,103.4502113556203,134.3200825956203,30.86987124
lamf-test-2b8a61cc-a82b-4153-b888-886b130ebdcb,"{<resource_manager.instance.OnPremInstance object at 0x138b97e00>: [(6, 77415.19200000001, None), (6, 86886.264, None)]}",288.0380279745152,143676.99655848235,77415.19200000001,15651.797110520994,1,149.09969609856242,77415.19200000001,88094.02681086976,True,187.12645126626217,216.05367523852746,28.927223972265303
lamf-test-870691de-e40a-44a6-b524-758dc9ee2699,"{<resource_manager.instance.OnPremInstance object at 0x138b97e00>: [(6, 78735.19200000001, None)]}",318.593861795503,143741.92398212638,78735.19200000001,16233.831684444995,3,45.448323066392874,78735.19200000001,84549.879,True,53.06581793292256,67.21644021612255,14.15062228319998
lamf-test-816ecb3f-0729-4858-99cd-1237c929b94a,"{<resource_manager.instance.OnPremInstance object at 0x138b97e00>: [(6, 78765.19200000001, None)]}",325.447174391888,143906.41852663594,78765.19200000001,16274.870038167495,1,62.813141683778234,78765.19200000001,85154.51138743978,True,100.58476790630712,116.13381556758054,15.549047661273423
lamf-test-95b7467a-1a49-4273-9a59-d080cf448191,"{<resource_manager.instance.OnPremInstance object at 0x138b97e00>: [(6, 81555.19200000001, 84535.728), (1, 84535.728, None)]}",303.1008089718593,143927.2278127821,81555.19200000001,16236.540540352995,1,46.92151129363438,81555.19200000001,101614.352,True,94.97908890409906,109.15961120809904,14.180522303999982
lamf-test-9e038649-678e-4ec1-8038-665a8a0ccdab,"{<resource_manager.instance.OnPremInstance object at 0x138b97e00>: [(6, 81585.19200000001, 83595.19200000001), (1, 83595.19200000001, None)]}",305.1144082584737,144001.8346349795,81585.19200000001,16264.612036491495,1,31.642710472279262,81585.19200000001,144017.2346349795,False,201.66442904359582,,
lamf-test-6557112d-0dd1-4a4f-956a-4810ab29fb87,"{<resource_manager.instance.OnPremInstance object at 0x138b97e00>: [(5, 82335.19200000001, 83835.19200000001), (1, 83835.19200000001, None)]}",284.1643475390076,144157.33503466984,82335.19200000001,16869.773889827993,3,11.407711613050422,82335.19200000001,144172.73503466987,False,103.18281699698814,,
lamf-test-4b6ef0de-0d6b-4c17-a583-0b04e2222603,"{<resource_manager.instance.OnPremInstance object at 0x138b97e00>: [(6, 83595.19200000001, None)]}",304.5800255914627,144197.53239015097,83595.19200000001,16240.065291631994,2,,83595.19200000001,95511.00800000002,True,51.498367738814586,80.4966975564146,28.998329817600016
lamf-test-9dd25f94-b2d8-4857-adb4-87c377066854,"{<resource_manager.instance.CloudReservedInstance object at 0x138da4830>: [(2, 83775.19200000001, None)], <resource_manager.instance.CloudReservedInstance object at 0x138d9d1d0>: [(1, 83775.19200000001, None)]}",304.2337725718405,144337.99867417722,83775.19200000001,16275.870038167495,2,,83775.19200000001,127693.84218742882,True,185.90416054293178,296.57915901525234,110.6749984723206
lamf-test-fe21cf99-74f2-4c6e-92c0-836166b37c9b,"{<resource_manager.instance.OnPremInstance object at 0x138b97e00>: [(3, 83835.19200000001, None)]}",306.6266107573227,144638.88323960316,83835.19200000001,16829.822342002495,3,,83835.19200000001,97954.54400000001,True,64.42779831165866,81.60822582525867,17.1804275136
lamf-test-05011c3e-5178-4e8c-a944-565636c84b62,"{<resource_manager.instance.CloudOnDemandInstance object at 0x138bde8b0>: [(1, 83865.19200000001, None)], <resource_manager.instance.CloudOnDemandInstance object at 0x138d9d590>: [(1, 83865.19200000001, None)]}",311.6110618417853,144959.29156159205,83865.19200000001,17471.290735520994,2,,84265.728,128962.86661480567,True,159.80303813922524,292.8682368576708,133.06519871844557
lamf-test-64767f79-cec9-4cb3-b8c5-46b3e86d20f8,"{<resource_manager.instance.OnPremInstance object at 0x138b97e00>: [(4, 84295.728, 86796.264), (1, 86796.264, None)]}",283.87618715962776,145042.07178470975,84295.728,17479.514943820992,2,9.107355217752202,84295.728,145057.47178470978,False,127.32146922776859,,
lamf-test-4f40bb80-4246-4e5c-807f-5b2f111e8553,"{<resource_manager.instance.OnPremInstance object at 0x138b97e00>: [(4, 84535.728, None)]}",300.28901978300945,145046.94125593413,84535.728,17481.80943809299,3,88.95299110198489,84535.728,101347.28099999999,True,102.28338580880666,129.55844939600664,27.275063587199977
lamf-test-e42daae1-319e-4d66-892f-ff458cefa185,"{<resource_manager.instance.OnPremInstance object at 0x138b97e00>: [(5, 84625.728, 86256.264), (1, 86256.264, None)]}",331.8539601540227,145150.8299348769,84625.728,17473.290735520994,3,12.400456308464467,84625.728,145166.22993487693,False,102.0041766444245,,
lamf-test-1945932c-936e-4e58-b59b-8fc5fe0a5a90,"{<resource_manager.instance.OnPremInstance object at 0x138b97e00>: [(4, 85225.728, None), (3, 88206.264, None)]}",307.9539703217035,145205.1936795529,85225.728,17466.968801337494,1,31.50768149669169,85225.728,91211.571,True,87.27579374857397,100.64408298937397,13.368289240799992
lamf-test-ab19fe1e-973b-44c8-a2b5-9c88f8dd630c,"{<resource_manager.instance.OnPremInstance object at 0x138b97e00>: [(5, 85285.728, 87786.264), (1, 87786.264, None)]}",310.22675767562004,145242.79206716205,85285.728,17427.679941903494,3,19.016929044033713,85285.728,126381.366,True,77.72116814966911,98.44642852886909,20.725260379199984
lamf-test-fb5bb86a-097c-4cce-b52f-faf7de14091c,"{<resource_manager.instance.CloudOnDemandInstance object at 0x138bde8b0>: [(5, 85645.728, None)]}",310.7135837098068,145251.8475513817,85645.728,17455.045820487492,2,116.25438411507923,86046.264,134780.08699688365,True,196.62579182951777,744.4247602857736,547.7989684562558
lamf-test-38119ffa-10d5-4f96-9e4f-d7aa2d684f4c,"{<resource_manager.instance.OnPremInstance object at 0x138b97e00>: [(5, 86706.264, None)]}",315.0920376046709,145286.31353473567,86706.264,17430.625411821493,2,34.69559082413272,86706.264,102026.53848673437,True,61.308647624583124,92.37816428368043,31.069516659097303
lamf-test-ffa00229-4854-4a3b-9050-ac62a552280b,"{<resource_manager.instance.OnPremInstance object at 0x138b97e00>: [(2, 86736.264, None)]}",328.09484391630104,145302.7706206189,86736.264,17461.148200572494,3,,86736.264,118848.33099999999,True,97.68671990265418,123.73602865305418,26.049308750399994
lamf-test-10d63afb-c09f-4af6-a622-71a25fae2fdf,"{<resource_manager.instance.OnPremInstance object at 0x138b97e00>: [(4, 86766.264, None)]}",310.7244065884292,145428.8504690812,86766.264,18078.01361218099,2,10.926483623213857,86766.264,109208.737,True,81.73910456630638,118.14977276150637,36.410668195199996
lamf-test-5704a2cc-027b-4370-a7eb-9804c4d8380a,"{<resource_manager.instance.OnPremInstance object at 0x138b97e00>: [(5, 86796.264, None)]}",328.518781280289,145534.09224983555,86796.264,18035.025919655993,3,50.422085329682865,86796.264,103905.07448673436,True,130.1149173833323,164.81158505042958,34.69666766709729
lamf-test-b284ea68-a93a-41ac-9d3b-a2d0c0674e21,"{<resource_manager.instance.OnPremInstance object at 0x138b97e00>: [(2, 86826.264, None)]}",312.0323931368153,145690.93461786694,86826.264,18069.12220341299,1,,86826.264,105129.988,True,98.83370628945168,113.68168719825168,14.847980908800002
lamf-test-902ad2da-a958-4f6f-a105-0cf09133c223,"{<resource_manager.instance.OnPremInstance object at 0x138b97e00>: [(4, 86856.264, None)]}",319.6161610919672,145727.41901027385,86856.264,18065.37208280999,3,,86856.264,96998.544,True,61.706776180698135,78.16161125269814,16.454835071999998
lamf-test-bc23b10d-c69c-4408-9782-8739fbb3209f,"{<resource_manager.instance.OnPremInstance object at 0x138b97e00>: [(3, 87786.264, None), (3, 91266.264, None), (5, 93066.264, None)]}",310.0193593332558,145727.94570002845,87786.264,18085.40809483199,1,177.99908738307096,87786.264,101399.86052060059,True,299.2750374469562,345.0711556832678,45.79611823631161
lamf-test-274e2f12-b4e9-499b-9b88-36da25e54e24,"{<resource_manager.instance.OnPremInstance object at 0x138b97e00>: [(5, 88146.264, None), (4, 95616.264, None)]}",331.60036141298406,145817.1175824087,88146.264,18070.12220341299,1,205.05817932922653,88146.264,103527.44951538705,True,285.9989262149792,330.0270778203481,44.028151605368905
lamf-test-b4f2a445-161d-42de-8bf2-99cedcdf1a1d,"{<resource_manager.instance.OnPremInstance object at 0x138b97e00>: [(2, 88176.264, None)]}",317.30210148260704,145828.6106790465,88176.264,18057.351449963993,2,,88176.264,106464.58799999999,True,49.7162557495403,64.5517441783403,14.835488428799994
lamf-test-4bdc3b38-4b50-41c5-90d1-8319dfa6ef3f,"{<resource_manager.instance.OnPremInstance object at 0x138b97e00>: [(5, 88566.264, None)]}",321.16833722466623,145879.52764064894,88566.264,18037.349822120992,2,,88566.264,103461.034,True,59.60586451436764,89.81245807436764,30.206593560000005
lamf-test-5168b562-8a76-449b-98c0-cc2731c9ca3c,"{<resource_manager.instance.OnPremInstance object at 0x138b97e00>: [(2, 88596.264, None)]}",309.5107801118846,145910.34924321919,88596.264,18083.29393904899,1,,88596.264,106397.07899999998,True,96.11817362537069,110.55819475337067,14.440021127999989
lamf-test-068fc1f2-6deb-41a2-ae15-564e581e4490,"{<resource_manager.instance.OnPremInstance object at 0x138b97e00>: [(3, 88626.264, None)]}",318.6864958169501,145999.79229823122,88626.264,18637.252914863988,1,,88626.264,102250.40699999999,True,108.7942060232717,125.3720632256717,16.577857202399997
lamf-test-8af4e2ac-cf32-4cee-877b-e9f4b759f7f3,"{<resource_manager.instance.OnPremInstance object at 0x138b97e00>: [(4, 88656.264, None)]}",289.77114078776196,146010.6378866801,88656.264,18635.875055675988,3,,88656.264,93846.45399999998,True,31.577701726366946,39.998265982366924,8.42056425599998
lamf-test-f483d0b8-ba08-4711-99f9-47af2ee222a5,"{<resource_manager.instance.OnPremInstance object at 0x138b97e00>: [(3, 88686.264, 90696.264), (1, 90696.264, None)]}",312.7927875459608,146044.5325578035,88686.264,18077.01361218099,2,6.483821870550658,88686.264,146059.93255780352,False,118.81872318412367,,
lamf-test-f3dda1e4-5862-4683-8e1d-465d2dca42c3,"{<resource_manager.instance.OnPremInstance object at 0x138b97e00>: [(4, 90666.264, 92166.264), (1, 92166.264, None)]}",305.16980399325007,146210.79382130093,90666.264,18641.670520127987,1,15.856719142140086,90666.264,146226.19382130096,False,167.9760744838494,,
lamf-test-fd42a6f7-5546-4968-b0ee-4f887fda9461,"{<resource_manager.instance.OnPremInstance object at 0x138b97e00>: [(5, 91266.264, None), (5, 104376.264, None)]}",313.44017426263486,146238.42188699843,91266.264,18674.538201533986,1,298.7930641113392,91266.264,114639.29177487952,True,442.54601947739854,510.75994013230985,68.21392065491132
lamf-test-88d97e0c-88fe-4c62-bc84-030e5f7776f1,"{<resource_manager.instance.OnPremInstance object at 0x138b97e00>: [(3, 91296.264, None)]}",304.4592028444548,146440.96923226304,91296.264,19256.200133317987,1,,91296.264,106390.63399999999,True,120.5345539584759,138.9013833744759,18.366829415999995
lamf-test-9bda5a96-e4e1-4b91-bbbb-1dacf1ed28b2,"{<resource_manager.instance.CloudReservedInstance object at 0x138d9d1d0>: [(2, 91686.264, None)], <resource_manager.instance.CloudReservedInstance object at 0x138d9cf50>: [(1, 91686.264, None)], <resource_manager.instance.CloudReservedInstance object at 0x138bde3f0>: [(2, 91686.264, None)], <resource_manager.instance.CloudOnDemandInstance object at 0x138d9d590>: [(1, 91686.264, None)], <resource_manager.instance.CloudOnDemandInstance object at 0x138bde8b0>: [(1, 114426.264, None)]}",334.4551264679061,146452.8417341506,91686.264,18657.259822991986,3,309.4802220701192,91686.264,146468.24173415062,False,368.14899847653004,,
lamf-test-72ac3048-5fdb-4c21-afcd-eed6fe82e6d1,"{<resource_manager.instance.OnPremInstance object at 0x138b97e00>: [(3, 91866.264, None)]}",305.99164294117367,146498.91997840803,91866.264,18668.627391611986,1,,91866.264,95355.827,True,27.86554985169982,32.11165011009983,4.246100258400012
lamf-test-1e1b6610-69b2-4869-80ff-74a807042404,"{<resource_manager.instance.OnPremInstance object at 0x138b97e00>: [(5, 91926.264, None), (4, 97386.264, None)]}",310.82543279392,146633.29280641465,91926.264,18678.208608131987,3,41.52407027150354,91926.264,99850.154,True,75.25288615103808,95.31995020703809,20.067064056
lamf-test-9953a2a0-1d7c-4068-bf98-538acafc2ac3,"{<resource_manager.instance.CloudReservedInstance object at 0x138da4830>: [(3, 91986.264, None)], <resource_manager.instance.CloudReservedInstance object at 0x138d9d1d0>: [(2, 91986.264, None)], <resource_manager.instance.CloudOnDemandInstance object at 0x138dac440>: [(1, 91986.264, 110316.264)]}",299.47595690366575,146690.76064359027,91986.264,19294.614034536997,2,127.66391200702213,91986.264,146706.16064359026,False,318.88621306976194,,
lamf-test-9f4c8a2a-2fe4-4712-9592-1f90f46792d9,"{<resource_manager.instance.OnPremInstance object at 0x138b97e00>: [(5, 92166.264, None), (3, 102306.264, None)]}",322.9477688777042,146698.852868308,92166.264,19269.34854899799,1,133.41090577230207,92166.264,103457.29213274573,True,157.74627887317013,182.04505495830347,24.298776085133355
lamf-test-8c42c6bf-e604-4e96-bc18-75bc6db194f5,"{<resource_manager.instance.OnPremInstance object at 0x138b97e00>: [(2, 92196.264, None)]}",304.5244415439068,146738.57069654265,92196.264,19287.370010418996,2,,92196.264,98169.57199999999,True,16.23825716335596,21.08380461295595,4.845547449599992
lamf-test-a7dc0f00-a53e-4f14-ba21-5c93f2b6c280,"{<resource_manager.instance.OnPremInstance object at 0x138b97e00>: [(4, 92826.264, None), (4, 106926.264, None), (5, 109626.264, None)]}",278.74097160023985,146875.5873983237,92826.264,19255.200133317987,2,109.6206762254894,92826.264,115702.56351884699,True,139.5999931178105,203.2759052207869,63.675912102976426
lamf-test-d2030552-fada-4868-9884-3081a3d5e562,"{<resource_manager.instance.OnPremInstance object at 0x138b97e00>: [(4, 94506.264, None)]}",335.70235460840024,146878.85620233335,94506.264,19245.456735894986,3,,94506.264,116003.942,True,130.7942991862499,165.6721319734499,34.8778327872
lamf-test-292ff255-562b-496c-972f-f8340f6cddab,"{<resource_manager.instance.OnPremInstance object at 0x138b97e00>: [(2, 95406.264, None)]}",321.5271161172489,147017.63148765796,95406.264,19273.105102029993,1,,95406.264,128278.34899999997,True,177.49775914518204,204.16359449718203,26.66583535199998
lamf-test-ea317cde-8e65-4009-bbcb-6720d6ab3fc4,"{<resource_manager.instance.OnPremInstance object at 0x138b97e00>: [(5, 95586.264, None)]}",322.00845242777757,147073.33017541832,95586.264,19242.432858426986,2,38.65737109124822,95586.264,108282.16335398862,True,50.80642781203695,76.55371170192589,25.747283889888937
lamf-test-8f5d07e8-2d0c-4ca5-874d-d1e790990809,"{<resource_manager.instance.OnPremInstance object at 0x138b97e00>: [(6, 98226.264, 100236.264), (1, 100236.264, None)]}",302.97405507839164,147103.1653616739,98226.264,19285.370010418996,1,31.642710472279262,98226.264,147118.56536167391,False,163.56492131583656,,
lamf-test-a13d6194-2358-4887-a070-b00cd35c865e,"{<resource_manager.instance.CloudReservedInstance object at 0x138dac6e0>: [(3, 98256.264, None)]}",302.61921821621866,147152.99317706964,98256.264,19250.234037936985,2,,98256.264,129955.6554054612,True,86.17383693654432,154.87275799045986,68.69892105391554
lamf-test-7bd8b2d3-250f-4731-829c-d7a0653ffcb3,"{<resource_manager.instance.OnPremInstance object at 0x138b97e00>: [(4, 98706.264, None)]}",301.8009690341694,147177.395520208,98706.264,19252.234037936985,3,,98706.264,104886.87199999999,True,37.603516617233204,47.63093503643319,10.027418419199988
lamf-test-8b57f8ca-98cc-4c1b-8aa2-5b91c1f45b09,"{<resource_manager.instance.OnPremInstance object at 0x138b97e00>: [(2, 99246.264, None)]}",306.9047417051023,147223.07255922607,99246.264,19246.508722323986,2,,99246.264,120778.35099999998,True,58.5343273726642,76.00115634706418,17.466828974399988
lamf-test-fd11e4ea-cdef-4f38-a062-f8e8f6529d33,"{<resource_manager.instance.OnPremInstance object at 0x138b97e00>: [(6, 99906.264, None), (5, 103896.264, None)]}",323.9849795842166,147227.89930513065,99906.264,19286.370010418996,1,237.07734428473648,99906.264,112337.02579099595,True,306.7472416593248,354.11660846603235,47.36936680670754
lamf-test-aa0c06ad-8e28-471d-8a21-4c2106849993,"{<resource_manager.instance.OnPremInstance object at 0x138b97e00>: [(4, 99936.264, None)]}",297.7430444733612,147273.98088681322,99936.264,19237.704187509986,1,49.15582934063427,99936.264,126221.26699999999,True,277.86260681420634,320.50739568140636,42.64478886719999
lamf-test-72359355-373b-4aa6-9d80-111deeae4206,"{<resource_manager.instance.OnPremInstance object at 0x138b97e00>: [(4, 100236.264, None), (3, 105216.264, None), (7, 107136.264, None)]}",293.68085416171726,147341.90935614632,100236.264,19879.217395960997,3,231.53091489847134,100236.264,118319.02314682782,True,288.8715918405803,365.90258737992747,77.03099553934713
lamf-test-aa966776-8b52-45e3-81e8-3d502aee1701,"{<resource_manager.instance.OnPremInstance object at 0x138b97e00>: [(3, 101406.264, None)]}",277.6854198628887,147393.12284253034,101406.264,19883.551441354997,1,100.85557837097879,101406.264,118016.661,True,132.6406331279945,152.8521641975945,20.2115310696
lamf-test-096a164d-3416-42b7-999a-d92269a9a7ca,"{<resource_manager.instance.OnPremInstance object at 0x138b97e00>: [(6, 101466.264, None), (4, 106446.264, None)]}",310.89137174012484,147442.38675329473,101466.264,19267.34854899799,3,143.0983344741045,101466.264,115056.56353489043,True,176.41340839440926,223.45611130792486,47.04270291351561
lamf-test-6a7cd0bb-34c7-4263-9cc7-17fa07eb0a15,"{<resource_manager.instance.OnPremInstance object at 0x138b97e00>: [(4, 101496.264, None)]}",298.21973828332,147467.5440906187,101496.264,19874.791354833,1,42.17887291809263,101496.264,113652.07999999999,True,128.50090683702174,148.22250271542174,19.721595878399985
lamf-test-f6c3e1ca-41d1-4659-a1c2-f6d7cca0c5e7,"{<resource_manager.instance.OnPremInstance object at 0x138b97e00>: [(2, 101526.264, None)]}",330.89870791023526,147491.59071636412,101526.264,19897.644567265997,2,,101526.264,112658.96199999998,True,30.263902856838907,39.2947474744389,9.03084461759999
lamf-test-9805f54e-1cae-487c-b904-2cb93c2a7afb,"{<resource_manager.instance.OnPremInstance object at 0x138b97e00>: [(3, 102066.264, None)]}",328.01417674151406,147502.1262984411,102066.264,19856.986856836997,3,20.396988364134153,102066.264,109527.499,True,34.04624686287931,43.12507761087931,9.078830748000001
lamf-test-e0a17229-9bf9-416c-a5a2-49e15e4b17e7,"{<resource_manager.instance.OnPremInstance object at 0x138b97e00>: [(2, 102096.264, None)]}",300.8789137634496,147503.93417227396,102096.264,19276.105102029993,3,,102096.264,122150.42399999998,True,61.00588637919229,77.27382097119228,16.267934591999992
lamf-test-47c1fe4b-c260-4538-9b53-fe9eeae00c5f,"{<resource_manager.instance.OnPremInstance object at 0x138b97e00>: [(2, 102126.264, None)]}",307.40827687661385,147550.18590412254,102126.264,19867.755793652,3,,102126.264,144134.81100000002,True,127.79237052247323,161.86970384887326,34.077333326400016
lamf-test-9293cd6c-713f-41c3-8b50-410b94532b8e,"{<resource_manager.instance.OnPremInstance object at 0x138b97e00>: [(4, 102846.264, None)]}",276.94819521132933,147667.064812822,102846.264,19875.791354833,2,25.24017716962401,102846.264,127537.50799999999,True,89.92949106759244,129.9885653331924,40.05907426559999
lamf-test-ca0b2ac7-3ce2-4e8c-a6e1-096d01ef9a8a,"{<resource_manager.instance.OnPremInstance object at 0x138b97e00>: [(6, 102906.264, None), (4, 113376.264, None)]}",322.6901850057595,147835.8890500779,102906.264,19866.059103190997,1,205.08555783709787,102906.264,118391.38017699431,True,296.7921664947929,342.61326970868186,45.82110321388894
lamf-test-2ef3ba74-0be9-4758-9e8b-663933377574,"{<resource_manager.instance.OnPremInstance object at 0x138b97e00>: [(4, 103506.264, None), (4, 120436.79999999999, None)]}",315.97195408362086,147845.12850872046,103506.264,19877.061465025,3,103.00729180926301,103506.264,121644.71269371986,True,117.70544611720885,149.0929828321911,31.387536714982236
lamf-test-2744811c-a0e4-4a9d-a448-520fba53466a,"{<resource_manager.instance.OnPremInstance object at 0x138b97e00>: [(2, 103536.264, None)]}",316.8459168651483,147871.8106870464,103536.264,19901.203012103997,2,,103536.264,115164.171,True,31.61011354806873,41.04267170646873,9.432558158400004
lamf-test-d878f6cc-ec52-4963-a36e-567d3077f66a,"{<resource_manager.instance.OnPremInstance object at 0x138b97e00>: [(6, 103566.264, None), (4, 106566.264, None)]}",318.40559881515793,148079.7089235547,103566.264,20488.657201022994,2,55.732289033019555,103566.264,113464.05722200008,True,67.89965116576002,103.17790047419234,35.27824930843232
lamf-test-aa81efdb-fc5d-4cd5-94a6-0293c55ec5bf,"{<resource_manager.instance.OnPremInstance object at 0x138b97e00>: [(3, 103626.264, None)]}",315.17534780850235,148085.04687470652,103626.264,20474.351145207995,1,,103626.264,122409.79699999999,True,149.99398927675105,172.84979223115104,22.855802954399998
lamf-test-9997ef6b-f372-462c-b591-ebc6c42f345e,"{<resource_manager.instance.OnPremInstance object at 0x138b97e00>: [(6, 103656.264, None)]}",309.99816308035867,148089.66967042678,103656.264,20477.255001198995,3,62.97056810403832,103656.264,116022.70365772967,True,112.85822183645604,142.95318938750697,30.09496755105093
lamf-test-d13deae5-f303-4855-93f8-a16639da1c4e,"{<resource_manager.instance.OnPremInstance object at 0x138b97e00>: [(6, 109266.264, None), (5, 116326.79999999999, None)]}",299.620254990436,148144.24998771166,109266.264,20503.078122394996,2,53.987264214973514,109266.264,120359.52828787603,True,64.08158773861706,99.25652867740482,35.17494093878775
lamf-test-e95a3924-2808-4cd5-8af6-82985caaa091,"{<resource_manager.instance.CloudReservedInstance object at 0x138da4830>: [(3, 110316.264, None)], <resource_manager.instance.CloudReservedInstance object at 0x138d9d1d0>: [(1, 110316.264, None)]}",315.57124577879193,148148.4696627359,110316.264,20489.657201022994,1,,110316.264,148163.86966273593,False,359.7954755374547,,
lamf-test-b6e7251f-5c74-4bdc-b21f-2dc66654db99,"{<resource_manager.instance.CloudReservedInstance object at 0x138d9cf50>: [(1, 111006.264, None)], <resource_manager.instance.CloudReservedInstance object at 0x138bde3f0>: [(2, 111006.264, None)]}",320.3340679876566,148172.13017170623,111006.264,20478.529591866994,3,,111006.264,148187.53017170625,False,131.95876147841093,,
lamf-test-218a245a-408e-4403-969e-14eebe33638f,"{<resource_manager.instance.OnPremInstance object at 0x138b97e00>: [(2, 112386.264, None)]}",310.9184525812873,148180.78520666988,112386.264,20506.47937604,3,,112386.264,148196.1852066699,False,108.93580106979971,,
lamf-test-692078cb-d4fe-44db-acc1-5eececdc7c24,"{<resource_manager.instance.OnPremInstance object at 0x138b97e00>: [(3, 112416.264, None)]}",293.9568407519619,148200.61023645708,112416.264,20455.949271830992,2,,112416.264,133913.942,True,69.34682327485365,95.50519786525366,26.15837459040002
lamf-test-df1d19ca-065c-450e-a725-063e1023eff0,"{<resource_manager.instance.OnPremInstance object at 0x138b97e00>: [(5, 112446.264, None), (4, 117916.79999999999, None)]}",308.41567960151576,148218.73291372252,112446.264,20487.309210965996,2,60.87617462172011,112446.264,126049.20504770851,True,84.05575586466627,124.83653425882144,40.780778394155185
lamf-test-dc701733-214d-4503-9e86-a7c5623aa494,"{<resource_manager.instance.OnPremInstance object at 0x138b97e00>: [(2, 112686.264, None)]}",290.04127710324553,148246.34302105225,112686.264,20447.698715862494,2,,112686.264,128291.243,True,42.42166351220627,55.08042247700628,12.658758964800006
lamf-test-5ccd4315-8d5b-4044-a8be-038248a6e5e8,"{<resource_manager.instance.OnPremInstance object at 0x138b97e00>: [(6, 113526.264, None), (6, 119266.79999999999, None)]}",316.3732896893923,148263.25024255336,113526.264,20469.270840006993,1,90.37120328542083,113526.264,121665.17835144956,True,165.8848269450241,191.52838246679943,25.643555521775347
lamf-test-468c807d-fae3-4ffc-8fac-cef2c72bf30d,"{<resource_manager.instance.OnPremInstance object at 0x138b97e00>: [(6, 113706.264, None), (3, 115206.264, None)]}",313.1968318342145,148363.10845067003,113706.264,20475.433481820994,2,6.482774793452823,113706.264,117307.0949640098,True,22.339073567558597,33.65834691857998,11.31927335102138
lamf-test-cb995d16-8bd4-4a69-981f-1cf758860367,"{<resource_manager.instance.OnPremInstance object at 0x138b97e00>: [(5, 114666.264, None)]}",320.1908267325743,148392.54487783622,114666.264,20453.575732669993,3,34.303262605521276,114666.264,123653.126,True,68.34635333485443,86.57170947085444,18.225356136000016
lamf-test-8433fa81-6093-4f66-8fcd-c8019d82fc62,"{<resource_manager.instance.OnPremInstance object at 0x138b97e00>: [(2, 114696.264, None)]}",289.2015979209701,148446.69531814073,114696.264,20490.657201022994,1,,114696.264,137441.469,True,122.81614989733067,141.26706019333068,18.450910296000014
lamf-test-c609bf72-d17c-450a-8e65-16fe23e38281,"{<resource_manager.instance.OnPremInstance object at 0x138b97e00>: [(2, 114726.264, None)]}",326.56864801291823,148467.69585272376,114726.264,20463.000285105994,3,,114726.264,148483.09585272378,False,102.690187398962,,
lamf-test-b7f32954-df1d-496f-a3cc-c6c4fa4f08d9,"{<resource_manager.instance.OnPremInstance object at 0x138b97e00>: [(5, 115086.264, None)]}",304.69312328634965,148496.3763819465,115086.264,21065.063591741,1,277.10534519735313,115086.264,145795.213,True,404.03438869876027,466.3121372707602,62.27774857199998
lamf-test-3f74eedf-69e6-447f-8faf-d6b3b1a74541,"{<resource_manager.instance.OnPremInstance object at 0x138b97e00>: [(2, 115116.264, None)]}",300.3151945622659,148500.3835717216,115116.264,20483.147032529996,3,,115116.264,139569.79600000003,True,74.38902426040013,94.22572941880017,19.83670515840003
lamf-test-0111158b-0edf-40ea-8c3c-c453441d9f4b,"{<resource_manager.instance.OnPremInstance object at 0x138b97e00>: [(2, 115146.264, None)]}",288.9103792556111,148629.4354697991,115146.264,20451.324787684993,3,,115146.264,148644.83546979912,False,101.90454474043385,,
lamf-test-ffd1b71e-c754-457f-beb0-15002780a4cd,"{<resource_manager.instance.OnPremInstance object at 0x138b97e00>: [(2, 115176.264, None)]}",333.17802435465063,148639.67563726567,115176.264,21098.371657775995,3,,115176.264,139414.79600000003,True,73.73498212791857,93.3972792863186,19.66229715840003
lamf-test-a7d1927a-cf2d-4926-967f-138bb5393300,"{<resource_manager.instance.OnPremInstance object at 0x138b97e00>: [(6, 115746.264, None)]}",312.0843911485237,148641.41765308072,115746.264,21076.295461382,2,6.528309803602004,115746.264,119175.484,True,14.820573984802865,23.16592377680287,8.345349792000004
lamf-test-a9c2f748-704b-4cdc-85cd-14af26c3a0f5,"{<resource_manager.instance.OnPremInstance object at 0x138b97e00>: [(4, 115776.264, None), (3, 120256.79999999999, None)]}",318.66785267265954,148643.02718683798,115776.264,21068.783375207,2,103.5453946843178,115776.264,135148.20700000002,True,118.59217234289764,168.14107670369773,49.548904360800094
lamf-test-fd3332ce-df25-4a32-8132-74451e729842,"{<resource_manager.instance.OnPremInstance object at 0x138b97e00>: [(5, 115806.264, None), (5, 121126.79999999999, None)]}",314.3128283614734,148678.64644631022,115806.264,21090.124754709,1,217.62207985398118,115806.264,128907.42234549105,True,274.7393763434411,317.08762758475285,42.34825124131174
lamf-test-790ebc9f-5e2e-4113-9df6-6e81d9cf4244,"{<resource_manager.instance.CloudOnDemandInstance object at 0x138bde8b0>: [(1, 115836.264, None)], <resource_manager.instance.CloudOnDemandInstance object at 0x138d9d590>: [(1, 115836.264, None)], <resource_manager.instance.CloudOnDemandInstance object at 0x138d9d090>: [(1, 115836.264, None)]}",301.00617936440153,148707.0449227483,115836.264,21057.423470675,1,37.00141212259484,116236.79999999999,128543.1557492209,True,68.93489579266542,117.7711657835286,48.836269990863194
lamf-test-f110d8f3-23dd-42e9-8429-8b28407ddd7e,"{<resource_manager.instance.OnPremInstance object at 0x138b97e00>: [(6, 116266.79999999999, None)]}",301.2291020786883,148735.00551859988,116266.79999999999,21060.423470675,1,,116266.79999999999,126194.07999999999,True,156.2816153319644,180.4406439399644,24.159028608
lamf-test-301ed0a6-99cf-4eba-bab7-e5dbbca6ce7c,"{<resource_manager.instance.OnPremInstance object at 0x138b97e00>: [(4, 116296.79999999999, None), (3, 130617.33599999998, None), (6, 135847.87199999997, None)]}",322.7128466056759,148737.66127284814,116296.79999999999,21087.052936301,3,142.81830709559648,116296.79999999999,137945.84696400978,True,184.3023355876908,233.44871339552165,49.146377807830845
lamf-test-ad16e952-0cca-41c7-9fd4-aa3d76092c2a,"{<resource_manager.instance.OnPremInstance object at 0x138b97e00>: [(2, 117376.79999999999, None)]}",295.4536471781582,148741.64397339954,117376.79999999999,21091.467493730997,1,,117376.79999999999,148757.04397339956,False,169.4423395019674,,
lamf-test-8293fc83-5d58-4550-955e-87592cc2b6b3,"{<resource_manager.instance.OnPremInstance object at 0x138b97e00>: [(6, 118396.79999999999, None)]}",333.7462784146,148847.88856954308,118396.79999999999,21059.423470675,3,84.0520191649555,118396.79999999999,130020.9455405798,True,106.08392006004853,134.37244064760358,28.28852058755505
lamf-test-f16665ee-edca-44bc-8667-81b0b7135bf5,"{<resource_manager.instance.OnPremInstance object at 0x138b97e00>: [(3, 118426.79999999999, None)]}",311.6491108609515,148954.184812181,118426.79999999999,21085.052936301,2,97.79593043143474,118426.79999999999,148969.584812181,False,98.52436624514517,,
lamf-test-a0b5829d-4134-40de-ab3a-fd1ed034a5b9,"{<resource_manager.instance.OnPremInstance object at 0x138b97e00>: [(3, 118456.79999999999, None)]}",283.38611537295816,148966.9648442247,118456.79999999999,21664.34917389899,1,,118456.79999999999,137025.333,True,148.2771286789872,170.87131963338723,22.59419095440003
lamf-test-f4699487-e2f2-4f73-9c8b-3bed156050c7,"{<resource_manager.instance.OnPremInstance object at 0x138b97e00>: [(3, 118486.79999999999, None)]}",295.77899706678875,148998.26774472283,118486.79999999999,21084.052936301,2,,118486.79999999999,130114.707,True,37.50909339071101,51.65793062831102,14.14883723760001
lamf-test-d2d7cb5f-b6d4-4643-85b6-7c5def471a4e,"{<resource_manager.instance.OnPremInstance object at 0x138b97e00>: [(4, 118516.79999999999, None)]}",304.94728314192844,149078.42311972403,118516.79999999999,21078.079242833,1,311.17682318046906,118516.79999999999,149093.82311972405,False,323.2341785414591,,
lamf-test-48b882cf-9036-46be-bc48-393458a804a5,"{<resource_manager.instance.OnPremInstance object at 0x138b97e00>: [(3, 118546.79999999999, None)]}",302.75177020472233,149093.33905491943,118546.79999999999,21706.510386106987,1,51.74537987679672,118546.79999999999,147775.122,True,233.3997878165641,268.9648100261641,35.56502220960002
lamf-test-3db3ef42-5e5e-4b66-b377-23e8be44e0c4,"{<resource_manager.instance.OnPremInstance object at 0x138b97e00>: [(3, 118576.79999999999, None), (3, 122056.79999999999, None), (4, 126976.79999999999, None)]}",310.51400717904033,149161.11871430048,118576.79999999999,21666.34917389899,2,90.91802178740696,118576.79999999999,136200.70508157474,True,136.07098027462035,189.69091528548753,53.619935010867174
lamf-test-0c9d7093-d308-489f-9f7c-949564b43da8,"{<resource_manager.instance.OnPremInstance object at 0x138b97e00>: [(3, 118876.79999999999, None)]}",341.93839758920444,149191.35863001947,118876.79999999999,21675.204422515988,3,,118876.79999999999,143825.54100000003,True,113.84321697467504,144.2008450234751,30.35762804880005
lamf-test-8add939b-0d3e-460d-9871-cabe0ac805f6,"{<resource_manager.instance.OnPremInstance object at 0x138b97e00>: [(2, 119236.79999999999, None)]}",308.8827630823316,149204.81062930299,119236.79999999999,21681.16988948999,1,,119236.79999999999,147379.495,True,151.9607076583771,174.7900618423771,22.829354184000007
lamf-test-8d9e2b15-af68-4d53-96f3-d2ed88fe313d,"{<resource_manager.instance.OnPremInstance object at 0x138b97e00>: [(6, 120436.79999999999, None), (6, 123436.79999999999, None)]}",290.64783908667005,149223.71847667726,120436.79999999999,21669.638865175988,3,209.36410677618053,120436.79999999999,135806.5234981808,True,253.1548893119927,320.6616075223383,67.5067182103456
lamf-test-b3e3f869-98f2-4ec8-bbf6-0c042404572c,"{<resource_manager.instance.OnPremInstance object at 0x138b97e00>: [(4, 121696.79999999999, None)]}",313.64851936596733,149290.69899363088,121696.79999999999,21692.159432526492,2,,121696.79999999999,134810.334,True,47.76160483115275,69.03700239275278,21.275397561600023
lamf-test-be918503-1360-4f36-b485-22f30f9e797e,"{<resource_manager.instance.OnPremInstance object at 0x138b97e00>: [(2, 121756.79999999999, None)]}",285.4277316494616,149353.5888345284,121756.79999999999,21102.468756210994,3,,121756.79999999999,146993.44999999998,True,76.77131340786369,97.24328388786368,20.471970479999996
lamf-test-8638fd62-6efe-4c20-99a4-4066fa449bb7,"{<resource_manager.instance.OnPremInstance object at 0x138b97e00>: [(2, 121786.79999999999, None)]}",298.8839218054394,149398.16619499706,121786.79999999999,21667.35489329599,3,,121786.79999999999,145522.42299999998,True,72.20510457068976,91.45944194828975,19.25433737759999
lamf-test-ef516eeb-4aa2-4149-84fb-f2df08d8e508,"{<resource_manager.instance.OnPremInstance object at 0x138b97e00>: [(2, 121816.79999999999, None)]}",311.8946764585727,149415.2507632381,121816.79999999999,21690.16844769999,3,,121816.79999999999,149430.6507632381,False,84.00289227542207,,
lamf-test-126e2855-07db-43fa-b439-d9b840b19bc8,"{<resource_manager.instance.OnPremInstance object at 0x138b97e00>: [(5, 121846.79999999999, None)]}",318.1127601463231,149448.61502090475,121846.79999999999,21694.86515799149,2,16.0872289634387,121846.79999999999,127769.35222124287,True,23.700859112203137,35.71179501688369,12.010935904680553
lamf-test-392c05ba-10be-4e78-a3a0-52bfeef6fc2d,"{<resource_manager.instance.OnPremInstance object at 0x138b97e00>: [(3, 122476.79999999999, None)]}",321.5347583668584,149529.83088091377,122476.79999999999,21665.34917389899,1,,122476.79999999999,142250.751,True,157.90287132101304,181.96381489781305,24.060943576800003
lamf-test-82c4ab04-3ecb-433b-af0f-ca823445bb19,"{<resource_manager.instance.OnPremInstance object at 0x138b97e00>: [(2, 124576.79999999999, None)]}",315.22781690787207,149555.99682534309,124576.79999999999,21693.159432526492,2,,124576.79999999999,149571.3968253431,False,67.94705562551316,,
lamf-test-66cd8497-ae77-462b-b793-0f387087c6da,"{<resource_manager.instance.OnPremInstance object at 0x138b97e00>: [(6, 126076.79999999999, None), (3, 135547.87199999997, None)]}",301.4980639885899,149596.97888257133,126076.79999999999,21701.29213070299,2,47.95184887438101,126076.79999999999,138873.8486577297,True,66.03579869785116,101.22574470842767,35.189946010576506
lamf-test-99025f0c-24c1-4390-aabb-11e1215ca402,"{<resource_manager.instance.OnPremInstance object at 0x138b97e00>: [(4, 126256.79999999999, None)]}",311.1930919467007,149700.4247200841,126256.79999999999,22281.06437830699,1,70.19807620351351,126256.79999999999,135899.252,True,101.9317688037115,117.57568292851154,15.64391412480003
lamf-test-cfddfdef-fe2e-45ad-8560-6fe3d62d6b0a,"{<resource_manager.instance.OnPremInstance object at 0x138b97e00>: [(2, 126286.79999999999, None)]}",315.13941756268656,149787.91659316942,126286.79999999999,21685.23936242099,3,,126286.79999999999,135933.87099999998,True,29.346934367632507,37.1726383628325,7.825703995199997
lamf-test-e78e1cc2-6e29-4c61-bc91-985e5bc2f3d3,"{<resource_manager.instance.OnPremInstance object at 0x138b97e00>: [(2, 126316.79999999999, None)]}",302.016014841831,150053.96417028605,126316.79999999999,22305.25571095699,2,,126316.79999999999,148566.796,True,60.48594127937857,78.53513803457858,18.04919675520001
lamf-test-41abfa7b-4d2e-4f8d-8223-ac01154402e5,"{<resource_manager.instance.OnPremInstance object at 0x138b97e00>: [(5, 126346.79999999999, None)]}",281.0110578746165,150071.6950400294,126346.79999999999,22259.294259136987,1,79.07998539812904,126346.79999999999,135841.44535398862,True,124.92004306335329,144.17518384124222,19.255140777888936
lamf-test-5092ef74-6b46-43b7-99dd-8d0710db91b8,"{<resource_manager.instance.OnPremInstance object at 0x138b97e00>: [(2, 127576.79999999999, None)]}",322.80175063254035,150131.76884015766,127576.79999999999,22290.44978327299,2,,127576.79999999999,139699.916,True,32.95632423929851,42.79059593849852,9.834271699200007
lamf-test-19bc22b3-fa83-4e8f-80ba-b5e9bf28dfd3,"{<resource_manager.instance.CloudReservedInstance object at 0x138da4830>: [(2, 127756.79999999999, None)], <resource_manager.instance.CloudReservedInstance object at 0x138d9d1d0>: [(1, 127756.79999999999, None)]}",295.4218339024769,150179.43399191447,127756.79999999999,22273.215024493988,3,,127756.79999999999,150194.8339919145,False,85.3222069811944,,
lamf-test-c274bdfc-8db1-4605-b2d9-a7aecde8c778,"{<resource_manager.instance.OnPremInstance object at 0x138b97e00>: [(6, 128296.79999999999, None), (5, 136777.87199999997, None)]}",265.46601281858847,150201.39132643718,128296.79999999999,22315.59723637499,1,133.5144804928129,128296.79999999999,138425.147,True,181.11996379952893,209.108982758729,27.98901895920007
lamf-test-40e901f4-82e9-4267-8389-b0ffba33f220,"{<resource_manager.instance.OnPremInstance object at 0x138b97e00>: [(2, 128356.79999999999, None)]}",288.17880631872265,150222.21689836198,128356.79999999999,22306.25571095699,3,,128356.79999999999,150237.616898362,False,66.56267974252646,,
lamf-test-149ce9f5-0d8c-4297-a44f-d357e4f39148,"{<resource_manager.instance.CloudOnDemandInstance object at 0x138bde8b0>: [(1, 128596.79999999999, None)], <resource_manager.instance.CloudOnDemandInstance object at 0x138d9d590>: [(1, 128596.79999999999, None)]}",300.3994249069391,150306.62321792368,128596.79999999999,22868.34216009599,2,,128997.33599999998,150322.0232179237,False,76.98305298733209,,
lamf-test-bf71bbb6-9331-40ad-a925-11646e59f2d1,"{<resource_manager.instance.OnPremInstance object at 0x138b97e00>: [(3, 129027.33599999998, None), (3, 145362.6959999999, None)]}",282.21590282196104,150369.22554660647,129027.33599999998,22886.889047765984,1,168.94253251197742,129027.33599999998,150384.6255466065,False,210.6485667949939,,
lamf-test-69086cac-7446-4f6a-8081-52b2794b57e0,"{<resource_manager.instance.OnPremInstance object at 0x138b97e00>: [(5, 129057.33599999998, None)]}",305.46905892401105,150370.36655418944,129057.33599999998,22885.538248469984,1,,129057.33599999998,150385.76655418947,False,280.6159012757457,,
lamf-test-7ebc6423-600b-435f-a9e9-a2b0849ab334,"{<resource_manager.instance.OnPremInstance object at 0x138b97e00>: [(2, 129087.33599999998, None)]}",316.11199289564274,150388.17419662164,129087.33599999998,22297.25788205599,3,,129087.33599999998,150403.57419662166,False,64.84519947257336,,
lamf-test-b58f906b-2d05-4446-a3bc-51167f13e3e6,"{<resource_manager.instance.CloudReservedInstance object at 0x138dac6e0>: [(3, 129987.33599999998, None)], <resource_manager.instance.CloudOnDemandInstance object at 0x138bde8b0>: [(1, 129987.33599999998, None)], <resource_manager.instance.CloudOnDemandInstance object at 0x138d9d590>: [(1, 129987.33599999998, None)], <resource_manager.instance.CloudOnDemandInstance object at 0x138d9d090>: [(1, 129987.33599999998, None)]}",316.2032012612325,150426.75313003763,129987.33599999998,22900.438291788985,3,,129987.33599999998,150442.15313003765,False,119.26402362432287,,
lamf-test-b5a60c8a-d1f9-478b-ae9a-509c17955932,"{<resource_manager.instance.OnPremInstance object at 0x138b97e00>: [(2, 130107.33599999998, None)]}",324.40240962171197,150472.17579945587,130107.33599999998,22861.99693895799,3,,130107.33599999998,150487.5757994559,False,61.997839529868166,,
lamf-test-9f0d95ee-6854-40c8-8565-0f4dd00f352a,"{<resource_manager.instance.OnPremInstance object at 0x138b97e00>: [(6, 130167.33599999998, None), (3, 134187.33599999998, None)]}",320.55973978326983,150509.31695926204,130167.33599999998,22903.772509834984,2,17.373836446453566,130167.33599999998,135097.1382702899,True,24.240689072969484,37.3449032804358,13.104214207466319
lamf-test-839b9375-daf1-448d-ba2a-4e7b8a8c32c7,"{<resource_manager.instance.CloudOnDemandInstance object at 0x138bde8b0>: [(5, 134847.33599999998, None)]}",301.3962656663327,150517.61820053216,134847.33599999998,22928.536798242985,2,,135247.87199999997,150533.01820053218,False,62.770935574053865,,
lamf-test-40d5168b-a00e-400f-be31-0989d001eb8a,"{<resource_manager.instance.OnPremInstance object at 0x138b97e00>: [(5, 135277.87199999997, None)]}",309.100009518621,150533.65895710548,135277.87199999997,22872.239564525986,1,67.37740177960282,135277.87199999997,150549.0589571055,False,200.92138897096785,,
lamf-test-428a5c4f-d275-462f-92b2-ce62eba8c360,"{<resource_manager.instance.OnPremInstance object at 0x138b97e00>: [(3, 135307.87199999997, None)]}",317.27331098542436,150534.71076059164,135307.87199999997,22926.951638301984,2,,135307.87199999997,141983.68899999998,True,21.534730481788035,29.65786460738805,8.123134125600012
lamf-test-2bdcc975-2bba-4e1b-b91b-cbf27bbd3d9e,"{<resource_manager.instance.OnPremInstance object at 0x138b97e00>: [(3, 135337.87199999997, None)]}",305.14777040330046,150579.47654799873,135337.87199999997,22904.772509834984,2,6.483821870550658,135337.87199999997,147988.89699999997,True,40.80944904471796,56.20321626471795,15.393767219999994
lamf-test-148cba0e-a0fd-4d8a-bdee-4b95ab96aac5,"{<resource_manager.instance.OnPremInstance object at 0x138b97e00>: [(2, 135367.87199999997, None)]}",312.0707447319161,150609.21272931702,135367.87199999997,22914.910167794984,2,,135367.87199999997,150624.61272931704,False,41.474988304185544,,
lamf-test-5bc1a782-dd52-49ae-bc07-d0663fcf61e7,"{<resource_manager.instance.OnPremInstance object at 0x138b97e00>: [(2, 135397.87199999997, None)]}",301.43918655680113,150612.28166628873,135397.87199999997,22892.516353917985,3,,135397.87199999997,150627.68166628876,False,46.32994042524536,,
lamf-test-d45fbec7-9b0f-4259-abad-f034f5395e54,"{<resource_manager.instance.OnPremInstance object at 0x138b97e00>: [(6, 135847.87199999997, None)]}",280.99105703286153,150620.3434140743,135847.87199999997,22895.403726007986,3,,135847.87199999997,150635.74341407433,False,134.9566179701059,,
lamf-test-1427c66a-6963-488b-ab08-8c64fb5d9b94,"{<resource_manager.instance.OnPremInstance object at 0x138b97e00>: [(2, 135877.87199999997, None)]}",298.2879652023477,150624.1884694863,135877.87199999997,22864.55512256899,3,,135877.87199999997,150639.58846948633,False,44.90597450600459,,
lamf-test-7a3c0981-c912-40bd-abf1-e641ec485e3c,"{<resource_manager.instance.OnPremInstance object at 0x138b97e00>: [(4, 135907.87199999997, None), (3, 142641.62399999992, None), (7, 144582.6959999999, None)]}",284.5214240267859,150651.14392513977,135907.87199999997,22920.924980397984,1,107.20306456764692,135907.87199999997,146107.6461769943,True,163.45075152804588,188.54595948029078,25.0952079522449
lamf-test-4074e8ae-38e4-47d8-96f0-2b516c5dbf1c,"{<resource_manager.instance.OnPremInstance object at 0x138b97e00>: [(5, 135967.87199999997, None), (5, 139938.40799999997, None)]}",310.48405344969365,150655.19774421988,135967.87199999997,22911.952034477985,2,15.889284014819882,135967.87199999997,144344.5519280196,True,51.154282132191426,77.07784891223899,25.923566780047565
lamf-test-f7210e1f-cff9-45ee-8bc0-a8175fe8ebd6,"{<resource_manager.instance.OnPremInstance object at 0x138b97e00>: [(5, 136267.87199999997, None)]}",326.41616010620436,150656.27969997886,136267.87199999997,22916.924980397984,3,34.91982660278332,136267.87199999997,142762.93322124289,True,49.39585688069748,62.5678410373781,13.171984156680624
lamf-test-fcfa61f8-fb72-4399-968e-6a610b0ab0bf,"{<resource_manager.instance.OnPremInstance object at 0x138b97e00>: [(2, 136297.87199999997, None)]}",313.1978271806075,150678.3228276984,136297.87199999997,22907.772509834984,3,,136297.87199999997,150693.72282769842,False,43.7929905778339,,
lamf-test-24897bbd-5428-45bb-8605-42c32b3705e5,"{<resource_manager.instance.OnPremInstance object at 0x138b97e00>: [(4, 136327.87199999997, None), (4, 147863.2319999999, None)]}",286.04299928912167,150680.39703383023,136327.87199999997,22875.579438836987,1,121.94197581565061,136327.87199999997,150695.79703383025,False,181.82889340670988,,
lamf-test-4ba33463-237c-4203-b07d-0e82e6721170,"{<resource_manager.instance.OnPremInstance object at 0x138b97e00>: [(3, 138007.87199999997, None)]}",300.31933938422,150753.25572788515,138007.87199999997,23533.410175484478,3,48.57812457221045,138007.87199999997,150768.65572788517,False,58.228536289688314,,
lamf-test-02fe1a43-a736-43c9-9c85-be0376b7fc19,"{<resource_manager.instance.OnPremInstance object at 0x138b97e00>: [(5, 138037.87199999997, None)]}",308.8536180971014,150779.86075593403,138037.87199999997,22889.426125395985,1,161.38109422769688,138037.87199999997,150795.26075593405,False,167.84761234896916,,
lamf-test-f8986cb1-d053-4850-bf13-41d00a98cf1e,"{<resource_manager.instance.OnPremInstance object at 0x138b97e00>: [(4, 138067.87199999997, None)]}",287.57775868831527,150863.63248720326,138067.87199999997,22896.403726007986,1,,138067.87199999997,150879.03248720328,False,135.4286491536436,,
lamf-test-d212c24c-f064-4abc-b718-e3f5047c2ba0,"{<resource_manager.instance.OnPremInstance object at 0x138b97e00>: [(2, 138097.87199999997, None)]}",293.3563284527143,150936.91205879694,138097.87199999997,23536.410175484478,1,,138097.87199999997,147752.64299999998,True,52.132385808806795,59.9643360440068,7.831950235200006
lamf-test-1283a5be-14de-41ee-87aa-766aaeeafbd0,"{<resource_manager.instance.OnPremInstance object at 0x138b97e00>: [(2, 138487.87199999997, None)]}",301.49919325008074,151007.4165547373,138487.87199999997,23487.207606575485,1,,138487.87199999997,151022.81655473734,False,67.68431541458305,,
lamf-test-f0315257-5d66-421d-9c01-8e16991d06a5,"{<resource_manager.instance.OnPremInstance object at 0x138b97e00>: [(2, 138517.87199999997, None)]}",305.3642818037283,151038.13436920373,138517.87199999997,23524.24336024448,2,,138517.87199999997,151053.53436920376,False,34.07781906845175,,
lamf-test-e6e8ad32-a552-476d-b1c5-243e186072d9,"{<resource_manager.instance.OnPremInstance object at 0x138b97e00>: [(5, 138547.87199999997, None), (3, 143102.15999999992, None)]}",301.57276338943484,151047.19206588384,138547.87199999997,23532.28819392248,3,76.3795391284503,138547.87199999997,148056.76157523153,True,94.92471306084515,120.23750031615658,25.31278725531143
lamf-test-dc2541ca-2f35-4ff7-a081-304448699c5d,"{<resource_manager.instance.OnPremInstance object at 0x138b97e00>: [(4, 138907.87199999997, None)]}",302.5926540431739,151051.32311149588,138907.87199999997,23477.826128094985,2,,138907.87199999997,151066.7231114959,False,44.28449584895194,,
lamf-test-56deb4eb-b644-4e7e-85a7-0b42646d64fc,"{<resource_manager.instance.OnPremInstance object at 0x138b97e00>: [(6, 138937.87199999997, None)]}",306.28440469326864,151103.93966148773,138937.87199999997,23493.199716658983,1,156.25982751539917,138937.87199999997,151119.33966148776,False,191.76848474621426,,
lamf-test-83f17b85-900c-4e31-a217-dd0b4f586b8a,"{<resource_manager.instance.CloudOnDemandInstance object at 0x138bde520>: [(5, 139447.87199999997, None)]}",288.7334571232547,151179.06472710284,139447.87199999997,23489.843177327984,2,,139848.40799999997,151194.46472710287,False,47.007494214220905,,
lamf-test-abcbfaf9-4394-4781-ad4d-3fb7fa5ff51e,"{<resource_manager.instance.OnPremInstance object at 0x138b97e00>: [(2, 139878.40799999997, None)]}",309.876487988864,151210.98977409521,139878.40799999997,23490.843177327984,2,,139878.40799999997,149525.479,True,26.225270783149675,34.0509747783497,7.82570399520002
lamf-test-5fe98500-df89-4426-8e51-1b37ee4edaf5,"{<resource_manager.instance.OnPremInstance object at 0x138b97e00>: [(4, 139908.40799999997, None), (4, 147323.2319999999, None)]}",303.76251598622537,151278.29222668978,139908.40799999997,23471.708955144986,3,45.11262605521292,139908.40799999997,148826.91711714983,True,63.40980597338074,80.31877389910872,16.908967925727985
lamf-test-41484c5d-dab9-4fc2-841b-978aca5bdeb2,"{<resource_manager.instance.CloudReservedInstance object at 0x138dac6e0>: [(1, 139938.40799999997, None)], <resource_manager.instance.CloudOnDemandInstance object at 0x138d9d590>: [(1, 139938.40799999997, None)]}",313.1753681024487,151408.35408035637,139938.40799999997,23535.410175484478,3,,139938.40799999997,151423.7540803564,False,20.38112468945546,,
lamf-test-9ad89462-a613-4c9d-9a32-fabf39e2e806,"{<resource_manager.instance.CloudOnDemandInstance object at 0x138d9d590>: [(4, 139968.40799999997, None)]}",296.81691444265005,151411.3095465064,139968.40799999997,23510.191879665483,2,,140368.94399999996,151426.70954650643,False,31.149046251666853,,
lamf-test-12a002f4-7e1c-496b-9a4e-a93d4e06b741,"{<resource_manager.instance.CloudReservedInstance object at 0x138dac6e0>: [(1, 140398.94399999996, None)], <resource_manager.instance.CloudOnDemandInstance object at 0x138bde8b0>: [(1, 140398.94399999996, None)], <resource_manager.instance.CloudOnDemandInstance object at 0x138d9d590>: [(2, 140398.94399999996, None)]}",314.11889639051043,151432.424944358,140398.94399999996,23526.09434887748,3,,140398.94399999996,151447.82494435803,False,44.8150924302809,,
lamf-test-9ffee495-f8cb-44fb-b137-e305b7d85839,"{<resource_manager.instance.CloudOnDemandInstance object at 0x138d9d590>: [(2, 140428.94399999996, None)], <resource_manager.instance.CloudOnDemandInstance object at 0x138d9d090>: [(4, 140428.94399999996, None)]}",307.10562435897356,151435.62725143088,140428.94399999996,23495.29510643698,3,,140829.47999999995,151451.0272514309,False,39.11809910006673,,
lamf-test-78bf4bff-956c-4436-83bb-3c669d0a9c53,"{<resource_manager.instance.CloudOnDemandInstance object at 0x138d9d090>: [(6, 140859.47999999995, None)]}",306.11726586615526,151525.43417033716,140859.47999999995,24142.368080368473,3,,141260.01599999995,151540.83417033718,False,32.49328213654949,,
lamf-test-a7c97e24-903a-4dca-ba7e-7021d2a7a153,"{<resource_manager.instance.CloudOnDemandInstance object at 0x138d9d090>: [(1, 141290.01599999995, None)], <resource_manager.instance.CloudOnDemandInstance object at 0x138bde520>: [(4, 141290.01599999995, None)]}",272.31748586313887,151592.07856933516,141290.01599999995,24127.956864095475,2,,141690.55199999994,151607.4785693352,False,50.7457940969753,,
lamf-test-312a9c71-c247-4c60-8584-abd787ddbb55,"{<resource_manager.instance.CloudReservedInstance object at 0x138d9d1d0>: [(1, 141720.55199999994, None)], <resource_manager.instance.CloudReservedInstance object at 0x138d9cf50>: [(1, 141720.55199999994, None)]}",292.183210394434,151608.32160956066,141720.55199999994,24099.457090179476,2,,141720.55199999994,151623.7216095607,False,27.63704377215833,,
lamf-test-7ba8094d-b37b-4d4a-94ab-43b835082051,"{<resource_manager.instance.CloudReservedInstance object at 0x138d9cf50>: [(2, 141750.55199999994, None)], <resource_manager.instance.CloudReservedInstance object at 0x138dac6e0>: [(1, 141750.55199999994, None)], <resource_manager.instance.CloudReservedInstance object at 0x138bde650>: [(1, 141750.55199999994, None)], <resource_manager.instance.CloudOnDemandInstance object at 0x138bde8b0>: [(1, 141750.55199999994, None)]}",332.19054549183284,151694.86787678764,141750.55199999994,23491.843177327984,1,,141750.55199999994,151710.26787678766,False,82.05713133967123,,
lamf-test-0cd37ffc-60a0-45ac-a12c-e91d25ec64ae,"{<resource_manager.instance.CloudOnDemandInstance object at 0x138bde8b0>: [(1, 141780.55199999994, None)], <resource_manager.instance.CloudOnDemandInstance object at 0x138bde520>: [(3, 141780.55199999994, None)]}",319.43122695892134,151697.82963663002,141780.55199999994,24082.951816177476,2,,142181.08799999993,151713.22963663004,False,52.19441791751771,,
lamf-test-645d6243-57db-44a7-8643-adaa04af4482,"{<resource_manager.instance.CloudOnDemandInstance object at 0x138dac440>: [(2, 142211.08799999993, None)]}",322.6425482972228,151710.21624747076,142211.08799999993,24096.103769676476,2,,142611.62399999992,151725.61624747078,False,21.79722738799189,,
lamf-test-d2f5cd50-cfbe-4991-819e-7c0f2710b47f,"{<resource_manager.instance.CloudReservedInstance object at 0x138da4830>: [(1, 142641.62399999992, None)], <resource_manager.instance.CloudReservedInstance object at 0x138d9cf50>: [(1, 142641.62399999992, None)], <resource_manager.instance.CloudReservedInstance object at 0x138bde3f0>: [(2, 142641.62399999992, None)], <resource_manager.instance.CloudOnDemandInstance object at 0x138bde8b0>: [(1, 142641.62399999992, None)]}",311.4299673200502,151725.5713853242,142641.62399999992,24126.720170105476,3,,142641.62399999992,151740.97138532423,False,59.97491115127434,,
lamf-test-dc511cd7-1e75-49c2-8aa3-d524b909408f,"{<resource_manager.instance.CloudOnDemandInstance object at 0x138dac440>: [(4, 142671.62399999992, None)]}",314.927009218563,151745.67069440449,142671.62399999992,24131.880531314473,2,,143072.15999999992,151761.0706944045,False,27.898837041492783,,
lamf-test-b990cc86-2c21-4994-9a3c-749243831b25,"{<resource_manager.instance.OnPremInstance object at 0x138b97e00>: [(6, 144062.15999999992, None), (6, 146052.6959999999, None)]}",310.5105298170665,151754.10181132748,144062.15999999992,24132.880531314473,1,125.5110472279255,144062.15999999992,151769.5018113275,False,211.33155052776797,,
lamf-test-9b31ccd0-de9d-4a37-a3f7-8fd2b636291f,"{<resource_manager.instance.CloudOnDemandInstance object at 0x138dac440>: [(3, 144092.15999999992, None)]}",327.6403585971007,151756.1066089062,144092.15999999992,24095.103769676476,3,,144492.6959999999,151771.50660890623,False,23.361005730949316,,
lamf-test-04b92d0c-09b8-4d57-b497-ad0e8c94db20,"{<resource_manager.instance.OnPremInstance object at 0x138b97e00>: [(4, 144522.6959999999, None), (4, 149493.7679999999, None)]}",288.85732232610275,151766.27592543396,144522.6959999999,24102.780451892475,2,29.982795533312633,144522.6959999999,151781.67592543398,False,34.77130458505679,,
lamf-test-c5b0481f-991f-4411-b1f4-57a207573df6,"{<resource_manager.instance.OnPremInstance object at 0x138b97e00>: [(2, 144552.6959999999, None)]}",313.8720815034799,151782.55286486226,144552.6959999999,24135.110727322473,1,,144552.6959999999,151797.95286486228,False,39.12185241502991,,
lamf-test-77e5d9c6-171e-477d-8afc-4f99278cdf05,"{<resource_manager.instance.OnPremInstance object at 0x138b97e00>: [(4, 145812.6959999999, None)]}",322.5604323889228,151796.26484066213,145812.6959999999,24117.523549540478,1,,145812.6959999999,151811.66484066215,False,63.41597603255396,,
lamf-test-fc29d004-f407-4101-a296-9bd4c445802f,"{<resource_manager.instance.OnPremInstance object at 0x138b97e00>: [(3, 146172.6959999999, None)]}",287.35046195532897,151801.16729739637,146172.6959999999,24145.08209820447,1,12.062231348391457,146172.6959999999,151816.5672973964,False,45.0685592993103,,
lamf-test-23584a84-c1ab-462f-856d-dbafc172fc72,"{<resource_manager.instance.OnPremInstance object at 0x138b97e00>: [(3, 146202.6959999999, None)]}",302.5519454321837,151808.7276599336,146202.6959999999,24113.118758970475,2,,146202.6959999999,151824.1276599336,False,18.133513204220915,,
lamf-test-cde41d2e-d3b7-483c-acf5-fce25843f6ec,"{<resource_manager.instance.OnPremInstance object at 0x138b97e00>: [(6, 146292.6959999999, None)]}",306.0420948865999,151905.74094115995,146292.6959999999,24122.720170105476,3,30.30866529774114,146292.6959999999,151121.0006577296,True,44.06392569226276,55.814087907313734,11.75016221505098
lamf-test-65c75674-6d61-48c2-8e2f-0deaa2e53c50,"{<resource_manager.instance.CloudReservedInstance object at 0x138d9d1d0>: [(2, 146532.6959999999, None)], <resource_manager.instance.CloudReservedInstance object at 0x138d9cf50>: [(1, 146532.6959999999, None)], <resource_manager.instance.CloudReservedInstance object at 0x138bde3f0>: [(2, 146532.6959999999, None)]}",310.9138494061531,151923.81870853866,146532.6959999999,24081.951816177476,3,,146532.6959999999,151939.21870853868,False,27.41157861707493,,
lamf-test-d6fa2a21-a6b8-4090-9263-4f50b3edb3c2,"{<resource_manager.instance.CloudOnDemandInstance object at 0x138bde8b0>: [(1, 146562.6959999999, None)], <resource_manager.instance.CloudOnDemandInstance object at 0x138d9d590>: [(1, 146562.6959999999, None)]}",330.4100477007284,151946.3310615041,146562.6959999999,24124.720170105476,3,,146963.2319999999,151961.73106150414,False,12.318126994077632,,
lamf-test-45c4a9c4-2171-4eea-b952-821722a13bda,"{<resource_manager.instance.CloudReservedInstance object at 0x138d9d1d0>: [(1, 146993.2319999999, None)], <resource_manager.instance.CloudOnDemandInstance object at 0x138dac440>: [(1, 146993.2319999999, None)]}",298.1165366351332,151991.10446965127,146993.2319999999,24123.720170105476,1,,146993.2319999999,152006.5044696513,False,17.411167600634787,,
lamf-test-c13983c3-88d3-4223-81f1-3d841bb80c73,"{<resource_manager.instance.OnPremInstance object at 0x138b97e00>: [(2, 147023.2319999999, None)]}",305.7706698908458,152053.6334588477,147023.2319999999,24088.251578984477,2,,147023.2319999999,152069.03345884773,False,13.716858679312667,,
lamf-test-1ad130e5-9bde-4344-b318-966e1bea0db8,"{<resource_manager.instance.OnPremInstance object at 0x138b97e00>: [(3, 148043.2319999999, None)]}",318.45733543495004,152054.71559398703,148043.2319999999,24754.148439867473,2,,148043.2319999999,152070.11559398705,False,12.98984871485349,,
lamf-test-7979bb4a-71ea-47f3-84d7-1d24a91cba4c,"{<resource_manager.instance.OnPremInstance object at 0x138b97e00>: [(5, 148103.2319999999, None)]}",311.8838093943903,152154.50102759598,148103.2319999999,24129.914657975474,1,,148103.2319999999,152303.00399999993,False,55.255955281770824,,
lamf-test-1e44c24c-1701-4294-a6ab-3ce0d97fb03e,"{<resource_manager.instance.OnPremInstance object at 0x138b97e00>: [(2, 148133.2319999999, None)]}",298.2553599828783,152157.54354142802,148133.2319999999,24745.484705314473,2,,148133.2319999999,152172.94354142805,False,10.98183366327124,,
lamf-test-e33fe393-b630-4b60-808f-c6f040f082e2,"{<resource_manager.instance.CloudOnDemandInstance object at 0x138dac440>: [(2, 148163.2319999999, None)]}",327.52562812519227,152167.54197541546,148163.2319999999,24083.951816177476,2,,148563.7679999999,152182.94197541548,False,9.20892030471436,,
lamf-test-15a5355c-cd07-47e3-bf06-04b51c890922,"{<resource_manager.instance.OnPremInstance object at 0x138b97e00>: [(5, 148593.7679999999, None)]}",322.38171487119865,152175.8860116198,148593.7679999999,24738.33069334647,2,,148593.7679999999,152191.2860116198,False,14.396541281846856,,
lamf-test-f3078c7f-f25a-4299-8013-371831a11b64,"{<resource_manager.instance.OnPremInstance object at 0x138b97e00>: [(2, 148623.7679999999, None)]}",312.7795478127634,152235.28444294448,148623.7679999999,24709.20670923847,2,,148623.7679999999,152250.6844429445,False,9.859662671092622,,
lamf-test-f2614325-1947-40b1-a523-3000b383e339,"{<resource_manager.instance.CloudReservedInstance object at 0x138da4830>: [(3, 148653.7679999999, None)]}",278.85761232530825,152268.54913266457,148653.7679999999,24715.493854850472,3,,148653.7679999999,152283.9491326646,False,16.564823785830253,,
lamf-test-805d6c2e-fd88-4e3f-a058-f7e8f540eed7,"{<resource_manager.instance.OnPremInstance object at 0x138b97e00>: [(6, 148863.7679999999, None)]}",301.5658399516932,152340.9578210359,148863.7679999999,24685.20898383747,2,,148863.7679999999,152356.35782103593,False,15.09444883712153,,
lamf-test-5b196625-a7df-4339-87a7-0589b911f17b,"{<resource_manager.instance.OnPremInstance object at 0x138b97e00>: [(6, 148893.7679999999, None)]}",323.31432092168734,152379.91680643178,148893.7679999999,24707.20670923847,1,47.5596550308006,148893.7679999999,152395.3168064318,False,55.123629396258636,,
lamf-test-f58f745a-82e9-43d3-8360-ed7f11305cc1,"{<resource_manager.instance.CloudReservedInstance object at 0x138d9d1d0>: [(1, 148923.7679999999, None)], <resource_manager.instance.CloudReservedInstance object at 0x138d9cf50>: [(1, 148923.7679999999, None)], <resource_manager.instance.CloudReservedInstance object at 0x138bde3f0>: [(2, 148923.7679999999, None)]}",277.06316426751624,152406.3400018597,148923.7679999999,24708.20670923847,3,,148923.7679999999,152421.74000185973,False,15.074789979369058,,
lamf-test-20f36af9-76f0-448f-b61f-5fa96da2f073,"{<resource_manager.instance.OnPremInstance object at 0x138b97e00>: [(5, 149103.7679999999, None)]}",306.7750534246782,152419.6428366032,149103.7679999999,24706.093535319473,2,,149103.7679999999,152435.0428366032,False,13.331089810094388,,
lamf-test-176e7c79-1f86-4828-a8d1-7155fdf161df,"{<resource_manager.instance.OnPremInstance object at 0x138b97e00>: [(2, 149133.7679999999, None)]}",293.43464758797063,152430.0584774883,149133.7679999999,24728.27019352047,2,,149133.7679999999,152445.4584774883,False,9.00273041652868,,
lamf-test-634e53a9-aba8-416a-9ebe-5cb9ee543a7e,"{<resource_manager.instance.CloudReservedInstance object at 0x138da4830>: [(2, 150243.7679999999, None)], <resource_manager.instance.CloudReservedInstance object at 0x138d9d1d0>: [(1, 150243.7679999999, None)]}",288.18037476346586,152446.87322750074,150243.7679999999,24694.43904968347,3,,150243.7679999999,152462.27322750076,False,8.436022615791556,,
lamf-test-e05a8c26-5e2e-4fab-a8e5-9ce1b734956f,"{<resource_manager.instance.OnPremInstance object at 0x138b97e00>: [(4, 150303.7679999999, None)]}",328.4711524477416,152449.81256578767,150303.7679999999,24739.51330102047,1,,150303.7679999999,152465.2125657877,False,22.848946280667995,,
lamf-test-7626bae1-06ab-482b-a023-1a1539062cfb,"{<resource_manager.instance.OnPremInstance object at 0x138b97e00>: [(4, 150423.7679999999, None)]}",300.40391955978936,152452.63711299896,150423.7679999999,24704.093535319473,2,,150423.7679999999,152468.03711299898,False,7.445557661542141,,
lamf-test-d3c1ce6e-976b-4e11-a316-3c379f3ce935,"{<resource_manager.instance.OnPremInstance object at 0x138b97e00>: [(3, 150483.7679999999, None)]}",297.3863310840442,152488.9591689791,150483.7679999999,24705.093535319473,3,,150483.7679999999,152504.35916897914,False,9.220128537436645,,
lamf-test-6183c783-1429-4d5f-8608-07133770df8f,"{<resource_manager.instance.OnPremInstance object at 0x138b97e00>: [(2, 150513.7679999999, None)]}",310.41904333689564,152491.2714691865,150513.7679999999,24729.69247285647,2,,150513.7679999999,152506.67146918652,False,5.417647814979023,,
lamf-test-a315b39b-1ef1-430b-b0b4-9fc98d8c4171,"{<resource_manager.instance.OnPremInstance object at 0x138b97e00>: [(3, 150543.7679999999, None)]}",298.94072038973326,152520.12279397974,150543.7679999999,24712.354452916472,2,,150543.7679999999,152535.52279397976,False,6.424966812925764,,
lamf-test-ccffacfb-9ba1-4a70-a2f8-c26ca5c073dd,"{<resource_manager.instance.CloudReservedInstance object at 0x138dac6e0>: [(3, 150603.7679999999, None)]}",308.5948421811894,152521.19395527372,150603.7679999999,24701.520958513473,2,,150603.7679999999,152536.59395527374,False,5.254328910169357,,
lamf-test-c6476f48-7d2c-41f6-9b97-5a54f98dd980,"{<resource_manager.instance.CloudOnDemandInstance object at 0x138bde8b0>: [(2, 150633.7679999999, None)]}",292.9421630666556,152566.05107973417,150633.7679999999,24690.29942006547,3,,151034.3039999999,152581.4510797342,False,5.924961836593806,,
lamf-test-673ed82c-6612-45cc-838b-3e7192b26eb3,"{<resource_manager.instance.OnPremInstance object at 0x138b97e00>: [(6, 151064.3039999999, None)]}",323.9926877676555,152580.1670210335,151064.3039999999,24751.030925954474,1,,151064.3039999999,152595.56702103352,False,24.106125587798505,,
lamf-test-c8cde8a0-c192-4372-8fd9-91e35fa2a643,"{<resource_manager.instance.OnPremInstance object at 0x138b97e00>: [(4, 151094.3039999999, None)]}",313.0223440097014,152581.39253433567,151094.3039999999,24730.94517907947,3,,151094.3039999999,152596.7925343357,False,9.141309814196083,,
lamf-test-aedf9ed2-1b2e-476d-94af-4a073cb14972,"{<resource_manager.instance.OnPremInstance object at 0x138b97e00>: [(6, 151124.3039999999, None)]}",293.1352863380843,152584.32773109793,151124.3039999999,24692.95630127647,2,,151124.3039999999,152599.72773109796,False,6.3765598490831135,,
lamf-test-bb7523bc-058b-4a16-8696-3b517a47ab6e,"{<resource_manager.instance.OnPremInstance object at 0x138b97e00>: [(4, 151154.3039999999, None)]}",293.0416764098332,152614.67358635907,151154.3039999999,24734.33069334647,2,,151154.3039999999,152630.0735863591,False,5.374990738996995,,
lamf-test-ca77114b-9a8d-48d4-8ede-72293f2b41fe,"{<resource_manager.instance.OnPremInstance object at 0x138b97e00>: [(6, 151184.3039999999, None)]}",277.9408537525406,152636.5001076652,151184.3039999999,24716.493854850472,1,,151184.3039999999,152651.90010766522,False,23.103840161740354,,
lamf-test-ade0d831-afab-43db-90f6-16f2ab4e4c93,"{<resource_manager.instance.OnPremInstance object at 0x138b97e00>: [(6, 151214.3039999999, None)]}",313.9137363895947,152636.97981605833,151214.3039999999,24698.930141235473,1,,151214.3039999999,152652.37981605835,False,22.63911277847004,,
lamf-test-e58610ed-a0a4-4c8f-abf3-018a5c02838d,"{<resource_manager.instance.CloudOnDemandInstance object at 0x138bde8b0>: [(2, 151244.3039999999, None)]}",313.0676987743484,152669.56951241265,151244.3039999999,24741.85372999647,2,,151644.83999999988,152684.96951241267,False,3.916405629332499,,
lamf-test-30951be6-8d18-4462-8f42-1bda6c60c2b6,"{<resource_manager.instance.OnPremInstance object at 0x138b97e00>: [(4, 151674.83999999988, None)]}",320.13751117032376,152878.65539857934,151674.83999999988,25331.476767306474,1,,151674.83999999988,152894.05539857937,False,12.888504099364868,,
lamf-test-14df0a15-dd26-474b-91c7-36ae75747600,"{<resource_manager.instance.OnPremInstance object at 0x138b97e00>: [(5, 151704.83999999988, None)]}",297.27944487542703,153094.97089928453,151704.83999999988,25335.564788916476,3,,151704.83999999988,153110.37089928455,False,10.689260774847284,,
lamf-test-8b2bdb5b-09e4-4beb-8935-257054020e26,"{<resource_manager.instance.OnPremInstance object at 0x138b97e00>: [(6, 151734.83999999988, None)]}",264.60808242087944,153330.1131477251,151734.83999999988,25909.776168189477,1,,151734.83999999988,153458.5669999999,False,27.136017111567636,,
lamf-test-c8ca42d3-92bd-477a-88a0-ba208fc51e60,"{<resource_manager.instance.OnPremInstance object at 0x138b97e00>: [(6, 151764.83999999988, None)]}",282.96322394825097,153387.54131812678,151764.83999999988,25930.228319619477,2,,151764.83999999988,153402.9413181268,False,7.079627956183372,,
lamf-test-97282fb2-8a15-45ef-9ffc-d2d1017e826d,"{<resource_manager.instance.OnPremInstance object at 0x138b97e00>: [(5, 151794.83999999988, None)]}",338.8782653222551,153481.06140144565,151794.83999999988,25926.483548982476,3,,151794.83999999988,153518.5669999999,False,13.109187010419147,,
lamf-test-b8f89e26-0ea4-4ae6-b0d2-471177f4ea26,"{<resource_manager.instance.OnPremInstance object at 0x138b97e00>: [(2, 151824.83999999988, None)]}",280.4613956789944,153958.71501706328,151824.83999999988,26530.329854793483,2,,151824.83999999988,153974.1150170633,False,5.842739139159108,,
lamf-test-37816ca3-8f1b-4f48-b98a-19da64fc3ae0,"{<resource_manager.instance.CloudReservedInstance object at 0x138dac6e0>: [(1, 151854.83999999988, None)], <resource_manager.instance.CloudOnDemandInstance object at 0x138bde8b0>: [(3, 151854.83999999988, None)]}",306.58987892209666,154040.942682712,151854.83999999988,25959.635696270474,3,,151854.83999999988,154056.342682712,False,12.278008218538016,,
lamf-test-c1154d77-1b34-44ce-a971-3f2383feb4ea,"{<resource_manager.instance.CloudReservedInstance object at 0x138dac6e0>: [(1, 151884.83999999988, None)], <resource_manager.instance.CloudOnDemandInstance object at 0x138bde8b0>: [(1, 151884.83999999988, None)], <resource_manager.instance.CloudOnDemandInstance object at 0x138d9d590>: [(1, 151884.83999999988, None)]}",323.4876460165175,154141.16292855417,151884.83999999988,26541.781370916484,3,,151884.83999999988,154156.5629285542,False,7.486601787513901,,
lamf-test-b0689249-ecb4-459e-8e95-7a9d2be06c96,"{<resource_manager.instance.CloudOnDemandInstance object at 0x138d9d590>: [(3, 151914.83999999988, None)]}",284.5904514592743,154208.92794260004,151914.83999999988,26527.93429235148,2,,152315.37599999987,154224.32794260007,False,5.560528341322651,,
lamf-test-13fc8f66-f398-48d2-89aa-66ced308660e,"{<resource_manager.instance.CloudReservedInstance object at 0x138da4830>: [(1, 152345.37599999987, None)], <resource_manager.instance.CloudReservedInstance object at 0x138d9d1d0>: [(1, 152345.37599999987, None)], <resource_manager.instance.CloudReservedInstance object at 0x138d9cf50>: [(3, 152345.37599999987, None)]}",321.3650971033735,154226.62485562044,152345.37599999987,26519.47987572348,3,,152345.37599999987,154242.02485562046,False,7.212141058713923,,
lamf-test-2b8cc9bb-59e9-4060-b39c-6d5f04292052,"{<resource_manager.instance.CloudReservedInstance object at 0x138d9cf50>: [(1, 152375.37599999987, None)], <resource_manager.instance.CloudReservedInstance object at 0x138bde3f0>: [(2, 152375.37599999987, None)], <resource_manager.instance.CloudReservedInstance object at 0x138dac6e0>: [(1, 152375.37599999987, None)]}",299.1358581203067,154228.76961290793,152375.37599999987,26535.457085457485,2,,152375.37599999987,154244.16961290795,False,10.660869435066974,,
lamf-test-0b735a3d-c6da-43cd-8bcd-eb44b37e0f0a,"{<resource_manager.instance.CloudReservedInstance object at 0x138bde650>: [(1, 152405.37599999987, None)], <resource_manager.instance.CloudOnDemandInstance object at 0x138bde8b0>: [(3, 152405.37599999987, None)]}",342.8375802682962,154290.78514744993,152405.37599999987,26506.259596352476,1,,152405.37599999987,154306.18514744996,False,18.069902154632324,,
lamf-test-1f0a5d71-9d06-4c04-96bf-7cfa55982510,"{<resource_manager.instance.OnPremInstance object at 0x138b97e00>: [(2, 152435.37599999987, None)]}",312.0850513441156,154377.40345818902,152435.37599999987,26512.265402618475,2,,152435.37599999987,154392.80345818904,False,5.321207351887752,,
lamf-test-5ba9c014-6195-45d7-abea-81512079841f,"{<resource_manager.instance.OnPremInstance object at 0x138b97e00>: [(5, 152465.37599999987, None)]}",301.93265828529036,154466.04615577497,152465.37599999987,26542.781370916484,3,,152465.37599999987,154481.446155775,False,15.33249795250678,,
lamf-test-20be8e85-7cad-4afc-88e8-0e3edb5fe2c5,"{<resource_manager.instance.OnPremInstance object at 0x138b97e00>: [(3, 152495.37599999987, None)]}",295.20685518392753,154536.932462457,152495.37599999987,26557.032089125485,1,,152495.37599999987,154552.33246245704,False,16.4256162870182,,
lamf-test-08634fb2-ded7-4587-9003-1ad5dae4cfd2,"{<resource_manager.instance.OnPremInstance object at 0x138b97e00>: [(3, 152525.37599999987, None)]}",310.64872288923095,154540.2966431831,152525.37599999987,27142.324333318487,3,,152525.37599999987,154744.3119999999,False,10.125192790326333,,
lamf-test-1dd5cfe3-7849-452f-a318-28b2a5efd4c8,"{<resource_manager.instance.CloudOnDemandInstance object at 0x138d9d590>: [(6, 152555.37599999987, None)]}",310.0959093491745,154605.23671986134,152555.37599999987,26560.240976746485,1,,152955.91199999987,154620.63671986136,False,16.491929088558525,,
lamf-test-b791b0f5-42f3-4531-8b1f-ce78516f8ce4,"{<resource_manager.instance.OnPremInstance object at 0x138b97e00>: [(6, 152985.91199999987, None)]}",288.9682550881497,154645.5796440154,152985.91199999987,27117.079041207486,3,,152985.91199999987,154660.97964401543,False,15.286950892225102,,
lamf-test-99a8d2c5-cce0-4ff2-9978-994ca454d47c,"{<resource_manager.instance.OnPremInstance object at 0x138b97e00>: [(6, 153015.91199999987, None)]}",285.4522970138994,154743.73830210988,153015.91199999987,27111.789089494487,1,,153015.91199999987,154759.1383021099,False,27.44298764444275,,
lamf-test-046c91ff-d93d-41be-8b0f-0dffe54bb883,"{<resource_manager.instance.OnPremInstance object at 0x138b97e00>: [(3, 153045.91199999987, None)]}",323.54597562068136,154961.10825335095,153045.91199999987,27138.169689856488,1,,153045.91199999987,154976.50825335097,False,15.416579709625523,,
lamf-test-d4c89c20-f07a-465b-9f1e-1768a0a2cb23,"{<resource_manager.instance.OnPremInstance object at 0x138b97e00>: [(6, 153075.91199999987, None)]}",339.10870115855664,154977.29908476825,153075.91199999987,27154.52272621949,3,,153075.91199999987,154992.69908476828,False,17.49292342932612,,
lamf-test-f8ca1580-1486-4a42-a770-8472d8f3e8bf,"{<resource_manager.instance.CloudReservedInstance object at 0x138d9d1d0>: [(3, 153105.91199999987, None)]}",295.2963611823595,155028.8366268025,153105.91199999987,27123.823990473487,1,,153105.91199999987,155044.23662680254,False,7.960265407813841,,
lamf-test-81133641-6f19-4f6d-8a8d-ba18329ce46e,"{<resource_manager.instance.OnPremInstance object at 0x138b97e00>: [(4, 153135.91199999987, None)]}",323.355428277159,155032.97947738675,153135.91199999987,27110.789089494487,2,,153135.91199999987,155048.37947738677,False,6.965514857199044,,
lamf-test-ee0dce40-638f-4c76-99f2-8cba14b9d265,"{<resource_manager.instance.CloudReservedInstance object at 0x138d9cf50>: [(1, 153165.91199999987, None)], <resource_manager.instance.CloudReservedInstance object at 0x138bde3f0>: [(2, 153165.91199999987, None)]}",321.17308588746675,157477.36514727108,153165.91199999987,29562.78118277349,1,,153165.91199999987,157492.7651472711,False,28.08006706977555,,
lamf-test-2035c917-29e7-4cfb-863c-48ca06202031,"{<resource_manager.instance.CloudOnDemandInstance object at 0x138bde8b0>: [(1, 153195.91199999987, None)], <resource_manager.instance.CloudOnDemandInstance object at 0x138d9d590>: [(2, 153195.91199999987, None)], <resource_manager.instance.CloudOnDemandInstance object at 0x138d9d090>: [(2, 153195.91199999987, None)]}",306.5999723469549,163884.73192850483,153195.91199999987,36121.266810668494,1,,153596.44799999986,163900.13192850485,False,81.13574564917461,,
