,instances,budget,deadline,sched_start_time,submit_time,software_id,current_license_cost,exec_start_time,finish_time,complete,license_cost,cost,hardware_cost
lamf-test-ce4837ee-c9b5-4728-816b-793fbe63012e,"{<resource_manager.instance.OnPremInstance object at 0x138857770>: [(5, 30, 390), (2, 390, None), (3, 3840, None), (1, 5580, None)]}",64.81020493737797,14109.368596154949,30,1.0,1,46.65525895505362,30,6281.701999999999,True,58.022094912160604,66.7871968993606,8.765101987199998
lamf-test-fdbe52b3-5ac4-4817-bbd7-3ee39ada2008,"{<resource_manager.instance.OnPremInstance object at 0x138857770>: [(3, 60, 3540), (1, 3540, None), (2, 10500, None), (1, 15474.288, None), (1, 19887.504, None)]}",309.54978900857253,127518.3519297431,60,33.114260662,1,136.8970586356377,60,25350.506,True,212.51241828275917,243.86154161555916,31.3491233328
lamf-test-312a25ed-966e-4a84-89af-21712bfc7175,"{<resource_manager.instance.OnPremInstance object at 0x138857770>: [(4, 1230, 5700), (1, 5700, None)]}",330.5774711754339,128564.75080669181,1230,1206.7957446490002,1,47.25302304357746,1230,22061.878,True,93.29374750931629,107.18225322611629,13.888505716800001
lamf-test-6d60a076-8aec-42f5-ae5c-3923b3793c72,"{<resource_manager.instance.OnPremInstance object at 0x138857770>: [(5, 1260, 6720), (2, 6720, None), (2, 20637.504, None)]}",295.26855467250385,128835.19029044369,1260,1215.5215544705002,1,146.9862943189596,1260,23625.605,True,179.25569442543159,206.4663487326316,27.2106543072
lamf-test-f42e0220-9054-4dba-814a-9d6b93e25e15,"{<resource_manager.instance.OnPremInstance object at 0x138857770>: [(2, 6630, 9630), (1, 9630, None), (2, 18556.968, None), (1, 24018.576, None)]}",293.5168981771201,134395.94676623022,6630,6609.102975571001,3,47.62611909650924,6630,27997.486999999997,True,71.83426268157271,90.9897107231727,19.155448041599996
lamf-test-c2212f64-c788-46d9-9572-57170e08d2ac,"{<resource_manager.instance.OnPremInstance object at 0x138857770>: [(4, 6660, None), (1, 7920, None)]}",57.825321252479114,20773.311035640043,6660,6610.567765267,3,7.665982203969882,6660,8393.795,True,11.269260019773366,14.274340279773366,3.00508026
lamf-test-0aa73555-99c3-40be-a09f-6bf3df006265,"{<resource_manager.instance.OnPremInstance object at 0x138857770>: [(6, 6690, None)]}",310.4901833144852,134486.364498561,6690,6634.9464435790005,3,,6690,22575.188000000002,True,144.97091489847136,183.62910841527136,38.658193516800004
lamf-test-761a035c-9b31-431d-b128-35fe1a248496,"{<resource_manager.instance.OnPremInstance object at 0x138857770>: [(4, 6720, 19827.504), (2, 19827.504, None)]}",281.9460745575701,134597.2208747726,6720,6635.9464435790005,1,213.8469340634269,6720,42213.739,True,259.4391771997871,298.86450552138706,39.425328321600006
lamf-test-c947c209-c0e1-414b-aa78-1430406df6ae,"{<resource_manager.instance.OnPremInstance object at 0x138857770>: [(2, 6750, 7410), (1, 7410, None), (1, 9810, None), (2, 10470, None), (2, 13452.144, None)]}",91.00759406898061,37701.36222045764,6750,6656.545721204,3,25.809682865617155,6750,14570.343999999997,True,36.01456536618751,45.61827131178751,9.603705945599994
lamf-test-1b5247ff-56d3-4066-aafc-ee4137f1169c,"{<resource_manager.instance.OnPremInstance object at 0x138857770>: [(3, 7230, 8190), (2, 8190, None), (1, 12501.072, None), (1, 18106.968, None)]}",98.97570184637311,38572.59146484476,7230,7215.777971624,3,43.075263518138264,7230,19392.25,True,50.89506426344207,64.46682963944207,13.571765375999998
lamf-test-a35e3102-219f-4336-95ce-4d87e6b5e69c,"{<resource_manager.instance.OnPremInstance object at 0x138857770>: [(6, 7260, 8550), (1, 8550, None), (1, 9990, None), (1, 11280, None)]}",88.24903114605627,38430.123649563735,7260,7221.700874015,3,17.88729180926306,7260,13823.698000000002,True,29.49440109514032,37.35942882154032,7.865027726400004
lamf-test-8d2ae00d-f906-47ac-81a5-138a54772bef,"{<resource_manager.instance.OnPremInstance object at 0x138857770>: [(2, 7290, 9300), (1, 9300, None)]}",310.3508838593914,135059.64489493746,7290,7251.1089607760005,3,81.07842117271275,7290,62564.399,True,87.13118716252185,110.36573939692185,23.2345522344
lamf-test-b41bc5e6-51fb-4710-b8ea-caebbe600cb8,"{<resource_manager.instance.OnPremInstance object at 0x138857770>: [(6, 7830, 9840), (2, 9840, None)]}",308.5846884800438,135912.40309379515,7830,7812.189337664,2,8.686918223226783,7830,15313.935,True,23.567644987273614,32.899637059273616,9.331992072
lamf-test-8a5bf643-d5be-430a-ac2f-d8a1f25fa6d3,"{<resource_manager.instance.OnPremInstance object at 0x138857770>: [(3, 7860, 9870), (1, 9870, None), (1, 12931.608, None)]}",322.3613792231315,135530.65877095534,7860,7823.499907145,2,12.695936087327379,7860,26318.533,True,67.02105354940855,81.56808331420855,14.547029764799998
lamf-test-cbef53e7-aa65-412f-b9a4-02aefd0bda1b,"{<resource_manager.instance.OnPremInstance object at 0x138857770>: [(2, 7890, None), (2, 10110, None)]}",89.7921856815224,39093.34401584227,7890,7844.614988057,1,27.53821583390372,7890,16215.16,True,77.91867974750932,89.62455533150931,11.705875584000001
lamf-test-decf70b3-3bab-4cf4-b55a-9508b27560e7,"{<resource_manager.instance.OnPremInstance object at 0x138857770>: [(3, 7920, 11400), (2, 11400, None), (1, 21867.504, None), (1, 24378.576, None)]}",317.6420201174764,135428.34535198964,7920,7859.2811955980005,2,51.602644435137236,7920,29845.395999999997,True,88.64878333932819,113.2993277617282,24.650544422399996
lamf-test-1faee22d-4d95-436a-a021-6148365dd51b,"{<resource_manager.instance.OnPremInstance object at 0x138857770>: [(2, 8430, None)]}",300.8642397517245,135822.57172289313,8430,8407.135365992,3,80.03869495779146,8430,42682.921,True,104.19931857935964,131.98528809455965,27.7859695152
lamf-test-585c2356-1279-476b-b41a-cbdb8ebd0ee3,"{<resource_manager.instance.OnPremInstance object at 0x138857770>: [(4, 8460, 10950), (1, 10950, None)]}",290.6639501784463,135983.7503672059,8460,8409.864638825,2,67.52806989958711,8460,49683.547000000006,True,87.66075997097957,107.41086263417958,19.750102663200003
lamf-test-17aa2292-304e-4763-ab73-533f31d66f3d,"{<resource_manager.instance.OnPremInstance object at 0x138857770>: [(5, 8490, 9780), (2, 9780, None), (2, 11370, None)]}",100.9864715008785,39592.35606740849,8490,8422.623577459999,2,9.484686659917168,8490,12805.006000000001,True,17.286727491884594,23.520809226284598,6.234081734400003
lamf-test-17be3ad6-6cd4-4c64-93c6-3fc4d170d157,"{<resource_manager.instance.OnPremInstance object at 0x138857770>: [(2, 8520, None), (1, 10230, None), (1, 13021.608, None)]}",64.77903730143166,22409.527604542345,8520,8435.155585126999,2,17.901759594242193,8520,15085.415,True,31.887235756516002,40.019536847716005,8.1323010912
lamf-test-410c24b3-e037-404b-8fa3-3b9be7b4adaa,"{<resource_manager.instance.OnPremInstance object at 0x138857770>: [(5, 8550, 9990), (1, 9990, None)]}",105.56808496111117,39598.81441165528,8550,8442.157586530999,3,10.951403148528405,8550,11583.282,True,13.374830025096964,16.941385204296964,3.5665551791999994
lamf-test-dbfc6e86-f385-4c1b-a2d1-36902c12232e,"{<resource_manager.instance.OnPremInstance object at 0x138857770>: [(2, 8580, None), (1, 28629.648, None)]}",332.81097832014945,136258.90470488102,8580,8458.801112684,3,124.5657129819758,8580,47717.502,True,148.09165411818387,187.58202932298386,39.490375204799996
lamf-test-ee649544-0852-4484-9313-a2ec39aaf5e5,"{<resource_manager.instance.OnPremInstance object at 0x138857770>: [(4, 8610, 10200), (2, 10200, None)]}",94.51083597672981,39490.153693818895,8610,8459.801112684,1,16.808122290668493,8610,16327.887999999999,True,49.89657373184272,57.44713247744272,7.5505587456
lamf-test-3e8d9edc-8d07-4ff0-a6aa-1b9473f39dae,"{<resource_manager.instance.OnPremInstance object at 0x138857770>: [(5, 9030, 9960), (1, 9960, None), (2, 10680, None), (3, 12070.536, None)]}",46.55013787044631,23187.76142207338,9030,9000.883562394,1,25.683161305042205,9030,12770.016000000003,True,37.01400319415931,42.58633392695931,5.572330732800007
lamf-test-8daeea4f-cbbf-4fb6-b9f3-5857c1ab865e,"{<resource_manager.instance.OnPremInstance object at 0x138857770>: [(4, 9060, 9660), (2, 9660, None)]}",56.56222725445129,23237.08090967792,9060,9016.691807294499,1,6.342687656856034,9060,13432.168,True,26.71107521484523,30.744497896445232,4.033422681599999
lamf-test-665b3cd3-6953-4941-a220-b425974f248a,"{<resource_manager.instance.OnPremInstance object at 0x138857770>: [(3, 9090, 22227.504), (1, 22227.504, None)]}",295.24467469152273,136603.0029651943,9090,9029.067016665,3,59.947542778918546,9090,25215.188,True,64.49189444064187,81.68941393824187,17.197519497600002
lamf-test-7b6d3b7a-f2bc-4206-bf5c-c8e1aaff27be,"{<resource_manager.instance.OnPremInstance object at 0x138857770>: [(3, 9120, 9930), (2, 9930, None)]}",57.77199384513077,23207.693497686465,9120,9030.851288982,2,2.612883440371161,9120,10631.369000000002,True,4.519533857260072,6.074092390060073,1.554558532800002
lamf-test-e86f1528-c4b7-428d-9220-137c2eee5f81,"{<resource_manager.instance.OnPremInstance object at 0x138857770>: [(5, 9150, 19797.504), (1, 19797.504, None), (1, 46232.328, None)]}",291.443531643958,136972.03328438505,9150,9033.004791677999,2,106.35098572509199,9150,55673.337,True,134.55868692644952,174.5323361536495,39.9736492272
lamf-test-905b51bb-7f4b-480b-babc-216c95cb3e5c,"{<resource_manager.instance.OnPremInstance object at 0x138857770>: [(4, 9180, None)]}",76.07511246679637,23181.761887955152,9180,9044.850505125,3,12.046543463381244,9180,11948.969000000001,True,16.846719902654197,21.3390952082542,4.492375305600001
lamf-test-d53de693-fd3a-47ec-b96e-28dcf292d471,"{<resource_manager.instance.OnPremInstance object at 0x138857770>: [(4, 9210, 10500), (2, 10500, None), (2, 12931.608, None)]}",82.04480128359563,40217.703100511215,9210,9054.886836786,2,31.28260820667171,9210,18536.075999999997,True,41.77979432779789,54.93789962059788,13.158105292799995
lamf-test-d608e81f-e921-488f-9511-ac29f6be8717,"{<resource_manager.instance.OnPremInstance object at 0x138857770>: [(4, 9630, None)]}",290.8535591080783,137635.5061365415,9630,9601.360595334,3,,9630,18566.862,True,54.372877024868814,68.87204193366881,14.499164908800001
lamf-test-794e981d-7b48-479b-88a9-08c76168b3f4,"{<resource_manager.instance.OnPremInstance object at 0x138857770>: [(2, 9660, None)]}",55.43753343799916,23781.405632431877,9660,9603.665615805,3,3.832991101984941,9660,13668.055,True,12.192729485131949,15.444063701131949,3.251334216
lamf-test-d89dd74a-ca32-43e3-9fdb-057b16e15c3a,"{<resource_manager.instance.OnPremInstance object at 0x138857770>: [(2, 9690, None), (2, 14923.752, None)]}",52.589033620058174,23819.52120595001,9690,9611.616571386,1,28.260429842573583,9690,15510.437,True,34.59621735493193,39.79367472133193,5.197457366399999
lamf-test-9d73df9e-a4e9-43ed-b3cd-731892da568c,"{<resource_manager.instance.OnPremInstance object at 0x138857770>: [(6, 9720, 11160), (1, 11160, None), (1, 12501.072, None)]}",116.24356079750007,40730.35247213484,9720,9614.501693315999,3,15.181492128678986,9720,13465.494,True,18.115318275154006,22.945980204754008,4.830661929600001
lamf-test-700b88cb-1fe1-443f-85f3-4e83586778d7,"{<resource_manager.instance.OnPremInstance object at 0x138857770>: [(2, 9750, None), (1, 30789.648, None)]}",323.88597973304996,136902.6947888157,9750,9624.932169860998,1,113.60673876340407,9750,37742.504,True,170.71438558065253,196.24198321905254,25.5275976384
lamf-test-cacf2328-5a7f-4177-ad3a-d6767db7f233,"{<resource_manager.instance.OnPremInstance object at 0x138857770>: [(5, 9780, 12931.608), (2, 12931.608, None), (2, 33020.184, None)]}",299.34289693362723,137556.80421108354,9780,9632.313750983998,2,67.22228574923628,9780,35016.65,True,78.07695064376263,104.00333095736264,25.9263803136
lamf-test-76901c5b-cc70-4a21-8b6a-aa4aa3dedd24,"{<resource_manager.instance.OnPremInstance object at 0x138857770>: [(2, 9810, None)]}",295.82083300729096,136938.19112993166,9810,9634.431941663997,2,,9810,19457.071,True,26.225270783149604,34.050974778349605,7.8257039952
lamf-test-c0570041-d32e-4e8b-8d2d-a250dfe399fc,"{<resource_manager.instance.OnPremInstance object at 0x138857770>: [(5, 9840, 13452.144), (1, 13452.144, None), (4, 40241.256, None)]}",309.1917473885502,137470.86584353208,9840,9638.886032513998,1,122.90653707506274,9840,44715.829999999994,True,182.79892615408005,210.06445408528003,27.265527931199983
lamf-test-ca7252f0-85f2-4005-896c-fb17b2f26952,"{<resource_manager.instance.OnPremInstance object at 0x138857770>: [(6, 9870, 20007.504), (2, 20007.504, None)]}",304.02222934164064,137636.54014535272,9870,9639.886032513998,1,159.59109650924026,9870,36367.022999999994,True,247.9267759525439,285.8682474997439,37.941471547199995
lamf-test-0ae28a41-e363-4bde-bdce-50f826df3b42,"{<resource_manager.instance.OnPremInstance object at 0x138857770>: [(4, 9900, 11490), (1, 11490, None), (5, 16695.36, None)]}",87.69850691765791,40920.08300634823,9900,9642.290613918998,3,36.77086926762492,9900,20275.415892119963,True,50.263435018206366,63.666769053269505,13.403334035063143
lamf-test-9da27dae-e6dc-4f47-b706-a6e8a3713464,"{<resource_manager.instance.OnPremInstance object at 0x138857770>: [(6, 9930, None)]}",296.9549680882063,137415.49430977672,9930,9650.843088507998,3,,9930,14905.189999999999,True,45.404426192105845,57.51204857610584,12.107622383999997
lamf-test-50c28631-c9b3-47d9-9e36-b5f64438ea4d,"{<resource_manager.instance.OnPremInstance object at 0x138857770>: [(6, 9960, 10770), (2, 10770, None), (1, 13972.68, None)]}",57.792712238435485,23545.01618711833,9960,9654.275462760997,3,17.13493041295916,9960,14561.007,True,19.819516313027602,25.104622622627602,5.2851063096
lamf-test-6ea3ccb6-5ec7-474a-bd76-4c0b7e74a8fd,"{<resource_manager.instance.OnPremInstance object at 0x138857770>: [(4, 10230, None)]}",318.43627200467716,137701.61738637215,10230,10205.875221012997,3,,10230,19877.071,True,58.693868735265035,74.34527672566503,15.6514079904
lamf-test-f6a7b87b-3fe2-4927-871e-a0cac1bfa236,"{<resource_manager.instance.OnPremInstance object at 0x138857770>: [(3, 10260, None), (3, 14923.752, None)]}",80.84812600328213,41519.59549410976,10260,10213.485307443996,3,21.281095140314854,10260,16673.541999999998,True,37.24997490303442,47.18311728063441,9.933142377599994
lamf-test-01aed4d0-4ac3-4934-b29d-300b9eb1cf38,"{<resource_manager.instance.OnPremInstance object at 0x138857770>: [(6, 10290, None)]}",48.38806555130056,24584.18122735707,10290,10220.589996531997,3,,10290,11222.804,True,8.51292721879991,10.78299903319991,2.2700718144000005
lamf-test-f035cec5-13b9-4feb-9d16-93fce26c2cc2,"{<resource_manager.instance.OnPremInstance object at 0x138857770>: [(3, 10320, 11130), (2, 11130, None)]}",59.50673849065216,24428.68065718879,10320,10221.671324919997,2,20.164498587910987,10320,20000.666,True,26.727520709743242,34.909012968943244,8.1814922592
lamf-test-7dc86417-03bf-4f7d-b2cc-4f303d7c708b,"{<resource_manager.instance.OnPremInstance object at 0x138857770>: [(4, 10350, None)]}",122.20824587768153,41561.32919647741,10350,10222.671324919997,2,,10350,15159.762,True,17.51792857485211,25.321286443652113,7.803357868800001
lamf-test-6e11c3c3-b9bf-4aa2-897f-6c03a891a9cd,"{<resource_manager.instance.OnPremInstance object at 0x138857770>: [(5, 10380, 14923.752), (1, 14923.752, None)]}",323.10613238146993,137858.26508406445,10380,10223.671324919997,3,56.041761350673056,10380,44912.920999999995,True,80.17024716708494,101.54858316948494,21.378336002399998
lamf-test-c5a6ffed-1196-4516-a2cc-67f21c8eb5f5,"{<resource_manager.instance.OnPremInstance object at 0x138857770>: [(2, 10410, None)]}",321.906162634098,137927.11075198883,10410,10227.759841130997,2,13.767113782396248,10410,21542.698,True,30.263902856838936,39.294747474438935,9.0308446176
lamf-test-6718dd63-82fd-49d3-b154-c2385c7724e4,"{<resource_manager.instance.CloudReservedInstance object at 0x138a384d0>: [(4, 10440, None)]}",53.92864783453742,24331.518982892296,10440,10228.759841130997,1,,10440,15614.123339336895,True,54.69641373243808,77.30526307600458,22.608849343566494
lamf-test-93fc33e5-0604-48d1-8efe-1dfc9145e379,"{<resource_manager.instance.CloudReservedInstance object at 0x138a384d0>: [(2, 10470, None)], <resource_manager.instance.CloudReservedInstance object at 0x138a31310>: [(3, 10470, 21927.504)]}",318.63019504491797,137948.48213331302,10470,10233.251090070997,1,108.91991786447639,10470,56253.20546045137,True,294.26669736801637,405.8155106804105,111.54881331239413
lamf-test-561c40aa-4fd2-4142-aa20-b41c53e185e4,"{<resource_manager.instance.CloudReservedInstance object at 0x138a31310>: [(2, 10500, None)], <resource_manager.instance.CloudOnDemandInstance object at 0x13887e3f0>: [(1, 16545.36, None)]}",92.22367706149063,41517.640993529116,10500,10240.385799582997,2,79.00055027525255,10500,38607.114123048384,True,101.79446214903278,150.5929212053995,48.79845905636673
lamf-test-d81c27cf-4838-43c5-ac8d-f0f7d5a86a71,"{<resource_manager.instance.OnPremInstance object at 0x138857770>: [(4, 10830, 12931.608), (2, 12931.608, None)]}",313.16578296695053,138518.75319266866,10830,10807.652560821996,3,83.87657768651609,10830,49695.202,True,124.62334778310135,157.85562405510134,33.232276272
lamf-test-92b10550-cff6-47f7-a077-4b4db1587046,"{<resource_manager.instance.CloudReservedInstance object at 0x138a31310>: [(1, 10860, None)], <resource_manager.instance.CloudReservedInstance object at 0x138a31090>: [(3, 10860, None)], <resource_manager.instance.CloudReservedInstance object at 0x138a384d0>: [(2, 21267.504, None)]}",81.64667311738593,41941.9004992587,10860,10809.765892950996,2,36.878858452274244,10860,24524.12062775167,True,57.2716519988511,85.49504155291372,28.22338955406262
lamf-test-29b14cf4-c2e0-462e-a5b2-16a34ab23f1f,"{<resource_manager.instance.CloudReservedInstance object at 0x138a31090>: [(2, 10890, None)]}",89.42960233211319,41920.72311956996,10890,10840.312818165996,3,,10890,29358.433791189622,True,18.727339256409483,33.6202842656248,14.892945009215312
lamf-test-0ee3ab93-6383-46f5-aeca-265dafdbd84c,"{<resource_manager.instance.CloudReservedInstance object at 0x138a31090>: [(1, 10920, None)], <resource_manager.instance.CloudReservedInstance object at 0x13887e2c0>: [(4, 10920, 13452.144)]}",39.66592451958817,24978.807632259235,10920,10849.902969777995,3,16.689670697391435,10920,14308.44423579311,True,17.12382297046321,24.43349208313499,7.309669112671782
lamf-test-3484ce7d-9fee-4f95-9c2d-f871cc58413f,"{<resource_manager.instance.OnPremInstance object at 0x138857770>: [(3, 10950, 12501.072), (2, 12501.072, None), (2, 30849.648, None)]}",280.48808000057255,138581.28661330813,10950,10851.583169169995,3,62.8950764316678,10950,36728.015,True,98.65972469389305,124.96849657549305,26.308771881599995
lamf-test-0ab21652-7e84-40ef-afc1-d04cb7c18425,"{<resource_manager.instance.CloudReservedInstance object at 0x13887e2c0>: [(2, 10980, None)]}",99.9394489602227,42129.64896123551,10980,10860.982643070995,3,,10980,17533.758317679985,True,19.936902631926337,27.628393393555566,7.69149076162923
lamf-test-107c896d-ee0f-4ca2-89f1-19c67b8002a2,"{<resource_manager.instance.OnPremInstance object at 0x138857770>: [(2, 11430, None)]}",98.1671155759394,42632.690277338224,11430,11405.060995590995,3,,11430,14351.226000000002,True,8.88653433721196,11.256232868411963,2.369698531200002
lamf-test-34f82a8b-288c-437f-910d-553d4a2c7dfc,"{<resource_manager.instance.OnPremInstance object at 0x138857770>: [(2, 11460, 15964.824), (1, 15964.824, None)]}",332.1651620956545,139204.09978265804,11460,11409.723772875996,1,24.324473648186178,11460,23410.816,True,45.27676690242604,51.95117448642604,6.674407584
lamf-test-aa879c60-c521-40a2-972a-cf0714098824,"{<resource_manager.instance.OnPremInstance object at 0x138857770>: [(2, 11490, None)]}",56.99333448866139,25631.959779698915,11490,11414.585601963996,2,,11490,19345.119,True,21.353903460321096,27.725975993121097,6.372072532799999
lamf-test-cfb32c98-2421-4b31-9da7-090b5212bb9a,"{<resource_manager.instance.OnPremInstance object at 0x138857770>: [(6, 11520, 15504.288), (1, 15504.288, None), (1, 19497.504, None)]}",311.65623815536327,138925.55087121736,11520,11415.585601963996,1,132.6135268081223,11520,38849.994999999995,True,182.8717729104875,209.88632529608748,27.014552385599995
lamf-test-2e0bd3ff-93cb-46df-ab43-ee2f13d4c7e1,"{<resource_manager.instance.CloudReservedInstance object at 0x138857cb0>: [(3, 11550, None)]}",316.2487464140096,139119.86163598998,11550,11416.585601963996,1,,11550,36487.65569599012,True,134.65461665642243,188.69950408077221,54.044887424349795
lamf-test-75f66efa-1a77-47ea-a0c6-c0317f11e7c2,"{<resource_manager.instance.CloudReservedInstance object at 0x138857cb0>: [(3, 11580, None)], <resource_manager.instance.CloudReservedInstance object at 0x13887e520>: [(1, 11580, None)], <resource_manager.instance.CloudOnDemandInstance object at 0x13887e780>: [(1, 11580, 19347.504)]}",323.850834844211,139473.49154262064,11580,11418.159308549495,3,128.7124252794889,11580,80821.83549087761,True,275.1115563574325,518.1322237426972,243.02066738526466
lamf-test-c1ff5343-c068-4179-8505-1de35f1c5237,"{<resource_manager.instance.CloudOnDemandInstance object at 0x13887e780>: [(4, 11610, None)]}",328.6266875432299,139093.910223921,11610,11419.159308549495,2,300.56938280586417,12010.536,122735.83253701415,True,404.7381964438969,1395.8917220080336,991.1535255641367
lamf-test-c8383b87-eaaf-4727-8a38-364a265a9c1b,"{<resource_manager.instance.OnPremInstance object at 0x138857770>: [(2, 12040.536, None), (1, 17586.432, None), (1, 19497.504, None), (1, 20637.504, None)]}",87.74670802746411,42477.924338958794,12040.536,11462.778184026494,2,37.686117576217825,12040.536,22137.116,True,45.07938745475469,56.794359835554694,11.714972380800004
lamf-test-a5bf6748-f8d5-4a59-badc-d9816f45493a,"{<resource_manager.instance.CloudOnDemandInstance object at 0x13887e780>: [(2, 12070.536, None)], <resource_manager.instance.CloudOnDemandInstance object at 0x138857b60>: [(1, 23928.576, None)]}",54.40376906069801,26160.23104301306,12070.536,12003.841436916495,2,32.23572314927706,12471.072,26175.63104301306,False,42.186590052225114,,
lamf-test-9d2ced27-20c6-49c1-84d1-76444fddb91f,"{<resource_manager.instance.CloudOnDemandInstance object at 0x13887e780>: [(3, 12501.072, 34220.184), (2, 34220.184, None)]}",313.4023701696379,139674.01869863496,12501.072,12011.105917265995,2,70.06112109181058,12901.608,34228.92991038984,False,70.08489658472637,,
lamf-test-6323d458-f602-48c5-98a5-f5c1a1584292,"{<resource_manager.instance.OnPremInstance object at 0x138857770>: [(5, 12931.608, None)]}",313.6595923894348,139980.96573339036,12931.608,12013.646272647495,1,,12931.608,20878.052,True,104.55052186478058,120.66591029678058,16.115388432
lamf-test-48feb4fc-2742-45dc-808f-e652fe900563,"{<resource_manager.instance.OnPremInstance object at 0x138857770>: [(3, 12961.608, None)]}",41.254966979320166,25981.156855723344,12961.608,12016.225302501494,1,,12961.608,16497.385000000002,True,28.234587040839624,32.53692049443963,4.302333453600003
lamf-test-bbc839c8-f836-4f9a-a8e0-6cb8342496f2,"{<resource_manager.instance.OnPremInstance object at 0x138857770>: [(3, 12991.608, 14433.216), (2, 14433.216, None), (2, 19407.504, None)]}",114.4912360012796,43245.72293746787,12991.608,12018.174758193494,3,41.97033994980607,12991.608,23631.464,True,47.40929348239409,60.05153722639409,12.642243744
lamf-test-d4b58a16-b6c8-4064-88b0-a3ec8e4212ba,"{<resource_manager.instance.CloudOnDemandInstance object at 0x13887e780>: [(2, 13021.608, None)]}",56.907858453854786,26397.887965703427,13021.608,12023.438679567495,2,6.667536410213565,13422.144,23372.5466386336,True,28.138713673604364,74.29975962645477,46.16104595285041
lamf-test-26bbd872-e5de-48b0-8f8f-e6417ce7af20,"{<resource_manager.instance.OnPremInstance object at 0x138857770>: [(2, 13452.144, None), (2, 23168.04, None), (2, 26669.112, None)]}",298.1380358381042,139275.7241971317,13452.144,12035.881130400494,2,45.44748618140433,13452.144,30650.45,True,77.91692704980157,101.16758525460158,23.2506582048
lamf-test-032ba352-18f7-47d0-a6f0-b7f2f4956a0a,"{<resource_manager.instance.CloudReservedInstance object at 0x138a31090>: [(1, 13482.144, None)], <resource_manager.instance.CloudReservedInstance object at 0x13887e2c0>: [(3, 13482.144, None)], <resource_manager.instance.CloudOnDemandInstance object at 0x138a316d0>: [(2, 13482.144, 30519.648)]}",307.62274626708137,140024.83685065818,13482.144,12036.881130400494,3,112.29627195984484,13482.144,30529.20403621454,False,112.34472196220011,,
lamf-test-05c2e1a5-42c3-4e97-863b-94fa07e33793,"{<resource_manager.instance.OnPremInstance object at 0x138857770>: [(4, 13512.144, None)]}",91.04820322006628,43314.44846260328,13512.144,12040.996480354494,2,28.574065852739025,13512.144,24210.480000000003,True,38.96506436654643,56.322044692946434,17.356980326400006
lamf-test-d2eb5728-b98d-4dc8-9b54-d5b61be5f0ce,"{<resource_manager.instance.CloudOnDemandInstance object at 0x138a316d0>: [(4, 13542.144, None)]}",294.31398108778467,139667.29572875347,13542.144,12041.996480354494,2,249.8351566135433,13942.68,139682.69572875346,False,342.90927534610756,,
lamf-test-3058457a-d1e2-4d92-baae-1c4c74ce602b,"{<resource_manager.instance.CloudOnDemandInstance object at 0x138a316d0>: [(5, 13972.68, None)]}",296.32729201787157,139828.873766622,13972.68,12044.408052131494,2,172.0523336352516,14373.216,139844.273766622,False,375.9657325991357,,
lamf-test-7a641bba-d417-49ff-88d9-3fe54ccc21c1,"{<resource_manager.instance.OnPremInstance object at 0x138857770>: [(5, 14403.216, None)]}",72.4727596207448,26202.496732842246,14403.216,12045.550798565493,1,,14403.216,15563.446000000002,True,15.265023195680296,17.6179696356803,2.3529464400000024
lamf-test-3babe4ac-4db5-41c5-ad0c-7fee914c7ec7,"{<resource_manager.instance.CloudReservedInstance object at 0x13887e2c0>: [(1, 14433.216, None)], <resource_manager.instance.CloudOnDemandInstance object at 0x138a316d0>: [(1, 14433.216, None)], <resource_manager.instance.CloudOnDemandInstance object at 0x138a311d0>: [(1, 14433.216, 27239.112)]}",293.72278396528714,139824.61290593474,14433.216,12053.668634750493,2,61.721390677718624,14433.216,27248.611027160907,False,61.75505036001146,,
lamf-test-efb02442-ed88-49c8-bf51-dea5e65f914e,"{<resource_manager.instance.OnPremInstance object at 0x138857770>: [(2, 14463.216, None)]}",304.7860416350407,139997.55955906858,14463.216,12057.385935224493,3,108.50745151722563,14463.216,59065.717,True,135.68332496767812,171.86487377887812,36.181548811199995
lamf-test-a3da9951-7484-4541-a43a-d268b07d7f2b,"{<resource_manager.instance.CloudOnDemandInstance object at 0x138a311d0>: [(4, 14493.216, None)]}",322.8627978188001,139756.54698597745,14493.216,12058.385935224493,2,261.6296219417766,14893.752,139771.94698597747,False,287.0062408933725,,
lamf-test-a4d8ead1-b39f-46fe-9cfa-58d32f343ff0,"{<resource_manager.instance.OnPremInstance object at 0x138857770>: [(4, 14923.752, None), (1, 22317.504, None)]}",84.41713409588449,43257.69279161266,14923.752,12059.800232694493,1,91.15110381017568,14923.752,25075.332,True,115.0740935432352,132.6625919720352,17.588498428799998
lamf-test-1393ec0f-c39a-48b5-8afc-5e45c5c5f7c7,"{<resource_manager.instance.OnPremInstance object at 0x138857770>: [(6, 14953.752, 16545.36), (1, 16545.36, None)]}",354.69102159935267,139678.1979354736,14953.752,12062.123091786494,3,23.62429386265115,14953.752,27679.777000000002,True,31.46104646741197,39.85050323141197,8.389456764000002
lamf-test-98a6ab80-499b-4f3a-95f7-4dd7df820566,"{<resource_manager.instance.OnPremInstance object at 0x138857770>: [(2, 14983.752, None)]}",105.87093398460661,43237.62151959056,14983.752,12064.126886691494,1,31.5002199406799,14983.752,23665.908,True,46.88060506502395,53.92357001222395,7.042964947199999
lamf-test-0b319882-7fad-4ae3-8912-b51a1940b68d,"{<resource_manager.instance.OnPremInstance object at 0x138857770>: [(2, 15013.752, None), (3, 48962.328, None)]}",309.96889456321867,140618.06515322873,15013.752,12606.815995098494,3,103.27348391512662,15013.752,55426.880999999994,True,152.4373214693132,193.08651980451316,40.64919833519998
lamf-test-151fcd56-358d-466c-9e97-a24b8c315d14,"{<resource_manager.instance.CloudOnDemandInstance object at 0x138a311d0>: [(4, 15043.752, 37800.72), (1, 37800.72, None)]}",286.90020368365816,139897.74188267125,15043.752,12618.896646099494,1,83.65047684234543,15444.288,37813.12739708131,False,83.66400177642144,,
lamf-test-0479ea03-d843-4f1c-b0bd-6f829a2c5a10,"{<resource_manager.instance.OnPremInstance object at 0x138857770>: [(5, 15474.288, None)]}",326.10114994784385,140389.25106281755,15474.288,12633.504226476494,3,,15474.288,23915.941,True,64.19996197429461,81.3196342582946,17.119672283999996
lamf-test-724d0d5f-301b-4490-8457-7773ef64d695,"{<resource_manager.instance.OnPremInstance object at 0x138857770>: [(5, 15504.288, 16545.36), (1, 16545.36, None)]}",109.55462846539683,43747.77153790936,15504.288,12636.536386670994,2,4.166160107319666,15504.288,23079.476,True,17.42411961672395,22.18565108232395,4.761531465599999
lamf-test-2674780b-0edf-4613-bd86-e3e24ce33fcb,"{<resource_manager.instance.CloudOnDemandInstance object at 0x138a311d0>: [(3, 15534.288, None)], <resource_manager.instance.CloudOnDemandInstance object at 0x13887e3f0>: [(2, 15534.288, None)]}",302.61464185285956,140127.00236727166,15534.288,12644.907451797493,1,892.2441067761807,15934.824,140142.4023672717,False,1023.475272010445,,
lamf-test-15ce12ce-cdd4-4322-97b9-e92908eec275,"{<resource_manager.instance.OnPremInstance object at 0x138857770>: [(4, 15964.824, None)]}",62.79223748275714,26920.955370045074,15964.824,12650.938098873494,2,16.253799978548006,15964.824,20986.844,True,18.291006428484152,26.438731676484153,8.147725248
lamf-test-6fdb4590-cea7-4d20-bffa-249d0757fa2a,"{<resource_manager.instance.OnPremInstance object at 0x138857770>: [(6, 15994.824, 16635.36), (2, 16635.36, None)]}",88.08906902383775,44256.47641660416,15994.824,13209.129886560493,1,10.083728952772075,15994.824,27741.918,True,70.0552566735113,80.62370493271129,10.568448259200002
lamf-test-e4ed1a21-f292-441c-946a-d7b9f0990c7d,"{<resource_manager.instance.OnPremInstance object at 0x138857770>: [(2, 16024.824, None)]}",297.2172710903451,140814.0549875502,16024.824,13214.689665201493,1,105.7569865389003,16024.824,51971.072,True,194.09716389079017,223.25676026839017,29.1595963776
lamf-test-c777b76c-0cc3-4d24-b87d-dcc762dd2026,"{<resource_manager.instance.OnPremInstance object at 0x138857770>: [(2, 16054.824, 18556.968), (1, 18556.968, None), (1, 25998.576, None)]}",310.2741421688458,141370.15913499813,16054.824,13216.227798705493,1,79.2007538215834,16054.824,48334.609,True,160.15348406722944,183.32052945442945,23.167045387199998
lamf-test-38f0df60-c850-46c3-8ecc-b21d5524ac44,"{<resource_manager.instance.CloudReservedInstance object at 0x138a384d0>: [(4, 16084.824, None)], <resource_manager.instance.CloudOnDemandInstance object at 0x13887e3f0>: [(2, 16084.824, 20127.504)]}",82.2505270696069,44492.57388852249,16084.824,13220.544093588493,3,36.894182067077345,16084.824,20139.228011957104,False,36.965512278999796,,
lamf-test-ecaffeb0-92d2-4398-a844-9e4844c48df5,"{<resource_manager.instance.CloudOnDemandInstance object at 0x13887e3f0>: [(3, 16114.824, 18916.968), (1, 18916.968, None)]}",106.56838267415606,44403.13228863833,16114.824,13242.043733115494,1,22.376235455167695,16515.36,18929.131869129993,False,22.410463393247376,,
lamf-test-3c60492c-5568-42f7-a13b-d4f3117a23dc,"{<resource_manager.instance.OnPremInstance object at 0x138857770>: [(6, 16545.36, 22017.504), (1, 22017.504, None)]}",288.51703100665657,140987.35914984634,16545.36,13244.598235137493,2,23.64978479289607,16545.36,25997.431,True,31.725201730150456,46.65646975975046,14.931268029600002
lamf-test-04f3f31f-b20f-4cb7-a3dd-c0c2f380b4cc,"{<resource_manager.instance.OnPremInstance object at 0x138857770>: [(4, 16575.36, 17125.896), (2, 17125.896, None), (1, 19887.504, None), (1, 21177.504, None)]}",63.69847192731158,27352.295208745054,16575.36,13253.500193523494,3,22.017430983344738,16575.36,22553.497000000003,True,26.0085664309073,32.9440554901073,6.935489059200003
lamf-test-b6b347a8-b100-462f-bbd1-cdcde8345e59,"{<resource_manager.instance.OnPremInstance object at 0x138857770>: [(4, 16605.36, 20577.504), (2, 20577.504, None), (1, 30999.648, None), (1, 37470.72, None)]}",310.4633474601291,141045.1941329538,16605.36,13254.500193523494,1,151.4165347935204,16605.36,52354.308,True,315.5446251425964,362.46460836179637,46.91998321919999
lamf-test-d4113937-9912-4267-ad39-f41249bcbcef,"{<resource_manager.instance.OnPremInstance object at 0x138857770>: [(2, 16635.36, None), (3, 18586.968, None)]}",44.164232744169574,27582.851534694077,16635.36,13261.213829269494,3,25.18198494182067,16635.36,21902.78,True,31.154119704920507,39.4617308505205,8.307611145599996
lamf-test-198ba68c-5a75-4dd3-95a5-23cb4a91c31d,"{<resource_manager.instance.OnPremInstance object at 0x138857770>: [(5, 16665.36, 18046.968), (1, 18046.968, None)]}",75.79076386942039,44430.86716311512,16665.36,13262.213829269494,2,5.528916476049408,16665.36,23950.791999999998,True,17.50799054554086,22.70448258394086,5.196492038399999
lamf-test-9bb4d80d-2aee-48e9-ac53-5a922312b6c8,"{<resource_manager.instance.CloudOnDemandInstance object at 0x13887e3f0>: [(4, 16695.36, None)], <resource_manager.instance.CloudOnDemandInstance object at 0x138857b60>: [(2, 16695.36, None)]}",62.348183689222225,28005.48514430772,16695.36,13808.850775418494,2,62.91314945032638,17095.896,28020.885144307722,False,67.19550362996615,,
lamf-test-8fdaa8c6-0ab8-4102-bf2c-7c6a5957696b,"{<resource_manager.instance.OnPremInstance object at 0x138857770>: [(3, 17125.896, 21597.504), (2, 21597.504, None), (3, 28569.648, None)]}",305.80076715201267,141212.12982439238,17125.896,13816.762395533493,3,53.021692904403366,17125.896,31780.457000000002,True,66.03263670241083,83.64101318161083,17.608376479200004
lamf-test-c89d3402-a23f-46ae-8720-cd373edbf82e,"{<resource_manager.instance.CloudOnDemandInstance object at 0x138857b60>: [(3, 17155.896, 22437.504), (2, 22437.504, None)]}",59.063695813800784,28049.12497384804,17155.896,13820.240590400494,3,16.06694957791467,17556.432,22448.459691323736,False,16.089168132073386,,
lamf-test-d457b8b2-16f3-450b-ba2f-e7b966006e63,"{<resource_manager.instance.CloudReservedInstance object at 0x13887e2c0>: [(2, 17586.432, None)], <resource_manager.instance.CloudOnDemandInstance object at 0x138857b60>: [(4, 17586.432, None)]}",308.6020686022321,141427.11165864157,17586.432,13821.240590400494,1,1054.054213096053,17586.432,106241.00885377513,True,1110.2329953042033,1817.6965185973288,707.4635232931255
lamf-test-87f7683b-4f57-45f2-93ec-cd6117faec52,"{<resource_manager.instance.CloudOnDemandInstance object at 0x138857b60>: [(2, 17616.432, None)]}",62.86965238334432,27885.934636833797,17616.432,13822.459973448493,1,3.8983375161609253,18016.968,22353.195828228934,True,17.41148262461519,33.531637284843896,16.120154660228707
lamf-test-95f36198-5f8e-46dc-93db-fc5d6a810881,"{<resource_manager.instance.OnPremInstance object at 0x138857770>: [(3, 18046.968, 25008.576), (2, 25008.576, None), (2, 29979.648, None)]}",312.84764381313755,141617.00712032925,18046.968,13826.015640183492,2,35.97033885781386,18046.968,37646.318999999996,True,77.65356539990529,102.59539065110528,24.941825251199994
lamf-test-067d037c-dcca-41c3-b8b9-a8b36009d0a4,"{<resource_manager.instance.OnPremInstance object at 0x138857770>: [(4, 18616.968, None), (1, 19887.504, None), (1, 20247.504, None)]}",61.80548621708826,28116.130169151762,18616.968,13827.015640183492,2,20.067535422894675,18616.968,22394.588,True,23.202177521527766,31.218718750327763,8.016541228799998
lamf-test-55d518fc-620c-44fe-a18a-2336d48b9fc1,"{<resource_manager.instance.CloudOnDemandInstance object at 0x13887e3f0>: [(2, 18916.968, None)], <resource_manager.instance.CloudOnDemandInstance object at 0x138857b60>: [(1, 18916.968, None)]}",83.99778340603386,45193.324547412405,18916.968,13828.052428720492,3,95.54013841356758,19317.504,45208.7245474124,False,106.64134275321275,,
lamf-test-64282f81-8a38-42e2-8686-39f8e7fadae5,"{<resource_manager.instance.OnPremInstance object at 0x138857770>: [(5, 19797.504, None)]}",308.1387838586121,141652.65274353314,19797.504,13830.021204910492,2,,19797.504,24277.485,True,17.9279801240933,27.013381592093296,9.085401467999999
lamf-test-6ca33400-5b63-4867-9fb5-39d7d8646a8a,"{<resource_manager.instance.OnPremInstance object at 0x138857770>: [(6, 19947.504, 20457.504), (2, 20457.504, None)]}",105.93846150050236,45100.10536580041,19947.504,13839.655255114492,1,31.145038558065252,19947.504,29384.327999999998,True,56.23047410449462,64.71304973329461,8.482575628799998
lamf-test-e1a8ae4a-b274-4245-9dc7-b8b20b25f60b,"{<resource_manager.instance.CloudReservedInstance object at 0x138857cb0>: [(3, 19977.504, None)], <resource_manager.instance.CloudOnDemandInstance object at 0x13887e3f0>: [(1, 19977.504, 33110.184)], <resource_manager.instance.CloudReservedInstance object at 0x138a31090>: [(3, 138235.008, None)]}",307.3714712616934,141716.03805012515,19977.504,13840.980739246492,3,379.72117727583844,19977.504,141731.43805012517,False,395.675683550651,,
lamf-test-5f552717-b86e-4e0e-9794-6b12cd0fea27,"{<resource_manager.instance.OnPremInstance object at 0x138857770>: [(2, 20007.504, None), (2, 21267.504, None), (1, 21627.504, None)]}",43.981392744961866,28079.12500963197,20007.504,13842.143193178492,2,13.22184488834774,20007.504,24942.57837016239,True,30.132835696854272,38.4619825195436,8.329146822689328
lamf-test-0ee69e3c-f7ac-4d00-b4dc-243374763ca6,"{<resource_manager.instance.OnPremInstance object at 0x138857770>: [(2, 20037.504, None)]}",95.71047451977611,45075.377785937606,20037.504,13846.295285809492,3,,20037.504,22263.896000000004,True,6.772810099627358,8.57885929002736,1.8060491904000027
lamf-test-60d40a4b-09c7-4a73-b379-b1d85406ff0e,"{<resource_manager.instance.CloudReservedInstance object at 0x138a384d0>: [(4, 20127.504, 20997.504), (2, 20997.504, None)], <resource_manager.instance.CloudReservedInstance object at 0x13887e2c0>: [(1, 27689.112, None)]}",57.165191884420324,28149.924744089993,20127.504,13851.740121133493,3,25.649427332877025,20127.504,28165.324744089994,False,27.822426393292233,,
lamf-test-87976d93-8677-4270-9b15-bf91d2c51eaa,"{<resource_manager.instance.OnPremInstance object at 0x138857770>: [(3, 20307.504, 24528.576), (2, 24528.576, None), (2, 31970.184, None)]}",311.39111778496914,141606.145700917,20307.504,13852.740121133493,2,33.84604449598124,20307.504,35947.483,True,55.47037860952723,73.09598132632723,17.6256027168
lamf-test-68fc4f1f-0368-4356-8862-a5c873470b2b,"{<resource_manager.instance.OnPremInstance object at 0x138857770>: [(4, 20337.504, 24318.576), (2, 24318.576, None), (1, 37710.72, None)]}",313.35740939256686,141718.05640919742,20337.504,13860.975567506493,2,50.90584448511896,20337.504,40709.57299999999,True,65.1429177139745,86.11452046997448,20.97160275599999
lamf-test-6ffd71d7-ab96-484d-939d-8341469b380b,"{<resource_manager.instance.OnPremInstance object at 0x138857770>: [(3, 20457.504, 24438.576), (2, 24438.576, None), (2, 34860.72, None)]}",291.65416309527114,141704.94541098663,20457.504,13862.509028459493,3,105.66855578370978,20457.504,50981.687999999995,True,147.9525074150125,187.40577752061247,39.45327010559999
lamf-test-20e1ba49-4666-4d28-9ab3-d9b988f76cc5,"{<resource_manager.instance.OnPremInstance object at 0x138857770>: [(6, 21027.504, None)]}",285.6765311197183,141794.99324318158,21027.504,14409.261325382493,1,,21027.504,30282.644,True,145.7003559206023,168.2236646246023,22.523308704
lamf-test-6012bbf1-8566-4834-b341-39822809aef2,"{<resource_manager.instance.CloudReservedInstance object at 0x138a384d0>: [(2, 21927.504, None)], <resource_manager.instance.CloudReservedInstance object at 0x138a31310>: [(1, 21927.504, None)], <resource_manager.instance.CloudOnDemandInstance object at 0x13887e3f0>: [(2, 21927.504, 26819.112)]}",93.62462651407313,45616.467505901215,21927.504,14410.261325382493,1,60.266217659137574,21927.504,26827.659433479126,False,60.32537169720894,,
lamf-test-92b1912c-cdf4-4496-9665-6c2a64a15900,"{<resource_manager.instance.OnPremInstance object at 0x138857770>: [(5, 21987.504, None)]}",99.7921660649438,45759.23116828607,21987.504,14415.231682209493,3,19.78151950718686,21987.504,27441.778000000002,True,41.480523233705995,52.541790905705994,11.061267672000001
lamf-test-3d2e4ca8-d6e8-4002-a809-14108f6da5be,"{<resource_manager.instance.OnPremInstance object at 0x138857770>: [(5, 22017.504, 26669.112), (1, 26669.112, None)]}",306.2018292174168,142176.45253651752,22017.504,14417.371392135492,2,34.931512472432146,22017.504,49582.499,True,65.10689408714622,83.83402487834621,18.7271307912
lamf-test-a7986f20-c88c-442a-a9bb-9d4e408bd120,"{<resource_manager.instance.OnPremInstance object at 0x138857770>: [(4, 22167.504, None)]}",50.00049139574834,28523.562636171337,22167.504,14418.371392135492,1,12.162484143280858,22167.504,24801.277000000002,True,27.841999163434494,32.1150324786345,4.273033315200002
lamf-test-bf2ee2bb-aeee-4553-ba75-b56c3562dc59,"{<resource_manager.instance.OnPremInstance object at 0x138857770>: [(2, 22197.504, None), (3, 23838.576, None)]}",94.73625576454592,45787.28087677011,22197.504,14423.321946028493,1,71.78529044033768,22197.504,29813.231246331838,True,88.83226369719395,102.28010214315492,13.447838445960965
lamf-test-404ab15a-5fdc-47da-96ca-6bf36dbfc057,"{<resource_manager.instance.OnPremInstance object at 0x138857770>: [(4, 22347.504, 29799.648), (1, 29799.648, None), (1, 36750.72, None)]}",285.63536765098837,142330.10196769403,22347.504,14424.841486147492,2,41.24588822125204,22347.504,45193.318,True,75.50656631089036,97.26491503729036,21.7583487264
lamf-test-398c2e41-0ba6-4e76-8602-21bfa67e2257,"{<resource_manager.instance.OnPremInstance object at 0x138857770>: [(5, 22467.504, 28539.648), (2, 28539.648, None)]}",308.43937206382503,142295.4974502944,22467.504,14425.841486147492,2,24.299495230589685,22467.504,43412.081999999995,True,64.72975731267871,89.1085838054787,24.378826492799995
lamf-test-58d64335-ff0b-41b5-93cb-bcafe6abca1b,"{<resource_manager.instance.OnPremInstance object at 0x138857770>: [(6, 22647.504, 24948.576), (1, 24948.576, None), (2, 27809.112, None)]}",83.27713277836911,45711.79199729544,22647.504,14426.841486147492,2,15.749019506760622,22647.504,31287.038,True,32.26049477631896,43.25255735391896,10.9920625776
lamf-test-78749043-3668-43d0-99ce-4ee040f7f664,"{<resource_manager.instance.OnPremInstance object at 0x138857770>: [(2, 22677.504, None)]}",57.07835905715178,28549.73888672341,22677.504,14429.841598569492,2,1.333507282042713,22677.504,25467.416,True,7.584291404215692,9.847468018615693,2.2631766144000003
lamf-test-59fd6bbc-b1e0-4afd-a720-743bb563c136,"{<resource_manager.instance.OnPremInstance object at 0x138857770>: [(2, 22707.504, None), (2, 31430.184, None)]}",321.20760313523465,142112.77065196034,22707.504,14433.862413954492,2,23.712341803513564,22707.504,35903.738,True,48.03478433825638,62.36851636385637,14.333732025599994
lamf-test-4cc1e286-0e7f-464c-8240-c10883a7da2a,"{<resource_manager.instance.CloudOnDemandInstance object at 0x138857b60>: [(4, 22737.504, None)]}",316.2330750787407,142028.24606562764,22737.504,14437.691367135492,3,353.59851547646207,23138.04,142043.64606562766,False,483.9146888356637,,
lamf-test-0aaede3d-34d4-43d5-b971-8a2a954407b0,"{<resource_manager.instance.CloudOnDemandInstance object at 0x13887e780>: [(2, 23408.04, 30939.648), (1, 30939.648, None)]}",291.4038438976179,141973.24504978018,23408.04,14445.227434644492,1,40.66804836869724,23808.576,30947.949970129946,False,40.691409300692676,,
lamf-test-a7598ecc-5cec-4bf9-9a0f-c71ca0dbae0e,"{<resource_manager.instance.OnPremInstance object at 0x138857770>: [(6, 23838.576, None)]}",294.2224632206372,142172.65190315322,23838.576,14447.182705461491,3,,23838.576,28453.214,True,42.113967602099,53.344150638899,11.230183036799998
lamf-test-5c0e0bc7-fda1-478e-8de8-178b5b80a83c,"{<resource_manager.instance.OnPremInstance object at 0x138857770>: [(4, 23958.576, 25098.576), (2, 25098.576, None), (2, 27479.112, None)]}",109.02475346006189,45698.40516460128,23958.576,14448.182705461491,2,29.601312026958496,23958.576,31653.842,True,33.32123342449071,43.874942179690706,10.553708755199999
lamf-test-95c3a7f0-6def-4a58-8473-af92a11ec586,"{<resource_manager.instance.OnPremInstance object at 0x138857770>: [(3, 23988.576, 29469.648), (2, 29469.648, 33470.184), (1, 33470.184, None), (5, 48362.328, None)]}",312.05091942501133,142427.47868137344,23988.576,14449.182705461491,1,245.6249710244125,23988.576,59418.261999999995,True,283.84714305270353,326.7077208543035,42.86057780159999
lamf-test-225e7631-1dba-46ce-9a30-f911bc78acd8,"{<resource_manager.instance.OnPremInstance object at 0x138857770>: [(5, 24318.576, None)]}",48.6051907309817,28851.899180467888,24318.576,14453.507510699492,1,30.925753137120694,24318.576,27216.335674642924,True,38.12551705173211,44.002173671907954,5.876656620175846
lamf-test-19917d27-b721-40ad-a37a-4370c7a734bc,"{<resource_manager.instance.OnPremInstance object at 0x138857770>: [(2, 24348.576, None)]}",301.1069329229973,141821.3613352262,24348.576,14460.042155522491,2,12.20884342062179,24348.576,43899.827,True,53.14948460774513,69.00945941894513,15.859974811199997
lamf-test-c5f3d318-ed60-437f-9c1e-4a6f0f18365e,"{<resource_manager.instance.OnPremInstance object at 0x138857770>: [(5, 24528.576, 30009.648), (1, 30009.648, None), (1, 34980.72, None)]}",302.37657057421836,142083.7015507656,24528.576,14463.999896711492,2,32.02063060157727,24528.576,43144.808999999994,True,65.15109886788073,84.90568868388073,19.754589815999996
lamf-test-68ff13a7-de65-4a50-8bee-581fe346b072,"{<resource_manager.instance.CloudReservedInstance object at 0x138a384d0>: [(2, 24558.576, None)], <resource_manager.instance.CloudReservedInstance object at 0x138a31310>: [(1, 24558.576, None)], <resource_manager.instance.CloudReservedInstance object at 0x138a31090>: [(1, 24558.576, 38291.256)]}",316.0799972187193,141988.71940562615,24558.576,14464.999896711492,1,110.00904707582326,24558.576,64371.72026806361,True,290.5035522392416,396.3696923707619,105.86614013152028
lamf-test-e3ac6e81-3f29-40d1-91c8-119f86b94741,"{<resource_manager.instance.CloudReservedInstance object at 0x138a31090>: [(2, 24588.576, None)], <resource_manager.instance.CloudReservedInstance object at 0x13887e2c0>: [(1, 95575.008, None)], <resource_manager.instance.CloudReservedInstance object at 0x138857cb0>: [(1, 95575.008, None)]}",292.3170995981352,142374.6714009596,24588.576,14465.999896711492,2,121.3821105266266,24588.576,114208.53358832527,True,222.9144093364816,319.57895483594257,96.66454549946094
lamf-test-cd918581-b0d1-458e-92b2-5c59b3bd83b5,"{<resource_manager.instance.OnPremInstance object at 0x138857770>: [(3, 24858.576, 32540.184), (2, 32540.184, None), (2, 38501.256, None)]}",301.10787935133226,142657.66977521125,24858.576,15016.85170052549,2,51.912435412003376,24858.576,41535.752,True,57.482558201864386,76.58832673306438,19.1057685312
lamf-test-3231937d-3960-4134-90c2-f2e92cf6e932,"{<resource_manager.instance.OnPremInstance object at 0x138857770>: [(2, 24948.576, None)]}",109.51414052886817,46006.58746395088,24948.576,15024.047771071491,2,19.8220158475645,24948.576,36977.804,True,32.70109255050005,42.459202304100046,9.758109753599996
lamf-test-5e0241b4-8be0-4af4-bde6-0b42fa40fc67,"{<resource_manager.instance.OnPremInstance object at 0x138857770>: [(2, 24978.576, None), (2, 26729.112, None)]}",98.3173256377796,46242.59611670284,24978.576,15038.223925279492,3,5.325229295003422,24978.576,27219.968,True,8.311652597155675,10.528052174755674,2.2163995775999994
lamf-test-d56ac58c-44ed-4cac-88e0-685510119191,"{<resource_manager.instance.OnPremInstance object at 0x138857770>: [(2, 25008.576, None), (4, 27209.112, None)]}",70.70390367140996,29101.647196421338,25008.576,15039.648778693492,2,14.445139056011524,25008.576,29117.04719642134,False,18.117762265341124,,
lamf-test-093fc8c1-409b-4af5-91bd-f1586aa318b7,"{<resource_manager.instance.OnPremInstance object at 0x138857770>: [(6, 25038.576, None)]}",48.98947611555658,29212.75210465166,25038.576,15058.347074719492,1,9.445585215605751,25038.576,27174.983,True,33.63269062286104,38.83185069806104,5.199160075199998
lamf-test-412a625e-1641-430d-83ff-ad06d8ff7ded,"{<resource_manager.instance.OnPremInstance object at 0x138857770>: [(5, 25098.576, None)]}",48.58977843534464,29349.05193705776,25098.576,15067.362800797491,1,13.81473876340406,25098.576,27156.084,True,27.07041478439422,31.243041008394215,4.172626223999996
lamf-test-499e704f-e77f-4d06-942d-f6729f7df6df,"{<resource_manager.instance.OnPremInstance object at 0x138857770>: [(3, 25278.576, 32750.184), (2, 32750.184, None), (1, 44661.792, None)]}",295.12516285873096,142726.31221214053,25278.576,15068.75974377149,2,56.483124922728315,25278.576,49632.316999999995,True,80.08072320809188,104.88300705209187,24.80228384399999
lamf-test-b31f9afe-254c-4126-a484-8628eb9333c1,"{<resource_manager.instance.OnPremInstance object at 0x138857770>: [(6, 25518.576, None)]}",58.325064065435534,29248.290226052974,25518.576,15070.51772928149,1,30.391737166324436,25518.576,28248.093774769342,True,42.969821231824,49.61237568850267,6.64255445667867
lamf-test-893ff824-f1d2-4433-939e-c7c4d678a42b,"{<resource_manager.instance.CloudOnDemandInstance object at 0x13887e780>: [(2, 26238.576, None)]}",291.47945752946964,143319.51079300017,26238.576,15611.22070698749,1,391.8873429158111,26639.112,109686.11005350738,True,450.5874908965719,822.7301137615934,372.1426228650215
lamf-test-9ad3c991-d587-4e6c-87f0-aa8b942b2b5d,"{<resource_manager.instance.CloudReservedInstance object at 0x138a384d0>: [(2, 26909.112, None)], <resource_manager.instance.CloudReservedInstance object at 0x138a31310>: [(1, 26909.112, None)], <resource_manager.instance.CloudOnDemandInstance object at 0x13887e3f0>: [(2, 26909.112, None)], <resource_manager.instance.CloudOnDemandInstance object at 0x138857b60>: [(1, 26909.112, 40661.256)]}",294.2702271699325,143453.00753539696,26909.112,15612.248885217989,2,119.11177967787776,26909.112,40673.04363813541,False,119.1937201523624,,
lamf-test-50bd9009-28ec-4253-bcf7-ae2b62692323,"{<resource_manager.instance.OnPremInstance object at 0x138857770>: [(3, 26939.112, None), (2, 28539.648, None)]}",96.71534015432012,46793.21008299812,26939.112,15614.220778417488,2,26.98157042874833,26939.112,33540.43199999999,True,34.88889947703684,46.978021633836825,12.089122156799986
lamf-test-65b278d1-c75b-4135-b5aa-f825706c680d,"{<resource_manager.instance.OnPremInstance object at 0x138857770>: [(4, 27269.112, None), (2, 28539.648, None)]}",46.808209305960055,29848.337128077816,27269.112,15622.041760102487,1,32.11685329682865,27269.112,29917.885000000002,False,35.44256399726216,,
lamf-test-4e05654b-8014-4960-848f-0c1b470c0ee8,"{<resource_manager.instance.OnPremInstance object at 0x138857770>: [(5, 27329.112, None)]}",119.66024806020059,46848.83468229204,27329.112,15647.439359353488,3,14.681998631074608,27329.112,30787.32083088789,True,26.30016602698219,33.31341353602283,7.013247509040637
lamf-test-2b6c6b3a-28c9-458c-9ffa-76aefcc26451,"{<resource_manager.instance.OnPremInstance object at 0x138857770>: [(5, 27389.112, None)]}",317.28833254019617,143321.64155972356,27389.112,15648.439359353488,1,250.28643759981745,27389.112,50587.41700000001,True,305.21764126549556,352.26380380549557,47.04616254000001
lamf-test-2f12deb2-00c6-45f2-bf9e-431fba73627e,"{<resource_manager.instance.OnPremInstance object at 0x138857770>: [(6, 27749.112, None)]}",93.49967154984164,46935.743968085735,27749.112,15649.439359353488,1,69.28450102669404,27749.112,33174.22315560496,True,85.40558287400003,98.60813338228026,13.202550508280227
lamf-test-f9efe039-70ce-49b9-a1a8-bee3de1d2b34,"{<resource_manager.instance.CloudOnDemandInstance object at 0x138a316d0>: [(1, 28109.112, None)], <resource_manager.instance.CloudOnDemandInstance object at 0x138a311d0>: [(1, 28109.112, None)], <resource_manager.instance.CloudOnDemandInstance object at 0x13887e3f0>: [(3, 28109.112, None)]}",307.9037058422363,142793.29412226353,28109.112,15650.842733223488,3,202.53139858544375,28509.648,142808.69412226352,False,668.768319216179,,
lamf-test-8f4c62d4-1881-4ae7-91f8-3b9d5e4e648b,"{<resource_manager.instance.OnPremInstance object at 0x138857770>: [(6, 28539.648, None)]}",53.33256697567134,29792.725161953203,28539.648,15664.670064879489,2,4.537942355416976,28539.648,29808.125161953205,False,5.482167847720536,,
lamf-test-920c97be-abc7-45c8-bf90-73719c07896c,"{<resource_manager.instance.OnPremInstance object at 0x138857770>: [(3, 28569.648, None)]}",49.27955402462038,30418.826891422243,28569.648,16213.821302637489,2,1.1612815290538492,28569.648,30434.226891422244,False,6.014725072423204,,
lamf-test-915cb3ce-20ce-43ae-8b31-7f523a6333eb,"{<resource_manager.instance.OnPremInstance object at 0x138857770>: [(2, 28599.648, None), (1, 29649.648, None)]}",71.69092063889612,30262.477995665955,28599.648,16225.13068083949,3,3.194159251654118,28599.648,30277.877995665956,False,6.060825898544172,,
lamf-test-eb592d2c-c121-4645-b005-4e7f00d8eb14,"{<resource_manager.instance.CloudReservedInstance object at 0x138a384d0>: [(2, 28629.648, None)], <resource_manager.instance.CloudReservedInstance object at 0x13887e2c0>: [(1, 28629.648, None)], <resource_manager.instance.CloudOnDemandInstance object at 0x13887e3f0>: [(1, 28629.648, None)], <resource_manager.instance.CloudOnDemandInstance object at 0x138857b60>: [(1, 28629.648, None)]}",65.43723826831173,30560.103261017306,28629.648,16226.290193055489,1,,28629.648,30575.503261017308,False,25.256113104693917,,
lamf-test-821bad57-9b5b-4590-ab6a-b75593f800f8,"{<resource_manager.instance.OnPremInstance object at 0x138857770>: [(4, 29169.648, 33650.184), (1, 33650.184, None), (2, 38621.256, None), (3, 40121.256, None)]}",293.93899056747387,144096.633611882,29169.648,16236.291233604488,3,91.59089208304813,29169.648,53047.404540579824,True,159.63207429230957,202.1998377902646,42.567763497955056
lamf-test-2ec8c349-ada1-458e-a7a4-ab9b6322b2cf,"{<resource_manager.instance.OnPremInstance object at 0x138857770>: [(4, 29469.648, None)]}",57.00450481534605,30394.613377804628,29469.648,16238.429782317487,2,2.1852967246427712,29469.648,30410.01337780463,False,3.424962300139861,,
lamf-test-3d742955-a0c8-4cdc-8c38-f5e5804b4cff,"{<resource_manager.instance.OnPremInstance object at 0x138857770>: [(4, 29829.648, 34800.72), (2, 34800.72, None)]}",303.65987588610506,144089.8733252994,29829.648,16250.384733764988,1,52.54992835957107,29829.648,46704.854,True,116.82808745912236,134.54978817272234,17.7217007136
lamf-test-b18ea74a-e7ea-41d7-821c-d4f1a5e50746,"{<resource_manager.instance.OnPremInstance object at 0x138857770>: [(4, 29859.648, None)]}",93.66823018165961,47730.81622730653,29859.648,16812.783944025487,3,44.84643394934976,29859.648,39879.973999999995,True,60.964794280933866,77.22177118333386,16.25697690239999
lamf-test-cf4eee4f-df46-4434-9c29-6bf0f44daf4d,"{<resource_manager.instance.OnPremInstance object at 0x138857770>: [(6, 29889.648, None)]}",53.667029478259835,30924.5526055468,29889.648,16824.570425946487,2,3.1117319008573547,29889.648,30939.9526055468,False,4.5392588148574715,,
lamf-test-7c801ce0-8eb2-4e0d-9312-eaf55e74d22a,"{<resource_manager.instance.CloudReservedInstance object at 0x138a31090>: [(2, 29919.648, None)], <resource_manager.instance.CloudReservedInstance object at 0x138a384d0>: [(4, 121375.008, None)]}",282.54429039316733,144534.39415339826,29919.648,16826.622359064488,2,196.36277644346322,29919.648,143466.77341961776,True,274.61985643822516,462.7164365541667,188.09658011594155
lamf-test-4d1918b0-1458-45e2-b527-a49166860d07,"{<resource_manager.instance.OnPremInstance object at 0x138857770>: [(6, 30009.648, 31460.184), (1, 31460.184, None), (2, 42111.792, None), (3, 43251.792, None)]}",99.90881249240506,47969.32580667447,30009.648,16834.257012021488,2,33.29365673230015,30009.648,44057.73399999999,True,39.71966459601657,50.918473661616545,11.19880906559997
lamf-test-4fd50982-b738-4cdf-bdb5-50cd3dff6874,"{<resource_manager.instance.OnPremInstance object at 0x138857770>: [(2, 30039.648, None), (2, 30519.648, None)]}",66.98837614575113,31070.11559761768,30039.648,16835.477289414488,2,1.3048654846545453,30039.648,31085.515597617683,False,4.381453388886628,,
lamf-test-308f236e-0576-4952-874f-b146870f6d77,"{<resource_manager.instance.OnPremInstance object at 0x138857770>: [(3, 30069.648, None)]}",296.126707886245,144385.24435827212,30069.648,16850.371682406487,3,,30069.648,42488.373,True,56.66769336071183,71.77879794071183,15.11110458
lamf-test-17fee575-0b26-45f7-83d5-67d080c53e61,"{<resource_manager.instance.OnPremInstance object at 0x138857770>: [(5, 30369.648, 35850.72), (2, 35850.72, None)]}",339.37001802300927,144677.47720540577,30369.648,16855.441183269486,3,41.68432580424367,30369.648,50726.316999999995,True,86.93673131036579,110.11942961276579,23.182698302399995
lamf-test-c8945c61-1ea7-4681-928a-edc22713889d,"{<resource_manager.instance.OnPremInstance object at 0x138857770>: [(5, 30399.648, 35880.72), (2, 35880.72, None)]}",305.7727422550137,144685.5768505166,30399.648,16858.049743809486,2,21.934144335595246,30399.648,39861.719,True,32.75636973047911,47.101370135279105,14.345000404799997
lamf-test-416bbbfd-81e6-4f7c-9a56-8c0e7175f623,"{<resource_manager.instance.OnPremInstance object at 0x138857770>: [(3, 30429.648, 33410.184), (2, 33410.184, None)]}",318.1012839054559,145074.2504900043,30429.648,17416.577066544487,2,9.614559454111232,30429.648,40361.928,True,28.512665295266082,37.77863623286608,9.265970937599999
lamf-test-3e7fd149-2562-452d-b778-aa63ebe3ca13,"{<resource_manager.instance.OnPremInstance object at 0x138857770>: [(2, 30489.648, None)]}",306.14407437283273,145136.12643076037,30489.648,17427.792724875486,2,13.513708905276335,30489.648,49553.39,True,51.82420613366502,67.28871364406503,15.464507510399999
lamf-test-e18205c9-e6f7-4d1b-94fe-6bdf96998c05,"{<resource_manager.instance.CloudReservedInstance object at 0x138a31090>: [(1, 30519.648, None)], <resource_manager.instance.CloudReservedInstance object at 0x13887e2c0>: [(3, 30519.648, None)], <resource_manager.instance.CloudOnDemandInstance object at 0x138a316d0>: [(1, 30519.648, None)], <resource_manager.instance.CloudOnDemandInstance object at 0x138857b60>: [(1, 30519.648, None)]}",110.9772195614234,48652.72355892556,30519.648,17433.733123431484,1,124.62661190965092,30519.648,42751.32500402605,True,153.48898818650068,209.5834589269641,56.09447074046345
lamf-test-55230e23-b521-4f16-a8cb-73a7c6580475,"{<resource_manager.instance.CloudReservedInstance object at 0x138a384d0>: [(2, 30609.648, None)], <resource_manager.instance.CloudReservedInstance object at 0x13887e2c0>: [(1, 30609.648, None)], <resource_manager.instance.CloudOnDemandInstance object at 0x138a316d0>: [(1, 30609.648, 40571.256)]}",312.3489385286271,145002.32988820763,30609.648,17436.681188712486,2,62.37916173638695,30609.648,40583.611558181925,False,62.43781982553617,,
lamf-test-56207b5b-5fb7-4cc8-b917-b36e1b064de2,"{<resource_manager.instance.OnPremInstance object at 0x138857770>: [(5, 30669.648, 37620.72), (1, 37620.72, None), (1, 47552.328, None)]}",317.0752713451876,145162.37771969402,30669.648,17446.415538111487,2,47.968382366488456,30669.648,51531.92600000001,True,64.11788113501548,85.47116525341548,21.3532841184
lamf-test-2148cf4d-7170-4032-92ad-bc67bc5cec9e,"{<resource_manager.instance.OnPremInstance object at 0x138857770>: [(3, 30849.648, 38801.256), (2, 38801.256, None)]}",290.5571510371029,144889.0096690948,30849.648,17447.415538111487,3,77.08272872461784,30849.648,67086.105,True,122.32796714579052,154.94815326899052,32.6201861232
lamf-test-6f91592c-afdd-4bec-8b7a-080c324249f5,"{<resource_manager.instance.OnPremInstance object at 0x138857770>: [(5, 30969.648, 31940.184), (2, 31940.184, None), (1, 38291.256, None), (2, 42621.792, None)]}",112.19170754417485,48614.991994506214,30969.648,17469.676549111486,3,46.46198494182067,30969.648,43896.41,True,56.15563464902276,71.13019277222276,14.974558123200005
lamf-test-58f4bde2-1252-4878-b4ed-54f9ec3d6ddb,"{<resource_manager.instance.CloudOnDemandInstance object at 0x13887e780>: [(1, 30999.648, None)], <resource_manager.instance.CloudOnDemandInstance object at 0x13887e3f0>: [(1, 30999.648, None)], <resource_manager.instance.CloudOnDemandInstance object at 0x138857b60>: [(1, 30999.648, None)]}",306.6623561408906,145850.71145643084,30999.648,18015.567692224486,3,260.7056962506654,31400.184,109685.2002744164,True,319.15452034138525,735.3381434312284,416.1836230898432
lamf-test-9fd69545-924f-4ce5-9308-d2123ccec4dc,"{<resource_manager.instance.OnPremInstance object at 0x138857770>: [(3, 31430.184, None)]}",61.631240803228884,32139.38510999063,31430.184,18017.457088729487,1,,31430.184,32154.785109990633,False,5.78622834808855,,
lamf-test-927fb6c3-ba3c-488b-96a5-466be1c02fa9,"{<resource_manager.instance.OnPremInstance object at 0x138857770>: [(6, 31460.184, 35940.72), (1, 35940.72, None)]}",330.8093779162473,145583.47874705563,31460.184,18020.672445220487,1,111.6511101984942,31460.184,77310.612,True,186.94630435774582,214.6297649625458,27.683460604799997
lamf-test-1e5c4d41-c6bb-47f9-a0f9-f492c659a647,"{<resource_manager.instance.OnPremInstance object at 0x138857770>: [(6, 31820.184, None)]}",295.19389174920065,145821.17488601897,31820.184,18021.874256452487,3,,31820.184,36977.82,True,47.06945927446952,59.62108224406952,12.551622969599997
lamf-test-5fc71200-6539-46cf-9073-1ac0b6be235f,"{<resource_manager.instance.OnPremInstance object at 0x138857770>: [(5, 31940.184, 34950.72), (2, 34950.72, None), (2, 49352.328, None)]}",298.6298021940167,145514.76041517992,31940.184,18044.272998433487,2,51.19789353420271,31940.184,53330.371,True,72.82627273075113,97.06820111155113,24.241928380799997
lamf-test-d81a676f-ccce-4b38-95bc-838588f989f1,"{<resource_manager.instance.OnPremInstance object at 0x138857770>: [(3, 32180.184, None)]}",93.67827368323229,49095.58238712086,32180.184,18045.272998433487,1,35.06017796030116,32180.184,38476.74799999999,True,50.28057038558059,57.94222946078058,7.66165907519999
lamf-test-bff6c6c8-6ce7-4a14-8d30-c8d69887c972,"{<resource_manager.instance.OnPremInstance object at 0x138857770>: [(4, 33200.184, None)]}",62.55972404682857,32082.247085653213,33200.184,18047.672932793488,2,,33200.184,33215.583999999995,False,0.05608928259914327,,
lamf-test-8aea85bd-3d6c-4aba-b7de-dd2346b0e93e,"{<resource_manager.instance.OnPremInstance object at 0x138857770>: [(6, 33260.184, 37230.72), (2, 37230.72, None), (1, 51632.328, None), (2, 57595.008, None)]}",302.51103083949494,145682.3414036196,33260.184,18048.672932793488,1,189.2451562856491,33260.184,60582.879,True,229.919649326945,264.579721558145,34.660072231200004
lamf-test-f3f23406-4146-4e8a-b0d6-831939b9a4ea,"{<resource_manager.instance.OnPremInstance object at 0x138857770>: [(5, 33620.184, None)]}",57.3172776265575,32089.141862097735,33620.184,18055.813612677488,1,,33620.184,33635.583999999995,False,0.20261616852984965,,
lamf-test-232b6ce2-ea24-476c-b62f-210ae1decc5b,"{<resource_manager.instance.OnPremInstance object at 0x138857770>: [(4, 33650.184, 38621.256), (1, 38621.256, None), (3, 53513.4, None)]}",311.1617610976437,145786.3957316643,33650.184,18056.813612677488,2,48.32214854121856,33650.184,57491.016,True,69.22379857099256,89.78240358859256,20.558605017600005
lamf-test-28862540-93f6-42de-8ec4-72cbed9815ad,"{<resource_manager.instance.OnPremInstance object at 0x138857770>: [(6, 33680.184, 38291.256), (1, 38291.256, None), (5, 48722.328, None)]}",315.0001679546882,145481.32762606363,33680.184,18061.787588437488,3,76.29097878165639,33680.184,52430.707117149854,True,91.79067412411456,116.26773316601044,24.477059041895885
lamf-test-5c2155b4-aa4a-428b-9192-860339f49ef5,"{<resource_manager.instance.CloudReservedInstance object at 0x138857cb0>: [(2, 33710.184, 44211.792), (1, 44211.792, None), (1, 83575.008, None)], <resource_manager.instance.CloudReservedInstance object at 0x13887e520>: [(1, 83575.008, None)], <resource_manager.instance.CloudOnDemandInstance object at 0x13887e780>: [(2, 83575.008, None)]}",326.1375748222798,145839.5068598905,33710.184,18064.797285262488,3,61.212697543539434,33710.184,125550.78393259518,True,305.95699912532996,643.2618186473119,337.3048195219819
lamf-test-8d46ff55-9a1d-4004-b52e-0bb94df560fe,"{<resource_manager.instance.CloudOnDemandInstance object at 0x13887e780>: [(3, 34280.184, 54003.936), (2, 54003.936, None)]}",314.6188735020299,146303.0994662575,34280.184,18627.24897883349,1,157.50201232032856,34680.72,54013.34971935085,False,157.55284311156063,,
lamf-test-b036c054-ee21-47f6-aca9-95247c096cfe,"{<resource_manager.instance.OnPremInstance object at 0x138857770>: [(6, 35040.72, None)]}",40.69689972228568,32874.3423337665,35040.72,18636.96501849749,3,,35040.72,35056.119999999995,False,0.14054300707272807,,
lamf-test-12047e13-b691-4e4d-bcc8-16e2900e16aa,"{<resource_manager.instance.OnPremInstance object at 0x138857770>: [(3, 35100.72, 40091.256), (2, 40091.256, None), (1, 52092.864, None)]}",306.19560311302496,146046.81353655565,35100.72,18643.60477611749,1,167.5893223819302,35100.72,67417.996,True,230.52967556468172,264.9854847966817,34.45580923199999
lamf-test-e050ad2a-f776-4985-ad86-c1f9e8bbb5cd,"{<resource_manager.instance.OnPremInstance object at 0x138857770>: [(3, 35130.72, 37140.72), (2, 37140.72, None), (3, 58495.008, None), (1, 65665.008, None)]}",326.0139069441622,146141.71649719105,35130.72,18650.68504801349,3,128.66161076887977,35130.72,69644.041,True,164.9749395391284,208.9674406735284,43.992501134399994
lamf-test-5a75690c-b8ed-48d0-b610-f947c287d86c,"{<resource_manager.instance.OnPremInstance object at 0x138857770>: [(5, 35880.72, None)]}",56.45454017440447,32803.727704198864,35880.72,18651.68504801349,3,,35880.72,35896.119999999995,False,0.11711917256060674,,
lamf-test-62ab7363-ee6e-4e41-9bd6-da86db171176,"{<resource_manager.instance.OnPremInstance object at 0x138857770>: [(6, 35940.72, 38921.256), (1, 38921.256, None), (1, 41931.792, None), (4, 55334.472, None)]}",317.6880653321237,146529.26598951293,35940.72,18656.56197269649,3,72.55169518594569,35940.72,59806.95199999999,True,113.36830481405418,143.59929196925415,30.230987155199973
lamf-test-e000b273-6e93-45bd-85e3-de8e007da692,"{<resource_manager.instance.OnPremInstance object at 0x138857770>: [(3, 35970.72, 42921.792), (2, 42921.792, None), (3, 53333.4, None), (1, 58795.008, None)]}",284.69120725614476,147146.39466398777,35970.72,19215.603466877492,3,123.2709285877253,35970.72,63989.50423429971,True,152.3331803267142,192.95460820570597,40.621427878991774
lamf-test-62c9483c-2445-4359-99d9-4d8c66a14529,"{<resource_manager.instance.OnPremInstance object at 0x138857770>: [(3, 36000.72, 40481.256), (2, 40481.256, None)]}",345.02192360533996,146943.0650129445,36000.72,19217.766740900493,2,14.453232491835603,36000.72,47433.62699999999,True,33.35304281352976,44.44472237352976,11.091679559999994
lamf-test-1f9296c3-4641-4962-ac2a-3bdd3909621e,"{<resource_manager.instance.OnPremInstance object at 0x138857770>: [(2, 36030.72, None)]}",333.675220822951,147051.39910330862,36030.72,19218.766740900493,2,,36030.72,44472.37299999999,True,22.94837840235518,29.79624731595517,6.847868913599993
lamf-test-9673f22e-b964-4aa7-bb78-d1e21e110802,"{<resource_manager.instance.OnPremInstance object at 0x138857770>: [(3, 36060.72, None)]}",52.254300807909324,33382.029585900644,36060.72,19227.39974186749,1,,36060.72,36076.119999999995,False,0.12297513118863707,,
lamf-test-5f1a507d-a26f-433c-85e6-51ac89f0d432,"{<resource_manager.instance.OnPremInstance object at 0x138857770>: [(4, 36120.72, None)]}",64.02975273459877,33516.49016802712,36120.72,19240.715787429494,3,,36120.72,36136.119999999995,False,0.09369533804848537,,
lamf-test-b2a69e4a-f75e-4751-ad43-b2adf397fd45,"{<resource_manager.instance.OnPremInstance object at 0x138857770>: [(5, 36180.72, 36690.72), (2, 36690.72, None), (1, 39071.256, None)]}",99.34731245959347,50521.70795609917,36180.72,19242.811607409494,1,23.752989276751084,36180.72,41200.560000000005,True,37.053227469769595,42.6095353801696,5.556307910400005
lamf-test-396956b2-43cb-496d-8f0c-0ee7a61c67dd,"{<resource_manager.instance.OnPremInstance object at 0x138857770>: [(2, 36420.72, None), (2, 38801.256, None)]}",82.48316532935924,50466.465100505106,36420.72,19246.777909920493,1,12.85406160164271,36420.72,40076.214,True,26.622715947980822,30.62229861038082,3.999582662399998
lamf-test-2b83bd20-9a87-454f-8bc9-f6503da1f9d0,"{<resource_manager.instance.CloudReservedInstance object at 0x138857cb0>: [(3, 36540.72, None)], <resource_manager.instance.CloudOnDemandInstance object at 0x138857b60>: [(1, 45291.792, None)]}",93.14423892083788,50347.65000421605,36540.72,19252.760461260492,2,43.099738423883096,36540.72,50363.05000421604,False,46.24710238852684,,
lamf-test-33fae0e0-9739-4c13-8834-0589e7587a07,"{<resource_manager.instance.OnPremInstance object at 0x138857770>: [(2, 36690.72, None)]}",87.86109604520695,50477.38900073557,36690.72,19253.90728028399,2,7.776280612524531,36690.72,43569.09599999999,True,18.698657151825373,24.278395763025365,5.579738611199991
lamf-test-e5f8465a-4435-4b7a-801a-354ef982dcda,"{<resource_manager.instance.OnPremInstance object at 0x138857770>: [(3, 36780.72, 45711.792), (1, 45711.792, None), (2, 64285.008, None)]}",304.6031866584939,147054.2362973381,36780.72,19257.78758467549,1,123.58137896417979,36780.72,73720.086,True,201.07688615103805,230.95811388063805,29.881227729599996
lamf-test-fd51a7dd-bca8-4714-a851-595e00860b67,"{<resource_manager.instance.OnPremInstance object at 0x138857770>: [(3, 37020.72, None), (2, 42741.792, None)]}",86.19568247701017,50534.209722777465,37020.72,19260.05115157249,3,26.10573579739904,37020.72,44016.473999999995,True,35.799872233629884,45.34632773922987,9.546455505599987
lamf-test-56707fec-34cd-4c0e-a454-d4551f611032,"{<resource_manager.instance.OnPremInstance object at 0x138857770>: [(4, 37080.72, 42561.792), (1, 42561.792, None), (1, 46562.328, None)]}",312.7950515260771,147078.65574799804,37080.72,19261.05115157249,3,39.43238877481177,37080.72,53513.417,True,60.577993763784306,76.73182577498432,16.153832011200002
lamf-test-f14e2551-1aeb-4008-9226-cf172ac76d45,"{<resource_manager.instance.OnPremInstance object at 0x138857770>: [(2, 37110.72, None), (1, 39251.256, None)]}",113.07976716267329,50454.61406541342,37110.72,19262.08480078349,2,5.8189823855427125,37110.72,42110.56,True,19.393545870835144,24.60914978123514,5.215603910399996
lamf-test-3bd57c11-f664-4998-9d53-96c6dc4f87c4,"{<resource_manager.instance.OnPremInstance object at 0x138857770>: [(4, 37230.72, 42201.792), (2, 42201.792, None), (2, 69505.008, None)]}",326.99178124993756,147274.84407250656,37230.72,19265.96727109049,1,199.97774309833449,37230.72,74975.50399999999,True,259.05527234010174,298.1440410825017,39.08876874239998
lamf-test-43098e09-15cf-41fe-b455-41529b19decc,"{<resource_manager.instance.OnPremInstance object at 0x138857770>: [(4, 37620.72, None)]}",67.69762432994189,33323.020121547816,37620.72,19267.70270242349,1,,37620.72,37636.119999999995,False,0.16279564985924336,,
lamf-test-79b31340-0554-44ef-87de-f4504dbdfc60,"{<resource_manager.instance.OnPremInstance object at 0x138857770>: [(6, 37740.72, 40241.256), (1, 40241.256, None), (4, 49172.328, None)]}",304.54338810954675,146718.98302278065,37740.72,19268.70270242349,1,64.49620625142596,37740.72,52657.79,True,111.14928344360789,127.92554759240788,16.7762641488
lamf-test-e846f77b-9785-4a57-980e-5e6be4c30da6,"{<resource_manager.instance.OnPremInstance object at 0x138857770>: [(3, 37800.72, None), (2, 51422.328, None)]}",318.0816768556553,147156.6748488958,37800.72,19269.70270242349,3,150.8528770248688,37800.72,65547.16626549148,True,169.5779379838123,214.797882600629,45.21994461681673
lamf-test-1bfc2de0-7e2f-450e-9736-96acfe81a2a7,"{<resource_manager.instance.CloudOnDemandInstance object at 0x13887e780>: [(1, 37860.72, None)], <resource_manager.instance.CloudOnDemandInstance object at 0x138a311d0>: [(4, 37860.72, 41021.256), (1, 41021.256, None)]}",88.34113338193856,50547.45523151759,37860.72,19275.39875117449,1,20.51099490455548,38261.256,41033.476917243475,False,20.558705028405075,,
lamf-test-ff8adf42-1018-4980-bdfd-c498e4f1b637,"{<resource_manager.instance.OnPremInstance object at 0x138857770>: [(2, 38291.256, None)]}",50.99968955238831,33913.08942403001,38291.256,19818.15719931649,1,,38291.256,38306.655999999995,False,0.08315461251803077,,
lamf-test-9655ffad-b7de-4846-8625-1393b7fdfd45,"{<resource_manager.instance.OnPremInstance object at 0x138857770>: [(3, 38321.256, None), (1, 52092.864, None)]}",323.69507710357215,147495.65305960894,38321.256,19820.37485072449,1,109.97177275838467,38321.256,57557.69799999999,True,168.98815636170036,194.61159565770035,25.623439295999983
lamf-test-d1831f12-882c-4e14-bb62-b9776ced5649,"{<resource_manager.instance.CloudReservedInstance object at 0x138a384d0>: [(2, 38351.256, None)], <resource_manager.instance.CloudReservedInstance object at 0x138a31310>: [(1, 38351.256, None)]}",62.263052342770514,33957.256237155365,38351.256,19827.74421807349,3,,38351.256,38366.655999999995,False,0.05855958628030336,,
lamf-test-9c4c82a6-08d5-47bd-9589-83ce8af6f468,"{<resource_manager.instance.CloudReservedInstance object at 0x138a384d0>: [(2, 38651.256, None)], <resource_manager.instance.CloudReservedInstance object at 0x138a31310>: [(3, 38651.256, None)], <resource_manager.instance.CloudOnDemandInstance object at 0x13887e3f0>: [(1, 38651.256, 61555.008)]}",291.9040113839834,147535.57243122318,38651.256,19828.74421807349,3,156.76763860369607,38651.256,61566.90873022569,False,156.83099331628244,,
lamf-test-0d7701be-3ce7-49c1-9391-e93bc28aface,"{<resource_manager.instance.OnPremInstance object at 0x138857770>: [(2, 38681.256, None)]}",74.93798997685712,34013.7563531472,38681.256,19836.321194215492,3,,38681.256,38696.655999999995,False,0.046847669024242686,,
lamf-test-df81467a-4b45-4bf0-9c71-c38863eca94a,"{<resource_manager.instance.OnPremInstance object at 0x138857770>: [(3, 38711.256, None), (2, 40151.256, None), (1, 41691.792, None)]}",90.94794091988545,51039.10030623666,38711.256,19839.27428872049,2,17.86883698180264,38711.256,42747.64220954498,True,22.22105803362442,29.666974111573083,7.445916077948665
lamf-test-a691c5b1-12d1-40f2-af64-e72afc904125,"{<resource_manager.instance.OnPremInstance object at 0x138857770>: [(5, 38921.256, None)]}",99.92248787916859,50993.581120776056,38921.256,19841.10401904149,3,,38921.256,42886.506,True,30.15628564909879,38.19781264909879,8.041526999999999
lamf-test-08f07093-2907-4ba0-a255-32c22f0fcc78,"{<resource_manager.instance.OnPremInstance object at 0x138857770>: [(3, 39971.256, 42951.792), (1, 42951.792, None)]}",298.09142219625704,147535.05752155048,39971.256,19843.82746764149,3,13.60043805612594,39971.256,45941.863999999994,True,18.14842193322685,22.987911341226848,4.839489407999997
lamf-test-2809816c-7bfc-46e3-bb73-0ce9925ea853,"{<resource_manager.instance.OnPremInstance object at 0x138857770>: [(2, 40001.256, None)]}",50.90207279429441,34020.49556472043,40001.256,19856.712709849493,1,,40001.256,40016.655999999995,False,0.08315461251803077,,
lamf-test-327a626d-9865-47f8-8ba0-52996ec1940c,"{<resource_manager.instance.OnPremInstance object at 0x138857770>: [(4, 40091.256, None)]}",74.39841740073138,34004.079615777504,40091.256,19864.76833501649,1,,40091.256,40106.655999999995,False,0.16279564985924336,,
lamf-test-44149545-c52b-4763-ae20-c3268c37dc6f,"{<resource_manager.instance.OnPremInstance object at 0x138857770>: [(6, 40391.256, None)]}",109.24225266973586,50950.1688816365,40391.256,19874.11093327649,2,19.753170382245795,40391.256,46025.795999999995,True,24.351635923134417,38.0638524671344,13.712216543999986
lamf-test-457a1c73-20e1-45f7-a144-19901295fb3b,"{<resource_manager.instance.CloudReservedInstance object at 0x138a384d0>: [(2, 40631.256, None)], <resource_manager.instance.CloudReservedInstance object at 0x13887e2c0>: [(1, 40631.256, None)], <resource_manager.instance.CloudOnDemandInstance object at 0x138a316d0>: [(1, 40631.256, None)]}",49.05334152829353,34585.21324084792,40631.256,20423.37588105749,1,,40631.256,40646.655999999995,False,0.14991254087757663,,
lamf-test-dd9abd19-48be-42ba-b1bc-fa915a5dcef1,"{<resource_manager.instance.CloudReservedInstance object at 0x138a384d0>: [(2, 40661.256, None)], <resource_manager.instance.CloudReservedInstance object at 0x138a31310>: [(1, 40661.256, None)], <resource_manager.instance.CloudOnDemandInstance object at 0x13887e3f0>: [(1, 40661.256, 56815.008)]}",320.9475259671587,148102.10670284173,40661.256,20425.45612617399,2,101.15410169296806,40661.256,148117.50670284173,False,487.63033227808694,,
lamf-test-6f2e770b-ffa0-4b22-be2e-700e1acc453c,"{<resource_manager.instance.CloudReservedInstance object at 0x138a384d0>: [(2, 40751.256, None)], <resource_manager.instance.CloudReservedInstance object at 0x13887e2c0>: [(1, 40751.256, None)], <resource_manager.instance.CloudOnDemandInstance object at 0x138a316d0>: [(1, 40751.256, None)], <resource_manager.instance.CloudOnDemandInstance object at 0x13887e3f0>: [(1, 40751.256, None)], <resource_manager.instance.CloudOnDemandInstance object at 0x138857b60>: [(1, 40751.256, 52122.864)]}",314.03861715723247,147934.44595802188,40751.256,20428.00519637849,3,89.36543919689711,40751.256,52132.76269080969,False,89.43319204295932,,
lamf-test-32172143-1bae-4833-a5f0-e53bac6ac6d4,"{<resource_manager.instance.OnPremInstance object at 0x138857770>: [(6, 41231.256, None)]}",101.07515126388836,51612.41211968133,41231.256,20429.00519637849,1,38.89276386036961,41231.256,44875.18620954498,True,57.36508885662874,66.23295741457741,8.867868557948668
lamf-test-3b06725f-04eb-4610-a2d8-34a69a9c127f,"{<resource_manager.instance.CloudOnDemandInstance object at 0x13887e780>: [(1, 41261.256, None)], <resource_manager.instance.CloudOnDemandInstance object at 0x138a311d0>: [(4, 41261.256, None)]}",123.85755114021583,51642.17845373506,41261.256,20430.74915993049,3,27.438083504449004,41661.792,51657.578453735056,False,36.89723283197474,,
lamf-test-73802176-7b43-45cb-be2f-758b39305344,"{<resource_manager.instance.OnPremInstance object at 0x138857770>: [(4, 41691.792, None)]}",57.80879755607951,34591.08859406237,41691.792,20433.81912169149,3,,41691.792,41707.191999999995,False,0.09369533804848537,,
lamf-test-bfb0cddb-1544-48a4-b06e-9eadc91468fd,"{<resource_manager.instance.OnPremInstance object at 0x138857770>: [(6, 42201.792, None)]}",95.51732021748852,51726.36850392423,42201.792,20446.78522776549,2,9.724162190179234,42201.792,45708.03262863496,True,15.153445578063256,23.68623277190929,8.532787193846033
lamf-test-3e227187-9182-4a9b-bf09-75d5b5a39b59,"{<resource_manager.instance.OnPremInstance object at 0x138857770>: [(2, 42261.792, None), (2, 73285.008, None)]}",320.9833484047092,148241.13548798702,42261.792,20452.78764813549,2,84.33567454454719,42261.792,78255.73999999999,True,111.3612437956632,144.59179221166318,33.23054841599998
lamf-test-0fdcad07-bf2d-4d92-8354-0c4ee7d909cf,"{<resource_manager.instance.OnPremInstance object at 0x138857770>: [(6, 42561.792, None)]}",57.46774388158159,34553.61212348631,42561.792,20457.57256234149,1,,42561.792,42577.191999999995,False,0.24243668720045594,,
lamf-test-f86b8860-b2ed-456c-9f30-6f6a9139ebf4,"{<resource_manager.instance.OnPremInstance object at 0x138857770>: [(5, 42801.792, 47282.328), (2, 47282.328, None), (1, 60685.008, None), (1, 71635.008, None)]}",305.1378797801942,148546.30789000826,42801.792,20460.43928345049,3,124.81259411362079,42801.792,73633.64999999998,True,136.9725576089435,173.49789541374346,36.52533780479997
lamf-test-a37f5b70-4c4f-44b3-a817-99539c326610,"{<resource_manager.instance.OnPremInstance object at 0x138857770>: [(4, 42831.792, None)]}",57.694188998700625,34548.13998459508,42831.792,20461.43928345049,3,,42831.792,42847.191999999995,False,0.09369533804848537,,
lamf-test-a0961e5f-36f8-49a0-be25-041d077e1525,"{<resource_manager.instance.CloudReservedInstance object at 0x138a31090>: [(1, 42861.792, None)], <resource_manager.instance.CloudReservedInstance object at 0x13887e2c0>: [(1, 42861.792, None)], <resource_manager.instance.CloudReservedInstance object at 0x138857cb0>: [(1, 72625.008, None)]}",302.7913218356865,148203.17375692274,42861.792,20462.72036101249,2,98.37673494520388,42861.792,85750.28799391407,True,164.20325115657502,216.14456445815347,51.94131330157845
lamf-test-e9e3c180-3644-4ec5-bd7f-fb857cf9758f,"{<resource_manager.instance.OnPremInstance object at 0x138857770>: [(5, 42921.792, None)]}",277.1468078662494,148215.12335246548,42921.792,20463.72036101249,1,,42921.792,47401.772999999994,True,58.94263540953675,68.02803687753674,9.085401467999985
lamf-test-9329565e-0cc9-410e-9937-6b7537e158ae,"{<resource_manager.instance.OnPremInstance object at 0x138857770>: [(6, 42981.792, 47462.328), (2, 47462.328, None)]}",289.93639360238836,148078.94055358117,42981.792,20464.72036101249,1,70.53547433264887,42981.792,56395.534999999996,True,118.77166697087227,136.92211689887228,18.150449927999997
lamf-test-f542227f-df52-4f0c-ae96-9700636101a5,"{<resource_manager.instance.OnPremInstance object at 0x138857770>: [(6, 43941.792, None)]}",98.85116440229747,51649.08184621777,43941.792,20468.59259306649,3,34.045503080082135,43941.792,49246.13,True,48.40828656171568,61.316923518515665,12.908636956799992
lamf-test-9aa73522-f6c8-49a8-a56a-28cd17720766,"{<resource_manager.instance.OnPremInstance object at 0x138857770>: [(6, 44001.792, None)]}",99.02000673984057,51708.790560234585,44001.792,20471.04899961249,1,25.03080082135524,44001.792,46757.94,True,43.38905133470227,50.09641310750228,6.707361772800003
lamf-test-20435df7-63e4-419e-8d22-d33076e8dcf2,"{<resource_manager.instance.CloudReservedInstance object at 0x13887e2c0>: [(2, 44031.792, None)], <resource_manager.instance.CloudOnDemandInstance object at 0x138857b60>: [(1, 52703.4, None)]}",307.8323914198774,148201.2300553239,44031.792,20473.04496460749,2,23.57350411594632,44031.792,109491.85547215574,True,275.0557113651657,448.5108776875079,173.4551663223422
lamf-test-79eb9a19-2e44-423f-814a-791df0f7734e,"{<resource_manager.instance.OnPremInstance object at 0x138857770>: [(2, 44061.792, None), (2, 45351.792, None)]}",110.61449386789155,52116.01812375612,44061.792,21020.479325129487,3,13.844617841660963,44061.792,48309.218,True,21.91756635485588,27.762142297255878,5.844575942399999
lamf-test-7f97cbae-fe7b-4dba-87f8-0ca2882583a5,"{<resource_manager.instance.OnPremInstance object at 0x138857770>: [(4, 44121.792, None), (2, 45711.792, None)]}",101.33638951109616,52138.18668911874,44121.792,21024.449604701487,2,27.611409836803674,44121.792,51087.51389211996,True,39.98401945963941,55.64599225630255,15.661972796663136
lamf-test-6c201a0a-e193-4746-b7c6-ff82b4d5eeef,"{<resource_manager.instance.OnPremInstance object at 0x138857770>: [(6, 44541.792, 49022.328), (1, 49022.328, None), (3, 83935.008, None)]}",319.4947582934635,148877.2657363703,44541.792,21032.352451163486,2,103.28780205258086,44541.792,88008.043,True,111.606363611787,143.278871013387,31.672507401600008
lamf-test-4b6bc7a8-825f-4ed7-a11d-b9402493f256,"{<resource_manager.instance.CloudReservedInstance object at 0x138857cb0>: [(1, 44571.792, None)], <resource_manager.instance.CloudOnDemandInstance object at 0x138a316d0>: [(1, 44571.792, None)]}",315.0940754980354,148715.05435122264,44571.792,21037.422839363488,2,109.99413615878886,44571.792,133957.91764880676,True,288.2152675174765,417.21732405383443,129.0020565363579
lamf-test-0c64519c-480b-40a3-83cb-e32930215173,"{<resource_manager.instance.OnPremInstance object at 0x138857770>: [(4, 44781.792, None), (1, 57895.008, None), (1, 65845.008, None)]}",305.2027703895845,148699.3420311531,44781.792,21038.422839363488,3,221.83111111111108,44781.792,77994.72099999999,True,251.12349532283812,318.0885185180381,66.96502319519998
lamf-test-545db71e-0ac4-4fd9-bae7-0ae698ee188a,"{<resource_manager.instance.OnPremInstance object at 0x138857770>: [(5, 44901.792, 48872.328), (2, 48872.328, None)]}",303.0498265026395,148878.31773351613,44901.792,21045.984825483487,2,15.88928401481991,44901.792,53348.445,True,28.057472720185427,39.740745838585426,11.683273118399999
lamf-test-4f1fe545-8677-4a84-8abf-5cf06961f85c,"{<resource_manager.instance.OnPremInstance object at 0x138857770>: [(6, 45741.792, 47732.328), (2, 47732.328, None), (4, 56815.008, None)]}",310.3840944895742,148616.8515038777,45741.792,21048.772457841485,2,33.29378865451141,45741.792,59803.443999999996,True,52.30212722030872,71.78682349550871,19.484696275199987
lamf-test-6e9b564f-bd08-4a74-adb5-0f54b0e3a954,"{<resource_manager.instance.OnPremInstance object at 0x138857770>: [(2, 45771.792, None), (1, 50072.328, None)]}",95.10170299612852,52232.7635317338,45771.792,21051.802461636486,2,17.81516007243201,45771.792,52248.16353173379,False,22.020669756973476,,
lamf-test-cf5ee26c-33df-418f-9253-bf22cfb1db3e,"{<resource_manager.instance.CloudOnDemandInstance object at 0x13887e3f0>: [(2, 45801.792, None)], <resource_manager.instance.CloudOnDemandInstance object at 0x138857b60>: [(1, 45801.792, None)]}",86.78911405093122,52140.227123629986,45801.792,21053.689970028485,3,,46202.328,52155.62712362998,False,25.771633325241375,,
lamf-test-20bd965c-e3af-463e-ad6b-f7ce4b078baa,"{<resource_manager.instance.OnPremInstance object at 0x138857770>: [(5, 46232.328, None)]}",49.20241958092055,35251.03233716488,46232.328,21055.580701392486,2,,46232.328,46247.727999999996,False,0.06162769304399561,,
lamf-test-d80357f1-4d3d-475b-a1da-53fbb3ddaa84,"{<resource_manager.instance.OnPremInstance object at 0x138857770>: [(6, 46262.328, 51242.328), (1, 51242.328, None), (5, 76045.008, None)]}",308.2995677163823,148858.76002680787,46262.328,21056.580701392486,1,148.19067305498515,46262.328,81015.458,True,227.5727173169062,261.8480994449062,34.27538212799999
lamf-test-0b008ed2-19e2-4099-a5b7-5ad49013ab38,"{<resource_manager.instance.OnPremInstance object at 0x138857770>: [(6, 46802.328, None)]}",98.70843455961634,52344.699424329956,46802.328,21070.674640597485,3,32.03285420944558,46802.328,51462.412,True,42.52871549167232,53.86949591407231,11.34078042239999
lamf-test-e31740c1-403e-4c71-8a7f-0330adf6a272,"{<resource_manager.instance.OnPremInstance object at 0x138857770>: [(5, 47282.328, None)]}",51.6673689623557,35153.57578193094,47282.328,21074.667290230485,1,,47282.328,47297.727999999996,False,0.20261616852984965,,
lamf-test-ff97215d-d288-4a40-9a08-b29190e7eee1,"{<resource_manager.instance.OnPremInstance object at 0x138857770>: [(4, 47342.328, None)]}",50.90199713640601,35129.1774480044,47342.328,21076.912973923485,1,,47342.328,47357.727999999996,False,0.16279564985924336,,
lamf-test-0b722e5a-870b-4bb2-acf4-7c5f987aee07,"{<resource_manager.instance.OnPremInstance object at 0x138857770>: [(4, 47402.328, None)]}",60.84882595404457,35214.683748810916,47402.328,21077.912973923485,3,,47402.328,47417.727999999996,False,0.09369533804848537,,
lamf-test-86bee4c0-8211-4364-b2b2-315ff254f448,"{<resource_manager.instance.OnPremInstance object at 0x138857770>: [(4, 47462.328, None)]}",60.879551145103115,35231.1462723071,47462.328,21078.912973923485,1,,47462.328,47477.727999999996,False,0.16279564985924336,,
lamf-test-1fb51fa6-4d43-412b-9a86-c51ec772c644,"{<resource_manager.instance.OnPremInstance object at 0x138857770>: [(5, 47492.328, None)]}",79.83864331738259,36033.25967523431,47492.328,21639.587325504486,3,,47492.328,47507.727999999996,False,0.11711917256060674,,
lamf-test-ea68f53d-4ebe-4fb8-83dd-aa5b6c6a2310,"{<resource_manager.instance.OnPremInstance object at 0x138857770>: [(4, 47522.328, None), (1, 49262.328, None)]}",110.2774483129196,52887.74525547735,47522.328,21649.432222545485,3,32.56929044033767,47522.328,52903.14525547734,False,38.27528523444627,,
lamf-test-ed127e72-be6f-436a-8fe9-27a8ad06a858,"{<resource_manager.instance.OnPremInstance object at 0x138857770>: [(6, 47642.328, None)]}",328.19458272409565,149566.17658199777,47642.328,21650.432222545485,3,113.00643394934976,47642.328,62906.41504516945,True,139.30264243823362,176.449324671358,37.14668223312437
lamf-test-6250b41b-6866-44ee-9930-467c8f1f7d45,"{<resource_manager.instance.OnPremInstance object at 0x138857770>: [(6, 47732.328, None)]}",92.1601820634213,52879.833179625726,47732.328,21659.923603186486,3,24.09308692676249,47732.328,51379.452,True,33.28427104722789,42.15991201362788,8.875640966399992
lamf-test-4c84a4d8-5052-4c6f-afd2-7c5df767217c,"{<resource_manager.instance.OnPremInstance object at 0x138857770>: [(6, 47762.328, None)]}",71.28909006291121,35758.51207459186,47762.328,21660.982102177484,1,,47762.328,47777.727999999996,False,0.24243668720045594,,
lamf-test-e1378e61-db93-479c-b4b7-359d51f2c742,"{<resource_manager.instance.OnPremInstance object at 0x138857770>: [(6, 47822.328, None)]}",52.48076757861521,35924.541203306435,47822.328,21662.215130809484,1,,47822.328,47837.727999999996,False,0.24243668720045594,,
lamf-test-56573715-8535-4ef6-86b5-dcb681b21f75,"{<resource_manager.instance.OnPremInstance object at 0x138857770>: [(2, 47882.328, None), (2, 59515.008, None), (2, 68485.008, None)]}",309.32301155717374,149687.9847937704,47882.328,21664.315085434482,2,104.85866413046811,47882.328,73183.26811714986,True,118.70867044818203,154.13171428527792,35.42304383709588
lamf-test-a8f2c75b-6fbc-476d-891d-92f88bfed8de,"{<resource_manager.instance.OnPremInstance object at 0x138857770>: [(6, 49262.328, None)]}",60.82789615796186,35908.03391885495,49262.328,21665.315085434482,2,,49262.328,49277.727999999996,False,0.06655648787942382,,
lamf-test-7c4919b0-6563-4e4b-a109-6e7eddf9dab2,"{<resource_manager.instance.OnPremInstance object at 0x138857770>: [(4, 49322.328, 60475.008), (2, 60475.008, None), (2, 69415.008, None), (1, 74815.008, None)]}",284.9077105670405,149403.9062577851,49322.328,21670.302659240482,3,127.90435774583618,49322.328,78299.29699999999,True,154.40286713818531,195.5762012621853,41.17333412399998
lamf-test-2b8a61cc-a82b-4153-b888-886b130ebdcb,"{<resource_manager.instance.OnPremInstance object at 0x138857770>: [(6, 49682.328, 57625.008), (1, 57625.008, None), (1, 62605.008, None)]}",288.0380279745152,149697.32283933484,49682.328,21672.123391373483,1,139.05200091261693,49682.328,68563.77,True,172.5867478895734,198.7696896719734,26.182941782400004
lamf-test-ecb2683b-9e41-48ec-91a2-6a6d38c45b39,"{<resource_manager.instance.OnPremInstance object at 0x138857770>: [(2, 49802.328, None), (4, 73375.008, None)]}",329.9077900544537,149632.4364949948,49802.328,21673.874517698485,3,110.86068902578143,49802.328,82845.39099999999,True,158.13774127310046,200.30702335790042,42.16928208479997
lamf-test-69f3610c-edfc-431a-ac62-c6c3e7603585,"{<resource_manager.instance.OnPremInstance object at 0x138857770>: [(5, 50642.328, None)]}",101.55343618416583,52907.00243226908,50642.328,21681.112019747485,1,,50642.328,52922.402432269075,False,29.99869775515626,,
lamf-test-db07f320-f70e-4581-b141-d95e0791351c,"{<resource_manager.instance.CloudReservedInstance object at 0x138857cb0>: [(3, 50672.328, None)], <resource_manager.instance.CloudOnDemandInstance object at 0x138857b60>: [(1, 50672.328, None)]}",67.5503798079176,36279.806187386115,50672.328,22230.700682906485,2,,50672.328,50687.727999999996,False,0.06819741722920111,,
lamf-test-f73d4880-234f-4ef4-b427-8c893deb0ab7,"{<resource_manager.instance.OnPremInstance object at 0x138857770>: [(5, 51002.328, 54003.936), (1, 54003.936, None)]}",289.55899307824876,149787.84502019826,51002.328,22235.407548272484,2,20.089569824405814,51002.328,84742.34,True,74.38117166246434,92.93592934886433,18.5547576864
lamf-test-870691de-e40a-44a6-b524-758dc9ee2699,"{<resource_manager.instance.OnPremInstance object at 0x138857770>: [(6, 51122.328, 56084.472), (1, 56084.472, None)]}",318.593861795503,149746.23451522586,51122.328,22238.142217544482,3,45.28536618754278,51122.328,60559.399,True,52.09185641493649,65.98276044453648,13.8909040296
lamf-test-787e33de-2c34-4cf0-bd9d-1f6b1a5da962,"{<resource_manager.instance.CloudReservedInstance object at 0x138857cb0>: [(3, 51152.328, None)]}",98.72547788684845,53642.65337350896,51152.328,22248.54901736048,1,8.537235683321926,51152.328,53658.053373508956,False,13.530040422780118,,
lamf-test-95b7467a-1a49-4273-9a59-d080cf448191,"{<resource_manager.instance.OnPremInstance object at 0x138857770>: [(6, 51242.328, 54243.936), (1, 54243.936, None)]}",303.1008089718593,149945.1736348496,51242.328,22254.48636242048,1,64.0271138489619,51242.328,71116.488,True,94.73095140314852,108.87917172314852,14.14822032
lamf-test-4b6ef0de-0d6b-4c17-a583-0b04e2222603,"{<resource_manager.instance.OnPremInstance object at 0x138857770>: [(6, 51482.328, None)]}",304.5800255914627,150215.10633538946,51482.328,22257.63923687048,2,,51482.328,63398.14399999999,True,51.49836773881452,80.4966975564145,28.99832981759998
lamf-test-dfcd1cfc-af92-4194-9a51-c980d70402e7,"{<resource_manager.instance.OnPremInstance object at 0x138857770>: [(5, 51542.328, None)]}",104.89919658381315,53408.1789368718,51542.328,22263.06535566848,2,4.766429844761408,51542.328,53423.578936871796,False,7.528386706253762,,
lamf-test-3caf5282-95cc-4847-bdc6-12864fd51ff6,"{<resource_manager.instance.CloudOnDemandInstance object at 0x13887e780>: [(1, 51662.328, None)], <resource_manager.instance.CloudOnDemandInstance object at 0x138a311d0>: [(1, 51662.328, None)]}",88.21646259362132,53252.906612306426,51662.328,22281.05074085648,1,,52062.864,53268.30661230642,False,6.2696962074476765,,
lamf-test-76f31f64-e074-4b6a-9579-e22c37b55e69,"{<resource_manager.instance.CloudReservedInstance object at 0x138a384d0>: [(2, 52122.864, None)], <resource_manager.instance.CloudReservedInstance object at 0x13887e2c0>: [(1, 52122.864, None)], <resource_manager.instance.CloudOnDemandInstance object at 0x138a316d0>: [(1, 52122.864, None)], <resource_manager.instance.CloudOnDemandInstance object at 0x138a311d0>: [(1, 52122.864, None)]}",57.885218243385175,37067.84744567774,52122.864,22822.52214793748,3,,52122.864,52138.263999999996,False,0.08979136562979848,,
lamf-test-9e038649-678e-4ec1-8038-665a8a0ccdab,"{<resource_manager.instance.CloudReservedInstance object at 0x138a384d0>: [(2, 52212.864, None)], <resource_manager.instance.CloudReservedInstance object at 0x13887e2c0>: [(1, 52212.864, None)], <resource_manager.instance.CloudOnDemandInstance object at 0x138a316d0>: [(1, 52212.864, None)], <resource_manager.instance.CloudOnDemandInstance object at 0x138a311d0>: [(2, 52212.864, 63595.008)]}",305.1144082584737,150562.67856089948,52212.864,22825.45596241148,1,133.0181860217507,52212.864,63604.370690809694,False,133.10932788985022,,
lamf-test-816ecb3f-0729-4858-99cd-1237c929b94a,"{<resource_manager.instance.CloudOnDemandInstance object at 0x138a311d0>: [(1, 52272.864, None)], <resource_manager.instance.CloudOnDemandInstance object at 0x13887e3f0>: [(3, 52272.864, None)], <resource_manager.instance.CloudOnDemandInstance object at 0x138857b60>: [(2, 52272.864, None)]}",325.447174391888,150458.00445087993,52272.864,22826.45596241148,1,1144.7103311278424,52673.4,150473.40445087996,False,1252.1832293150967,,
lamf-test-9dd25f94-b2d8-4857-adb4-87c377066854,"{<resource_manager.instance.OnPremInstance object at 0x138857770>: [(3, 52703.4, 56204.472), (2, 56204.472, None), (3, 69595.008, None)]}",304.2337725718405,150890.8456766352,52703.4,22828.71704062548,2,47.69546230848812,52703.4,71096.933,True,56.623282670443785,74.79169378324379,18.168411112800005
lamf-test-5d4708b4-be70-4e57-95c0-9df21e198378,"{<resource_manager.instance.OnPremInstance object at 0x138857770>: [(5, 52733.4, None)]}",119.73047030526563,54043.74354997213,52733.4,22831.81353028248,1,8.683550079853982,52733.4,54059.14354997213,False,17.442667438221736,,
lamf-test-fe21cf99-74f2-4c6e-92c0-836166b37c9b,"{<resource_manager.instance.OnPremInstance object at 0x138857770>: [(3, 52763.4, 55274.472), (2, 55274.472, None), (1, 65695.008, None)]}",306.6266107573227,150642.29562348415,52763.4,22833.23472588348,3,43.1580926306183,52763.4,70179.21499999998,True,63.619908738307,80.58490302870698,16.964994290399975
lamf-test-af303474-9c6d-4cd6-af46-9ee1b2d1d0c4,"{<resource_manager.instance.OnPremInstance object at 0x138857770>: [(6, 52793.4, None)]}",83.47238892971743,54022.264719368315,52793.4,22835.325073464483,3,,52793.4,54037.66471936831,False,11.355370471077414,,
lamf-test-48887eaf-7764-41b1-8a24-eb297e7a4537,"{<resource_manager.instance.OnPremInstance object at 0x138857770>: [(6, 52943.4, None)]}",92.60848910013964,53978.69510084695,52943.4,22838.447005097983,1,,52943.4,53994.09510084694,False,16.540716851115423,,
lamf-test-70da499d-f492-45a5-857f-ba98849424d5,"{<resource_manager.instance.OnPremInstance object at 0x138857770>: [(4, 53003.4, None)]}",105.64492540905647,53936.12720633061,53003.4,22842.010192266484,3,,53003.4,53951.527206330604,False,5.768512929230221,,
lamf-test-41153241-bf67-4ba2-bd57-821911347a85,"{<resource_manager.instance.OnPremInstance object at 0x138857770>: [(3, 53123.4, None), (3, 54003.936, None)]}",99.23133172494114,53991.12946922327,53123.4,22843.048421403484,3,4.017960301163586,53123.4,54023.38999999999,False,4.195500798539727,,
lamf-test-6557112d-0dd1-4a4f-956a-4810ab29fb87,"{<resource_manager.instance.OnPremInstance object at 0x138857770>: [(5, 53363.4, 60055.008), (1, 60055.008, None), (2, 68005.008, None), (2, 74965.008, None)]}",284.1643475390076,150135.78694964334,53363.4,22848.225804801485,3,128.73684690851016,53363.4,82302.28030974006,True,150.54285732557653,190.68687459372939,40.14401726815284
lamf-test-9c88980c-fc13-42ba-ae80-9214e850b23c,"{<resource_manager.instance.OnPremInstance object at 0x138857770>: [(3, 53483.4, None)]}",56.88278421553064,36907.544887732154,53483.4,22857.932951751485,2,,53483.4,53498.799999999996,False,0.049677043187284775,,
lamf-test-599db447-ffc5-4f67-bbdb-15246291d10d,"{<resource_manager.instance.OnPremInstance object at 0x138857770>: [(4, 53543.4, None)]}",58.09494942769889,36763.57116726281,53543.4,22861.488391062485,3,,53543.4,53558.799999999996,False,0.09369533804848537,,
lamf-test-67a1a99a-4314-4946-83c9-ed2acd2c23fe,"{<resource_manager.instance.CloudOnDemandInstance object at 0x13887e780>: [(1, 53573.4, None)], <resource_manager.instance.CloudOnDemandInstance object at 0x138a311d0>: [(1, 53573.4, None)]}",104.56386159081104,54072.622233984264,53573.4,22862.488391062485,2,,53973.936,54088.02223398426,False,1.7009873902597739,,
lamf-test-1bd3ea85-4b86-41d6-88ae-4d09629a5e9f,"{<resource_manager.instance.OnPremInstance object at 0x138857770>: [(5, 54003.936, None)]}",91.30297666017438,54007.860534188236,54003.936,22866.142204252486,2,,54003.936,54023.26053418823,False,0.07733288708901237,,
lamf-test-04e82c6f-21eb-4e35-8244-b06d0737db1d,"{<resource_manager.instance.OnPremInstance object at 0x138857770>: [(5, 54033.936, None)]}",95.5159501731966,54305.151525531866,54033.936,22871.906157577487,2,,54033.936,54320.55152553186,False,1.1469775083849072,,
lamf-test-227b9038-f251-4152-94eb-43a9fb1d09b6,"{<resource_manager.instance.OnPremInstance object at 0x138857770>: [(5, 54063.936, None)]}",66.25196628808428,37101.538110013425,54063.936,22872.906157577487,2,,54063.936,54079.335999999996,False,0.06162769304399561,,
lamf-test-b20c0974-09ea-4c80-b141-7811b8b20475,"{<resource_manager.instance.OnPremInstance object at 0x138857770>: [(2, 54093.936, None)]}",96.38631983638818,53971.62243234317,54093.936,22875.672870506485,1,,54093.936,54109.335999999996,False,0.08315461251803077,,
lamf-test-ab19fe1e-973b-44c8-a2b5-9c88f8dd630c,"{<resource_manager.instance.CloudReservedInstance object at 0x138857cb0>: [(3, 54123.936, None)], <resource_manager.instance.CloudOnDemandInstance object at 0x13887e780>: [(2, 54123.936, 67255.008)]}",310.22675767562004,150691.78499576502,54123.936,22876.672870506485,3,79.89092402464065,54123.936,67263.20741894217,False,79.91586711975714,,
lamf-test-38119ffa-10d5-4f96-9e4f-d7aa2d684f4c,"{<resource_manager.instance.OnPremInstance object at 0x138857770>: [(5, 54183.936, 58675.008), (2, 58675.008, None), (3, 70105.008, None)]}",315.0920376046709,150733.36099342068,54183.936,22877.672870506485,2,49.04447342181611,54183.936,72600.169,True,63.87633864954557,87.31643517354556,23.440096523999987
lamf-test-0edb2b7d-ea79-4551-a1d6-40e8f4f75204,"{<resource_manager.instance.OnPremInstance object at 0x138857770>: [(2, 54243.936, None)]}",49.09599477194767,36871.08381216272,54243.936,22878.672870506485,3,,54243.936,54259.335999999996,False,0.046847669024242686,,
lamf-test-fb5bb86a-097c-4cce-b52f-faf7de14091c,"{<resource_manager.instance.OnPremInstance object at 0x138857770>: [(5, 54273.936, 56264.472), (2, 56264.472, None)]}",310.7135837098068,150678.0922341597,54273.936,22881.290503265485,2,21.532344681267986,54273.936,68390.588,True,40.9302031291665,54.8037154363665,13.873512307200002
lamf-test-ffa00229-4854-4a3b-9050-ac62a552280b,"{<resource_manager.instance.OnPremInstance object at 0x138857770>: [(2, 54303.936, None), (1, 62965.008, None), (1, 68665.008, None)]}",328.09484391630104,150725.2641701499,54303.936,22883.641750103485,3,82.65593429158109,54303.936,76827.03199999998,True,102.0157274317437,129.21941677574367,27.20368934399996
lamf-test-404b381d-5a0f-4cbc-ae4f-02ebbbeb7a4d,"{<resource_manager.instance.OnPremInstance object at 0x138857770>: [(6, 54333.936, None)]}",54.32250531179826,37097.73519628408,54333.936,22884.641750103485,1,,54333.936,54349.335999999996,False,0.24243668720045594,,
lamf-test-1945932c-936e-4e58-b59b-8fc5fe0a5a90,"{<resource_manager.instance.OnPremInstance object at 0x138857770>: [(4, 54363.936, 57355.008), (1, 57355.008, None)]}",307.9539703217035,151169.5871318119,54363.936,23431.362253596486,1,31.619059091946156,54363.936,68267.88799999999,True,62.3268361092098,71.6058154500098,9.278979340799996
lamf-test-05011c3e-5178-4e8c-a944-565636c84b62,"{<resource_manager.instance.OnPremInstance object at 0x138857770>: [(2, 54393.936, 59605.008), (1, 59605.008, None)]}",311.6110618417853,150921.58818089456,54393.936,23433.587354823485,2,26.279489232976076,54393.936,80448.304,True,56.45794889597943,69.13921135997943,12.681262464
lamf-test-01d3dab5-d631-4e94-b48f-123fd1e6d0ca,"{<resource_manager.instance.OnPremInstance object at 0x138857770>: [(3, 54423.936, None)]}",62.28353144846482,37535.20646735076,54423.936,23435.607557124484,1,,54423.936,54439.335999999996,False,0.12297513118863707,,
lamf-test-e42daae1-319e-4d66-892f-ff458cefa185,"{<resource_manager.instance.OnPremInstance object at 0x138857770>: [(5, 54543.936, 56054.472), (1, 56054.472, None), (1, 63025.008, None), (1, 67495.008, None), (2, 70975.008, None)]}",331.8539601540227,151118.7491391924,54543.936,23441.209939836484,3,51.567748117727575,54543.936,79418.286,True,115.78006844626961,146.6541806398696,30.87411219359998
lamf-test-64767f79-cec9-4cb3-b8c5-46b3e86d20f8,"{<resource_manager.instance.OnPremInstance object at 0x138857770>: [(4, 54663.936, 57175.008), (1, 57175.008, None), (3, 83965.008, None), (2, 87955.008, None)]}",283.87618715962776,151004.76678072524,54663.936,23442.209939836484,2,116.28376117357222,54663.936,97110.60100000001,True,157.4705230481972,201.16493738579723,43.69441433760002
lamf-test-4f40bb80-4246-4e5c-807f-5b2f111e8553,"{<resource_manager.instance.OnPremInstance object at 0x138857770>: [(4, 54723.936, 58225.008), (1, 58225.008, None), (2, 67165.008, None)]}",300.28901978300945,151017.60094854762,54723.936,23452.469130706486,3,71.17543235227012,54723.936,79292.677,True,90.23848961898238,114.30164047098238,24.063150851999993
lamf-test-428fc4b3-a829-4902-849a-b2c3bb41b1dd,"{<resource_manager.instance.OnPremInstance object at 0x138857770>: [(6, 54783.936, None)]}",111.95659614535904,54566.15739443572,54783.936,23453.469130706486,3,,54783.936,54799.335999999996,False,0.14054300707272807,,
lamf-test-9638132b-b89e-4ce9-a020-504ebe7f7390,"{<resource_manager.instance.CloudOnDemandInstance object at 0x13887e780>: [(2, 54813.936, None)], <resource_manager.instance.CloudOnDemandInstance object at 0x138a311d0>: [(1, 54813.936, None)]}",103.1682902438305,54419.03192920203,54813.936,23455.893933203486,2,,55214.472,55229.871999999996,False,1.6615586652895813,,
lamf-test-6ebb2b55-7f25-4fcc-998e-d62668ae8460,"{<resource_manager.instance.OnPremInstance object at 0x138857770>: [(6, 55244.472, None)]}",60.69367071554156,37793.258431246475,55244.472,23459.303351627485,2,,55244.472,55259.871999999996,False,0.06655648787942382,,
lamf-test-5704a2cc-027b-4370-a7eb-9804c4d8380a,"{<resource_manager.instance.OnPremInstance object at 0x138857770>: [(5, 55334.472, 60805.008), (1, 60805.008, None), (4, 71755.008, None)]}",328.518781280289,150959.36968180703,55334.472,23460.303351627485,3,58.25945699292721,55334.472,79210.704,True,114.96107688797625,145.61679538397624,30.655718495999995
lamf-test-4bdc3b38-4b50-41c5-90d1-8319dfa6ef3f,"{<resource_manager.instance.OnPremInstance object at 0x138857770>: [(5, 55454.472, None)]}",321.16833722466623,151303.48117015543,55454.472,23461.303351627485,2,,55454.472,70349.242,True,59.60586451436761,89.8124580743676,30.20659355999999
lamf-test-cbaeac35-da39-4580-bb48-6f69d435e1ef,"{<resource_manager.instance.OnPremInstance object at 0x138857770>: [(6, 56054.472, None)]}",59.97502759856391,37737.15429155908,56054.472,23462.303351627485,2,,56054.472,56069.871999999996,False,0.06655648787942382,,
lamf-test-faec5c90-186b-4555-954c-a8baf4f027a2,"{<resource_manager.instance.OnPremInstance object at 0x138857770>: [(4, 56084.472, None)]}",104.23072108364673,54680.45179312964,56084.472,23463.303351627485,3,,56084.472,56099.871999999996,False,0.09369533804848537,,
lamf-test-0967a8c1-fdb4-4be1-a916-cc022480b089,"{<resource_manager.instance.OnPremInstance object at 0x138857770>: [(2, 56114.472, None)]}",89.68473907463206,54454.66268884751,56114.472,23464.303351627485,1,,56114.472,56129.871999999996,False,0.08315461251803077,,
lamf-test-d392fb46-3ada-4299-920d-04b5ae462e49,"{<resource_manager.instance.OnPremInstance object at 0x138857770>: [(4, 56144.472, None)]}",53.88118833696197,37595.52105239635,56144.472,23472.859632781485,2,,56144.472,56159.871999999996,False,0.05608928259914327,,
lamf-test-b4f2a445-161d-42de-8bf2-99cedcdf1a1d,"{<resource_manager.instance.OnPremInstance object at 0x138857770>: [(2, 56174.472, None)]}",317.30210148260704,151255.92097218,56174.472,23484.661743097484,2,24.90264009861544,56174.472,74267.796,True,49.18615414639942,63.86345857519942,14.6773044288
lamf-test-c7f36b6d-6d0e-497a-bed2-ab51e4200e00,"{<resource_manager.instance.OnPremInstance object at 0x138857770>: [(6, 56234.472, None)]}",67.30455789142538,37586.17088645862,56234.472,23486.954647561484,2,,56234.472,56249.871999999996,False,0.06655648787942382,,
lamf-test-902ad2da-a958-4f6f-a105-0cf09133c223,"{<resource_manager.instance.OnPremInstance object at 0x138857770>: [(4, 56294.472, None)]}",319.6161610919672,151152.48291607335,56294.472,23490.435988609483,3,18.13391740816792,56294.472,66436.752,True,61.70677618069809,78.16161125269808,16.454835071999987
lamf-test-5c066d18-4f49-4722-a66a-a3c4e7ab30cb,"{<resource_manager.instance.OnPremInstance object at 0x138857770>: [(3, 56324.472, None)]}",105.95282638563052,55182.08850952303,56324.472,24044.03397286048,3,,56324.472,56339.871999999996,False,0.07027150353636404,,
lamf-test-03f57a47-31b2-463e-9964-32e1833cfbcd,"{<resource_manager.instance.OnPremInstance object at 0x138857770>: [(6, 56354.472, None)]}",98.51981663568804,55215.456144948424,56354.472,24051.02319840448,1,,56354.472,56369.871999999996,False,0.24243668720045594,,
lamf-test-b284ea68-a93a-41ac-9d3b-a2d0c0674e21,"{<resource_manager.instance.CloudOnDemandInstance object at 0x13887e780>: [(2, 56384.472, None)]}",312.0323931368153,151675.2855274764,56384.472,24053.47311302248,1,218.2567538215834,56785.008,105534.23099688363,True,265.391504204026,484.57976942652823,219.18826522250225
lamf-test-274e2f12-b4e9-499b-9b88-36da25e54e24,"{<resource_manager.instance.OnPremInstance object at 0x138857770>: [(5, 56815.008, 64285.008), (1, 64285.008, None), (1, 80665.008, None), (2, 83155.008, None)]}",331.60036141298406,151803.6323681912,56815.008,24056.63698919548,1,158.38694957791466,56815.008,87629.166,True,207.72552361396296,238.79717355316296,31.071649939199993
lamf-test-f483d0b8-ba08-4711-99f9-47af2ee222a5,"{<resource_manager.instance.CloudReservedInstance object at 0x138a384d0>: [(2, 56845.008, None), (2, 116365.008, None), (1, 143875.008, None)], <resource_manager.instance.CloudReservedInstance object at 0x138a31310>: [(1, 56845.008, 66025.008), (2, 125545.008, None)]}",312.7927875459608,152027.165828698,56845.008,24059.64688307548,2,362.46842335437407,56845.008,152042.56582869802,False,440.01948631617074,,
lamf-test-10d63afb-c09f-4af6-a622-71a25fae2fdf,"{<resource_manager.instance.OnPremInstance object at 0x138857770>: [(4, 57175.008, 60175.008), (1, 60175.008, None), (2, 65155.008, None), (1, 74095.008, None)]}",310.7244065884292,151412.4935538407,57175.008,24061.656696940478,2,63.47379060964258,57175.008,83032.076,True,124.03621310099956,156.30099222419955,32.2647791232
lamf-test-5168b562-8a76-449b-98c0-cc2731c9ca3c,"{<resource_manager.instance.CloudReservedInstance object at 0x138a31310>: [(1, 57205.008, None)], <resource_manager.instance.CloudOnDemandInstance object at 0x138a311d0>: [(1, 57205.008, None)], <resource_manager.instance.CloudReservedInstance object at 0x138a31090>: [(1, 126055.008, None)]}",309.5107801118846,151890.0479670177,57205.008,24062.99266284748,1,248.72689938398355,57205.008,151905.4479670177,False,275.45096547733885,,
lamf-test-ff254f04-4cb3-4cab-aa4a-5f045128d210,"{<resource_manager.instance.OnPremInstance object at 0x138857770>: [(3, 57355.008, None)]}",110.15545315677929,55185.19443563779,57355.008,24064.16723222248,3,,57355.008,57370.407999999996,False,0.07027150353636404,,
lamf-test-bc23b10d-c69c-4408-9782-8739fbb3209f,"{<resource_manager.instance.OnPremInstance object at 0x138857770>: [(3, 57445.008, 60925.008), (1, 60925.008, None), (2, 66895.008, None), (2, 79525.008, None)]}",310.0193593332558,151707.70483741895,57445.008,24065.16723222248,1,148.3253479352042,57445.008,84992.703,True,222.7581873146246,255.87075277462458,33.112565459999985
lamf-test-8ac2f925-7afc-41fe-bb28-31766fc5fb67,"{<resource_manager.instance.OnPremInstance object at 0x138857770>: [(2, 57565.008, None)]}",78.91788247204538,38113.08246911007,57565.008,24066.49020941948,1,,57565.008,57580.407999999996,False,0.08315461251803077,,
lamf-test-8af4e2ac-cf32-4cee-877b-e9f4b759f7f3,"{<resource_manager.instance.OnPremInstance object at 0x138857770>: [(4, 57625.008, None)]}",289.77114078776196,151445.3795116206,57625.008,24070.61668061648,3,12.229066849190051,57625.008,62815.198,True,31.57770172636699,39.99826598236698,8.420564255999992
lamf-test-068fc1f2-6deb-41a2-ae15-564e581e4490,"{<resource_manager.instance.OnPremInstance object at 0x138857770>: [(3, 57655.008, 60145.008), (2, 60145.008, None), (1, 76045.008, None)]}",318.6864958169501,151434.15606398368,57655.008,24071.61668061648,1,105.73807894136436,57655.008,78042.077,True,122.14110974218575,140.49905530138574,18.357945559200004
lamf-test-f3dda1e4-5862-4683-8e1d-465d2dca42c3,"{<resource_manager.instance.OnPremInstance object at 0x138857770>: [(4, 57685.008, 59185.008), (1, 59185.008, None), (3, 64165.008, None), (1, 66655.008, None), (1, 69655.008, None)]}",305.16980399325007,151644.6950146444,57685.008,24075.57171347148,1,97.59981747661419,57685.008,75118.52299999999,True,187.3495505361622,215.22282464016217,27.873274103999965
lamf-test-9a44ea70-cb8b-427c-9af4-a87498aeb7c6,"{<resource_manager.instance.OnPremInstance object at 0x138857770>: [(2, 58225.008, None)]}",116.40460154918469,55442.45898121693,58225.008,24076.57171347148,3,,58225.008,58240.407999999996,False,0.046847669024242686,,
lamf-test-9bda5a96-e4e1-4b91-bbbb-1dacf1ed28b2,"{<resource_manager.instance.OnPremInstance object at 0x138857770>: [(6, 59185.008, 63175.008), (2, 63175.008, None), (3, 72625.008, None)]}",334.4551264679061,151874.2363900861,59185.008,24078.65447892748,3,134.74788957335159,59185.008,86460.194,True,170.37939006768573,215.81305127568572,45.433661208000004
lamf-test-e68a5a0e-948d-450e-bd18-14ba76978e62,"{<resource_manager.instance.OnPremInstance object at 0x138857770>: [(2, 59485.008, None)]}",61.643354936762066,38204.14786526272,59485.008,24080.24012849198,2,,59485.008,59500.407999999996,False,0.04186443429931751,,
lamf-test-72ac3048-5fdb-4c21-afcd-eed6fe82e6d1,"{<resource_manager.instance.OnPremInstance object at 0x138857770>: [(3, 59515.008, None)]}",305.99164294117367,151913.3904417105,59515.008,24083.09785491448,1,,59515.008,63004.570999999996,True,27.865549851699704,32.111650110099696,4.246100258399994
lamf-test-947624f9-c308-44e1-a082-5eef08d3ec8d,"{<resource_manager.instance.OnPremInstance object at 0x138857770>: [(4, 59845.008, None)]}",93.19634223972996,55376.26077610303,59845.008,24084.82133697148,2,,59845.008,59860.407999999996,False,0.05608928259914327,,
lamf-test-fd42a6f7-5546-4968-b0ee-4f887fda9461,"{<resource_manager.instance.OnPremInstance object at 0x138857770>: [(5, 59875.008, 64855.008), (2, 64855.008, None), (2, 76765.008, None), (2, 84715.008, None)]}",313.44017426263486,151649.70502243593,59875.008,24085.82133697148,1,215.68560346794436,59875.008,90178.957,True,304.1958428017339,350.15182108813383,45.95597828639998
lamf-test-1e1b6610-69b2-4869-80ff-74a807042404,"{<resource_manager.instance.OnPremInstance object at 0x138857770>: [(5, 59905.008, 65365.008), (1, 65365.008, None)]}",310.82543279392,152041.90553525413,59905.008,24086.82133697148,3,41.52407027150354,59905.008,78756.05,True,61.89222298273633,78.39650961793633,16.5042866352
lamf-test-aba1aa4f-f6ce-4af2-b868-ea5768a9b8b8,"{<resource_manager.instance.OnPremInstance object at 0x138857770>: [(5, 59965.008, None)]}",55.6474329845016,38775.42780468903,59965.008,24635.46335420748,3,,59965.008,59980.407999999996,False,0.11711917256060674,,
lamf-test-b37b6ec3-b4f6-4505-b5ff-6313155b88e1,"{<resource_manager.instance.OnPremInstance object at 0x138857770>: [(5, 60025.008, None)]}",92.20096869554938,55963.76852680364,60025.008,24639.85483917348,2,,60025.008,60040.407999999996,False,0.06162769304399561,,
lamf-test-aa0c06ad-8e28-471d-8a21-4c2106849993,"{<resource_manager.instance.OnPremInstance object at 0x138857770>: [(4, 60055.008, 63055.008), (1, 63055.008, None), (1, 69025.008, None), (4, 71515.008, None)]}",297.7430444733612,152682.8256771687,60055.008,24646.54897786548,1,190.82135523613965,60055.008,84597.88499999998,True,274.45454414784354,315.6015536150435,41.14700946719995
lamf-test-ea317cde-8e65-4009-bbcb-6720d6ab3fc4,"{<resource_manager.instance.OnPremInstance object at 0x138857770>: [(5, 60085.008, 63565.008), (2, 63565.008, None)]}",322.00845242777757,152478.72896099382,60085.008,24647.831644002483,2,13.926257908648427,60085.008,76467.705,True,49.00184952168124,66.52595732808123,17.5241078064
lamf-test-d2030552-fada-4868-9884-3081a3d5e562,"{<resource_manager.instance.OnPremInstance object at 0x138857770>: [(4, 60175.008, 64645.008), (2, 64645.008, None), (2, 70615.008, None), (2, 73105.008, None)]}",335.70235460840024,152282.62411592086,60175.008,24649.224649482483,3,95.27720739219711,60175.008,80102.63699999999,True,124.36804928131403,157.532247215714,33.164197934399965
lamf-test-8b57f8ca-98cc-4c1b-8aa2-5b91c1f45b09,"{<resource_manager.instance.OnPremInstance object at 0x138857770>: [(2, 60475.008, None)]}",306.9047417051023,152627.57248853656,60475.008,24651.00865163448,2,13.537979403290908,60475.008,82002.095,True,58.52073502386576,75.98350799826576,17.4627729744
lamf-test-a13d6194-2358-4887-a070-b00cd35c865e,"{<resource_manager.instance.OnPremInstance object at 0x138857770>: [(3, 60685.008, 65665.008), (2, 65665.008, None)]}",302.61921821621866,152554.76779076716,60685.008,24652.00865163448,2,16.064394485244915,60685.008,76084.58699999998,True,44.38970490551846,58.901731390318446,14.512026484799986
lamf-test-ca1797e6-b093-4c70-86e8-71ffe0d25cca,"{<resource_manager.instance.OnPremInstance object at 0x138857770>: [(4, 60805.008, None)]}",87.62355008897632,55756.76676977949,60805.008,24653.00865163448,3,,60805.008,60820.407999999996,False,0.09369533804848537,,
lamf-test-7bd8b2d3-250f-4731-829c-d7a0653ffcb3,"{<resource_manager.instance.OnPremInstance object at 0x138857770>: [(4, 60865.008, 62875.008), (2, 62875.008, None)]}",301.8009690341694,152580.219006382,60865.008,24655.05752411098,3,12.229066849190051,60865.008,68836.452,True,30.364115902349994,38.461063275149996,8.096947372800003
lamf-test-d11d15e3-c05e-424a-bab1-f5785ed94bc2,"{<resource_manager.instance.OnPremInstance object at 0x138857770>: [(4, 60925.008, None)]}",65.13660288894543,38787.58816967181,60925.008,24656.05752411098,1,,60925.008,60940.407999999996,False,0.16279564985924336,,
lamf-test-a7dc0f00-a53e-4f14-ba21-5c93f2b6c280,"{<resource_manager.instance.OnPremInstance object at 0x138857770>: [(4, 60985.008, 65965.008), (2, 65965.008, None), (1, 79375.008, None)]}",278.74097160023985,152277.95938539767,60985.008,24657.57212039198,2,54.59264229207137,60985.008,91789.16600000001,True,113.52893444129764,147.59222589569765,34.063291454400016
lamf-test-88d97e0c-88fe-4c62-bc84-030e5f7776f1,"{<resource_manager.instance.CloudReservedInstance object at 0x138a384d0>: [(2, 61555.008, None)], <resource_manager.instance.CloudReservedInstance object at 0x138a31310>: [(1, 61555.008, None)], <resource_manager.instance.CloudOnDemandInstance object at 0x13887e780>: [(1, 84445.008, None)]}",304.4592028444548,151847.19326226905,61555.008,24662.42416332398,1,158.414328085786,61555.008,107333.21346045138,True,381.2214083913436,547.6186066873955,166.39719829605198
lamf-test-2586faa0-8afe-4587-9352-3a45415e951c,"{<resource_manager.instance.CloudReservedInstance object at 0x138a31310>: [(2, 61645.008, None)], <resource_manager.instance.CloudOnDemandInstance object at 0x13887e3f0>: [(1, 61645.008, None)]}",52.1878736324701,38849.79786030722,61645.008,24666.12747477998,2,,61645.008,61660.407999999996,False,0.06249432255097671,,
lamf-test-096a164d-3416-42b7-999a-d92269a9a7ca,"{<resource_manager.instance.OnPremInstance object at 0x138857770>: [(6, 62875.008, 67855.008), (1, 67855.008, None), (3, 73825.008, None), (1, 81595.008, None)]}",310.89137174012484,152842.16567907672,62875.008,24667.12747477998,3,101.80241843486195,62875.008,85573.89099999999,True,132.06238497224112,167.2783676962411,35.21598272399998
lamf-test-debb5ae3-8ca9-424a-a1fe-ae626817d5d4,"{<resource_manager.instance.OnPremInstance object at 0x138857770>: [(4, 62965.008, None)]}",50.08229655297103,38894.19402070987,62965.008,24668.34187093698,3,,62965.008,62980.407999999996,False,0.09369533804848537,,
lamf-test-9f4c8a2a-2fe4-4712-9592-1f90f46792d9,"{<resource_manager.instance.OnPremInstance object at 0x138857770>: [(5, 63055.008, 66055.008), (2, 66055.008, None)]}",322.9477688777042,152100.174821039,63055.008,24670.67050172898,1,39.47068218115445,63055.008,77967.07800000001,True,103.79169290440342,119.53876408840343,15.747071184000005
lamf-test-81195703-aa5f-481d-abd3-346d6a96d7d8,"{<resource_manager.instance.OnPremInstance object at 0x138857770>: [(2, 63085.008, None)]}",57.90728747613712,38877.638106932296,63085.008,24674.67266123298,2,,63085.008,63100.407999999996,False,0.04186443429931751,,
lamf-test-292ff255-562b-496c-972f-f8340f6cddab,"{<resource_manager.instance.OnPremInstance object at 0x138857770>: [(2, 63115.008, None), (1, 74245.008, None), (2, 79735.008, None)]}",321.5271161172489,152421.58516174793,63115.008,24677.05877611998,1,105.19050878393794,63115.008,83221.868,True,152.65784013993462,175.43808021993462,22.780240080000002
lamf-test-3943f80b-7a33-4e35-a8a4-f3b6aa99c52d,"{<resource_manager.instance.OnPremInstance object at 0x138857770>: [(3, 63145.008, None)]}",31.751233670300554,38769.644383729334,63145.008,24678.05877611998,1,,63145.008,63160.407999999996,False,0.12297513118863707,,
lamf-test-03badbdc-4aa8-4cd2-98f8-bfe0e4080cef,"{<resource_manager.instance.OnPremInstance object at 0x138857770>: [(2, 63175.008, None)]}",46.039696363479905,38703.27962873982,63175.008,24679.05877611998,2,,63175.008,63190.407999999996,False,0.04186443429931751,,
lamf-test-e0a17229-9bf9-416c-a5a2-49e15e4b17e7,"{<resource_manager.instance.OnPremInstance object at 0x138857770>: [(2, 63205.008, None)]}",300.8789137634496,152907.88784636394,63205.008,24680.05877611998,3,7.57472051106548,63205.008,83259.16799999999,True,61.00588637919229,77.27382097119228,16.267934591999992
lamf-test-0b1411aa-7440-4517-bbd4-2bffa1461af4,"{<resource_manager.instance.OnPremInstance object at 0x138857770>: [(2, 63235.008, None)]}",54.09958144079154,38985.51196093023,63235.008,24681.05877611998,1,,63235.008,63250.407999999996,False,0.08315461251803077,,
lamf-test-8a7888d4-6626-4d18-8e7e-6823cdaffb96,"{<resource_manager.instance.OnPremInstance object at 0x138857770>: [(6, 63445.008, None)]}",94.8282048828368,55986.91818257143,63445.008,24682.05877611998,3,,63445.008,63460.407999999996,False,0.14054300707272807,,
lamf-test-8f5d07e8-2d0c-4ca5-874d-d1e790990809,"{<resource_manager.instance.OnPremInstance object at 0x138857770>: [(6, 63505.008, 65515.008), (1, 65515.008, None), (1, 71485.008, None), (4, 76465.008, None)]}",302.97405507839164,152503.24147270486,63505.008,24685.44612144998,1,253.36071184120465,63505.008,92065.821,True,329.1849698836412,378.5038524004412,49.31888251679999
lamf-test-fd11e4ea-cdef-4f38-a062-f8e8f6529d33,"{<resource_manager.instance.OnPremInstance object at 0x138857770>: [(6, 63565.008, 67555.008), (2, 67555.008, None), (1, 77485.008, None)]}",323.9849795842166,152628.55670516065,63565.008,24687.02741044898,1,161.27766370066163,63565.008,88123.749,True,203.81352407027146,234.52402411907144,30.710500048799993
lamf-test-8c42c6bf-e604-4e96-bc18-75bc6db194f5,"{<resource_manager.instance.OnPremInstance object at 0x138857770>: [(2, 63595.008, None)]}",304.5244415439068,152140.22915150263,63595.008,24689.02846537898,2,,63595.008,69568.31599999999,True,16.23825716335596,21.08380461295595,4.845547449599992
lamf-test-2ee801ff-df94-45c9-b634-a465808c37ee,"{<resource_manager.instance.CloudReservedInstance object at 0x138a384d0>: [(2, 63625.008, None)], <resource_manager.instance.CloudReservedInstance object at 0x138a31310>: [(2, 63625.008, None)]}",44.045311418522864,38789.83267965898,63625.008,24690.77759811398,3,,63625.008,63640.407999999996,False,0.07027150353636402,,
lamf-test-c4cd6d33-84be-4a0d-a794-48962ad9461f,"{<resource_manager.instance.CloudReservedInstance object at 0x13887e2c0>: [(1, 63655.008, None)], <resource_manager.instance.CloudOnDemandInstance object at 0x138a316d0>: [(1, 63655.008, None)], <resource_manager.instance.CloudOnDemandInstance object at 0x138a311d0>: [(1, 63655.008, None)], <resource_manager.instance.CloudOnDemandInstance object at 0x13887e3f0>: [(1, 63655.008, None)]}",92.44374551049617,55933.37769274837,63655.008,24691.77759811398,1,,63655.008,63670.407999999996,False,0.12687910360732396,,
lamf-test-b19f4d76-0891-41df-b5fe-36ccd74b9a06,"{<resource_manager.instance.CloudReservedInstance object at 0x138a384d0>: [(2, 63745.008, None)], <resource_manager.instance.CloudReservedInstance object at 0x138a31310>: [(1, 63745.008, None)]}",47.2527689810787,38795.54823812048,63745.008,24692.77759811398,3,,63745.008,63760.407999999996,False,0.05855958628030336,,
lamf-test-9953a2a0-1d7c-4068-bf98-538acafc2ac3,"{<resource_manager.instance.CloudReservedInstance object at 0x138a31310>: [(1, 63805.008, None)], <resource_manager.instance.CloudReservedInstance object at 0x13887e2c0>: [(1, 63805.008, None)], <resource_manager.instance.CloudOnDemandInstance object at 0x138a316d0>: [(1, 63805.008, None)], <resource_manager.instance.CloudOnDemandInstance object at 0x138a311d0>: [(2, 63805.008, None)], <resource_manager.instance.CloudOnDemandInstance object at 0x13887e3f0>: [(1, 63805.008, None)]}",299.47595690366575,152090.98850983425,63805.008,24694.84190078098,2,763.7476042706357,63805.008,152106.38850983427,False,776.7791732109621,,
lamf-test-783eef72-16ea-4bd4-8850-a7549496bd66,"{<resource_manager.instance.CloudReservedInstance object at 0x138a384d0>: [(2, 63865.008, None)], <resource_manager.instance.CloudReservedInstance object at 0x138a31310>: [(1, 63865.008, None)]}",99.85904399571011,55967.193837851664,63865.008,24698.05324298398,2,,63865.008,63880.407999999996,False,0.06518697774503884,,
lamf-test-59f36aea-6cbc-457b-81ba-431f79f73291,"{<resource_manager.instance.CloudReservedInstance object at 0x138a384d0>: [(2, 63925.008, None)]}",94.81833183066266,56573.78548407975,63925.008,25278.84160120148,3,,63925.008,63940.407999999996,False,0.046847669024242686,,
lamf-test-55529a16-b241-4348-bd90-45ddc000d26d,"{<resource_manager.instance.CloudReservedInstance object at 0x138a384d0>: [(2, 63985.008, None)], <resource_manager.instance.CloudReservedInstance object at 0x138a31310>: [(1, 63985.008, None)]}",53.211716625419925,39396.15964361987,63985.008,25280.278574849977,2,,63985.008,64000.407999999996,False,0.06518697774503884,,
lamf-test-b86de886-591a-45ec-903b-6a80c96225dd,"{<resource_manager.instance.OnPremInstance object at 0x138857770>: [(6, 64045.008, None)]}",41.149547064693905,39830.63521618731,64045.008,25846.942171202976,3,,64045.008,64060.407999999996,False,0.14054300707272807,,
lamf-test-9805f54e-1cae-487c-b904-2cb93c2a7afb,"{<resource_manager.instance.CloudReservedInstance object at 0x138a384d0>: [(2, 64105.008, None)], <resource_manager.instance.CloudReservedInstance object at 0x138a31310>: [(1, 64105.008, None)]}",328.01417674151406,153493.47964611909,64105.008,25848.340204514978,3,78.37097878165639,64105.008,95927.43133413552,True,121.0070094080748,201.1995162100963,80.1925068020215
lamf-test-65e3ea29-e28c-4094-b1d4-e102c2738358,"{<resource_manager.instance.OnPremInstance object at 0x138857770>: [(3, 64165.008, None)]}",53.51848203740168,39974.71953545793,64165.008,25854.51693586198,1,,64165.008,64180.407999999996,False,0.12297513118863707,,
lamf-test-720b43f5-e992-4463-8b62-736d9e2ae936,"{<resource_manager.instance.OnPremInstance object at 0x138857770>: [(2, 64225.008, None)]}",92.64800719218381,56966.178504923075,64225.008,25865.05482951898,2,,64225.008,64240.407999999996,False,0.04186443429931751,,
lamf-test-ca0b2ac7-3ce2-4e8c-a6e1-096d01ef9a8a,"{<resource_manager.instance.OnPremInstance object at 0x138857770>: [(6, 64645.008, 69625.008), (2, 69625.008, None), (2, 74125.008, None), (2, 80305.008, None)]}",322.6901850057595,153861.5242866379,64645.008,25891.69433975098,1,169.43645904631532,64645.008,83789.15000000001,True,225.87590280629718,260.1510707774972,34.27516797120001
lamf-test-47c1fe4b-c260-4538-9b53-fe9eeae00c5f,"{<resource_manager.instance.OnPremInstance object at 0x138857770>: [(2, 64855.008, None), (3, 79465.008, None)]}",307.40827687661385,154123.89442176453,64855.008,26441.464311293978,3,44.44444444444444,64855.008,88411.031,True,112.4802114229219,142.4743780669219,29.994166644000003
lamf-test-18cbb634-7aef-4481-9ee7-fe1e8a16d0ba,"{<resource_manager.instance.OnPremInstance object at 0x138857770>: [(5, 65515.008, None)]}",52.226498354671556,40570.14179261118,65515.008,26450.10737401198,3,,65515.008,65530.407999999996,False,0.11711917256060674,,
lamf-test-6a7cd0bb-34c7-4263-9cc7-17fa07eb0a15,"{<resource_manager.instance.OnPremInstance object at 0x138857770>: [(4, 65545.008, 69535.008), (1, 69535.008, None), (4, 84415.008, None)]}",298.21973828332,154059.83014344668,65545.008,26467.077407660978,1,84.0497376226329,65545.008,85919.37700000001,True,104.1857893375923,119.7453536695923,15.559564332000011
lamf-test-9293cd6c-713f-41c3-8b50-410b94532b8e,"{<resource_manager.instance.OnPremInstance object at 0x138857770>: [(4, 65605.008, 68095.008), (1, 68095.008, None), (2, 75055.008, None), (3, 82225.008, None)]}",276.94819521132933,154264.70656332598,65605.008,26473.43310533698,2,57.2306945727894,65605.008,89678.93999999999,True,116.66304286535642,150.39013978055638,33.727096915199965
lamf-test-2ef3ba74-0be9-4758-9e8b-663933377574,"{<resource_manager.instance.OnPremInstance object at 0x138857770>: [(4, 65665.008, 68155.008), (2, 68155.008, None), (4, 80065.008, None)]}",315.97195408362086,154442.50014903245,65665.008,26474.43310533698,3,86.9723933378964,65665.008,85279.08369371988,True,98.96487057923682,125.3550131874735,26.390142608236687
lamf-test-abc545e6-fca4-4495-82db-38cb26110a9d,"{<resource_manager.instance.OnPremInstance object at 0x138857770>: [(5, 66055.008, None)]}",106.90985136127853,57625.001343239186,66055.008,26475.43310533698,1,,66055.008,66070.408,False,0.20261616852984965,,
lamf-test-72359355-373b-4aa6-9d80-111deeae4206,"{<resource_manager.instance.OnPremInstance object at 0x138857770>: [(4, 66145.008, 71125.008), (1, 71125.008, None), (4, 78085.008, None), (1, 92125.008, None)]}",293.68085416171726,153942.0147742893,66145.008,26479.32281410398,3,147.66141911932465,66145.008,96601.95248673437,True,188.51877240916602,238.78951251208278,50.27074010291677
lamf-test-aa966776-8b52-45e3-81e8-3d502aee1701,"{<resource_manager.instance.CloudReservedInstance object at 0x138a384d0>: [(2, 66175.008, None)], <resource_manager.instance.CloudReservedInstance object at 0x138a31090>: [(1, 66175.008, None), (1, 90415.008, None)]}",277.6854198628887,153990.6923885013,66175.008,26481.12098732598,1,242.12867898699523,66175.008,109283.58726799162,True,300.3307019831545,419.503516289571,119.17281430641653
lamf-test-40afb271-d458-48d9-adbe-b89134d80114,"{<resource_manager.instance.OnPremInstance object at 0x138857770>: [(3, 66505.008, None)]}",57.83325208385016,40717.50999687933,66505.008,26487.47416704498,3,,66505.008,66520.408,False,0.07027150353636404,,
lamf-test-f6c3e1ca-41d1-4659-a1c2-f6d7cca0c5e7,"{<resource_manager.instance.OnPremInstance object at 0x138857770>: [(2, 66535.008, 69535.008), (1, 69535.008, None)]}",330.89870791023526,154082.4203161431,66535.008,26488.47416704498,2,8.15540927909091,66535.008,81439.378,True,32.30980988124843,39.57182235324842,7.2620124719999986
lamf-test-81297157-09b4-4bfd-81e5-a8bf0f0cf407,"{<resource_manager.instance.OnPremInstance object at 0x138857770>: [(6, 67555.008, None)]}",69.1210403049402,40730.14863243271,67555.008,26492.30291752198,3,,67555.008,67570.408,False,0.14054300707272807,,
lamf-test-2744811c-a0e4-4a9d-a448-520fba53466a,"{<resource_manager.instance.CloudReservedInstance object at 0x138857cb0>: [(2, 67585.008, 71545.008), (1, 71545.008, None)]}",316.8459168651483,154466.33118118142,67585.008,26495.72350623898,2,9.072128245495792,67585.008,110887.38368250916,True,76.34499235387067,110.48733254691528,34.14234019304462
lamf-test-ce4c822f-a3d7-44c8-9dba-10c2ea1d7fc0,"{<resource_manager.instance.OnPremInstance object at 0x138857770>: [(6, 67645.008, None)]}",86.88519768848549,58335.77770703983,67645.008,27057.51810590698,2,,67645.008,67660.408,False,0.06655648787942382,,
lamf-test-5471ed7c-c241-4b43-b3db-c6a0ff681a3a,"{<resource_manager.instance.CloudReservedInstance object at 0x138857cb0>: [(1, 67675.008, None)], <resource_manager.instance.CloudOnDemandInstance object at 0x13887e780>: [(1, 67675.008, None)]}",59.30424416492866,41232.97293485561,67675.008,27064.59584594698,2,,67675.008,67690.408,False,0.057580144205371955,,
lamf-test-dc701733-214d-4503-9e86-a7c5623aa494,"{<resource_manager.instance.OnPremInstance object at 0x138857770>: [(2, 67705.008, None)]}",290.04127710324553,154864.24015113674,67705.008,27065.59584594698,2,9.460274763745455,67705.008,83309.98700000001,True,42.42166351220627,55.08042247700628,12.658758964800006
lamf-test-9b9326a1-51bc-46fd-a2cb-1abf1c9c75f6,"{<resource_manager.instance.OnPremInstance object at 0x138857770>: [(5, 67855.008, None)]}",57.78982021342063,41328.03766153341,67855.008,27066.85282412198,1,,67855.008,67870.408,False,0.20261616852984965,,
lamf-test-0111158b-0edf-40ea-8c3c-c453441d9f4b,"{<resource_manager.instance.OnPremInstance object at 0x138857770>: [(2, 67885.008, None), (4, 85465.008, None)]}",288.9103792556111,155248.56236503308,67885.008,27070.451682918978,3,105.4985169974903,67885.008,92281.0872702899,True,115.68404535970708,146.5325518718846,30.848506512177515
lamf-test-cb995d16-8bd4-4a69-981f-1cf758860367,"{<resource_manager.instance.OnPremInstance object at 0x138857770>: [(5, 67945.008, 72415.008), (1, 72415.008, None)]}",320.1908267325743,155017.18348985122,67945.008,27078.214344684977,3,33.99498060689026,67945.008,85805.632,True,54.36249752832914,68.85889462272914,14.496397094399997
lamf-test-b3a0db0a-ecb4-42b0-814b-3c34a8d7aaed,"{<resource_manager.instance.OnPremInstance object at 0x138857770>: [(4, 68155.008, None)]}",100.59507953151345,58012.90509300049,68155.008,27086.467002297977,2,,68155.008,68170.408,False,0.05608928259914327,,
lamf-test-692078cb-d4fe-44db-acc1-5eececdc7c24,"{<resource_manager.instance.CloudReservedInstance object at 0x138857cb0>: [(1, 68185.008, None)], <resource_manager.instance.CloudOnDemandInstance object at 0x13887e780>: [(2, 68185.008, 80005.008), (1, 80005.008, None)]}",293.9568407519619,154837.69507781306,68185.008,27093.034113186975,2,52.34373192528973,68185.008,80013.39227704795,False,52.37508048902214,,
lamf-test-b3747e60-f13b-4587-ba76-a5026ef56274,"{<resource_manager.instance.OnPremInstance object at 0x138857770>: [(2, 68245.008, None)]}",92.20458272811517,60799.8213862343,68245.008,29456.488577976976,3,,68245.008,68260.408,False,0.046847669024242686,,
lamf-test-ef36ad8e-1831-459d-b4cc-a917ad7c30ef,"{<resource_manager.instance.OnPremInstance object at 0x138857770>: [(5, 68305.008, None)]}",103.50768504869966,60729.667995420736,68305.008,29482.354788999975,1,,68305.008,68320.408,False,0.20261616852984965,,
lamf-test-a7a41a4b-e265-4559-96d2-89c830b4e4f3,"{<resource_manager.instance.OnPremInstance object at 0x138857770>: [(5, 68425.008, None)]}",110.11661546722232,67239.69799181496,68425.008,36052.26838788098,3,,68425.008,68440.408,False,0.11711917256060674,,
lamf-test-c609bf72-d17c-450a-8e65-16fe23e38281,"{<resource_manager.instance.OnPremInstance object at 0x138857770>: [(2, 68545.008, None), (1, 78415.008, None), (3, 83875.008, None)]}",326.56864801291823,164079.10783657775,68545.008,36074.412268959975,3,54.939539128450825,68545.008,90833.10399999999,True,118.44030116358648,150.02379558918645,31.583494425599977
