,instances,budget,deadline,sched_start_time,submit_time,software_id,current_license_cost,exec_start_time,finish_time,complete,license_cost,cost,hardware_cost
lamf-test-ce4837ee-c9b5-4728-816b-793fbe63012e,"{<resource_manager.instance.OnPremInstance object at 0x11c06f770>: [(5, 30, 390), (2, 390, None), (8, 3840, None)]}",64.81020493737797,14109.368596154949,30,1.0,1,57.310061601642715,30,6016.852000000001,True,80.64649722412352,93.00452893612352,12.358031712000002
lamf-test-fdbe52b3-5ac4-4817-bbd7-3ee39ada2008,"{<resource_manager.instance.OnPremInstance object at 0x11c06f770>: [(3, 60, 3540), (1, 3540, None), (7, 25396.968, None)]}",309.54978900857253,127496.4722085521,60,11.234539471,1,181.29552361396304,60,35408.98235398863,True,300.96948866140684,346.55612305802913,45.5866343966223
lamf-test-312a25ed-966e-4a84-89af-21712bfc7175,"{<resource_manager.instance.OnPremInstance object at 0x11c06f770>: [(4, 1170, 5640), (1, 5640, None)]}",330.5774711754339,128525.58553326581,1170,1167.630471223,1,47.25302304357746,1170,22001.878,True,93.29374750931629,107.18225322611629,13.888505716800001
lamf-test-6d60a076-8aec-42f5-ae5c-3923b3793c72,"{<resource_manager.instance.OnPremInstance object at 0x11c06f770>: [(5, 1200, 6660), (2, 6660, None)]}",295.26855467250385,128805.93282028219,1200,1186.264084309,1,146.97761168149668,1200,26536.858999999997,True,179.1647265191269,206.3617145399269,27.1969880208
lamf-test-f42e0220-9054-4dba-814a-9d6b93e25e15,"{<resource_manager.instance.OnPremInstance object at 0x11c06f770>: [(2, 6570, 9570), (1, 9570, None)]}",293.5168981771201,134340.3709761562,6570,6553.527185497001,3,47.63725302304358,6570,44809.59299999999,True,62.72658453114304,79.45336345194303,16.726778920799998
lamf-test-c2212f64-c788-46d9-9572-57170e08d2ac,"{<resource_manager.instance.OnPremInstance object at 0x11c06f770>: [(4, 6600, None), (6, 7860, None)]}",57.825321252479114,20749.521405474046,6600,6586.778135101001,3,7.665982203969882,6600,8153.834999999999,True,12.135295459730763,15.37131421973076,3.2360187599999963
lamf-test-0aa73555-99c3-40be-a09f-6bf3df006265,"{<resource_manager.instance.OnPremInstance object at 0x11c06f770>: [(6, 6630, None)]}",310.4901833144852,134447.68028026796,6630,6596.262225286001,3,,6630,22515.188000000002,True,144.97091489847136,183.62910841527136,38.658193516800004
lamf-test-761a035c-9b31-431d-b128-35fe1a248496,"{<resource_manager.instance.OnPremInstance object at 0x11c06f770>: [(4, 6660, 11721.072), (2, 11721.072, None), (10, 23626.968, None)]}",281.9460745575701,134568.33570952062,6660,6607.061278327001,1,236.52227789185488,6660,30561.52266987496,True,336.125428346508,387.7464388837234,51.62101053721541
lamf-test-c947c209-c0e1-414b-aa78-1430406df6ae,"{<resource_manager.instance.OnPremInstance object at 0x11c06f770>: [(2, 6690, 7350), (1, 7350, None), (3, 9750, None), (8, 10170, None)]}",91.00759406898061,37657.24755657964,6690,6612.431057326001,3,8.213552361396303,6690,11935.742,True,40.44247319187771,51.22693265427771,10.784459462400001
lamf-test-1b5247ff-56d3-4066-aafc-ee4137f1169c,"{<resource_manager.instance.OnPremInstance object at 0x11c06f770>: [(3, 7170, 8130), (2, 8130, None), (10, 12391.608, None)]}",98.97570184637311,38512.300435683755,7170,7155.486942463001,3,54.80104038329911,7170,15651.481365149955,True,76.84492567008816,97.33652572254601,20.491600052457862
lamf-test-a35e3102-219f-4336-95ce-4d87e6b5e69c,"{<resource_manager.instance.OnPremInstance object at 0x11c06f770>: [(6, 7200, 8490), (1, 8490, None), (5, 9930, 10590)]}",88.24903114605627,38371.045701062736,7200,7162.622925514001,3,25.75671457905544,7200,18180.282,True,31.531343828428014,39.93954620762801,8.4082023792
lamf-test-8d2ae00d-f906-47ac-81a5-138a54772bef,"{<resource_manager.instance.OnPremInstance object at 0x11c06f770>: [(2, 7230, 9240), (1, 9240, None), (7, 13863.216, 19345.896), (1, 19345.896, None)]}",310.3508838593914,134973.16922320946,7230,7164.633289048001,3,79.86106319872233,7230,27294.559999999998,True,104.04134763099854,131.78519234139856,27.743844710399998
lamf-test-b41bc5e6-51fb-4710-b8ea-caebbe600cb8,"{<resource_manager.instance.OnPremInstance object at 0x11c06f770>: [(6, 7770, 9780), (2, 9780, None)]}",308.5846884800438,135865.28142717914,7770,7765.067671048001,2,8.686918223226783,7770,15253.935,True,23.567644987273614,32.899637059273616,9.331992072
lamf-test-8a5bf643-d5be-430a-ac2f-d8a1f25fa6d3,"{<resource_manager.instance.OnPremInstance object at 0x11c06f770>: [(3, 7800, 9810), (1, 9810, None), (7, 12942.144, None)]}",322.3613792231315,135493.70635096735,7800,7786.547487157001,2,12.839056202114957,7800,17414.771,True,42.54345139773448,60.77239709373448,18.228945696000004
lamf-test-cbef53e7-aa65-412f-b9a4-02aefd0bda1b,"{<resource_manager.instance.OnPremInstance object at 0x11c06f770>: [(2, 7830, None), (6, 10050, None)]}",89.7921856815224,39039.60732202227,7830,7790.878294237002,1,82.23629477526809,7830,13894.682209544986,True,93.27261801304329,107.54870684657486,14.27608883353157
lamf-test-decf70b3-3bab-4cf4-b55a-9508b27560e7,"{<resource_manager.instance.OnPremInstance object at 0x11c06f770>: [(3, 7860, None), (5, 20515.896, None)]}",317.6420201174764,135364.04219794265,7860,7794.978041551001,2,40.825161828962486,7860,23517.914,True,62.52248791024055,87.66313016944055,25.1406422592
lamf-test-1faee22d-4d95-436a-a021-6148365dd51b,"{<resource_manager.instance.OnPremInstance object at 0x11c06f770>: [(2, 8370, None), (6, 34679.112, None)]}",300.8642397517245,135778.6073326691,8370,8363.170975768002,3,80.03380333105179,8370,36866.569,True,106.65127386113015,135.09108598913016,28.439812128000007
lamf-test-585c2356-1279-476b-b41a-cbdb8ebd0ee3,"{<resource_manager.instance.OnPremInstance object at 0x11c06f770>: [(4, 8400, 13863.216), (1, 13863.216, None), (7, 32729.112, None)]}",290.6639501784463,135946.27692767492,8400,8372.391199294001,2,58.17750396383704,8400,34102.672,True,67.29983163947264,88.27228818347264,20.972456543999993
lamf-test-17aa2292-304e-4763-ab73-533f31d66f3d,"{<resource_manager.instance.OnPremInstance object at 0x11c06f770>: [(5, 8430, 9720), (2, 9720, None)]}",100.9864715008785,39556.057620579486,8430,8386.325130631001,2,5.162319741998986,8430,14366.408,True,17.793439381213062,24.178725550813063,6.3852861696
lamf-test-17be3ad6-6cd4-4c64-93c6-3fc4d170d157,"{<resource_manager.instance.OnPremInstance object at 0x11c06f770>: [(2, 8460, None), (4, 10170, None)]}",64.77903730143166,22363.290366159352,8460,8388.918346744002,2,7.510867224427534,8460,12878.641000000001,True,21.877249113345723,29.856149850945727,7.978900737600004
lamf-test-410c24b3-e037-404b-8fa3-3b9be7b4adaa,"{<resource_manager.instance.OnPremInstance object at 0x11c06f770>: [(5, 8490, 9930), (1, 9930, None)]}",105.56808496111117,39546.707242883276,8490,8390.050417759001,3,10.951403148528405,8490,11523.282,True,13.374830025096964,16.941385204296964,3.5665551791999994
lamf-test-dbfc6e86-f385-4c1b-a2d1-36902c12232e,"{<resource_manager.instance.OnPremInstance object at 0x11c06f770>: [(2, 8520, None), (8, 28568.04, None)]}",332.81097832014945,136203.79347361103,8520,8403.689881414,3,132.94820898927674,8520,35895.39813326626,True,172.4384536202944,218.42118825682235,45.98273463652794
lamf-test-ee649544-0852-4484-9313-a2ec39aaf5e5,"{<resource_manager.instance.OnPremInstance object at 0x11c06f770>: [(4, 8550, 10140), (2, 10140, None)]}",94.51083597672981,39442.4725582309,8550,8412.119977096001,1,16.808122290668493,8550,16267.887999999999,True,49.89657373184272,57.44713247744272,7.5505587456
lamf-test-3e8d9edc-8d07-4ff0-a6aa-1b9473f39dae,"{<resource_manager.instance.OnPremInstance object at 0x11c06f770>: [(5, 8970, 9900), (1, 9900, None), (11, 10620, None)]}",46.55013787044631,23147.627774511384,8970,8960.749914832,1,14.261921058635638,8970,12061.064887384675,True,59.63425837533313,68.82628139521182,9.192023019878688
lamf-test-8daeea4f-cbbf-4fb6-b9f3-5857c1ab865e,"{<resource_manager.instance.OnPremInstance object at 0x11c06f770>: [(4, 9000, 9600), (2, 9600, None), (8, 11781.072, None)]}",56.56222725445129,23182.655690453423,9000,8962.26658807,1,18.11971343828428,9000,12072.504,True,25.788393337896434,29.713167136296438,3.924773798400003
lamf-test-665b3cd3-6953-4941-a220-b425974f248a,"{<resource_manager.instance.OnPremInstance object at 0x11c06f770>: [(3, 9030, 22146.432), (1, 22146.432, None)]}",295.24467469152273,136539.08641119828,9030,8965.150462669,3,59.851389459274465,9030,25135.188,True,64.39737166324434,81.56968555444435,17.1723138912
lamf-test-7b6d3b7a-f2bc-4206-bf5c-c8e1aaff27be,"{<resource_manager.instance.OnPremInstance object at 0x11c06f770>: [(3, 9060, 9870), (2, 9870, None)]}",57.77199384513077,23155.385047405463,9060,8978.542838701,2,2.612883440371161,9060,10571.369000000002,True,4.519533857260072,6.074092390060073,1.554558532800002
lamf-test-e86f1528-c4b7-428d-9220-137c2eee5f81,"{<resource_manager.instance.OnPremInstance object at 0x11c06f770>: [(5, 9090, 19735.896), (1, 19735.896, None), (3, 46040.184, None)]}",291.443531643958,136933.34269324105,9090,8994.314200534,2,103.22673651937802,9090,51103.324,True,122.58096862490599,163.054303261706,40.473334636800004
lamf-test-905b51bb-7f4b-480b-babc-216c95cb3e5c,"{<resource_manager.instance.OnPremInstance object at 0x11c06f770>: [(4, 9120, None)]}",76.07511246679637,23140.39268840415,9120,9003.481305574,3,13.023262605521332,9120,11888.969000000001,True,16.846719902654197,21.3390952082542,4.492375305600001
lamf-test-d53de693-fd3a-47ec-b96e-28dcf292d471,"{<resource_manager.instance.OnPremInstance object at 0x11c06f770>: [(4, 9150, 10440), (2, 10440, None), (8, 14383.752, None)]}",82.04480128359563,40168.463686305215,9150,9005.64742258,2,15.419358509726404,9150,17270.035155604968,True,37.34985059692971,54.34868269846346,16.99883210153375
lamf-test-d608e81f-e921-488f-9511-ac29f6be8717,"{<resource_manager.instance.OnPremInstance object at 0x11c06f770>: [(4, 9570, None)]}",290.8535591080783,137586.9570299915,9570,9552.811488784,3,,9570,18506.862,True,54.372877024868814,68.87204193366881,14.499164908800001
lamf-test-794e981d-7b48-479b-88a9-08c76168b3f4,"{<resource_manager.instance.OnPremInstance object at 0x11c06f770>: [(2, 9600, None)]}",55.43753343799916,23737.578982757877,9600,9559.838966131,3,,9600,13818.055,True,12.831561335462773,16.253247551462774,3.4216862160000003
lamf-test-d89dd74a-ca32-43e3-9fdb-057b16e15c3a,"{<resource_manager.instance.OnPremInstance object at 0x11c06f770>: [(2, 9630, None)]}",52.589033620058174,23774.538209216014,9630,9566.633574652,1,6.317590691307323,9630,16054.002,True,34.68736344969199,39.898513872091996,5.2111504224
lamf-test-9d73df9e-a4e9-43ed-b3cd-731892da568c,"{<resource_manager.instance.OnPremInstance object at 0x11c06f770>: [(6, 9660, 11260.536), (1, 11260.536, None)]}",116.24356079750007,40683.62683360984,9660,9567.776054791,3,14.606762491444215,9660,14649.761999999999,True,19.761870864704537,25.031605339904537,5.2697344752
lamf-test-700b88cb-1fe1-443f-85f3-4e83586778d7,"{<resource_manager.instance.OnPremInstance object at 0x11c06f770>: [(2, 9690, None), (10, 30749.112, None)]}",323.88597973304996,136846.5386737457,9690,9568.776054791,1,113.71183755418663,9690,32665.071,True,174.03635090120918,200.44485820040916,26.408507299199997
lamf-test-cacf2328-5a7f-4177-ad3a-d6767db7f233,"{<resource_manager.instance.OnPremInstance object at 0x11c06f770>: [(5, 9720, 15915.36), (2, 15915.36, None)]}",299.34289693362723,137494.31534150953,9720,9569.82488141,2,38.359202004392905,9720,34206.231999999996,True,74.51576321420185,101.91750866060185,27.401745446399996
lamf-test-76901c5b-cc70-4a21-8b6a-aa4aa3dedd24,"{<resource_manager.instance.OnPremInstance object at 0x11c06f770>: [(2, 9750, 15304.824), (1, 15304.824, None)]}",295.82083300729096,136887.89386490665,9750,9584.134676639002,2,15.100621064438961,9750,21262.907,True,27.18978862247895,34.11246031607895,6.9226716936
lamf-test-c0570041-d32e-4e8b-8d2d-a250dfe399fc,"{<resource_manager.instance.OnPremInstance object at 0x11c06f770>: [(5, 9780, 13372.68), (1, 13372.68, None), (7, 19345.896, 21846.432)]}",309.1917473885502,137418.71545884208,9780,9586.735647824002,1,133.74713940223592,9780,50118.12899999999,True,196.4974088523842,225.7868398179842,29.289430965599998
lamf-test-ca7252f0-85f2-4005-896c-fb17b2f26952,"{<resource_manager.instance.OnPremInstance object at 0x11c06f770>: [(6, 9810, 17275.896), (1, 17275.896, None), (9, 30659.112, None)]}",304.02222934164064,137590.71827483672,9810,9594.064161998002,1,155.19198904859687,9810,33663.767,True,234.25584409460794,270.0399616898079,35.7841175952
lamf-test-0ae28a41-e363-4bde-bdce-50f826df3b42,"{<resource_manager.instance.OnPremInstance object at 0x11c06f770>: [(4, 9840, 13402.68), (2, 13402.68, None), (6, 17515.896, None)]}",87.69850691765791,40876.615092006235,9840,9598.822699577002,3,34.18838238649327,9840,18296.71,True,43.689503384287754,55.33982150268775,11.650318118399996
lamf-test-9da27dae-e6dc-4f47-b706-a6e8a3713464,"{<resource_manager.instance.OnPremInstance object at 0x11c06f770>: [(6, 9870, None)]}",296.9549680882063,137367.23114487572,9870,9602.579923607002,3,,9870,14845.189999999999,True,45.404426192105845,57.51204857610584,12.107622383999997
lamf-test-50c28631-c9b3-47d9-9e36-b5f64438ea4d,"{<resource_manager.instance.OnPremInstance object at 0x11c06f770>: [(6, 9900, 10710), (2, 10710, None)]}",57.792712238435485,23501.783691260338,9900,9611.042966903002,3,16.98445813369838,9900,15019.572,True,20.502158339037187,25.969299145437187,5.4671408064
lamf-test-6ea3ccb6-5ec7-474a-bd76-4c0b7e74a8fd,"{<resource_manager.instance.OnPremInstance object at 0x11c06f770>: [(4, 10170, 11721.072), (2, 11721.072, None)]}",318.43627200467716,137656.60836012315,10170,10160.866194764001,3,9.43689710244125,10170,23623.743,True,45.64549395391283,57.817399881912834,12.171905927999997
lamf-test-f6a7b87b-3fe2-4927-871e-a0cac1bfa236,"{<resource_manager.instance.OnPremInstance object at 0x11c06f770>: [(3, 10200, 11811.072), (2, 11811.072, None)]}",80.84812600328213,41468.97480096776,10200,10162.864614302001,3,7.351457905544147,10200,21492.26,True,36.80217811240397,46.61591022760397,9.813732115199999
lamf-test-01aed4d0-4ac3-4934-b29d-300b9eb1cf38,"{<resource_manager.instance.CloudReservedInstance object at 0x11c29c4d0>: [(6, 10230, None)]}",48.38806555130056,24546.88602361807,10230,10183.294792793002,3,,10230,11395.723839839247,True,10.63859310827513,18.27921344411749,7.640620335842362
lamf-test-f035cec5-13b9-4feb-9d16-93fce26c2cc2,"{<resource_manager.instance.CloudReservedInstance object at 0x11c2916d0>: [(3, 10260, None)], <resource_manager.instance.CloudReservedInstance object at 0x11c29c4d0>: [(1, 11811.072, None)], <resource_manager.instance.CloudOnDemandInstance object at 0x11c096650>: [(1, 11811.072, None)], <resource_manager.instance.CloudOnDemandInstance object at 0x11c291a90>: [(1, 11811.072, 15825.36)]}",59.50673849065216,24407.953753369795,10260,10200.944421101001,2,35.76937043613927,10260,15836.904132817897,False,35.84401204833205,,
lamf-test-7dc86417-03bf-4f7d-b2cc-4f303d7c708b,"{<resource_manager.instance.CloudReservedInstance object at 0x11c2916d0>: [(3, 10290, None)], <resource_manager.instance.CloudReservedInstance object at 0x11c291450>: [(1, 10290, None)], <resource_manager.instance.CloudReservedInstance object at 0x11c06fcb0>: [(1, 18415.896, None)]}",122.20824587768153,41540.73464783042,10290,10202.076776273001,2,29.93551695933194,10290,22215.202170726752,True,50.4285907835568,69.97343437940965,19.544843595852857
lamf-test-6e11c3c3-b9bf-4aa2-897f-6c03a891a9cd,"{<resource_manager.instance.CloudReservedInstance object at 0x11c291450>: [(5, 10320, 27098.04), (1, 27098.04, None)], <resource_manager.instance.CloudOnDemandInstance object at 0x11c0962c0>: [(1, 45740.184, None)], <resource_manager.instance.CloudOnDemandInstance object at 0x11c06fb60>: [(1, 45740.184, None)], <resource_manager.instance.CloudReservedInstance object at 0x11c29c4d0>: [(1, 79283.4, None)]}",323.10613238146993,137838.52032429347,10320,10203.926565149,3,154.0252186478059,10320,96337.89233597925,True,231.8463107581379,467.0173041709234,235.17099341278552
lamf-test-c5a6ffed-1196-4516-a2cc-67f21c8eb5f5,"{<resource_manager.instance.CloudReservedInstance object at 0x11c096190>: [(2, 10350, None)], <resource_manager.instance.CloudOnDemandInstance object at 0x11c096650>: [(1, 24556.968, None)]}",321.906162634098,137904.27747600683,10350,10204.926565149,2,38.62121288498254,10350,41603.64339972666,True,119.55041013954607,194.24036283977577,74.6899527002297
lamf-test-6718dd63-82fd-49d3-b154-c2385c7724e4,"{<resource_manager.instance.CloudReservedInstance object at 0x11c096190>: [(4, 10380, None)]}",53.92864783453742,24311.788336822297,10380,10209.029195061,1,,10380,14299.004277552303,True,41.428366763994994,50.62705360426576,9.198686840270765
lamf-test-93fc33e5-0604-48d1-8efe-1dfc9145e379,"{<resource_manager.instance.CloudReservedInstance object at 0x11c06fcb0>: [(5, 10410, 16975.896), (2, 16975.896, None)]}",318.63019504491797,137925.549088883,10410,10210.318045641001,1,58.09054437599818,10410,36655.84283788434,True,130.430450870617,182.5800544139923,52.14960354337529
lamf-test-561c40aa-4fd2-4142-aa20-b41c53e185e4,"{<resource_manager.instance.OnPremInstance object at 0x11c06f770>: [(2, 10440, 12301.608), (1, 12301.608, None), (3, 19765.896, None)]}",92.22367706149063,41490.821861263124,10440,10213.566667317002,2,20.206037451291813,10440,20736.104,True,25.304304370996213,31.416021452596212,6.111717081599998
lamf-test-d81c27cf-4838-43c5-ac8d-f0f7d5a86a71,"{<resource_manager.instance.CloudReservedInstance object at 0x11c06fcb0>: [(1, 10800, None)], <resource_manager.instance.CloudReservedInstance object at 0x11c0963f0>: [(1, 10800, None)], <resource_manager.instance.CloudOnDemandInstance object at 0x11c096650>: [(2, 10800, None)]}",313.16578296695053,138490.15364412367,10800,10779.053012277001,3,461.2048064491596,10800,118570.12224485575,True,519.0844228083909,1195.2772778215137,676.1928550131229
lamf-test-92b10550-cff6-47f7-a077-4b4db1587046,"{<resource_manager.instance.CloudOnDemandInstance object at 0x11c096650>: [(4, 10830, None)]}",81.64667311738593,41913.4466716367,10830,10781.312065329,2,44.42332370162116,11230.536,29802.29932599072,True,69.1001726267163,238.31790477509273,169.21773214837643
lamf-test-29b14cf4-c2e0-462e-a5b2-16a34ab23f1f,"{<resource_manager.instance.OnPremInstance object at 0x11c06f770>: [(2, 11260.536, None)]}",89.42960233211319,41869.88294620996,11260.536,10789.472644806001,3,21.85827059091946,11260.536,19724.992,True,25.749352802494478,32.61571950969448,6.866366707199998
lamf-test-0ee3ab93-6383-46f5-aeca-265dafdbd84c,"{<resource_manager.instance.CloudOnDemandInstance object at 0x11c096650>: [(5, 11290.536, None)]}",39.66592451958817,24926.82656606024,11290.536,10797.921903579001,3,73.35432352270135,11691.072,22292.65857857332,True,83.67269433853006,206.335358967044,122.66266462851394
lamf-test-3484ce7d-9fee-4f95-9c2d-f871cc58413f,"{<resource_manager.instance.OnPremInstance object at 0x11c06f770>: [(3, 11721.072, 13372.68), (2, 13372.68, None)]}",280.48808000057255,138533.43543610713,11721.072,10803.731991969002,3,63.40814966917635,11721.072,42660.229999999996,True,96.63080690546808,122.39854407986807,25.767737174399997
lamf-test-0ab21652-7e84-40ef-afc1-d04cb7c18425,"{<resource_manager.instance.OnPremInstance object at 0x11c06f770>: [(2, 11751.072, None)]}",99.9394489602227,42073.39831013351,11751.072,10804.731991969002,3,,11751.072,15766.244,True,12.214379800745304,15.471487327145304,3.2571075264000005
lamf-test-107c896d-ee0f-4ca2-89f1-19c67b8002a2,"{<resource_manager.instance.CloudReservedInstance object at 0x11c29c4d0>: [(2, 11781.072, 13863.216), (1, 13863.216, None)]}",98.1671155759394,42585.95966962423,11781.072,11358.330387877002,3,6.333999543691536,11781.072,15520.966556324638,True,8.855484913414918,15.215479832343952,6.359994918929034
lamf-test-34f82a8b-288c-437f-910d-553d4a2c7dfc,"{<resource_manager.instance.CloudReservedInstance object at 0x11c29c4d0>: [(2, 11811.072, 18235.896), (1, 18235.896, None)]}",332.1651620956545,139162.97661097604,11811.072,11368.600601194003,1,34.6918019621264,11811.072,28904.40952831187,True,64.71195562761724,90.40319528114513,25.691239653527884
lamf-test-aa879c60-c521-40a2-972a-cf0714098824,"{<resource_manager.instance.CloudReservedInstance object at 0x11c29c4d0>: [(1, 11841.072, None)], <resource_manager.instance.CloudOnDemandInstance object at 0x11c291a90>: [(1, 11841.072, None)], <resource_manager.instance.CloudOnDemandInstance object at 0x11c0962c0>: [(1, 14874.288, None)], <resource_manager.instance.CloudOnDemandInstance object at 0x11c06fb60>: [(1, 14874.288, None)]}",56.99333448866139,25586.97477892892,11841.072,11369.600601194003,2,79.07713285730962,11841.072,25602.374778928923,False,88.87500084443522,,
lamf-test-cfb32c98-2421-4b31-9da7-090b5212bb9a,"{<resource_manager.instance.CloudOnDemandInstance object at 0x11c291a90>: [(6, 11871.072, None)]}",311.65623815536327,138888.72372244936,11871.072,11378.758453196002,1,880.169171800137,12271.608,138904.12372244938,False,1014.4094935627945,,
lamf-test-2e0bd3ff-93cb-46df-ab43-ee2f13d4c7e1,"{<resource_manager.instance.OnPremInstance object at 0x11c06f770>: [(3, 12301.608, None)]}",316.2487464140096,139084.71394541196,12301.608,11381.437911386001,1,,12301.608,21741.379,True,75.38032968286562,86.86664303566562,11.486313352800002
lamf-test-75f66efa-1a77-47ea-a0c6-c0317f11e7c2,"{<resource_manager.instance.OnPremInstance object at 0x11c06f770>: [(5, 12331.608, 13863.216), (2, 13863.216, None)]}",323.850834844211,139447.02789414013,12331.608,11391.695660069001,3,25.315080994752453,12331.608,26986.168999999998,True,51.56885846832458,65.32029896592458,13.751440497599997
lamf-test-c1ff5343-c068-4179-8505-1de35f1c5237,"{<resource_manager.instance.OnPremInstance object at 0x11c06f770>: [(4, 12361.608, 17845.896), (1, 17845.896, None), (3, 47090.184, None), (6, 48740.184, None)]}",328.6266875432299,139069.4070676695,12361.608,11394.656152298001,2,87.98283768662382,12361.608,50928.424000000006,True,108.93888640162459,141.2505399056246,32.31165350400002
lamf-test-c8383b87-eaaf-4727-8a38-364a265a9c1b,"{<resource_manager.instance.OnPremInstance object at 0x11c06f770>: [(2, 12391.608, None), (8, 22936.968, None)]}",87.74670802746411,42426.4883494583,12391.608,11411.342194526002,2,31.858476866871722,12391.608,23938.822,True,36.27950690965455,48.89742276565455,12.617915855999998
lamf-test-a5bf6748-f8d5-4a59-badc-d9816f45493a,"{<resource_manager.instance.OnPremInstance object at 0x11c06f770>: [(2, 12421.608, None)]}",54.40376906069801,26111.843400627564,12421.608,11955.453794531002,2,15.47974973100534,12421.608,21206.157,True,23.88053080907625,31.00655695787625,7.126026148799999
lamf-test-9d2ced27-20c6-49c1-84d1-76444fddb91f,"{<resource_manager.instance.OnPremInstance object at 0x11c06f770>: [(3, 12451.608, 17425.896), (2, 17425.896, None), (6, 24886.968, None)]}",313.4023701696379,139622.29106314798,12451.608,11959.378281779002,2,36.32866742523905,12451.608,27617.623,True,55.55335140264832,76.51891599144831,20.965564588799996
lamf-test-6323d458-f602-48c5-98a5-f5c1a1584292,"{<resource_manager.instance.OnPremInstance object at 0x11c06f770>: [(5, 12481.608, None)]}",313.6595923894348,139927.69774252185,12481.608,11960.378281779002,1,,12481.608,20428.052,True,104.55052186478058,120.66591029678058,16.115388432
lamf-test-48feb4fc-2742-45dc-808f-e652fe900563,"{<resource_manager.instance.CloudOnDemandInstance object at 0x11c291a90>: [(3, 12511.608, None)]}",41.254966979320166,25931.90904966985,12511.608,11966.977496448002,1,20.551490759753595,12912.144,25947.309049669853,False,55.17741704176531,,
lamf-test-bbc839c8-f836-4f9a-a8e0-6cb8342496f2,"{<resource_manager.instance.CloudOnDemandInstance object at 0x11c291a90>: [(1, 12942.144, None)], <resource_manager.instance.CloudOnDemandInstance object at 0x11c291590>: [(2, 12942.144, None)]}",114.4912360012796,43198.105561658376,12942.144,11970.557382384002,3,46.1857114609476,13342.68,43213.50556165837,False,53.71752755129885,,
lamf-test-d4b58a16-b6c8-4064-88b0-a3ec8e4212ba,"{<resource_manager.instance.OnPremInstance object at 0x11c06f770>: [(2, 13372.68, None)]}",56.907858453854786,26347.476193273935,13372.68,11973.026907138003,2,,13372.68,17477.022,True,11.157529610454182,14.486971840854181,3.3294422304
lamf-test-26bbd872-e5de-48b0-8f8f-e6417ce7af20,"{<resource_manager.instance.OnPremInstance object at 0x11c06f770>: [(2, 13402.68, 16885.896), (1, 16885.896, None), (3, 22846.968, None), (8, 27428.04, None)]}",298.1380358381042,139213.86997386918,13402.68,11974.026907138003,2,45.63695147584936,13402.68,29617.302,True,67.82408486936343,91.15538771096342,23.331302841599996
lamf-test-032ba352-18f7-47d0-a6f0-b7f2f4956a0a,"{<resource_manager.instance.CloudOnDemandInstance object at 0x11c291590>: [(6, 13432.68, None)]}",307.62274626708137,139963.67321575768,13432.68,11975.717495500003,3,205.15847592972847,13833.216,103425.07358832525,True,273.76193957966456,755.773798573837,482.0118589941724
lamf-test-05c2e1a5-42c3-4e97-863b-94fa07e33793,"{<resource_manager.instance.OnPremInstance object at 0x11c06f770>: [(4, 13863.216, None)]}",91.04820322006628,43251.21555371479,13863.216,11977.763571466003,2,28.529835447032255,13863.216,24546.552000000003,True,38.91043194843036,56.24307627483036,17.332644326400004
lamf-test-d2eb5728-b98d-4dc8-9b54-d5b61be5f0ce,"{<resource_manager.instance.CloudReservedInstance object at 0x11c29c4d0>: [(1, 13893.216, None)], <resource_manager.instance.CloudOnDemandInstance object at 0x11c291590>: [(3, 13893.216, 42299.112)]}",294.31398108778467,139604.15775706898,13893.216,11978.858508670002,2,115.27319655676429,13893.216,42309.511880519785,False,115.29429829337778,,
lamf-test-3058457a-d1e2-4d92-baae-1c4c74ce602b,"{<resource_manager.instance.OnPremInstance object at 0x11c06f770>: [(5, 13923.216, 16435.896), (2, 16435.896, None), (4, 37979.112, None)]}",296.32729201787157,139768.13063912254,13923.216,11983.664924632003,2,122.18315099065316,13923.216,51556.526999999995,True,154.9807459551694,210.59431495836938,55.613569003199984
lamf-test-7a641bba-d417-49ff-88d9-3fe54ccc21c1,"{<resource_manager.instance.CloudOnDemandInstance object at 0x11c291590>: [(1, 13953.216, None)], <resource_manager.instance.CloudOnDemandInstance object at 0x11c0962c0>: [(4, 13953.216, None)]}",72.4727596207448,26144.998927843757,13953.216,11988.052993567004,1,,14353.752,21087.95197199104,True,83.19969952381366,128.31898498972805,45.1192854659144
lamf-test-3babe4ac-4db5-41c5-ad0c-7fee914c7ec7,"{<resource_manager.instance.CloudReservedInstance object at 0x11c096190>: [(3, 14383.752, 18655.896), (2, 18655.896, None)], <resource_manager.instance.CloudOnDemandInstance object at 0x11c06fb60>: [(1, 31439.112, 48500.184)]}",293.72278396528714,139761.74386026524,14383.752,11990.799589081003,2,124.08510609860045,14383.752,48512.872072429076,False,124.11959823980774,,
lamf-test-efb02442-ed88-49c8-bf51-dea5e65f914e,"{<resource_manager.instance.CloudReservedInstance object at 0x11c096190>: [(1, 14413.752, None), (1, 104303.4, None)], <resource_manager.instance.CloudOnDemandInstance object at 0x11c0962c0>: [(1, 14413.752, None)], <resource_manager.instance.CloudReservedInstance object at 0x11c29c4d0>: [(1, 98603.4, None), (1, 104303.4, None)]}",304.7860416350407,139934.5959758601,14413.752,11994.422352016003,3,390.2643486196668,14413.752,131514.18598824626,True,489.0611087401799,798.4187071187469,309.357598378567
lamf-test-a3da9951-7484-4541-a43a-d268b07d7f2b,"{<resource_manager.instance.CloudOnDemandInstance object at 0x11c0962c0>: [(4, 14443.752, None)]}",322.8627978188001,139708.22386897393,14443.752,12010.062818221004,2,317.5587536619269,14844.288,137329.48492620423,True,447.5696494482674,1114.9866421170677,667.4169926688003
lamf-test-a4d8ead1-b39f-46fe-9cfa-58d32f343ff0,"{<resource_manager.instance.CloudOnDemandInstance object at 0x11c0962c0>: [(2, 14874.288, None)], <resource_manager.instance.CloudOnDemandInstance object at 0x11c06fb60>: [(2, 14874.288, 20575.896)]}",84.41713409588449,43210.39123277017,14874.288,12012.498673852004,1,51.74476294775268,15274.824,20588.272598066655,False,51.811592247526995,,
lamf-test-1393ec0f-c39a-48b5-8afc-5e45c5c5f7c7,"{<resource_manager.instance.OnPremInstance object at 0x11c06f770>: [(6, 15304.824, 16825.896), (1, 16825.896, None)]}",354.69102159935267,139631.29721632114,15304.824,12015.222372634003,3,22.948519279032624,15304.824,27960.849000000002,True,30.81813826146475,39.03615601746475,8.218017756
lamf-test-98a6ab80-499b-4f3a-95f7-4dd7df820566,"{<resource_manager.instance.OnPremInstance object at 0x11c06f770>: [(2, 15334.824, None)]}",105.87093398460661,43189.71700553307,15334.824,12016.222372634003,1,30.405818845539585,15334.824,23816.98,True,45.80067503232184,52.68139997952184,6.880724947199999
lamf-test-0b319882-7fad-4ae3-8912-b51a1940b68d,"{<resource_manager.instance.OnPremInstance object at 0x11c06f770>: [(2, 15364.824, None)]}",309.96889456321867,140575.23927597623,15364.824,12563.990117846004,3,135.00050193931096,15364.824,68673.387,True,162.16765685603465,205.41156316163466,43.2439063056
lamf-test-151fcd56-358d-466c-9e97-a24b8c315d14,"{<resource_manager.instance.CloudOnDemandInstance object at 0x11c06fb60>: [(4, 15394.824, None)]}",286.90020368365816,139854.17050938177,15394.824,12575.325272810003,1,473.06030511826,15795.36,95132.08851365301,True,568.0069797028036,1110.7306968885314,542.7237171857278
lamf-test-0479ea03-d843-4f1c-b0bd-6f829a2c5a10,"{<resource_manager.instance.OnPremInstance object at 0x11c06f770>: [(5, 15825.36, None)]}",326.10114994784385,140336.87542467806,15825.36,12581.128588337004,3,,15825.36,24267.013,True,64.19996197429461,81.3196342582946,17.119672283999996
lamf-test-724d0d5f-301b-4490-8457-7773ef64d695,"{<resource_manager.instance.OnPremInstance object at 0x11c06f770>: [(5, 15855.36, 16825.896), (1, 16825.896, None), (7, 18115.896, None)]}",109.55462846539683,43706.51716020637,15855.36,12595.282008968004,2,6.5013462819198145,15855.36,18898.196,True,11.696894303593236,16.726772351593233,5.029878047999998
lamf-test-2674780b-0edf-4613-bd86-e3e24ce33fcb,"{<resource_manager.instance.CloudReservedInstance object at 0x11c29c4d0>: [(2, 15885.36, None)], <resource_manager.instance.CloudReservedInstance object at 0x11c2916d0>: [(3, 15885.36, 34199.112)], <resource_manager.instance.CloudReservedInstance object at 0x11c291450>: [(1, 105353.4, None)], <resource_manager.instance.CloudReservedInstance object at 0x11c096190>: [(1, 105353.4, None)], <resource_manager.instance.CloudOnDemandInstance object at 0x11c291590>: [(1, 105353.4, None)]}",302.61464185285956,140083.12426323918,15885.36,12601.029347765005,1,868.2465166932845,15885.36,140098.5242632392,False,919.4367453020019,,
lamf-test-15ce12ce-cdd4-4322-97b9-e92908eec275,"{<resource_manager.instance.OnPremInstance object at 0x11c06f770>: [(4, 15915.36, None), (6, 18355.896, None)]}",62.79223748275714,26877.733450123585,15915.36,12607.716178952005,2,13.428311855210659,15915.36,19352.786,True,16.828068540899956,24.830979987299955,8.002911446399997
lamf-test-6fdb4590-cea7-4d20-bffa-249d0757fa2a,"{<resource_manager.instance.CloudOnDemandInstance object at 0x11c096650>: [(1, 15945.36, None)], <resource_manager.instance.CloudOnDemandInstance object at 0x11c291a90>: [(1, 15945.36, None)], <resource_manager.instance.CloudOnDemandInstance object at 0x11c06fb60>: [(4, 15945.36, None)]}",88.08906902383775,44210.94698511067,15945.36,13163.600455067006,1,202.28397353410907,16345.896,42937.967349904924,True,309.292430911274,572.6593008242963,263.36686991302236
lamf-test-e4ed1a21-f292-441c-946a-d7b9f0990c7d,"{<resource_manager.instance.OnPremInstance object at 0x11c06f770>: [(2, 16375.896, None)]}",297.2172710903451,140763.9657774157,16375.896,13164.600455067006,1,106.9304385124344,16375.896,52537.144,True,195.25808867594492,224.59209305354491,29.3340043776
lamf-test-c777b76c-0cc3-4d24-b87d-dcc762dd2026,"{<resource_manager.instance.OnPremInstance object at 0x11c06f770>: [(2, 16405.896, 18895.896), (1, 18895.896, None)]}",310.2741421688458,141319.98287370513,16405.896,13166.051537412506,1,129.566340862423,16405.896,71075.086,True,160.27226633204046,183.45603379604046,23.183767464
lamf-test-38f0df60-c850-46c3-8ecc-b21d5524ac44,"{<resource_manager.instance.OnPremInstance object at 0x11c06f770>: [(6, 16435.896, 18175.896), (2, 18175.896, None)]}",82.2505270696069,44439.08133234651,16435.896,13167.051537412506,3,40.98139174081679,16435.896,29749.391999999996,True,51.0867624914442,64.7096464466442,13.622883955199995
lamf-test-ecaffeb0-92d2-4398-a844-9e4844c48df5,"{<resource_manager.instance.OnPremInstance object at 0x11c06f770>: [(3, 16825.896, 17335.896), (1, 17335.896, None), (9, 18925.896, None)]}",106.56838267415606,44333.056139895336,16825.896,13171.967584372505,1,24.33493041295916,16825.896,20406.394,True,47.504168225720576,54.774540113720576,7.270371887999998
lamf-test-3c60492c-5568-42f7-a13b-d4f3117a23dc,"{<resource_manager.instance.OnPremInstance object at 0x11c06f770>: [(6, 16855.896, 22326.432), (1, 22326.432, None)]}",288.51703100665657,140915.90004161483,16855.896,13173.139126906006,2,23.642835258317486,16855.896,26307.967,True,31.72151488617778,46.64952189177778,14.928007005600001
lamf-test-04f3f31f-b20f-4cb7-a3dd-c0c2f380b4cc,"{<resource_manager.instance.CloudReservedInstance object at 0x11c06fcb0>: [(3, 16975.896, None)], <resource_manager.instance.CloudOnDemandInstance object at 0x11c06fb60>: [(1, 16975.896, 17845.896)]}",63.69847192731158,27272.934771152068,16975.896,13174.139755930506,3,30.944236063578977,16975.896,27288.33477115207,False,32.25321703902066,,
lamf-test-b6b347a8-b100-462f-bbd1-cdcde8345e59,"{<resource_manager.instance.OnPremInstance object at 0x11c06f770>: [(4, 17275.896, 33599.112), (1, 33599.112, None)]}",310.4633474601291,140973.5892856158,17275.896,13182.895346185505,1,277.1317727583846,17275.896,86628.847,True,321.77558894212484,369.7672350965248,47.9916461544
lamf-test-d4113937-9912-4267-ad39-f41249bcbcef,"{<resource_manager.instance.OnPremInstance object at 0x11c06f770>: [(2, 17305.896, 17905.896), (1, 17905.896, None)]}",44.164232744169574,27507.561525051085,17305.896,13185.923819626505,3,12.124225416381472,17305.896,27522.961525051087,False,16.453061867900352,,
lamf-test-198ba68c-5a75-4dd3-95a5-23cb4a91c31d,"{<resource_manager.instance.OnPremInstance object at 0x11c06f770>: [(5, 17335.896, 18625.896), (1, 18625.896, None)]}",75.79076386942039,44383.842878893134,17335.896,13215.189545047506,2,14.82270835422419,17335.896,24351.327999999998,True,16.779429941733362,21.71778516093336,4.938355219199998
lamf-test-9bb4d80d-2aee-48e9-ac53-5a922312b6c8,"{<resource_manager.instance.OnPremInstance object at 0x11c06f770>: [(6, 17365.896, None)]}",62.348183689222225,27955.168026803734,17365.896,13758.533657914506,2,21.04972534093636,17365.896,22894.517,True,23.89386990756929,37.34832197316929,13.454452065599998
lamf-test-8fdaa8c6-0ab8-4102-bf2c-7c6a5957696b,"{<resource_manager.instance.OnPremInstance object at 0x11c06f770>: [(3, 17485.896, 21966.432), (2, 21966.432, None)]}",305.80076715201267,141155.3791266384,17485.896,13760.011697779506,3,55.83233401779603,17485.896,36587.337999999996,True,64.9226861358278,82.2350812878278,17.312395151999997
lamf-test-c89d3402-a23f-46ae-8720-cd373edbf82e,"{<resource_manager.instance.OnPremInstance object at 0x11c06f770>: [(3, 17545.896, None)]}",59.063695813800784,27995.86905347905,17545.896,13766.984670031507,3,13.278576317590689,17545.896,21154.498999999996,True,16.466360939995415,20.85730907039541,4.390948130399995
lamf-test-d457b8b2-16f3-450b-ba2f-e7b966006e63,"{<resource_manager.instance.OnPremInstance object at 0x11c06f770>: [(6, 18325.896, 23806.968), (1, 23806.968, None), (3, 35729.112, None)]}",308.6020686022321,141373.85573827257,18325.896,13767.984670031507,1,149.3163915126626,18325.896,39501.198000000004,True,160.57019119324667,184.8643819452467,24.294190752000006
lamf-test-87f7683b-4f57-45f2-93ec-cd6117faec52,"{<resource_manager.instance.CloudReservedInstance object at 0x11c29c4d0>: [(1, 18355.896, None)], <resource_manager.instance.CloudReservedInstance object at 0x11c06fcb0>: [(1, 18355.896, None)]}",62.86965238334432,27833.999715959813,18355.896,13770.525052574507,1,2.144649783253479,18355.896,21315.42761961821,True,14.10479743676892,19.475755420052046,5.370957983283128
lamf-test-95f36198-5f8e-46dc-93db-fc5d6a810881,"{<resource_manager.instance.OnPremInstance object at 0x11c06f770>: [(3, 18625.896, 25576.968), (2, 25576.968, None)]}",312.84764381313755,141563.76250819326,18625.896,13772.771028047508,2,60.29675526486413,18625.896,43982.755,True,72.45821847604415,95.84705730004416,23.388838823999997
lamf-test-067d037c-dcca-41c3-b8b9-a8b36009d0a4,"{<resource_manager.instance.OnPremInstance object at 0x11c06f770>: [(4, 18895.896, None), (6, 20155.896, None)]}",61.80548621708826,28063.182230014776,18895.896,13774.067701046508,2,18.53041120425307,18895.896,22328.636,True,21.892848534068154,32.74970597406815,10.856857439999992
lamf-test-55d518fc-620c-44fe-a18a-2336d48b9fc1,"{<resource_manager.instance.OnPremInstance object at 0x11c06f770>: [(3, 19405.896, None)]}",83.99778340603386,45143.631661669424,19405.896,13778.359542977509,3,28.56980150581793,19405.896,27258.940000000002,True,35.83410449463838,45.38968843383839,9.555583939200003
lamf-test-64282f81-8a38-42e2-8686-39f8e7fadae5,"{<resource_manager.instance.OnPremInstance object at 0x11c06f770>: [(5, 19435.896, None)]}",308.1387838586121,141601.99108160016,19435.896,13779.359542977509,2,,19435.896,23915.877,True,17.9279801240933,27.013381592093296,9.085401467999999
lamf-test-6ca33400-5b63-4867-9fb5-39d7d8646a8a,"{<resource_manager.instance.OnPremInstance object at 0x11c06f770>: [(6, 20485.896, 20995.896), (2, 20995.896, None), (6, 25276.968, None)]}",105.93846150050236,45047.62088163143,20485.896,13787.17077094551,1,41.92760757472051,20485.896,26937.744,True,66.25765001140766,76.36047758260766,10.102827571199995
lamf-test-e1a8ae4a-b274-4245-9dc7-b8b20b25f60b,"{<resource_manager.instance.CloudReservedInstance object at 0x11c096190>: [(1, 20575.896, None)], <resource_manager.instance.CloudOnDemandInstance object at 0x11c0962c0>: [(2, 20575.896, None)], <resource_manager.instance.CloudOnDemandInstance object at 0x11c06fb60>: [(1, 20575.896, 48980.184)]}",307.3714712616934,141672.4375898172,20575.896,13797.38027893851,3,158.4136527492585,20575.896,48989.06272702424,False,158.4541671322119,,
lamf-test-5f552717-b86e-4e0e-9794-6b12cd0fea27,"{<resource_manager.instance.OnPremInstance object at 0x11c06f770>: [(2, 20785.896, None), (8, 22786.968, None)]}",43.981392744961866,28035.36209539199,20785.896,13798.38027893851,2,17.065065482507617,20785.896,25249.325215077195,True,24.149281210957724,35.75987168171082,11.610590470753099
lamf-test-0ee69e3c-f7ac-4d00-b4dc-243374763ca6,"{<resource_manager.instance.OnPremInstance object at 0x11c06f770>: [(2, 20815.896, None)]}",95.71047451977611,45033.847599848625,20815.896,13804.76509972051,3,,20815.896,23042.288000000004,True,6.772810099627358,8.57885929002736,1.8060491904000027
lamf-test-60d40a4b-09c7-4a73-b379-b1d85406ff0e,"{<resource_manager.instance.OnPremInstance object at 0x11c06f770>: [(4, 20995.896, None), (8, 21696.432, None)]}",57.165191884420324,28103.95139480701,20995.896,13805.766771850509,3,51.545480264658906,20995.896,25305.2328806157,True,70.13119563067666,88.83250088320938,18.701305252532723
lamf-test-87976d93-8677-4270-9b15-bf91d2c51eaa,"{<resource_manager.instance.CloudOnDemandInstance object at 0x11c291590>: [(1, 21145.896, None)], <resource_manager.instance.CloudOnDemandInstance object at 0x11c0962c0>: [(2, 21145.896, 49490.184)]}",311.39111778496914,141560.172351634,21145.896,13806.766771850509,2,113.22823063611747,21546.432,49499.88124635164,False,113.24060700107,,
lamf-test-68fc4f1f-0368-4356-8862-a5c873470b2b,"{<resource_manager.instance.OnPremInstance object at 0x11c06f770>: [(4, 21576.432, 25546.968), (2, 25546.968, None), (4, 41939.112, None)]}",313.35740939256686,141668.86554039046,21576.432,13811.784698699508,2,59.022879953725145,21576.432,42772.99799999999,True,64.32692106863553,86.09537085743551,21.76844978879998
lamf-test-6ffd71d7-ab96-484d-939d-8341469b380b,"{<resource_manager.instance.OnPremInstance object at 0x11c06f770>: [(3, 21606.432, 25576.968), (2, 25576.968, None), (8, 50471.256, None)]}",291.65416309527114,141656.41445139665,21606.432,13813.978068869508,3,93.84772073921971,21606.432,52390.24699999999,True,123.03611529393848,155.84513742033843,32.80902212639995
lamf-test-20e1ba49-4666-4d28-9ab3-d9b988f76cc5,"{<resource_manager.instance.OnPremInstance object at 0x11c06f770>: [(6, 22026.432, 24526.968), (1, 24526.968, None), (7, 30509.112, None)]}",285.6765311197183,141748.72425426362,22026.432,14362.992336464507,1,56.19821127081907,22026.432,35973.083999999995,True,171.71910381017557,197.96026217177555,26.241158361599982
lamf-test-6012bbf1-8566-4834-b341-39822809aef2,"{<resource_manager.instance.CloudReservedInstance object at 0x11c29c4d0>: [(1, 22056.432, None)], <resource_manager.instance.CloudReservedInstance object at 0x11c06fcb0>: [(1, 22056.432, None)], <resource_manager.instance.CloudOnDemandInstance object at 0x11c0962c0>: [(2, 22056.432, None)], <resource_manager.instance.CloudOnDemandInstance object at 0x11c06fb60>: [(1, 22056.432, None)]}",93.62462651407313,45570.19851698323,22056.432,14363.992336464507,1,199.4869328466043,22056.432,45585.59851698323,False,285.11525832428276,,
lamf-test-92b1912c-cdf4-4496-9665-6c2a64a15900,"{<resource_manager.instance.CloudReservedInstance object at 0x11c2916d0>: [(3, 22266.432, None)], <resource_manager.instance.CloudReservedInstance object at 0x11c291450>: [(1, 22266.432, None)], <resource_manager.instance.CloudReservedInstance object at 0x11c06fcb0>: [(1, 22266.432, None)]}",99.7921660649438,45710.484742630084,22266.432,14366.485256553507,3,21.45261236595939,22266.432,32986.715692900376,True,40.76463492623155,63.61170353254083,22.847068606309282
lamf-test-3d2e4ca8-d6e8-4002-a809-14108f6da5be,"{<resource_manager.instance.OnPremInstance object at 0x11c06f770>: [(5, 22326.432, 26858.04), (1, 26858.04, None)]}",306.2018292174168,142128.22180599254,22326.432,14369.140661610507,2,34.24730547429734,22326.432,49671.427,True,64.42377465254671,82.86698544374671,18.443210791200002
lamf-test-a7986f20-c88c-442a-a9bb-9d4e408bd120,"{<resource_manager.instance.CloudOnDemandInstance object at 0x11c096650>: [(4, 22356.432, None)]}",50.00049139574834,28475.33190564635,22356.432,14370.140661610507,1,65.02954688569473,22756.968,28708.187199196236,False,67.14533216885518,,
lamf-test-bf2ee2bb-aeee-4553-ba75-b56c3562dc59,"{<resource_manager.instance.OnPremInstance object at 0x11c06f770>: [(2, 22786.968, None)]}",94.73625576454592,45735.099592352126,22786.968,14371.140661610507,1,41.8588656171572,22786.968,35128.651999999995,True,66.6407760285953,76.6523500893953,10.011574060799996
lamf-test-404ab15a-5fdc-47da-96ca-6bf36dbfc057,"{<resource_manager.instance.OnPremInstance object at 0x11c06f770>: [(4, 22816.968, 30329.112), (1, 30329.112, None), (3, 37289.112, None)]}",285.63536765098837,142277.73030775206,22816.968,14372.469826205506,2,55.82818755860734,22816.968,42144.712,True,66.9978297018629,89.8862335674629,22.888403865599997
lamf-test-398c2e41-0ba6-4e76-8602-21bfa67e2257,"{<resource_manager.instance.OnPremInstance object at 0x11c06f770>: [(5, 23536.968, 29508.576), (2, 29508.576, None)]}",308.43937206382503,142248.5894376944,23536.968,14378.933473547506,2,23.89717044176673,23536.968,44381.546,True,64.32888962364697,88.50426391164697,24.175374288
lamf-test-58d64335-ff0b-41b5-93cb-bcafe6abca1b,"{<resource_manager.instance.OnPremInstance object at 0x11c06f770>: [(6, 23956.968, 24766.968), (2, 24766.968, None)]}",83.27713277836911,45666.61985244346,23956.968,14381.669341295506,2,14.323122231640859,23956.968,33960.28199999999,True,28.49244448886329,37.92127680566328,9.428832316799994
lamf-test-78749043-3668-43d0-99ce-4ee040f7f664,"{<resource_manager.instance.OnPremInstance object at 0x11c06f770>: [(2, 23986.968, None), (6, 24466.968, None)]}",57.07835905715178,28504.055339956427,23986.968,14384.158051802506,2,5.317847669193891,23986.968,25532.296000000002,True,8.805115106919349,12.651267401319354,3.8461522944000044
lamf-test-59fd6bbc-b1e0-4afd-a720-743bb563c136,"{<resource_manager.instance.OnPremInstance object at 0x11c06f770>: [(2, 24016.968, None), (6, 32669.112, None)]}",321.20760313523465,142066.57111521636,24016.968,14387.662877210505,2,23.52059182054358,24016.968,35129.812,True,40.844706314396134,55.847804887196126,15.003098572799992
lamf-test-4cc1e286-0e7f-464c-8240-c10883a7da2a,"{<resource_manager.instance.OnPremInstance object at 0x11c06f770>: [(4, 24046.968, 28538.04), (2, 28538.04, None), (8, 35999.112, None)]}",316.2330750787407,141985.52549045463,24046.968,14394.970791962505,3,50.0211909650924,24046.968,37918.276999999995,True,79.21223210890552,100.3351021681055,21.122870059199975
lamf-test-0aaede3d-34d4-43d5-b971-8a2a954407b0,"{<resource_manager.instance.OnPremInstance object at 0x11c06f770>: [(2, 24076.968, None), (8, 47600.184, None)]}",291.4038438976179,141925.00180360518,24076.968,14396.984188469505,1,163.33016472735568,24076.968,50387.95969371988,True,200.3740760534701,230.76332708639794,30.38925103292783
lamf-test-a7598ecc-5cec-4bf9-9a0f-c71ca0dbae0e,"{<resource_manager.instance.OnPremInstance object at 0x11c06f770>: [(6, 24316.968, 26858.04), (1, 26858.04, None)]}",294.2224632206372,142126.09764546424,24316.968,14400.628447772506,3,23.19025325119781,24316.968,37275.50199999999,True,39.03550688265266,49.44478228905266,10.409275406399997
lamf-test-5c0e0bc7-fda1-478e-8de8-178b5b80a83c,"{<resource_manager.instance.OnPremInstance object at 0x11c06f770>: [(4, 24616.968, 25756.968), (2, 25756.968, None)]}",109.02475346006189,45651.850906912296,24616.968,14401.628447772506,2,24.818262349683025,24616.968,34320.526,True,27.43183723523232,36.22813148483232,8.796294249599997
lamf-test-95c3a7f0-6def-4a58-8473-af92a11ec586,"{<resource_manager.instance.OnPremInstance object at 0x11c06f770>: [(3, 24766.968, 30329.112), (2, 30329.112, 34319.112), (1, 34319.112, None), (5, 94313.4, None)]}",312.05091942501133,142386.02147252345,24766.968,14407.725496611505,1,234.77859730778005,24766.968,96502.12,True,269.73419849418207,309.3990555181821,39.66485702399999
lamf-test-225e7631-1dba-46ce-9a30-f911bc78acd8,"{<resource_manager.instance.OnPremInstance object at 0x11c06f770>: [(5, 25336.968, None)]}",48.6051907309817,28810.3347438449,25336.968,14411.943074076506,1,30.669667351129362,25336.968,28234.727674642923,True,38.12551705173211,44.002173671907954,5.876656620175846
lamf-test-19917d27-b721-40ad-a37a-4370c7a734bc,"{<resource_manager.instance.OnPremInstance object at 0x11c06f770>: [(2, 25366.968, None)]}",301.1069329229973,141774.4443910422,25366.968,14413.125211338505,2,12.155931125219048,25366.968,44918.219,True,53.14948460774513,69.00945941894513,15.859974811199997
lamf-test-c5f3d318-ed60-437f-9c1e-4a6f0f18365e,"{<resource_manager.instance.OnPremInstance object at 0x11c06f770>: [(5, 25576.968, 31049.112), (1, 31049.112, None), (5, 36029.112, 37529.112)]}",302.37657057421836,142033.82686539262,25576.968,14414.125211338505,2,41.049269828307736,25576.968,44973.61899999999,True,56.15444585724212,75.94173392844212,19.787288071199995
lamf-test-68ff13a7-de65-4a50-8bee-581fe346b072,"{<resource_manager.instance.OnPremInstance object at 0x11c06f770>: [(4, 25606.968, None)]}",316.0799972187193,141939.91273460415,25606.968,14416.193225689505,1,31.619059091946156,25606.968,30716.815,True,54.016939158871374,62.30715493167137,8.290215772799996
lamf-test-e3ac6e81-3f29-40d1-91c8-119f86b94741,"{<resource_manager.instance.OnPremInstance object at 0x11c06f770>: [(2, 25636.968, None), (6, 37559.112, None)]}",292.3170995981352,142326.54702371362,25636.968,14417.875519465506,2,45.927401608990465,25636.968,42413.667,True,66.5876067573253,92.0109100341253,25.423303276800002
lamf-test-cd918581-b0d1-458e-92b2-5c59b3bd83b5,"{<resource_manager.instance.CloudReservedInstance object at 0x11c29c4d0>: [(1, 25666.968, None)], <resource_manager.instance.CloudOnDemandInstance object at 0x11c291a90>: [(1, 25666.968, None)], <resource_manager.instance.CloudOnDemandInstance object at 0x11c0962c0>: [(1, 25666.968, 32069.112)]}",301.10787935133226,142604.29165678826,25666.968,14963.473582102506,2,35.67609959349169,25666.968,32081.44457311695,False,35.71979990994916,,
lamf-test-3231937d-3960-4134-90c2-f2e92cf6e932,"{<resource_manager.instance.OnPremInstance object at 0x11c06f770>: [(2, 25756.968, None), (8, 27848.04, None)]}",109.51414052886817,45950.14173693989,25756.968,14967.602044060506,2,5.684515997349062,25756.968,30091.210000000003,True,22.728520096434348,33.52309522283436,10.794575126400007
lamf-test-5e0241b4-8be0-4af4-bde6-0b42fa40fc67,"{<resource_manager.instance.CloudOnDemandInstance object at 0x11c291a90>: [(2, 25996.968, None)]}",98.3173256377796,46175.93245142286,25996.968,14971.560259999505,3,18.727118412046543,26397.504,44994.68008203225,True,28.896056098611684,56.28315783606938,27.387101737457694
lamf-test-d56ac58c-44ed-4cac-88e0-685510119191,"{<resource_manager.instance.CloudOnDemandInstance object at 0x11c291a90>: [(1, 26427.504, None)], <resource_manager.instance.CloudOnDemandInstance object at 0x11c06fb60>: [(1, 26427.504, None)]}",70.70390367140996,29049.48910045735,26427.504,14987.490682729505,2,,26828.04,29064.889100457352,False,8.503944507690713,,
lamf-test-093fc8c1-409b-4af5-91bd-f1586aa318b7,"{<resource_manager.instance.OnPremInstance object at 0x11c06f770>: [(6, 26858.04, None)]}",48.98947611555658,29151.910094144674,26858.04,14997.505064212506,1,9.445585215605751,26858.04,28994.447,True,33.63269062286104,38.83185069806104,5.199160075199998
lamf-test-412a625e-1641-430d-83ff-ad06d8ff7ded,"{<resource_manager.instance.OnPremInstance object at 0x11c06f770>: [(5, 26888.04, None)]}",48.58977843534464,29291.920708039775,26888.04,15010.231571779506,1,13.81473876340406,26888.04,28945.548,True,27.07041478439422,31.243041008394215,4.172626223999996
lamf-test-499e704f-e77f-4d06-942d-f6729f7df6df,"{<resource_manager.instance.OnPremInstance object at 0x11c06f770>: [(3, 26948.04, 34409.112), (2, 34409.112, None), (10, 46310.184, None)]}",295.12516285873096,142668.78404014854,26948.04,15011.231571779506,2,56.42049628592317,26948.04,47687.185999999994,True,67.54669094560218,92.98161709600214,25.434926150399967
lamf-test-b31f9afe-254c-4126-a484-8628eb9333c1,"{<resource_manager.instance.OnPremInstance object at 0x11c06f770>: [(6, 26978.04, None)]}",58.325064065435534,29192.520496269994,26978.04,15014.747999498506,1,23.613963039014372,26978.04,29207.920496269995,False,35.104210413559116,,
lamf-test-893ff824-f1d2-4433-939e-c7c4d678a42b,"{<resource_manager.instance.OnPremInstance object at 0x11c06f770>: [(2, 27008.04, None), (4, 56502.864, None)]}",291.47945752946964,143272.26192586118,27008.04,15563.971839848506,1,159.2617312343144,27008.04,57876.765999999996,True,181.2040401551448,208.4737692911448,27.269729135999988
lamf-test-9ad3c991-d587-4e6c-87f0-aa8b942b2b5d,"{<resource_manager.instance.CloudReservedInstance object at 0x11c291450>: [(4, 27368.04, None)], <resource_manager.instance.CloudReservedInstance object at 0x11c06fcb0>: [(1, 27368.04, None)], <resource_manager.instance.CloudOnDemandInstance object at 0x11c06fb60>: [(1, 27368.04, 50010.72)]}",294.2702271699325,143415.65015875245,27368.04,15574.891508573506,2,129.30802953857904,27368.04,126066.13300040211,True,433.5962629297998,702.6048339923389,269.00857106253903
lamf-test-50bd9009-28ec-4253-bcf7-ae2b62692323,"{<resource_manager.instance.OnPremInstance object at 0x11c06f770>: [(3, 27398.04, None), (7, 31109.112, None)]}",96.71534015432012,46759.55275464314,27398.04,15580.563450062506,2,25.609439957431313,27398.04,33859.74115560497,True,33.53087360340627,49.20305786814002,15.672184264733755
lamf-test-65b278d1-c75b-4135-b5aa-f825706c680d,"{<resource_manager.instance.CloudOnDemandInstance object at 0x11c096650>: [(4, 28748.04, None)]}",46.808209305960055,29808.777809503837,28748.04,15582.482441528506,1,,29148.576,29824.17780950384,False,11.376010002360141,,
lamf-test-4e05654b-8014-4960-848f-0c1b470c0ee8,"{<resource_manager.instance.OnPremInstance object at 0x11c06f770>: [(5, 29178.576, None)]}",119.66024806020059,46802.646232401064,29178.576,15601.250909462506,3,14.681998631074608,29178.576,32636.78483088789,True,26.30016602698219,33.31341353602283,7.013247509040637
lamf-test-2b6c6b3a-28c9-458c-9ffa-76aefcc26451,"{<resource_manager.instance.OnPremInstance object at 0x11c06f770>: [(5, 29238.576, 36209.112), (1, 36209.112, None), (5, 74423.4, None)]}",317.28833254019617,143279.7970544576,29238.576,15606.594854087505,1,199.24187268993836,29238.576,76613.487,True,234.21930595482544,269.18506389882543,34.965757943999996
lamf-test-2f12deb2-00c6-45f2-bf9e-431fba73627e,"{<resource_manager.instance.OnPremInstance object at 0x11c06f770>: [(6, 29658.576, None)]}",93.49967154984164,46905.721746931755,29658.576,15619.417138199506,1,69.5909158110883,29658.576,35083.68715560497,True,85.40558287400015,98.60813338228039,13.202550508280245
lamf-test-f9efe039-70ce-49b9-a1a8-bee3de1d2b34,"{<resource_manager.instance.OnPremInstance object at 0x11c06f770>: [(5, 29688.576, 31199.112), (2, 31199.112, None), (4, 40139.112, None)]}",307.9037058422363,142762.86852723954,29688.576,15620.417138199506,3,96.91856719142139,29688.576,47550.396387439774,True,106.32045984430547,134.6720565375789,28.35159669327343
lamf-test-8f4c62d4-1881-4ae7-91f8-3b9d5e4e648b,"{<resource_manager.instance.OnPremInstance object at 0x11c06f770>: [(6, 29718.576, None)]}",53.33256697567134,29749.47223527322,29718.576,15621.417138199506,2,,29718.576,29764.872235273222,False,0.20008537804066615,,
lamf-test-920c97be-abc7-45c8-bf90-73719c07896c,"{<resource_manager.instance.CloudReservedInstance object at 0x11c29c4d0>: [(1, 29748.576, None)], <resource_manager.instance.CloudOnDemandInstance object at 0x11c291a90>: [(1, 29748.576, None)], <resource_manager.instance.CloudOnDemandInstance object at 0x11c06fb60>: [(1, 29748.576, None)]}",49.27955402462038,30373.464362042258,29748.576,16168.458773257506,2,,29748.576,30388.86436204226,False,3.3637045039580857,,
lamf-test-915cb3ce-20ce-43ae-8b31-7f523a6333eb,"{<resource_manager.instance.OnPremInstance object at 0x11c06f770>: [(2, 29778.576, None)]}",71.69092063889612,30222.142713987974,29778.576,16184.795399161505,3,,29778.576,30237.542713987976,False,1.3962026435104562,,
lamf-test-eb592d2c-c121-4645-b005-4e7f00d8eb14,"{<resource_manager.instance.OnPremInstance object at 0x11c06f770>: [(5, 29838.576, None)]}",65.43723826831173,30523.429043667325,29838.576,16189.615975705505,1,,29838.576,30538.829043667327,False,9.213155110993034,,
lamf-test-821bad57-9b5b-4590-ab6a-b75593f800f8,"{<resource_manager.instance.CloudOnDemandInstance object at 0x11c096650>: [(4, 29898.576, None)]}",293.93899056747387,144073.91429256002,29898.576,16213.571914282506,3,582.4614738763403,30299.112,144089.31429256004,False,694.7493393721805,,
lamf-test-2ec8c349-ada1-458e-a7a4-ab9b6322b2cf,"{<resource_manager.instance.OnPremInstance object at 0x11c06f770>: [(4, 30329.112, None)]}",57.00450481534605,30371.778112016647,30329.112,16215.594516529505,2,,30329.112,30387.17811201665,False,0.21148614067120125,,
lamf-test-3d742955-a0c8-4cdc-8c38-f5e5804b4cff,"{<resource_manager.instance.OnPremInstance object at 0x11c06f770>: [(4, 30359.112, 35339.112), (2, 35339.112, None)]}",303.65987588610506,144059.3624811879,30359.112,16219.873889653505,1,52.64430755190509,30359.112,47244.318,True,116.92825507643165,134.66531018363165,17.7370551072
lamf-test-b18ea74a-e7ea-41d7-821c-d4f1a5e50746,"{<resource_manager.instance.OnPremInstance object at 0x11c06f770>: [(4, 30389.112, None), (8, 32999.112, None)]}",93.66823018165961,47684.23900710355,30389.112,16766.206723822506,3,68.44626967830253,30389.112,37336.61772817171,True,95.04915771246559,120.39512959262294,25.345971880157343
lamf-test-cf4eee4f-df46-4434-9c29-6bf0f44daf4d,"{<resource_manager.instance.OnPremInstance object at 0x11c06f770>: [(6, 30449.112, None)]}",53.667029478259835,30877.415547456323,30449.112,16777.433367856007,2,,30449.112,30892.815547456325,False,1.9176201154769685,,
lamf-test-7c801ce0-8eb2-4e0d-9312-eaf55e74d22a,"{<resource_manager.instance.OnPremInstance object at 0x11c06f770>: [(2, 30479.112, None), (10, 55062.864, None)]}",282.54429039316733,144488.78095598827,30479.112,16781.009161654507,2,75.79900130446356,30479.112,60538.72548673437,True,111.07522077153948,157.669673422173,46.59445265063353
lamf-test-4d1918b0-1458-45e2-b527-a49166860d07,"{<resource_manager.instance.CloudReservedInstance object at 0x11c29c4d0>: [(1, 30509.112, None)], <resource_manager.instance.CloudOnDemandInstance object at 0x11c096650>: [(4, 30509.112, None)], <resource_manager.instance.CloudOnDemandInstance object at 0x11c291a90>: [(1, 30509.112, None)]}",99.90881249240506,47922.89303171949,30509.112,16787.824237066507,2,70.92235096443484,30509.112,47938.293031719484,False,125.23996901259166,,
lamf-test-4fd50982-b738-4cdf-bdb5-50cd3dff6874,"{<resource_manager.instance.OnPremInstance object at 0x11c06f770>: [(2, 30629.112, None)]}",66.98837614575113,31024.598387964696,30629.112,16789.960079761506,2,,30629.112,31039.998387964697,False,1.116982220353143,,
lamf-test-308f236e-0576-4952-874f-b146870f6d77,"{<resource_manager.instance.OnPremInstance object at 0x11c06f770>: [(3, 31049.112, None)]}",296.126707886245,144325.83275562714,31049.112,16790.960079761506,3,,31049.112,43467.83699999999,True,56.667693360711795,71.77879794071178,15.11110457999999
lamf-test-17fee575-0b26-45f7-83d5-67d080c53e61,"{<resource_manager.instance.CloudReservedInstance object at 0x11c29c4d0>: [(1, 33029.112, None)], <resource_manager.instance.CloudReservedInstance object at 0x11c2916d0>: [(3, 33029.112, None)], <resource_manager.instance.CloudReservedInstance object at 0x11c291450>: [(1, 33029.112, 58212.864)]}",339.37001802300927,144624.77140109977,33029.112,16802.735378963505,3,108.5313925013309,33029.112,126849.67819392531,True,369.52771995560613,576.5173566368615,206.98963668125532
lamf-test-c8945c61-1ea7-4681-928a-edc22713889d,"{<resource_manager.instance.OnPremInstance object at 0x11c06f770>: [(5, 33749.112, 39209.112), (2, 39209.112, None)]}",305.7727422550137,144648.38849868163,33749.112,16820.861391974504,2,21.849818442879428,33749.112,43191.183000000005,True,32.67495803734571,46.97809403254571,14.303135995200002
lamf-test-416bbbfd-81e6-4f7c-9a56-8c0e7175f623,"{<resource_manager.instance.OnPremInstance object at 0x11c06f770>: [(3, 33779.112, 36779.112), (2, 36779.112, None)]}",318.1012839054559,145023.68854883933,33779.112,17366.015125379505,2,9.677346075448744,33779.112,43731.39199999999,True,28.576909016394772,37.86699855239476,9.290089535999993
lamf-test-3e7fd149-2562-452d-b778-aa63ebe3ca13,"{<resource_manager.instance.CloudReservedInstance object at 0x11c06fcb0>: [(1, 33809.112, None)], <resource_manager.instance.CloudOnDemandInstance object at 0x11c291a90>: [(1, 33809.112, None)]}",306.14407437283273,145079.0999933524,33809.112,17370.766287467504,2,84.5877119719202,33809.112,133682.33478396048,True,322.0297044264605,466.1667395482723,144.13703512181178
lamf-test-e18205c9-e6f7-4d1b-94fe-6bdf96998c05,"{<resource_manager.instance.OnPremInstance object at 0x11c06f770>: [(6, 33929.112, None)]}",110.9772195614234,48604.76988010958,33929.112,17385.779444615506,1,60.92402464065709,33929.112,38962.492,True,79.23869952087607,91.48793308887606,12.249233567999994
lamf-test-55230e23-b521-4f16-a8cb-73a7c6580475,"{<resource_manager.instance.OnPremInstance object at 0x11c06f770>: [(4, 33959.112, 37439.112), (1, 37439.112, None), (9, 43479.648, None)]}",312.3489385286271,144965.70539664765,33959.112,17400.056697152504,2,40.68134098122735,33959.112,54084.49335398863,True,100.83448190594338,151.94372806332126,51.109246157377896
lamf-test-56207b5b-5fb7-4cc8-b917-b36e1b064de2,"{<resource_manager.instance.OnPremInstance object at 0x11c06f770>: [(5, 34169.112, 41129.112), (1, 41129.112, None), (7, 51111.792, None)]}",317.0752713451876,145125.23446565605,34169.112,17409.272284073504,2,48.10773737065465,34169.112,52215.71399999999,True,55.439297850242696,77.18515896384267,21.74586111359997
lamf-test-2148cf4d-7170-4032-92ad-bc67bc5cec9e,"{<resource_manager.instance.OnPremInstance object at 0x11c06f770>: [(3, 34199.112, 42149.112), (2, 42149.112, None)]}",290.5571510371029,144859.5575586188,34199.112,17417.963427635503,3,77.02107232489162,34199.112,70415.569,True,122.26468020381776,154.86799012221775,32.6033099184
lamf-test-6f91592c-afdd-4bec-8b7a-080c324249f5,"{<resource_manager.instance.OnPremInstance object at 0x11c06f770>: [(5, 34319.112, None), (7, 35279.112, None)]}",112.19170754417485,48564.87721925523,34319.112,17419.561773860503,3,70.2715035363906,34319.112,39869.66828101422,True,91.08932294801227,115.37935847896469,24.290035530952423
lamf-test-58f4bde2-1252-4878-b4ed-54f9ec3d6ddb,"{<resource_manager.instance.CloudReservedInstance object at 0x11c29c4d0>: [(2, 34349.112, None), (1, 80393.4, None)], <resource_manager.instance.CloudReservedInstance object at 0x11c2916d0>: [(1, 34349.112, 55062.864)], <resource_manager.instance.CloudReservedInstance object at 0x11c291450>: [(1, 80393.4, None)]}",306.6623561408906,145797.1118449279,34349.112,17961.968080721505,3,155.82242299794655,34349.112,105577.3074507947,True,283.5072023261323,483.7348654008371,200.22766307470482
lamf-test-9fd69545-924f-4ce5-9308-d2123ccec4dc,"{<resource_manager.instance.OnPremInstance object at 0x11c06f770>: [(3, 34409.112, None)]}",61.631240803228884,32087.65890306915,34409.112,17965.730881808006,1,,34409.112,34424.511999999995,False,0.12297513118863707,,
lamf-test-927fb6c3-ba3c-488b-96a5-466be1c02fa9,"{<resource_manager.instance.OnPremInstance object at 0x11c06f770>: [(6, 35249.112, 39749.112), (1, 39749.112, None)]}",330.8093779162473,145533.21505467265,35249.112,17970.408752837506,1,111.96204973762264,35249.112,81119.54,True,187.25422739371817,214.98527299051815,27.731045596799998
lamf-test-1e5c4d41-c6bb-47f9-a0f9-f492c659a647,"{<resource_manager.instance.OnPremInstance object at 0x11c06f770>: [(6, 35489.112, 37979.112), (1, 37979.112, None)]}",295.19389174920065,145774.86201836698,35489.112,17975.561388800506,3,22.724161533196437,35489.112,51368.9,True,43.09040687504753,54.58096888784753,11.490562012800002
lamf-test-5fc71200-6539-46cf-9073-1ac0b6be235f,"{<resource_manager.instance.OnPremInstance object at 0x11c06f770>: [(5, 35969.112, 38969.112), (2, 38969.112, None), (6, 53372.328, None)]}",298.6298021940167,145456.19038888393,35969.112,17985.702972137507,2,51.1601018872184,35969.112,55564.619,True,66.59453123164987,91.47596588764986,24.88143465599999
lamf-test-d81a676f-ccce-4b38-95bc-838588f989f1,"{<resource_manager.instance.OnPremInstance object at 0x11c06f770>: [(3, 36209.112, None)]}",93.67827368323229,49040.65154263588,36209.112,17990.342153948506,1,34.9760438056126,36209.112,42495.67599999999,True,50.20071640428923,57.85020747948922,7.64949107519999
lamf-test-bff6c6c8-6ce7-4a14-8d30-c8d69887c972,"{<resource_manager.instance.OnPremInstance object at 0x11c06f770>: [(4, 36629.112, None)]}",62.55972404682857,32025.91630680823,36629.112,17991.342153948506,2,,36629.112,36644.511999999995,False,0.05608928259914327,,
lamf-test-8aea85bd-3d6c-4aba-b7de-dd2346b0e93e,"{<resource_manager.instance.OnPremInstance object at 0x11c06f770>: [(6, 36929.112, 40919.112), (2, 40919.112, None), (6, 55302.864, None)]}",302.51103083949494,145639.2403015146,36929.112,18005.571830688506,1,175.3651526351814,36929.112,60143.293000000005,True,242.81813476309992,279.90252240469994,37.08438764160002
lamf-test-f3f23406-4146-4e8a-b0d6-831939b9a4ea,"{<resource_manager.instance.OnPremInstance object at 0x11c06f770>: [(5, 36959.112, None)]}",57.3172776265575,32039.900080108753,36959.112,18006.571830688506,1,,36959.112,36974.511999999995,False,0.20261616852984965,,
lamf-test-232b6ce2-ea24-476c-b62f-210ae1decc5b,"{<resource_manager.instance.OnPremInstance object at 0x11c06f770>: [(4, 37049.112, 42029.112), (1, 42029.112, None)]}",311.1617610976437,145737.15394967532,37049.112,18007.571830688506,2,48.357928447087154,37049.112,72784.96,True,80.54269934835119,101.09682329715119,20.5541239488
lamf-test-28862540-93f6-42de-8ec4-72cbed9815ad,"{<resource_manager.instance.OnPremInstance object at 0x11c06f770>: [(6, 37409.112, 41909.112), (1, 41909.112, None), (11, 52322.328, None)]}",315.0001679546882,145433.39440687167,37409.112,18013.854369245506,3,77.16665297741272,37409.112,54632.540463308615,True,99.07333722671436,125.49240373773004,26.419066511015682
lamf-test-5c2155b4-aa4a-428b-9192-860339f49ef5,"{<resource_manager.instance.OnPremInstance object at 0x11c06f770>: [(2, 37439.112, 41429.112), (1, 41429.112, None)]}",326.1375748222798,145790.54265293153,37439.112,18015.833078303505,3,57.440547570157406,37439.112,95992.27399999999,True,95.12991406190582,120.49742056910581,25.367506507199995
lamf-test-8d46ff55-9a1d-4004-b52e-0bb94df560fe,"{<resource_manager.instance.OnPremInstance object at 0x11c06f770>: [(3, 37469.112, 41939.112), (2, 41939.112, None), (4, 52862.328, None)]}",314.6188735020299,146245.91526121553,37469.112,18570.064773791506,1,94.67627469769565,37469.112,55053.383,True,129.66916769336072,149.3013279605607,19.6321602672
lamf-test-b036c054-ee21-47f6-aca9-95247c096cfe,"{<resource_manager.instance.OnPremInstance object at 0x11c06f770>: [(6, 37529.112, None)]}",40.69689972228568,32813.62538013252,37529.112,18576.248064863506,3,,37529.112,37544.511999999995,False,0.14054300707272807,,
lamf-test-12047e13-b691-4e4d-bcc8-16e2900e16aa,"{<resource_manager.instance.CloudReservedInstance object at 0x11c06fcb0>: [(2, 37559.112, None)], <resource_manager.instance.CloudOnDemandInstance object at 0x11c0962c0>: [(1, 37559.112, 63803.4)], <resource_manager.instance.CloudReservedInstance object at 0x11c29c4d0>: [(1, 116273.4, None)], <resource_manager.instance.CloudOnDemandInstance object at 0x11c291590>: [(2, 116273.4, None)]}",306.19560311302496,145999.60472121366,37559.112,18596.395960775506,1,599.4716386036961,37559.112,146015.00472121369,False,614.258171728247,,
lamf-test-e050ad2a-f776-4985-ad86-c1f9e8bbb5cd,"{<resource_manager.instance.OnPremInstance object at 0x11c06f770>: [(3, 37589.112, 39599.112), (2, 39599.112, None), (6, 52982.328, None)]}",326.0139069441622,146097.17343004505,37589.112,18606.141980867505,3,147.2431485284052,37589.112,65153.95638743977,True,197.9914200312087,250.78815264197326,52.796732610764565
lamf-test-5a75690c-b8ed-48d0-b610-f947c287d86c,"{<resource_manager.instance.OnPremInstance object at 0x11c06f770>: [(5, 37949.112, None)]}",56.45454017440447,32764.55963028488,37949.112,18612.516974099504,3,,37949.112,37964.511999999995,False,0.11711917256060674,,
lamf-test-62ab7363-ee6e-4e41-9bd6-da86db171176,"{<resource_manager.instance.OnPremInstance object at 0x11c06f770>: [(6, 37979.112, 40979.112), (1, 40979.112, None), (6, 44090.184, 47090.184)]}",317.6880653321237,146495.43495292193,37979.112,18622.730936105505,3,77.63898699520875,37979.112,82784.12199999999,True,118.34361548406719,149.9013275400672,31.557712056
lamf-test-e000b273-6e93-45bd-85e3-de8e007da692,"{<resource_manager.instance.OnPremInstance object at 0x11c06f770>: [(3, 38009.112, 44960.184), (2, 44960.184, None), (10, 71753.4, None)]}",284.69120725614476,147095.42419455078,38009.112,19164.632997440505,3,133.48490075290894,38009.112,75048.14492661723,True,173.36160486638798,219.59050860201938,46.22890373563139
lamf-test-62c9483c-2445-4359-99d9-4d8c66a14529,"{<resource_manager.instance.OnPremInstance object at 0x11c06f770>: [(3, 38039.112, 42509.112), (2, 42509.112, None)]}",345.02192360533996,146891.97097294053,38039.112,19166.672700896506,2,14.419245652418628,38039.112,49462.019,True,33.320513073904,44.399807232304,11.0792941584
lamf-test-1f9296c3-4641-4962-ac2a-3bdd3909621e,"{<resource_manager.instance.OnPremInstance object at 0x11c06f770>: [(2, 38969.112, None)]}",333.675220822951,147000.9017754626,38969.112,19168.269413054506,2,,38969.112,47410.765,True,22.9483784023552,29.7962473159552,6.847868913599998
lamf-test-9673f22e-b964-4aa7-bb78-d1e21e110802,"{<resource_manager.instance.OnPremInstance object at 0x11c06f770>: [(3, 39029.112, None)]}",52.254300807909324,33324.364357220664,39029.112,19169.734513187504,1,,39029.112,39044.511999999995,False,0.12297513118863707,,
lamf-test-5f1a507d-a26f-433c-85e6-51ac89f0d432,"{<resource_manager.instance.OnPremInstance object at 0x11c06f770>: [(4, 39059.112, None)]}",64.02975273459877,33446.63364455413,39059.112,19170.859263956503,3,,39059.112,39074.511999999995,False,0.09369533804848537,,
lamf-test-b2a69e4a-f75e-4751-ad43-b2adf397fd45,"{<resource_manager.instance.OnPremInstance object at 0x11c06f770>: [(5, 39149.112, 39659.112), (2, 39659.112, None), (4, 42059.112, None)]}",99.34731245959347,50452.104761125185,39149.112,19173.208412435502,1,24.460415240702716,39149.112,43614.698628634964,True,44.513133471240565,51.279969090686606,6.766835619446045
lamf-test-396956b2-43cb-496d-8f0c-0ee7a61c67dd,"{<resource_manager.instance.OnPremInstance object at 0x11c06f770>: [(2, 39179.112, None), (6, 41579.112, None)]}",82.48316532935924,50394.91010402511,39179.112,19175.222913440502,1,12.959160392425279,39179.112,42359.326,True,29.45467275077953,33.93319113797953,4.4785183872
lamf-test-2b83bd20-9a87-454f-8bc9-f6503da1f9d0,"{<resource_manager.instance.OnPremInstance object at 0x11c06f770>: [(3, 39209.112, None), (5, 40949.112, None)]}",93.14423892083788,50271.73200029106,39209.112,19176.842457335504,2,34.820032999850056,39209.112,45669.155365149956,True,39.727353045735555,57.160181756974126,17.432828711238574
lamf-test-33fae0e0-9739-4c13-8834-0589e7587a07,"{<resource_manager.instance.OnPremInstance object at 0x11c06f770>: [(2, 39569.112, None)]}",87.86109604520695,50401.92633917209,39569.112,19178.444618720503,2,12.94283025573997,39569.112,46237.48799999999,True,18.12777850228901,23.537165113489003,5.4093866111999915
lamf-test-e5f8465a-4435-4b7a-801a-354ef982dcda,"{<resource_manager.instance.OnPremInstance object at 0x11c06f770>: [(3, 39599.112, 48530.184), (1, 48530.184, None), (5, 59442.864, None)]}",304.6031866584939,146989.00040070008,39599.112,19192.551688037503,1,166.87537303216976,39599.112,66422.348,True,213.49329682865613,245.77208050865613,32.27878367999999
lamf-test-fd51a7dd-bca8-4714-a851-595e00860b67,"{<resource_manager.instance.OnPremInstance object at 0x11c06f770>: [(3, 39659.112, None), (7, 45230.184, None)]}",86.19568247701017,50468.642138804484,39659.112,19194.483567599502,3,25.421273100616013,39659.112,46009.586,True,37.27619742946234,47.21633235106235,9.94013492160001
lamf-test-56707fec-34cd-4c0e-a454-d4551f611032,"{<resource_manager.instance.OnPremInstance object at 0x11c06f770>: [(4, 39749.112, 45230.184), (1, 45230.184, None)]}",312.7950515260771,147013.60792852606,39749.112,19196.003332100503,3,39.41636322153776,39749.112,63104.73500000001,True,60.53515704616321,76.6775661445632,16.1424090984
lamf-test-f14e2551-1aeb-4008-9226-cf172ac76d45,"{<resource_manager.instance.OnPremInstance object at 0x11c06f770>: [(2, 39929.112, None)]}",113.07976716267329,50392.54523115144,39929.112,19200.015966521503,2,11.393302492712698,39929.112,47601.755999999994,True,20.857850690920376,27.081899503720372,6.224048812799994
lamf-test-3bd57c11-f664-4998-9d53-96c6dc4f87c4,"{<resource_manager.instance.OnPremInstance object at 0x11c06f770>: [(4, 39959.112, 44930.184), (2, 44930.184, None), (6, 77213.4, None)]}",326.99178124993756,147211.40309900057,39959.112,19202.526297584503,1,226.86800091261688,39959.112,78862.681,True,261.73758171724086,301.34238073804084,39.60479902080001
lamf-test-43098e09-15cf-41fe-b455-41529b19decc,"{<resource_manager.instance.OnPremInstance object at 0x11c06f770>: [(4, 39989.112, None)]}",67.69762432994189,33258.97439467683,39989.112,19203.656975552505,1,,39989.112,40004.511999999995,False,0.16279564985924336,,
lamf-test-79b31340-0554-44ef-87de-f4504dbdfc60,"{<resource_manager.instance.OnPremInstance object at 0x11c06f770>: [(6, 40049.112, 42539.112), (1, 42539.112, None)]}",304.54338810954675,146659.82284869967,40049.112,19209.542528342507,1,64.33486652977413,40049.112,68822.034,True,113.15675062742415,129.87676779062414,16.7200171632
lamf-test-e846f77b-9785-4a57-980e-5e6be4c30da6,"{<resource_manager.instance.OnPremInstance object at 0x11c06f770>: [(3, 41129.112, 44630.184), (2, 44630.184, None), (4, 77393.4, None)]}",318.0816768556553,147102.45593296984,41129.112,19215.483786497505,3,143.02174766141908,41129.112,82404.41854057982,True,161.37464330896483,204.40708325811988,43.032439949155055
lamf-test-1bfc2de0-7e2f-450e-9736-96acfe81a2a7,"{<resource_manager.instance.CloudReservedInstance object at 0x11c29c4d0>: [(1, 42299.112, None)], <resource_manager.instance.CloudReservedInstance object at 0x11c096190>: [(2, 42299.112, None)], <resource_manager.instance.CloudOnDemandInstance object at 0x11c096650>: [(1, 42299.112, None)], <resource_manager.instance.CloudOnDemandInstance object at 0x11c291590>: [(1, 42299.112, None)]}",88.34113338193856,50490.33230130261,42299.112,19218.275820959505,1,77.686323826907,42299.112,50505.7323013026,False,99.44392486178022,,
lamf-test-ff8adf42-1018-4980-bdfd-c498e4f1b637,"{<resource_manager.instance.OnPremInstance object at 0x11c06f770>: [(2, 42329.112, None)]}",50.99968955238831,33858.94881260702,42329.112,19764.016587893504,1,,42329.112,42344.511999999995,False,0.08315461251803077,,
lamf-test-9655ffad-b7de-4846-8625-1393b7fdfd45,"{<resource_manager.instance.OnPremInstance object at 0x11c06f770>: [(3, 42449.112, 45440.184), (2, 45440.184, None), (4, 50471.256, None)]}",323.69507710357215,147440.29479677795,42449.112,19765.016587893504,1,99.29985489390828,42449.112,59144.74399999999,True,189.57343919689694,218.40198160969692,28.828542412799976
lamf-test-d1831f12-882c-4e14-bb62-b9776ced5649,"{<resource_manager.instance.OnPremInstance object at 0x11c06f770>: [(3, 42509.112, None)]}",62.263052342770514,33896.550045984375,42509.112,19767.038026902504,3,,42509.112,42524.511999999995,False,0.07027150353636404,,
lamf-test-9c4c82a6-08d5-47bd-9589-83ce8af6f468,"{<resource_manager.instance.OnPremInstance object at 0x11c06f770>: [(6, 42539.112, 47510.184), (1, 47510.184, None)]}",291.9040113839834,147483.93400123419,42539.112,19777.105788084504,3,45.366844626967826,42539.112,63868.899000000005,True,70.24891170431212,88.98160732751212,18.7326956232
lamf-test-0d7701be-3ce7-49c1-9391-e93bc28aface,"{<resource_manager.instance.OnPremInstance object at 0x11c06f770>: [(2, 42569.112, None)]}",74.93798997685712,33959.93344279521,42569.112,19782.498283863504,3,,42569.112,42584.511999999995,False,0.046847669024242686,,
lamf-test-df81467a-4b45-4bf0-9c71-c38863eca94a,"{<resource_manager.instance.OnPremInstance object at 0x11c06f770>: [(3, 42599.112, None)]}",90.94794091988545,50983.324301379675,42599.112,19783.498283863504,2,14.10012548823463,42599.112,47666.652,True,16.34677944372651,22.512962115726513,6.1661826720000015
lamf-test-a691c5b1-12d1-40f2-af64-e72afc904125,"{<resource_manager.instance.OnPremInstance object at 0x11c06f770>: [(5, 42629.112, None)]}",99.92248787916859,50943.123947433065,42629.112,19790.646845698506,3,,42629.112,46594.362,True,30.15628564909879,38.19781264909879,8.041526999999999
lamf-test-08f07093-2907-4ba0-a255-32c22f0fcc78,"{<resource_manager.instance.OnPremInstance object at 0x11c06f770>: [(3, 42659.112, 45650.184), (1, 45650.184, None)]}",298.09142219625704,147486.7458116895,42659.112,19795.515757780508,3,13.64851471594798,42659.112,48639.719999999994,True,18.19568332192561,23.04777553312561,4.852092211199997
lamf-test-2809816c-7bfc-46e3-bb73-0ce9925ea853,"{<resource_manager.instance.OnPremInstance object at 0x11c06f770>: [(2, 42689.112, None)]}",50.90207279429441,33964.56931237245,42689.112,19800.78645750151,1,,42689.112,42704.511999999995,False,0.08315461251803077,,
lamf-test-327a626d-9865-47f8-8ba0-52996ec1940c,"{<resource_manager.instance.OnPremInstance object at 0x11c06f770>: [(4, 42719.112, None)]}",74.39841740073138,33949.40951930152,42719.112,19810.098238540508,1,,42719.112,42734.511999999995,False,0.16279564985924336,,
lamf-test-44149545-c52b-4763-ae20-c3268c37dc6f,"{<resource_manager.instance.OnPremInstance object at 0x11c06f770>: [(6, 42869.112, None)]}",109.24225266973586,50891.009397495516,42869.112,19814.951449135508,2,19.66904989652595,42869.112,48503.651999999995,True,24.351635923134417,38.0638524671344,13.712216543999986
lamf-test-457a1c73-20e1-45f7-a144-19901295fb3b,"{<resource_manager.instance.OnPremInstance object at 0x11c06f770>: [(4, 42929.112, None)]}",49.05334152829353,34543.05545424894,42929.112,20381.21809445851,1,,42929.112,42944.511999999995,False,0.16279564985924336,,
lamf-test-dd9abd19-48be-42ba-b1bc-fa915a5dcef1,"{<resource_manager.instance.OnPremInstance object at 0x11c06f770>: [(4, 42989.112, 46490.184), (2, 46490.184, None)]}",320.9475259671587,148062.16629641224,42989.112,20385.515719744508,2,65.36260107278106,42989.112,77259.73300000001,True,96.39755709991168,127.03795446151169,30.640397361600005
lamf-test-6f2e770b-ffa0-4b22-be2e-700e1acc453c,"{<resource_manager.instance.CloudOnDemandInstance object at 0x11c096650>: [(1, 43049.112, None)], <resource_manager.instance.CloudOnDemandInstance object at 0x11c291a90>: [(1, 43049.112, None)], <resource_manager.instance.CloudOnDemandInstance object at 0x11c291590>: [(2, 43049.112, None)], <resource_manager.instance.CloudOnDemandInstance object at 0x11c06fb60>: [(2, 43049.112, 60522.864)]}",314.03861715723247,147895.29290385992,43049.112,20388.852142216507,3,93.02324435318275,43449.648,60532.58552831187,False,93.05528224403739,,
lamf-test-32172143-1bae-4833-a5f0-e53bac6ac6d4,"{<resource_manager.instance.OnPremInstance object at 0x11c06f770>: [(6, 43629.648, None)]}",101.07515126388836,51575.599866515346,43629.648,20392.192943212507,1,38.89276386036961,43629.648,47273.578209544976,True,57.365088856628624,66.23295741457727,8.86786855794865
lamf-test-3b06725f-04eb-4610-a2d8-34a69a9c127f,"{<resource_manager.instance.CloudOnDemandInstance object at 0x11c291a90>: [(1, 43659.648, None)], <resource_manager.instance.CloudOnDemandInstance object at 0x11c291590>: [(2, 43659.648, None)], <resource_manager.instance.CloudOnDemandInstance object at 0x11c06fb60>: [(2, 43659.648, None)]}",123.85755114021583,51606.62118770708,43659.648,20395.191893902505,3,,44060.184,51622.021187707076,False,30.277485693615766,,
lamf-test-73802176-7b43-45cb-be2f-758b39305344,"{<resource_manager.instance.OnPremInstance object at 0x11c06f770>: [(4, 44840.184, None)]}",57.80879755607951,34557.86924083239,44840.184,20400.599768461507,3,,44840.184,44855.583999999995,False,0.09369533804848537,,
lamf-test-bfb0cddb-1544-48a4-b06e-9eadc91468fd,"{<resource_manager.instance.OnPremInstance object at 0x11c06f770>: [(6, 44930.184, None)]}",95.51732021748852,51682.61977503024,44930.184,20403.03649887151,2,9.724162190179234,44930.184,48436.42462863496,True,15.153445578063256,23.68623277190929,8.532787193846033
lamf-test-3e227187-9182-4a9b-bf09-75d5b5a39b59,"{<resource_manager.instance.OnPremInstance object at 0x11c06f770>: [(2, 44960.184, None), (4, 68033.4, None)]}",320.9833484047092,148194.30881477305,44960.184,20405.96097492151,2,76.65362177363873,44960.184,75397.77999999998,True,109.56594343891457,146.20489142611456,36.63894798719997
lamf-test-0fdcad07-bf2d-4d92-8354-0c4ee7d909cf,"{<resource_manager.instance.CloudReservedInstance object at 0x11c29c4d0>: [(1, 45620.184, None)], <resource_manager.instance.CloudReservedInstance object at 0x11c06fcb0>: [(1, 45620.184, None)], <resource_manager.instance.CloudOnDemandInstance object at 0x11c291a90>: [(2, 45620.184, None)], <resource_manager.instance.CloudOnDemandInstance object at 0x11c0962c0>: [(2, 45620.184, None)]}",57.46774388158159,34504.93813468633,45620.184,20408.898573541508,1,,45620.184,45635.583999999995,False,0.19988338783676884,,
lamf-test-f86b8860-b2ed-456c-9f30-6f6a9139ebf4,"{<resource_manager.instance.CloudReservedInstance object at 0x11c29c4d0>: [(1, 45680.184, None)], <resource_manager.instance.CloudReservedInstance object at 0x11c06fcb0>: [(1, 45680.184, None)], <resource_manager.instance.CloudOnDemandInstance object at 0x11c291a90>: [(2, 45680.184, None), (1, 100973.4, None)], <resource_manager.instance.CloudOnDemandInstance object at 0x11c0962c0>: [(1, 45680.184, None), (2, 100973.4, None)], <resource_manager.instance.CloudOnDemandInstance object at 0x11c06fb60>: [(5, 100973.4, None)], <resource_manager.instance.CloudOnDemandInstance object at 0x11c096650>: [(4, 100973.4, None)], <resource_manager.instance.CloudReservedInstance object at 0x11c096190>: [(1, 100973.4, None)]}",305.1378797801942,148497.43411020777,45680.184,20411.565503650007,3,877.3926412654954,45680.184,132654.70725309345,True,1007.1043382308237,2087.9988965270036,1080.8945582961799
lamf-test-a37f5b70-4c4f-44b3-a817-99539c326610,"{<resource_manager.instance.OnPremInstance object at 0x11c06f770>: [(4, 45740.184, None)]}",57.694188998700625,34499.3878995361,45740.184,20412.687198391508,3,,45740.184,45755.583999999995,False,0.09369533804848537,,
lamf-test-a0961e5f-36f8-49a0-be25-041d077e1525,"{<resource_manager.instance.OnPremInstance object at 0x11c06f770>: [(2, 45770.184, None), (6, 55062.864, None)]}",302.7913218356865,148155.84566932375,45770.184,20415.39227341351,2,25.261869566540838,45770.184,56437.240999999995,True,34.9379229276647,46.935723433264684,11.99780050559998
lamf-test-e9e3c180-3644-4ec5-bd7f-fb857cf9758f,"{<resource_manager.instance.OnPremInstance object at 0x11c06f770>: [(5, 45800.184, None)]}",277.1468078662494,148167.7952648665,45800.184,20416.39227341351,1,,45800.184,50280.16499999999,True,58.94263540953675,68.02803687753674,9.085401467999985
lamf-test-9329565e-0cc9-410e-9937-6b7537e158ae,"{<resource_manager.instance.OnPremInstance object at 0x11c06f770>: [(6, 46040.184, 50531.256), (2, 50531.256, None)]}",289.93639360238836,148032.95436342517,46040.184,20418.734170856507,1,70.70133880903491,46040.184,59463.926999999996,True,118.93463723477069,137.11029276917068,18.175655534399997
lamf-test-f542227f-df52-4f0c-ae96-9700636101a5,"{<resource_manager.instance.OnPremInstance object at 0x11c06f770>: [(6, 47300.184, None)]}",98.85116440229747,51600.99634719579,47300.184,20420.507094044508,3,34.78537987679671,47300.184,51616.39634719578,False,39.39048457399755,,
lamf-test-9aa73522-f6c8-49a8-a56a-28cd17720766,"{<resource_manager.instance.OnPremInstance object at 0x11c06f770>: [(6, 47360.184, None)]}",99.02000673984057,51659.352576015604,47360.184,20421.611015393508,1,25.03080082135524,47360.184,50116.332,True,43.38905133470227,50.09641310750228,6.707361772800003
lamf-test-20435df7-63e4-419e-8d22-d33076e8dcf2,"{<resource_manager.instance.OnPremInstance object at 0x11c06f770>: [(2, 47480.184, None), (4, 55662.864, None)]}",307.8323914198774,148151.3306380479,47480.184,20423.145547331507,2,41.326261035581965,47480.184,59977.21299999999,True,49.686349986999005,66.82353972939897,17.13718974239997
lamf-test-79eb9a19-2e44-423f-814a-791df0f7734e,"{<resource_manager.instance.OnPremInstance object at 0x11c06f770>: [(2, 47510.184, None), (4, 51351.792, None)]}",110.61449386789155,52063.36950622214,47510.184,20967.83070759551,3,11.686388318503308,47510.184,52039.03200000001,True,17.95825690166557,22.747036575265582,4.788779673600013
lamf-test-7f97cbae-fe7b-4dba-87f8-0ca2882583a5,"{<resource_manager.instance.OnPremInstance object at 0x11c06f770>: [(4, 47540.184, None)]}",101.33638951109616,52082.56779201276,47540.184,20968.83070759551,2,14.101020469167919,47540.184,52097.96779201275,False,16.60018332052562,,
lamf-test-6c201a0a-e193-4746-b7c6-ff82b4d5eeef,"{<resource_manager.instance.OnPremInstance object at 0x11c06f770>: [(6, 47780.184, 52262.328), (1, 52262.328, None), (9, 59712.864, None)]}",319.4947582934635,148818.83757072632,47780.184,20973.924285519508,2,68.27540392227189,47780.184,65846.96718378298,True,78.39289275224894,117.2024983056727,38.809605553423765
lamf-test-4b6bc7a8-825f-4ed7-a11d-b9402493f256,"{<resource_manager.instance.OnPremInstance object at 0x11c06f770>: [(2, 47810.184, None)]}",315.0940754980354,148656.01982103064,47810.184,20978.388309171507,2,17.567143046807214,47810.184,64893.09,True,46.43936336874591,60.2970167159459,13.857653347199996
lamf-test-0c64519c-480b-40a3-83cb-e32930215173,"{<resource_manager.instance.OnPremInstance object at 0x11c06f770>: [(4, 47840.184, 51831.792), (2, 51831.792, None), (10, 65243.4, None)]}",305.2027703895845,148644.4707606981,47840.184,20983.551568908508,3,202.52437143509,47840.184,75976.862,True,260.99504449007514,330.59243196527507,69.59738747519995
lamf-test-545db71e-0ac4-4fd9-bae7-0ae698ee188a,"{<resource_manager.instance.CloudReservedInstance object at 0x11c29c4d0>: [(1, 47960.184, None)], <resource_manager.instance.CloudOnDemandInstance object at 0x11c096650>: [(4, 47960.184, None)]}",303.0498265026395,148820.43136608016,47960.184,20988.09845804751,2,161.1369639274495,47960.184,89372.33302675368,True,234.85648241586495,649.4583536121121,414.60187119624715
lamf-test-4f1fe545-8677-4a84-8abf-5cf06961f85c,"{<resource_manager.instance.OnPremInstance object at 0x11c06f770>: [(6, 48500.184, 50501.256), (2, 50501.256, None)]}",310.3840944895742,148562.6655072137,48500.184,20994.58646117751,2,32.95582369872065,48500.184,68374.344,True,57.23578198805893,76.60423979285893,19.3684578048
lamf-test-6e9b564f-bd08-4a74-adb5-0f54b0e3a954,"{<resource_manager.instance.OnPremInstance object at 0x11c06f770>: [(2, 48530.184, None)]}",95.10170299612852,52182.570963058824,48530.184,21001.60989296151,2,,48530.184,52197.97096305882,False,9.970767944086182,,
lamf-test-cf5ee26c-33df-418f-9253-bf22cfb1db3e,"{<resource_manager.instance.OnPremInstance object at 0x11c06f770>: [(3, 48560.184, None)]}",86.78911405093122,52089.654261695,48560.184,21003.11710809351,3,,48560.184,51945.844000000005,True,15.449053159936131,19.568724247936135,4.119671088000005
lamf-test-20bd965c-e3af-463e-ad6b-f7ce4b078baa,"{<resource_manager.instance.OnPremInstance object at 0x11c06f770>: [(5, 48590.184, None)]}",49.20241958092055,35208.7147886769,48590.184,21013.26315290451,2,,48590.184,48605.583999999995,False,0.06162769304399561,,
lamf-test-d80357f1-4d3d-475b-a1da-53fbb3ddaa84,"{<resource_manager.instance.OnPremInstance object at 0x11c06f770>: [(6, 48680.184, 53642.328), (1, 53642.328, None), (11, 78443.4, None)]}",308.2995677163823,148817.2114391949,48680.184,21015.03211377951,1,147.90504768423455,48680.184,81176.214,True,233.94847273556965,269.3848134779697,35.43634074240006
lamf-test-0b008ed2-19e2-4099-a5b7-5ad49013ab38,"{<resource_manager.instance.CloudReservedInstance object at 0x11c096190>: [(3, 48980.184, None)], <resource_manager.instance.CloudOnDemandInstance object at 0x11c291a90>: [(1, 48980.184, None)], <resource_manager.instance.CloudOnDemandInstance object at 0x11c0962c0>: [(1, 48980.184, None)], <resource_manager.instance.CloudOnDemandInstance object at 0x11c06fb60>: [(1, 48980.184, None)]}",98.70843455961634,52290.36388695898,48980.184,21016.33910322651,3,,48980.184,52305.76388695897,False,26.134554337650034,,
lamf-test-e31740c1-403e-4c71-8a7f-0330adf6a272,"{<resource_manager.instance.CloudOnDemandInstance object at 0x11c291590>: [(1, 49580.184, None)], <resource_manager.instance.CloudOnDemandInstance object at 0x11c0962c0>: [(3, 49580.184, None)], <resource_manager.instance.CloudOnDemandInstance object at 0x11c06fb60>: [(1, 49580.184, None)]}",51.6673689623557,35096.24759492696,49580.184,21017.33910322651,1,,49980.72,49996.119999999995,False,4.586715339569486,,
lamf-test-ff97215d-d288-4a40-9a08-b29190e7eee1,"{<resource_manager.instance.CloudReservedInstance object at 0x11c291450>: [(4, 50010.72, None)]}",50.90199713640601,35070.603577307425,50010.72,21018.33910322651,1,,50010.72,50026.119999999995,False,0.056607600070959926,,
lamf-test-0b722e5a-870b-4bb2-acf4-7c5f987aee07,"{<resource_manager.instance.CloudOnDemandInstance object at 0x11c291590>: [(1, 50040.72, None)], <resource_manager.instance.CloudOnDemandInstance object at 0x11c0962c0>: [(3, 50040.72, None)]}",60.84882595404457,35156.109878113944,50040.72,21019.33910322651,3,,50441.256,50456.655999999995,False,2.108834638882522,,
lamf-test-86bee4c0-8211-4364-b2b2-315ff254f448,"{<resource_manager.instance.OnPremInstance object at 0x11c06f770>: [(4, 50471.256, None)]}",60.879551145103115,35172.85750712813,50471.256,21020.62420874451,1,,50471.256,50486.655999999995,False,0.16279564985924336,,
lamf-test-1fb51fa6-4d43-412b-9a86-c51ec772c644,"{<resource_manager.instance.OnPremInstance object at 0x11c06f770>: [(5, 50501.256, None)]}",79.83864331738259,35959.49033014633,50501.256,21565.81798041651,3,,50501.256,50516.655999999995,False,0.11711917256060674,,
lamf-test-ea68f53d-4ebe-4fb8-83dd-aa5b6c6a2310,"{<resource_manager.instance.OnPremInstance object at 0x11c06f770>: [(4, 50531.256, None)]}",110.2774483129196,52807.18469293037,50531.256,21568.87165999851,3,10.714560803102897,50531.256,52822.584692930366,False,13.940702367817261,,
lamf-test-ed127e72-be6f-436a-8fe9-27a8ad06a858,"{<resource_manager.instance.OnPremInstance object at 0x11c06f770>: [(6, 50561.256, 59502.864), (1, 59502.864, None), (3, 62483.4, None)]}",328.19458272409565,149486.7020449258,50561.256,21570.95768547351,3,97.81760438056125,50561.256,67069.156,True,114.03636474256598,144.445497907366,30.409133164800004
lamf-test-6250b41b-6866-44ee-9930-467c8f1f7d45,"{<resource_manager.instance.CloudReservedInstance object at 0x11c29c4d0>: [(1, 50591.256, None)], <resource_manager.instance.CloudReservedInstance object at 0x11c291450>: [(4, 50591.256, None)], <resource_manager.instance.CloudReservedInstance object at 0x11c096190>: [(1, 50591.256, None)]}",92.1601820634213,52803.305245478754,50591.256,21583.39566903951,3,,50591.256,52818.70524547875,False,11.293377166723689,,
lamf-test-4c84a4d8-5052-4c6f-afd2-7c5df767217c,"{<resource_manager.instance.CloudReservedInstance object at 0x11c096190>: [(1, 50621.256, None)], <resource_manager.instance.CloudOnDemandInstance object at 0x11c096650>: [(1, 50621.256, None)], <resource_manager.instance.CloudOnDemandInstance object at 0x11c291590>: [(2, 50621.256, None)], <resource_manager.instance.CloudOnDemandInstance object at 0x11c0962c0>: [(2, 50621.256, None)]}",71.28909006291121,35687.28810257889,50621.256,21589.75813016451,1,,50621.256,50636.655999999995,False,0.19988338783676882,,
lamf-test-e1378e61-db93-479c-b4b7-359d51f2c742,"{<resource_manager.instance.OnPremInstance object at 0x11c06f770>: [(6, 50651.256, None)]}",52.48076757861521,35853.69054878546,50651.256,21591.364476288512,1,,50651.256,50666.655999999995,False,0.24243668720045594,,
lamf-test-56573715-8535-4ef6-86b5-dcb681b21f75,"{<resource_manager.instance.CloudOnDemandInstance object at 0x11c0962c0>: [(1, 50681.256, None)], <resource_manager.instance.CloudOnDemandInstance object at 0x11c06fb60>: [(1, 50681.256, None)], <resource_manager.instance.CloudReservedInstance object at 0x11c29c4d0>: [(1, 132413.4, None)], <resource_manager.instance.CloudReservedInstance object at 0x11c2916d0>: [(2, 132413.4, None)], <resource_manager.instance.CloudReservedInstance object at 0x11c096190>: [(1, 132413.4, None)], <resource_manager.instance.CloudReservedInstance object at 0x11c06fcb0>: [(1, 132413.4, None)]}",309.32301155717374,149616.0341846244,50681.256,21592.364476288512,2,490.74708725147394,51081.792,149631.43418462444,False,504.22154560598847,,
lamf-test-a8f2c75b-6fbc-476d-891d-92f88bfed8de,"{<resource_manager.instance.OnPremInstance object at 0x11c06f770>: [(6, 51111.792, None)]}",60.82789615796186,35839.476242735975,51111.792,21596.757409315513,2,,51111.792,51127.191999999995,False,0.06655648787942382,,
lamf-test-7c4919b0-6563-4e4b-a109-6e7eddf9dab2,"{<resource_manager.instance.OnPremInstance object at 0x11c06f770>: [(4, 51141.792, 54122.328), (2, 54122.328, None), (8, 66023.4, None)]}",284.9077105670405,149331.98722326013,51141.792,21598.383624715512,3,142.40518366415694,51141.792,73936.08724719285,True,174.6918556117248,221.275486299139,46.5836306874142
lamf-test-2b8a61cc-a82b-4153-b888-886b130ebdcb,"{<resource_manager.instance.CloudReservedInstance object at 0x11c096190>: [(1, 51171.792, None)], <resource_manager.instance.CloudOnDemandInstance object at 0x11c096650>: [(1, 51171.792, None)], <resource_manager.instance.CloudOnDemandInstance object at 0x11c291590>: [(2, 51171.792, None)], <resource_manager.instance.CloudOnDemandInstance object at 0x11c0962c0>: [(2, 51171.792, None)]}",288.0380279745152,149626.63119062487,51171.792,21601.431742663513,1,,51171.792,149642.03119062487,False,1278.0886370471753,,
lamf-test-ecb2683b-9e41-48ec-91a2-6a6d38c45b39,"{<resource_manager.instance.OnPremInstance object at 0x11c06f770>: [(2, 51201.792, None), (8, 64313.4, None)]}",329.9077900544537,149562.0061148118,51201.792,21603.444137515515,3,143.9245813369837,51201.792,74355.37141129402,True,192.62746994134943,243.99384239515797,51.36637245380855
lamf-test-69f3610c-edfc-431a-ac62-c6c3e7603585,"{<resource_manager.instance.OnPremInstance object at 0x11c06f770>: [(5, 51231.792, None)]}",101.55343618416583,52847.23887249511,51231.792,21621.348459973513,1,,51231.792,52862.6388724951,False,21.45687953012796,,
lamf-test-db07f320-f70e-4581-b141-d95e0791351c,"{<resource_manager.instance.OnPremInstance object at 0x11c06f770>: [(4, 51621.792, None)]}",67.5503798079176,36239.61122831814,51621.792,22190.505723838512,2,,51621.792,51637.191999999995,False,0.05608928259914327,,
lamf-test-f73d4880-234f-4ef4-b427-8c893deb0ab7,"{<resource_manager.instance.OnPremInstance object at 0x11c06f770>: [(5, 51681.792, 56412.864), (2, 56412.864, None)]}",289.55899307824876,149749.5882666303,51681.792,22197.150794704514,2,18.93279564838653,51681.792,69802.5531769943,True,55.332260767787346,75.78859064416513,20.45632987637778
lamf-test-870691de-e40a-44a6-b524-758dc9ee2699,"{<resource_manager.instance.OnPremInstance object at 0x11c06f770>: [(6, 51801.792, 56772.864), (1, 56772.864, None)]}",318.593861795503,149706.24309238588,51801.792,22198.150794704514,3,45.366844626967826,51801.792,61248.863,True,52.174965396608094,66.08803141020809,13.9130660136
lamf-test-787e33de-2c34-4cf0-bd9d-1f6b1a5da962,"{<resource_manager.instance.CloudOnDemandInstance object at 0x11c291a90>: [(1, 51831.792, None)], <resource_manager.instance.CloudOnDemandInstance object at 0x11c291590>: [(2, 51831.792, None)]}",98.72547788684845,53593.255150852994,51831.792,22199.150794704514,1,,52232.328,53608.65515085299,False,6.1710713531284815,,
lamf-test-95b7467a-1a49-4273-9a59-d080cf448191,"{<resource_manager.instance.OnPremInstance object at 0x11c06f770>: [(6, 52262.328, 55242.864), (1, 55242.864, None)]}",303.1008089718593,149894.10014181962,52262.328,22203.412869390515,1,63.75015468856948,52262.328,72136.488,True,94.4585169974903,108.5640033014903,14.105486304
lamf-test-4b6ef0de-0d6b-4c17-a583-0b04e2222603,"{<resource_manager.instance.OnPremInstance object at 0x11c06f770>: [(6, 52292.328, None)]}",304.5800255914627,150173.2741277185,52292.328,22215.807029199514,2,,52292.328,64208.14399999999,True,51.49836773881452,80.4966975564145,28.99832981759998
lamf-test-dfcd1cfc-af92-4194-9a51-c980d70402e7,"{<resource_manager.instance.OnPremInstance object at 0x11c06f770>: [(5, 52322.328, None)]}",104.89919658381315,53364.164466320835,52322.328,22219.050885117515,2,2.0409171073019245,52322.328,53379.56446632083,False,4.230847040348261,,
lamf-test-3caf5282-95cc-4847-bdc6-12864fd51ff6,"{<resource_manager.instance.OnPremInstance object at 0x11c06f770>: [(2, 52352.328, None)]}",88.21646259362132,53199.51998925946,52352.328,22227.664117809516,1,4.373716632443531,52352.328,53214.919989259455,False,4.657694975847686,,
lamf-test-76f31f64-e074-4b6a-9579-e22c37b55e69,"{<resource_manager.instance.CloudReservedInstance object at 0x11c096190>: [(3, 52382.328, None)], <resource_manager.instance.CloudOnDemandInstance object at 0x11c291a90>: [(1, 52382.328, None)], <resource_manager.instance.CloudOnDemandInstance object at 0x11c0962c0>: [(1, 52382.328, None)]}",57.885218243385175,37013.695391257774,52382.328,22768.370093517515,3,,52382.328,52397.727999999996,False,0.10540725530454606,,
lamf-test-9e038649-678e-4ec1-8038-665a8a0ccdab,"{<resource_manager.instance.OnPremInstance object at 0x11c06f770>: [(6, 52442.328, 54452.328), (1, 54452.328, None), (5, 89693.4, None)]}",305.1144082584737,150506.5926920055,52442.328,22769.370093517515,1,178.7200292037417,52442.328,95394.43699999999,True,221.85774081679207,254.91709926319206,33.05935844639998
lamf-test-816ecb3f-0729-4858-99cd-1237c929b94a,"{<resource_manager.instance.CloudReservedInstance object at 0x11c096190>: [(3, 52502.328, None)], <resource_manager.instance.CloudOnDemandInstance object at 0x11c291a90>: [(1, 52502.328, None)], <resource_manager.instance.CloudOnDemandInstance object at 0x11c0962c0>: [(1, 52502.328, None)], <resource_manager.instance.CloudOnDemandInstance object at 0x11c06fb60>: [(1, 52502.328, 75233.4)]}",325.447174391888,150402.66581942298,52502.328,22771.117330954516,1,324.4250142216137,52502.328,75244.94138161938,False,324.5672078349943,,
lamf-test-9dd25f94-b2d8-4857-adb4-87c377066854,"{<resource_manager.instance.OnPremInstance object at 0x11c06f770>: [(3, 52532.328, 56022.864), (2, 56022.864, None)]}",304.2337725718405,150834.24596696423,52532.328,22772.117330954516,2,47.66147546907112,52532.328,73887.115,True,59.82313441007388,78.56189902607389,18.738764616000005
lamf-test-5d4708b4-be70-4e57-95c0-9df21e198378,"{<resource_manager.instance.CloudReservedInstance object at 0x11c29c4d0>: [(1, 52862.328, None)], <resource_manager.instance.CloudReservedInstance object at 0x11c291450>: [(4, 52862.328, None)]}",119.73047030526563,53986.94151782016,52862.328,22775.011498130516,1,,52862.328,54002.341517820154,False,7.398368964989963,,
lamf-test-fe21cf99-74f2-4c6e-92c0-836166b37c9b,"{<resource_manager.instance.CloudReservedInstance object at 0x11c096190>: [(1, 52892.328, None)], <resource_manager.instance.CloudOnDemandInstance object at 0x11c06fb60>: [(2, 52892.328, None)]}",306.6266107573227,150585.0723957312,52892.328,22776.011498130516,3,75.66988820442617,52892.328,150600.47239573122,False,346.77263709286814,,
lamf-test-af303474-9c6d-4cd6-af46-9ee1b2d1d0c4,"{<resource_manager.instance.OnPremInstance object at 0x11c06f770>: [(6, 53642.328, None)]}",83.47238892971743,53966.59830130135,53642.328,22779.658655397518,3,,53642.328,53981.99830130134,False,3.0998886726108994,,
lamf-test-48887eaf-7764-41b1-8a24-eb297e7a4537,"{<resource_manager.instance.OnPremInstance object at 0x11c06f770>: [(6, 54002.328, None)]}",92.60848910013964,53922.90854722248,54002.328,22782.66045147352,1,,54002.328,54017.727999999996,False,0.24243668720045594,,
lamf-test-70da499d-f492-45a5-857f-ba98849424d5,"{<resource_manager.instance.CloudReservedInstance object at 0x11c29c4d0>: [(1, 54062.328, None)], <resource_manager.instance.CloudReservedInstance object at 0x11c291450>: [(3, 54062.328, None)]}",105.64492540905647,53879.55310593815,54062.328,22785.43609187402,3,,54062.328,54077.727999999996,False,0.046847669024242686,,
lamf-test-41153241-bf67-4ba2-bd57-821911347a85,"{<resource_manager.instance.CloudReservedInstance object at 0x11c291450>: [(1, 54092.328, None)], <resource_manager.instance.CloudOnDemandInstance object at 0x11c291a90>: [(1, 54092.328, None)], <resource_manager.instance.CloudOnDemandInstance object at 0x11c291590>: [(1, 54092.328, None)]}",99.23133172494114,53934.9298748423,54092.328,22786.84882702252,3,,54092.328,54107.727999999996,False,0.027327806930808236,,
lamf-test-6557112d-0dd1-4a4f-956a-4810ab29fb87,"{<resource_manager.instance.OnPremInstance object at 0x11c06f770>: [(5, 54122.328, 55632.864), (1, 55632.864, None), (7, 78473.4, None)]}",284.1643475390076,150075.40997186437,54122.328,22787.84882702252,3,126.53922883869494,54122.328,87932.95530974005,True,161.33494330811533,204.35679678675984,43.02185347864453
lamf-test-9c88980c-fc13-42ba-ae80-9214e850b23c,"{<resource_manager.instance.OnPremInstance object at 0x11c06f770>: [(3, 54152.328, None)]}",56.88278421553064,36838.668869954185,54152.328,22789.05693397352,2,,54152.328,54167.727999999996,False,0.049677043187284775,,
lamf-test-599db447-ffc5-4f67-bbdb-15246291d10d,"{<resource_manager.instance.CloudReservedInstance object at 0x11c29c4d0>: [(1, 54182.328, None)], <resource_manager.instance.CloudReservedInstance object at 0x11c291450>: [(3, 54182.328, None)]}",58.09494942769889,36697.899923409845,54182.328,22795.81714720952,3,,54182.328,54197.727999999996,False,0.046847669024242686,,
lamf-test-67a1a99a-4314-4946-83c9-ed2acd2c23fe,"{<resource_manager.instance.OnPremInstance object at 0x11c06f770>: [(2, 54212.328, None)]}",104.56386159081104,54006.9509901313,54212.328,22796.81714720952,2,,54212.328,54227.727999999996,False,0.04186443429931751,,
lamf-test-1bd3ea85-4b86-41d6-88ae-4d09629a5e9f,"{<resource_manager.instance.OnPremInstance object at 0x11c06f770>: [(5, 54242.328, None)]}",91.30297666017438,53939.53547714527,54242.328,22797.81714720952,2,,54242.328,54257.727999999996,False,0.06162769304399561,,
lamf-test-04e82c6f-21eb-4e35-8244-b06d0737db1d,"{<resource_manager.instance.OnPremInstance object at 0x11c06f770>: [(5, 54272.328, None)]}",95.5159501731966,54232.0908670019,54272.328,22798.84549904752,2,,54272.328,54287.727999999996,False,0.06162769304399561,,
lamf-test-227b9038-f251-4152-94eb-43a9fb1d09b6,"{<resource_manager.instance.CloudReservedInstance object at 0x11c29c4d0>: [(1, 54422.328, None)], <resource_manager.instance.CloudReservedInstance object at 0x11c291450>: [(4, 54422.328, None)]}",66.25196628808428,37033.25855405046,54422.328,22804.62660161452,2,,54422.328,54437.727999999996,False,0.06652766000795865,,
lamf-test-b20c0974-09ea-4c80-b141-7811b8b20475,"{<resource_manager.instance.OnPremInstance object at 0x11c06f770>: [(2, 54452.328, None)]}",96.38631983638818,53904.5681640877,54452.328,22808.61860225102,1,,54452.328,54467.727999999996,False,0.08315461251803077,,
lamf-test-ab19fe1e-973b-44c8-a2b5-9c88f8dd630c,"{<resource_manager.instance.OnPremInstance object at 0x11c06f770>: [(5, 54482.328, 56982.864), (1, 56982.864, None), (9, 82793.4, None)]}",310.22675767562004,150626.70424208205,54482.328,22811.592116823518,3,58.27548254620122,54482.328,84170.236,True,79.21754658148923,100.34183380708927,21.12428722560004
lamf-test-38119ffa-10d5-4f96-9e4f-d7aa2d684f4c,"{<resource_manager.instance.OnPremInstance object at 0x11c06f770>: [(5, 54542.328, 59022.864), (2, 59022.864, None), (8, 70433.4, None)]}",315.0920376046709,150669.3573240547,54542.328,22813.669201140518,2,48.94939818005544,54542.328,71810.011,True,59.40913307613819,83.3354211033382,23.926288027200012
lamf-test-0edb2b7d-ea79-4551-a1d6-40e8f4f75204,"{<resource_manager.instance.OnPremInstance object at 0x11c06f770>: [(2, 54572.328, None)]}",49.09599477194767,36813.210963873746,54572.328,22820.800022217518,3,,54572.328,54587.727999999996,False,0.046847669024242686,,
lamf-test-fb5bb86a-097c-4cce-b52f-faf7de14091c,"{<resource_manager.instance.OnPremInstance object at 0x11c06f770>: [(5, 54602.328, 56592.864), (2, 56592.864, None)]}",310.7135837098068,150622.81410123373,54602.328,22826.01237033952,2,21.532344681267986,54602.328,68718.98,True,40.93020312916647,54.80371543636647,13.873512307199995
lamf-test-ffa00229-4854-4a3b-9050-ac62a552280b,"{<resource_manager.instance.CloudOnDemandInstance object at 0x11c291a90>: [(1, 54632.328, None)], <resource_manager.instance.CloudOnDemandInstance object at 0x11c291590>: [(1, 54632.328, None), (1, 105383.4, None)]}",328.09484391630104,150668.63479038593,54632.328,22827.01237033952,3,64.32817704768422,55032.864,150684.03479038595,False,144.7156446707485,,
lamf-test-404b381d-5a0f-4cbc-ae4f-02ebbbeb7a4d,"{<resource_manager.instance.CloudReservedInstance object at 0x11c29c4d0>: [(2, 55062.864, None)], <resource_manager.instance.CloudReservedInstance object at 0x11c291450>: [(4, 55062.864, None)]}",54.32250531179826,37041.10581652011,55062.864,22828.01237033952,1,,55062.864,55078.263999999996,False,0.1397622125889907,,
lamf-test-1945932c-936e-4e58-b59b-8fc5fe0a5a90,"{<resource_manager.instance.OnPremInstance object at 0x11c06f770>: [(4, 55092.864, 58092.864), (1, 58092.864, None)]}",307.9539703217035,151109.82969649893,55092.864,23371.60481828352,1,31.713438284280173,55092.864,69006.81599999999,True,62.42423180469995,71.71813073589995,9.293898931199996
lamf-test-05011c3e-5178-4e8c-a944-565636c84b62,"{<resource_manager.instance.OnPremInstance object at 0x11c06f770>: [(2, 55122.864, 60312.864), (1, 60312.864, None)]}",311.6110618417853,150860.70375357257,55122.864,23372.70292750152,2,26.24358356619964,55122.864,81167.232,True,56.423130792738306,69.09179045353831,12.6686596608
lamf-test-01d3dab5-d631-4e94-b48f-123fd1e6d0ca,"{<resource_manager.instance.CloudReservedInstance object at 0x11c29c4d0>: [(2, 55152.864, None)], <resource_manager.instance.CloudReservedInstance object at 0x11c291450>: [(1, 55152.864, None)]}",62.28353144846482,37475.8168306878,55152.864,23376.21792046152,1,,55152.864,55168.263999999996,False,0.09994169391838441,,
lamf-test-e42daae1-319e-4d66-892f-ff458cefa185,"{<resource_manager.instance.CloudReservedInstance object at 0x11c29c4d0>: [(2, 55212.864, None)], <resource_manager.instance.CloudReservedInstance object at 0x11c291450>: [(3, 55212.864, 60953.4)], <resource_manager.instance.CloudOnDemandInstance object at 0x11c06fb60>: [(1, 87053.4, None), (1, 120593.4, None)], <resource_manager.instance.CloudOnDemandInstance object at 0x11c291590>: [(4, 120593.4, None)], <resource_manager.instance.CloudOnDemandInstance object at 0x11c096650>: [(2, 120593.4, None)]}",331.8539601540227,151057.90367616445,55212.864,23380.36447680852,3,241.63298805992844,55212.864,151073.30367616448,False,550.7049446210306,,
lamf-test-64767f79-cec9-4cb3-b8c5-46b3e86d20f8,"{<resource_manager.instance.OnPremInstance object at 0x11c06f770>: [(4, 55242.864, 57732.864), (1, 57732.864, None), (7, 84533.4, None)]}",283.87618715962776,150945.82989603328,55242.864,23383.27305514452,2,105.88663491976716,55242.864,96084.849,True,140.16575564189208,192.5579707586921,52.392215116800024
lamf-test-4f40bb80-4246-4e5c-807f-5b2f111e8553,"{<resource_manager.instance.OnPremInstance object at 0x11c06f770>: [(4, 55632.864, 59112.864), (1, 59112.864, None), (3, 87893.4, None)]}",300.28901978300945,150951.15164734767,55632.864,23386.01982950652,3,64.948720054757,55632.864,90081.94099999999,True,78.26405049813671,99.1340768181367,20.87002631999999
lamf-test-428fc4b3-a829-4902-849a-b2c3bb41b1dd,"{<resource_manager.instance.OnPremInstance object at 0x11c06f770>: [(6, 56472.864, None)]}",111.95659614535904,54499.74675651775,56472.864,23387.05849278852,3,,56472.864,56488.263999999996,False,0.14054300707272807,,
lamf-test-9638132b-b89e-4ce9-a020-504ebe7f7390,"{<resource_manager.instance.OnPremInstance object at 0x11c06f770>: [(3, 56532.864, None)]}",103.1682902438305,54351.19648878707,56532.864,23388.05849278852,2,,56532.864,56548.263999999996,False,0.049677043187284775,,
lamf-test-6ebb2b55-7f25-4fcc-998e-d62668ae8460,"{<resource_manager.instance.OnPremInstance object at 0x11c06f770>: [(6, 56592.864, None)]}",60.69367071554156,37729.07774853251,56592.864,23395.122668913522,2,,56592.864,56608.263999999996,False,0.06655648787942382,,
lamf-test-5704a2cc-027b-4370-a7eb-9804c4d8380a,"{<resource_manager.instance.OnPremInstance object at 0x11c06f770>: [(5, 56622.864, 62093.4), (1, 62093.4, None), (3, 65093.4, None), (6, 67283.4, None)]}",328.518781280289,150895.18899909308,56622.864,23396.122668913522,3,96.90878393794199,56622.864,71597.094,True,125.10399269906458,158.4644385710646,33.360445872
lamf-test-4bdc3b38-4b50-41c5-90d1-8319dfa6ef3f,"{<resource_manager.instance.OnPremInstance object at 0x11c06f770>: [(5, 56652.864, None)]}",321.16833722466623,151244.02032644447,56652.864,23401.84250791652,2,,56652.864,71547.634,True,59.60586451436764,89.81245807436764,30.206593560000005
lamf-test-cbaeac35-da39-4580-bb48-6f69d435e1ef,"{<resource_manager.instance.OnPremInstance object at 0x11c06f770>: [(6, 56772.864, None)]}",59.97502759856391,37689.46219394812,56772.864,23414.61125401652,2,,56772.864,56788.263999999996,False,0.06655648787942382,,
lamf-test-faec5c90-186b-4555-954c-a8baf4f027a2,"{<resource_manager.instance.OnPremInstance object at 0x11c06f770>: [(4, 56832.864, None)]}",104.23072108364673,54633.82437356668,56832.864,23416.675932064518,3,,56832.864,56848.263999999996,False,0.09369533804848537,,
lamf-test-0967a8c1-fdb4-4be1-a916-cc022480b089,"{<resource_manager.instance.OnPremInstance object at 0x11c06f770>: [(2, 56862.864, None)]}",89.68473907463206,54408.13189259604,56862.864,23417.772555376017,1,,56862.864,56878.263999999996,False,0.08315461251803077,,
lamf-test-d392fb46-3ada-4299-920d-04b5ae462e49,"{<resource_manager.instance.OnPremInstance object at 0x11c06f770>: [(4, 56892.864, None)]}",53.88118833696197,37541.43397499088,56892.864,23418.772555376017,2,,56892.864,56908.263999999996,False,0.05608928259914327,,
lamf-test-b4f2a445-161d-42de-8bf2-99cedcdf1a1d,"{<resource_manager.instance.CloudReservedInstance object at 0x11c291450>: [(1, 56922.864, None), (1, 124193.4, None)], <resource_manager.instance.CloudOnDemandInstance object at 0x11c291590>: [(1, 56922.864, None)], <resource_manager.instance.CloudReservedInstance object at 0x11c0963f0>: [(1, 124193.4, None)]}",317.30210148260704,151198.19041691755,56922.864,23426.931187835016,2,171.71157128510856,56922.864,147168.4273548698,True,294.47356496776354,445.7833389756491,151.30977400788555
lamf-test-c7f36b6d-6d0e-497a-bed2-ab51e4200e00,"{<resource_manager.instance.OnPremInstance object at 0x11c06f770>: [(6, 56982.864, None)]}",67.30455789142538,37527.714700769146,56982.864,23428.498461872015,2,,56982.864,56998.263999999996,False,0.06655648787942382,,
lamf-test-902ad2da-a958-4f6f-a105-0cf09133c223,"{<resource_manager.instance.OnPremInstance object at 0x11c06f770>: [(4, 57012.864, 60012.864), (2, 60012.864, None)]}",319.6161610919672,151092.78230944087,57012.864,23430.735381977014,3,18.252338580880675,57012.864,70431.607,True,49.946742718077424,63.265627039677426,13.318884321600002
lamf-test-5c066d18-4f49-4722-a66a-a3c4e7ab30cb,"{<resource_manager.instance.OnPremInstance object at 0x11c06f770>: [(3, 57072.864, None)]}",105.95282638563052,55112.16866396256,57072.864,23974.114127300014,3,,57072.864,57088.263999999996,False,0.07027150353636404,,
lamf-test-03f57a47-31b2-463e-9964-32e1833cfbcd,"{<resource_manager.instance.OnPremInstance object at 0x11c06f770>: [(6, 57132.864, None)]}",98.51981663568804,55139.54707384396,57132.864,23975.114127300014,1,,57132.864,57148.263999999996,False,0.24243668720045594,,
lamf-test-b284ea68-a93a-41ac-9d3b-a2d0c0674e21,"{<resource_manager.instance.OnPremInstance object at 0x11c06f770>: [(2, 57192.864, None), (4, 71333.4, None)]}",312.0323931368153,151601.35188944795,57192.864,23979.539474994013,1,76.35394752452655,57192.864,72435.912,True,93.961942048825,108.11581805522499,14.1538760064
lamf-test-274e2f12-b4e9-499b-9b88-36da25e54e24,"{<resource_manager.instance.OnPremInstance object at 0x11c06f770>: [(5, 57732.864, 65183.4), (1, 65183.4, None), (3, 81563.4, None)]}",331.60036141298406,151727.53485398972,57732.864,23980.539474994013,1,144.1176308464522,57732.864,87403.47200000001,True,207.1863223058789,238.4146701266789,31.22834782080002
lamf-test-f483d0b8-ba08-4711-99f9-47af2ee222a5,"{<resource_manager.instance.OnPremInstance object at 0x11c06f770>: [(3, 57912.864, 59922.864), (1, 59922.864, None), (5, 70853.4, None)]}",312.7927875459608,151949.71504579252,57912.864,23982.196100170015,2,35.35650430654589,57912.864,85563.837,True,117.37849164789637,160.05700453269637,42.67851288480001
lamf-test-10d63afb-c09f-4af6-a622-71a25fae2fdf,"{<resource_manager.instance.OnPremInstance object at 0x11c06f770>: [(4, 57942.864, 60953.4), (1, 60953.4, None), (7, 92693.4, None)]}",310.7244065884292,151334.03295707025,57942.864,23983.196100170015,2,88.11791512589213,57942.864,97820.67599999999,True,109.41863924293246,143.81366201413243,34.39502277119999
lamf-test-5168b562-8a76-449b-98c0-cc2731c9ca3c,"{<resource_manager.instance.OnPremInstance object at 0x11c06f770>: [(2, 58092.864, None), (4, 65753.4, None)]}",309.5107801118846,151814.43728320822,58092.864,23987.381979038015,1,63.4039133013917,58092.864,70326.42823429972,True,114.39911667829807,131.74226499248988,17.3431483141918
lamf-test-ff254f04-4cb3-4cab-aa4a-5f045128d210,"{<resource_manager.instance.CloudReservedInstance object at 0x11c29c4d0>: [(1, 58212.864, None)], <resource_manager.instance.CloudReservedInstance object at 0x11c2916d0>: [(2, 58212.864, None)]}",110.15545315677929,55109.409182453324,58212.864,23988.381979038015,3,,58212.864,58228.263999999996,False,0.046847669024242686,,
lamf-test-bc23b10d-c69c-4408-9782-8739fbb3209f,"{<resource_manager.instance.CloudReservedInstance object at 0x11c29c4d0>: [(1, 58272.864, None), (1, 116693.4, None)], <resource_manager.instance.CloudReservedInstance object at 0x11c2916d0>: [(2, 58272.864, None)], <resource_manager.instance.CloudReservedInstance object at 0x11c291450>: [(1, 85523.4, None)]}",310.0193593332558,151631.91958423448,58272.864,23989.381979038015,1,362.75683808654645,58272.864,141873.3105743567,True,602.7661258893736,800.3638113656575,197.59768547628386
lamf-test-8ac2f925-7afc-41fe-bb28-31766fc5fb67,"{<resource_manager.instance.OnPremInstance object at 0x11c06f770>: [(2, 58302.864, None)]}",78.91788247204538,38044.3398130986,58302.864,23997.747553408015,1,,58302.864,58318.263999999996,False,0.08315461251803077,,
lamf-test-8af4e2ac-cf32-4cee-877b-e9f4b759f7f3,"{<resource_manager.instance.OnPremInstance object at 0x11c06f770>: [(4, 59022.864, 61013.4), (2, 61013.4, None)]}",289.77114078776196,151383.23365199313,59022.864,24008.470820989016,3,12.110645676477297,59022.864,65488.681,True,25.72470301924099,32.58449657284099,6.859793553599996
lamf-test-068fc1f2-6deb-41a2-ae15-564e581e4490,"{<resource_manager.instance.OnPremInstance object at 0x11c06f770>: [(3, 59112.864, 61613.4), (2, 61613.4, None), (4, 77513.4, None)]}",318.6864958169501,151372.19802224424,59112.864,24009.658638877016,1,105.82221309605289,59112.864,78615.09300000001,True,123.41712753821602,142.03893982781605,18.621812289600026
lamf-test-f3dda1e4-5862-4683-8e1d-465d2dca42c3,"{<resource_manager.instance.OnPremInstance object at 0x11c06f770>: [(4, 59172.864, 64733.4), (2, 64733.4, None)]}",305.16980399325007,151579.78194004996,59172.864,24010.658638877016,1,107.05411088295685,59172.864,90033.88999999998,True,195.39503338656925,224.94020448096924,29.545171094399986
lamf-test-9a44ea70-cb8b-427c-9af4-a87498aeb7c6,"{<resource_manager.instance.OnPremInstance object at 0x11c06f770>: [(2, 59202.864, None)]}",116.40460154918469,55380.17405691497,59202.864,24014.286789169517,3,,59202.864,59218.263999999996,False,0.046847669024242686,,
lamf-test-9bda5a96-e4e1-4b91-bbbb-1dacf1ed28b2,"{<resource_manager.instance.OnPremInstance object at 0x11c06f770>: [(6, 60012.864, 63983.4), (2, 63983.4, None), (4, 85343.4, None)]}",334.4551264679061,151811.41331212563,60012.864,24015.831400967018,3,126.1285512206251,60012.864,90740.90400000001,True,150.472644307552,190.59793845155204,40.12529414400003
lamf-test-e68a5a0e-948d-450e-bd18-14ba76978e62,"{<resource_manager.instance.OnPremInstance object at 0x11c06f770>: [(2, 60192.864, None)]}",61.643354936762066,38142.88947127476,60192.864,24018.981734504017,2,,60192.864,60208.263999999996,False,0.04186443429931751,,
lamf-test-72ac3048-5fdb-4c21-afcd-eed6fe82e6d1,"{<resource_manager.instance.OnPremInstance object at 0x11c06f770>: [(3, 60222.864, None)]}",305.99164294117367,151856.07316340305,60222.864,24025.780576607016,1,,60222.864,63712.426999999996,True,27.865549851699704,32.111650110099696,4.246100258399994
lamf-test-947624f9-c308-44e1-a082-5eef08d3ec8d,"{<resource_manager.instance.OnPremInstance object at 0x11c06f770>: [(4, 60252.864, None)]}",93.19634223972996,55318.22001573857,60252.864,24026.780576607016,2,,60252.864,60268.263999999996,False,0.05608928259914327,,
lamf-test-fd42a6f7-5546-4968-b0ee-4f887fda9461,"{<resource_manager.instance.OnPremInstance object at 0x11c06f770>: [(5, 60312.864, 65303.4), (2, 65303.4, None), (6, 77213.4, None)]}",313.44017426263486,151594.30047318147,60312.864,24030.416787717015,1,227.01290805384434,60312.864,87467.453,True,346.76397155677233,399.8185217391723,53.05455018239999
lamf-test-1e1b6610-69b2-4869-80ff-74a807042404,"{<resource_manager.instance.CloudOnDemandInstance object at 0x11c096650>: [(1, 60522.864, None)], <resource_manager.instance.CloudOnDemandInstance object at 0x11c291a90>: [(1, 60522.864, None)], <resource_manager.instance.CloudOnDemandInstance object at 0x11c291590>: [(2, 60522.864, None)], <resource_manager.instance.CloudOnDemandInstance object at 0x11c06fb60>: [(1, 60522.864, None)]}",310.82543279392,151989.77973854667,60522.864,24034.695540264016,3,170.05833447410447,60923.4,119373.08655506554,True,253.61973874720871,632.4727544632476,378.85301571603884
lamf-test-aba1aa4f-f6ce-4af2-b868-ea5768a9b8b8,"{<resource_manager.instance.OnPremInstance object at 0x11c06f770>: [(5, 60953.4, None)]}",55.6474329845016,38716.97898798557,60953.4,24577.014537504016,3,,60953.4,60968.799999999996,False,0.11711917256060674,,
lamf-test-b37b6ec3-b4f6-4505-b5ff-6313155b88e1,"{<resource_manager.instance.OnPremInstance object at 0x11c06f770>: [(5, 60983.4, None)]}",92.20096869554938,55901.995805068174,60983.4,24578.082117438014,2,,60983.4,60998.799999999996,False,0.06162769304399561,,
lamf-test-aa0c06ad-8e28-471d-8a21-4c2106849993,"{<resource_manager.instance.OnPremInstance object at 0x11c06f770>: [(4, 61013.4, 64013.4), (1, 64013.4, None), (3, 69983.4, None)]}",297.7430444733612,152615.35881674124,61013.4,24579.082117438014,1,170.65252110426647,61013.4,91421.917,True,280.03341805460497,322.103900035405,42.07048198080001
lamf-test-ea317cde-8e65-4009-bbcb-6720d6ab3fc4,"{<resource_manager.instance.OnPremInstance object at 0x11c06f770>: [(5, 61043.4, 64523.4), (2, 64523.4, None)]}",322.00845242777757,152410.97943442935,61043.4,24580.082117438014,2,13.926257908648427,61043.4,77426.097,True,49.00184952168122,66.52595732808122,17.524107806399993
lamf-test-d2030552-fada-4868-9884-3081a3d5e562,"{<resource_manager.instance.OnPremInstance object at 0x11c06f770>: [(4, 61073.4, None), (8, 72233.4, None)]}",335.70235460840024,152215.4774268734,61073.4,24582.077960435014,3,117.18001368925388,61073.4,77402.48526549147,True,162.24659394006798,205.5115497442681,43.26495580420011
lamf-test-8b57f8ca-98cc-4c1b-8aa2-5b91c1f45b09,"{<resource_manager.instance.OnPremInstance object at 0x11c06f770>: [(2, 61103.4, None)]}",306.9047417051023,152560.3312291001,61103.4,24583.767392198013,2,13.537979403290889,61103.4,82635.487,True,58.53432737266422,76.00115634706421,17.466828974399995
lamf-test-a13d6194-2358-4887-a070-b00cd35c865e,"{<resource_manager.instance.OnPremInstance object at 0x11c06f770>: [(3, 61133.4, 66113.4), (2, 66113.4, None)]}",302.61921821621866,152488.0291548817,61133.4,24585.270015749014,2,16.06439448524489,61133.4,76532.979,True,44.389704905518514,58.90173139031852,14.512026484800003
lamf-test-ca1797e6-b093-4c70-86e8-71ffe0d25cca,"{<resource_manager.instance.CloudReservedInstance object at 0x11c29c4d0>: [(2, 61163.4, None)], <resource_manager.instance.CloudReservedInstance object at 0x11c291450>: [(2, 61163.4, None)]}",87.62355008897632,55690.028133894026,61163.4,24586.270015749014,3,,61163.4,61178.799999999996,False,0.06246355869899025,,
lamf-test-7bd8b2d3-250f-4731-829c-d7a0653ffcb3,"{<resource_manager.instance.CloudReservedInstance object at 0x11c29c4d0>: [(2, 61223.4, None)], <resource_manager.instance.CloudReservedInstance object at 0x11c291450>: [(2, 61223.4, None)]}",301.8009690341694,152512.43149802,61223.4,24587.270015749014,3,30.298882044261887,61223.4,76353.79293138754,True,61.370012143433094,106.62804347979949,45.258031336366386
lamf-test-d11d15e3-c05e-424a-bab1-f5785ed94bc2,"{<resource_manager.instance.OnPremInstance object at 0x11c06f770>: [(4, 62093.4, None)]}",65.13660288894543,38724.33431522785,62093.4,24592.803669667013,1,,62093.4,62108.799999999996,False,0.16279564985924336,,
lamf-test-a7dc0f00-a53e-4f14-ba21-5c93f2b6c280,"{<resource_manager.instance.OnPremInstance object at 0x11c06f770>: [(4, 62183.4, 67163.4), (2, 67163.4, None), (4, 80573.4, None)]}",278.74097160023985,152214.39332138872,62183.4,24594.006056383012,2,87.2226791550125,62183.4,87824.808,True,100.71617257437674,137.32094308317676,36.60477050880001
lamf-test-88d97e0c-88fe-4c62-bc84-030e5f7776f1,"{<resource_manager.instance.OnPremInstance object at 0x11c06f770>: [(3, 63743.4, 68723.4), (2, 68723.4, None)]}",304.4592028444548,151780.7843089591,63743.4,24596.01521001401,1,39.76728268309371,63743.4,78647.77,True,93.3554087763328,107.4657217203328,14.110312944
lamf-test-2586faa0-8afe-4587-9352-3a45415e951c,"{<resource_manager.instance.OnPremInstance object at 0x11c06f770>: [(3, 63983.4, None)]}",52.1878736324701,38781.70159027025,63983.4,24598.031204743012,2,,63983.4,63998.799999999996,False,0.049677043187284775,,
lamf-test-096a164d-3416-42b7-999a-d92269a9a7ca,"{<resource_manager.instance.OnPremInstance object at 0x11c06f770>: [(6, 64043.4, None)]}",310.89137174012484,152774.18873024976,64043.4,24599.150525953013,3,133.05954825462004,64043.4,82799.54869371989,True,171.17178821555905,216.81675167659577,45.64496346103672
lamf-test-debb5ae3-8ca9-424a-a1fe-ae626817d5d4,"{<resource_manager.instance.OnPremInstance object at 0x11c06f770>: [(4, 64283.4, None)]}",50.08229655297103,38831.5360472229,64283.4,24605.683897450013,3,,64283.4,64298.799999999996,False,0.09369533804848537,,
lamf-test-9f4c8a2a-2fe4-4712-9592-1f90f46792d9,"{<resource_manager.instance.OnPremInstance object at 0x11c06f770>: [(5, 64733.4, 67733.4), (2, 67733.4, None)]}",322.9477688777042,152041.49380182102,64733.4,24611.989482511013,1,39.47068218115436,64733.4,79645.47,True,103.79169290440332,119.53876408840331,15.747071183999989
lamf-test-81195703-aa5f-481d-abd3-346d6a96d7d8,"{<resource_manager.instance.CloudReservedInstance object at 0x11c06fcb0>: [(1, 64763.4, None)], <resource_manager.instance.CloudOnDemandInstance object at 0x11c06fb60>: [(1, 64763.4, None)]}",57.90728747613712,38821.52966860333,64763.4,24618.564222904013,2,,64763.4,64778.799999999996,False,0.05266596585976721,,
lamf-test-292ff255-562b-496c-972f-f8340f6cddab,"{<resource_manager.instance.CloudReservedInstance object at 0x11c06fcb0>: [(1, 64823.4, None), (1, 122753.4, None)], <resource_manager.instance.CloudOnDemandInstance object at 0x11c06fb60>: [(1, 64823.4, None)]}",321.5271161172489,152365.90200266597,64823.4,24621.375617038015,1,395.16008821963646,64823.4,152381.302002666,False,399.6568905776319,,
lamf-test-3943f80b-7a33-4e35-a8a4-f3b6aa99c52d,"{<resource_manager.instance.OnPremInstance object at 0x11c06f770>: [(3, 65183.4, None)]}",31.751233670300554,38716.17779931237,65183.4,24624.592191703014,1,,65183.4,65198.799999999996,False,0.12297513118863707,,
lamf-test-03badbdc-4aa8-4cd2-98f8-bfe0e4080cef,"{<resource_manager.instance.OnPremInstance object at 0x11c06f770>: [(2, 65213.4, None)]}",46.039696363479905,38650.41441537585,65213.4,24626.193562756012,2,,65213.4,65228.799999999996,False,0.04186443429931751,,
lamf-test-e0a17229-9bf9-416c-a5a2-49e15e4b17e7,"{<resource_manager.instance.OnPremInstance object at 0x11c06f770>: [(2, 65303.4, None)]}",300.8789137634496,152855.02263299996,65303.4,24627.193562756012,3,7.574720511065458,65303.4,85357.56000000001,True,61.00588637919236,77.27382097119236,16.267934592000007
lamf-test-0b1411aa-7440-4517-bbd4-2bffa1461af4,"{<resource_manager.instance.OnPremInstance object at 0x11c06f770>: [(2, 65333.4, None)]}",54.09958144079154,38935.533204954256,65333.4,24631.08002014401,1,,65333.4,65348.799999999996,False,0.08315461251803077,,
lamf-test-8a7888d4-6626-4d18-8e7e-6823cdaffb96,"{<resource_manager.instance.OnPremInstance object at 0x11c06f770>: [(6, 65903.4, None)]}",94.8282048828368,55936.93942659547,65903.4,24632.08002014401,3,,65903.4,65918.79999999999,False,0.14054300707272807,,
lamf-test-8f5d07e8-2d0c-4ca5-874d-d1e790990809,"{<resource_manager.instance.OnPremInstance object at 0x11c06f770>: [(6, 65963.4, 67973.4), (1, 67973.4, None), (3, 73943.4, None), (8, 76673.4, None)]}",302.97405507839164,152450.8753713989,65963.4,24633.08002014401,1,274.8642482318047,65963.4,85785.60281086972,True,366.90307796278626,422.9961114838514,56.09303352106514
lamf-test-fd11e4ea-cdef-4f38-a062-f8e8f6529d33,"{<resource_manager.instance.OnPremInstance object at 0x11c06f770>: [(6, 67103.4, 71093.4), (2, 71093.4, None), (4, 81023.4, None)]}",323.9849795842166,152576.01693716366,67103.4,24634.48764245201,1,164.3440565822496,67103.4,87223.6752342997,True,215.45500031963948,248.30927012983125,32.85426981019178
lamf-test-8c42c6bf-e604-4e96-bc18-75bc6db194f5,"{<resource_manager.instance.OnPremInstance object at 0x11c06f770>: [(2, 67163.4, None)]}",304.5244415439068,152086.68832857566,67163.4,24635.48764245201,2,,67163.4,73136.70799999998,True,16.23825716335596,21.08380461295595,4.845547449599992
lamf-test-2ee801ff-df94-45c9-b634-a465808c37ee,"{<resource_manager.instance.OnPremInstance object at 0x11c06f770>: [(4, 68723.4, None)]}",44.045311418522864,38735.542723997016,68723.4,24636.48764245201,3,,68723.4,68738.79999999999,False,0.09369533804848537,,
lamf-test-c4cd6d33-84be-4a0d-a794-48962ad9461f,"{<resource_manager.instance.OnPremInstance object at 0x11c06f770>: [(4, 68843.4, None)]}",92.44374551049617,55879.087737086404,68843.4,24637.48764245201,1,,68843.4,68858.79999999999,False,0.16279564985924336,,
lamf-test-b19f4d76-0891-41df-b5fe-36ccd74b9a06,"{<resource_manager.instance.OnPremInstance object at 0x11c06f770>: [(3, 68903.4, None)]}",47.2527689810787,38742.11561787351,68903.4,24639.34497786701,3,,68903.4,68918.79999999999,False,0.07027150353636404,,
lamf-test-9953a2a0-1d7c-4068-bf98-538acafc2ac3,"{<resource_manager.instance.OnPremInstance object at 0x11c06f770>: [(6, 69023.4, 73013.4), (2, 73013.4, None), (6, 81953.4, None)]}",299.47595690366575,152036.49158692028,69023.4,24640.34497786701,2,70.06059507137077,69023.4,88647.45623429971,True,88.67559605937944,127.35866172843517,38.68306566905572
lamf-test-783eef72-16ea-4bd4-8850-a7549496bd66,"{<resource_manager.instance.OnPremInstance object at 0x11c06f770>: [(3, 69863.4, None)]}",99.85904399571011,55911.463424368696,69863.4,24642.322829501012,2,,69863.4,69878.79999999999,False,0.049677043187284775,,
lamf-test-59f36aea-6cbc-457b-81ba-431f79f73291,"{<resource_manager.instance.OnPremInstance object at 0x11c06f770>: [(2, 69923.4, None)]}",94.81833183066266,56510.17188525929,69923.4,25215.228002381013,3,,69923.4,69938.79999999999,False,0.046847669024242686,,
lamf-test-55529a16-b241-4348-bd90-45ddc000d26d,"{<resource_manager.instance.OnPremInstance object at 0x11c06f770>: [(3, 70403.4, None)]}",53.211716625419925,39344.3484929209,70403.4,25228.46742415101,2,,70403.4,70418.79999999999,False,0.049677043187284775,,
lamf-test-b86de886-591a-45ec-903b-6a80c96225dd,"{<resource_manager.instance.OnPremInstance object at 0x11c06f770>: [(6, 71663.4, None)]}",41.149547064693905,39777.26194703234,71663.4,25793.56890204801,3,,71663.4,71678.79999999999,False,0.14054300707272807,,
lamf-test-9805f54e-1cae-487c-b904-2cb93c2a7afb,"{<resource_manager.instance.OnPremInstance object at 0x11c06f770>: [(3, 71693.4, 76163.4), (1, 76163.4, None)]}",328.01417674151406,153439.7083436521,71693.4,25794.56890204801,3,20.396988364134153,71693.4,82125.889,True,29.46610236519887,37.32358390359887,7.8574815384
lamf-test-65e3ea29-e28c-4094-b1d4-e102c2738358,"{<resource_manager.instance.OnPremInstance object at 0x11c06f770>: [(3, 71723.4, None)]}",53.51848203740168,39915.77150164396,71723.4,25795.56890204801,1,,71723.4,71738.79999999999,False,0.12297513118863707,,
lamf-test-720b43f5-e992-4463-8b62-736d9e2ae936,"{<resource_manager.instance.OnPremInstance object at 0x11c06f770>: [(2, 71843.4, None)]}",92.64800719218381,56917.107628914106,71843.4,25815.98395351001,2,,71843.4,71858.79999999999,False,0.04186443429931751,,
lamf-test-ca0b2ac7-3ce2-4e8c-a6e1-096d01ef9a8a,"{<resource_manager.instance.OnPremInstance object at 0x11c06f770>: [(6, 71873.4, 76853.4), (2, 76853.4, None), (6, 81353.4, None)]}",322.6901850057595,153806.4629959709,71873.4,25836.633049084012,1,178.80903490759755,71873.4,88646.79969371988,True,256.8959704049074,296.3313217310897,39.43535132618227
lamf-test-47c1fe4b-c260-4538-9b53-fe9eeae00c5f,"{<resource_manager.instance.OnPremInstance object at 0x11c06f770>: [(2, 71903.4, None), (8, 86513.4, None)]}",307.40827687661385,154069.78211399057,71903.4,26387.352003520013,3,93.72575861282226,71903.4,91862.64299999998,True,125.80793976728248,159.35610137528244,33.548161607999944
lamf-test-18cbb634-7aef-4481-9ee7-fe1e8a16d0ba,"{<resource_manager.instance.OnPremInstance object at 0x11c06f770>: [(5, 73013.4, None)]}",52.226498354671556,40512.247057600216,73013.4,26392.212639001013,3,,73013.4,73028.79999999999,False,0.11711917256060674,,
lamf-test-6a7cd0bb-34c7-4263-9cc7-17fa07eb0a15,"{<resource_manager.instance.OnPremInstance object at 0x11c06f770>: [(4, 73103.4, 77093.4), (1, 77093.4, None), (9, 91973.4, None)]}",298.21973828332,153995.77792026172,73103.4,26403.025184476013,1,84.0497376226329,73103.4,92806.639,True,105.97541212259492,121.86373350659493,15.888321384000005
lamf-test-9293cd6c-713f-41c3-8b50-410b94532b8e,"{<resource_manager.instance.OnPremInstance object at 0x11c06f770>: [(4, 73163.4, 75653.4), (1, 75653.4, None), (5, 82613.4, None)]}",276.94819521132933,154200.556340209,73163.4,26409.282882220014,2,31.513626955216687,73163.4,94333.89181086973,True,93.87542374266513,129.2611646135977,35.38574087093258
lamf-test-2ef3ba74-0be9-4758-9e8b-663933377574,"{<resource_manager.instance.OnPremInstance object at 0x11c06f770>: [(4, 74003.4, 76493.4), (2, 76493.4, None), (10, 88403.4, None)]}",315.97195408362086,154380.26164247948,74003.4,26412.19459878401,3,95.18594569929272,74003.4,92097.12197064688,True,118.7993971370639,150.47864871259645,31.67925157553254
lamf-test-abc545e6-fca4-4495-82db-38cb26110a9d,"{<resource_manager.instance.OnPremInstance object at 0x11c06f770>: [(5, 74033.4, None)]}",106.90985136127853,57570.304576564224,74033.4,26420.736338662013,1,,74033.4,74048.79999999999,False,0.20261616852984965,,
lamf-test-72359355-373b-4aa6-9d80-111deeae4206,"{<resource_manager.instance.OnPremInstance object at 0x11c06f770>: [(4, 74123.4, 79103.4), (1, 79103.4, None), (9, 86063.4, None)]}",293.68085416171726,153884.42829884734,74123.4,26421.736338662013,3,182.79717088751994,74123.4,100050.94278907868,True,253.6397108385228,321.27571239102593,67.63600155250313
lamf-test-aa966776-8b52-45e3-81e8-3d502aee1701,"{<resource_manager.instance.OnPremInstance object at 0x11c06f770>: [(3, 74423.4, None), (5, 80903.4, None)]}",277.6854198628887,153940.17939589286,74423.4,26430.607994717513,1,86.6301619895049,74423.4,85789.73935398863,True,155.05379423597532,178.79385217179762,23.74005793582231
lamf-test-40afb271-d458-48d9-adbe-b89134d80114,"{<resource_manager.instance.OnPremInstance object at 0x11c06f770>: [(3, 74453.4, None)]}",57.83325208385016,40662.43871878286,74453.4,26432.402888948513,3,,74453.4,74468.79999999999,False,0.07027150353636404,,
lamf-test-f6c3e1ca-41d1-4659-a1c2-f6d7cca0c5e7,"{<resource_manager.instance.OnPremInstance object at 0x11c06f770>: [(2, 74543.4, 77543.4), (1, 77543.4, None)]}",330.89870791023526,154027.34903804664,74543.4,26433.402888948513,2,8.15540927909091,74543.4,89447.76999999999,True,32.30980988124843,39.57182235324842,7.2620124719999986
lamf-test-81297157-09b4-4bfd-81e5-a8bf0f0cf407,"{<resource_manager.instance.OnPremInstance object at 0x11c06f770>: [(6, 75083.4, None)]}",69.1210403049402,40673.13927654024,75083.4,26435.29356162951,3,,75083.4,75098.79999999999,False,0.14054300707272807,,
lamf-test-2744811c-a0e4-4a9d-a448-520fba53466a,"{<resource_manager.instance.OnPremInstance object at 0x11c06f770>: [(2, 75113.4, 76613.4), (1, 76613.4, None)]}",316.8459168651483,154415.73186665395,75113.4,26445.12419171151,2,4.077704639545455,75113.4,91488.397,True,34.259615693544234,41.509714476744236,7.250098783200001
lamf-test-ce4c822f-a3d7-44c8-9dba-10c2ea1d7fc0,"{<resource_manager.instance.OnPremInstance object at 0x11c06f770>: [(6, 75143.4, None)]}",86.88519768848549,58263.70314520236,75143.4,26985.443544069512,2,,75143.4,75158.79999999999,False,0.06655648787942382,,
lamf-test-5471ed7c-c241-4b43-b3db-c6a0ff681a3a,"{<resource_manager.instance.OnPremInstance object at 0x11c06f770>: [(2, 75173.4, None)]}",59.30424416492866,41164.00785931114,75173.4,26995.630770402513,2,,75173.4,75188.79999999999,False,0.04186443429931751,,
lamf-test-dc701733-214d-4503-9e86-a7c5623aa494,"{<resource_manager.instance.OnPremInstance object at 0x11c06f770>: [(2, 75203.4, None)]}",290.04127710324553,154804.10045292927,75203.4,27005.456147739515,2,9.460274763745455,75203.4,90808.379,True,42.42166351220627,55.08042247700628,12.658758964800006
lamf-test-9b9326a1-51bc-46fd-a2cb-1abf1c9c75f6,"{<resource_manager.instance.OnPremInstance object at 0x11c06f770>: [(5, 75233.4, None)]}",57.78982021342063,41268.631908543946,75233.4,27007.447071132516,1,,75233.4,75248.79999999999,False,0.20261616852984965,,
lamf-test-0111158b-0edf-40ea-8c3c-c453441d9f4b,"{<resource_manager.instance.OnPremInstance object at 0x11c06f770>: [(2, 75263.4, None), (10, 92843.4, None)]}",288.9103792556111,155192.78584332662,75263.4,27014.675161212515,3,137.25758612822267,75263.4,98239.57647798517,True,151.97219216035006,192.49735831399954,40.525166153649465
lamf-test-cb995d16-8bd4-4a69-981f-1cf758860367,"{<resource_manager.instance.CloudReservedInstance object at 0x11c096190>: [(3, 75293.4, None)], <resource_manager.instance.CloudOnDemandInstance object at 0x11c291a90>: [(1, 75293.4, None)], <resource_manager.instance.CloudOnDemandInstance object at 0x11c0962c0>: [(1, 75293.4, 100853.4)]}",320.1908267325743,154967.28759195574,75293.4,27028.318446789515,3,174.94866529774126,75293.4,100863.7900543218,False,175.00397777796988,,
lamf-test-b3a0db0a-ecb4-42b0-814b-3c34a8d7aaed,"{<resource_manager.instance.OnPremInstance object at 0x11c06f770>: [(4, 75383.4, None)]}",100.59507953151345,57957.51852748502,75383.4,27031.080436782515,2,,75383.4,75398.79999999999,False,0.05608928259914327,,
lamf-test-692078cb-d4fe-44db-acc1-5eececdc7c24,"{<resource_manager.instance.OnPremInstance object at 0x11c06f770>: [(3, 75413.4, 76913.4), (2, 76913.4, None), (4, 81383.4, None)]}",293.9568407519619,154779.04313911358,75413.4,27034.382174487513,2,67.17561119663137,75413.4,90288.59599999999,True,73.63289831224739,100.75584729784738,27.12294898559999
lamf-test-b3747e60-f13b-4587-ba76-a5026ef56274,"{<resource_manager.instance.OnPremInstance object at 0x11c06f770>: [(2, 75443.4, None)]}",92.20458272811517,60736.04187537433,75443.4,29392.70906711701,3,,75443.4,75458.79999999999,False,0.046847669024242686,,
lamf-test-ef36ad8e-1831-459d-b4cc-a917ad7c30ef,"{<resource_manager.instance.OnPremInstance object at 0x11c06f770>: [(5, 75473.4, None)]}",103.50768504869966,60682.23452614227,75473.4,29434.92131972151,1,,75473.4,75488.79999999999,False,0.20261616852984965,,
lamf-test-a7a41a4b-e265-4559-96d2-89c830b4e4f3,"{<resource_manager.instance.OnPremInstance object at 0x11c06f770>: [(5, 75563.4, None)]}",110.11661546722232,67222.20998377548,75563.4,36034.78037984151,3,,75563.4,75578.79999999999,False,0.11711917256060674,,
lamf-test-c609bf72-d17c-450a-8e65-16fe23e38281,"{<resource_manager.instance.OnPremInstance object at 0x11c06f770>: [(2, 75623.4, None), (6, 81323.4, None)]}",326.56864801291823,164046.21138245627,75623.4,36041.51581483851,3,106.41113392653432,75623.4,93300.39865772966,True,163.07854477426014,206.56535001886135,43.48680524460122
