,instances,budget,deadline,sched_start_time,submit_time,software_id,license_cost,exec_start_time,finish_time,complete,cost,hardware_cost
lamf-test-ce4837ee-c9b5-4728-816b-793fbe63012e,"{<resource_manager.instance.OnPremInstance object at 0x125e07770>: [(5, 30, None)]}",64.81020493737797,14109.368596154949,30,1.0,1,42.79413993459578,30,3282.602,True,49.39041679059578,6.596276855999999
lamf-test-fdbe52b3-5ac4-4817-bbd7-3ee39ada2008,"{<resource_manager.instance.OnPremInstance object at 0x125e07770>: [(3, 60, None)]}",309.54978900857253,127490.96018419911,60,5.722515118,1,147.8987063042335,60,18581.143706613013,True,170.43523396644022,22.536527662206716
lamf-test-312a25ed-966e-4a84-89af-21712bfc7175,"{<resource_manager.instance.OnPremInstance object at 0x125e07770>: [(4, 1230.4, None)]}",330.5774711754339,128569.60891748981,1230.4,1211.653855447,1,105.04843866453723,1230.4,11167.68,True,121.17068173653723,16.122243072
lamf-test-6d60a076-8aec-42f5-ae5c-3923b3793c72,"{<resource_manager.instance.OnPremInstance object at 0x125e07770>: [(5, 1260.4, None)]}",295.26855467250385,128862.86265507019,1260.4,1243.1939190970002,1,286.5502452657996,1260.4,23039.875,True,330.7190205657996,44.16877529999999
lamf-test-f42e0220-9054-4dba-814a-9d6b93e25e15,"{<resource_manager.instance.OnPremInstance object at 0x125e07770>: [(2, 6600.999999999999, None)]}",293.5168981771201,134384.81917330122,6600.999999999999,6597.975382642,3,42.998211270819056,6600.999999999999,20735.586999999996,True,54.46418824521905,11.465976974399997
lamf-test-c2212f64-c788-46d9-9572-57170e08d2ac,"{<resource_manager.instance.OnPremInstance object at 0x125e07770>: [(4, 6630.999999999999, None)]}",57.825321252479114,20766.851605830045,6630.999999999999,6604.108335457,3,9.453707506274235,6630.999999999999,8184.834999999998,True,11.974649410274234,2.5209419039999985
lamf-test-0aa73555-99c3-40be-a09f-6bf3df006265,"{<resource_manager.instance.OnPremInstance object at 0x125e07770>: [(6, 6660.999999999999, None)]}",310.4901833144852,134463.95899378197,6660.999999999999,6612.5409388,3,144.97091489847134,6660.999999999999,22546.188,True,183.62910841527133,38.6581935168
lamf-test-761a035c-9b31-431d-b128-35fe1a248496,"{<resource_manager.instance.OnPremInstance object at 0x125e07770>: [(4, 6690.999999999999, None)]}",281.9460745575701,134574.81536999362,6690.999999999999,6613.5409388,1,199.34844254315914,6690.999999999999,25548.788999999997,True,229.94331941675912,30.594876873599993
lamf-test-c947c209-c0e1-414b-aa78-1430406df6ae,"{<resource_manager.instance.OnPremInstance object at 0x125e07770>: [(2, 6721.199999999999, None)]}",91.00759406898061,37665.59767067864,6721.199999999999,6620.781171425,3,13.964900752908967,6721.199999999999,11311.812,True,17.688805207308967,3.723904454400001
lamf-test-1b5247ff-56d3-4066-aafc-ee4137f1169c,"{<resource_manager.instance.OnPremInstance object at 0x125e07770>: [(3, 6751.199999999999, None)]}",98.97570184637311,37984.662371797756,6751.199999999999,6627.8488785770005,3,28.664522016883403,6751.199999999999,13033.029999999997,True,36.3082527608834,7.643730743999998
lamf-test-a35e3102-219f-4336-95ce-4d87e6b5e69c,"{<resource_manager.instance.OnPremInstance object at 0x125e07770>: [(6, 6781.199999999999, None)]}",88.24903114605627,37837.27165412573,6781.199999999999,6628.8488785770005,3,43.506986082591844,6781.199999999999,11548.478000000001,True,55.10863382339185,11.601647740800006
lamf-test-8d2ae00d-f906-47ac-81a5-138a54772bef,"{<resource_manager.instance.OnPremInstance object at 0x125e07770>: [(2, 6811.199999999999, None)]}",310.3508838593914,134438.49135809144,6811.199999999999,6629.9554239300005,3,37.41882728724618,6811.199999999999,19111.704,True,47.39699613204618,9.978168844800003
lamf-test-b41bc5e6-51fb-4710-b8ea-caebbe600cb8,"{<resource_manager.instance.OnPremInstance object at 0x125e07770>: [(6, 7201.399999999999, None)]}",308.5846884800438,135296.03730140615,7201.399999999999,7195.8235452750005,2,23.82678615400664,7201.399999999999,12714.498999999998,True,37.24346388040664,13.4166777264
lamf-test-8a5bf643-d5be-430a-ac2f-d8a1f25fa6d3,"{<resource_manager.instance.OnPremInstance object at 0x125e07770>: [(3, 7231.399999999999, None)]}",322.3613792231315,134908.59606580634,7231.399999999999,7201.437201996,2,54.541219257718765,7231.399999999999,24139.306,True,75.11475927851876,20.573540020800003
lamf-test-cbef53e7-aa65-412f-b9a4-02aefd0bda1b,"{<resource_manager.instance.OnPremInstance object at 0x125e07770>: [(2, 7261.399999999999, None)]}",89.7921856815224,38468.551010611765,7261.399999999999,7219.8219828265,1,42.50612679065013,7261.399999999999,15133.414946059978,True,48.89190531489398,6.385778524243856
lamf-test-decf70b3-3bab-4cf4-b55a-9508b27560e7,"{<resource_manager.instance.OnPremInstance object at 0x125e07770>: [(3, 7291.399999999999, None)]}",317.6420201174764,134812.01668417765,7291.399999999999,7242.952527786,2,75.98659557741011,7291.399999999999,30847.423,True,104.64956436381011,28.662968786400004
lamf-test-1faee22d-4d95-436a-a021-6148365dd51b,"{<resource_manager.instance.OnPremInstance object at 0x125e07770>: [(2, 7801.999999999998, None)]}",300.8642397517245,135206.85777053112,7801.999999999998,7791.421413630001,3,86.71859152787282,7801.999999999998,36308.568999999996,True,109.84312030067281,23.124528772799998
lamf-test-585c2356-1279-476b-b41a-cbdb8ebd0ee3,"{<resource_manager.instance.OnPremInstance object at 0x125e07770>: [(4, 7831.999999999998, None)]}",290.6639501784463,135366.30714201092,7831.999999999998,7792.421413630001,2,72.34532614901644,7831.999999999998,27695.296,True,104.57153757941644,32.2262114304
lamf-test-17aa2292-304e-4763-ab73-533f31d66f3d,"{<resource_manager.instance.OnPremInstance object at 0x125e07770>: [(5, 7861.999999999998, None)]}",100.9864715008785,38993.603286729485,7861.999999999998,7823.8707967810005,2,14.09879944197868,7861.999999999998,11385.115999999998,True,21.24367868997868,7.144879248
lamf-test-17be3ad6-6cd4-4c64-93c6-3fc4d170d157,"{<resource_manager.instance.OnPremInstance object at 0x125e07770>: [(2, 7892.399999999998, None)]}",64.77903730143166,21801.91666906835,7892.399999999998,7827.544649653,2,11.930202988722614,7892.399999999998,12280.973,True,15.490213406322617,3.560010417600002
lamf-test-410c24b3-e037-404b-8fa3-3b9be7b4adaa,"{<resource_manager.instance.OnPremInstance object at 0x125e07770>: [(5, 7922.399999999998, None)]}",105.56808496111117,38992.56966272628,7922.399999999998,7835.912837602,3,17.616840941850672,7922.399999999998,10238.838415443943,True,22.31457804837099,4.69773710652032
lamf-test-dbfc6e86-f385-4c1b-a2d1-36902c12232e,"{<resource_manager.instance.OnPremInstance object at 0x125e07770>: [(2, 7952.399999999998, None)]}",332.81097832014945,135641.34798079403,7952.399999999998,7841.244388597,3,89.87380333105176,7952.399999999998,37496.16599999999,True,113.83970631025176,23.965902979199992
lamf-test-ee649544-0852-4484-9313-a2ec39aaf5e5,"{<resource_manager.instance.OnPremInstance object at 0x125e07770>: [(4, 8402.8, None)]}",94.51083597672981,39418.7047390159,8402.8,8388.352157881,1,57.8978923112024,8402.8,13879.774000000001,True,66.7837349288024,8.885842617600003
lamf-test-3e8d9edc-8d07-4ff0-a6aa-1b9473f39dae,"{<resource_manager.instance.OnPremInstance object at 0x125e07770>: [(5, 8432.8, None)]}",46.55013787044631,22586.223486765382,8432.8,8399.345627085999,1,47.933807666947914,8432.8,12076.046456720798,True,55.32231148117769,7.38850381422978
lamf-test-8daeea4f-cbbf-4fb6-b9f3-5857c1ab865e,"{<resource_manager.instance.OnPremInstance object at 0x125e07770>: [(4, 8462.8, None)]}",56.56222725445129,22622.132605523417,8462.8,8401.743503139998,1,23.049871918497335,8462.8,10643.251552923175,True,26.587436517959894,3.53756459946256
lamf-test-665b3cd3-6953-4941-a220-b425974f248a,"{<resource_manager.instance.OnPremInstance object at 0x125e07770>: [(3, 8492.8, None)]}",295.24467469152273,135976.67945166928,8492.8,8402.743503139998,3,66.73310974218572,8492.8,23117.361,True,84.52827556698571,17.7951658248
lamf-test-7b6d3b7a-f2bc-4206-bf5c-c8e1aaff27be,"{<resource_manager.instance.OnPremInstance object at 0x125e07770>: [(3, 8522.8, None)]}",57.77199384513077,22580.585711844462,8522.8,8403.743503139998,2,5.536632268723969,8522.8,10239.169000000002,True,7.6251100679239725,2.088477799200003
lamf-test-e86f1528-c4b7-428d-9220-137c2eee5f81,"{<resource_manager.instance.OnPremInstance object at 0x125e07770>: [(5, 8553.0, None)]}",291.443531643958,136368.49964710005,8553.0,8429.471154392999,2,107.06802012699907,8553.0,35307.977,True,161.32711348299907,54.259093355999994
lamf-test-905b51bb-7f4b-480b-babc-216c95cb3e5c,"{<resource_manager.instance.OnPremInstance object at 0x125e07770>: [(4, 8583.400000000001, None)]}",76.07511246679637,22567.50393198815,8583.400000000001,8430.592549157998,3,16.207888052323376,8583.400000000001,11247.369000000002,True,20.52991135792338,4.322023305600002
lamf-test-d53de693-fd3a-47ec-b96e-28dcf292d471,"{<resource_manager.instance.OnPremInstance object at 0x125e07770>: [(4, 8613.600000000002, None)]}",82.04480128359563,39597.49346561921,8613.600000000002,8434.677201894,2,31.137513606936388,8613.600000000002,17162.786,True,45.00771297333638,13.870199366399996
lamf-test-d608e81f-e921-488f-9511-ac29f6be8717,"{<resource_manager.instance.OnPremInstance object at 0x125e07770>: [(4, 8643.600000000002, None)]}",290.8535591080783,136475.0801479675,8643.600000000002,8440.93460676,3,54.372877024868814,8643.600000000002,17580.462000000003,True,68.87204193366881,14.499164908800001
lamf-test-794e981d-7b48-479b-88a9-08c76168b3f4,"{<resource_manager.instance.OnPremInstance object at 0x125e07770>: [(2, 8673.600000000002, None)]}",55.43753343799916,22619.844103168878,8673.600000000002,8442.104086542,3,12.831561335462773,8673.600000000002,12891.655000000002,True,16.253247551462774,3.4216862160000003
lamf-test-d89dd74a-ca32-43e3-9fdb-057b16e15c3a,"{<resource_manager.instance.OnPremInstance object at 0x125e07770>: [(2, 8703.600000000002, None)]}",52.589033620058174,22652.909054197014,8703.600000000002,8445.004419633,1,35.68629872994145,8703.600000000002,15312.602000000003,True,41.047521152341446,5.3612224224
lamf-test-9d73df9e-a4e9-43ed-b3cd-731892da568c,"{<resource_manager.instance.OnPremInstance object at 0x125e07770>: [(6, 8733.600000000002, None)]}",116.24356079750007,39562.754833242834,8733.600000000002,8446.904054424,3,27.706885694729635,8733.600000000002,11769.582000000002,True,35.09525148992964,7.3883657952
lamf-test-700b88cb-1fe1-443f-85f3-4e83586778d7,"{<resource_manager.instance.OnPremInstance object at 0x125e07770>: [(2, 9004.000000000004, None)]}",323.88597973304996,136269.4743586017,9004.000000000004,8991.711739647,1,170.9473463381246,9004.000000000004,40662.967000000004,True,196.62910036852458,25.6817540304
lamf-test-cacf2328-5a7f-4177-ad3a-d6767db7f233,"{<resource_manager.instance.OnPremInstance object at 0x125e07770>: [(5, 9034.000000000004, None)]}",299.34289693362723,136925.71011466853,9034.000000000004,9001.219654569,2,48.86028787788775,9034.000000000004,21243.583000000002,True,73.62132220188775,24.761034323999997
lamf-test-76901c5b-cc70-4a21-8b6a-aa4aa3dedd24,"{<resource_manager.instance.CloudReservedInstance object at 0x126144290>: [(2, 9064.200000000004, None)]}",295.82083300729096,136305.97884283666,9064.200000000004,9002.219654569,2,37.31412516886483,9064.200000000004,22790.350543246903,True,67.30301887575065,29.988893706885822
lamf-test-c0570041-d32e-4e8b-8d2d-a250dfe399fc,"{<resource_manager.instance.CloudReservedInstance object at 0x126144290>: [(4, 9094.200000000004, None)], <resource_manager.instance.CloudReservedInstance object at 0x12613d450>: [(1, 9094.200000000004, None)]}",309.1917473885502,136839.07745354206,9094.200000000004,9007.097642524,1,660.1897459599734,9094.200000000004,63690.64634985969,True,917.0551067467932,256.86536078681985
lamf-test-ca7252f0-85f2-4005-896c-fb17b2f26952,"{<resource_manager.instance.CloudReservedInstance object at 0x12613d450>: [(5, 9124.200000000004, None)], <resource_manager.instance.CloudReservedInstance object at 0x12613d1d0>: [(1, 9124.200000000004, None)]}",304.02222934164064,137004.75175536273,9124.200000000004,9008.097642524,1,819.368987898312,9124.200000000004,114406.44255903816,True,1038.271826627064,218.90283872875216
lamf-test-0ae28a41-e363-4bde-bdce-50f826df3b42,"{<resource_manager.instance.CloudReservedInstance object at 0x12613d1d0>: [(4, 9154.400000000005, None)]}",87.69850691765791,40296.67335141923,9154.400000000005,9018.880958990001,3,40.257230289436386,9154.400000000005,29004.73704034247,True,72.27185386810072,32.01462357866433
lamf-test-9da27dae-e6dc-4f47-b706-a6e8a3713464,"{<resource_manager.instance.CloudReservedInstance object at 0x12613d1d0>: [(1, 9184.400000000005, None)], <resource_manager.instance.CloudReservedInstance object at 0x125e262c0>: [(5, 9184.400000000005, None)]}",296.9549680882063,136784.71448450073,9184.400000000005,9020.063263232001,3,151.1980422479534,9184.400000000005,27822.866164234438,True,213.39833153123655,62.20028928328315
lamf-test-50c28631-c9b3-47d9-9e36-b5f64438ea4d,"{<resource_manager.instance.CloudReservedInstance object at 0x125e262c0>: [(1, 9214.600000000006, None)], <resource_manager.instance.CloudReservedInstance object at 0x125e07cb0>: [(5, 9214.600000000006, None)]}",57.792712238435485,22911.803987589337,9214.600000000006,9021.063263232001,3,28.723151608941762,9214.600000000006,13572.454467376643,True,47.020910946562786,18.297759337621024
lamf-test-6ea3ccb6-5ec7-474a-bd76-4c0b7e74a8fd,"{<resource_manager.instance.OnPremInstance object at 0x125e07770>: [(4, 9244.800000000007, None)]}",318.43627200467716,136518.17369149567,9244.800000000007,9022.4315261365,3,22.48517149593124,9244.800000000007,12940.519000000006,True,28.481106001531238,5.995934505599998
lamf-test-f6a7b87b-3fe2-4927-871e-a0cac1bfa236,"{<resource_manager.instance.CloudReservedInstance object at 0x125e07cb0>: [(1, 9274.800000000007, None)], <resource_manager.instance.CloudReservedInstance object at 0x125e26520>: [(1, 9274.800000000007, None)], <resource_manager.instance.CloudOnDemandInstance object at 0x125e26780>: [(1, 9274.800000000007, None)]}",80.84812600328213,40329.54171280226,9274.800000000007,9023.4315261365,3,85.80922026718582,9274.800000000007,35312.61778368985,True,191.12177807509778,105.31255780791194
lamf-test-01aed4d0-4ac3-4934-b29d-300b9eb1cf38,"{<resource_manager.instance.CloudOnDemandInstance object at 0x125e26780>: [(6, 9304.800000000007, None)]}",48.38806555130056,23391.92160368257,9304.800000000007,9028.330372857501,3,66.43284543952069,9705.336000000007,16584.179039035487,True,163.82220172696856,97.38935628744788
lamf-test-f035cec5-13b9-4feb-9d16-93fce26c2cc2,"{<resource_manager.instance.CloudOnDemandInstance object at 0x125e26780>: [(3, 9737.136000000013, None)]}",59.50673849065216,23251.299795336294,9737.136000000013,9044.2904630675,2,43.64342369911032,10137.672000000013,23266.699795336295,False,,
lamf-test-7dc86417-03bf-4f7d-b2cc-4f303d7c708b,"{<resource_manager.instance.OnPremInstance object at 0x125e07770>: [(4, 10169.67200000002, None)]}",122.20824587768153,40936.09717389992,10169.67200000002,9597.4393023425,2,11.235142216924821,10169.67200000002,13254.418000000021,True,16.239834127324823,5.004691910400002
lamf-test-6e11c3c3-b9bf-4aa2-897f-6c03a891a9cd,"{<resource_manager.instance.OnPremInstance object at 0x125e07770>: [(5, 10199.67200000002, None)]}",323.10613238146993,137233.03306148696,10199.67200000002,9598.4393023425,3,116.25162369761959,10199.67200000002,25485.59800000002,True,147.2514816256196,30.999857927999997
lamf-test-c5a6ffed-1196-4516-a2cc-67f21c8eb5f5,"{<resource_manager.instance.CloudOnDemandInstance object at 0x125e26780>: [(2, 10229.67200000002, None)]}",321.906162634098,137302.50372960232,10229.67200000002,9603.1528187445,2,78.42657999860668,10630.20800000002,39079.2038805198,True,207.0839523729727,128.65737237436602
lamf-test-6718dd63-82fd-49d3-b154-c2385c7724e4,"{<resource_manager.instance.OnPremInstance object at 0x125e07770>: [(4, 10660.808000000023, None)]}",53.92864783453742,23711.345541692797,10660.808000000023,9608.5863999315,1,44.539716404289315,10660.808000000023,14874.137000000024,True,51.37542137388932,6.835704969600003
lamf-test-93fc33e5-0604-48d1-8efe-1dfc9145e379,"{<resource_manager.instance.OnPremInstance object at 0x125e07770>: [(5, 10690.808000000023, None)]}",318.63019504491797,137329.46607215752,10690.808000000023,9614.2350289155,1,50.807188379344424,10690.808000000023,14552.448000000022,True,58.63859429934442,7.831405919999998
lamf-test-561c40aa-4fd2-4142-aa20-b41c53e185e4,"{<resource_manager.instance.OnPremInstance object at 0x125e07770>: [(2, 10720.808000000023, None)]}",92.22367706149063,40897.88948871262,10720.808000000023,9620.6342947665,2,13.299446814500142,10720.808000000023,15613.062830887913,True,17.2680439333164,3.9685971188162568
lamf-test-d81c27cf-4838-43c5-ac8d-f0f7d5a86a71,"{<resource_manager.instance.CloudReservedInstance object at 0x125e07cb0>: [(4, 10751.208000000024, None)]}",313.16578296695053,137332.73492661316,10751.208000000024,9621.6342947665,3,298.3794151994368,10751.208000000024,84314.78794607618,True,510.9487358116184,212.56932061218163
lamf-test-92b10550-cff6-47f7-a077-4b4db1587046,"{<resource_manager.instance.CloudOnDemandInstance object at 0x12613d810>: [(4, 10781.408000000025, None)]}",81.64667311738593,40756.5333448032,10781.408000000025,9624.3987384955,2,36.428266343124534,11181.944000000025,24181.691822611032,False,,
lamf-test-29b14cf4-c2e0-462e-a5b2-16a34ab23f1f,"{<resource_manager.instance.CloudOnDemandInstance object at 0x12613d810>: [(2, 11212.544000000027, None)]}",89.42960233211319,40705.80903989946,11212.544000000027,9625.3987384955,3,44.88351211483677,11613.080000000027,40721.20903989946,False,,
lamf-test-0ee3ab93-6383-46f5-aeca-265dafdbd84c,"{<resource_manager.instance.OnPremInstance object at 0x125e07770>: [(5, 11643.88000000003, None)]}",39.66592451958817,23756.71575790774,11643.88000000003,9627.8110954265,3,19.37399041752225,11643.88000000003,14191.36600000003,True,24.540292025522252,5.166301608000001
lamf-test-3484ce7d-9fee-4f95-9c2d-f871cc58413f,"{<resource_manager.instance.CloudOnDemandInstance object at 0x12613d810>: [(3, 11674.08000000003, None)]}",280.48808000057255,137360.60979185364,11674.08000000003,9630.9063477155,3,282.8437616774326,12074.61600000003,135644.50074321876,False,,
lamf-test-0ab21652-7e84-40ef-afc1-d04cb7c18425,"{<resource_manager.instance.CloudOnDemandInstance object at 0x12613d810>: [(2, 12105.216000000033, None)]}",99.9394489602227,40900.57266588001,12105.216000000033,9631.9063477155,3,40.31079419761503,12505.752000000033,38607.54764522204,True,78.51655549736708,38.20576129975204
lamf-test-107c896d-ee0f-4ca2-89f1-19c67b8002a2,"{<resource_manager.instance.OnPremInstance object at 0x125e07770>: [(2, 12536.552000000036, None)]}",98.1671155759394,40860.59514534923,12536.552000000036,9632.965863602,3,6.413756179177126,12536.552000000036,14644.914000000037,True,8.124059433577127,1.7103032544000007
lamf-test-34f82a8b-288c-437f-910d-553d4a2c7dfc,"{<resource_manager.instance.OnPremInstance object at 0x125e07770>: [(2, 12566.952000000038, None)]}",332.1651620956545,137428.34187338402,12566.952000000038,9633.965863602,1,51.214445281009965,12566.952000000038,22051.723000000038,True,58.90849151620996,7.6940462352
lamf-test-aa879c60-c521-40a2-972a-cf0714098824,"{<resource_manager.instance.OnPremInstance object at 0x125e07770>: [(2, 12596.952000000038, None)]}",56.99333448866139,23853.00248262792,12596.952000000038,9635.628304893,2,20.116999719658978,12596.952000000038,19997.071000000036,True,26.119976252458976,6.002976532799999
lamf-test-cfb32c98-2421-4b31-9da7-090b5212bb9a,"{<resource_manager.instance.CloudReservedInstance object at 0x12613d1d0>: [(1, 12627.152000000038, None)], <resource_manager.instance.CloudOnDemandInstance object at 0x12613d810>: [(1, 12627.152000000038, None)], <resource_manager.instance.CloudOnDemandInstance object at 0x12613d310>: [(4, 12627.152000000038, None)]}",311.65623815536327,137147.95988808534,12627.152000000038,9637.994618832,1,782.9487554502285,12627.152000000038,137163.35988808537,False,,
lamf-test-2e0bd3ff-93cb-46df-ab43-ee2f13d4c7e1,"{<resource_manager.instance.OnPremInstance object at 0x125e07770>: [(3, 12657.152000000038, None)]}",316.2487464140096,137342.27065285796,12657.152000000038,9638.994618832,1,75.38032968286562,12657.152000000038,22096.92300000004,True,86.86664303566562,11.486313352800002
lamf-test-75f66efa-1a77-47ea-a0c6-c0317f11e7c2,"{<resource_manager.instance.CloudOnDemandInstance object at 0x12613d310>: [(5, 12687.352000000039, None)]}",323.850834844211,137699.13586559615,12687.352000000039,9643.803631525,3,251.66115717403724,13087.888000000039,111960.12867044251,False,,
lamf-test-c1ff5343-c068-4179-8505-1de35f1c5237,"{<resource_manager.instance.OnPremInstance object at 0x125e07770>: [(4, 13118.08800000004, None)]}",328.6266875432299,137319.5545468965,13118.08800000004,9644.803631525,2,98.42446058419806,13118.08800000004,40141.73000000004,True,142.26761736499805,43.8431567808
lamf-test-c8383b87-eaaf-4727-8a38-364a265a9c1b,"{<resource_manager.instance.OnPremInstance object at 0x125e07770>: [(2, 13148.28800000004, None)]}",87.74670802746411,40665.59910524629,13148.28800000004,9650.452950313998,2,34.888509242640225,13148.28800000004,25982.16600000004,True,45.29935107624023,10.410841833600001
lamf-test-a5bf6748-f8d5-4a59-badc-d9816f45493a,"{<resource_manager.instance.OnPremInstance object at 0x125e07770>: [(2, 13178.488000000041, None)]}",54.40376906069801,23809.738040631564,13178.488000000041,9653.348434534999,2,23.744607321091415,13178.488000000041,21913.037000000044,True,30.830073469891417,7.085466148800002
lamf-test-9d2ced27-20c6-49c1-84d1-76444fddb91f,"{<resource_manager.instance.OnPremInstance object at 0x125e07770>: [(3, 13208.488000000041, None)]}",313.4023701696379,137317.26121590397,13208.488000000041,9654.348434534999,2,40.96733494593893,13208.488000000041,25908.458000000042,True,56.42065844193893,15.453323496000003
lamf-test-6323d458-f602-48c5-98a5-f5c1a1584292,"{<resource_manager.instance.OnPremInstance object at 0x125e07770>: [(5, 13238.488000000041, None)]}",313.6595923894348,138163.82554486787,13238.488000000041,10196.506084125,1,104.55052186478058,13238.488000000041,21184.93200000004,True,120.66591029678058,16.115388432
lamf-test-48feb4fc-2742-45dc-808f-e652fe900563,"{<resource_manager.instance.OnPremInstance object at 0x125e07770>: [(3, 13268.688000000042, None)]}",41.254966979320166,24165.925914705847,13268.688000000042,10200.994361484,1,28.234587040839624,13268.688000000042,16804.465000000044,True,32.53692049443963,4.302333453600003
lamf-test-bbc839c8-f836-4f9a-a8e0-6cb8342496f2,"{<resource_manager.instance.OnPremInstance object at 0x125e07770>: [(3, 13298.688000000042, None)]}",114.4912360012796,41432.76125634537,13298.688000000042,10205.213077071,3,26.626347250741503,13298.688000000042,19133.852000000043,True,33.7265748059415,7.100227555200001
lamf-test-d4b58a16-b6c8-4064-88b0-a3ec8e4212ba,"{<resource_manager.instance.OnPremInstance object at 0x125e07770>: [(2, 13328.688000000042, None)]}",56.907858453854786,24580.66236320693,13328.688000000042,10206.213077071,2,11.157529610454182,13328.688000000042,17433.030000000042,True,14.486971840854181,3.3294422304
lamf-test-26bbd872-e5de-48b0-8f8f-e6417ce7af20,"{<resource_manager.instance.OnPremInstance object at 0x125e07770>: [(2, 13358.688000000042, None)]}",298.1380358381042,137447.18715009018,13358.688000000042,10207.344083359,2,78.0829140948589,13358.688000000042,42081.801000000036,True,101.38310336045889,23.300189265599993
lamf-test-032ba352-18f7-47d0-a6f0-b7f2f4956a0a,"{<resource_manager.instance.OnPremInstance object at 0x125e07770>: [(6, 13388.888000000043, None)]}",307.62274626708137,138198.28381095568,13388.888000000043,10210.328090698,3,45.49568788501025,13388.888000000043,18374.07800000004,True,57.62764626901024,12.131958383999997
lamf-test-05c2e1a5-42c3-4e97-863b-94fa07e33793,"{<resource_manager.instance.OnPremInstance object at 0x125e07770>: [(4, 13419.088000000043, None)]}",91.04820322006628,41484.780072946785,13419.088000000043,10211.328090698,2,45.06055622652698,13419.088000000043,25791.01600000004,True,65.13277221372697,20.072215987199993
lamf-test-d2eb5728-b98d-4dc8-9b54-d5b61be5f0ce,"{<resource_manager.instance.CloudOnDemandInstance object at 0x12613d310>: [(2, 13449.088000000043, None)], <resource_manager.instance.CloudOnDemandInstance object at 0x125e263f0>: [(2, 13449.088000000043, None)]}",294.31398108778467,137837.62733909697,13449.088000000043,10212.328090698,2,550.9108672771316,13849.624000000043,137853.027339097,False,,
lamf-test-3058457a-d1e2-4d92-baae-1c4c74ce602b,"{<resource_manager.instance.CloudReservedInstance object at 0x125e262c0>: [(1, 13880.424000000046, None)], <resource_manager.instance.CloudReservedInstance object at 0x125e07cb0>: [(1, 13880.424000000046, None)], <resource_manager.instance.CloudOnDemandInstance object at 0x125e263f0>: [(3, 13880.424000000046, None)]}",296.32729201787157,138005.584375408,13880.424000000046,10221.1186609175,2,864.608269299973,13880.424000000046,138020.98437540804,False,,
lamf-test-7a641bba-d417-49ff-88d9-3fe54ccc21c1,"{<resource_manager.instance.CloudOnDemandInstance object at 0x125e263f0>: [(5, 13910.424000000046, None)]}",72.4727596207448,24382.275956767255,13910.424000000046,10225.3300224905,1,74.51195718265807,14310.960000000046,19573.763450836872,True,112.96036871438928,38.44841153173121
lamf-test-3babe4ac-4db5-41c5-ad0c-7fee914c7ec7,"{<resource_manager.instance.OnPremInstance object at 0x125e07770>: [(3, 14342.360000000052, None)]}",293.72278396528714,137997.27429367474,14342.360000000052,10226.3300224905,2,61.08612453669763,14342.360000000052,33279.20200000005,True,84.12847388229763,23.042349345599998
lamf-test-efb02442-ed88-49c8-bf51-dea5e65f914e,"{<resource_manager.instance.OnPremInstance object at 0x125e07770>: [(2, 14372.360000000052, None)]}",304.7860416350407,138169.3536921146,14372.360000000052,10229.1800682705,3,134.48171267777013,14372.360000000052,58579.86100000005,True,170.34283748897013,35.8611248112
lamf-test-a3da9951-7484-4541-a43a-d268b07d7f2b,"{<resource_manager.instance.CloudOnDemandInstance object at 0x125e263f0>: [(1, 14402.360000000052, None)], <resource_manager.instance.CloudOnDemandInstance object at 0x125e07b60>: [(3, 14402.360000000052, None)]}",322.8627978188001,137928.34111902345,14402.360000000052,10230.1800682705,2,581.6204648881221,14802.896000000052,136913.09292620426,True,1373.3583274970094,791.7378626088873
lamf-test-a4d8ead1-b39f-46fe-9cfa-58d32f343ff0,"{<resource_manager.instance.OnPremInstance object at 0x125e07770>: [(4, 14834.496000000057, None)]}",84.41713409588449,41429.178049275666,14834.496000000057,10231.285490357499,1,79.13147691839684,14834.496000000057,22320.106000000058,True,91.27613058239685,12.144653664000002
lamf-test-1393ec0f-c39a-48b5-8afc-5e45c5c5f7c7,"{<resource_manager.instance.OnPremInstance object at 0x125e07770>: [(6, 14864.496000000057, None)]}",354.69102159935267,137860.63146971463,14864.496000000057,10244.556626027499,3,63.73466575404972,14864.496000000057,21848.222000000056,True,80.73026134764972,16.995595593599997
lamf-test-98a6ab80-499b-4f3a-95f7-4dd7df820566,"{<resource_manager.instance.OnPremInstance object at 0x125e07770>: [(2, 14894.496000000057, None)]}",105.87093398460661,41421.036219965565,14894.496000000057,10247.541587066498,1,45.12571876188302,14894.496000000057,23251.652000000056,True,51.90504370908302,6.779324947199999
lamf-test-0b319882-7fad-4ae3-8912-b51a1940b68d,"{<resource_manager.instance.OnPremInstance object at 0x125e07770>: [(2, 14924.496000000057, None)]}",309.96889456321867,138264.32073361572,14924.496000000057,10253.0715754855,3,117.64288995360863,14924.496000000057,53596.65500000006,True,149.01374533440864,31.3708553808
lamf-test-151fcd56-358d-466c-9e97-a24b8c315d14,"{<resource_manager.instance.OnPremInstance object at 0x125e07770>: [(4, 14954.496000000057, None)]}",286.90020368365816,137535.61287070127,14954.496000000057,10256.7676341295,1,121.28600448703324,14954.496000000057,26427.803000000058,True,139.90029776383324,18.6142932768
lamf-test-0479ea03-d843-4f1c-b0bd-6f829a2c5a10,"{<resource_manager.instance.CloudOnDemandInstance object at 0x125e07b60>: [(5, 14984.496000000057, None)]}",326.10114994784385,138557.98784399056,14984.496000000057,10802.2410076495,3,567.0851677491746,15385.032000000057,126833.5390610085,True,1518.6968261122345,951.6116583630599
lamf-test-724d0d5f-301b-4490-8457-7773ef64d695,"{<resource_manager.instance.OnPremInstance object at 0x125e07770>: [(5, 15415.432000000059, None)]}",109.55462846539683,41920.797236565864,15415.432000000059,10809.5620853275,2,9.797698697682115,15415.432000000059,17863.75600000006,True,14.762899769682116,4.965201072000001
lamf-test-2674780b-0edf-4613-bd86-e3e24ce33fcb,"{<resource_manager.instance.OnPremInstance object at 0x125e07770>: [(5, 15655.63200000006, None)]}",302.61464185285956,138308.61044531467,15655.63200000006,10826.515529840499,1,275.14588896494024,15655.63200000006,36568.310000000056,True,317.55679994894024,42.41091098399999
lamf-test-15ce12ce-cdd4-4322-97b9-e92908eec275,"{<resource_manager.instance.OnPremInstance object at 0x125e07770>: [(4, 15685.63200000006, None)]}",62.79223748275714,25097.53280101208,15685.63200000006,10827.515529840499,2,9.784283657661184,15685.63200000006,18372.027000000056,True,14.14269090566118,4.3584072479999945
lamf-test-6fdb4590-cea7-4d20-bffa-249d0757fa2a,"{<resource_manager.instance.OnPremInstance object at 0x125e07770>: [(6, 16377.432000000066, None)]}",88.08906902383775,41879.23836378216,16377.432000000066,10831.891833738498,1,133.64769472963718,16377.432000000066,24866.966000000062,True,154.30782467203716,20.66012994239999
lamf-test-e4ed1a21-f292-441c-946a-d7b9f0990c7d,"{<resource_manager.instance.OnPremInstance object at 0x125e07770>: [(2, 16407.432000000066, None)]}",297.2172710903451,138436.73255904418,16407.432000000066,10837.367236695498,1,195.17709392349227,16407.432000000066,52553.680000000066,True,224.49893030109226,29.3218363776
lamf-test-c777b76c-0cc3-4d24-b87d-dcc762dd2026,"{<resource_manager.instance.OnPremInstance object at 0x125e07770>: [(2, 16437.432000000066, None)]}",310.2741421688458,138994.83992823513,16437.432000000066,10840.908591942498,1,160.98376606586052,16437.432000000066,46251.172000000064,True,185.16867195386052,24.184905888
lamf-test-38f0df60-c850-46c3-8ecc-b21d5524ac44,"{<resource_manager.instance.CloudOnDemandInstance object at 0x125e26780>: [(6, 16648.03200000007, None)]}",82.2505270696069,42114.330344039496,16648.03200000007,10842.300549105497,3,113.83023532622681,17048.56800000007,29120.980035871373,False,,
lamf-test-ecaffeb0-92d2-4398-a844-9e4844c48df5,"{<resource_manager.instance.OnPremInstance object at 0x125e07770>: [(3, 17110.768000000076, None)]}",106.56838267415606,42008.73262298933,17110.768000000076,10847.644067466497,1,39.03744923568332,17110.768000000076,21999.372000000076,True,44.98590258288332,5.9484533472
lamf-test-3c60492c-5568-42f7-a13b-d4f3117a23dc,"{<resource_manager.instance.OnPremInstance object at 0x125e07770>: [(6, 17892.368000000082, None)]}",288.51703100665657,138599.39908650634,17892.368000000082,10856.638171797496,2,32.246337457351984,17892.368000000082,25353.603000000083,True,50.40399895335199,18.157661496000003
lamf-test-04f3f31f-b20f-4cb7-a3dd-c0c2f380b4cc,"{<resource_manager.instance.OnPremInstance object at 0x125e07770>: [(4, 18012.768000000084, None)]}",63.69847192731158,25500.088003594057,18012.768000000084,11401.292988372497,3,19.766485664309087,18012.768000000084,21261.637000000086,True,25.03745072990909,5.270965065600004
lamf-test-b6b347a8-b100-462f-bbd1-cdcde8345e59,"{<resource_manager.instance.OnPremInstance object at 0x125e07770>: [(4, 18162.968000000084, None)]}",310.4633474601291,139201.6318729148,18162.968000000084,11410.937933484498,1,244.34492759905697,18162.968000000084,41277.295000000086,True,281.84561172385696,37.5006841248
lamf-test-d4113937-9912-4267-ad39-f41249bcbcef,"{<resource_manager.instance.OnPremInstance object at 0x125e07770>: [(2, 18193.168000000085, None)]}",44.164232744169574,25736.32765804058,18193.168000000085,11414.689952615998,3,12.491690622861048,18193.168000000085,22299.499000000083,True,15.822746330061047,3.3310557071999987
lamf-test-198ba68c-5a75-4dd3-95a5-23cb4a91c31d,"{<resource_manager.instance.OnPremInstance object at 0x125e07770>: [(5, 18614.16800000009, None)]}",75.79076386942039,42588.703769202126,18614.16800000009,11420.050435356497,2,14.329391060717793,18614.16800000009,22194.906000000086,True,21.591127724717786,7.2617366639999945
lamf-test-9bb4d80d-2aee-48e9-ac53-5a922312b6c8,"{<resource_manager.instance.OnPremInstance object at 0x125e07770>: [(6, 19065.568000000094, None)]}",62.348183689222225,25617.684804245728,19065.568000000094,11421.050435356497,2,28.383821596094293,19065.568000000094,25633.08480424573,False,,
lamf-test-8fdaa8c6-0ab8-4102-bf2c-7c6a5957696b,"{<resource_manager.instance.OnPremInstance object at 0x125e07770>: [(3, 19095.568000000094, None)]}",305.80076715201267,138817.4178642154,19095.568000000094,11422.050435356497,3,42.948336755646814,19095.568000000094,28507.696000000095,True,54.401014106046816,11.452677350400002
lamf-test-c89d3402-a23f-46ae-8720-cd373edbf82e,"{<resource_manager.instance.OnPremInstance object at 0x125e07770>: [(3, 19185.768000000095, None)]}",59.063695813800784,25653.19982256004,19185.768000000095,11424.315439112497,3,15.11519050878393,19185.768000000095,22498.262000000093,True,19.14583320798393,4.030642699199999
lamf-test-d457b8b2-16f3-450b-ba2f-e7b966006e63,"{<resource_manager.instance.OnPremInstance object at 0x125e07770>: [(6, 19245.968000000095, None)]}",308.6020686022321,139033.09534983657,19245.968000000095,11427.224281595498,1,250.38968104038324,19245.968000000095,35151.15600000009,True,289.0965465571832,38.706865516799986
lamf-test-87f7683b-4f57-45f2-93ec-cd6117faec52,"{<resource_manager.instance.OnPremInstance object at 0x125e07770>: [(2, 19275.968000000095, None)]}",62.86965238334432,25491.698944980802,19275.968000000095,11428.224281595498,1,9.295686744239106,19275.968000000095,20997.503000000095,True,10.692195936239106,1.396509192
lamf-test-95f36198-5f8e-46dc-93db-fc5d6a810881,"{<resource_manager.instance.OnPremInstance object at 0x125e07770>: [(3, 19576.168000000096, None)]}",312.84764381313755,139220.21576174127,19576.168000000096,11429.224281595498,2,44.0738565838367,19576.168000000096,33239.167000000096,True,60.6989937670367,16.6251371832
lamf-test-067d037c-dcca-41c3-b8b9-a8b36009d0a4,"{<resource_manager.instance.CloudOnDemandInstance object at 0x125e263f0>: [(4, 19636.7680000001, None)]}",61.80548621708826,25720.573167549766,19636.7680000001,11431.458638581498,2,22.214288459284266,20037.3040000001,25735.973167549768,False,,
lamf-test-55d518fc-620c-44fe-a18a-2336d48b9fc1,"{<resource_manager.instance.OnPremInstance object at 0x125e07770>: [(3, 20068.304000000102, None)]}",83.99778340603386,42808.88874538541,20068.304000000102,11443.616626693498,3,32.576801277663705,20068.304000000102,27207.510000000104,True,41.26378713846371,8.686985860800004
lamf-test-64282f81-8a38-42e2-8686-39f8e7fadae5,"{<resource_manager.instance.OnPremInstance object at 0x125e07770>: [(5, 20098.304000000102, None)]}",308.1387838586121,139271.18061598515,20098.304000000102,11448.549077362499,2,17.9279801240933,20098.304000000102,24578.2850000001,True,27.013381592093296,9.085401467999999
lamf-test-6ca33400-5b63-4867-9fb5-39d7d8646a8a,"{<resource_manager.instance.OnPremInstance object at 0x125e07770>: [(6, 20790.30400000011, None)]}",105.93846150050236,42713.34151875542,20790.30400000011,11452.8914080695,1,84.42117727583845,20790.30400000011,26152.884000000107,True,97.47155196383844,13.050374687999996
lamf-test-e1a8ae4a-b274-4245-9dc7-b8b20b25f60b,"{<resource_manager.instance.OnPremInstance object at 0x125e07770>: [(4, 20820.30400000011, None)]}",307.3714712616934,139329.28780180117,20820.30400000011,11454.230490922499,3,178.27199634953223,20820.30400000011,50121.535000000105,True,225.81031352393222,47.53831717439999
lamf-test-5f552717-b86e-4e0e-9794-6b12cd0fea27,"{<resource_manager.instance.CloudReservedInstance object at 0x12613d1d0>: [(1, 20850.30400000011, None)], <resource_manager.instance.CloudOnDemandInstance object at 0x125e263f0>: [(1, 20850.30400000011, None)]}",43.981392744961866,26243.296739339978,20850.30400000011,12006.314922886499,2,17.876429045759153,20850.30400000011,26258.69673933998,False,,
lamf-test-0ee69e3c-f7ac-4d00-b4dc-243374763ca6,"{<resource_manager.instance.CloudOnDemandInstance object at 0x125e07b60>: [(2, 20880.30400000011, None)]}",95.71047451977611,43236.91881122961,20880.30400000011,12007.836311101499,3,15.488125291014596,21280.84000000011,28517.30497943327,True,41.47836702422153,25.99024173320693
lamf-test-60d40a4b-09c7-4a73-b379-b1d85406ff0e,"{<resource_manager.instance.OnPremInstance object at 0x125e07770>: [(4, 21311.840000000113, None)]}",57.165191884420324,26307.020934057997,21311.840000000113,12008.836311101499,3,30.484939898443287,21311.840000000113,26322.420934058,False,,
lamf-test-87976d93-8677-4270-9b15-bf91d2c51eaa,"{<resource_manager.instance.OnPremInstance object at 0x125e07770>: [(3, 21341.840000000113, None)]}",311.39111778496914,139763.48571143503,21341.840000000113,12010.080131651499,2,62.569368143899645,21341.840000000113,40738.49100000011,True,86.17121308069964,23.6018449368
lamf-test-68fc4f1f-0368-4356-8862-a5c873470b2b,"{<resource_manager.instance.OnPremInstance object at 0x125e07770>: [(4, 21371.840000000113, None)]}",313.35740939256686,139869.28224570045,21371.840000000113,12012.201404009498,2,34.381699501666034,21371.840000000113,30811.757000000114,True,49.69702084246604,15.315321340800002
lamf-test-6ffd71d7-ab96-484d-939d-8341469b380b,"{<resource_manager.instance.OnPremInstance object at 0x125e07770>: [(3, 21702.640000000116, None)]}",291.65416309527114,139863.28151354464,21702.640000000116,12020.845131017499,3,149.66914898471364,21702.640000000116,54502.634000000115,True,189.58018168391365,39.9110326992
lamf-test-20e1ba49-4666-4d28-9ab3-d9b988f76cc5,"{<resource_manager.instance.OnPremInstance object at 0x125e07770>: [(6, 21912.840000000117, None)]}",285.6765311197183,139408.5030728406,21912.840000000117,12022.771155041499,1,117.97803559206021,21912.840000000117,29407.010000000115,True,136.2158477040602,18.237812111999997
lamf-test-6012bbf1-8566-4834-b341-39822809aef2,"{<resource_manager.instance.OnPremInstance object at 0x125e07770>: [(5, 22514.04000000012, None)]}",93.62462651407313,43231.07276420522,22514.04000000012,12024.866583686498,1,88.95431333181227,22514.04000000012,29275.08200000012,True,102.66570650781227,13.711393175999994
lamf-test-92b1912c-cdf4-4496-9665-6c2a64a15900,"{<resource_manager.instance.OnPremInstance object at 0x125e07770>: [(5, 22574.24000000012, None)]}",99.7921660649438,43370.339904963075,22574.24000000012,12026.340418886499,3,24.988075138793832,22574.24000000012,25859.922000000122,True,31.651438234793833,6.663363096000001
lamf-test-3d2e4ca8-d6e8-4002-a809-14108f6da5be,"{<resource_manager.instance.OnPremInstance object at 0x125e07770>: [(5, 22604.24000000012, None)]}",306.2018292174168,139786.42156326855,22604.24000000012,12027.340418886499,2,63.72938946313594,22604.24000000012,38529.42800000012,True,96.02567072713595,32.296281264
lamf-test-a7986f20-c88c-442a-a9bb-9d4e408bd120,"{<resource_manager.instance.OnPremInstance object at 0x125e07770>: [(4, 22634.440000000122, None)]}",50.00049139574834,26133.90416526834,22634.440000000122,12028.712921232498,1,31.949576545744883,22634.440000000122,25656.77800000012,True,36.853017716944876,4.903441171199994
lamf-test-bf2ee2bb-aeee-4553-ba75-b56c3562dc59,"{<resource_manager.instance.OnPremInstance object at 0x125e07770>: [(2, 22664.440000000122, None)]}",94.73625576454592,43393.821266253115,22664.440000000122,12029.862335511498,1,54.98897893375922,22664.440000000122,32848.24400000012,True,63.25008073855922,8.2611018048
lamf-test-404ab15a-5fdc-47da-96ca-6bf36dbfc057,"{<resource_manager.instance.CloudReservedInstance object at 0x126144290>: [(2, 23356.44000000013, None)], <resource_manager.instance.CloudOnDemandInstance object at 0x125e26780>: [(2, 23356.44000000013, None)]}",285.63536765098837,139936.12281705806,23356.44000000013,12030.862335511498,2,208.78206287306514,23356.44000000013,61757.09943870183,True,463.93140444757466,255.14934157450955
lamf-test-398c2e41-0ba6-4e76-8602-21bfa67e2257,"{<resource_manager.instance.OnPremInstance object at 0x125e07770>: [(5, 24079.64000000014, None)]}",308.43937206382503,139901.8177130644,24079.64000000014,12032.161748917499,2,64.39889031029595,24079.64000000014,40172.12800000014,True,97.03445597429595,32.635565664
lamf-test-58d64335-ff0b-41b5-93cb-bcafe6abca1b,"{<resource_manager.instance.OnPremInstance object at 0x125e07770>: [(6, 25252.640000000152, None)]}",83.27713277836911,43319.467489970455,25252.640000000152,12034.5169788225,2,38.67748775419958,25252.640000000152,34201.930000000146,True,60.45647989819957,21.778992143999986
lamf-test-78749043-3668-43d0-99ce-4ee040f7f664,"{<resource_manager.instance.OnPremInstance object at 0x125e07770>: [(2, 25282.640000000152, None)]}",57.07835905715178,26155.41426697642,25282.640000000152,12035.5169788225,2,2.4144748861160075,25282.640000000152,26170.81426697642,False,,
lamf-test-59fd6bbc-b1e0-4afd-a720-743bb563c136,"{<resource_manager.instance.OnPremInstance object at 0x125e07770>: [(2, 25312.640000000152, None)]}",321.20760313523465,139715.58447338434,25312.640000000152,12036.6762353785,2,47.32343420082721,25312.640000000152,42720.75500000015,True,61.444897088827204,14.121462887999998
lamf-test-4cc1e286-0e7f-464c-8240-c10883a7da2a,"{<resource_manager.instance.OnPremInstance object at 0x125e07770>: [(4, 25523.640000000156, None)]}",316.2330750787407,139631.41996976163,25523.640000000156,12040.8652712695,3,70.3643714350901,25523.640000000156,37088.904000000155,True,89.12785574869011,18.7634843136
lamf-test-0aaede3d-34d4-43d5-b971-8a2a954407b0,"{<resource_manager.instance.OnPremInstance object at 0x125e07770>: [(2, 25553.640000000156, None)]}",291.4038438976179,139571.1433076372,25553.640000000156,12043.1256925015,1,133.5801311126321,25553.640000000156,50292.30400000015,True,153.6481353494321,20.068004236799993
lamf-test-a7598ecc-5cec-4bf9-9a0f-c71ca0dbae0e,"{<resource_manager.instance.OnPremInstance object at 0x125e07770>: [(6, 25764.240000000158, None)]}",294.2224632206372,139770.54516251222,25764.240000000158,12045.0759648205,3,54.67130276066621,25764.240000000158,31754.84800000016,True,69.2500463894662,14.578743628800002
lamf-test-5c0e0bc7-fda1-478e-8de8-178b5b80a83c,"{<resource_manager.instance.CloudReservedInstance object at 0x126144290>: [(1, 25824.240000000158, None)], <resource_manager.instance.CloudReservedInstance object at 0x12613d450>: [(1, 25824.240000000158, None)], <resource_manager.instance.CloudOnDemandInstance object at 0x12613d810>: [(2, 25824.240000000158, None)]}",109.02475346006189,43296.298423960296,25824.240000000158,12046.0759648205,2,97.44927767483001,25824.240000000158,43311.69842396029,False,,
lamf-test-95c3a7f0-6def-4a58-8473-af92a11ec586,"{<resource_manager.instance.CloudOnDemandInstance object at 0x125e263f0>: [(3, 25854.240000000158, None)]}",312.05091942501133,140025.37194073247,25854.240000000158,12047.0759648205,1,911.8249185319715,26254.776000000158,140040.7719407325,False,,
lamf-test-225e7631-1dba-46ce-9a30-f911bc78acd8,"{<resource_manager.instance.OnPremInstance object at 0x125e07770>: [(5, 26284.97600000016, None)]}",48.6051907309817,26446.467634588895,26284.97600000016,12048.0759648205,1,2.32734449645232,26284.97600000016,26461.867634588896,False,,
lamf-test-19917d27-b721-40ad-a37a-4370c7a734bc,"{<resource_manager.instance.OnPremInstance object at 0x125e07770>: [(2, 26314.97600000016, None)]}",301.1069329229973,139410.3951445242,26314.97600000016,12049.0759648205,2,52.578605958208776,26314.97600000016,45656.22700000016,True,68.26822876940878,15.6896228112
lamf-test-c5f3d318-ed60-437f-9c1e-4a6f0f18365e,"{<resource_manager.instance.OnPremInstance object at 0x125e07770>: [(5, 26344.97600000016, None)]}",302.37657057421836,139669.77761887462,26344.97600000016,12050.0759648205,2,45.18985052873874,26344.97600000016,37637.36200000016,True,68.09080933673874,22.900958808000002
lamf-test-68ff13a7-de65-4a50-8bee-581fe346b072,"{<resource_manager.instance.OnPremInstance object at 0x125e07770>: [(4, 26374.97600000016, None)]}",316.0799972187193,139575.77484550516,26374.97600000016,12052.0553365905,1,54.01693915887141,26374.97600000016,31484.82300000016,True,62.30715493167141,8.290215772800002
lamf-test-e3ac6e81-3f29-40d1-91c8-119f86b94741,"{<resource_manager.instance.OnPremInstance object at 0x125e07770>: [(2, 26405.17600000016, None)]}",292.3170995981352,139961.72684083862,26405.17600000016,12053.0553365905,2,45.60694889903839,26405.17600000016,43181.87500000016,True,59.216207127838395,13.6092582288
lamf-test-cd918581-b0d1-458e-92b2-5c59b3bd83b5,"{<resource_manager.instance.OnPremInstance object at 0x125e07770>: [(3, 26435.17600000016, None)]}",301.10787935133226,139698.54204368824,26435.17600000016,12057.7239690025,2,27.99372350809107,26435.17600000016,35113.296000000155,True,38.553259924091066,10.559536415999995
lamf-test-3231937d-3960-4134-90c2-f2e92cf6e932,"{<resource_manager.instance.OnPremInstance object at 0x125e07770>: [(2, 26465.17600000016, None)]}",109.51414052886817,43041.531462643885,26465.17600000016,12058.9917697645,2,12.85385474050509,26465.17600000016,31193.51800000016,True,16.68948577090509,3.8356310304000005
lamf-test-5e0241b4-8be0-4af4-bde6-0b42fa40fc67,"{<resource_manager.instance.OnPremInstance object at 0x125e07770>: [(2, 26495.17600000016, None)]}",98.3173256377796,43264.63236868485,26495.17600000016,12060.2601772615,3,8.224278652369005,26495.17600000016,29198.70200000016,True,10.417378943569005,2.1931002912000013
lamf-test-d56ac58c-44ed-4cac-88e0-685510119191,"{<resource_manager.instance.OnPremInstance object at 0x125e07770>: [(2, 26525.17600000016, None)]}",70.70390367140996,26123.258594989347,26525.17600000016,12061.2601772615,2,0.04186443429933729,26525.17600000016,26540.57600000016,False,,
lamf-test-093fc8c1-409b-4af5-91bd-f1586aa318b7,"{<resource_manager.instance.OnPremInstance object at 0x125e07770>: [(6, 26585.57600000016, None)]}",48.98947611555658,26217.15654787967,26585.57600000016,12062.7515179475,1,0.2424366872005705,26585.57600000016,26600.976000000162,False,,
lamf-test-412a625e-1641-430d-83ff-ad06d8ff7ded,"{<resource_manager.instance.OnPremInstance object at 0x125e07770>: [(5, 26645.77600000016, None)]}",48.58977843534464,26890.59943639577,26645.77600000016,12608.9103001355,1,3.423732184686309,26645.77600000016,26905.99943639577,False,,
lamf-test-499e704f-e77f-4d06-942d-f6729f7df6df,"{<resource_manager.instance.OnPremInstance object at 0x125e07770>: [(3, 26675.77600000016, None)]}",295.12516285873096,140277.90526504355,26675.77600000016,12620.3527966745,2,65.79649854593573,26675.77600000016,47072.84500000016,True,90.61565210513574,24.8191535592
lamf-test-b31f9afe-254c-4126-a484-8628eb9333c1,"{<resource_manager.instance.OnPremInstance object at 0x125e07770>: [(6, 27246.376000000164, None)]}",58.325064065435534,26799.125293445984,27246.376000000164,12621.3527966745,1,0.2424366872005705,27246.376000000164,27261.776000000165,False,,
lamf-test-893ff824-f1d2-4433-939e-c7c4d678a42b,"{<resource_manager.instance.CloudReservedInstance object at 0x126144290>: [(1, 27276.376000000164, None)], <resource_manager.instance.CloudReservedInstance object at 0x12613d1d0>: [(1, 27276.376000000164, None)]}",291.47945752946964,140350.78199188618,27276.376000000164,12642.491905873501,1,341.97284025839434,27276.376000000164,114872.49697190199,True,472.9815987839707,131.00875852557635
lamf-test-9ad3c991-d587-4e6c-87f0-aa8b942b2b5d,"{<resource_manager.instance.OnPremInstance object at 0x125e07770>: [(6, 27306.376000000164, None)]}",294.2702271699325,140486.82848036347,27306.376000000164,12646.0698301845,2,94.46568044783638,27306.376000000164,49164.07200000016,True,147.65856943343636,53.19288898559999
lamf-test-50bd9009-28ec-4253-bcf7-ae2b62692323,"{<resource_manager.instance.OnPremInstance object at 0x125e07770>: [(3, 27546.576000000165, None)]}",96.71534015432012,43827.42910149813,27546.576000000165,12648.4397969175,2,20.641411439781287,27546.576000000165,33945.46200000016,True,28.42757592458128,7.786164484799994
lamf-test-65b278d1-c75b-4135-b5aa-f825706c680d,"{<resource_manager.instance.OnPremInstance object at 0x125e07770>: [(4, 27816.776000000165, None)]}",46.808209305960055,26875.73516489283,27816.776000000165,12649.4397969175,1,0.16279564985932027,27816.776000000165,27832.176000000167,False,,
lamf-test-4e05654b-8014-4960-848f-0c1b470c0ee8,"{<resource_manager.instance.OnPremInstance object at 0x125e07770>: [(5, 27846.776000000165, None)]}",119.66024806020059,43851.835119856056,27846.776000000165,12650.4397969175,3,26.83181991025932,27846.776000000165,31374.892000000164,True,33.986839158259315,7.155019247999996
lamf-test-2b6c6b3a-28c9-458c-9ffa-76aefcc26451,"{<resource_manager.instance.CloudReservedInstance object at 0x12613d1d0>: [(1, 27876.776000000165, None)], <resource_manager.instance.CloudReservedInstance object at 0x125e262c0>: [(4, 27876.776000000165, None)]}",317.28833254019617,140326.71270592557,27876.776000000165,12653.510505555501,1,1071.5254738528133,27876.776000000165,119764.74418928695,True,1324.2541415606277,252.7286677078144
lamf-test-2f12deb2-00c6-45f2-bf9e-431fba73627e,"{<resource_manager.instance.CloudReservedInstance object at 0x12613d1d0>: [(2, 29049.176000000174, None)], <resource_manager.instance.CloudReservedInstance object at 0x125e262c0>: [(1, 29049.176000000174, None)], <resource_manager.instance.CloudOnDemandInstance object at 0x125e26780>: [(1, 29049.176000000174, None)], <resource_manager.instance.CloudOnDemandInstance object at 0x12613d310>: [(1, 29049.176000000174, None)], <resource_manager.instance.CloudOnDemandInstance object at 0x125e263f0>: [(1, 29049.176000000174, None)]}",93.49967154984164,43945.92400324175,29049.176000000174,12659.619394509502,1,171.24757384511955,29049.176000000174,43961.324003241745,False,,
lamf-test-f9efe039-70ce-49b9-a1a8-bee3de1d2b34,"{<resource_manager.instance.CloudOnDemandInstance object at 0x125e26780>: [(2, 29109.376000000175, None)], <resource_manager.instance.CloudOnDemandInstance object at 0x125e263f0>: [(1, 29109.376000000175, None)], <resource_manager.instance.CloudOnDemandInstance object at 0x125e07b60>: [(2, 29109.376000000175, None)]}",307.9037058422363,140350.57346835654,29109.376000000175,13208.122079316501,3,542.7303858516119,29509.912000000175,111452.01265649455,True,1301.978901406484,759.248515554872
lamf-test-8f4c62d4-1881-4ae7-91f8-3b9d5e4e648b,"{<resource_manager.instance.OnPremInstance object at 0x125e07770>: [(6, 29540.712000000178, None)]}",53.33256697567134,27347.91053096621,29540.712000000178,13219.8554338925,2,0.06655648787945527,29540.712000000178,29556.11200000018,False,,
lamf-test-920c97be-abc7-45c8-bf90-73719c07896c,"{<resource_manager.instance.OnPremInstance object at 0x125e07770>: [(3, 29570.712000000178, None)]}",49.27955402462038,27426.69599055725,29570.712000000178,13221.690401772501,2,0.04967704318730824,29570.712000000178,29586.11200000018,False,,
lamf-test-915cb3ce-20ce-43ae-8b31-7f523a6333eb,"{<resource_manager.instance.OnPremInstance object at 0x125e07770>: [(2, 29601.31200000018, None)]}",71.69092063889612,27260.03771659897,29601.31200000018,13222.690401772501,3,0.04684766902426482,29601.31200000018,29616.71200000018,False,,
lamf-test-eb592d2c-c121-4645-b005-4e7f00d8eb14,"{<resource_manager.instance.OnPremInstance object at 0x125e07770>: [(5, 29631.31200000018, None)]}",65.43723826831173,27558.75509549132,29631.31200000018,13224.942027529502,1,0.20261616852994535,29631.31200000018,29646.71200000018,False,,
lamf-test-821bad57-9b5b-4590-ab6a-b75593f800f8,"{<resource_manager.instance.OnPremInstance object at 0x125e07770>: [(4, 29661.31200000018, None)]}",293.93899056747387,141086.61657132301,29661.31200000018,13226.274193045501,3,133.04236063578972,29661.31200000018,51528.48700000017,True,168.5196653557897,35.47730471999998
lamf-test-2ec8c349-ada1-458e-a7a4-ab9b6322b2cf,"{<resource_manager.instance.OnPremInstance object at 0x125e07770>: [(4, 29691.51200000018, None)]}",57.00450481534605,27384.238088684644,29691.51200000018,13228.054493197502,2,0.05608928259916977,29691.51200000018,29706.912000000182,False,,
lamf-test-3d742955-a0c8-4cdc-8c38-f5e5804b4cff,"{<resource_manager.instance.OnPremInstance object at 0x125e07770>: [(4, 29781.71200000018, None)]}",303.65987588610506,141069.87240483993,29781.71200000018,13230.383813305501,1,136.45799878317743,29781.71200000018,42690.24600000018,True,157.40080434477744,20.9428055616
lamf-test-b18ea74a-e7ea-41d7-821c-d4f1a5e50746,"{<resource_manager.instance.OnPremInstance object at 0x125e07770>: [(4, 29811.71200000018, None)]}",93.66823018165961,44151.16083833754,29811.71200000018,13233.1285550565,3,73.70676401247245,29811.71200000018,41926.340000000186,True,93.36153647967245,19.654772467200008
lamf-test-cf4eee4f-df46-4434-9c29-6bf0f44daf4d,"{<resource_manager.instance.OnPremInstance object at 0x125e07770>: [(6, 29841.71200000018, None)]}",53.667029478259835,27334.110734656817,29841.71200000018,13234.1285550565,2,0.06655648787945527,29841.71200000018,29857.112000000183,False,,
lamf-test-7c801ce0-8eb2-4e0d-9312-eaf55e74d22a,"{<resource_manager.instance.CloudOnDemandInstance object at 0x125e26780>: [(2, 29871.71200000018, None)]}",282.54429039316733,140942.90034939026,29871.71200000018,13235.1285550565,2,301.98553113572274,30272.24800000018,140958.30034939028,False,,
lamf-test-4d1918b0-1458-45e2-b527-a49166860d07,"{<resource_manager.instance.OnPremInstance object at 0x125e07770>: [(6, 30303.448000000186, None)]}",99.90881249240506,44372.89138500148,30303.448000000186,13237.8225903485,2,28.36820759856275,30303.448000000186,36867.35200000018,True,44.34212437296274,15.973916774399989
lamf-test-4fd50982-b738-4cdf-bdb5-50cd3dff6874,"{<resource_manager.instance.OnPremInstance object at 0x125e07770>: [(2, 30333.448000000186, None)]}",66.98837614575113,27480.54933216869,30333.448000000186,13245.9110239655,2,0.04186443429933729,30333.448000000186,30348.848000000187,False,,
lamf-test-308f236e-0576-4952-874f-b146870f6d77,"{<resource_manager.instance.OnPremInstance object at 0x125e07770>: [(3, 30363.448000000186, None)]}",296.126707886245,140781.78369983114,30363.448000000186,13246.9110239655,3,56.667693360711795,30363.448000000186,42782.17300000018,True,71.77879794071178,15.11110457999999
lamf-test-17fee575-0b26-45f7-83d5-67d080c53e61,"{<resource_manager.instance.OnPremInstance object at 0x125e07770>: [(5, 30844.44800000019, None)]}",339.37001802300927,141078.74089377778,30844.44800000019,13256.7048716415,3,117.03991938550462,30844.44800000019,46234.02700000019,True,148.24998559750463,31.210066212
lamf-test-c8945c61-1ea7-4681-928a-edc22713889d,"{<resource_manager.instance.OnPremInstance object at 0x125e07770>: [(5, 31024.64800000019, None)]}",305.7727422550137,141088.54627013163,31024.64800000019,13261.019163424498,2,29.898375145437022,31024.64800000019,38495.88300000018,True,45.05003972543701,15.151664579999986
lamf-test-416bbbfd-81e6-4f7c-9a56-8c0e7175f623,"{<resource_manager.instance.OnPremInstance object at 0x125e07770>: [(3, 31205.04800000019, None)]}",318.1012839054559,140921.3304711673,31205.04800000019,13263.657047707498,2,32.12001484338139,31205.04800000019,41162.32800000018,True,44.23603314738138,12.11601830399999
lamf-test-3e7fd149-2562-452d-b778-aa63ebe3ca13,"{<resource_manager.instance.OnPremInstance object at 0x125e07770>: [(2, 31235.04800000019, None)]}",306.14407437283273,140976.3305659674,31235.04800000019,13267.996860082498,2,51.32128922812108,31235.04800000019,50113.79000000019,True,66.63572473852108,15.3144355104
lamf-test-e18205c9-e6f7-4d1b-94fe-6bdf96998c05,"{<resource_manager.instance.OnPremInstance object at 0x125e07770>: [(6, 31505.648000000194, None)]}",110.9772195614234,45029.058689004574,31505.648000000194,13810.068253510497,1,69.87182751540043,31505.648000000194,35944.028000000195,True,80.67306908340043,10.801241568000004
lamf-test-55230e23-b521-4f16-a8cb-73a7c6580475,"{<resource_manager.instance.OnPremInstance object at 0x125e07770>: [(4, 31746.048000000195, None)]}",312.3489385286271,141377.69029425964,31746.048000000195,13812.041594764498,2,61.422328074078386,31746.048000000195,48610.301000000196,True,88.78289214127838,27.360564067200002
lamf-test-56207b5b-5fb7-4cc8-b917-b36e1b064de2,"{<resource_manager.instance.OnPremInstance object at 0x125e07770>: [(5, 31806.248000000196, None)]}",317.0752713451876,141530.40144444702,31806.248000000196,13814.439262864498,2,51.852990449817916,31806.248000000196,44763.670442485985,True,78.13064316317909,26.277652713361178
lamf-test-2148cf4d-7170-4032-92ad-bc67bc5cec9e,"{<resource_manager.instance.OnPremInstance object at 0x125e07770>: [(3, 32166.648000000197, None)]}",290.5571510371029,141257.0333938478,32166.648000000197,13815.439262864498,3,76.84421172712756,32166.648000000197,49007.057000000204,True,97.33562139832756,20.49140967120001
lamf-test-6f91592c-afdd-4bec-8b7a-080c324249f5,"{<resource_manager.instance.OnPremInstance object at 0x125e07770>: [(5, 32948.64800000019, None)]}",112.19170754417485,44962.33688134022,32948.64800000019,13817.021435945499,3,70.28523842117269,32948.64800000019,42190.45400000019,True,89.02762098917269,18.742382567999993
lamf-test-58f4bde2-1252-4878-b4ed-54f9ec3d6ddb,"{<resource_manager.instance.OnPremInstance object at 0x125e07770>: [(3, 33308.64800000019, None)]}",306.6623561408906,141653.16520015185,33308.64800000019,13818.021435945499,3,72.51218799908739,33308.64800000019,49199.69400000019,True,91.8484127718874,19.336224772800005
lamf-test-9fd69545-924f-4ce5-9308-d2123ccec4dc,"{<resource_manager.instance.OnPremInstance object at 0x125e07770>: [(3, 33338.64800000019, None)]}",61.631240803228884,27941.629921937143,33338.64800000019,13819.701900675998,1,0.12297513118863707,33338.64800000019,33354.048000000184,False,,
lamf-test-927fb6c3-ba3c-488b-96a5-466be1c02fa9,"{<resource_manager.instance.OnPremInstance object at 0x125e07770>: [(6, 33368.64800000019, None)]}",330.8093779162473,141385.63096761415,33368.64800000019,13822.824665778999,1,232.30706844626954,33368.64800000019,48125.19700000018,True,268.2186060926695,35.911537646399985
lamf-test-1e5c4d41-c6bb-47f9-a0f9-f492c659a647,"{<resource_manager.instance.OnPremInstance object at 0x125e07770>: [(6, 33579.048000000184, None)]}",295.19389174920065,141625.42019931748,33579.048000000184,13826.119569751,3,63.61876340406112,33579.048000000184,40550.07400000018,True,80.58345227766111,16.964688873599997
lamf-test-5fc71200-6539-46cf-9073-1ac0b6be235f,"{<resource_manager.instance.OnPremInstance object at 0x125e07770>: [(5, 33609.24800000018, None)]}",298.6298021940167,141297.76716999643,33609.24800000018,13827.279753249999,2,44.44641645891712,33609.24800000018,44715.85900000018,True,66.97062356691711,22.52420710799999
lamf-test-d81a676f-ccce-4b38-95bc-838588f989f1,"{<resource_manager.instance.OnPremInstance object at 0x125e07770>: [(3, 33639.24800000018, None)]}",93.67827368323229,44878.58914193737,33639.24800000018,13828.279753249999,1,32.803791923340135,33639.24800000018,37747.220000000176,True,37.80237225294013,4.998580329599993
lamf-test-bff6c6c8-6ce7-4a14-8d30-c8d69887c972,"{<resource_manager.instance.OnPremInstance object at 0x125e07770>: [(4, 33970.04800000017, None)]}",62.55972404682857,27864.210186945726,33970.04800000017,13829.636034086,2,0.05608928259914327,33970.04800000017,33985.448000000164,False,,
lamf-test-8aea85bd-3d6c-4aba-b7de-dd2346b0e93e,"{<resource_manager.instance.OnPremInstance object at 0x125e07770>: [(6, 36013.048000000126, None)]}",302.51103083949494,141464.5754560041,36013.048000000126,13830.906985177999,1,293.4003422313485,36013.048000000126,54650.34800000013,True,338.7560755113485,45.35573328000001
lamf-test-f3f23406-4146-4e8a-b0d6-831939b9a4ea,"{<resource_manager.instance.CloudReservedInstance object at 0x125e07cb0>: [(2, 36043.24800000012, None)], <resource_manager.instance.CloudReservedInstance object at 0x125e26520>: [(1, 36043.24800000012, None)], <resource_manager.instance.CloudOnDemandInstance object at 0x125e26780>: [(1, 36043.24800000012, None)], <resource_manager.instance.CloudOnDemandInstance object at 0x125e07b60>: [(1, 36043.24800000012, None)]}",57.3172776265575,27866.632052048244,36043.24800000012,13833.303802628,1,0.15342611605439482,36043.24800000012,36058.64800000012,False,,
lamf-test-232b6ce2-ea24-476c-b62f-210ae1decc5b,"{<resource_manager.instance.CloudReservedInstance object at 0x125e07cb0>: [(2, 36073.44800000012, None)], <resource_manager.instance.CloudReservedInstance object at 0x125e26520>: [(1, 36073.44800000012, None)], <resource_manager.instance.CloudOnDemandInstance object at 0x125e26780>: [(1, 36073.44800000012, None)]}",311.1617610976437,141564.79530619882,36073.44800000012,13835.213187211999,2,344.8355225801731,36073.44800000012,95177.00974619402,True,626.5822014242794,281.7466788441063
lamf-test-28862540-93f6-42de-8ec4-72cbed9815ad,"{<resource_manager.instance.OnPremInstance object at 0x125e07770>: [(6, 36915.248000000094, None)]}",315.0001679546882,141256.18591373914,36915.248000000094,13836.645876113,3,132.03067305498521,36915.248000000094,51382.5090000001,True,167.23819942458522,35.20752636960002
lamf-test-5c2155b4-aa4a-428b-9192-860339f49ef5,"{<resource_manager.instance.OnPremInstance object at 0x125e07770>: [(2, 36945.248000000094, None)]}",326.1375748222798,141620.53829316003,36945.248000000094,13845.828718532,3,115.41374705300784,36945.248000000094,74884.6320000001,True,146.19017535380783,30.776428300800003
lamf-test-8d46ff55-9a1d-4004-b52e-0bb94df560fe,"{<resource_manager.instance.OnPremInstance object at 0x125e07770>: [(3, 37155.64800000009, None)]}",314.6188735020299,141522.91006563,37155.64800000009,13847.059578206,1,91.43953228382384,37155.64800000009,48606.490000000085,True,105.37291682942383,13.933384545599997
lamf-test-b036c054-ee21-47f6-aca9-95247c096cfe,"{<resource_manager.instance.OnPremInstance object at 0x125e07770>: [(6, 37816.24800000008, None)]}",40.69689972228568,28086.393716384016,37816.24800000008,13849.016401115001,3,0.14054300707272807,37816.24800000008,37831.648000000074,False,,
lamf-test-12047e13-b691-4e4d-bcc8-16e2900e16aa,"{<resource_manager.instance.OnPremInstance object at 0x125e07770>: [(3, 37846.44800000008, None)]}",306.19560311302496,141253.81624078818,37846.44800000008,13850.607480350001,1,261.9824982888433,37846.44800000008,70654.14200000008,True,301.9029003480433,39.92040205920001
lamf-test-e050ad2a-f776-4985-ad86-c1f9e8bbb5cd,"{<resource_manager.instance.OnPremInstance object at 0x125e07770>: [(3, 37876.44800000008, None)]}",326.0139069441622,141346.69786497255,37876.44800000008,13855.666415795002,3,129.0064339493497,37876.44800000008,66148.20800000007,True,163.40751151734972,34.401077568
lamf-test-5a75690c-b8ed-48d0-b610-f947c287d86c,"{<resource_manager.instance.OnPremInstance object at 0x125e07770>: [(5, 37906.44800000008, None)]}",56.45454017440447,28008.709071980375,37906.44800000008,13856.666415795002,3,0.11711917256060674,37906.44800000008,37921.84800000007,False,,
lamf-test-62ab7363-ee6e-4e41-9bd6-da86db171176,"{<resource_manager.instance.OnPremInstance object at 0x125e07770>: [(6, 37996.44800000008, None)]}",317.6880653321237,141731.41057370795,37996.44800000008,13858.706556891502,3,146.88387196249053,37996.44800000008,54091.24827028998,True,186.05217790026805,39.16830593777751
lamf-test-e000b273-6e93-45bd-85e3-de8e007da692,"{<resource_manager.instance.OnPremInstance object at 0x125e07770>: [(3, 38537.04800000007, None)]}",284.69120725614476,141790.82633029378,38537.04800000007,13860.035133183503,3,87.64195300022813,38537.04800000007,57743.782000000065,True,111.01270693142813,23.3707539312
lamf-test-62c9483c-2445-4359-99d9-4d8c66a14529,"{<resource_manager.instance.OnPremInstance object at 0x125e07770>: [(3, 38567.04800000007, None)]}",345.02192360533996,141586.33340522752,38567.04800000007,13861.035133183503,2,20.59814725125998,38567.04800000007,44952.52200000006,True,28.367992014459976,7.769844763199994
lamf-test-1f9296c3-4641-4962-ac2a-3bdd3909621e,"{<resource_manager.instance.OnPremInstance object at 0x125e07770>: [(2, 38597.04800000007, None)]}",333.675220822951,141695.82383163163,38597.04800000007,13863.191469223502,2,22.94837840235518,38597.04800000007,47038.70100000006,True,29.79624731595517,6.847868913599993
lamf-test-9673f22e-b964-4aa7-bb78-d1e21e110802,"{<resource_manager.instance.OnPremInstance object at 0x125e07770>: [(3, 38627.248000000065, None)]}",52.254300807909324,28019.11110830566,38627.248000000065,13864.481264272503,1,0.12297513118863707,38627.248000000065,38642.64800000006,False,,
lamf-test-5f1a507d-a26f-433c-85e6-51ac89f0d432,"{<resource_manager.instance.CloudOnDemandInstance object at 0x12613d810>: [(2, 38657.248000000065, None)], <resource_manager.instance.CloudOnDemandInstance object at 0x125e07b60>: [(2, 38657.248000000065, None)]}",64.02975273459877,28141.25564487013,38657.248000000065,13865.481264272503,3,1.4761842472177653,39057.784000000065,39073.18400000006,False,,
lamf-test-b2a69e4a-f75e-4751-ad43-b2adf397fd45,"{<resource_manager.instance.CloudOnDemandInstance object at 0x125e26780>: [(2, 39208.38400000006, None)], <resource_manager.instance.CloudOnDemandInstance object at 0x12613d810>: [(3, 39208.38400000006, None)]}",99.34731245959347,45147.00761950318,39208.38400000006,13868.111270813502,1,56.601486990485185,39608.92000000006,45162.407619503174,False,,
lamf-test-396956b2-43cb-496d-8f0c-0ee7a61c67dd,"{<resource_manager.instance.CloudOnDemandInstance object at 0x12613d810>: [(1, 39639.52000000005, None)], <resource_manager.instance.CloudOnDemandInstance object at 0x125e07b60>: [(1, 39639.52000000005, None)]}",82.48316532935924,45090.71965195311,39639.52000000005,13871.032461368502,1,18.98557944374906,40040.05600000005,45106.11965195311,False,,
lamf-test-2b83bd20-9a87-454f-8bc9-f6503da1f9d0,"{<resource_manager.instance.CloudOnDemandInstance object at 0x125e26780>: [(1, 40221.05600000003, None)], <resource_manager.instance.CloudOnDemandInstance object at 0x125e07b60>: [(2, 40221.05600000003, None)]}",93.14423892083788,45515.16293515505,40221.05600000003,14420.273392199502,2,22.936952739741862,40621.59200000003,45530.562935155045,False,,
lamf-test-33fae0e0-9739-4c13-8834-0589e7587a07,"{<resource_manager.instance.OnPremInstance object at 0x125e07770>: [(2, 40651.79200000003, None)]}",87.86109604520695,45644.75511265108,40651.79200000003,14421.273392199502,2,13.615083667323653,40651.79200000003,45660.155112651075,False,,
lamf-test-e5f8465a-4435-4b7a-801a-354ef982dcda,"{<resource_manager.instance.OnPremInstance object at 0x125e07770>: [(3, 40681.79200000003, None)]}",304.6031866584939,142218.8361857741,40681.79200000003,14422.387473111503,1,214.18939539128448,40681.79200000003,67504.42400000003,True,246.82717400888447,32.6377786176
lamf-test-fd51a7dd-bca8-4714-a851-595e00860b67,"{<resource_manager.instance.CloudOnDemandInstance object at 0x12613d810>: [(2, 40741.79200000003, None)], <resource_manager.instance.CloudOnDemandInstance object at 0x125e263f0>: [(1, 40741.79200000003, None)]}",86.19568247701017,45698.05616541648,40741.79200000003,14423.897594211503,3,15.124082942935404,41142.32800000003,45713.45616541647,False,,
lamf-test-56707fec-34cd-4c0e-a454-d4551f611032,"{<resource_manager.instance.OnPremInstance object at 0x125e07770>: [(4, 41173.12800000002, None)]}",312.7950515260771,142242.50219063705,41173.12800000002,14424.897594211503,3,88.10927675108371,41173.12800000002,55654.989000000016,True,111.60464803748371,23.495371286399994
lamf-test-f14e2551-1aeb-4008-9226-cf172ac76d45,"{<resource_manager.instance.OnPremInstance object at 0x125e07770>: [(2, 41233.12800000002, None)]}",113.07976716267329,45618.42685884144,41233.12800000002,14425.897594211503,2,10.704485751121627,41233.12800000002,45170.81600000001,True,13.898738256721623,3.1942525055999957
lamf-test-3bd57c11-f664-4998-9d53-96c6dc4f87c4,"{<resource_manager.instance.OnPremInstance object at 0x125e07770>: [(4, 41293.12800000002, None)]}",326.99178124993756,142435.90056436157,41293.12800000002,14427.023762945502,1,348.1424296904708,41293.12800000002,74226.40000000002,True,401.5733701832708,53.430940492800005
lamf-test-43098e09-15cf-41fe-b455-41529b19decc,"{<resource_manager.instance.OnPremInstance object at 0x125e07770>: [(4, 41323.12800000002, None)]}",67.69762432994189,28484.892281764325,41323.12800000002,14429.574862640002,1,0.16279564985924336,41323.12800000002,41338.52800000001,False,,
lamf-test-79b31340-0554-44ef-87de-f4504dbdfc60,"{<resource_manager.instance.OnPremInstance object at 0x125e07770>: [(6, 41413.328000000016, None)]}",304.54338810954675,141881.15877664866,41413.328000000016,14430.878456291503,1,274.0497227926078,41413.328000000016,58821.443000000014,True,316.41411145660777,42.364388663999996
lamf-test-e846f77b-9785-4a57-980e-5e6be4c30da6,"{<resource_manager.instance.OnPremInstance object at 0x125e07770>: [(3, 41773.92800000001, None)]}",318.0816768556553,142318.85060276382,41773.92800000001,14431.878456291503,3,155.22752452657988,41773.92800000001,75792.04,True,196.62076320817988,41.39323868159999
lamf-test-1bfc2de0-7e2f-450e-9736-96acfe81a2a7,"{<resource_manager.instance.OnPremInstance object at 0x125e07770>: [(5, 42254.727999999996, None)]}",88.34113338193856,45705.3558175716,42254.727999999996,14433.299337228502,1,45.60216080613636,42254.727999999996,45720.7558175716,False,,
lamf-test-ff8adf42-1018-4980-bdfd-c498e4f1b637,"{<resource_manager.instance.OnPremInstance object at 0x125e07770>: [(2, 42314.92799999999, None)]}",50.99968955238831,28529.280043207018,42314.92799999999,14434.347818493501,1,0.08315461251803077,42314.92799999999,42330.32799999999,False,,
lamf-test-9655ffad-b7de-4846-8625-1393b7fdfd45,"{<resource_manager.instance.OnPremInstance object at 0x125e07770>: [(3, 42344.92799999999, None)]}",323.69507710357215,142110.89692830993,42344.92799999999,14435.618719425502,1,132.68243668720046,42344.92799999999,58960.55999999998,True,152.90033770480045,20.21790101759999
lamf-test-d1831f12-882c-4e14-bb62-b9776ced5649,"{<resource_manager.instance.OnPremInstance object at 0x125e07770>: [(3, 42795.72799999998, None)]}",62.263052342770514,28566.130738507374,42795.72799999998,14436.618719425502,3,0.07027150353636404,42795.72799999998,42811.127999999975,False,,
lamf-test-9c4c82a6-08d5-47bd-9589-83ce8af6f468,"{<resource_manager.instance.OnPremInstance object at 0x125e07770>: [(6, 42946.32799999997, None)]}",291.9040113839834,142145.36422180818,42946.32799999997,14438.536008658502,3,95.32456308464526,42946.32799999997,53391.51699999998,True,120.74397503504528,25.419411950400015
lamf-test-0d7701be-3ce7-49c1-9391-e93bc28aface,"{<resource_manager.instance.OnPremInstance object at 0x125e07770>: [(2, 43216.72799999997, None)]}",74.93798997685712,28617.20663593321,43216.72799999997,14439.771477001503,3,0.046847669024242686,43216.72799999997,43232.12799999996,False,,
lamf-test-df81467a-4b45-4bf0-9c71-c38863eca94a,"{<resource_manager.instance.OnPremInstance object at 0x125e07770>: [(3, 43276.72799999997, None)]}",90.94794091988545,45640.59749451767,43276.72799999997,14440.771477001503,2,7.675004768401924,43276.72799999997,45655.997494517665,False,,
lamf-test-a691c5b1-12d1-40f2-af64-e72afc904125,"{<resource_manager.instance.CloudReservedInstance object at 0x126144290>: [(1, 43336.72799999997, None)], <resource_manager.instance.CloudReservedInstance object at 0x12613d450>: [(1, 43336.72799999997, None)], <resource_manager.instance.CloudOnDemandInstance object at 0x125e26780>: [(1, 43336.72799999997, None)], <resource_manager.instance.CloudOnDemandInstance object at 0x12613d810>: [(2, 43336.72799999997, None)]}",99.92248787916859,45597.061158712066,43336.72799999997,14444.584056977503,3,12.115090205327135,43336.72799999997,45612.46115871206,False,,
lamf-test-08f07093-2907-4ba0-a255-32c22f0fcc78,"{<resource_manager.instance.CloudReservedInstance object at 0x12613d450>: [(2, 43457.12799999996, None)], <resource_manager.instance.CloudReservedInstance object at 0x12613d1d0>: [(1, 43457.12799999996, None)]}",298.09142219625704,142137.4144416205,43457.12799999996,14446.184387711502,3,41.85544646173978,43457.12799999996,64095.525457203075,True,64.01282997179305,22.157383510053265
lamf-test-2809816c-7bfc-46e3-bb73-0ce9925ea853,"{<resource_manager.instance.OnPremInstance object at 0x125e07770>: [(2, 43487.12799999996, None)]}",50.90207279429441,28610.967242582446,43487.12799999996,14447.184387711502,1,0.08315461251803077,43487.12799999996,43502.527999999955,False,,
lamf-test-327a626d-9865-47f8-8ba0-52996ec1940c,"{<resource_manager.instance.OnPremInstance object at 0x125e07770>: [(4, 43907.527999999955, None)]}",74.39841740073138,28587.49566847251,43907.527999999955,14448.184387711502,1,0.16279564985924336,43907.527999999955,43922.92799999995,False,,
lamf-test-44149545-c52b-4763-ae20-c3268c37dc6f,"{<resource_manager.instance.OnPremInstance object at 0x125e07770>: [(6, 43997.527999999955, None)]}",109.24225266973586,45525.24233607151,43997.527999999955,14449.184387711502,2,7.150509240878159,43997.527999999955,45652.02999999995,False,,
lamf-test-457a1c73-20e1-45f7-a144-19901295fb3b,"{<resource_manager.instance.CloudReservedInstance object at 0x12613d1d0>: [(2, 44057.527999999955, None)], <resource_manager.instance.CloudReservedInstance object at 0x125e262c0>: [(1, 44057.527999999955, None)], <resource_manager.instance.CloudOnDemandInstance object at 0x125e26780>: [(1, 44057.527999999955, None)]}",49.05334152829353,28612.31272866994,44057.527999999955,14450.475368879503,1,0.11672877531873806,44057.527999999955,44072.92799999995,False,,
lamf-test-dd9abd19-48be-42ba-b1bc-fa915a5dcef1,"{<resource_manager.instance.CloudReservedInstance object at 0x12613d1d0>: [(2, 44117.72799999995, None)], <resource_manager.instance.CloudReservedInstance object at 0x125e262c0>: [(1, 44117.72799999995, None)], <resource_manager.instance.CloudOnDemandInstance object at 0x125e26780>: [(1, 44117.72799999995, None)]}",320.9475259671587,142128.64288790326,44117.72799999995,14451.992311235503,2,565.4164556957198,44117.72799999995,142144.04288790328,False,,
lamf-test-6f2e770b-ffa0-4b22-be2e-700e1acc453c,"{<resource_manager.instance.OnPremInstance object at 0x125e07770>: [(6, 44628.72799999994, None)]}",314.03861715723247,141960.27680737092,44628.72799999994,14453.836045727503,3,91.71781884553954,44628.72799999994,54678.70799999993,True,116.17545017353953,24.45763132799999
lamf-test-32172143-1bae-4833-a5f0-e53bac6ac6d4,"{<resource_manager.instance.OnPremInstance object at 0x125e07770>: [(6, 44658.72799999994, None)]}",101.07515126388836,45639.94478564734,44658.72799999994,14456.537862344503,1,15.68938129355932,44658.72799999994,45655.344785647336,False,,
lamf-test-3b06725f-04eb-4610-a2d8-34a69a9c127f,"{<resource_manager.instance.OnPremInstance object at 0x125e07770>: [(5, 44839.12799999993, None)]}",123.85755114021583,45668.96715614908,44839.12799999993,14457.537862344503,3,6.4281630249383666,44839.12799999993,45684.36715614908,False,,
lamf-test-73802176-7b43-45cb-be2f-758b39305344,"{<resource_manager.instance.OnPremInstance object at 0x125e07770>: [(4, 45019.527999999926, None)]}",57.80879755607951,28616.443486421384,45019.527999999926,14459.174014050503,3,0.09369533804848537,45019.527999999926,45034.92799999992,False,,
lamf-test-bfb0cddb-1544-48a4-b06e-9eadc91468fd,"{<resource_manager.instance.OnPremInstance object at 0x125e07770>: [(6, 45109.72799999992, None)]}",95.51732021748852,45740.89294233524,45109.72799999992,14461.309666176503,2,2.794356607001083,45109.72799999992,45756.29294233523,False,,
lamf-test-3e227187-9182-4a9b-bf09-75d5b5a39b59,"{<resource_manager.instance.OnPremInstance object at 0x125e07770>: [(2, 45139.92799999992, None)]}",320.9833484047092,142250.65750602804,45139.92799999992,14462.309666176503,2,50.92358797615647,45139.92799999992,63872.37399999992,True,66.11934817135648,15.195760195200002
lamf-test-0fdcad07-bf2d-4d92-8354-0c4ee7d909cf,"{<resource_manager.instance.OnPremInstance object at 0x125e07770>: [(6, 45169.92799999992, None)]}",57.46774388158159,28559.349227321323,45169.92799999992,14463.309666176503,1,0.24243668720045594,45169.92799999992,45185.327999999914,False,,
lamf-test-f86b8860-b2ed-456c-9f30-6f6a9139ebf4,"{<resource_manager.instance.CloudOnDemandInstance object at 0x125e26780>: [(4, 45200.12799999992, None)], <resource_manager.instance.CloudOnDemandInstance object at 0x12613d810>: [(1, 45200.12799999992, None)]}",305.1378797801942,142550.17827273428,45200.12799999992,14464.309666176503,3,484.2811656693118,45600.66399999992,115953.60630428638,False,,
lamf-test-a37f5b70-4c4f-44b3-a817-99539c326610,"{<resource_manager.instance.CloudOnDemandInstance object at 0x125e26780>: [(1, 45631.6639999999, None)], <resource_manager.instance.CloudOnDemandInstance object at 0x12613d810>: [(3, 45631.6639999999, None)]}",57.694188998700625,28552.010367321098,45631.6639999999,14465.309666176503,3,1.5816259791618914,46032.1999999999,46047.5999999999,False,,
lamf-test-a0961e5f-36f8-49a0-be25-041d077e1525,"{<resource_manager.instance.OnPremInstance object at 0x125e07770>: [(2, 46062.3999999999, None)]}",302.7913218356865,142208.54604226977,46062.3999999999,14468.092646359502,2,28.10097685876386,46062.3999999999,56399.45699999989,True,36.48639749716386,8.385420638399994
lamf-test-e9e3c180-3644-4ec5-bd7f-fb857cf9758f,"{<resource_manager.instance.OnPremInstance object at 0x125e07770>: [(5, 46092.3999999999, None)]}",277.1468078662494,142220.56821592047,46092.3999999999,14469.165224467502,1,58.94263540953675,46092.3999999999,50572.38099999989,True,68.02803687753674,9.085401467999985
lamf-test-9329565e-0cc9-410e-9937-6b7537e158ae,"{<resource_manager.instance.OnPremInstance object at 0x125e07770>: [(6, 46122.3999999999, None)]}",289.93639360238836,142084.38541703616,46122.3999999999,14470.165224467502,1,141.0833853524982,46122.3999999999,55084.26199999989,True,162.8929727156982,21.809587363199988
lamf-test-f542227f-df52-4f0c-ae96-9700636101a5,"{<resource_manager.instance.OnPremInstance object at 0x125e07770>: [(6, 46152.3999999999, None)]}",98.85116440229747,45654.60969589178,46152.3999999999,14474.120442740503,3,0.14054300707272807,46152.3999999999,46167.799999999894,False,,
lamf-test-9aa73522-f6c8-49a8-a56a-28cd17720766,"{<resource_manager.instance.CloudReservedInstance object at 0x126144290>: [(1, 46182.3999999999, None)], <resource_manager.instance.CloudReservedInstance object at 0x12613d450>: [(1, 46182.3999999999, None)], <resource_manager.instance.CloudOnDemandInstance object at 0x125e26780>: [(1, 46182.3999999999, None)], <resource_manager.instance.CloudOnDemandInstance object at 0x12613d810>: [(3, 46182.3999999999, None)]}",99.02000673984057,46259.271806883604,46182.3999999999,15021.530246261504,1,1.0385753607717219,46182.3999999999,46274.6718068836,False,,
lamf-test-20435df7-63e4-419e-8d22-d33076e8dcf2,"{<resource_manager.instance.OnPremInstance object at 0x125e07770>: [(2, 46212.5999999999, None)]}",307.8323914198774,142754.0146108149,46212.5999999999,15025.829520098503,2,35.83451225278691,46212.5999999999,59394.46899999989,True,46.5276443855869,10.693132132799994
lamf-test-79eb9a19-2e44-423f-814a-791df0f7734e,"{<resource_manager.instance.OnPremInstance object at 0x125e07770>: [(2, 46242.5999999999, None)]}",110.61449386789155,46124.773264845135,46242.5999999999,15029.234466218502,3,0.046847669024242686,46242.5999999999,46257.99999999989,False,,
lamf-test-7f97cbae-fe7b-4dba-87f8-0ca2882583a5,"{<resource_manager.instance.CloudOnDemandInstance object at 0x125e26780>: [(1, 46272.99999999989, None)], <resource_manager.instance.CloudOnDemandInstance object at 0x12613d810>: [(3, 46272.99999999989, None)]}",101.33638951109616,46148.26424304775,46272.99999999989,15034.527158630503,2,1.8453937679947554,46673.53599999989,46688.935999999885,False,,
lamf-test-6c201a0a-e193-4746-b7c6-ff82b4d5eeef,"{<resource_manager.instance.OnPremInstance object at 0x125e07770>: [(6, 46704.13599999988, None)]}",319.4947582934635,142880.44044383732,46704.13599999988,15035.527158630503,2,64.64495529460217,46704.13599999988,61661.840999999884,True,101.04602618260218,36.40107088800001
lamf-test-4b6bc7a8-825f-4ed7-a11d-b9402493f256,"{<resource_manager.instance.OnPremInstance object at 0x125e07770>: [(2, 46734.13599999988, None)]}",315.0940754980354,142714.79104237814,46734.13599999988,15037.159530519002,2,45.86848471920955,46734.13599999988,63607.04199999988,True,59.555786066409546,13.687301347199996
lamf-test-0c64519c-480b-40a3-83cb-e32930215173,"{<resource_manager.instance.OnPremInstance object at 0x125e07770>: [(4, 46764.13599999988, None)]}",305.2027703895845,142711.00469048612,46764.13599999988,15050.085498696502,3,151.20113164499202,46764.13599999988,71615.93199999988,True,191.520685475392,40.319553830400004
lamf-test-545db71e-0ac4-4fd9-bae7-0ae698ee188a,"{<resource_manager.instance.OnPremInstance object at 0x125e07770>: [(5, 46794.13599999988, None)]}",303.0498265026395,142883.41840672915,46794.13599999988,15051.085498696502,2,19.325760231103644,46794.13599999988,51623.40499999988,True,29.119517763103644,9.793757531999999
lamf-test-4f1fe545-8677-4a84-8abf-5cf06961f85c,"{<resource_manager.instance.CloudReservedInstance object at 0x126144290>: [(1, 46824.13599999988, None)], <resource_manager.instance.CloudReservedInstance object at 0x12613d450>: [(1, 46824.13599999988, None)], <resource_manager.instance.CloudOnDemandInstance object at 0x125e26780>: [(2, 46824.13599999988, None)], <resource_manager.instance.CloudOnDemandInstance object at 0x12613d810>: [(2, 46824.13599999988, None)]}",310.3840944895742,142632.9979624557,46824.13599999988,15064.918916419503,2,550.4490335549318,46824.13599999988,113215.33891765437,True,1037.016881497838,486.5678479429062
lamf-test-6e9b564f-bd08-4a74-adb5-0f54b0e3a954,"{<resource_manager.instance.OnPremInstance object at 0x125e07770>: [(2, 46854.13599999988, None)]}",95.10170299612852,46247.16226500581,46854.13599999988,15066.201194908503,2,0.04186443429931751,46854.13599999988,46869.53599999988,False,,
lamf-test-cf5ee26c-33df-418f-9253-bf22cfb1db3e,"{<resource_manager.instance.CloudOnDemandInstance object at 0x12613d810>: [(3, 46884.13599999988, None)]}",86.78911405093122,46153.73834851,46884.13599999988,15067.201194908503,3,0.9489755874971348,47284.67199999988,47300.07199999988,False,,
lamf-test-20bd965c-e3af-463e-ad6b-f7ce4b078baa,"{<resource_manager.instance.OnPremInstance object at 0x125e07770>: [(5, 47314.67199999988, None)]}",49.20241958092055,29264.646899103398,47314.67199999988,15069.195263331003,2,0.06162769304399561,47314.67199999988,47330.07199999988,False,,
lamf-test-d80357f1-4d3d-475b-a1da-53fbb3ddaa84,"{<resource_manager.instance.CloudOnDemandInstance object at 0x12613d810>: [(5, 47344.67199999988, None)], <resource_manager.instance.CloudOnDemandInstance object at 0x125e07b60>: [(1, 47344.67199999988, None)]}",308.2995677163823,142875.1018552174,47344.67199999988,15072.922529802003,1,825.9469156242343,47745.20799999988,142890.5018552174,False,,
lamf-test-0b008ed2-19e2-4099-a5b7-5ad49013ab38,"{<resource_manager.instance.OnPremInstance object at 0x125e07770>: [(6, 48195.80799999987, None)]}",98.70843455961634,46354.04622329347,48195.80799999987,15080.021439561004,3,0.14054300707272807,48195.80799999987,48211.20799999987,False,,
lamf-test-e31740c1-403e-4c71-8a7f-0330adf6a272,"{<resource_manager.instance.OnPremInstance object at 0x125e07770>: [(5, 48255.80799999987, None)]}",51.6673689623557,29160.04198276945,48255.80799999987,15081.133491069004,1,0.20261616852984965,48255.80799999987,48271.20799999987,False,,
lamf-test-ff97215d-d288-4a40-9a08-b29190e7eee1,"{<resource_manager.instance.OnPremInstance object at 0x125e07770>: [(4, 48285.80799999987, None)]}",50.90199713640601,29674.65822495592,48285.80799999987,15622.393750875004,1,0.16279564985924336,48285.80799999987,48301.20799999987,False,,
lamf-test-0b722e5a-870b-4bb2-acf4-7c5f987aee07,"{<resource_manager.instance.OnPremInstance object at 0x125e07770>: [(4, 48315.80799999987, None)]}",60.84882595404457,29762.514161587435,48315.80799999987,15625.743386700004,3,0.09369533804848537,48315.80799999987,48331.20799999987,False,,
lamf-test-86bee4c0-8211-4364-b2b2-315ff254f448,"{<resource_manager.instance.OnPremInstance object at 0x125e07770>: [(4, 48375.80799999987, None)]}",60.879551145103115,29784.47407687862,48375.80799999987,15632.240778495003,1,0.16279564985924336,48375.80799999987,48391.20799999987,False,,
lamf-test-1fb51fa6-4d43-412b-9a86-c51ec772c644,"{<resource_manager.instance.OnPremInstance object at 0x125e07770>: [(5, 48436.00799999987, None)]}",79.83864331738259,30026.913128224824,48436.00799999987,15633.240778495003,3,0.11711917256060674,48436.00799999987,48451.407999999865,False,,
lamf-test-ea68f53d-4ebe-4fb8-83dd-aa5b6c6a2310,"{<resource_manager.instance.OnPremInstance object at 0x125e07770>: [(4, 48496.00799999987, None)]}",110.2774483129196,46883.40960754986,48496.00799999987,15645.096574618003,3,0.09369533804848537,48496.00799999987,48511.407999999865,False,,
lamf-test-ed127e72-be6f-436a-8fe9-27a8ad06a858,"{<resource_manager.instance.OnPremInstance object at 0x125e07770>: [(6, 48556.00799999987, None)]}",328.19458272409565,143566.4803926363,48556.00799999987,15650.736033184003,3,167.9820488250057,48556.00799999987,66962.64099999987,True,212.7764308938057,44.794382068800005
lamf-test-6250b41b-6866-44ee-9930-467c8f1f7d45,"{<resource_manager.instance.OnPremInstance object at 0x125e07770>: [(6, 49036.80799999986, None)]}",92.1601820634213,46873.539038145245,49036.80799999986,15653.629461706003,3,0.14054300707272807,49036.80799999986,49052.20799999985,False,,
lamf-test-4c84a4d8-5052-4c6f-afd2-7c5df767217c,"{<resource_manager.instance.OnPremInstance object at 0x125e07770>: [(6, 49096.80799999986, None)]}",71.28909006291121,29753.07147330538,49096.80799999986,15655.541500891002,1,0.24243668720045594,49096.80799999986,49112.20799999985,False,,
lamf-test-e1378e61-db93-479c-b4b7-359d51f2c742,"{<resource_manager.instance.OnPremInstance object at 0x125e07770>: [(6, 49156.80799999986, None)]}",52.48076757861521,29922.271938994953,49156.80799999986,15659.945866498003,1,0.24243668720045594,49156.80799999986,49172.20799999985,False,,
lamf-test-56573715-8535-4ef6-86b5-dcb681b21f75,"{<resource_manager.instance.CloudOnDemandInstance object at 0x125e07b60>: [(2, 49187.007999999856, None)]}",309.32301155717374,143688.6660810259,49187.007999999856,15664.996372690002,2,216.53304856011184,49587.543999999856,143704.06608102593,False,,
lamf-test-a8f2c75b-6fbc-476d-891d-92f88bfed8de,"{<resource_manager.instance.OnPremInstance object at 0x125e07770>: [(6, 49708.74399999984, None)]}",60.82789615796186,29908.715206110464,49708.74399999984,15665.996372690002,2,0.06655648787942382,49708.74399999984,49724.14399999983,False,,
lamf-test-7c4919b0-6563-4e4b-a109-6e7eddf9dab2,"{<resource_manager.instance.OnPremInstance object at 0x125e07770>: [(4, 49768.74399999984, None)]}",284.9077105670405,143400.59997123462,49768.74399999984,15666.996372690002,3,155.8793216214161,49768.74399999984,75389.45899999984,True,197.4463696374161,41.56704801600001
lamf-test-2b8a61cc-a82b-4153-b888-886b130ebdcb,"{<resource_manager.instance.OnPremInstance object at 0x125e07770>: [(6, 50368.943999999836, None)]}",288.0380279745152,143698.05655345134,50368.943999999836,15672.857105490002,1,258.4217186858317,50368.943999999836,66784.34099999984,True,298.37022882503175,39.94851013920001
lamf-test-ecb2683b-9e41-48ec-91a2-6a6d38c45b39,"{<resource_manager.instance.OnPremInstance object at 0x125e07770>: [(2, 50398.943999999836, None)]}",329.9077900544537,143632.4190827863,50398.943999999836,15673.857105490002,3,140.5531584150886,50398.943999999836,96602.28099999984,True,178.03330538948862,37.48014697440001
lamf-test-69f3610c-edfc-431a-ac62-c6c3e7603585,"{<resource_manager.instance.OnPremInstance object at 0x125e07770>: [(5, 50609.54399999983, None)]}",101.55343618416583,46904.483769328595,50609.54399999983,15678.593356807001,1,0.20261616852984965,50609.54399999983,50624.94399999982,False,,
lamf-test-db07f320-f70e-4581-b141-d95e0791351c,"{<resource_manager.instance.OnPremInstance object at 0x125e07770>: [(4, 50639.54399999983, None)]}",67.5503798079176,29731.23803216163,50639.54399999983,15682.132527682,2,0.05608928259914327,50639.54399999983,50654.94399999982,False,,
lamf-test-f73d4880-234f-4ef4-b427-8c893deb0ab7,"{<resource_manager.instance.OnPremInstance object at 0x125e07770>: [(5, 50669.54399999983, None)]}",289.55899307824876,143235.5699996078,50669.54399999983,15683.132527682,2,73.64722614606964,50669.54399999983,69073.07699999983,True,110.96959107006964,37.322364924000006
lamf-test-870691de-e40a-44a6-b524-758dc9ee2699,"{<resource_manager.instance.OnPremInstance object at 0x125e07770>: [(6, 50729.54399999983, None)]}",318.593861795503,143734.84119726036,50729.54399999983,16226.748899579,3,59.236294775268036,50729.54399999983,57220.36099999982,True,75.03234702646803,15.79605225119999
lamf-test-787e33de-2c34-4cf0-bd9d-1f6b1a5da962,"{<resource_manager.instance.OnPremInstance object at 0x125e07770>: [(3, 51540.94399999981, None)]}",98.72547788684845,47623.29335118648,51540.94399999981,16229.188995038001,1,0.12297513118863707,51540.94399999981,51556.3439999998,False,,
lamf-test-95b7467a-1a49-4273-9a59-d080cf448191,"{<resource_manager.instance.OnPremInstance object at 0x125e07770>: [(6, 51570.94399999981, None)]}",303.1008089718593,143920.9639929771,51570.94399999981,16230.276720548001,1,180.18409377138943,51570.94399999981,63016.5509999998,True,208.0381229665894,27.854029195199992
lamf-test-4b6ef0de-0d6b-4c17-a583-0b04e2222603,"{<resource_manager.instance.OnPremInstance object at 0x125e07770>: [(6, 51600.94399999981, None)]}",304.5800255914627,144188.74381906696,51600.94399999981,16231.276720548001,2,51.49836773881452,51600.94399999981,63516.7599999998,True,80.4966975564145,28.99832981759998
lamf-test-dfcd1cfc-af92-4194-9a51-c980d70402e7,"{<resource_manager.instance.OnPremInstance object at 0x125e07770>: [(5, 51661.143999999804, None)]}",104.89919658381315,47379.94668028432,51661.143999999804,16234.833099081001,2,0.06162769304399561,51661.143999999804,51676.5439999998,False,,
lamf-test-3caf5282-95cc-4847-bdc6-12864fd51ff6,"{<resource_manager.instance.OnPremInstance object at 0x125e07770>: [(2, 51691.143999999804, None)]}",88.21646259362132,47207.69396417995,51691.143999999804,16235.83809273,1,0.08315461251803077,51691.143999999804,51706.5439999998,False,,
lamf-test-76f31f64-e074-4b6a-9579-e22c37b55e69,"{<resource_manager.instance.OnPremInstance object at 0x125e07770>: [(5, 51721.143999999804, None)]}",57.885218243385175,30509.81886941826,51721.143999999804,16264.493571678,3,0.11711917256060674,51721.143999999804,51736.5439999998,False,,
lamf-test-9e038649-678e-4ec1-8038-665a8a0ccdab,"{<resource_manager.instance.OnPremInstance object at 0x125e07770>: [(6, 51751.143999999804, None)]}",305.1144082584737,144015.11219463902,51751.143999999804,16277.889596151,1,342.63803696098563,51751.143999999804,73516.1079999998,True,395.6052533513856,52.967216390400004
lamf-test-816ecb3f-0729-4858-99cd-1237c929b94a,"{<resource_manager.instance.OnPremInstance object at 0x125e07770>: [(6, 51841.143999999804, None)]}",325.447174391888,143911.64696358645,51841.143999999804,16280.098475118,1,125.49158932238198,51841.143999999804,59812.58799999981,True,144.890895440782,19.39930611840001
lamf-test-9dd25f94-b2d8-4857-adb4-87c377066854,"{<resource_manager.instance.OnPremInstance object at 0x125e07770>: [(3, 51871.143999999804, None)]}",304.2337725718405,144343.22711112772,51871.143999999804,16281.098475118,2,49.66826583441313,51871.143999999804,67268.4229999998,True,68.40367492161313,18.735409087200004
lamf-test-5d4708b4-be70-4e57-95c0-9df21e198378,"{<resource_manager.instance.OnPremInstance object at 0x125e07770>: [(5, 52711.3439999998, None)]}",119.73047030526563,48036.70456808465,52711.3439999998,16824.774548395002,1,0.20261616852984965,52711.3439999998,52726.743999999795,False,,
lamf-test-fe21cf99-74f2-4c6e-92c0-836166b37c9b,"{<resource_manager.instance.OnPremInstance object at 0x125e07770>: [(3, 52741.3439999998, None)]}",306.6266107573227,144637.80983459568,52741.3439999998,16828.748936995,3,40.59739447866758,52741.3439999998,61638.2629999998,True,51.42316551786759,10.825771039200003
lamf-test-af303474-9c6d-4cd6-af46-9ee1b2d1d0c4,"{<resource_manager.instance.OnPremInstance object at 0x125e07770>: [(6, 53402.14399999979, None)]}",83.47238892971743,48021.618687842834,53402.14399999979,16834.679041939,3,0.14054300707272807,53402.14399999979,53417.54399999978,False,,
lamf-test-48887eaf-7764-41b1-8a24-eb297e7a4537,"{<resource_manager.instance.OnPremInstance object at 0x125e07770>: [(6, 53462.14399999979, None)]}",92.60848910013964,47976.85844169696,53462.14399999979,16836.610345948,1,0.24243668720045594,53462.14399999979,53477.54399999978,False,,
lamf-test-70da499d-f492-45a5-857f-ba98849424d5,"{<resource_manager.instance.OnPremInstance object at 0x125e07770>: [(4, 53522.14399999979, None)]}",105.64492540905647,47937.79591111512,53522.14399999979,16843.678897051,3,0.09369533804848537,53522.14399999979,53537.54399999978,False,,
lamf-test-41153241-bf67-4ba2-bd57-821911347a85,"{<resource_manager.instance.OnPremInstance object at 0x125e07770>: [(3, 53552.14399999979, None)]}",99.23133172494114,47997.50927645678,53552.14399999979,16849.428228637,3,0.07027150353636404,53552.14399999979,53567.54399999978,False,,
lamf-test-6557112d-0dd1-4a4f-956a-4810ab29fb87,"{<resource_manager.instance.OnPremInstance object at 0x125e07770>: [(5, 53642.14399999979, None)]}",284.1643475390076,144137.98937347886,53642.14399999979,16850.428228637,3,155.08499505665839,53642.14399999979,74034.2699999998,True,196.4402265846584,41.35523152800002
lamf-test-9c88980c-fc13-42ba-ae80-9214e850b23c,"{<resource_manager.instance.OnPremInstance object at 0x125e07770>: [(3, 53702.54399999978, None)]}",56.88278421553064,30901.61108612067,53702.54399999978,16851.99915014,2,0.049677043187284775,53702.54399999978,53717.94399999978,False,,
lamf-test-599db447-ffc5-4f67-bbdb-15246291d10d,"{<resource_manager.instance.OnPremInstance object at 0x125e07770>: [(4, 53762.74399999978, None)]}",58.09494942769889,30755.081926340325,53762.74399999978,16852.99915014,3,0.09369533804848537,53762.74399999978,53778.143999999775,False,,
lamf-test-67a1a99a-4314-4946-83c9-ed2acd2c23fe,"{<resource_manager.instance.OnPremInstance object at 0x125e07770>: [(2, 53792.74399999978, None)]}",104.56386159081104,48066.53615056678,53792.74399999978,16856.402307645,2,0.04186443429931751,53792.74399999978,53808.143999999775,False,,
lamf-test-1bd3ea85-4b86-41d6-88ae-4d09629a5e9f,"{<resource_manager.instance.OnPremInstance object at 0x125e07770>: [(5, 53882.74399999978, None)]}",91.30297666017438,48001.66204079475,53882.74399999978,16859.943710859,2,0.06162769304399561,53882.74399999978,53898.143999999775,False,,
lamf-test-04e82c6f-21eb-4e35-8244-b06d0737db1d,"{<resource_manager.instance.OnPremInstance object at 0x125e07770>: [(5, 53942.74399999978, None)]}",95.5159501731966,48302.89301767737,53942.74399999978,16869.647649723,2,0.06162769304399561,53942.74399999978,53958.143999999775,False,,
lamf-test-227b9038-f251-4152-94eb-43a9fb1d09b6,"{<resource_manager.instance.OnPremInstance object at 0x125e07770>: [(5, 54002.94399999978, None)]}",66.25196628808428,31099.35884083694,54002.94399999978,16870.726888401,2,0.06162769304399561,54002.94399999978,54018.34399999977,False,,
lamf-test-b20c0974-09ea-4c80-b141-7811b8b20475,"{<resource_manager.instance.CloudReservedInstance object at 0x125e262c0>: [(2, 54032.94399999978, None)]}",96.38631983638818,47969.50866756969,54032.94399999978,16873.559105733002,1,0.08315461251803077,54032.94399999978,54048.34399999977,False,,
lamf-test-ab19fe1e-973b-44c8-a2b5-9c88f8dd630c,"{<resource_manager.instance.OnPremInstance object at 0x125e07770>: [(5, 54062.94399999978, None)]}",310.22675767562004,145250.67777925555,54062.94399999978,17435.565653997,3,127.8232108905621,54062.94399999978,70870.41799999979,True,161.90876816256213,34.08555727200002
lamf-test-38119ffa-10d5-4f96-9e4f-d7aa2d684f4c,"{<resource_manager.instance.OnPremInstance object at 0x125e07770>: [(5, 54182.94399999978, None)]}",315.0920376046709,145301.2486002302,54182.94399999978,17445.560477316,2,85.5483900576951,54182.94399999978,75560.43099999978,True,128.9019336936951,43.353543636
lamf-test-0edb2b7d-ea79-4551-a1d6-40e8f4f75204,"{<resource_manager.instance.OnPremInstance object at 0x125e07770>: [(2, 54213.143999999775, None)]}",49.09599477194767,31447.61397006023,54213.143999999775,17455.203028404,3,0.046847669024242686,54213.143999999775,54228.54399999977,False,,
lamf-test-fb5bb86a-097c-4cce-b52f-faf7de14091c,"{<resource_manager.instance.OnPremInstance object at 0x125e07770>: [(5, 54243.143999999775, None)]}",310.7135837098068,145254.24666169222,54243.143999999775,17457.444930798,2,31.930924492599036,54243.143999999775,62222.287999999775,True,48.11262852459903,16.181704032
lamf-test-ffa00229-4854-4a3b-9050-ac62a552280b,"{<resource_manager.instance.OnPremInstance object at 0x125e07770>: [(2, 54273.143999999775, None)]}",328.09484391630104,145303.0265252594,54273.143999999775,17461.404105212998,3,82.2071731690623,54273.143999999775,81296.69699999978,True,104.12867936266231,21.921506193600006
lamf-test-404b381d-5a0f-4cbc-ae4f-02ebbbeb7a4d,"{<resource_manager.instance.OnPremInstance object at 0x125e07770>: [(6, 54663.54399999977, None)]}",54.32250531179826,31678.11632455059,54663.54399999977,17465.022878369997,1,0.24243668720045594,54663.54399999977,54678.94399999976,False,,
lamf-test-1945932c-936e-4e58-b59b-8fc5fe0a5a90,"{<resource_manager.instance.OnPremInstance object at 0x125e07770>: [(4, 54723.54399999977, None)]}",307.9539703217035,145204.2477565854,54723.54399999977,17466.022878369997,1,89.5550815271123,54723.54399999977,63195.19699999977,True,103.29949135431231,13.744409827199997
lamf-test-05011c3e-5178-4e8c-a944-565636c84b62,"{<resource_manager.instance.CloudReservedInstance object at 0x125e262c0>: [(2, 54753.54399999977, None)]}",311.6110618417853,144955.15430794607,54753.54399999977,17467.153481874997,2,146.84156059211557,54753.54399999977,108769.80078134581,True,210.23503955070328,63.39347895858771
lamf-test-01d3dab5-d631-4e94-b48f-123fd1e6d0ca,"{<resource_manager.instance.OnPremInstance object at 0x125e07770>: [(3, 54783.54399999977, None)]}",62.28353144846482,31568.267596086276,54783.54399999977,17468.668685859997,1,0.12297513118863707,54783.54399999977,54798.94399999976,False,,
lamf-test-e42daae1-319e-4d66-892f-ff458cefa185,"{<resource_manager.instance.OnPremInstance object at 0x125e07770>: [(5, 54843.54399999977, None)]}",331.8539601540227,145149.9036744684,54843.54399999977,17472.364475112496,3,179.0409156589854,54843.54399999977,78385.63399999976,True,226.78427417898536,47.74335851999997
lamf-test-64767f79-cec9-4cb3-b8c5-46b3e86d20f8,"{<resource_manager.instance.OnPremInstance object at 0x125e07770>: [(4, 54963.743999999766, None)]}",283.87618715962776,145043.25678868374,54963.743999999766,17480.699947794994,2,89.80872428626625,54963.743999999766,79621.82999999975,True,129.81400301266623,40.00527872639998
lamf-test-4f40bb80-4246-4e5c-807f-5b2f111e8553,"{<resource_manager.instance.OnPremInstance object at 0x125e07770>: [(4, 55835.54399999974, None)]}",300.28901978300945,145046.83176563613,55835.54399999974,17481.699947794994,3,77.05456536618755,55835.54399999974,68500.42499999974,True,97.60206830058755,20.5475029344
lamf-test-428fc4b3-a829-4902-849a-b2c3bb41b1dd,"{<resource_manager.instance.OnPremInstance object at 0x125e07770>: [(6, 56466.543999999725, None)]}",111.95659614535904,49140.59595888422,56466.543999999725,18027.907695154994,3,0.14054300707272807,56466.543999999725,56481.94399999972,False,,
lamf-test-9638132b-b89e-4ce9-a020-504ebe7f7390,"{<resource_manager.instance.OnPremInstance object at 0x125e07770>: [(3, 56526.543999999725, None)]}",103.1682902438305,48994.03133366054,56526.543999999725,18030.893337661993,2,0.049677043187284775,56526.543999999725,56541.94399999972,False,,
lamf-test-6ebb2b55-7f25-4fcc-998e-d62668ae8460,"{<resource_manager.instance.OnPremInstance object at 0x125e07770>: [(6, 56556.74399999972, None)]}",60.69367071554156,32371.24843319498,56556.74399999972,18037.293353575995,2,0.06655648787942382,56556.74399999972,56572.14399999972,False,,
lamf-test-5704a2cc-027b-4370-a7eb-9804c4d8380a,"{<resource_manager.instance.OnPremInstance object at 0x125e07770>: [(5, 56586.74399999972, None)]}",328.518781280289,145537.35968375555,56586.74399999972,18038.293353575995,3,124.80449463837553,56586.74399999972,72997.28699999972,True,158.08507584237552,33.28058120399999
lamf-test-4bdc3b38-4b50-41c5-90d1-8319dfa6ef3f,"{<resource_manager.instance.OnPremInstance object at 0x125e07770>: [(5, 56646.74399999972, None)]}",321.16833722466623,145881.47117210395,56646.74399999972,18039.293353575995,2,59.60586451436761,56646.74399999972,71541.51399999972,True,89.8124580743676,30.20659355999999
lamf-test-cbaeac35-da39-4580-bb48-6f69d435e1ef,"{<resource_manager.instance.OnPremInstance object at 0x125e07770>: [(6, 56676.94399999972, None)]}",59.97502759856391,32315.144293507597,56676.94399999972,18040.293353575995,2,0.06655648787942382,56676.94399999972,56692.34399999971,False,,
lamf-test-faec5c90-186b-4555-954c-a8baf4f027a2,"{<resource_manager.instance.OnPremInstance object at 0x125e07770>: [(4, 56737.54399999971, None)]}",104.23072108364673,49258.84082431515,56737.54399999971,18041.692382812995,3,0.09369533804848537,56737.54399999971,56752.943999999705,False,,
lamf-test-0967a8c1-fdb4-4be1-a916-cc022480b089,"{<resource_manager.instance.OnPremInstance object at 0x125e07770>: [(2, 56767.54399999971, None)]}",89.68473907463206,49033.96597425302,56767.54399999971,18043.606637032994,1,0.08315461251803077,56767.54399999971,56782.943999999705,False,,
lamf-test-d392fb46-3ada-4299-920d-04b5ae462e49,"{<resource_manager.instance.OnPremInstance object at 0x125e07770>: [(4, 56827.54399999971, None)]}",53.88118833696197,32167.268056647856,56827.54399999971,18044.606637032994,2,0.05608928259914327,56827.54399999971,56842.943999999705,False,,
lamf-test-b4f2a445-161d-42de-8bf2-99cedcdf1a1d,"{<resource_manager.instance.OnPremInstance object at 0x125e07770>: [(2, 56887.54399999971, None)]}",317.30210148260704,145827.27389620102,56887.54399999971,18056.014667118492,2,48.64246019446002,56887.54399999971,74780.86799999971,True,63.157524623260024,14.5150644288
lamf-test-c7f36b6d-6d0e-497a-bed2-ab51e4200e00,"{<resource_manager.instance.OnPremInstance object at 0x125e07770>: [(6, 57157.74399999971, None)]}",67.30455789142538,32156.959670388627,57157.74399999971,18057.743431491494,2,0.06655648787942382,57157.74399999971,57173.1439999997,False,,
lamf-test-902ad2da-a958-4f6f-a105-0cf09133c223,"{<resource_manager.instance.OnPremInstance object at 0x125e07770>: [(4, 57248.1439999997, None)]}",319.6161610919672,145720.79035895536,57248.1439999997,18058.743431491494,3,60.581215301543786,57248.1439999997,67205.4239999997,True,76.73590637354377,16.154691071999984
lamf-test-5c066d18-4f49-4722-a66a-a3c4e7ab30cb,"{<resource_manager.instance.OnPremInstance object at 0x125e07770>: [(3, 57398.3439999997, None)]}",105.95282638563052,49197.797968154046,57398.3439999997,18059.743431491494,3,0.07027150353636404,57398.3439999997,57413.74399999969,False,,
lamf-test-03f57a47-31b2-463e-9964-32e1833cfbcd,"{<resource_manager.instance.OnPremInstance object at 0x125e07770>: [(6, 57458.543999999696, None)]}",98.51981663568804,49225.17637803544,57458.543999999696,18060.743431491494,1,0.24243668720045594,57458.543999999696,57473.94399999969,False,,
lamf-test-b284ea68-a93a-41ac-9d3b-a2d0c0674e21,"{<resource_manager.instance.OnPremInstance object at 0x125e07770>: [(2, 57488.543999999696, None)]}",312.0323931368153,145683.55584594543,57488.543999999696,18061.743431491494,1,96.70084447486506,57488.543999999696,75397.2679999997,True,111.22840138366507,14.527556908800006
lamf-test-274e2f12-b4e9-499b-9b88-36da25e54e24,"{<resource_manager.instance.OnPremInstance object at 0x125e07770>: [(5, 57518.74399999969, None)]}",331.60036141298406,145809.7388104872,57518.74399999969,18062.743431491494,1,235.45801277663688,57518.74399999969,75414.91399999968,True,271.7514455366369,36.29343275999998
lamf-test-f483d0b8-ba08-4711-99f9-47af2ee222a5,"{<resource_manager.instance.OnPremInstance object at 0x125e07770>: [(3, 57548.74399999969, None)]}",312.7927875459608,146031.654408614,57548.74399999969,18064.135462991493,2,74.49837136276125,57548.74399999969,80643.41399999968,True,102.59996581876123,28.10159445599999
lamf-test-10d63afb-c09f-4af6-a622-71a25fae2fdf,"{<resource_manager.instance.OnPremInstance object at 0x125e07770>: [(4, 57788.94399999969, None)]}",310.7244065884292,145418.06918942672,57788.94399999969,18067.23233252649,2,133.92833544909655,57788.94399999969,94560.60999999968,True,193.58668636749653,59.65835091839998
lamf-test-5168b562-8a76-449b-98c0-cc2731c9ca3c,"{<resource_manager.instance.OnPremInstance object at 0x125e07770>: [(2, 57969.14399999969, None)]}",309.5107801118846,145912.15929636068,57969.14399999969,18085.103992190492,1,57.324068446269685,57969.14399999969,68585.39999999969,True,65.93597531346968,8.6119068672
lamf-test-ff254f04-4cb3-4cab-aa4a-5f045128d210,"{<resource_manager.instance.OnPremInstance object at 0x125e07770>: [(3, 58299.54399999968, None)]}",110.15545315677929,49208.8685748858,58299.54399999968,18087.84137147049,3,0.07027150353636404,58299.54399999968,58314.943999999676,False,,
lamf-test-bc23b10d-c69c-4408-9782-8739fbb3209f,"{<resource_manager.instance.OnPremInstance object at 0x125e07770>: [(3, 58329.74399999968, None)]}",310.0193593332558,145731.37897666695,58329.74399999968,18088.84137147049,1,231.10355464293855,58329.74399999968,87270.51199999967,True,266.31868114533853,35.21512650239999
lamf-test-8ac2f925-7afc-41fe-bb28-31766fc5fb67,"{<resource_manager.instance.OnPremInstance object at 0x125e07770>: [(2, 58359.74399999968, None)]}",78.91788247204538,32136.43363116108,58359.74399999968,18089.84137147049,1,0.08315461251803077,58359.74399999968,58375.14399999967,False,,
lamf-test-8af4e2ac-cf32-4cee-877b-e9f4b759f7f3,"{<resource_manager.instance.OnPremInstance object at 0x125e07770>: [(4, 58389.74399999968, None)]}",289.77114078776196,146010.85175344162,58389.74399999968,18636.08892243749,3,30.421720282911213,58389.74399999968,63389.933999999674,True,38.5340285389112,8.112308255999992
lamf-test-068fc1f2-6deb-41a2-ae15-564e581e4490,"{<resource_manager.instance.OnPremInstance object at 0x125e07770>: [(3, 58419.74399999968, None)]}",318.6864958169501,145999.6283058047,58419.74399999968,18637.08892243749,1,107.1971263974447,58419.74399999968,71843.88699999968,True,123.5316235998447,16.334497202400005
lamf-test-f3dda1e4-5862-4683-8e1d-465d2dca42c3,"{<resource_manager.instance.OnPremInstance object at 0x125e07770>: [(4, 58629.74399999968, None)]}",305.16980399325007,146210.06336546343,58629.74399999968,18640.94006429049,1,203.77172720358953,58629.74399999968,77905.96299999967,True,235.04546490918952,31.273737705599984
lamf-test-9a44ea70-cb8b-427c-9af4-a87498aeb7c6,"{<resource_manager.instance.OnPremInstance object at 0x125e07770>: [(2, 58869.943999999676, None)]}",116.40460154918469,50018.41752436194,58869.943999999676,18652.53025661649,3,0.046847669024242686,58869.943999999676,58885.34399999967,False,,
lamf-test-9bda5a96-e4e1-4b91-bbbb-1dacf1ed28b2,"{<resource_manager.instance.OnPremInstance object at 0x125e07770>: [(6, 58990.34399999967, None)]}",334.4551264679061,146451.37718725612,58990.34399999967,18655.79527609749,3,308.33272187999097,58990.34399999967,92775.90199999968,True,390.553255828791,82.22053394880004
lamf-test-e68a5a0e-948d-450e-bd18-14ba76978e62,"{<resource_manager.instance.OnPremInstance object at 0x125e07770>: [(2, 59020.34399999967, None)]}",61.643354936762066,32787.090488913236,59020.34399999967,18663.182752142493,2,0.04186443429931751,59020.34399999967,59035.743999999664,False,,
lamf-test-72ac3048-5fdb-4c21-afcd-eed6fe82e6d1,"{<resource_manager.instance.OnPremInstance object at 0x125e07770>: [(3, 59050.34399999967, None)]}",305.99164294117367,146500.35217966454,59050.34399999967,18670.059592868492,1,27.865549851699704,59050.34399999967,62539.906999999665,True,32.111650110099696,4.246100258399994
lamf-test-947624f9-c308-44e1-a082-5eef08d3ec8d,"{<resource_manager.instance.OnPremInstance object at 0x125e07770>: [(4, 59170.54399999967, None)]}",93.19634223972996,49972.05040604304,59170.54399999967,18680.610966911492,2,0.05608928259914327,59170.54399999967,59185.94399999966,False,,
lamf-test-fd42a6f7-5546-4968-b0ee-4f887fda9461,"{<resource_manager.instance.OnPremInstance object at 0x125e07770>: [(5, 59230.54399999967, None)]}",313.44017426263486,146249.09033861494,59230.54399999967,18685.206653150493,1,418.5810060080613,59230.54399999967,91045.11999999966,True,483.1009661360613,64.51996012799998
lamf-test-1e1b6610-69b2-4869-80ff-74a807042404,"{<resource_manager.instance.OnPremInstance object at 0x125e07770>: [(5, 61124.743999999606, None)]}",310.82543279392,146641.60357542514,61124.743999999606,18686.519377142493,3,75.68849342155302,61124.743999999606,71077.02399999961,True,95.87171726155303,20.18322384000001
lamf-test-aba1aa4f-f6ce-4af2-b868-ea5768a9b8b8,"{<resource_manager.instance.OnPremInstance object at 0x125e07770>: [(5, 61694.9439999996, None)]}",55.6474329845016,33379.646151143046,61694.9439999996,19239.681700661495,3,0.11711917256060674,61694.9439999996,61710.3439999996,False,,
lamf-test-b37b6ec3-b4f6-4505-b5ff-6313155b88e1,"{<resource_manager.instance.OnPremInstance object at 0x125e07770>: [(5, 61815.1439999996, None)]}",92.20096869554938,50570.85891753365,61815.1439999996,19246.945229903493,2,0.06162769304399561,61815.1439999996,61830.543999999594,False,,
lamf-test-aa0c06ad-8e28-471d-8a21-4c2106849993,"{<resource_manager.instance.OnPremInstance object at 0x125e07770>: [(4, 61845.1439999996, None)]}",297.7430444733612,147284.22192920672,61845.1439999996,19247.945229903493,1,328.4011420640352,61845.1439999996,92910.94699999959,True,378.80230085123515,50.40115878719999
lamf-test-ea317cde-8e65-4009-bbcb-6720d6ab3fc4,"{<resource_manager.instance.OnPremInstance object at 0x125e07770>: [(5, 63256.74399999958, None)]}",322.00845242777757,147079.84254689483,63256.74399999958,19248.945229903493,2,36.56814827727522,63256.74399999958,72394.67299999957,True,55.09986828927521,18.53172001199999
lamf-test-d2030552-fada-4868-9884-3081a3d5e562,"{<resource_manager.instance.CloudReservedInstance object at 0x126144290>: [(2, 63287.14399999957, None)], <resource_manager.instance.CloudReservedInstance object at 0x12613d1d0>: [(1, 63287.14399999957, None)], <resource_manager.instance.CloudOnDemandInstance object at 0x125e26780>: [(1, 63287.14399999957, None)]}",335.70235460840024,146883.34469634187,63287.14399999957,19249.945229903493,3,317.6020008641254,63287.14399999957,125929.37464043534,True,619.3997396436168,301.79773877949145
lamf-test-8b57f8ca-98cc-4c1b-8aa2-5b91c1f45b09,"{<resource_manager.instance.OnPremInstance object at 0x125e07770>: [(2, 63437.34399999957, None)]}",306.9047417051023,147228.88493143956,63437.34399999957,19252.321094537492,2,28.387590562468233,63437.34399999957,73879.83299999956,True,36.85853763926823,8.470947076799995
lamf-test-a13d6194-2358-4887-a070-b00cd35c865e,"{<resource_manager.instance.OnPremInstance object at 0x125e07770>: [(3, 63467.34399999957, None)]}",302.61921821621866,147156.08023367016,63467.34399999957,19253.321094537492,2,38.47750218669913,63467.34399999957,75395.45999999957,True,52.99163373549913,14.514131548800004
lamf-test-ca1797e6-b093-4c70-86e8-71ffe0d25cca,"{<resource_manager.instance.OnPremInstance object at 0x125e07770>: [(4, 63557.34399999957, None)]}",87.62355008897632,50361.8260917605,63557.34399999957,19258.067973615493,3,0.09369533804848537,63557.34399999957,63572.74399999956,False,,
lamf-test-7bd8b2d3-250f-4731-829c-d7a0653ffcb3,"{<resource_manager.instance.OnPremInstance object at 0x125e07770>: [(4, 63617.543999999565, None)]}",301.8009690341694,147185.0588448615,63617.543999999565,19259.89736259049,3,19.37748574036044,63617.543999999565,66802.47599999956,True,24.54471941716043,5.167233676799989
lamf-test-d11d15e3-c05e-424a-bab1-f5785ed94bc2,"{<resource_manager.instance.OnPremInstance object at 0x125e07770>: [(4, 63677.543999999565, None)]}",65.13660288894543,33392.42800815132,63677.543999999565,19260.89736259049,1,0.16279564985924336,63677.543999999565,63692.94399999956,False,,
lamf-test-a7dc0f00-a53e-4f14-ba21-5c93f2b6c280,"{<resource_manager.instance.OnPremInstance object at 0x125e07770>: [(4, 63797.543999999565, None)]}",278.74097160023985,146882.2846275962,63797.543999999565,19261.89736259049,2,72.32241695501982,63797.543999999565,83654.54999999958,True,104.53842348941984,32.21600653440002
lamf-test-88d97e0c-88fe-4c62-bc84-030e5f7776f1,"{<resource_manager.instance.CloudReservedInstance object at 0x126144290>: [(2, 63827.543999999565, None)], <resource_manager.instance.CloudOnDemandInstance object at 0x125e263f0>: [(1, 63827.543999999565, None)]}",304.4592028444548,146447.66646153555,63827.543999999565,19262.89736259049,1,233.66731729379694,63827.543999999565,92276.53988051934,True,334.4507301001263,100.78341280632935
lamf-test-2586faa0-8afe-4587-9352-3a45415e951c,"{<resource_manager.instance.OnPremInstance object at 0x125e07770>: [(3, 63917.543999999565, None)]}",52.1878736324701,33449.10146953573,63917.543999999565,19265.43108400849,2,0.049677043187284775,63917.543999999565,63932.94399999956,False,,
lamf-test-096a164d-3416-42b7-999a-d92269a9a7ca,"{<resource_manager.instance.OnPremInstance object at 0x125e07770>: [(6, 64007.94399999956, None)]}",310.89137174012484,147441.46928830523,64007.94399999956,19266.43108400849,3,239.85256673511284,64007.94399999956,90289.78899999955,True,303.81206472711284,63.95949799199999
lamf-test-debb5ae3-8ca9-424a-a1fe-ae626817d5d4,"{<resource_manager.instance.OnPremInstance object at 0x125e07770>: [(4, 64519.14399999954, None)]}",50.08229655297103,33494.241300553374,64519.14399999954,19268.38915078049,3,0.09369533804848537,64519.14399999954,64534.543999999536,False,,
lamf-test-9f4c8a2a-2fe4-4712-9592-1f90f46792d9,"{<resource_manager.instance.OnPremInstance object at 0x125e07770>: [(5, 64939.74399999953, None)]}",322.9477688777042,146700.2021054805,64939.74399999953,19270.69778617049,1,150.85177663700676,64939.74399999953,76405.35099999954,True,174.10402763300678,23.252250996000022
lamf-test-81195703-aa5f-481d-abd3-346d6a96d7d8,"{<resource_manager.instance.OnPremInstance object at 0x125e07770>: [(2, 64970.14399999953, None)]}",57.90728747613712,33476.23844589481,64970.14399999953,19273.27300019549,2,0.04186443429931751,64970.14399999953,64985.54399999952,False,,
lamf-test-292ff255-562b-496c-972f-f8340f6cddab,"{<resource_manager.instance.OnPremInstance object at 0x125e07770>: [(2, 65000.14399999953, None)]}",321.5271161172489,147026.45103534544,65000.14399999953,19281.92464971749,1,63.989196821051024,65000.14399999953,76850.76299999953,True,73.60241895385103,9.613222132799999
lamf-test-3943f80b-7a33-4e35-a8a4-f3b6aa99c52d,"{<resource_manager.instance.CloudReservedInstance object at 0x12613d450>: [(2, 65150.54399999952, None)], <resource_manager.instance.CloudOnDemandInstance object at 0x12613d810>: [(1, 65150.54399999952, None)]}",31.751233670300554,33374.510257326845,65150.54399999952,19282.92464971749,1,0.06675792835954583,65150.54399999952,65165.943999999516,False,,
lamf-test-03badbdc-4aa8-4cd2-98f8-bfe0e4080cef,"{<resource_manager.instance.OnPremInstance object at 0x125e07770>: [(2, 65180.54399999952, None)]}",46.039696363479905,33308.145502337335,65180.54399999952,19283.92464971749,2,0.04186443429931751,65180.54399999952,65195.943999999516,False,,
lamf-test-e0a17229-9bf9-416c-a5a2-49e15e4b17e7,"{<resource_manager.instance.CloudReservedInstance object at 0x12613d450>: [(2, 65240.54399999952, None)]}",300.8789137634496,147512.75371996145,65240.54399999952,19284.92464971749,3,125.1617761350094,65240.54399999952,147528.15371996147,False,,
lamf-test-0b1411aa-7440-4517-bbd4-2bffa1461af4,"{<resource_manager.instance.CloudOnDemandInstance object at 0x12613d810>: [(2, 65270.54399999952, None)]}",54.09958144079154,33593.091207794736,65270.54399999952,19288.63802298449,1,1.1704032245797997,65671.07999999952,65686.47999999952,False,,
lamf-test-8a7888d4-6626-4d18-8e7e-6823cdaffb96,"{<resource_manager.instance.OnPremInstance object at 0x125e07770>: [(6, 66902.6799999995, None)]}",94.8282048828368,50594.49742943595,66902.6799999995,19289.63802298449,3,0.14054300707272807,66902.6799999995,66918.07999999949,False,,
lamf-test-8f5d07e8-2d0c-4ca5-874d-d1e790990809,"{<resource_manager.instance.OnPremInstance object at 0x125e07770>: [(6, 66932.6799999995, None)]}",302.97405507839164,147108.43337423936,66932.6799999995,19290.63802298449,1,384.1856557152631,66932.6799999995,91336.82099999947,True,443.5755732528631,59.38991753759994
lamf-test-fd11e4ea-cdef-4f38-a062-f8e8f6529d33,"{<resource_manager.instance.OnPremInstance object at 0x125e07770>: [(6, 66962.8799999995, None)]}",323.9849795842166,147233.16731769615,66962.8799999995,19291.63802298449,1,305.4332464065706,66962.8799999995,86364.53099999948,True,352.6491042801706,47.215857873599965
lamf-test-8c42c6bf-e604-4e96-bc18-75bc6db194f5,"{<resource_manager.instance.CloudOnDemandInstance object at 0x12613d810>: [(2, 66993.27999999949, None)]}",304.5244415439068,146743.83870910815,66993.27999999949,19292.63802298449,2,112.25737993642298,67393.81599999948,122318.74255254114,True,192.014566752167,79.75718681574403
lamf-test-2ee801ff-df94-45c9-b634-a465808c37ee,"{<resource_manager.instance.OnPremInstance object at 0x125e07770>: [(4, 67424.21599999948, None)]}",44.045311418522864,33392.6931045295,67424.21599999948,19293.63802298449,3,0.09369533804848537,67424.21599999948,67439.61599999947,False,,
lamf-test-c4cd6d33-84be-4a0d-a794-48962ad9461f,"{<resource_manager.instance.OnPremInstance object at 0x125e07770>: [(4, 67454.21599999948, None)]}",92.44374551049617,50536.23811761889,67454.21599999948,19294.63802298449,1,0.16279564985924336,67454.21599999948,67469.61599999947,False,,
lamf-test-b19f4d76-0891-41df-b5fe-36ccd74b9a06,"{<resource_manager.instance.OnPremInstance object at 0x125e07770>: [(3, 67484.21599999948, None)]}",47.2527689810787,33400.26553853199,67484.21599999948,19297.494898525492,3,0.07027150353636404,67484.21599999948,67499.61599999947,False,,
lamf-test-9953a2a0-1d7c-4068-bf98-538acafc2ac3,"{<resource_manager.instance.OnPremInstance object at 0x125e07770>: [(6, 67694.41599999947, None)]}",299.47595690366575,146694.64150757875,67694.41599999947,19298.494898525492,2,75.2907778990165,67694.41599999947,85115.37699999948,True,117.68642858861654,42.395650689600025
lamf-test-783eef72-16ea-4bd4-8850-a7549496bd66,"{<resource_manager.instance.OnPremInstance object at 0x125e07770>: [(3, 68535.81599999945, None)]}",99.85904399571011,50569.09453964318,68535.81599999945,19299.95394477549,2,0.049677043187284775,68535.81599999945,68551.21599999945,False,,
lamf-test-59f36aea-6cbc-457b-81ba-431f79f73291,"{<resource_manager.instance.OnPremInstance object at 0x125e07770>: [(2, 68595.81599999945, None)]}",94.81833183066266,50596.57262887277,68595.81599999945,19301.62874599449,3,0.046847669024242686,68595.81599999945,68611.21599999945,False,,
lamf-test-55529a16-b241-4348-bd90-45ddc000d26d,"{<resource_manager.instance.OnPremInstance object at 0x125e07770>: [(3, 68655.81599999945, None)]}",53.211716625419925,33960.45363839938,68655.81599999945,19844.57256962949,2,0.049677043187284775,68655.81599999945,68671.21599999945,False,,
lamf-test-b86de886-591a-45ec-903b-6a80c96225dd,"{<resource_manager.instance.OnPremInstance object at 0x125e07770>: [(6, 70698.61599999941, None)]}",41.149547064693905,33829.52513776383,70698.61599999941,19845.832092779492,3,0.14054300707272807,70698.61599999941,70714.0159999994,False,,
lamf-test-9805f54e-1cae-487c-b904-2cb93c2a7afb,"{<resource_manager.instance.OnPremInstance object at 0x125e07770>: [(3, 70758.61599999941, None)]}",328.01417674151406,147492.4768436336,70758.61599999941,19847.33740202949,3,34.06906228610541,70758.61599999941,78224.85099999941,True,43.15397703410541,9.084914748000001
lamf-test-65e3ea29-e28c-4094-b1d4-e102c2738358,"{<resource_manager.instance.OnPremInstance object at 0x125e07770>: [(3, 70788.61599999941, None)]}",53.51848203740168,33969.23826848444,70788.61599999941,19849.03566888849,1,0.12297513118863707,70788.61599999941,70804.0159999994,False,,
lamf-test-720b43f5-e992-4463-8b62-736d9e2ae936,"{<resource_manager.instance.OnPremInstance object at 0x125e07770>: [(2, 70878.61599999941, None)]}",92.64800719218381,50951.15934429258,70878.61599999941,19850.03566888849,2,0.04186443429931751,70878.61599999941,70894.0159999994,False,,
lamf-test-ca0b2ac7-3ce2-4e8c-a6e1-096d01ef9a8a,"{<resource_manager.instance.OnPremInstance object at 0x125e07770>: [(6, 70939.2159999994, None)]}",322.6901850057595,147822.7653223824,70939.2159999994,19852.93537549549,1,226.96037919233387,70939.2159999994,85356.1339999994,True,262.0453908371338,35.08501164479998
lamf-test-47c1fe4b-c260-4538-9b53-fe9eeae00c5f,"{<resource_manager.instance.OnPremInstance object at 0x125e07770>: [(2, 70969.2159999994, None)]}",307.40827687661385,147542.75556183804,70969.2159999994,19860.32545136749,3,78.4142520343752,70969.2159999994,96745.9409999994,True,99.32433135437519,20.910079319999994
lamf-test-18cbb634-7aef-4481-9ee7-fe1e8a16d0ba,"{<resource_manager.instance.OnPremInstance object at 0x125e07770>: [(5, 71119.4159999994, None)]}",52.226498354671556,33981.3598699667,71119.4159999994,19861.32545136749,3,0.11711917256060674,71119.4159999994,71134.8159999994,False,,
lamf-test-6a7cd0bb-34c7-4263-9cc7-17fa07eb0a15,"{<resource_manager.instance.OnPremInstance object at 0x125e07770>: [(4, 71179.4159999994, None)]}",298.21973828332,147455.7139583512,71179.4159999994,19862.961222565493,1,126.54524480949114,71179.4159999994,83150.23199999939,True,145.96669668789113,19.421451878399985
lamf-test-9293cd6c-713f-41c3-8b50-410b94532b8e,"{<resource_manager.instance.OnPremInstance object at 0x125e07770>: [(4, 71209.6159999994, None)]}",276.94819521132933,147655.23468055448,71209.6159999994,19863.961222565493,2,137.49079888528684,71209.6159999994,108959.3999999994,True,198.73604844688683,61.2452495616
lamf-test-2ef3ba74-0be9-4758-9e8b-663933377574,"{<resource_manager.instance.OnPremInstance object at 0x125e07770>: [(4, 71239.8159999994, None)]}",315.97195408362086,147837.69938559397,71239.8159999994,19869.632341898494,3,80.14474104494624,71239.8159999994,84412.60599999937,True,101.51627554094621,21.371534495999967
lamf-test-abc545e6-fca4-4495-82db-38cb26110a9d,"{<resource_manager.instance.OnPremInstance object at 0x125e07770>: [(5, 71660.21599999939, None)]}",106.90985136127853,51021.621131627704,71660.21599999939,19872.052893725493,1,0.20261616852984965,71660.21599999939,71675.61599999938,False,,
lamf-test-72359355-373b-4aa6-9d80-111deeae4206,"{<resource_manager.instance.OnPremInstance object at 0x125e07770>: [(4, 71720.41599999939, None)]}",293.68085416171726,147335.74485391082,71720.41599999939,19873.052893725493,3,265.2735751768195,71720.41599999939,115321.44399999939,True,336.0118830040195,70.7383078272
lamf-test-aa966776-8b52-45e3-81e8-3d502aee1701,"{<resource_manager.instance.OnPremInstance object at 0x125e07770>: [(3, 71750.41599999939, None)]}",277.6854198628887,147391.23828660484,71750.41599999939,19881.66688542949,1,131.08348049281312,71750.41599999939,88165.81299999938,True,151.05773556241311,19.974255069599998
lamf-test-40afb271-d458-48d9-adbe-b89134d80114,"{<resource_manager.instance.OnPremInstance object at 0x125e07770>: [(3, 71900.41599999939, None)]}",57.83325208385016,34120.23262658884,71900.41599999939,19890.19679675449,3,0.07027150353636404,71900.41599999939,71915.81599999938,False,,
lamf-test-f6c3e1ca-41d1-4659-a1c2-f6d7cca0c5e7,"{<resource_manager.instance.OnPremInstance object at 0x125e07770>: [(2, 71960.41599999939, None)]}",330.89870791023526,147485.48024603963,71960.41599999939,19891.53409694149,2,29.74739360249648,71960.41599999939,82903.11399999938,True,38.62411022009647,8.87671661759999
lamf-test-81297157-09b4-4bfd-81e5-a8bf0f0cf407,"{<resource_manager.instance.OnPremInstance object at 0x125e07770>: [(6, 72921.61599999937, None)]}",69.1210403049402,34130.379811852225,72921.61599999937,19892.53409694149,3,0.14054300707272807,72921.61599999937,72937.01599999936,False,,
lamf-test-2744811c-a0e4-4a9d-a448-520fba53466a,"{<resource_manager.instance.CloudReservedInstance object at 0x125e07cb0>: [(1, 72951.81599999937, None)], <resource_manager.instance.CloudOnDemandInstance object at 0x125e263f0>: [(1, 72951.81599999937, None)]}",316.8459168651483,147868.9661271699,72951.81599999937,19898.35845222749,2,176.6477954336923,72951.81599999937,120196.85310819116,True,274.9269216261529,98.27912619246058
lamf-test-ce4c822f-a3d7-44c8-9dba-10c2ea1d7fc0,"{<resource_manager.instance.OnPremInstance object at 0x125e07770>: [(6, 73041.81599999937, None)]}",86.88519768848549,51180.83589975734,73041.81599999937,19902.57629862449,2,0.06655648787942382,73041.81599999937,73057.21599999936,False,,
lamf-test-5471ed7c-c241-4b43-b3db-c6a0ff681a3a,"{<resource_manager.instance.OnPremInstance object at 0x125e07770>: [(2, 73071.81599999937, None)]}",59.30424416492866,34073.976112890115,73071.81599999937,19905.599023981493,2,0.04186443429931751,73071.81599999937,73087.21599999936,False,,
lamf-test-dc701733-214d-4503-9e86-a7c5623aa494,"{<resource_manager.instance.OnPremInstance object at 0x125e07770>: [(2, 73102.01599999936, None)]}",290.04127710324553,148247.60291983624,73102.01599999936,20448.958614646494,2,41.864377211468394,73102.01599999936,88501.99499999937,True,54.3568401762684,12.492462964800005
lamf-test-9b9326a1-51bc-46fd-a2cb-1abf1c9c75f6,"{<resource_manager.instance.OnPremInstance object at 0x125e07770>: [(5, 73132.01599999936, None)]}",57.78982021342063,34712.540378539925,73132.01599999936,20451.355541128494,1,0.20261616852984965,73132.01599999936,73147.41599999936,False,,
lamf-test-0111158b-0edf-40ea-8c3c-c453441d9f4b,"{<resource_manager.instance.OnPremInstance object at 0x125e07770>: [(2, 73162.01599999936, None)]}",288.9103792556111,148633.0073945386,73162.01599999936,20454.896712424495,3,48.438767967145786,73162.01599999936,89085.04999999936,True,61.355533147945785,12.916765180799999
lamf-test-cb995d16-8bd4-4a69-981f-1cf758860367,"{<resource_manager.instance.OnPremInstance object at 0x125e07770>: [(5, 73222.01599999936, None)]}",320.1908267325743,148394.86585759075,73222.01599999936,20455.896712424495,3,68.08017339721658,73222.01599999936,82173.87799999937,True,86.2345495332166,18.154376136000014
lamf-test-b3a0db0a-ecb4-42b0-814b-3c34a8d7aaed,"{<resource_manager.instance.OnPremInstance object at 0x125e07770>: [(4, 73582.21599999936, None)]}",100.59507953151345,51383.334803127,73582.21599999936,20456.896712424495,2,0.05608928259914327,73582.21599999936,73597.61599999935,False,,
lamf-test-692078cb-d4fe-44db-acc1-5eececdc7c24,"{<resource_manager.instance.OnPremInstance object at 0x125e07770>: [(3, 73612.21599999936, None)]}",293.9568407519619,148202.68700315856,73612.21599999936,20458.026038532495,2,67.4597407901411,73612.21599999936,94524.89399999936,True,92.9062873805411,25.4465465904
lamf-test-b3747e60-f13b-4587-ba76-a5026ef56274,"{<resource_manager.instance.OnPremInstance object at 0x125e07770>: [(2, 73642.21599999936, None)]}",92.20458272811517,51802.358846789815,73642.21599999936,20459.026038532495,3,0.046847669024242686,73642.21599999936,73657.61599999935,False,,
lamf-test-ef36ad8e-1831-459d-b4cc-a917ad7c30ef,"{<resource_manager.instance.OnPremInstance object at 0x125e07770>: [(5, 73702.41599999936, None)]}",103.50768504869966,51708.16071127025,73702.41599999936,20460.847504849495,1,0.20261616852984965,73702.41599999936,73717.81599999935,False,,
lamf-test-a7a41a4b-e265-4559-96d2-89c830b4e4f3,"{<resource_manager.instance.OnPremInstance object at 0x125e07770>: [(5, 73942.81599999935, None)]}",110.11661546722232,51650.33033848947,73942.81599999935,20462.900734555496,3,0.11711917256060674,73942.81599999935,73958.21599999935,False,,
lamf-test-c609bf72-d17c-450a-8e65-16fe23e38281,"{<resource_manager.instance.OnPremInstance object at 0x125e07770>: [(2, 73972.81599999935, None)]}",326.56864801291823,148470.21475217424,73972.81599999935,20465.519184556495,3,75.24048672902879,73972.81599999935,98706.24499999934,True,95.30424433382878,20.063757604799992
lamf-test-2be5e6dd-c6ce-4cb1-a0eb-f7b6d8f68bd8,"{<resource_manager.instance.OnPremInstance object at 0x125e07770>: [(2, 74002.81599999935, None)]}",93.23301746575929,51684.885631823214,74002.81599999935,20470.834866247496,1,0.08315461251803077,74002.81599999935,74018.21599999935,False,,
lamf-test-5ccd4315-8d5b-4044-a8be-038248a6e5e8,"{<resource_manager.instance.OnPremInstance object at 0x125e07770>: [(6, 74032.81599999935, None)]}",316.3732896893923,148267.16340114488,74032.81599999935,20473.183998598495,1,297.12256399726215,74032.81599999935,92906.55799999935,True,343.05370252846217,45.9311385312
lamf-test-16723367-a744-4f94-a768-1e436a8648c3,"{<resource_manager.instance.OnPremInstance object at 0x125e07770>: [(2, 74062.81599999935, None)]}",100.67432907273152,51563.1904702676,74062.81599999935,20474.183998598495,3,0.046847669024242686,74062.81599999935,74078.21599999935,False,,
lamf-test-aa81efdb-fc5d-4cd5-94a6-0293c55ec5bf,"{<resource_manager.instance.OnPremInstance object at 0x125e07770>: [(3, 74182.81599999935, None)]}",315.17534780850235,148086.154249006,74182.81599999935,20475.458519507494,1,146.8796840063883,74182.81599999935,92576.34899999935,True,169.2609349607883,22.381250954399995
lamf-test-468c807d-fae3-4ffc-8fac-cef2c72bf30d,"{<resource_manager.instance.OnPremInstance object at 0x125e07770>: [(6, 74903.21599999935, None)]}",313.1968318342145,148364.1334883565,74903.21599999935,20476.458519507494,2,21.54524271504873,74903.21599999935,79888.40599999935,True,33.67720109904874,12.131958384000006
lamf-test-9997ef6b-f372-462c-b591-ebc6c42f345e,"{<resource_manager.instance.OnPremInstance object at 0x125e07770>: [(6, 75564.21599999933, None)]}",309.99816308035867,148089.87318873528,75564.21599999933,20477.458519507494,3,230.99665982203956,75564.21599999933,100875.67499999932,True,292.59462644443954,61.59796662239997
lamf-test-b6e7251f-5c74-4bdc-b21f-2dc66654db99,"{<resource_manager.instance.OnPremInstance object at 0x125e07770>: [(3, 75624.21599999933, None)]}",320.3340679876566,148173.09466792672,75624.21599999933,20479.494088087493,3,93.00510609171793,75624.21599999933,96006.28499999932,True,117.80600765091792,24.80090155919999
lamf-test-801af7b0-7341-46d2-ba63-e3fe9d27ac0a,"{<resource_manager.instance.OnPremInstance object at 0x125e07770>: [(6, 75684.21599999933, None)]}",98.05192865733181,51637.49975162858,75684.21599999933,20480.494088087493,1,0.24243668720045594,75684.21599999933,75699.61599999933,False,,
lamf-test-7741d198-baa3-4b02-8577-d94aba790819,"{<resource_manager.instance.OnPremInstance object at 0x125e07770>: [(2, 75744.41599999933, None)]}",58.57374457030712,34684.590714477614,75744.41599999933,20482.594216097492,2,0.04186443429931751,75744.41599999933,75759.81599999932,False,,
lamf-test-46c0ddc9-3e57-4092-abb9-12bad9e5fc70,"{<resource_manager.instance.OnPremInstance object at 0x125e07770>: [(3, 75774.41599999933, None)]}",59.85312775121128,34650.02600493724,75774.41599999933,20483.594216097492,1,0.12297513118863707,75774.41599999933,75789.81599999932,False,,
lamf-test-3f74eedf-69e6-447f-8faf-d6b3b1a74541,"{<resource_manager.instance.OnPremInstance object at 0x125e07770>: [(2, 75804.41599999933, None)]}",300.3151945622659,148502.76023672312,75804.41599999933,20485.52369753149,3,72.62463153091495,75804.41599999933,99677.94799999935,True,91.99084068931498,19.366209158400018
lamf-test-df1d19ca-065c-450e-a725-063e1023eff0,"{<resource_manager.instance.OnPremInstance object at 0x125e07770>: [(5, 75864.41599999933, None)]}",308.41567960151576,148219.14844840302,75864.41599999933,20487.72474564649,2,101.51305194434468,75864.41599999933,101231.27499999932,True,152.95704199634469,51.44399005199999
lamf-test-d878f6cc-ec52-4963-a36e-567d3077f66a,"{<resource_manager.instance.OnPremInstance object at 0x125e07770>: [(6, 76405.61599999931, None)]}",318.40559881515793,148080.4348637772,76405.61599999931,20489.38314124549,2,64.19821863988562,76405.61599999931,91259.95399999931,True,100.34773559668564,36.149516956800014
lamf-test-e95a3924-2808-4cd5-8af6-82985caaa091,"{<resource_manager.instance.OnPremInstance object at 0x125e07770>: [(4, 77517.81599999928, None)]}",315.57124577879193,148158.4780539084,77517.81599999928,20499.665592195488,1,347.98386249904934,77517.81599999928,110436.08799999928,True,401.39046699184934,53.40660449279999
lamf-test-8433fa81-6093-4f66-8fcd-c8019d82fc62,"{<resource_manager.instance.OnPremInstance object at 0x125e07770>: [(2, 77698.41599999927, None)]}",289.2015979209701,148457.38549961423,77698.41599999927,20501.34738249649,1,54.581537531371254,77698.41599999927,87806.76299999928,True,62.78142861777126,8.199891086400006
lamf-test-fce34ab6-8bce-4303-a50f-d59fbea8d614,"{<resource_manager.instance.OnPremInstance object at 0x125e07770>: [(2, 77968.41599999927, None)]}",47.41181351390231,34686.44019932631,77968.41599999927,20502.34738249649,3,0.046847669024242686,77968.41599999927,77983.81599999926,False,,
lamf-test-ac6005c9-5daa-4585-b9e3-32cefa81cdb6,"{<resource_manager.instance.OnPremInstance object at 0x125e07770>: [(2, 77998.41599999927, None)]}",56.43144675229202,34657.46899678335,77998.41599999927,20508.53434614149,3,0.046847669024242686,77998.41599999927,78013.81599999926,False,,
lamf-test-d13deae5-f303-4855-93f8-a16639da1c4e,"{<resource_manager.instance.OnPremInstance object at 0x125e07770>: [(6, 78088.61599999927, None)]}",299.620254990436,148150.70621145813,78088.61599999927,20509.53434614149,2,68.95765580074551,78088.61599999927,94044.20399999926,True,107.78717475754549,38.82951895679997
lamf-test-b395ec81-f5cf-4d31-b896-54e96e62d931,"{<resource_manager.instance.OnPremInstance object at 0x125e07770>: [(6, 78419.41599999926, None)]}",60.66671241836613,34639.962475925146,78419.41599999926,20511.44742732849,3,0.14054300707272807,78419.41599999926,78434.81599999925,False,,
lamf-test-218a245a-408e-4403-969e-14eebe33638f,"{<resource_manager.instance.OnPremInstance object at 0x125e07770>: [(2, 78449.41599999926, None)]}",310.9184525812873,148186.89851779238,78449.41599999926,20512.59268716249,3,88.27933378964183,78449.41599999926,107469.03999999927,True,111.82005277844183,23.54071898880001
lamf-test-790ebc9f-5e2e-4113-9df6-6e81d9cf4244,"{<resource_manager.instance.OnPremInstance object at 0x125e07770>: [(3, 78479.41599999926, None)]}",301.00617936440153,148703.76858530578,78479.41599999926,21054.14713323249,1,27.94540383299106,78479.41599999926,81978.97899999925,True,32.203672091391056,4.258268258399994
lamf-test-af430514-5203-4847-a3dd-4d540698c45d,"{<resource_manager.instance.OnPremInstance object at 0x125e07770>: [(2, 78509.41599999926, None)]}",43.871600174569394,35196.37377954309,78509.41599999926,21055.14713323249,3,0.046847669024242686,78509.41599999926,78524.81599999925,False,,
lamf-test-8293fc83-5d58-4550-955e-87592cc2b6b3,"{<resource_manager.instance.OnPremInstance object at 0x125e07770>: [(6, 78569.41599999926, None)]}",333.7462784146,148846.82430609356,78569.41599999926,21058.35920722549,3,128.77407255304578,78569.41599999926,92679.83499999925,True,163.11318823144578,34.33911567839999
lamf-test-f110d8f3-23dd-42e9-8429-8b28407ddd7e,"{<resource_manager.instance.OnPremInstance object at 0x125e07770>: [(6, 79410.21599999924, None)]}",301.2291020786883,148734.25971651936,79410.21599999924,21059.67766859449,1,156.2816153319644,79410.21599999924,89337.49599999924,True,180.4406439399644,24.159028608
lamf-test-b7f32954-df1d-496f-a3cc-c6c4fa4f08d9,"{<resource_manager.instance.OnPremInstance object at 0x125e07770>: [(5, 79620.41599999924, None)]}",304.69312328634965,148495.073472294,79620.41599999924,21063.76068208849,1,294.9228321545364,79620.41599999924,102036.25599999924,True,340.3821556745364,45.45932351999999
lamf-test-a9c2f748-704b-4cdc-85cd-14af26c3a0f5,"{<resource_manager.instance.OnPremInstance object at 0x125e07770>: [(4, 79680.61599999924, None)]}",318.66785267265954,148642.91638712547,79680.61599999924,21068.67257549449,2,157.44000482626876,79680.61599999924,122907.69899999925,True,227.57162428546877,70.13161945920002
lamf-test-709c216f-6a83-488b-bc0b-72ed1c83abc3,"{<resource_manager.instance.OnPremInstance object at 0x125e07770>: [(4, 79920.61599999924, None)]}",66.23572922815853,35126.64916353649,79920.61599999924,21071.450296683488,1,0.16279564985924336,79920.61599999924,79936.01599999923,False,,
lamf-test-4efeb549-c3cf-448a-a777-1713f6f5a77e,"{<resource_manager.instance.OnPremInstance object at 0x125e07770>: [(6, 79980.81599999923, None)]}",68.3929603445819,35269.32970087712,79980.81599999923,21073.28553034549,2,0.06655648787942382,79980.81599999923,79996.21599999923,False,,
lamf-test-a7d1927a-cf2d-4926-967f-138bb5393300,"{<resource_manager.instance.OnPremInstance object at 0x125e07770>: [(6, 80040.81599999923, None)]}",312.0843911485237,148641.8925472442,80040.81599999923,21076.77035554549,2,21.54524271504873,80040.81599999923,85026.00599999924,True,33.67720109904874,12.131958384000006
lamf-test-d2d7cb5f-b6d4-4643-85b6-7c5def471a4e,"{<resource_manager.instance.OnPremInstance object at 0x125e07770>: [(4, 80702.41599999921, None)]}",304.94728314192844,149078.11423243652,80702.41599999921,21077.77035554549,1,234.11960597764102,80702.41599999921,102849.45699999922,True,270.05096529604106,35.93135931840002
lamf-test-f4699487-e2f2-4f73-9c8b-3bed156050c7,"{<resource_manager.instance.OnPremInstance object at 0x125e07770>: [(3, 81302.8159999992, None)]}",295.77899706678875,148992.9851639673,81302.8159999992,21078.77035554549,2,20.6304050715115,81302.8159999992,87698.28999999921,True,28.412417834711505,7.782012763200003
lamf-test-f16665ee-edca-44bc-8667-81b0b7135bf5,"{<resource_manager.instance.OnPremInstance object at 0x125e07770>: [(3, 81333.0159999992, None)]}",311.6491108609515,148948.90223142545,81333.0159999992,21079.77035554549,2,125.59647475716804,81333.0159999992,120268.21799999921,True,172.97282855076804,47.37635379360001
lamf-test-be2bbdb1-c4fd-4c6f-98ba-e30fc22c630e,"{<resource_manager.instance.OnPremInstance object at 0x125e07770>: [(4, 81363.0159999992, None)]}",51.26544011550611,35150.64395858253,81363.0159999992,21081.95631967549,1,0.16279564985924336,81363.0159999992,81378.4159999992,False,,
lamf-test-301ed0a6-99cf-4eba-bab7-e5dbbca6ce7c,"{<resource_manager.instance.OnPremInstance object at 0x125e07770>: [(4, 81393.4159999992, None)]}",322.7128466056759,148733.64250515663,81393.4159999992,21083.03416860949,3,149.12132633660352,81393.4159999992,105903.3699999992,True,188.88627570620352,39.7649493696
lamf-test-c6c963f9-b511-4173-9da1-afb01f8ea9e8,"{<resource_manager.instance.OnPremInstance object at 0x125e07770>: [(5, 81423.6159999992, None)]}",55.16582208546895,35336.19729501686,81423.6159999992,21084.03416860949,2,0.06162769304399561,81423.6159999992,81439.01599999919,False,,
lamf-test-fd3332ce-df25-4a32-8132-74451e729842,"{<resource_manager.instance.OnPremInstance object at 0x125e07770>: [(5, 83285.61599999917, None)]}",314.3128283614734,148673.5558602107,83285.61599999917,21085.03416860949,1,353.22952908966465,83285.61599999917,110133.10199999917,True,407.67623069766466,54.446701608000005
lamf-test-ad16e952-0cca-41c7-9fd4-aa3d76092c2a,"{<resource_manager.instance.OnPremInstance object at 0x125e07770>: [(2, 83315.61599999917, None)]}",295.4536471781582,148741.72387019102,83315.61599999917,21091.54739052249,1,217.25940063883183,83315.61599999917,123551.44499999916,True,249.89870512363183,32.6393044848
lamf-test-991152cd-8fe7-4378-a610-0074b2c690c7,"{<resource_manager.instance.OnPremInstance object at 0x125e07770>: [(4, 83375.81599999916, None)]}",88.26977600456904,52394.57582434453,83375.81599999916,21092.54739052249,1,0.16279564985924336,83375.81599999916,83391.21599999916,False,,
lamf-test-ffd1b71e-c754-457f-beb0-15002780a4cd,"{<resource_manager.instance.OnPremInstance object at 0x125e07770>: [(2, 83405.81599999916, None)]}",333.17802435465063,148634.85137001215,83405.81599999916,21093.54739052249,3,45.69274621644226,83405.81599999916,98426.16399999915,True,57.87725251404225,12.184506297599986
lamf-test-2044ce9f-358f-4536-9714-09641c49ba86,"{<resource_manager.instance.OnPremInstance object at 0x125e07770>: [(3, 84037.21599999914, None)]}",48.79729657189927,35238.3568410564,84037.21599999914,21095.30269907249,2,0.049677043187284775,84037.21599999914,84052.61599999914,False,,
lamf-test-00d387e4-de4a-4f41-acfd-aaa44673560f,"{<resource_manager.instance.OnPremInstance object at 0x125e07770>: [(2, 84067.21599999914, None)]}",98.67187509741939,52423.22186919411,84067.21599999914,21101.419671961492,3,0.046847669024242686,84067.21599999914,84082.61599999914,False,,
lamf-test-be918503-1360-4f36-b485-22f30f9e797e,"{<resource_manager.instance.CloudReservedInstance object at 0x125e07cb0>: [(2, 84368.01599999913, None)]}",285.4277316494616,149353.5397502789,84368.01599999913,21102.419671961492,3,131.82431870667943,84368.01599999913,149368.93975027892,False,,
lamf-test-7e75828d-051b-4c5f-920b-c422e487e5af,"{<resource_manager.instance.OnPremInstance object at 0x125e07770>: [(3, 85089.01599999912, None)]}",99.15520505278813,52565.63079922335,85089.01599999912,21104.008393966993,1,0.12297513118863707,85089.01599999912,85104.41599999911,False,,
lamf-test-163e5afc-c48a-4e5a-9de1-7c84bd3faaf7,"{<resource_manager.instance.OnPremInstance object at 0x125e07770>: [(6, 85209.21599999911, None)]}",100.39270820446175,52289.64334558345,85209.21599999911,21105.035812211492,2,0.06655648787942382,85209.21599999911,85224.6159999991,False,,
lamf-test-ca0646aa-2851-4f2a-8895-2a2c8b5e84b5,"{<resource_manager.instance.OnPremInstance object at 0x125e07770>: [(2, 85239.21599999911, None)]}",94.28001103179955,52233.575587035,85239.21599999911,21107.430883715493,1,0.08315461251803077,85239.21599999911,85254.6159999991,False,,
lamf-test-85ef9298-5c31-4c16-9153-df2b312fad0a,"{<resource_manager.instance.OnPremInstance object at 0x125e07770>: [(3, 85269.21599999911, None)]}",97.20592300310147,52250.89342285549,85269.21599999911,21110.316819449494,3,0.07027150353636404,85269.21599999911,85284.6159999991,False,,
lamf-test-ead8fa92-dd65-4aea-b802-324a84d102bb,"{<resource_manager.instance.OnPremInstance object at 0x125e07770>: [(4, 85299.21599999911, None)]}",64.57300483587817,35284.2689283035,85299.21599999911,21111.319430138494,1,0.16279564985924336,85299.21599999911,85314.6159999991,False,,
lamf-test-b87c5197-7932-482c-81b3-61882a5ae41e,"{<resource_manager.instance.OnPremInstance object at 0x125e07770>: [(2, 85329.21599999911, None)]}",46.96697712554091,35333.26720690059,85329.21599999911,21115.883529272494,3,0.046847669024242686,85329.21599999911,85344.6159999991,False,,
lamf-test-a45d60d7-4f78-42c1-a625-3f2365379d5f,"{<resource_manager.instance.OnPremInstance object at 0x125e07770>: [(5, 85569.8159999991, None)]}",84.78789055156865,52748.26454615976,85569.8159999991,21658.068733688495,3,0.11711917256060674,85569.8159999991,85585.2159999991,False,,
lamf-test-68ac11d3-bedc-4a83-9d98-64a41fc6b97b,"{<resource_manager.instance.OnPremInstance object at 0x125e07770>: [(2, 85599.8159999991, None)]}",92.68285924520144,52844.08062181441,85599.8159999991,21659.866097408496,2,0.04186443429931751,85599.8159999991,85615.2159999991,False,,
lamf-test-a0b5829d-4134-40de-ab3a-fd1ed034a5b9,"{<resource_manager.instance.OnPremInstance object at 0x125e07770>: [(3, 85629.8159999991, None)]}",283.38611537295816,148967.30698209524,85629.8159999991,21664.691311769497,1,146.79983002509707,85629.8159999991,104013.34899999911,True,169.16891297949707,22.369082954400014
lamf-test-392c05ba-10be-4e78-a3a0-52bfeef6fc2d,"{<resource_manager.instance.OnPremInstance object at 0x125e07770>: [(3, 85659.8159999991, None)]}",321.5347583668584,149530.27089580227,85659.8159999991,21665.789188787498,1,154.74863906000445,85659.8159999991,105038.76699999909,True,178.32894663680443,23.580307576799985
lamf-test-3db3ef42-5e5e-4b66-b377-23e8be44e0c4,"{<resource_manager.instance.OnPremInstance object at 0x125e07770>: [(3, 85689.8159999991, None)]}",310.51400717904033,149161.840958763,85689.8159999991,21667.0714183615,2,111.32005060391285,85689.8159999991,120199.29299999909,True,153.31118221751282,41.99113161359998
lamf-test-8638fd62-6efe-4c20-99a4-4066fa449bb7,"{<resource_manager.instance.OnPremInstance object at 0x125e07770>: [(2, 85719.8159999991, None)]}",298.8839218054394,149401.99520685256,85719.8159999991,21671.183905151498,3,71.62711384896191,85719.8159999991,109265.43899999911,True,90.72732322656192,19.100209377600006
lamf-test-8d9e2b15-af68-4d53-96f3-d2ed88fe313d,"{<resource_manager.instance.OnPremInstance object at 0x125e07770>: [(6, 87102.01599999907, None)]}",290.64783908667005,149227.10720918025,87102.01599999907,21673.027597678996,3,313.14917636322133,87102.01599999907,121415.33699999905,True,396.65407434882127,83.50489798559997
lamf-test-0c9d7093-d308-489f-9f7c-949564b43da8,"{<resource_manager.instance.OnPremInstance object at 0x125e07770>: [(3, 87132.01599999907, None)]}",341.93839758920444,149190.18180518248,87132.01599999907,21674.027597678996,3,77.88716860597762,87132.01599999907,104200.98899999907,True,98.65669495237762,20.7695263464
lamf-test-61ec6a0a-d66e-4c08-8b27-302f072141f8,"{<resource_manager.instance.OnPremInstance object at 0x125e07770>: [(5, 87582.61599999906, None)]}",101.82362679709799,52908.36501804122,87582.61599999906,21678.091775039997,1,0.20261616852984965,87582.61599999906,87598.01599999906,False,,
lamf-test-8add939b-0d3e-460d-9871-cabe0ac805f6,"{<resource_manager.instance.OnPremInstance object at 0x125e07770>: [(2, 87612.61599999906, None)]}",308.8827630823316,149202.736459582,87612.61599999906,21679.095719768997,1,76.21832451136966,87612.61599999906,101728.03499999906,True,87.66875240416965,11.450427892799995
lamf-test-cfddfdef-fe2e-45ad-8560-6fe3d62d6b0a,"{<resource_manager.instance.OnPremInstance object at 0x125e07770>: [(2, 87642.61599999906, None)]}",315.13941756268656,149784.00162758242,87642.61599999906,21681.324396833996,3,28.723312799452415,87642.61599999906,97084.68699999906,True,36.382720794652414,7.659407995199997
lamf-test-17816b27-b52b-478c-9ec4-0160430c532f,"{<resource_manager.instance.OnPremInstance object at 0x125e07770>: [(3, 87672.61599999906, None)]}",105.18873887331532,52871.202657507805,87672.61599999906,21682.626885560996,1,0.12297513118863707,87672.61599999906,87688.01599999906,False,,
lamf-test-e53ad4a6-c56e-4dd1-b22c-a4f51924970e,"{<resource_manager.instance.OnPremInstance object at 0x125e07770>: [(4, 87702.61599999906, None)]}",55.354429897570796,35924.65325205179,87702.61599999906,21692.321805545496,3,0.09369533804848537,87702.61599999906,87718.01599999906,False,,
lamf-test-ef516eeb-4aa2-4149-84fb-f2df08d8e508,"{<resource_manager.instance.OnPremInstance object at 0x125e07770>: [(2, 87732.61599999906, None)]}",311.8946764585727,149419.33920667408,87732.61599999906,21694.256891135996,3,99.73380181002354,87732.61599999906,120517.60999999905,True,126.32898894282353,26.595187132799992
lamf-test-b3e3f869-98f2-4ec8-bbf6-0c042404572c,"{<resource_manager.instance.OnPremInstance object at 0x125e07770>: [(4, 87792.61599999906, None)]}",313.64851936596733,149294.3517295504,87792.61599999906,21695.812168445995,2,23.522034967969354,87792.61599999906,94250.87899999907,True,33.999920859169364,10.47788589120001
lamf-test-82c4ab04-3ecb-433b-af0f-ca823445bb19,"{<resource_manager.instance.OnPremInstance object at 0x125e07770>: [(2, 87822.61599999906, None)]}",315.22781690787207,149559.6814683136,87822.61599999906,21696.844075496996,2,44.7895947517996,87822.61599999906,104298.64799999907,True,58.1549519101996,13.365357158400005
lamf-test-126e2855-07db-43fa-b439-d9b840b19bc8,"{<resource_manager.instance.OnPremInstance object at 0x125e07770>: [(5, 87852.61599999906, None)]}",318.1127601463231,149451.59393841025,87852.61599999906,21697.844075496996,2,26.08578992066354,87852.61599999906,94371.13299999906,True,39.30534239666353,13.219552475999985
lamf-test-48a10b5f-21dc-470f-9659-627dfd23c08d,"{<resource_manager.instance.OnPremInstance object at 0x125e07770>: [(3, 87882.61599999906, None)]}",92.04085175874731,53002.65796987858,87882.61599999906,21701.023285311996,1,0.12297513118863707,87882.61599999906,87898.01599999906,False,,
lamf-test-e15b5aaf-9b3e-4030-9089-2acfa9cb2d3e,"{<resource_manager.instance.OnPremInstance object at 0x125e07770>: [(5, 87912.61599999906, None)]}",97.31114029433286,52874.843793463544,87912.61599999906,21706.265373597995,3,0.11711917256060674,87912.61599999906,87928.01599999906,False,,
lamf-test-66cd8497-ae77-462b-b793-0f387087c6da,"{<resource_manager.instance.OnPremInstance object at 0x125e07770>: [(6, 87972.81599999906, None)]}",301.4980639885899,149606.42790093433,87972.81599999906,21710.741149065994,2,64.51428416401548,87972.81599999906,102900.28599999906,True,100.84177515601549,36.32749099200001
lamf-test-001a4b71-83f9-4df6-aec9-864db3283caa,"{<resource_manager.instance.OnPremInstance object at 0x125e07770>: [(2, 88032.81599999906, None)]}",48.99000092192328,35724.94540942765,88032.81599999906,21714.007750290995,3,0.046847669024242686,88032.81599999906,88048.21599999905,False,,
lamf-test-48b882cf-9036-46be-bc48-393458a804a5,"{<resource_manager.instance.OnPremInstance object at 0x125e07770>: [(3, 88062.81599999906, None)]}",302.75177020472233,149103.33040205043,88062.81599999906,21716.501733237994,1,313.20896303901435,88062.81599999906,127285.52699999906,True,360.93515778381436,47.7261947448
lamf-test-41abfa7b-4d2e-4f8d-8223-ac01154402e5,"{<resource_manager.instance.OnPremInstance object at 0x125e07770>: [(5, 88212.81599999906, None)]}",281.0110578746165,150076.4923518124,88212.81599999906,22264.091570919994,1,117.21765054376753,88212.81599999906,97122.03499999906,True,135.28554667576753,18.067896131999994
lamf-test-f7a44344-fc5e-4a49-a1d7-2ef5e757b2cc,"{<resource_manager.instance.OnPremInstance object at 0x125e07770>: [(5, 88693.41599999905, None)]}",58.088742770112894,36413.656110892596,88693.41599999905,22266.346478508993,1,0.20261616852984965,88693.41599999905,88708.81599999905,False,,
lamf-test-19bc22b3-fa83-4e8f-80ba-b5e9bf28dfd3,"{<resource_manager.instance.OnPremInstance object at 0x125e07770>: [(3, 88753.61599999905, None)]}",295.4218339024769,150173.56544592947,88753.61599999905,22267.346478508993,3,91.48038786219489,88753.61599999905,108801.54299999906,True,115.87470543579491,24.394317573600013
lamf-test-6849d36d-a755-4e76-b818-c17b557c62c1,"{<resource_manager.instance.OnPremInstance object at 0x125e07770>: [(3, 89354.41599999904, None)]}",39.636907285102794,36525.02370826407,89354.41599999904,22269.005817055993,2,0.049677043187284775,89354.41599999904,89369.81599999903,False,,
lamf-test-2655d61c-0fa6-49c7-9b40-d21f2644dd36,"{<resource_manager.instance.OnPremInstance object at 0x125e07770>: [(4, 89384.41599999904, None)]}",98.54453325124068,53432.690327380136,89384.41599999904,22275.435392629992,3,0.09369533804848537,89384.41599999904,89399.81599999903,False,,
lamf-test-99025f0c-24c1-4390-aabb-11e1215ca402,"{<resource_manager.instance.OnPremInstance object at 0x125e07770>: [(4, 89474.41599999904, None)]}",311.1930919467007,149700.2090767391,89474.41599999904,22280.848734961994,1,128.20962947752685,89474.41599999904,101602.67799999904,True,147.88652174632685,19.676892268800003
lamf-test-5092ef74-6b46-43b7-99dd-8d0710db91b8,"{<resource_manager.instance.OnPremInstance object at 0x125e07770>: [(2, 89504.41599999904, None)]}",322.80175063254035,150126.68733726366,89504.41599999904,22285.368280378992,2,32.399037938560596,89504.41599999904,101422.53199999903,True,42.067013637760596,9.667975699199996
lamf-test-6620de74-3135-4711-a32d-634f822e03d2,"{<resource_manager.instance.OnPremInstance object at 0x125e07770>: [(4, 91548.21599999898, None)]}",98.27879946704434,53420.33653004896,91548.21599999898,22286.46337773499,3,0.09369533804848537,91548.21599999898,91563.61599999898,False,,
lamf-test-7ebc6423-600b-435f-a9e9-a2b0849ab334,"{<resource_manager.instance.OnPremInstance object at 0x125e07770>: [(2, 91638.21599999898, None)]}",316.11199289564274,150383.00913903562,91638.21599999898,22292.092824469994,3,36.39369077496384,91638.21599999898,103601.73199999897,True,46.098494954163826,9.704804179199991
lamf-test-bd57b50e-03ca-4810-aec9-f7f4669d252f,"{<resource_manager.instance.OnPremInstance object at 0x125e07770>: [(6, 92839.41599999896, None)]}",70.84381642365693,36291.282242526766,92839.41599999896,22293.092824469994,3,0.14054300707272807,92839.41599999896,92854.81599999896,False,,
lamf-test-a4fb3475-0825-4c5b-85c8-d701cc8e051a,"{<resource_manager.instance.OnPremInstance object at 0x125e07770>: [(3, 92869.41599999896, None)]}",101.67173585300391,53327.82954422054,92869.41599999896,22299.092996843992,2,0.049677043187284775,92869.41599999896,92884.81599999896,False,,
lamf-test-e78e1cc2-6e29-4c61-bc91-985e5bc2f3d3,"{<resource_manager.instance.OnPremInstance object at 0x125e07770>: [(2, 92899.41599999896, None)]}",302.016014841831,150048.95594844405,92899.41599999896,22300.247489114994,2,21.575379910113362,92899.41599999896,100836.00599999896,True,28.01354171811336,6.438161807999997
lamf-test-40e901f4-82e9-4267-8389-b0ffba33f220,"{<resource_manager.instance.OnPremInstance object at 0x125e07770>: [(2, 92929.41599999896, None)]}",288.17880631872265,150217.20867651998,92929.41599999896,22301.247489114994,3,158.56976195908436,92929.41599999896,145055.26099999898,True,200.85424742308436,42.284485464000014
lamf-test-6b1442b6-bf8d-43ee-9a7c-ebfe1af3d782,"{<resource_manager.instance.OnPremInstance object at 0x125e07770>: [(6, 92959.81599999896, None)]}",47.933135757937364,36525.012428633505,92959.81599999896,22318.284381093996,3,0.14054300707272807,92959.81599999896,92975.21599999895,False,,
lamf-test-c274bdfc-8db1-4605-b2d9-a7aecde8c778,"{<resource_manager.instance.OnPremInstance object at 0x125e07770>: [(6, 92989.81599999896, None)]}",265.46601281858847,150205.0784711562,92989.81599999896,22319.284381093996,1,180.26280698151956,92989.81599999896,104440.42299999896,True,208.12900417671958,27.866197195200012
lamf-test-d82e7cf7-6019-488e-8e11-17029d37b11e,"{<resource_manager.instance.CloudReservedInstance object at 0x126144290>: [(2, 93019.81599999896, None)], <resource_manager.instance.CloudOnDemandInstance object at 0x125e263f0>: [(2, 93019.81599999896, None)]}",58.17814683116276,36808.56569934878,93019.81599999896,22866.122122288994,1,0.16630922503606155,93019.81599999896,93035.21599999895,False,,
lamf-test-bb0f8113-f05a-4407-a64f-cf580915278f,"{<resource_manager.instance.OnPremInstance object at 0x125e07770>: [(3, 93049.81599999896, None)]}",55.45396955229691,36935.677792883434,93049.81599999896,22869.928477246995,1,0.12297513118863707,93049.81599999896,93065.21599999895,False,,
lamf-test-b5a60c8a-d1f9-478b-ae9a-509c17955932,"{<resource_manager.instance.OnPremInstance object at 0x125e07770>: [(2, 93079.81599999896, None)]}",324.40240962171197,150481.1164556289,93079.81599999896,22870.937595130996,3,32.77656703931857,93079.81599999896,103854.29299999896,True,41.516822781718574,8.740255742399999
lamf-test-9a7f6ef4-eca1-47fa-bd17-e85ad4733068,"{<resource_manager.instance.OnPremInstance object at 0x125e07770>: [(2, 93109.81599999896, None)]}",78.08322369616431,53907.16082270015,93109.81599999896,22871.937595130996,3,0.046847669024242686,93109.81599999896,93125.21599999895,False,,
lamf-test-1427c66a-6963-488b-ab08-8c64fb5d9b94,"{<resource_manager.instance.CloudReservedInstance object at 0x126144290>: [(2, 93200.01599999896, None)]}",298.2879652023477,150632.5709420483,93200.01599999896,22872.937595130996,3,110.30790857909412,93200.01599999896,129460.98324766167,True,189.53086982178763,79.2229612426935
lamf-test-2ac6e5ae-946b-4f89-bc34-4a9884f2cfe6,"{<resource_manager.instance.OnPremInstance object at 0x125e07770>: [(5, 93260.21599999895, None)]}",95.77075929852428,53949.67948157122,93260.21599999895,22875.595274634994,2,0.06162769304399561,93260.21599999895,93275.61599999895,False,,
lamf-test-9ae48453-c026-4d89-8443-e59c272cd1c1,"{<resource_manager.instance.CloudOnDemandInstance object at 0x125e263f0>: [(3, 93290.41599999895, None)]}",49.958054880775016,37048.45832981901,93290.41599999895,22876.595274634994,3,1.8979511749942364,93690.95199999894,93706.35199999894,False,,
lamf-test-149ce9f5-0d8c-4297-a44f-d357e4f39148,"{<resource_manager.instance.CloudOnDemandInstance object at 0x125e263f0>: [(2, 93721.75199999893, None)]}",300.3994249069391,150315.87633246268,93721.75199999893,22877.595274634994,2,153.89128000863255,94122.28799999892,150331.2763324627,False,,
lamf-test-69f48fe6-1e8c-4fc5-9c19-482eb942f9fa,"{<resource_manager.instance.OnPremInstance object at 0x125e07770>: [(5, 94272.68799999892, None)]}",98.65433601246767,54201.22605181347,94272.68799999892,22879.083244646994,1,0.20261616852984965,94272.68799999892,94288.08799999891,False,,
lamf-test-40d5168b-a00e-400f-be31-0989d001eb8a,"{<resource_manager.instance.OnPremInstance object at 0x125e07770>: [(5, 94332.68799999892, None)]}",309.100009518621,150541.50263722648,94332.68799999892,22880.083244646994,1,453.1973863411664,94332.68799999892,128778.3089999989,True,523.0531057291664,69.85571938799997
lamf-test-24897bbd-5428-45bb-8605-42c32b3705e5,"{<resource_manager.instance.OnPremInstance object at 0x125e07770>: [(4, 94392.68799999892, None)]}",286.04299928912167,150685.91179832723,94392.68799999892,22881.094203333992,1,152.0469930793216,94392.68799999892,108775.89599999892,True,175.3823097385216,23.335316659199997
lamf-test-9e35d55c-f665-44e0-9363-3dbcea008e08,"{<resource_manager.instance.OnPremInstance object at 0x125e07770>: [(5, 94572.88799999891, None)]}",86.26069651046296,54163.62023062298,94572.88799999891,22882.094203333992,1,0.20261616852984965,94572.88799999891,94588.28799999891,False,,
lamf-test-d25e5772-26d6-4d1a-8442-10078b0905a7,"{<resource_manager.instance.OnPremInstance object at 0x125e07770>: [(3, 94692.88799999891, None)]}",48.70139863364064,36887.741320938796,94692.88799999891,22885.412831170994,2,0.049677043187284775,94692.88799999891,94708.28799999891,False,,
lamf-test-9b398170-0f91-43dd-888b-ca47a69e7be6,"{<resource_manager.instance.OnPremInstance object at 0x125e07770>: [(5, 94752.88799999891, None)]}",66.9431854355246,36955.86175740258,94752.88799999891,22886.412831170994,1,0.20261616852984965,94752.88799999891,94768.28799999891,False,,
lamf-test-5aa93d3d-910f-451f-93e3-8a493339688f,"{<resource_manager.instance.OnPremInstance object at 0x125e07770>: [(2, 94782.88799999891, None)]}",113.0038570701071,54216.909237810294,94782.88799999891,22887.412831170994,1,0.08315461251803077,94782.88799999891,94798.28799999891,False,,
lamf-test-69086cac-7446-4f6a-8081-52b2794b57e0,"{<resource_manager.instance.OnPremInstance object at 0x125e07770>: [(5, 94812.88799999891, None)]}",305.46905892401105,150373.24113689046,94812.88799999891,22888.412831170994,1,270.8101397824931,94812.88799999891,115396.02399999893,True,312.5527395904931,41.74259980800002
lamf-test-bf71bbb6-9331-40ad-a925-11646e59f2d1,"{<resource_manager.instance.OnPremInstance object at 0x125e07770>: [(3, 95083.4879999989, None)]}",282.21590282196104,150371.7493300115,95083.4879999989,22889.412831170994,1,311.15265115217903,95083.4879999989,134048.68999999893,True,358.5655089457791,47.412857793600026
lamf-test-4934301a-0ee3-435b-9029-b60facd69218,"{<resource_manager.instance.OnPremInstance object at 0x125e07770>: [(4, 95143.6879999989, None)]}",52.890558120332045,37171.076423381644,95143.6879999989,22890.412831170994,1,0.16279564985924336,95143.6879999989,95159.0879999989,False,,
lamf-test-02fe1a43-a736-43c9-9c85-be0376b7fc19,"{<resource_manager.instance.OnPremInstance object at 0x125e07770>: [(5, 96135.68799999887, None)]}",308.8536180971014,150782.22313238203,96135.68799999887,22891.788501843992,1,285.6950471518745,96135.68799999887,117850.16299999887,True,329.7320024518745,44.03695529999998
lamf-test-5bc1a782-dd52-49ae-bc07-d0663fcf61e7,"{<resource_manager.instance.CloudReservedInstance object at 0x125e07cb0>: [(2, 96165.68799999887, None)]}",301.43918655680113,150612.55381421474,96165.68799999887,22892.788501843992,3,110.45152394699903,96165.68799999887,150627.95381421476,False,,
lamf-test-fd191bba-3764-4aa2-81d0-45d1ba51f949,"{<resource_manager.instance.OnPremInstance object at 0x125e07770>: [(4, 96466.08799999887, None)]}",100.27899055090289,54036.45651350777,96466.08799999887,22893.788501843992,3,0.09369533804848537,96466.08799999887,96481.48799999886,False,,
lamf-test-d45fbec7-9b0f-4259-abad-f034f5395e54,"{<resource_manager.instance.OnPremInstance object at 0x125e07770>: [(6, 96676.28799999887, None)]}",280.99105703286153,150619.72818991033,96676.28799999887,22894.788501843992,3,144.9709148984713,96676.28799999887,112561.47599999886,True,183.6291084152713,38.65819351679999
lamf-test-f8986cb1-d053-4850-bf13-41d00a98cf1e,"{<resource_manager.instance.OnPremInstance object at 0x125e07770>: [(4, 96796.28799999887, None)]}",287.57775868831527,150863.01726303925,96796.28799999887,22895.788501843992,1,289.12502129439474,96796.28799999887,124146.68299999884,True,333.4983021423947,44.37328084799996
lamf-test-9887e099-b361-4b4e-9635-a15f075166e7,"{<resource_manager.instance.OnPremInstance object at 0x125e07770>: [(2, 97216.68799999886, None)]}",35.564787144994426,36956.79535100765,97216.68799999886,22896.788501843992,3,0.046847669024242686,97216.68799999886,97232.08799999885,False,,
lamf-test-95bfd6d8-e883-4198-903e-cd0ba022b850,"{<resource_manager.instance.OnPremInstance object at 0x125e07770>: [(3, 97276.88799999886, None)]}",108.5127056419366,54035.502354242315,97276.88799999886,22897.788501843992,3,0.07027150353636404,97276.88799999886,97292.28799999885,False,,
lamf-test-b58f906b-2d05-4446-a3bc-51167f13e3e6,"{<resource_manager.instance.OnPremInstance object at 0x125e07770>: [(6, 97457.28799999885, None)]}",316.2032012612325,150425.33378352865,97457.28799999885,22899.018945279993,3,132.94856490987914,97457.28799999885,112025.12699999886,True,168.40085790027916,35.45229299040002
lamf-test-95560630-f5ce-4b54-af45-e19485ee5922,"{<resource_manager.instance.OnPremInstance object at 0x125e07770>: [(2, 97847.48799999885, None)]}",59.57220196896465,36955.42563228789,97847.48799999885,22902.172497528994,3,0.046847669024242686,97847.48799999885,97862.88799999884,False,,
lamf-test-9f0d95ee-6854-40c8-8565-0f4dd00f352a,"{<resource_manager.instance.OnPremInstance object at 0x125e07770>: [(6, 98328.48799999883, None)]}",320.55973978326983,150508.82889172406,98328.48799999883,22903.284442296994,2,24.194143392302312,98328.48799999883,103926.58699999884,True,37.81767711870232,13.623533726400005
lamf-test-2bdcc975-2bba-4e1b-b91b-cbf27bbd3d9e,"{<resource_manager.instance.OnPremInstance object at 0x125e07770>: [(3, 98719.28799999882, None)]}",305.14777040330046,150579.75387269174,98719.28799999882,22905.049834527992,2,55.18637566274872,98719.28799999882,115827.19399999884,True,76.00327568354875,20.816900020800023
lamf-test-fb68c73b-7616-477a-9624-12fe33c84899,"{<resource_manager.instance.OnPremInstance object at 0x125e07770>: [(2, 98749.28799999882, None)]}",57.07316459038334,37030.54677108755,98749.28799999882,22906.328775561993,1,0.08315461251803077,98749.28799999882,98764.68799999882,False,,
lamf-test-46c864e1-45db-4f91-aeb7-6635dbd4c402,"{<resource_manager.instance.OnPremInstance object at 0x125e07770>: [(3, 98779.28799999882, None)]}",52.404009574895966,37026.07617269176,98779.28799999882,22907.879417760993,2,0.049677043187284775,98779.28799999882,98794.68799999882,False,,
lamf-test-fcfa61f8-fb72-4399-968e-6a610b0ab0bf,"{<resource_manager.instance.OnPremInstance object at 0x125e07770>: [(2, 98839.28799999882, None)]}",313.1978271806075,150679.4297356244,98839.28799999882,22908.879417760993,3,104.16889801505813,98839.28799999882,133082.2089999988,True,131.94675553025812,27.77785751519999
lamf-test-0c976fb6-216b-4050-8a58-4c7808a95db4,"{<resource_manager.instance.OnPremInstance object at 0x125e07770>: [(4, 98899.48799999882, None)]}",96.91256106343577,54143.64789686813,98899.48799999882,22910.042892241992,2,0.05608928259914327,98899.48799999882,98914.88799999881,False,,
lamf-test-4074e8ae-38e4-47d8-96f0-2b516c5dbf1c,"{<resource_manager.instance.OnPremInstance object at 0x125e07770>: [(5, 98959.48799999882, None)]}",310.48405344969365,150654.2886019839,98959.48799999882,22911.042892241992,2,43.76125657520638,98959.48799999882,109894.88599999882,True,65.93824371920638,22.176987144
lamf-test-148cba0e-a0fd-4d8a-bdee-4b95ab96aac5,"{<resource_manager.instance.OnPremInstance object at 0x125e07770>: [(2, 99319.68799999882, None)]}",312.0707447319161,150608.8262127905,99319.68799999882,22914.523651268493,2,40.93548696845899,99319.68799999882,114377.97099999883,True,53.150766138059,12.215279169600008
lamf-test-f7210e1f-cff9-45ee-8bc0-a8175fe8ebd6,"{<resource_manager.instance.OnPremInstance object at 0x125e07770>: [(5, 100731.28799999879, None)]}",326.41616010620436,150654.87837084936,100731.28799999879,22915.523651268493,3,53.09168758080461,100731.28799999879,107712.31399999879,True,67.24920830880461,14.157520727999994
lamf-test-7dd29e36-66af-4783-b073-b6c0b522e329,"{<resource_manager.instance.OnPremInstance object at 0x125e07770>: [(2, 100881.48799999879, None)]}",83.46710826795761,53992.9054080863,100881.48799999879,22916.523651268493,3,0.046847669024242686,100881.48799999879,100896.88799999878,False,,
lamf-test-0e5529ab-179e-4c81-ab1e-a5b6748ed38f,"{<resource_manager.instance.OnPremInstance object at 0x125e07770>: [(4, 100941.48799999879, None)]}",90.40968795722229,54190.212489589496,100941.48799999879,22920.092679418492,1,0.16279564985924336,100941.48799999879,100956.88799999878,False,,
lamf-test-f2ffe8b3-b45a-4a58-abb1-8afdd7e300f5,"{<resource_manager.instance.OnPremInstance object at 0x125e07770>: [(5, 101061.48799999879, None)]}",93.64754554289101,54262.54113386763,101061.48799999879,22921.092679418492,1,0.20261616852984965,101061.48799999879,101076.88799999878,False,,
lamf-test-7a3c0981-c912-40bd-abf1-e641ec485e3c,"{<resource_manager.instance.OnPremInstance object at 0x125e07770>: [(4, 101211.88799999878, None)]}",284.5214240267859,150653.92132900227,101211.88799999878,22923.702384260494,1,168.55891185641488,101211.88799999878,117157.07599999878,True,194.42838486761488,25.86947301119999
lamf-test-37c8ef81-42b5-4306-a9c3-b1cac47dcc55,"{<resource_manager.instance.OnPremInstance object at 0x125e07770>: [(3, 101241.88799999878, None)]}",94.44155216210058,53910.40718371314,101241.88799999878,22925.405686214493,3,0.07027150353636404,101241.88799999878,101257.28799999878,False,,
lamf-test-428a5c4f-d275-462f-92b2-ce62eba8c360,"{<resource_manager.instance.OnPremInstance object at 0x125e07770>: [(3, 101301.88799999878, None)]}",317.27331098542436,150535.23618352713,101301.88799999878,22927.477061237492,2,13.964603933794038,101301.88799999878,105630.94799999878,True,19.232204141794035,5.2676002079999975
lamf-test-839b9375-daf1-448d-ba2a-4e7b8a8c32c7,"{<resource_manager.instance.OnPremInstance object at 0x125e07770>: [(5, 101452.68799999877, None)]}",301.3962656663327,150518.3151202587,101452.68799999877,22929.23371796949,2,99.34066776094646,101452.68799999877,126276.69499999876,True,149.68375395694642,50.34308619599996
lamf-test-5fe98500-df89-4426-8e51-1b37ee4edaf5,"{<resource_manager.instance.OnPremInstance object at 0x125e07770>: [(4, 101482.68799999877, None)]}",303.76251598622537,151282.60813595128,101482.68799999877,23476.024864406492,3,84.77817020305726,101482.68799999877,115417.03999999877,True,107.38526288785725,22.607092684799998
lamf-test-dc2541ca-2f35-4ff7-a081-304448699c5d,"{<resource_manager.instance.CloudOnDemandInstance object at 0x12613d310>: [(4, 101993.68799999876, None)]}",302.5926540431739,151051.6218392184,101993.68799999876,23478.124855817492,2,112.42413586450223,102394.22399999875,151067.0218392184,False,,
lamf-test-555576d3-2284-4491-8498-d0f099444eff,"{<resource_manager.instance.OnPremInstance object at 0x125e07770>: [(4, 102425.22399999874, None)]}",94.23503159233334,54713.750728895306,102425.22399999874,23479.124855817492,3,0.09369533804848537,102425.22399999874,102440.62399999873,False,,
lamf-test-eb814bf1-bbb0-4b2f-bc01-f5e613979714,"{<resource_manager.instance.OnPremInstance object at 0x125e07770>: [(2, 102455.42399999873, None)]}",47.7909014064123,37841.078061199194,102455.42399999873,23480.124855817492,3,0.046847669024242686,102455.42399999873,102470.82399999873,False,,
lamf-test-dc05c32e-684f-4b3c-9aa4-d42d6979a3fe,"{<resource_manager.instance.OnPremInstance object at 0x125e07770>: [(2, 102485.42399999873, None)]}",53.18730478197852,37744.99604964907,102485.42399999873,23482.05396895649,1,0.08315461251803077,102485.42399999873,102500.82399999873,False,,
lamf-test-8a05feee-4197-48d4-a52c-e2d3966c37bb,"{<resource_manager.instance.OnPremInstance object at 0x125e07770>: [(6, 102515.42399999873, None)]}",95.16517220690687,54742.74477245951,102515.42399999873,23483.05396895649,3,0.14054300707272807,102515.42399999873,102530.82399999873,False,,
lamf-test-1283a5be-14de-41ee-87aa-766aaeeafbd0,"{<resource_manager.instance.OnPremInstance object at 0x125e07770>: [(2, 102545.42399999873, None)]}",301.49919325008074,151004.26291711832,102545.42399999873,23484.05396895649,1,168.84148277435557,102545.42399999873,133814.39099999875,True,194.20686880475557,25.365386030400014
lamf-test-83f17b85-900c-4e31-a217-dd0b4f586b8a,"{<resource_manager.instance.OnPremInstance object at 0x125e07770>: [(5, 102605.42399999873, None)]}",288.7334571232547,151174.27551873136,102605.42399999873,23485.05396895649,2,48.84027888663963,102605.42399999873,114810.00699999872,True,73.5911732106396,24.750894323999965
lamf-test-abcbfaf9-4394-4781-ad4d-3fb7fa5ff51e,"{<resource_manager.instance.OnPremInstance object at 0x125e07770>: [(2, 102665.42399999873, None)]}",309.876487988864,151206.20056572373,102665.42399999873,23486.05396895649,2,17.86413858652384,102665.42399999873,109236.81899999872,True,23.194854210523832,5.330715623999992
lamf-test-7ba8094d-b37b-4d4a-94ab-43b835082051,"{<resource_manager.instance.OnPremInstance object at 0x125e07770>: [(5, 102695.42399999873, None)]}",332.19054549183284,151690.57359392213,102695.42399999873,23487.54889446249,1,398.7058466043046,102695.42399999873,132999.37299999874,True,460.1622551763046,61.45640857200001
lamf-test-56deb4eb-b644-4e7e-85a7-0b42646d64fc,"{<resource_manager.instance.OnPremInstance object at 0x125e07770>: [(6, 103626.42399999872, None)]}",306.28440469326864,151103.09722066726,103626.42399999872,23492.357275838487,1,235.03772416153305,103626.42399999872,118556.42899999871,True,271.37138432953304,36.33366016799998
lamf-test-f6694ce8-d10c-4d5c-8d02-a0790805227c,"{<resource_manager.instance.OnPremInstance object at 0x125e07770>: [(4, 103867.02399999871, None)]}",59.39258429217821,37670.112399977006,103867.02399999871,23493.357275838487,3,0.09369533804848537,103867.02399999871,103882.4239999987,False,,
lamf-test-9ffee495-f8cb-44fb-b137-e305b7d85839,"{<resource_manager.instance.OnPremInstance object at 0x125e07770>: [(6, 103927.02399999871, None)]}",307.10562435897356,151434.9449015994,103927.02399999871,23494.612756605486,3,45.404426192105745,103927.02399999871,108902.2139999987,True,57.51204857610571,12.10762238399997
lamf-test-82b7898a-b46e-4b11-b960-f79eca48e5a9,"{<resource_manager.instance.OnPremInstance object at 0x125e07770>: [(6, 104077.6239999987, None)]}",98.3988004891017,54623.86905405026,104077.6239999987,23495.612756605486,3,0.14054300707272807,104077.6239999987,104093.0239999987,False,,
lamf-test-d810e1eb-4d17-4900-af04-d2b542e8cfec,"{<resource_manager.instance.OnPremInstance object at 0x125e07770>: [(4, 104107.6239999987, None)]}",84.1782634626678,54650.7071803646,104107.6239999987,23498.434361797485,3,0.09369533804848537,104107.6239999987,104123.0239999987,False,,
lamf-test-a4b5dddb-c265-42fa-86a6-3769ba731a7d,"{<resource_manager.instance.OnPremInstance object at 0x125e07770>: [(3, 104167.6239999987, None)]}",52.551032993574616,37544.89080991447,104167.6239999987,23499.434361797485,3,0.07027150353636404,104167.6239999987,104183.0239999987,False,,
lamf-test-1d000706-26a3-4b4f-ad47-fa83618f238b,"{<resource_manager.instance.OnPremInstance object at 0x125e07770>: [(6, 104227.6239999987, None)]}",81.70373679543748,37753.35915689164,104227.6239999987,23500.922859251485,3,0.14054300707272807,104227.6239999987,104243.0239999987,False,,
lamf-test-173e9366-5762-42bc-86c2-633481cf4423,"{<resource_manager.instance.OnPremInstance object at 0x125e07770>: [(3, 104287.6239999987, None)]}",93.84380170129782,54680.70090957579,104287.6239999987,23501.988967334484,2,0.049677043187284775,104287.6239999987,104303.0239999987,False,,
lamf-test-9ad89462-a613-4c9d-9a32-fabf39e2e806,"{<resource_manager.instance.OnPremInstance object at 0x125e07770>: [(4, 104347.6239999987, None)]}",296.81691444265005,151405.0435667184,104347.6239999987,23503.925899877486,2,52.45389945343413,104347.6239999987,118749.4849999987,True,75.81947873983414,23.365579286400006
lamf-test-5732e2ca-542b-4ef0-9ba8-d02986867ef0,"{<resource_manager.instance.OnPremInstance object at 0x125e07770>: [(5, 104407.6239999987, None)]}",47.97415618366852,37577.70252557653,104407.6239999987,23509.724060315486,3,0.11711917256060674,104407.6239999987,104423.0239999987,False,,
lamf-test-73046f72-e863-4f29-945a-1ed957c987ac,"{<resource_manager.instance.OnPremInstance object at 0x125e07770>: [(2, 104467.6239999987, None)]}",49.64802637292328,37524.246950637724,104467.6239999987,23510.724060315486,2,0.04186443429931751,104467.6239999987,104483.0239999987,False,,
lamf-test-db485ebb-20db-4f84-be49-680a38510307,"{<resource_manager.instance.OnPremInstance object at 0x125e07770>: [(4, 104527.6239999987, None)]}",34.692999599854716,37802.055923343716,104527.6239999987,23515.252944108484,1,0.16279564985924336,104527.6239999987,104543.0239999987,False,,
lamf-test-9a613963-6b08-48f7-a968-de04ae02d54b,"{<resource_manager.instance.OnPremInstance object at 0x125e07770>: [(5, 104587.6239999987, None)]}",60.09404415021537,37715.94720530097,104587.6239999987,23516.252944108484,1,0.20261616852984965,104587.6239999987,104603.0239999987,False,,
lamf-test-f0315257-5d66-421d-9c01-8e16991d06a5,"{<resource_manager.instance.OnPremInstance object at 0x125e07770>: [(2, 104617.6239999987, None)]}",305.3642818037283,151031.78673940274,104617.6239999987,23517.895730443484,2,68.88373747765327,104617.6239999987,129956.78299999869,True,89.43886325845325,20.555125780799987
lamf-test-12a002f4-7e1c-496b-9a4e-a93d4e06b741,"{<resource_manager.instance.OnPremInstance object at 0x125e07770>: [(4, 104707.6239999987, None)]}",314.11889639051043,151427.420889853,104707.6239999987,23521.090294372483,3,134.54208837173928,104707.6239999987,126821.2979999987,True,170.4193130693393,35.8772246976
lamf-test-806099cf-b277-4bb2-b9dd-8fe5f8178c51,"{<resource_manager.instance.OnPremInstance object at 0x125e07770>: [(4, 105218.62399999869, None)]}",111.44661170355707,54686.578988547306,105218.62399999869,23524.358076487482,2,0.05608928259914327,105218.62399999869,105234.02399999868,False,,
lamf-test-2eec3224-ea88-4f7c-9564-fd5b3d3b7737,"{<resource_manager.instance.OnPremInstance object at 0x125e07770>: [(2, 105248.62399999869, None)]}",37.4151337220024,37785.443958865566,105248.62399999869,23525.358076487482,3,0.046847669024242686,105248.62399999869,105264.02399999868,False,,
lamf-test-e6e8ad32-a552-476d-b1c5-243e186072d9,"{<resource_manager.instance.OnPremInstance object at 0x125e07770>: [(5, 105308.62399999869, None)]}",301.57276338943484,151041.54326597482,105308.62399999869,23526.639394013484,3,83.20327021066252,105308.62399999869,116249.0219999987,True,105.39039735466255,22.18712714400003
lamf-test-4ba33463-237c-4203-b07d-0e82e6721170,"{<resource_manager.instance.OnPremInstance object at 0x125e07770>: [(3, 105669.02399999868, None)]}",300.31933938422,150749.72592397314,105669.02399999868,23529.880371572483,3,97.39832991101983,105669.02399999868,127013.86799999868,True,123.37073609021982,25.9724061792
lamf-test-e255d1b1-9398-4d26-ab74-bb5794234e47,"{<resource_manager.instance.OnPremInstance object at 0x125e07770>: [(2, 105699.02399999868, None)]}",52.18465366625499,37735.42367875678,105699.02399999868,23535.55091346248,3,0.046847669024242686,105699.02399999868,105714.42399999867,False,,
lamf-test-41484c5d-dab9-4fc2-841b-978aca5bdeb2,"{<resource_manager.instance.OnPremInstance object at 0x125e07770>: [(2, 105729.02399999868, None)]}",313.1753681024487,151409.49481833435,105729.02399999868,23536.55091346248,3,25.718618906380676,105729.02399999868,114183.37699999867,True,32.57679005998067,6.85817115359999
lamf-test-d212c24c-f064-4abc-b718-e3f5047c2ba0,"{<resource_manager.instance.OnPremInstance object at 0x125e07770>: [(2, 105759.02399999868, None)]}",293.3563284527143,150938.31168961295,105759.02399999868,23537.80980630048,1,31.588903794965432,105759.02399999868,111609.19999999869,True,36.334566566165435,4.7456627712000055
lamf-test-a0395ef2-51d1-40c3-9888-b0d61a55c626,"{<resource_manager.instance.OnPremInstance object at 0x125e07770>: [(2, 105969.62399999867, None)]}",92.41754576857483,55239.78457061977,105969.62399999867,24078.68586752448,2,0.04186443429931751,105969.62399999867,105985.02399999867,False,,
lamf-test-c2ae55a6-cf55-4cbe-aa6e-24e58b9f12f6,"{<resource_manager.instance.OnPremInstance object at 0x125e07770>: [(6, 106029.62399999867, None)]}",91.82563906844803,55105.166031621484,106029.62399999867,24080.76641225448,1,0.24243668720045594,106029.62399999867,106045.02399999867,False,,
lamf-test-baf1e374-4927-43ba-aa7b-5acc143a9325,"{<resource_manager.instance.OnPremInstance object at 0x125e07770>: [(3, 106089.62399999867, None)]}",54.82249465439443,38337.92041908775,106089.62399999867,24084.23735789748,1,0.12297513118863707,106089.62399999867,106105.02399999867,False,,
lamf-test-65c75674-6d61-48c2-8e2f-0deaa2e53c50,"{<resource_manager.instance.OnPremInstance object at 0x125e07770>: [(5, 106149.62399999867, None)]}",310.9138494061531,151927.10425025865,106149.62399999867,24085.23735789748,3,52.09905696250658,106149.62399999867,113000.12899999866,True,65.99188110250655,13.892824139999979
lamf-test-0cd37ffc-60a0-45ac-a12c-e91d25ec64ae,"{<resource_manager.instance.OnPremInstance object at 0x125e07770>: [(4, 106179.82399999867, None)]}",319.43122695892134,151701.11517835004,106179.82399999867,24086.23735789748,2,98.49730380835284,106179.82399999867,133223.46599999868,True,142.37290858915284,43.87560478080001
lamf-test-e33fe393-b630-4b60-808f-c6f040f082e2,"{<resource_manager.instance.OnPremInstance object at 0x125e07770>: [(2, 106420.02399999867, None)]}",327.52562812519227,152170.82751713548,106420.02399999867,24087.23735789748,2,44.31736936984262,106420.02399999867,122722.34599999867,True,57.541812976242625,13.2244436064
lamf-test-c13983c3-88d3-4223-81f1-3d841bb80c73,"{<resource_manager.instance.OnPremInstance object at 0x125e07770>: [(2, 106960.82399999865, None)]}",305.7706698908458,152054.2038039327,106960.82399999865,24088.82192406948,2,99.07125133424479,106960.82399999865,143404.58099999867,True,128.6344270126448,29.56317567840001
lamf-test-a0f19f32-a3f4-4c78-acaf-fde1ac3637c6,"{<resource_manager.instance.OnPremInstance object at 0x125e07770>: [(3, 107531.62399999864, None)]}",107.04597303714239,55397.2986169198,107531.62399999864,24090.06546044148,2,0.049677043187284775,107531.62399999864,107547.02399999864,False,,
lamf-test-dd64f63e-d0c8-4966-b4ae-6daebbc14d2f,"{<resource_manager.instance.OnPremInstance object at 0x125e07770>: [(5, 107591.62399999864, None)]}",50.48192034153112,38193.96290111147,107591.62399999864,24091.06546044148,1,0.20261616852984965,107591.62399999864,107607.02399999864,False,,
lamf-test-e8a77b29-caaa-4f0e-91f9-2b96865ed1ae,"{<resource_manager.instance.OnPremInstance object at 0x125e07770>: [(3, 107772.02399999864, None)]}",74.9679267745451,38158.126081876035,107772.02399999864,24093.550366054482,1,0.12297513118863707,107772.02399999864,107787.42399999863,False,,
lamf-test-9b31ccd0-de9d-4a37-a3f7-8fd2b636291f,"{<resource_manager.instance.OnPremInstance object at 0x125e07770>: [(3, 107832.02399999864, None)]}",327.6403585971007,151755.5532052842,107832.02399999864,24094.550366054482,3,126.71541409993162,107832.02399999864,135601.70699999866,True,160.50556437433164,33.79015027440003
lamf-test-645d6243-57db-44a7-8643-adaa04af4482,"{<resource_manager.instance.CloudReservedInstance object at 0x125e26520>: [(1, 107862.02399999864, None)], <resource_manager.instance.CloudOnDemandInstance object at 0x125e26780>: [(1, 107862.02399999864, None)]}",322.6425482972228,151711.70552205225,107862.02399999864,24097.59304425798,2,155.4353601448807,107862.02399999864,151727.10552205227,False,,
lamf-test-312a9c71-c247-4c60-8584-abd787ddbb55,"{<resource_manager.instance.OnPremInstance object at 0x125e07770>: [(2, 108492.42399999863, None)]}",292.183210394434,151608.53070755565,108492.42399999863,24099.66618817448,2,56.06781082723551,108492.42399999863,129117.19299999863,True,72.79862344003551,16.7308126128
lamf-test-c6b79105-5602-4776-b975-272c1194b070,"{<resource_manager.instance.OnPremInstance object at 0x125e07770>: [(6, 108913.02399999862, None)]}",67.523143913155,38337.28119376364,108913.02399999862,24101.12174193548,3,0.14054300707272807,108913.02399999862,108928.42399999862,False,,
lamf-test-55af92f6-5c1e-4d8c-8aae-c07ea4fdcdce,"{<resource_manager.instance.OnPremInstance object at 0x125e07770>: [(4, 108973.02399999862, None)]}",70.67215333655905,55402.083601139166,108973.02399999862,24102.12174193548,2,0.05608928259914327,108973.02399999862,108988.42399999862,False,,
lamf-test-04b92d0c-09b8-4d57-b497-ad0e8c94db20,"{<resource_manager.instance.OnPremInstance object at 0x125e07770>: [(4, 109003.02399999862, None)]}",288.85732232610275,151767.333412508,109003.02399999862,24103.83793896648,2,43.54554099758901,109003.02399999862,120958.98599999861,True,62.94289374638898,19.397352748799975
lamf-test-7f94fa02-84ad-49c5-b83e-515b628c4152,"{<resource_manager.instance.OnPremInstance object at 0x125e07770>: [(5, 109033.02399999862, None)]}",70.77056876301576,38193.9416754711,109033.02399999862,24106.28264188848,2,0.06162769304399561,109033.02399999862,109048.42399999862,False,,
lamf-test-dbb0850f-8e0f-49b0-9c09-4303fd5a9eef,"{<resource_manager.instance.OnPremInstance object at 0x125e07770>: [(5, 109153.02399999862, None)]}",108.07778601288287,55218.37994357406,109153.02399999862,24107.71636949448,1,0.20261616852984965,109153.02399999862,109168.42399999862,False,,
lamf-test-23584a84-c1ab-462f-856d-dbafc172fc72,"{<resource_manager.instance.CloudReservedInstance object at 0x125e262c0>: [(2, 109183.22399999862, None)], <resource_manager.instance.CloudOnDemandInstance object at 0x125e07b60>: [(1, 109183.22399999862, None)]}",302.5519454321837,151804.3252704576,109183.22399999862,24108.71636949448,2,188.81164067116592,109183.22399999862,151819.72527045762,False,,
lamf-test-a6c9693f-0d92-4afb-bfe4-52f7d289bf50,"{<resource_manager.instance.OnPremInstance object at 0x125e07770>: [(2, 109213.22399999862, None)]}",89.94496241994834,55155.12549056123,109213.22399999862,24109.76792334148,3,0.046847669024242686,109213.22399999862,109228.62399999861,False,,
lamf-test-466a331a-ad26-47a4-b179-e35d1a0c5537,"{<resource_manager.instance.OnPremInstance object at 0x125e07770>: [(4, 109243.22399999862, None)]}",97.90328572452589,55355.48990729076,109243.22399999862,24111.383419645477,2,0.05608928259914327,109243.22399999862,109258.62399999861,False,,
lamf-test-77e5d9c6-171e-477d-8afc-4f99278cdf05,"{<resource_manager.instance.OnPremInstance object at 0x125e07770>: [(4, 109273.22399999862, None)]}",322.5604323889228,151791.12471076715,109273.22399999862,24112.383419645477,1,243.8864887063654,109273.22399999862,132344.1839999986,True,281.3168142103654,37.43032550399999
lamf-test-cde41d2e-d3b7-483c-acf5-fce25843f6ec,"{<resource_manager.instance.OnPremInstance object at 0x125e07770>: [(6, 109453.42399999862, None)]}",306.0420948865999,151897.16835345895,109453.42399999862,24114.147582404476,3,63.64340406114528,109453.42399999862,116427.14999999861,True,80.61466365474527,16.97125959359999
lamf-test-45c4a9c4-2171-4eea-b952-821722a13bda,"{<resource_manager.instance.OnPremInstance object at 0x125e07770>: [(2, 109513.62399999861, None)]}",298.1165366351332,151983.59374919927,109513.62399999861,24116.209449653477,1,105.61228131416843,109513.62399999861,129072.72099999862,True,121.47862080056844,15.866339486400006
lamf-test-d6fa2a21-a6b8-4090-9263-4f50b3edb3c2,"{<resource_manager.instance.OnPremInstance object at 0x125e07770>: [(2, 109784.2239999986, None)]}",330.4100477007284,151938.8203410521,109784.2239999986,24117.209449653477,3,65.08536618754283,109784.2239999986,131179.41099999862,True,82.44114188194285,17.355775694400016
lamf-test-3930d2af-5fdf-4edf-821d-dfe945829644,"{<resource_manager.instance.OnPremInstance object at 0x125e07770>: [(4, 109934.2239999986, None)]}",97.22721355921198,55253.64752263017,109934.2239999986,24119.226319611476,1,0.16279564985924336,109934.2239999986,109949.6239999986,False,,
lamf-test-d2f5cd50-cfbe-4991-819e-7c0f2710b47f,"{<resource_manager.instance.OnPremInstance object at 0x125e07770>: [(5, 109994.2239999986, None)]}",311.4299673200502,151722.0142273982,109994.2239999986,24123.163012179477,3,64.19996197429455,109994.2239999986,118435.8769999986,True,81.31963425829454,17.119672283999982
lamf-test-a7c97e24-903a-4dca-ba7e-7021d2a7a153,"{<resource_manager.instance.OnPremInstance object at 0x125e07770>: [(5, 110474.8239999986, None)]}",272.31748586313887,151590.73815238618,110474.8239999986,24126.616447146476,2,34.80279970753534,110474.8239999986,119171.61417699291,True,52.43989018647981,17.637090478944465
lamf-test-7979bb4a-71ea-47f3-84d7-1d24a91cba4c,"{<resource_manager.instance.OnPremInstance object at 0x125e07770>: [(5, 110505.0239999986, None)]}",311.8838093943903,152152.20281676698,110505.0239999986,24127.616447146476,1,247.6906481861739,110505.0239999986,129330.9449999986,True,285.8696159741739,38.178967788
lamf-test-dc511cd7-1e75-49c2-8aa3-d524b909408f,"{<resource_manager.instance.OnPremInstance object at 0x125e07770>: [(4, 111767.02399999856, None)]}",314.927009218563,151749.5689383415,111767.02399999856,24135.778775251478,2,72.48578245383165,111767.02399999856,131668.88399999856,True,104.77456011783164,32.288777664
lamf-test-b990cc86-2c21-4994-9a3c-749243831b25,"{<resource_manager.instance.CloudOnDemandInstance object at 0x125e26780>: [(2, 111948.02399999855, None)], <resource_manager.instance.CloudOnDemandInstance object at 0x12613d310>: [(3, 111948.02399999855, None)], <resource_manager.instance.CloudOnDemandInstance object at 0x125e263f0>: [(1, 111948.02399999855, None)]}",310.5105298170665,151758.00005526448,111948.02399999855,24136.778775251478,1,439.1725247557657,112348.55999999854,151773.4000552645,False,,
lamf-test-3f24393a-2ab1-4481-a2f9-eb1ac8cef898,"{<resource_manager.instance.CloudOnDemandInstance object at 0x12613d310>: [(2, 112379.35999999853, None)]}",48.75501181450081,38236.96797055746,112379.35999999853,24137.922948332478,1,0.8119013359697568,112779.89599999852,112795.29599999852,False,,
lamf-test-c5b0481f-991f-4411-b1f4-57a207573df6,"{<resource_manager.instance.OnPremInstance object at 0x125e07770>: [(2, 112810.29599999852, None)]}",313.8720815034799,151786.36508587227,112810.29599999852,24138.922948332478,1,93.79028724617834,112810.29599999852,130179.9929999985,True,107.88058545257833,14.090298206399988
lamf-test-78bf4bff-956c-4436-83bb-3c669d0a9c53,"{<resource_manager.instance.OnPremInstance object at 0x125e07770>: [(6, 112840.29599999852, None)]}",306.11726586615526,151526.25221559516,112840.29599999852,24143.18612562648,3,152.26412959160382,112840.29599999852,129524.63799999851,True,192.8671442828038,40.60301469119998
lamf-test-fc29d004-f407-4101-a296-9bd4c445802f,"{<resource_manager.instance.OnPremInstance object at 0x125e07770>: [(3, 113050.29599999852, None)]}",287.35046195532897,151800.27132481837,113050.29599999852,24144.18612562648,1,118.57858658453112,113050.29599999852,127899.72299999851,True,136.64736935813113,18.068782773599995
lamf-test-805d6c2e-fd88-4e3f-a058-f7e8f540eed7,"{<resource_manager.instance.OnPremInstance object at 0x125e07770>: [(6, 113110.49599999851, None)]}",301.5658399516932,152342.4263738329,113110.49599999851,24686.677536634477,2,32.31116520528645,113110.49599999851,120586.7309999985,True,50.50533070128642,18.194165495999968
lamf-test-30b3bc1a-2d98-405b-81ea-06c96187cb9a,"{<resource_manager.instance.CloudReservedInstance object at 0x126144290>: [(1, 113230.49599999851, None)], <resource_manager.instance.CloudReservedInstance object at 0x12613d450>: [(1, 113230.49599999851, None)], <resource_manager.instance.CloudOnDemandInstance object at 0x125e26780>: [(2, 113230.49599999851, None)]}",105.68868119220394,55893.87285296655,113230.49599999851,24687.677536634477,3,0.0819834207924247,113230.49599999851,113245.89599999851,False,,
lamf-test-6e780daf-1fbc-4440-95e7-f6c9fbd1d74f,"{<resource_manager.instance.CloudReservedInstance object at 0x126144290>: [(1, 113290.49599999851, None)], <resource_manager.instance.CloudReservedInstance object at 0x12613d450>: [(1, 113290.49599999851, None)], <resource_manager.instance.CloudOnDemandInstance object at 0x125e26780>: [(2, 113290.49599999851, None)]}",68.86514064514569,38811.12428628274,113290.49599999851,24688.677536634477,1,0.1499125408775766,113290.49599999851,113305.89599999851,False,,
lamf-test-c6476f48-7d2c-41f6-9b97-5a54f98dd980,"{<resource_manager.instance.CloudOnDemandInstance object at 0x12613d310>: [(2, 113320.49599999851, None)]}",292.9421630666556,152565.4291963032,113320.49599999851,24689.677536634477,3,39.81071634984125,113721.03199999851,152580.8291963032,False,,
lamf-test-7632946b-5dae-4479-8ca8-d89d2df62bd6,"{<resource_manager.instance.OnPremInstance object at 0x125e07770>: [(5, 114441.8319999985, None)]}",62.53920946343962,38860.42545253698,114441.8319999985,24690.677536634477,2,0.06162769304399561,114441.8319999985,114457.23199999849,False,,
lamf-test-aedf9ed2-1b2e-476d-94af-4a073cb14972,"{<resource_manager.instance.CloudReservedInstance object at 0x126144290>: [(1, 114502.0319999985, None)], <resource_manager.instance.CloudReservedInstance object at 0x12613d450>: [(4, 114502.0319999985, None)], <resource_manager.instance.CloudOnDemandInstance object at 0x125e26780>: [(1, 114502.0319999985, None)]}",293.1352863380843,152583.04896645594,114502.0319999985,24691.677536634477,2,258.1619944851598,114502.0319999985,152598.44896645597,False,,
lamf-test-634e53a9-aba8-416a-9ebe-5cb9ee543a7e,"{<resource_manager.instance.OnPremInstance object at 0x125e07770>: [(3, 114562.23199999849, None)]}",288.18037476346586,152445.11171445175,114562.23199999849,24692.677536634477,3,42.925521332420765,114562.23199999849,123969.3599999985,True,54.37211468282078,11.446593350400015
lamf-test-864339a1-b0a5-460e-b1ca-0027edfdc65c,"{<resource_manager.instance.OnPremInstance object at 0x125e07770>: [(3, 114862.43199999849, None)]}",93.58805253764653,55853.81892231147,114862.43199999849,24693.751764025976,3,0.07027150353636404,114862.43199999849,114877.83199999848,False,,
lamf-test-ade0d831-afab-43db-90f6-16f2ab4e4c93,"{<resource_manager.instance.OnPremInstance object at 0x125e07770>: [(6, 115403.63199999847, None)]}",313.9137363895947,152632.80143884884,115403.63199999847,24694.751764025976,1,250.78324709103345,115403.63199999847,131333.81999999846,True,289.55095260783344,38.76770551679999
lamf-test-80c2fcd2-e695-47d5-b849-81cb8f84ffd9,"{<resource_manager.instance.CloudReservedInstance object at 0x126144290>: [(1, 115433.63199999847, None)], <resource_manager.instance.CloudReservedInstance object at 0x12613d1d0>: [(1, 115433.63199999847, None)]}",65.29325948676846,38828.63987611463,115433.63199999847,24696.039267239976,1,0.06012117524777813,115433.63199999847,115449.03199999846,False,,
lamf-test-ccffacfb-9ba1-4a70-a2f8-c26ca5c073dd,"{<resource_manager.instance.OnPremInstance object at 0x125e07770>: [(3, 115463.63199999847, None)]}",308.5948421811894,152516.71226400023,115463.63199999847,24697.039267239976,2,51.307140521200495,115463.63199999847,131368.96599999847,True,70.6607509324005,19.353610411200005
lamf-test-7626bae1-06ab-482b-a023-1a1539062cfb,"{<resource_manager.instance.OnPremInstance object at 0x125e07770>: [(4, 115493.63199999847, None)]}",300.40391955978936,152446.58284491947,115493.63199999847,24698.039267239976,2,52.12420737874845,115493.63199999847,129804.97199999847,True,75.34292539474845,23.218718015999993
lamf-test-d3c1ce6e-976b-4e11-a316-3c379f3ce935,"{<resource_manager.instance.OnPremInstance object at 0x125e07770>: [(3, 115523.63199999847, None)]}",297.3863310840442,152483.75443553462,115523.63199999847,24699.888801874975,3,97.52629249372582,115523.63199999847,136896.5189999985,True,123.53282139532584,26.006528901600024
lamf-test-20f36af9-76f0-448f-b61f-5fa96da2f073,"{<resource_manager.instance.CloudReservedInstance object at 0x126144290>: [(1, 115944.03199999846, None)], <resource_manager.instance.CloudReservedInstance object at 0x12613d1d0>: [(1, 115944.03199999846, None)], <resource_manager.instance.CloudReservedInstance object at 0x125e262c0>: [(1, 115944.03199999846, None)], <resource_manager.instance.CloudOnDemandInstance object at 0x125e26780>: [(1, 115944.03199999846, None)], <resource_manager.instance.CloudOnDemandInstance object at 0x12613d810>: [(1, 115944.03199999846, None)]}",306.7750534246782,152415.7385560007,115944.03199999846,24702.189254716974,2,226.94493230194877,115944.03199999846,141507.1220543203,True,355.60396454535055,128.65903224340178
lamf-test-5b196625-a7df-4339-87a7-0589b911f17b,"{<resource_manager.instance.OnPremInstance object at 0x125e07770>: [(6, 118468.4319999984, None)]}",323.31432092168734,152377.6273217713,118468.4319999984,24704.917224577974,1,256.72573237508567,118468.4319999984,134776.0969999984,True,296.4120659190857,39.68633354400002
lamf-test-f58f745a-82e9-43d3-8360-ed7f11305cc1,"{<resource_manager.instance.OnPremInstance object at 0x125e07770>: [(4, 118588.8319999984, None)]}",277.06316426751624,152404.2101383177,118588.8319999984,24706.076845696472,3,130.27985093923493,118588.8319999984,140001.9539999984,True,165.02050007203493,34.7406491328
lamf-test-f3078c7f-f25a-4299-8013-371831a11b64,"{<resource_manager.instance.OnPremInstance object at 0x125e07770>: [(2, 118618.8319999984, None)]}",312.7795478127634,152236.74802552996,118618.8319999984,24710.67029182397,2,79.56218028847711,118618.8319999984,147886.09899999842,True,103.30378727887712,23.74160699040002
lamf-test-3e6bc1fc-6ba9-403d-b2be-a05585a85500,"{<resource_manager.instance.OnPremInstance object at 0x125e07770>: [(2, 118648.8319999984, None)]}",67.87358828782767,38742.47428034617,118648.8319999984,24711.969409687972,3,0.046847669024242686,118648.8319999984,118664.23199999839,False,,
lamf-test-f68c03b2-1108-4e06-99a8-f01efdd4ee00,"{<resource_manager.instance.OnPremInstance object at 0x125e07770>: [(4, 118708.8319999984, None)]}",89.4837421843555,55974.12328479499,118708.8319999984,24712.969409687972,3,0.09369533804848537,118708.8319999984,118724.23199999839,False,,
lamf-test-a315b39b-1ef1-430b-b0b4-9fc98d8c4171,"{<resource_manager.instance.OnPremInstance object at 0x125e07770>: [(3, 118768.8319999984, None)]}",298.94072038973326,152521.73775075123,118768.8319999984,24713.969409687972,2,33.76712817746101,118768.8319999984,129236.72099999839,True,46.50445551266101,12.737327335199996
lamf-test-21f91f21-910d-4aaf-b1c8-cb62e93174c8,"{<resource_manager.instance.OnPremInstance object at 0x125e07770>: [(4, 118828.8319999984, None)]}",48.49156754040947,38820.10660262068,118828.8319999984,24716.468442903973,2,0.05608928259914327,118828.8319999984,118844.23199999839,False,,
lamf-test-f2614325-1947-40b1-a523-3000b383e339,"{<resource_manager.instance.OnPremInstance object at 0x125e07770>: [(3, 118888.8319999984, None)]}",278.85761232530825,152270.52372071805,118888.8319999984,24717.468442903973,3,110.91078256901677,118888.8319999984,143194.92999999842,True,140.48644261541682,29.575660046400035
lamf-test-ca77114b-9a8d-48d4-8ede-72293f2b41fe,"{<resource_manager.instance.OnPremInstance object at 0x125e07770>: [(6, 119339.83199999838, None)]}",277.9408537525406,152638.4746957187,119339.83199999838,24718.468442903973,1,242.70870431211537,119339.83199999838,134757.1109999984,True,280.22819448651546,37.51949017440006
lamf-test-6e573628-dcc1-4b7d-869b-827070035704,"{<resource_manager.instance.CloudReservedInstance object at 0x12613d1d0>: [(1, 120241.03199999836, None)], <resource_manager.instance.CloudReservedInstance object at 0x125e262c0>: [(2, 120241.03199999836, None)], <resource_manager.instance.CloudReservedInstance object at 0x125e07cb0>: [(1, 120241.03199999836, None)], <resource_manager.instance.CloudOnDemandInstance object at 0x125e263f0>: [(1, 120241.03199999836, None)]}",109.24245790651099,55980.94335726957,120241.03199999836,24719.468442903973,1,0.17333637538969798,120241.03199999836,120256.43199999836,False,,
lamf-test-5272c089-3cee-4f90-b1b0-a9dd8f5d025b,"{<resource_manager.instance.CloudReservedInstance object at 0x12613d1d0>: [(1, 120361.23199999836, None)], <resource_manager.instance.CloudReservedInstance object at 0x125e262c0>: [(2, 120361.23199999836, None)], <resource_manager.instance.CloudReservedInstance object at 0x125e07cb0>: [(1, 120361.23199999836, None)], <resource_manager.instance.CloudOnDemandInstance object at 0x125e263f0>: [(1, 120361.23199999836, None)]}",53.336023790220985,38666.61644517753,120361.23199999836,24720.956760399975,3,0.09369533804848537,120361.23199999836,120376.63199999835,False,,
lamf-test-a88f8e83-60f6-4e0a-ab98-3da3ebeeae4e,"{<resource_manager.instance.CloudReservedInstance object at 0x12613d1d0>: [(1, 120481.23199999836, None)], <resource_manager.instance.CloudReservedInstance object at 0x125e262c0>: [(2, 120481.23199999836, None)], <resource_manager.instance.CloudReservedInstance object at 0x125e07cb0>: [(1, 120481.23199999836, None)], <resource_manager.instance.CloudOnDemandInstance object at 0x125e263f0>: [(1, 120481.23199999836, None)]}",66.2051601132845,38953.78563245569,120481.23199999836,24723.262487352975,2,0.11909923234741841,120481.23199999836,120496.63199999835,False,,
lamf-test-fec81841-4526-43a0-95bd-3f076bd5a851,"{<resource_manager.instance.CloudReservedInstance object at 0x12613d1d0>: [(1, 120541.23199999836, None)], <resource_manager.instance.CloudReservedInstance object at 0x125e262c0>: [(2, 120541.23199999836, None)], <resource_manager.instance.CloudReservedInstance object at 0x125e07cb0>: [(1, 120541.23199999836, None)]}",72.62226182858821,55843.702749506614,120541.23199999836,24724.262487352975,1,0.13000228154227347,120541.23199999836,120556.63199999835,False,,
lamf-test-c3129dd5-59a1-4a07-96aa-5b13e194579c,"{<resource_manager.instance.OnPremInstance object at 0x125e07770>: [(2, 120661.43199999836, None)]}",31.023009070250673,38733.0803310533,120661.43199999836,24725.286096613974,1,0.08315461251803077,120661.43199999836,120676.83199999835,False,,
lamf-test-358199b9-f0db-4bd8-96db-4a43f0785512,"{<resource_manager.instance.CloudReservedInstance object at 0x12613d1d0>: [(1, 120691.43199999836, None)], <resource_manager.instance.CloudReservedInstance object at 0x125e262c0>: [(2, 120691.43199999836, None)], <resource_manager.instance.CloudReservedInstance object at 0x125e07cb0>: [(1, 120691.43199999836, None)]}",72.71248082573206,38783.847762671125,120691.43199999836,24726.286096613974,2,0.08785207107193006,120691.43199999836,120706.83199999835,False,,
lamf-test-0e15ce23-2ef0-4903-9aa0-8a7f0ca26080,"{<resource_manager.instance.OnPremInstance object at 0x125e07770>: [(5, 120721.63199999835, None)]}",96.46734181705244,55780.94970107447,120721.63199999835,24727.286096613974,2,0.06162769304399561,120721.63199999835,120737.03199999835,False,,
lamf-test-d9cc477a-0eb2-4ec8-a9de-7c741beaa58e,"{<resource_manager.instance.OnPremInstance object at 0x125e07770>: [(6, 120781.63199999835, None)]}",82.7847457737088,55761.99225688046,120781.63199999835,24728.286096613974,2,0.06655648787942382,120781.63199999835,120797.03199999835,False,,
lamf-test-176e7c79-1f86-4828-a8d1-7155fdf161df,"{<resource_manager.instance.CloudReservedInstance object at 0x12613d1d0>: [(1, 120841.63199999835, None)], <resource_manager.instance.CloudReservedInstance object at 0x125e262c0>: [(1, 120841.63199999835, None)]}",293.43464758797063,152431.3199263628,120841.63199999835,24729.531642394973,2,104.46469755996199,120841.63199999835,152446.71992636283,False,,
lamf-test-6183c783-1429-4d5f-8608-07133770df8f,"{<resource_manager.instance.OnPremInstance object at 0x125e07770>: [(2, 120871.83199999835, None)]}",310.41904333689564,152492.110638725,120871.83199999835,24730.531642394973,2,29.752229760199008,120871.83199999835,131816.30899999835,True,38.63038950259901,8.8781597424
lamf-test-c8cde8a0-c192-4372-8fd9-91e35fa2a643,"{<resource_manager.instance.OnPremInstance object at 0x125e07770>: [(4, 120901.83199999835, None)]}",313.0223440097014,152581.97899765117,120901.83199999835,24731.531642394973,3,69.11712829873,120901.83199999835,132262.09599999836,True,87.54802061233,18.430892313600015
lamf-test-a59ce49f-3a29-47cb-9bba-c14bd4eba4f3,"{<resource_manager.instance.OnPremInstance object at 0x125e07770>: [(2, 120931.83199999835, None)]}",63.11052064207584,38907.62126832707,120931.83199999835,24734.404760400972,1,0.08315461251803077,120931.83199999835,120947.23199999834,False,,
lamf-test-b88b2052-6ae6-4002-8c66-e36cde33cc19,"{<resource_manager.instance.OnPremInstance object at 0x125e07770>: [(6, 121082.43199999834, None)]}",88.64826611743442,55988.442698311694,121082.43199999834,24735.404760400972,3,0.14054300707272807,121082.43199999834,121097.83199999834,False,,
lamf-test-bb7523bc-058b-4a16-8696-3b517a47ab6e,"{<resource_manager.instance.OnPremInstance object at 0x125e07770>: [(4, 121262.83199999834, None)]}",293.0416764098332,152616.74765341356,121262.83199999834,24736.404760400972,2,47.199382616320214,121262.83199999834,134222.00099999833,True,68.2243384019202,21.02495578559999
lamf-test-f29d3084-eb72-4e8b-90aa-b576b87131ce,"{<resource_manager.instance.CloudReservedInstance object at 0x125e262c0>: [(1, 121292.83199999834, None)], <resource_manager.instance.CloudReservedInstance object at 0x125e07cb0>: [(1, 121292.83199999834, None)], <resource_manager.instance.CloudOnDemandInstance object at 0x125e263f0>: [(1, 121292.83199999834, None)]}",57.12216039339765,38832.53388957584,121292.83199999834,24738.490189214972,1,0.11672877531873806,121292.83199999834,121308.23199999833,False,,
lamf-test-6287174b-e645-40a5-9c80-04f4684ca22c,"{<resource_manager.instance.OnPremInstance object at 0x125e07770>: [(5, 121473.23199999833, None)]}",59.78427655757174,39061.79164875564,121473.23199999833,24739.490189214972,1,0.20261616852984965,121473.23199999833,121488.63199999832,False,,
lamf-test-78a0f553-3295-40e2-a5ac-19ddb0f1516d,"{<resource_manager.instance.OnPremInstance object at 0x125e07770>: [(2, 121503.23199999833, None)]}",116.37656681463137,55814.189170897575,121503.23199999833,24741.075096675973,2,0.04186443429931751,121503.23199999833,121518.63199999832,False,,
lamf-test-15a5355c-cd07-47e3-bf06-04b51c890922,"{<resource_manager.instance.OnPremInstance object at 0x125e07770>: [(5, 121563.23199999833, None)]}",322.38171487119865,152179.6304149493,121563.23199999833,24742.075096675973,2,46.331024211958685,121563.23199999833,133140.78322124123,True,69.81029808863929,23.479273876680605
lamf-test-e05a8c26-5e2e-4fab-a8e5-9ce1b734956f,"{<resource_manager.instance.OnPremInstance object at 0x125e07770>: [(4, 121803.43199999833, None)]}",328.4711524477416,152454.55825750818,121803.43199999833,24744.25899274097,1,68.61537478135214,121803.43199999833,128294.24899999832,True,79.14607628215214,10.530701500799992
lamf-test-e58610ed-a0a4-4c8f-abf3-018a5c02838d,"{<resource_manager.instance.OnPremInstance object at 0x125e07770>: [(2, 121833.63199999832, None)]}",313.0676987743484,152675.08178574513,121833.63199999832,24747.36600332897,2,51.18552069291262,121833.63199999832,140662.43099999835,True,66.45944244171264,15.273921748800023
lamf-test-340aa55d-5d91-404a-a687-a5e34b17263d,"{<resource_manager.instance.CloudReservedInstance object at 0x125e262c0>: [(1, 121863.83199999832, None)], <resource_manager.instance.CloudReservedInstance object at 0x125e07cb0>: [(1, 121863.83199999832, None)], <resource_manager.instance.CloudOnDemandInstance object at 0x125e263f0>: [(1, 121863.83199999832, None)]}",47.27984716691024,38787.08031235663,121863.83199999832,24748.36600332897,2,0.0888273054808603,121863.83199999832,121879.23199999832,False,,
lamf-test-1e44c24c-1701-4294-a6ab-3ce0d97fb03e,"{<resource_manager.instance.OnPremInstance object at 0x125e07770>: [(2, 121893.83199999832, None)]}",298.2553599828783,152161.42483944254,121893.83199999832,24749.36600332897,2,69.50611753678714,121893.83199999832,147461.93599999833,True,90.24696350158715,20.740845964800005
lamf-test-d7587f1a-842d-473c-8fbd-2c6c55715c2f,"{<resource_manager.instance.CloudReservedInstance object at 0x125e262c0>: [(1, 121923.83199999832, None)], <resource_manager.instance.CloudReservedInstance object at 0x125e07cb0>: [(1, 121923.83199999832, None)]}",54.079766354108955,38948.35074821689,121923.83199999832,24753.64566128197,3,0.03903972418686891,121923.83199999832,121939.23199999832,False,,
lamf-test-59641966-e6cc-4be0-a119-7ab22cc61df0,"{<resource_manager.instance.CloudReservedInstance object at 0x125e262c0>: [(1, 121983.83199999832, None)], <resource_manager.instance.CloudReservedInstance object at 0x125e07cb0>: [(1, 121983.83199999832, None)]}",95.81804573544144,55898.7316746421,121983.83199999832,24757.41331007197,2,0.057580144205371955,121983.83199999832,121999.23199999832,False,,
lamf-test-673ed82c-6612-45cc-838b-3e7192b26eb3,"{<resource_manager.instance.OnPremInstance object at 0x125e07770>: [(6, 123276.43199999828, None)]}",323.9926877676555,152587.549405151,123276.43199999828,24758.41331007197,1,211.21025941136207,123276.43199999828,136692.87499999828,True,243.8605150961621,32.6502556848
lamf-test-97ca980d-52bb-4b13-af30-16dae1ed0330,"{<resource_manager.instance.CloudReservedInstance object at 0x125e262c0>: [(1, 123306.63199999828, None)], <resource_manager.instance.CloudReservedInstance object at 0x125e07cb0>: [(1, 123306.63199999828, None)], <resource_manager.instance.CloudOnDemandInstance object at 0x12613d810>: [(2, 123306.63199999828, None)], <resource_manager.instance.CloudOnDemandInstance object at 0x125e263f0>: [(1, 123306.63199999828, None)]}",68.58204338220374,38923.48502824922,123306.63199999828,24759.41331007197,1,0.16006286916616255,123306.63199999828,123322.03199999827,False,,
lamf-test-1ad130e5-9bde-4344-b318-966e1bea0db8,"{<resource_manager.instance.CloudReservedInstance object at 0x125e262c0>: [(1, 123366.63199999828, None)], <resource_manager.instance.CloudReservedInstance object at 0x125e07cb0>: [(1, 123366.63199999828, None)], <resource_manager.instance.CloudOnDemandInstance object at 0x12613d810>: [(1, 123366.63199999828, None)]}",318.45733543495004,152061.87993890853,123366.63199999828,24761.31278478897,2,150.82912873136632,123366.63199999828,152077.27993890856,False,,
lamf-test-aad2193f-32c5-4ab4-8d2f-4cb5e12998b4,"{<resource_manager.instance.OnPremInstance object at 0x125e07770>: [(6, 126040.23199999823, None)]}",98.21469697151382,55894.68138094392,126040.23199999823,24762.31278478897,1,0.24243668720045594,126040.23199999823,126055.63199999822,False,,
lamf-test-5109c4b4-a4ca-4faa-939d-2cc5a27a2f91,"{<resource_manager.instance.OnPremInstance object at 0x125e07770>: [(2, 126070.23199999823, None)]}",70.55941972326221,38814.50343501485,126070.23199999823,24763.31278478897,1,0.08315461251803077,126070.23199999823,126085.63199999822,False,,
lamf-test-b91eabf6-c310-4478-8fe0-95d95af45b05,"{<resource_manager.instance.OnPremInstance object at 0x125e07770>: [(6, 126130.23199999823, None)]}",84.54144052563579,38984.64045084215,126130.23199999823,24764.31278478897,2,0.06655648787942382,126130.23199999823,126145.63199999822,False,,
lamf-test-bd596546-4204-431a-99fb-fb0e3c382d90,"{<resource_manager.instance.CloudReservedInstance object at 0x126144290>: [(2, 126160.23199999823, None)], <resource_manager.instance.CloudReservedInstance object at 0x12613d1d0>: [(1, 126160.23199999823, None)]}",78.4483714429441,55952.056055162015,126160.23199999823,24765.31278478897,2,0.06151908814204646,126160.23199999823,126175.63199999822,False,,
lamf-test-30951be6-8d18-4462-8f42-1bda6c60c2b6,"{<resource_manager.instance.OnPremInstance object at 0x125e07770>: [(4, 126190.23199999823, None)]}",320.13751117032376,152874.84014708284,126190.23199999823,25327.66151580997,1,269.6185293938703,126190.23199999823,151695.36899999823,True,310.9980636626703,41.3795342688
lamf-test-14df0a15-dd26-474b-91c7-36ae75747600,"{<resource_manager.instance.CloudReservedInstance object at 0x126144290>: [(2, 126250.23199999823, None)], <resource_manager.instance.CloudReservedInstance object at 0x12613d1d0>: [(1, 126250.23199999823, None)], <resource_manager.instance.CloudOnDemandInstance object at 0x125e26780>: [(1, 126250.23199999823, None)], <resource_manager.instance.CloudOnDemandInstance object at 0x12613d810>: [(1, 126250.23199999823, None)]}",297.27944487542703,153111.404737228,126250.23199999823,25351.99862685997,3,156.70676425489523,126250.23199999823,153126.80473722803,False,,
lamf-test-9e9b18e5-28c3-485d-9334-826a01c521ca,"{<resource_manager.instance.OnPremInstance object at 0x125e07770>: [(5, 126310.23199999823, None)]}",56.83995333719585,40062.89899965675,126310.23199999823,25912.05363277897,1,0.20261616852984965,126310.23199999823,126325.63199999822,False,,
lamf-test-8b2bdb5b-09e4-4beb-8935-257054020e26,"{<resource_manager.instance.OnPremInstance object at 0x125e07770>: [(6, 126370.83199999822, None)]}",264.60808242087944,153338.26532290358,126370.83199999822,25917.92834336797,1,313.1929363449696,126370.83199999822,146265.39199999825,True,361.6083375609697,48.41540121600007
lamf-test-97282fb2-8a15-45ef-9ffc-d2d1017e826d,"{<resource_manager.instance.CloudOnDemandInstance object at 0x125e07b60>: [(5, 126911.03199999822, None)]}",338.8782653222551,153485.92739085914,126911.03199999822,25931.34953839597,3,101.95575394029083,127311.56799999821,147020.27512841148,False,,
lamf-test-c8ca42d3-92bd-477a-88a0-ba208fc51e60,"{<resource_manager.instance.OnPremInstance object at 0x125e07770>: [(6, 127342.5679999982, None)]}",282.96322394825097,153393.95330283826,127342.5679999982,25936.64030433097,2,85.95969214724514,127342.5679999982,147232.12799999822,True,134.3629253632452,48.40323321600007
lamf-test-e6933cbf-7cce-43d9-910c-796b557ba72c,"{<resource_manager.instance.OnPremInstance object at 0x125e07770>: [(3, 127942.96799999819, None)]}",88.97355341205305,56936.01232374632,127942.96799999819,25937.64030433097,2,0.049677043187284775,127942.96799999819,127958.36799999818,False,,
lamf-test-9709f52a-b95d-4937-b829-7d859975ef12,"{<resource_manager.instance.OnPremInstance object at 0x125e07770>: [(2, 127972.96799999819, None)]}",50.993670331949964,40195.33488658634,127972.96799999819,25950.15583146497,3,0.046847669024242686,127972.96799999819,127988.36799999818,False,,
lamf-test-b2c0ba06-ef98-4e70-aec3-ada93dcf2a86,"{<resource_manager.instance.OnPremInstance object at 0x125e07770>: [(5, 128062.96799999819, None)]}",52.43686034060011,40201.892164019344,128062.96799999819,25951.54174862297,1,0.20261616852984965,128062.96799999819,128078.36799999818,False,,
lamf-test-37816ca3-8f1b-4f48-b98a-19da64fc3ae0,"{<resource_manager.instance.OnPremInstance object at 0x125e07770>: [(4, 128122.96799999819, None)]}",306.58987892209666,154034.10803036398,128122.96799999819,25952.80104392247,3,132.2818465282532,128122.96799999819,149865.1429999982,True,167.55635124825324,35.274504720000024
lamf-test-7497ac95-625b-43bd-83d3-57c84bf962da,"{<resource_manager.instance.OnPremInstance object at 0x125e07770>: [(4, 129084.16799999817, None)]}",98.22957400728787,57720.97516516235,129084.16799999817,26510.09730548297,2,0.05608928259914327,129084.16799999817,129099.56799999817,False,,
lamf-test-0b735a3d-c6da-43cd-8bcd-eb44b37e0f0a,"{<resource_manager.instance.OnPremInstance object at 0x125e07770>: [(4, 129144.36799999817, None)]}",342.8375802682962,154297.06394780843,129144.36799999817,26512.53839671097,1,136.66942170507264,129144.36799999817,142072.90199999817,True,157.64467526667264,20.9752535616
lamf-test-b4e74caf-873d-4a82-b93a-d2a9010c8027,"{<resource_manager.instance.OnPremInstance object at 0x125e07770>: [(4, 129174.36799999817, None)]}",99.8115769311322,57764.92424013539,129174.36799999817,26520.53513775197,3,0.09369533804848537,129174.36799999817,129189.76799999816,False,,
lamf-test-53ddc7b7-4b5b-402f-8327-96f330b858b2,"{<resource_manager.instance.OnPremInstance object at 0x125e07770>: [(6, 129204.36799999817, None)]}",47.39878124712635,40907.35175413304,129204.36799999817,26523.02815920497,2,0.06655648787942382,129204.36799999817,129219.76799999816,False,,
lamf-test-1f0a5d71-9d06-4c04-96bf-7cfa55982510,"{<resource_manager.instance.OnPremInstance object at 0x125e07770>: [(2, 129234.36799999817, None)]}",312.0850513441156,154390.24589271552,129234.36799999817,26525.10783714497,2,59.58993364658247,129234.36799999817,151154.7639999982,True,77.37175888178248,17.781825235200017
lamf-test-12568f9b-46c5-48e3-b4e3-4fbc909e2d8c,"{<resource_manager.instance.OnPremInstance object at 0x125e07770>: [(6, 129264.36799999817, None)]}",56.80065244059149,40828.734581445606,129264.36799999817,26527.08178650197,2,0.06655648787942382,129264.36799999817,129279.76799999816,False,,
lamf-test-738a10cf-064e-4cc8-b5cf-a5f6441a1d8d,"{<resource_manager.instance.OnPremInstance object at 0x125e07770>: [(2, 129294.36799999817, None)]}",61.40652430012268,40666.28385481673,129294.36799999817,26535.202038610973,2,0.04186443429931751,129294.36799999817,129309.76799999816,False,,
lamf-test-2dbedc5f-cb12-4a7f-8ba8-cf1d208835ca,"{<resource_manager.instance.OnPremInstance object at 0x125e07770>: [(3, 129324.36799999817, None)]}",57.236777194680464,40680.26412085338,129324.36799999817,26536.202038610973,3,0.07027150353636404,129324.36799999817,129339.76799999816,False,,
lamf-test-13fc8f66-f398-48d2-89aa-66ced308660e,"{<resource_manager.instance.OnPremInstance object at 0x125e07770>: [(5, 129384.36799999817, None)]}",321.3650971033735,154245.18397938393,129384.36799999817,26538.038999486973,3,62.36511521788737,129384.36799999817,137584.75699999818,True,78.99550410988739,16.63038889200002
lamf-test-972afe65-af15-494a-89f0-89fb6330556f,"{<resource_manager.instance.OnPremInstance object at 0x125e07770>: [(5, 129414.56799999817, None)]}",68.54266845665799,40821.521534407686,129414.56799999817,26543.555574818973,2,0.06162769304399561,129414.56799999817,129429.96799999816,False,,
lamf-test-b0689249-ecb4-459e-8e95-7a9d2be06c96,"{<resource_manager.instance.OnPremInstance object at 0x125e07770>: [(3, 129444.56799999817, None)]}",284.5904514592743,154231.16216313155,129444.56799999817,26550.168512882974,2,15.87035401908612,129444.56799999817,134364.41499999817,True,21.856823848686133,5.986469829600011
lamf-test-b8f89e26-0ea4-4ae6-b0d2-471177f4ea26,"{<resource_manager.instance.OnPremInstance object at 0x125e07770>: [(2, 129504.56799999817, None)]}",280.4613956789944,153979.55367515277,129504.56799999817,26551.168512882974,2,51.32128922812108,129504.56799999817,148383.30999999816,True,66.63572473852108,15.3144355104
lamf-test-61ade784-0ecd-402a-9c8b-e4ebdddeaeba,"{<resource_manager.instance.OnPremInstance object at 0x125e07770>: [(6, 129564.56799999817, None)]}",102.43286554393279,57754.031946996445,129564.56799999817,26553.189738291974,1,0.24243668720045594,129564.56799999817,129579.96799999816,False,,
lamf-test-2b8cc9bb-59e9-4060-b39c-6d5f04292052,"{<resource_manager.instance.OnPremInstance object at 0x125e07770>: [(4, 129624.56799999817, None)]}",299.1358581203067,154247.50226574243,129624.56799999817,26554.189738291974,2,60.65747422045351,129624.56799999817,146278.8209999982,True,87.67733428765355,27.019860067200042
lamf-test-a4e0f749-acf3-4e9f-a68a-d2897f53ecbf,"{<resource_manager.instance.OnPremInstance object at 0x125e07770>: [(5, 129865.16799999816, None)]}",55.23704198655464,40788.716111364236,129865.16799999816,26555.189738291974,2,0.06162769304399561,129865.16799999816,129880.56799999815,False,,
lamf-test-c1154d77-1b34-44ce-a971-3f2383feb4ea,"{<resource_manager.instance.OnPremInstance object at 0x125e07770>: [(3, 129895.16799999816, None)]}",323.4876460165175,154155.57129592967,129895.16799999816,26556.189738291974,3,76.75295003422312,129895.16799999816,146715.57699999816,True,97.22002370542312,20.4670736712
lamf-test-5ba9c014-6195-45d7-abea-81512079841f,"{<resource_manager.instance.OnPremInstance object at 0x125e07770>: [(5, 129925.16799999816, None)]}",301.93265828529036,154480.64676749945,129925.16799999816,26557.381982640974,3,133.82788044718257,129925.16799999816,147522.1959999982,True,169.51465323118265,35.68677278400007
lamf-test-b0145057-cb9a-4116-b9cc-7e53df875f10,"{<resource_manager.instance.OnPremInstance object at 0x125e07770>: [(3, 129955.16799999816, None)]}",96.35027898917578,57720.90771456213,129955.16799999816,26559.996331731974,3,0.07027150353636404,129955.16799999816,129970.56799999815,False,,
lamf-test-20be8e85-7cad-4afc-88e8-0e3edb5fe2c5,"{<resource_manager.instance.OnPremInstance object at 0x125e07770>: [(3, 129985.16799999816, None)]}",295.20685518392753,154543.1325549715,129985.16799999816,26563.232181639974,1,43.92287588409758,129985.16799999816,135485.56699999815,True,50.61576138729757,6.692885503199989
lamf-test-1dd5cfe3-7849-452f-a318-28b2a5efd4c8,"{<resource_manager.instance.OnPremInstance object at 0x125e07770>: [(6, 130045.36799999815, None)]}",310.0959093491745,154609.6068899258,130045.36799999815,26564.611146810974,1,232.30706844626965,130045.36799999815,144801.91699999815,True,268.21860609266963,35.9115376464
lamf-test-0e5b3b54-f64d-4af5-b8a5-5fd343d8abf7,"{<resource_manager.instance.OnPremInstance object at 0x125e07770>: [(6, 130165.56799999815, None)]}",54.10469347501437,40798.50740040773,130165.56799999815,26566.494247797975,3,0.14054300707272807,130165.56799999815,130180.96799999815,False,,
lamf-test-43a50a08-2df6-4deb-93fc-9d7b4c5cb4ce,"{<resource_manager.instance.OnPremInstance object at 0x125e07770>: [(5, 130285.56799999815, None)]}",101.53404208454661,57772.678423912854,130285.56799999815,26570.938407285976,2,0.06162769304399561,130285.56799999815,130300.96799999815,False,,
lamf-test-ad4070ae-efcf-4ab3-9f00-c5f3048296cd,"{<resource_manager.instance.OnPremInstance object at 0x125e07770>: [(3, 130315.56799999815, None)]}",100.80181912635685,58351.48350188199,130315.56799999815,27119.578867317974,1,0.12297513118863707,130315.56799999815,130330.96799999815,False,,
lamf-test-81133641-6f19-4f6d-8a8d-ba18329ce46e,"{<resource_manager.instance.CloudReservedInstance object at 0x126144290>: [(2, 130345.76799999815, None)], <resource_manager.instance.CloudOnDemandInstance object at 0x125e26780>: [(1, 130345.76799999815, None)], <resource_manager.instance.CloudOnDemandInstance object at 0x125e263f0>: [(1, 130345.76799999815, None)]}",323.355428277159,155046.65282198624,130345.76799999815,27124.462434093974,2,167.49095831048376,130345.76799999815,155062.05282198626,False,,
lamf-test-99a8d2c5-cce0-4ff2-9978-994ca454d47c,"{<resource_manager.instance.OnPremInstance object at 0x125e07770>: [(6, 131426.96799999816, None)]}",285.4522970138994,154759.7003330344,131426.96799999816,27127.751120418972,1,292.4557837097881,131426.96799999816,150004.26799999818,True,337.66550098978814,45.20971728000004
lamf-test-cf0468d1-688d-4c6c-8936-592c1c287c29,"{<resource_manager.instance.OnPremInstance object at 0x125e07770>: [(5, 131787.5679999982, None)]}",77.96659588995469,58043.491844776305,131787.5679999982,27128.751120418972,1,0.20261616853023257,131787.5679999982,131802.96799999822,False,,
lamf-test-73522a23-7429-4b2e-a07b-d69ba98b1759,"{<resource_manager.instance.OnPremInstance object at 0x125e07770>: [(4, 131817.7679999982, None)]}",96.6340572191015,58519.338391778045,131817.7679999982,27131.74716095297,2,0.056089282599249266,131817.7679999982,131833.16799999823,False,,
lamf-test-b791b0f5-42f3-4531-8b1f-ce78516f8ce4,"{<resource_manager.instance.OnPremInstance object at 0x125e07770>: [(6, 131847.7679999982, None)]}",288.9682550881497,154661.63118909788,131847.7679999982,27133.13058628997,3,105.51298197581556,131847.7679999982,143409.3529999982,True,133.64925523181554,28.13627325599998
lamf-test-b8d23111-ed1c-4edb-9006-edb462b74e47,"{<resource_manager.instance.OnPremInstance object at 0x125e07770>: [(2, 131907.96799999822, None)]}",103.94302407732705,58365.139918558765,131907.96799999822,27134.13058628997,3,0.046847669024331226,131907.96799999822,131923.36799999824,False,,
lamf-test-f8ca1580-1486-4a42-a770-8472d8f3e8bf,"{<resource_manager.instance.OnPremInstance object at 0x125e07770>: [(3, 131937.96799999822, None)]}",295.2963611823595,155048.194118963,131937.96799999822,27143.181482633972,1,91.47945927446982,131937.96799999822,143393.80999999825,True,105.41892782006985,13.939468545600041
lamf-test-378dfd97-e0c1-4551-898b-30698d53fa5a,"{<resource_manager.instance.OnPremInstance object at 0x125e07770>: [(6, 132027.96799999822, None)]}",102.1627982073452,58272.20119341027,132027.96799999822,27145.442051648974,3,0.14054300707299366,132027.96799999822,132043.36799999824,False,,
lamf-test-046c91ff-d93d-41be-8b0f-0dffe54bb883,"{<resource_manager.instance.OnPremInstance object at 0x125e07770>: [(3, 132087.96799999822, None)]}",323.54597562068136,154979.31067410743,132087.96799999822,27156.372110612974,1,135.00032626055224,132087.96799999822,148993.86599999823,True,155.57142294695225,20.571096686400022
lamf-test-08634fb2-ded7-4587-9003-1ad5dae4cfd2,"{<resource_manager.instance.OnPremInstance object at 0x125e07770>: [(3, 132118.16799999823, None)]}",310.64872288923095,154555.34442047757,132118.16799999823,27157.372110612974,3,101.91835728952782,132118.16799999823,154453.57599999825,True,129.09608174392784,27.177724454400032
lamf-test-4038cc91-1923-48ea-80c3-afc2bd1ddb33,"{<resource_manager.instance.OnPremInstance object at 0x125e07770>: [(5, 132148.16799999823, None)]}",51.76651523139675,41166.000351010895,132148.16799999823,27159.695955441974,3,0.11711917256082807,132148.16799999823,132163.56799999825,False,,
lamf-test-d4c89c20-f07a-465b-9f1e-1768a0a2cb23,"{<resource_manager.instance.OnPremInstance object at 0x125e07770>: [(6, 132208.16799999823, None)]}",339.10870115855664,154984.22013442972,132208.16799999823,27161.443775880973,3,137.85842573579737,132208.16799999823,147314.00499999823,True,174.61999065899738,36.7615649232
lamf-test-3b51ff08-48bf-48a9-8957-4cbd397fd4f6,"{<resource_manager.instance.OnPremInstance object at 0x125e07770>: [(3, 132328.16799999823, None)]}",92.62541190029211,58315.34843836221,132328.16799999823,27162.443775880973,3,0.07027150353649683,132328.16799999823,132343.56799999825,False,,
lamf-test-618b513d-3e44-4ac2-bdff-aa4f98ef0412,"{<resource_manager.instance.OnPremInstance object at 0x125e07770>: [(3, 132358.36799999824, None)]}",41.25285473765505,41331.47075093408,132358.36799999824,27165.90336337397,2,0.04967704318737866,132358.36799999824,132373.76799999826,False,,
lamf-test-7c11bf42-7b5f-4632-8894-9841db6abbcf,"{<resource_manager.instance.OnPremInstance object at 0x125e07770>: [(2, 132388.36799999824, None)]}",88.20773492460633,60770.047329647394,132388.36799999824,29528.67315191247,2,0.041864434299396625,132388.36799999824,132403.76799999826,False,,
lamf-test-ee0dce40-638f-4c76-99f2-8cba14b9d265,"{<resource_manager.instance.OnPremInstance object at 0x125e07770>: [(3, 132418.36799999824, None)]}",321.17308588746675,157484.37327334855,132418.36799999824,29569.78930885097,1,105.25014259639526,132418.36799999824,145598.69299999825,True,121.28796205639529,16.037819460000016
lamf-test-2d67774a-b8e7-4e45-a539-5388bfb6ad2b,"{<resource_manager.instance.OnPremInstance object at 0x125e07770>: [(4, 132508.56799999825, None)]}",85.08088075678369,67325.14462248553,132508.56799999825,36144.75501638897,3,0.09369533804866245,132508.56799999825,132523.96799999828,False,,
lamf-test-2035c917-29e7-4cfb-863c-48ca06202031,"{<resource_manager.instance.OnPremInstance object at 0x125e07770>: [(5, 132598.76799999826, None)]}",306.5999723469549,163929.9899095563,132598.76799999826,36166.52479171997,1,116.55863487717703,132598.76799999826,141457.89799999827,True,134.52495051717705,17.96631564000001
