,instances,budget,deadline,sched_start_time,submit_time,software_id,current_license_cost,exec_start_time,finish_time,complete,license_cost,cost,hardware_cost
lamf-test-ce4837ee-c9b5-4728-816b-793fbe63012e,"{<resource_manager.instance.OnPremInstance object at 0x1319d7770>: [(5, 30, 390), (2, 390, None), (8, 3840, None)]}",64.81020493737797,14109.368596154949,30,1.0,1,57.310061601642715,30,6016.852000000001,True,80.64649722412352,93.00452893612352,12.358031712000002
lamf-test-fdbe52b3-5ac4-4817-bbd7-3ee39ada2008,"{<resource_manager.instance.OnPremInstance object at 0x1319d7770>: [(3, 60, 3540), (1, 3540, None), (11, 10510.536, 11892.144), (1, 11892.144, None)]}",309.54978900857253,127500.8236611461,60,15.585992065,1,135.62186082591836,60,36196.024999999994,True,227.68140071488324,261.1829848412832,33.50158412639999
lamf-test-312a25ed-966e-4a84-89af-21712bfc7175,"{<resource_manager.instance.OnPremInstance object at 0x1319d7770>: [(4, 1230, 5700), (1, 5700, None)]}",330.5774711754339,128561.1657322318,1230,1203.210670189,1,47.25302304357746,1230,22061.878,True,93.29374750931629,107.18225322611629,13.888505716800001
lamf-test-6d60a076-8aec-42f5-ae5c-3923b3793c72,"{<resource_manager.instance.OnPremInstance object at 0x1319d7770>: [(5, 1260, 6720), (2, 6720, None)]}",295.26855467250385,128848.14802224918,1260,1228.479286276,1,146.88119552817705,1260,26576.858999999997,True,179.0567335158567,206.2374975366567,27.180764020799998
lamf-test-f42e0220-9054-4dba-814a-9d6b93e25e15,"{<resource_manager.instance.OnPremInstance object at 0x1319d7770>: [(2, 6600, 9600), (1, 9600, None), (5, 18537.504, None)]}",293.5168981771201,134369.39753534622,6600,6582.553744687,3,50.29117955738079,6600,23745.840999999997,True,70.25253023043574,88.98619077603573,18.73366054559999
lamf-test-c2212f64-c788-46d9-9572-57170e08d2ac,"{<resource_manager.instance.OnPremInstance object at 0x1319d7770>: [(4, 6630, None), (6, 7890, None)]}",57.825321252479114,20750.016457755046,6630,6587.273187382,3,7.665982203969882,6630,8183.834999999999,True,12.135295459730763,15.37131421973076,3.2360187599999963
lamf-test-0aa73555-99c3-40be-a09f-6bf3df006265,"{<resource_manager.instance.OnPremInstance object at 0x1319d7770>: [(6, 6660, None)]}",310.4901833144852,134447.34926937896,6660,6595.931214397,3,,6660,22545.188000000002,True,144.97091489847136,183.62910841527136,38.658193516800004
lamf-test-761a035c-9b31-431d-b128-35fe1a248496,"{<resource_manager.instance.OnPremInstance object at 0x1319d7770>: [(4, 6690, 19808.04), (2, 19808.04, None), (4, 33731.256, None)]}",281.9460745575701,134582.34849551262,6690,6621.074064319,1,235.89291170431213,6690,37409.7849640098,True,272.6022494822464,314.13153848426066,41.529289002014245
lamf-test-c947c209-c0e1-414b-aa78-1430406df6ae,"{<resource_manager.instance.OnPremInstance object at 0x1319d7770>: [(2, 6720, 7380), (1, 7380, None)]}",91.00759406898061,37670.83217136314,6720,6626.0156721095,3,20.865525895505364,6720,26403.693999999996,True,30.943332572819216,39.19473485921921,8.251402286399998
lamf-test-1b5247ff-56d3-4066-aafc-ee4137f1169c,"{<resource_manager.instance.OnPremInstance object at 0x1319d7770>: [(3, 6750, 7710), (2, 7710, None), (10, 11982.144, None)]}",98.97570184637311,37985.08167466576,6750,6628.268181445,3,68.35938854665754,6750,15241.481365149955,True,76.86719352315683,97.36473155961468,20.49753803645786
lamf-test-a35e3102-219f-4336-95ce-4d87e6b5e69c,"{<resource_manager.instance.OnPremInstance object at 0x1319d7770>: [(6, 6780, 8070), (1, 8070, None), (5, 9510, 10300.536), (5, 14224.824, None)]}",88.24903114605627,37848.08972270973,6780,6639.666947160999,3,27.14655715263518,6780,15006.954,True,34.28440793976727,43.42674713016727,9.142339190399998
lamf-test-8d2ae00d-f906-47ac-81a5-138a54772bef,"{<resource_manager.instance.OnPremInstance object at 0x1319d7770>: [(2, 6810, 8820), (1, 8820, None)]}",310.3508838593914,134449.50176383345,6810,6640.965829671999,3,81.10178416609628,6810,62099.399,True,87.15400258574795,110.39463882014795,23.240636234399997
lamf-test-b41bc5e6-51fb-4710-b8ea-caebbe600cb8,"{<resource_manager.instance.OnPremInstance object at 0x1319d7770>: [(6, 7200, 9210), (2, 9210, None)]}",308.5846884800438,135292.76775626413,7200,7192.554000132999,2,8.686918223226783,7200,14683.935,True,23.567644987273614,32.899637059273616,9.331992072
lamf-test-8a5bf643-d5be-430a-ac2f-d8a1f25fa6d3,"{<resource_manager.instance.OnPremInstance object at 0x1319d7770>: [(3, 7230, 9240), (1, 9240, None)]}",322.3613792231315,134908.37824523935,7230,7201.219381428999,2,6.483821870550658,7230,39194.176,True,67.26193669825952,81.85711848385952,14.595181785600001
lamf-test-cbef53e7-aa65-412f-b9a4-02aefd0bda1b,"{<resource_manager.instance.OnPremInstance object at 0x1319d7770>: [(2, 7260, 10360.536), (6, 9480, 10360.536), (1, 10360.536, None), (3, 21438.576, None)]}",89.7921856815224,38469.40127694927,7260,7220.672249163999,1,61.77629386265116,7260,21837.357999999997,True,66.08286044566123,75.88112459926123,9.798264153599995
lamf-test-decf70b3-3bab-4cf4-b55a-9508b27560e7,"{<resource_manager.instance.OnPremInstance object at 0x1319d7770>: [(3, 7290, 10941.072), (2, 10941.072, None), (4, 18387.504, None)]}",317.6420201174764,134790.73640555565,7290,7221.672249163999,2,47.35299256948347,7290,26470.089,True,83.43080308769174,113.58375199169174,30.152948904
lamf-test-1faee22d-4d95-436a-a021-6148365dd51b,"{<resource_manager.instance.OnPremInstance object at 0x1319d7770>: [(2, 7800, None)]}",300.8642397517245,135201.33754007262,7800,7785.9011831715,3,79.97948437143509,7800,42032.921,True,104.13847745075671,131.90822296595672,27.7697455152
lamf-test-585c2356-1279-476b-b41a-cbdb8ebd0ee3,"{<resource_manager.instance.OnPremInstance object at 0x1319d7770>: [(4, 7830, 10330.536), (1, 10330.536, None), (3, 20258.04, None)]}",290.6639501784463,135363.3199443469,7830,7789.434215966,2,40.86940464380115,7830,28140.950999999997,True,70.6738889890027,91.5465890242027,20.872700035199998
lamf-test-17aa2292-304e-4763-ab73-533f31d66f3d,"{<resource_manager.instance.OnPremInstance object at 0x1319d7770>: [(5, 7860, 9150), (2, 9150, None)]}",100.9864715008785,38962.41785985749,7860,7792.685369909,2,5.162319741998986,7860,13796.408,True,17.793439381213062,24.178725550813063,6.3852861696
lamf-test-17be3ad6-6cd4-4c64-93c6-3fc4d170d157,"{<resource_manager.instance.OnPremInstance object at 0x1319d7770>: [(2, 7890, None), (4, 9600, None)]}",64.77903730143166,21800.577838846348,7890,7826.205819430999,2,4.648583289081818,7890,12308.641000000001,True,21.877249113345723,29.856149850945727,7.978900737600004
lamf-test-410c24b3-e037-404b-8fa3-3b9be7b4adaa,"{<resource_manager.instance.OnPremInstance object at 0x1319d7770>: [(5, 7920, 9360), (1, 9360, None)]}",105.56808496111117,38985.843431805275,7920,7829.186606680999,3,10.951403148528405,7920,10953.282,True,13.374830025096964,16.941385204296964,3.5665551791999994
lamf-test-dbfc6e86-f385-4c1b-a2d1-36902c12232e,"{<resource_manager.instance.OnPremInstance object at 0x1319d7770>: [(2, 7950, None), (8, 28001.256, None)]}",332.81097832014945,135638.18070101104,7950,7838.077108813999,3,132.63748117727582,7950,35330.39813326626,True,172.47537201713067,218.4679513768586,45.99257935972794
lamf-test-ee649544-0852-4484-9313-a2ec39aaf5e5,"{<resource_manager.instance.OnPremInstance object at 0x1319d7770>: [(4, 8400, None)]}",94.51083597672981,39414.93978830989,8400,8384.587207174998,1,56.38953775952544,8400,14276.974000000002,True,62.126350749106415,71.66115336670642,9.534802617600002
lamf-test-3e8d9edc-8d07-4ff0-a6aa-1b9473f39dae,"{<resource_manager.instance.OnPremInstance object at 0x1319d7770>: [(5, 8430, 9360), (1, 9360, None)]}",46.55013787044631,22573.94633320938,8430,8387.068473529998,1,12.235911476157883,8430,18915.518,True,39.12420457829493,44.88596267909493,5.7617581008
lamf-test-8daeea4f-cbbf-4fb6-b9f3-5857c1ab865e,"{<resource_manager.instance.OnPremInstance object at 0x1319d7770>: [(4, 8460, 9060), (2, 9060, None)]}",56.56222725445129,22612.298095131417,8460,8391.908992747998,1,18.824562172028294,8460,12752.168,True,26.279103201764393,30.247629883364393,3.9685266815999998
lamf-test-665b3cd3-6953-4941-a220-b425974f248a,"{<resource_manager.instance.OnPremInstance object at 0x1319d7770>: [(3, 8490, 21618.576), (1, 21618.576, None)]}",295.24467469152273,135972.04682980527,8490,8398.110881275998,3,59.90680355920602,8490,24610.188,True,64.45712981975815,81.64537892375816,17.188249104
lamf-test-7b6d3b7a-f2bc-4206-bf5c-c8e1aaff27be,"{<resource_manager.instance.OnPremInstance object at 0x1319d7770>: [(3, 8520, 9330), (2, 9330, None)]}",57.77199384513077,22576.817173355463,8520,8399.974964650997,2,2.612883440371161,8520,10031.369000000002,True,4.519533857260072,6.074092390060073,1.554558532800002
lamf-test-e86f1528-c4b7-428d-9220-137c2eee5f81,"{<resource_manager.instance.OnPremInstance object at 0x1319d7770>: [(5, 8550, 19238.04), (1, 19238.04, None), (3, 45554.472, None)]}",291.443531643958,136340.00345735805,8550,8400.974964650997,2,103.37311390410095,8550,50618.324,True,122.77800245969524,163.34288588369523,40.564883423999994
lamf-test-905b51bb-7f4b-480b-babc-216c95cb3e5c,"{<resource_manager.instance.OnPremInstance object at 0x1319d7770>: [(4, 8580, None)]}",76.07511246679637,22541.21857388615,8580,8404.307191055997,3,7.848505589778689,8580,11348.969000000001,True,16.846719902654197,21.3390952082542,4.492375305600001
lamf-test-d53de693-fd3a-47ec-b96e-28dcf292d471,"{<resource_manager.instance.OnPremInstance object at 0x1319d7770>: [(4, 8610, 12412.68), (2, 12412.68, None), (4, 16366.968, None)]}",82.04480128359563,39570.02947987121,8610,8407.213216145998,2,24.599585930573568,8610,17435.814,True,31.398120897592506,43.3764509807925,11.978330083199994
lamf-test-d608e81f-e921-488f-9511-ac29f6be8717,"{<resource_manager.instance.OnPremInstance object at 0x1319d7770>: [(4, 8640, None)]}",290.8535591080783,136442.3587573535,8640,8408.213216145998,3,,8640,17576.862,True,54.372877024868814,68.87204193366881,14.499164908800001
lamf-test-794e981d-7b48-479b-88a9-08c76168b3f4,"{<resource_manager.instance.OnPremInstance object at 0x1319d7770>: [(2, 8670, None)]}",55.43753343799916,22596.882274091877,8670,8419.142257464997,3,,8670,12888.055,True,12.831561335462773,16.253247551462774,3.4216862160000003
lamf-test-d89dd74a-ca32-43e3-9fdb-057b16e15c3a,"{<resource_manager.instance.OnPremInstance object at 0x1319d7770>: [(2, 8700, None), (6, 13764.288, None)]}",52.589033620058174,22632.86780782701,8700,8424.963173262997,1,27.345383527264435,8700,14125.487000000001,True,34.981958323826916,40.26212726462692,5.280168940800002
lamf-test-9d73df9e-a4e9-43ed-b3cd-731892da568c,"{<resource_manager.instance.OnPremInstance object at 0x1319d7770>: [(6, 8730, 10300.536), (1, 10300.536, None)]}",116.24356079750007,39556.33451032383,8730,8440.483731504997,3,14.332977412731005,8730,13689.761999999999,True,19.488085785991327,24.684812261191325,5.1967264752
lamf-test-700b88cb-1fe1-443f-85f3-4e83586778d7,"{<resource_manager.instance.OnPremInstance object at 0x1319d7770>: [(2, 9000, None)]}",323.88597973304996,136267.19682974767,9000,8989.434210792997,1,113.61542140086699,9000,40458.967,True,169.86741630542244,195.38693033582243,25.519514030399996
lamf-test-cacf2328-5a7f-4177-ad3a-d6767db7f233,"{<resource_manager.instance.OnPremInstance object at 0x1319d7770>: [(5, 9030, 15235.896), (2, 15235.896, None)]}",299.34289693362723,136919.16079941753,9030,8994.670339317998,2,63.206923057307954,9030,33331.231999999996,True,74.02636745762766,101.29086110882766,27.2644936512
lamf-test-76901c5b-cc70-4a21-8b6a-aa4aa3dedd24,"{<resource_manager.instance.OnPremInstance object at 0x1319d7770>: [(2, 9060, None)]}",295.82083300729096,136299.79377919965,9060,8996.034590931999,2,,9060,18707.071,True,26.225270783149604,34.050974778349605,7.8257039952
lamf-test-c0570041-d32e-4e8b-8d2d-a250dfe399fc,"{<resource_manager.instance.OnPremInstance object at 0x1319d7770>: [(5, 9090, 20228.04), (1, 20228.04, None)]}",309.1917473885502,136829.01440195006,9090,8997.034590931999,1,146.54201232032855,9090,48693.762265491474,True,226.64177076760092,260.77541283848427,34.13364207088334
lamf-test-ca7252f0-85f2-4005-896c-fb17b2f26952,"{<resource_manager.instance.OnPremInstance object at 0x1319d7770>: [(6, 9120, 16576.968), (1, 16576.968, None)]}",304.02222934164064,137005.57762482573,9120,9008.923511986999,1,155.1107332877025,9120,57233.773,True,231.79665077192186,266.43432820472185,34.637677432800004
lamf-test-0ae28a41-e363-4bde-bdce-50f826df3b42,"{<resource_manager.instance.OnPremInstance object at 0x1319d7770>: [(4, 9150, None)]}",87.69850691765791,40299.48586854023,9150,9021.693476110999,3,34.407848505589776,9150,17057.442,True,48.1097695642254,60.9388034650254,12.829033900799999
lamf-test-9da27dae-e6dc-4f47-b706-a6e8a3713464,"{<resource_manager.instance.OnPremInstance object at 0x1319d7770>: [(6, 9180, None)]}",296.9549680882063,136790.88907930773,9180,9026.237858039,3,,9180,14155.189999999999,True,45.404426192105845,57.51204857610584,12.107622383999997
lamf-test-50c28631-c9b3-47d9-9e36-b5f64438ea4d,"{<resource_manager.instance.OnPremInstance object at 0x1319d7770>: [(6, 9210, None)]}",57.792712238435485,22918.14440411033,9210,9027.403679752999,3,24.47770020533881,9210,12800.606327692522,True,32.76848120184824,41.50658076092076,8.738099559072522
lamf-test-6ea3ccb6-5ec7-474a-bd76-4c0b7e74a8fd,"{<resource_manager.instance.OnPremInstance object at 0x1319d7770>: [(4, 9240, None)]}",318.43627200467716,136525.98435870916,9240,9030.242193349999,3,,9240,18887.071,True,58.693868735265035,74.34527672566503,15.6514079904
lamf-test-f6a7b87b-3fe2-4927-871e-a0cac1bfa236,"{<resource_manager.instance.OnPremInstance object at 0x1319d7770>: [(3, 9270, 10941.072), (2, 10941.072, None)]}",80.84812600328213,40342.61574677276,9270,9036.505560107,3,20.69033994980607,9270,20447.26,True,36.5436033158415,46.288383431041495,9.744780115199998
lamf-test-01aed4d0-4ac3-4934-b29d-300b9eb1cf38,"{<resource_manager.instance.OnPremInstance object at 0x1319d7770>: [(6, 9300, None)]}",48.38806555130056,23404.70820419107,9300,9041.116973365999,3,,9300,10232.804,True,8.51292721879991,10.78299903319991,2.2700718144000005
lamf-test-f035cec5-13b9-4feb-9d16-93fce26c2cc2,"{<resource_manager.instance.OnPremInstance object at 0x1319d7770>: [(3, 9330, 10300.536), (2, 10300.536, None)]}",59.50673849065216,23250.439038448792,9330,9043.429706179999,2,3.130737583560574,9330,19300.666,True,27.597318821902064,36.07917248270206,8.4818536608
lamf-test-7dc86417-03bf-4f7d-b2cc-4f303d7c708b,"{<resource_manager.instance.CloudReservedInstance object at 0x131c144d0>: [(4, 9600, 12412.68), (2, 12412.68, None)]}",122.20824587768153,40924.609274126415,9600,9585.951402568999,2,10.244233985780385,9600,16264.170201384348,True,20.714393628012925,41.41941594799745,20.705022319984522
lamf-test-6e11c3c3-b9bf-4aa2-897f-6c03a891a9cd,"{<resource_manager.instance.CloudReservedInstance object at 0x131c144d0>: [(2, 9630, None)], <resource_manager.instance.CloudReservedInstance object at 0x131c09450>: [(3, 9630, 30251.256)]}",323.10613238146993,137224.68231636647,9630,9590.088557222,3,305.32813141683766,9630,137240.0823163665,False,435.2453397714396,,
lamf-test-c5a6ffed-1196-4516-a2cc-67f21c8eb5f5,"{<resource_manager.instance.CloudReservedInstance object at 0x131c09450>: [(2, 9660, None)], <resource_manager.instance.CloudOnDemandInstance object at 0x1319d7b60>: [(1, 32561.256, None)]}",321.906162634098,137291.97242559283,9660,9592.621514735,2,46.46748309373479,9660,60027.716006496514,True,149.16376413177042,229.66720928958014,80.50344515780972
lamf-test-6718dd63-82fd-49d3-b154-c2385c7724e4,"{<resource_manager.instance.CloudReservedInstance object at 0x131c09450>: [(1, 9690, None)], <resource_manager.instance.CloudReservedInstance object at 0x131c091d0>: [(3, 9690, None)], <resource_manager.instance.CloudOnDemandInstance object at 0x1319fe3f0>: [(1, 14314.824, None)]}",53.92864783453742,23696.380656496298,9690,9593.621514735,1,20.04829021218344,9690,15136.897474370142,True,25.925155874271297,35.45573445617807,9.530578581906774
lamf-test-93fc33e5-0604-48d1-8efe-1dfc9145e379,"{<resource_manager.instance.CloudReservedInstance object at 0x131c091d0>: [(3, 9720, None)], <resource_manager.instance.CloudReservedInstance object at 0x1319fe2c0>: [(2, 9720, None)]}",318.63019504491797,137318.16863537,9720,9602.937592127999,1,,9720,33454.66644562934,True,194.94592563145244,251.51038270467626,56.564457073223835
lamf-test-561c40aa-4fd2-4142-aa20-b41c53e185e4,"{<resource_manager.instance.CloudReservedInstance object at 0x1319fe2c0>: [(2, 9750, None)]}",92.22367706149063,40881.19278607412,9750,9603.937592127999,2,21.44194110348889,9750,23639.273925069963,True,37.75757114945033,54.05802302791244,16.30045187846211
lamf-test-d81c27cf-4838-43c5-ac8d-f0f7d5a86a71,"{<resource_manager.instance.CloudReservedInstance object at 0x1319fe2c0>: [(2, 9780, None)], <resource_manager.instance.CloudReservedInstance object at 0x1319d7cb0>: [(2, 9780, 34061.256)]}",313.16578296695053,137319.28069939066,9780,9608.180067543999,3,295.2940968894972,9780,137334.68069939065,False,437.27183724812727,,
lamf-test-92b10550-cff6-47f7-a077-4b4db1587046,"{<resource_manager.instance.CloudReservedInstance object at 0x1319d7cb0>: [(4, 9810, 11371.608), (1, 11371.608, None)], <resource_manager.instance.CloudOnDemandInstance object at 0x1319d7b60>: [(1, 18327.504, None), (1, 21438.576, None)]}",81.64667311738593,40743.3457076607,9810,9611.211101353,2,27.326724301386093,9810,30730.814226951876,True,74.99406532946949,130.40872363378213,55.41465830431265
lamf-test-29b14cf4-c2e0-462e-a5b2-16a34ab23f1f,"{<resource_manager.instance.CloudReservedInstance object at 0x1319fe520>: [(1, 9840, None)], <resource_manager.instance.CloudOnDemandInstance object at 0x1319fe780>: [(1, 9840, None)]}",89.42960233211319,40692.62140275696,9840,9612.211101353,3,20.049062286105407,9840,40708.02140275696,False,70.4266972456239,,
lamf-test-0ee3ab93-6383-46f5-aeca-265dafdbd84c,"{<resource_manager.instance.CloudOnDemandInstance object at 0x1319fe780>: [(5, 9870, None)]}",39.66592451958817,23742.11576383424,9870,9613.211101353,3,73.29865389002967,10270.536,20872.12257857332,True,83.67269433853006,206.335358967044,122.66266462851394
lamf-test-3484ce7d-9fee-4f95-9c2d-f871cc58413f,"{<resource_manager.instance.OnPremInstance object at 0x1319d7770>: [(3, 10300.536, 11892.144), (2, 11892.144, None)]}",280.48808000057255,137344.28466264514,10300.536,9614.581218506999,3,63.112096737394474,10300.536,41169.694,True,96.32660126245342,122.01321843685344,25.686617174400006
lamf-test-0ab21652-7e84-40ef-afc1-d04cb7c18425,"{<resource_manager.instance.OnPremInstance object at 0x1319d7770>: [(2, 10330.536, None)]}",99.9394489602227,40886.30392170451,10330.536,9617.637603539999,3,,10330.536,14345.708,True,12.214379800745304,15.471487327145304,3.2571075264000005
lamf-test-107c896d-ee0f-4ca2-89f1-19c67b8002a2,"{<resource_manager.instance.OnPremInstance object at 0x1319d7770>: [(2, 10360.536, None)]}",98.1671155759394,40846.26688528723,10360.536,9618.637603539999,3,,10360.536,13281.762000000002,True,8.88653433721196,11.256232868411963,2.369698531200002
lamf-test-34f82a8b-288c-437f-910d-553d4a2c7dfc,"{<resource_manager.instance.OnPremInstance object at 0x1319d7770>: [(2, 10390.536, None)]}",332.1651620956545,137427.63371854604,10390.536,9633.257708763998,1,,10390.536,20045.307,True,52.13238580880676,59.96433604400676,7.831950235200001
lamf-test-aa879c60-c521-40a2-972a-cf0714098824,"{<resource_manager.instance.OnPremInstance object at 0x1319d7770>: [(2, 10420.536, None), (6, 13734.288, None)]}",56.99333448866139,23851.631886498915,10420.536,9634.257708763998,2,13.09549359521208,10420.536,15319.049,True,20.16555856761388,27.99590668281388,7.830348115200001
lamf-test-cfb32c98-2421-4b31-9da7-090b5212bb9a,"{<resource_manager.instance.OnPremInstance object at 0x1319d7770>: [(6, 10450.536, 19328.04), (1, 19328.04, None)]}",311.65623815536327,137145.22297801735,10450.536,9635.257708763998,1,139.7553675564682,10450.536,32717.587693719885,True,177.43224524052295,204.46733951949574,27.035094278972785
lamf-test-2e0bd3ff-93cb-46df-ab43-ee2f13d4c7e1,"{<resource_manager.instance.OnPremInstance object at 0x1319d7770>: [(3, 10480.536, None)]}",316.2487464140096,137340.65808103097,10480.536,9637.382047004998,1,,10480.536,19920.307,True,75.38032968286562,86.86664303566562,11.486313352800002
lamf-test-75f66efa-1a77-47ea-a0c6-c0317f11e7c2,"{<resource_manager.instance.CloudOnDemandInstance object at 0x1319fe780>: [(5, 10510.536, 21588.576), (2, 21588.576, None)]}",323.850834844211,137697.73828342016,10510.536,9642.406049348998,3,84.25005703855807,10911.072,21599.93295519492,False,84.28460553713566,,
lamf-test-c1ff5343-c068-4179-8505-1de35f1c5237,"{<resource_manager.instance.CloudOnDemandInstance object at 0x1319fe780>: [(1, 10941.072, None)], <resource_manager.instance.CloudOnDemandInstance object at 0x131c09810>: [(3, 10941.072, 42602.328)]}",328.6266875432299,137318.15696472052,10941.072,9643.406049348998,2,140.47229503886985,11341.608,42612.49346857176,False,140.49292114509728,,
lamf-test-c8383b87-eaaf-4727-8a38-364a265a9c1b,"{<resource_manager.instance.OnPremInstance object at 0x1319d7770>: [(2, 11371.608, None), (8, 22109.112, None)]}",87.74670802746411,40660.364606494295,11371.608,9645.218451561997,2,32.380814520378934,11371.608,23113.822,True,36.82354495845369,49.60891196325368,12.785367004799996
lamf-test-a5bf6748-f8d5-4a59-badc-d9816f45493a,"{<resource_manager.instance.OnPremInstance object at 0x1319d7770>: [(2, 11401.608, None), (8, 15235.896, None)]}",54.40376906069801,23802.60805765856,11401.608,9646.218451561997,2,14.150575636554322,11401.608,16437.333,True,19.552127707081205,27.5355306046812,7.983402897599992
lamf-test-9d2ced27-20c6-49c1-84d1-76444fddb91f,"{<resource_manager.instance.CloudReservedInstance object at 0x1319d7cb0>: [(3, 11431.608, 24720.72), (2, 24720.72, None)]}",313.4023701696379,137310.34319358895,11431.608,9647.430412219997,2,36.126049105226116,11431.608,70842.32938523976,True,141.78795699198304,237.22462175817745,95.43666476619441
lamf-test-6323d458-f602-48c5-98a5-f5c1a1584292,"{<resource_manager.instance.CloudOnDemandInstance object at 0x131c09810>: [(5, 11461.608, None)]}",313.6595923894348,138159.40313353387,11461.608,10192.083672790997,1,,11862.144,138174.80313353386,False,848.0311180889025,,
lamf-test-48feb4fc-2742-45dc-808f-e652fe900563,"{<resource_manager.instance.OnPremInstance object at 0x1319d7770>: [(3, 11892.144, None), (5, 12873.216, None)]}",41.254966979320166,24165.781343189847,11892.144,10200.849789967997,1,7.834250513347024,11892.144,13647.188000000002,True,24.197792683854317,27.90294543905432,3.705152755200005
lamf-test-bbc839c8-f836-4f9a-a8e0-6cb8342496f2,"{<resource_manager.instance.OnPremInstance object at 0x1319d7770>: [(3, 11922.144, None)]}",114.4912360012796,41430.631229629376,11922.144,10203.083050354997,3,40.77524982888433,11922.144,22183.724000000002,True,46.824458133698386,59.310748677698385,12.486290544000003
lamf-test-d4b58a16-b6c8-4064-88b0-a3ec8e4212ba,"{<resource_manager.instance.OnPremInstance object at 0x1319d7770>: [(2, 11952.144, None), (10, 12873.216, None)]}",56.907858453854786,24578.532336490927,11952.144,10204.083050354997,2,2.5039063785036078,11952.144,13509.742000000002,True,7.6470450100719685,11.492317963671976,3.845272953600008
lamf-test-26bbd872-e5de-48b0-8f8f-e6417ce7af20,"{<resource_manager.instance.CloudOnDemandInstance object at 0x131c09810>: [(2, 11982.144, None)]}",298.1380358381042,137444.9261170862,11982.144,10205.083050354997,2,159.09858201595847,12382.68,137460.32611708622,False,254.59980475124507,,
lamf-test-032ba352-18f7-47d0-a6f0-b7f2f4956a0a,"{<resource_manager.instance.CloudReservedInstance object at 0x131c144d0>: [(2, 12412.68, None)], <resource_manager.instance.CloudOnDemandInstance object at 0x131c09810>: [(2, 12412.68, None)], <resource_manager.instance.CloudOnDemandInstance object at 0x131c09310>: [(2, 12412.68, 25200.72)]}",307.62274626708137,138198.01817650767,12412.68,10210.062456249996,3,71.3202220701194,12412.68,25211.233146233903,False,71.36819444627227,,
lamf-test-05c2e1a5-42c3-4e97-863b-94fa07e33793,"{<resource_manager.instance.CloudOnDemandInstance object at 0x131c09310>: [(4, 12442.68, 22559.112), (2, 22559.112, None)]}",91.04820322006628,41485.68794094978,12442.68,10212.235958700996,2,23.176153659302393,12843.216,22570.03419525595,False,23.194829891849917,,
lamf-test-d2eb5728-b98d-4dc8-9b54-d5b61be5f0ce,"{<resource_manager.instance.CloudOnDemandInstance object at 0x131c09310>: [(4, 12873.216, None)]}",294.31398108778467,137840.99190336998,12873.216,10215.692654970995,2,270.6514411124564,13273.752,137856.39190337,False,286.3291414961444,,
lamf-test-3058457a-d1e2-4d92-baae-1c4c74ce602b,"{<resource_manager.instance.CloudOnDemandInstance object at 0x131c09310>: [(2, 13303.752, None)], <resource_manager.instance.CloudOnDemandInstance object at 0x1319fe3f0>: [(3, 13303.752, None)]}",296.32729201787157,138004.1882699145,13303.752,10219.722555423996,2,,13704.288,138019.58826991453,False,615.5619462405377,,
lamf-test-7a641bba-d417-49ff-88d9-3fe54ccc21c1,"{<resource_manager.instance.OnPremInstance object at 0x1319d7770>: [(5, 13734.288, None)]}",72.4727596207448,24377.92013352175,13734.288,10220.974199244996,1,,13734.288,14894.518000000002,True,15.265023195680296,17.6179696356803,2.3529464400000024
lamf-test-3babe4ac-4db5-41c5-ad0c-7fee914c7ec7,"{<resource_manager.instance.OnPremInstance object at 0x1319d7770>: [(3, 13764.288, 15265.896), (2, 15265.896, None)]}",293.72278396528714,137993.19104230724,13764.288,10222.246771122997,2,17.02843301782803,13764.288,36327.593,True,62.0994464776212,81.0118516984212,18.9124052208
lamf-test-efb02442-ed88-49c8-bf51-dea5e65f914e,"{<resource_manager.instance.CloudOnDemandInstance object at 0x1319fe3f0>: [(2, 13794.288, None)]}",304.7860416350407,138164.77870033108,13794.288,10224.605076486996,3,309.76883413187306,14194.824,138180.1787003311,False,378.38889862447667,,
lamf-test-a3da9951-7484-4541-a43a-d268b07d7f2b,"{<resource_manager.instance.OnPremInstance object at 0x1319d7770>: [(4, 14224.824, 18717.504), (2, 18717.504, None)]}",322.8627978188001,137924.74446598094,14224.824,10226.583415227997,2,36.59722242567278,14224.824,33608.774999999994,True,56.84453471173258,76.21325777893257,19.368723067199994
lamf-test-a4d8ead1-b39f-46fe-9cfa-58d32f343ff0,"{<resource_manager.instance.OnPremInstance object at 0x1319d7770>: [(4, 14254.824, None), (6, 21468.576, None)]}",84.41713409588449,41431.80493758816,14254.824,10233.912378669997,1,92.32314122746979,14254.824,23235.844,True,122.76114198798389,141.63277224078388,18.8716302528
lamf-test-1393ec0f-c39a-48b5-8afc-5e45c5c5f7c7,"{<resource_manager.instance.OnPremInstance object at 0x1319d7770>: [(6, 14284.824, 15786.432), (1, 15786.432, None)]}",354.69102159935267,137850.98722235713,14284.824,10234.912378669997,3,13.703928815879534,14284.824,26920.849000000002,True,30.639691231272337,38.810123995272335,8.170432764000001
lamf-test-98a6ab80-499b-4f3a-95f7-4dd7df820566,"{<resource_manager.instance.OnPremInstance object at 0x1319d7770>: [(2, 14314.824, None)]}",105.87093398460661,41414.24925292406,14314.824,10240.754620024996,1,30.309402692219944,14314.824,22776.98,True,45.69268202905163,52.55718297625163,6.864500947199999
lamf-test-0b319882-7fad-4ae3-8912-b51a1940b68d,"{<resource_manager.instance.CloudOnDemandInstance object at 0x1319fe3f0>: [(2, 14344.824, None)]}",309.96889456321867,138256.44788748623,14344.824,10245.198729355996,3,329.9968788501026,14745.36,138271.84788748625,False,376.99299988588103,,
lamf-test-151fcd56-358d-466c-9e97-a24b8c315d14,"{<resource_manager.instance.OnPremInstance object at 0x1319d7770>: [(4, 14775.36, 16336.968), (1, 16336.968, None)]}",286.90020368365816,137527.95627861476,14775.36,10249.111042042996,1,69.59024777549624,14775.36,40169.51899999999,True,83.57045395087077,95.77048945567077,12.200035504799997
lamf-test-0479ea03-d843-4f1c-b0bd-6f829a2c5a10,"{<resource_manager.instance.CloudOnDemandInstance object at 0x1319fe3f0>: [(4, 14805.36, None)], <resource_manager.instance.CloudOnDemandInstance object at 0x1319d7b60>: [(1, 14805.36, None)]}",326.10114994784385,138555.86525700506,14805.36,10800.118420663995,3,,15205.896,135834.50458985302,True,859.0808042476954,1722.357486778199,863.2766825305036
lamf-test-724d0d5f-301b-4490-8457-7773ef64d695,"{<resource_manager.instance.OnPremInstance object at 0x1319d7770>: [(5, 15235.896, 16336.968), (1, 16336.968, None), (7, 17607.504, None)]}",109.55462846539683,41917.97110960536,15235.896,10806.735958366995,2,6.984231852837199,15235.896,18388.732,True,12.172660320018437,17.455892352018434,5.283232031999997
lamf-test-2674780b-0edf-4613-bd86-e3e24ce33fcb,"{<resource_manager.instance.CloudReservedInstance object at 0x131c09450>: [(1, 15265.896, None), (1, 78611.976, None)], <resource_manager.instance.CloudReservedInstance object at 0x131c091d0>: [(3, 15265.896, None), (3, 78611.976, None)], <resource_manager.instance.CloudOnDemandInstance object at 0x1319fe3f0>: [(1, 15265.896, 45074.472)]}",302.61464185285956,138292.99480427417,15265.896,10810.899888799995,1,824.7536755646815,15265.896,138308.3948042742,False,876.0389090947798,,
lamf-test-15ce12ce-cdd4-4322-97b9-e92908eec275,"{<resource_manager.instance.CloudOnDemandInstance object at 0x1319d7b60>: [(4, 15295.896, 18747.504), (2, 18747.504, None)]}",62.79223748275714,25088.537659663576,15295.896,10818.520388491996,2,10.594247632520034,15696.432,18755.831452379214,False,10.613325338566115,,
lamf-test-6fdb4590-cea7-4d20-bffa-249d0757fa2a,"{<resource_manager.instance.OnPremInstance object at 0x1319d7770>: [(6, 15726.432, 16366.968), (2, 16366.968, None), (8, 22529.112, None)]}",88.08906902383775,41871.762287334655,15726.432,10824.415757290995,1,43.35715080994753,15726.432,23501.866,True,68.9539934595787,79.45702330597871,10.503029846400004
lamf-test-e4ed1a21-f292-441c-946a-d7b9f0990c7d,"{<resource_manager.instance.OnPremInstance object at 0x1319d7770>: [(2, 15756.432, None), (8, 35351.256, None)]}",297.2172710903451,138427.3440983967,15756.432,10827.978776047996,1,105.80519461556011,15756.432,38357.272,True,184.9048627272035,212.99258485200346,28.08772212479998
lamf-test-c777b76c-0cc3-4d24-b87d-dcc762dd2026,"{<resource_manager.instance.OnPremInstance object at 0x1319d7770>: [(2, 15786.432, 18297.504), (1, 18297.504, None), (3, 59650.368, None)]}",310.2741421688458,138982.91011234064,15786.432,10828.978776047996,1,129.9218252338581,15786.432,62652.513,True,162.34289071412272,186.02327400692272,23.6803832928
lamf-test-38f0df60-c850-46c3-8ecc-b21d5524ac44,"{<resource_manager.instance.OnPremInstance object at 0x1319d7770>: [(6, 15816.432, 17577.504), (2, 17577.504, None)]}",82.2505270696069,42107.351756824995,15816.432,10835.321961890995,3,40.08344969199178,15816.432,28794.927999999996,True,50.195878013537126,63.58119718153712,13.385319167999995
lamf-test-ecaffeb0-92d2-4398-a844-9e4844c48df5,"{<resource_manager.instance.OnPremInstance object at 0x1319d7770>: [(3, 15846.432, 16336.968), (1, 16336.968, None)]}",106.56838267415606,41997.410517413824,15846.432,10836.321961890995,1,8.420877024868812,15846.432,26202.124,True,31.67670940755951,36.27490088595951,4.5981914783999995
lamf-test-3c60492c-5568-42f7-a13b-d4f3117a23dc,"{<resource_manager.instance.OnPremInstance object at 0x1319d7770>: [(6, 15876.432, 21438.576), (1, 21438.576, None)]}",288.51703100665657,138593.88045102684,15876.432,10851.119536317996,2,24.038751280503238,15876.432,25418.503,True,32.11416821775762,47.264460247357626,15.150292029600001
lamf-test-04f3f31f-b20f-4cb7-a3dd-c0c2f380b4cc,"{<resource_manager.instance.CloudOnDemandInstance object at 0x1319d7b60>: [(4, 15906.432, 18057.504), (2, 18057.504, None)]}",63.69847192731158,25504.425047902558,15906.432,11405.630032680996,3,8.724909879078258,16306.968,18069.653401359552,False,8.749549322097096,,
lamf-test-b6b347a8-b100-462f-bbd1-cdcde8345e59,"{<resource_manager.instance.OnPremInstance object at 0x1319d7770>: [(4, 16336.968, 20318.04), (2, 20318.04, None), (10, 30731.256, None)]}",310.4633474601291,139197.32397211128,16336.968,11406.630032680996,1,275.8892192562172,16336.968,39591.538353988624,True,377.2807238992539,435.31158220458735,58.030858305333425
lamf-test-d4113937-9912-4267-ad39-f41249bcbcef,"{<resource_manager.instance.OnPremInstance object at 0x1319d7770>: [(2, 16366.968, None), (4, 19598.04, None)]}",44.164232744169574,25733.542688889574,16366.968,11411.904983464996,3,22.14943189596167,16366.968,21499.350000000002,True,27.18078028747434,34.42885390987435,7.248073622400003
lamf-test-198ba68c-5a75-4dd3-95a5-23cb4a91c31d,"{<resource_manager.instance.OnPremInstance object at 0x1319d7770>: [(5, 16396.968, 17667.504), (1, 17667.504, None)]}",75.79076386942039,42583.18866016363,16396.968,11414.535326317995,2,14.705324187699832,16396.968,23372.399999999998,True,16.659870648138394,21.55042347373839,4.890552825599999
lamf-test-9bb4d80d-2aee-48e9-ac53-5a922312b6c8,"{<resource_manager.instance.OnPremInstance object at 0x1319d7770>: [(6, 16456.968, None)]}",62.348183689222225,25616.44193862022,16456.968,11419.807569730994,2,21.529761848841954,16456.968,21985.589,True,23.89386990756929,37.34832197316929,13.454452065599998
lamf-test-8fdaa8c6-0ab8-4102-bf2c-7c6a5957696b,"{<resource_manager.instance.OnPremInstance object at 0x1319d7770>: [(3, 16486.968, 20978.04), (2, 20978.04, None), (4, 32411.256, None)]}",305.80076715201267,138816.17499858988,16486.968,11420.807569730994,3,55.27362993383527,16486.968,33241.65299999999,True,62.851973534108964,79.61218890210894,16.760215367999976
lamf-test-c89d3402-a23f-46ae-8720-cd373edbf82e,"{<resource_manager.instance.CloudReservedInstance object at 0x131c144d0>: [(2, 16516.968, None)], <resource_manager.instance.CloudOnDemandInstance object at 0x1319d7b60>: [(1, 16516.968, None), (1, 20828.04, None)]}",59.063695813800784,25651.933522500538,16516.968,11423.049139052993,3,17.48603239790098,16516.968,23140.55507907567,True,29.21070134142353,58.88758582409837,29.676884482674843
lamf-test-d457b8b2-16f3-450b-ba2f-e7b966006e63,"{<resource_manager.instance.OnPremInstance object at 0x1319d7770>: [(6, 16576.968, 22079.112), (1, 22079.112, None)]}",308.6020686022321,139032.89405317008,16576.968,11427.022984928994,1,120.16603057266713,16576.968,47118.217000000004,True,157.07587596014906,180.62175458654906,23.545878626400004
lamf-test-87f7683b-4f57-45f2-93ec-cd6117faec52,"{<resource_manager.instance.CloudOnDemandInstance object at 0x1319d7b60>: [(2, 16606.968, None)]}",62.86965238334432,25492.4045796063,16606.968,11428.929916220994,1,3.8983375161609253,17007.504,21343.731828228934,True,17.41148262461519,33.531637284843896,16.120154660228707
lamf-test-95f36198-5f8e-46dc-93db-fc5d6a810881,"{<resource_manager.instance.OnPremInstance object at 0x1319d7770>: [(3, 17127.504, None), (5, 29261.256, None)]}",312.84764381313755,139222.20121617775,17127.504,11431.209736031993,2,56.92068657513533,17127.504,33432.837999999996,True,69.29128287697161,97.59158158417159,28.300298707199985
lamf-test-067d037c-dcca-41c3-b8b9-a8b36009d0a4,"{<resource_manager.instance.OnPremInstance object at 0x1319d7770>: [(4, 17487.504, None), (6, 18747.504, None)]}",61.80548621708826,25724.208269921262,17487.504,11435.093740952992,2,18.53041120425307,17487.504,20920.244,True,21.892848534068154,32.74970597406815,10.856857439999992
lamf-test-55d518fc-620c-44fe-a18a-2336d48b9fc1,"{<resource_manager.instance.OnPremInstance object at 0x1319d7770>: [(3, 17517.504, None), (9, 23769.648, None)]}",83.99778340603386,42814.67119600691,17517.504,11449.399077314993,3,28.529062286105404,17517.504,24264.108000000004,True,37.55411362080771,47.568358152007725,10.014244531200013
lamf-test-64282f81-8a38-42e2-8686-39f8e7fadae5,"{<resource_manager.instance.OnPremInstance object at 0x1319d7770>: [(5, 17667.504, None)]}",308.1387838586121,139273.03061593763,17667.504,11450.399077314993,2,,17667.504,22147.485,True,17.9279801240933,27.013381592093296,9.085401467999999
lamf-test-6ca33400-5b63-4867-9fb5-39d7d8646a8a,"{<resource_manager.instance.CloudOnDemandInstance object at 0x1319d7b60>: [(6, 18807.504, 23859.648), (2, 23859.648, None)]}",105.93846150050236,42712.745990917916,18807.504,11452.295880231992,1,53.40695231576546,19208.04,23870.603201064172,False,53.44722164307311,,
lamf-test-e1a8ae4a-b274-4245-9dc7-b8b20b25f60b,"{<resource_manager.instance.OnPremInstance object at 0x1319d7770>: [(4, 19238.04, 34841.256), (2, 34841.256, None), (6, 50228.76, None)]}",307.3714712616934,139330.42063456966,19238.04,11455.363323690992,3,141.74138261464748,19238.04,53231.386999999995,True,178.27802570537673,225.81795067817671,47.53992497279997
lamf-test-5f552717-b86e-4e0e-9794-6b12cd0fea27,"{<resource_manager.instance.OnPremInstance object at 0x1319d7770>: [(2, 19268.04, None)]}",43.981392744961866,26232.90006674347,19268.04,11995.918250289991,2,17.106460287449927,19268.04,26248.30006674347,False,18.975625906262476,,
lamf-test-0ee69e3c-f7ac-4d00-b4dc-243374763ca6,"{<resource_manager.instance.OnPremInstance object at 0x1319d7770>: [(2, 19328.04, None)]}",95.71047451977611,43231.226577170106,19328.04,12002.14407704199,3,,19328.04,21554.432000000004,True,6.772810099627358,8.57885929002736,1.8060491904000027
lamf-test-60d40a4b-09c7-4a73-b379-b1d85406ff0e,"{<resource_manager.instance.OnPremInstance object at 0x1319d7770>: [(4, 19358.04, None), (6, 22079.112, None)]}",57.165191884420324,26301.514396736493,19358.04,12003.329773779991,3,50.1863381245722,19358.04,25185.235999999997,True,63.80033158415082,80.8134377409508,17.013106156799985
lamf-test-87976d93-8677-4270-9b15-bf91d2c51eaa,"{<resource_manager.instance.OnPremInstance object at 0x1319d7770>: [(3, 19988.04, 22499.112), (1, 22499.112, None), (7, 25500.72, 28001.256), (1, 28001.256, None)]}",311.39111778496914,139758.6536801455,19988.04,12005.24810036199,2,30.797541376503865,19988.04,35943.227999999996,True,63.02664266605015,81.85583417965015,18.829191513599998
lamf-test-68fc4f1f-0368-4356-8862-a5c873470b2b,"{<resource_manager.instance.OnPremInstance object at 0x1319d7770>: [(4, 20228.04, 24290.184), (2, 24290.184, None), (4, 37691.256, None)]}",313.35740939256686,139863.32894205293,20228.04,12006.24810036199,2,56.5683222892126,20228.04,39562.849,True,63.1299046708017,85.1459854276017,22.0160807568
lamf-test-6ffd71d7-ab96-484d-939d-8341469b380b,"{<resource_manager.instance.OnPremInstance object at 0x1319d7770>: [(3, 20468.04, 31601.256), (2, 31601.256, None)]}",291.65416309527114,139850.51336782513,20468.04,12008.07698529799,3,50.801806981519505,20468.04,56609.28799999999,True,126.87765153243589,160.71106431963588,33.8334127872
lamf-test-20e1ba49-4666-4d28-9ab3-d9b988f76cc5,"{<resource_manager.instance.OnPremInstance object at 0x1319d7770>: [(6, 20948.04, 23439.648), (1, 23439.648, None)]}",285.6765311197183,139395.6950523661,20948.04,12009.96313456699,1,56.02801368925394,20948.04,62111.18699999999,True,148.04242140086697,169.79117484806696,21.748753447199995
lamf-test-6012bbf1-8566-4834-b341-39822809aef2,"{<resource_manager.instance.OnPremInstance object at 0x1319d7770>: [(5, 20978.04, 22409.112), (2, 22409.112, None), (6, 26711.256, None)]}",93.62462651407313,43217.540337981714,20978.04,12011.33415746299,1,106.11968058407484,20978.04,30717.598,True,126.7617884249753,146.15368017537529,19.3918917504
lamf-test-92b1912c-cdf4-4496-9665-6c2a64a15900,"{<resource_manager.instance.CloudOnDemandInstance object at 0x1319fe780>: [(5, 21008.04, None)]}",99.7921660649438,43356.577696673565,21008.04,12012.57821059699,3,81.24736481861738,21408.576,41756.94133196927,True,157.79832178849546,389.1278227386208,231.32950095012538
lamf-test-3d2e4ca8-d6e8-4002-a809-14108f6da5be,"{<resource_manager.instance.OnPremInstance object at 0x1319d7770>: [(5, 21618.576, 26100.72), (1, 26100.72, None)]}",306.2018292174168,139774.14027900703,21618.576,12015.05913462499,2,34.08885369107247,21618.576,48933.571,True,64.26532286932184,82.61611526692184,18.350792397600003
lamf-test-a7986f20-c88c-442a-a9bb-9d4e408bd120,"{<resource_manager.instance.CloudOnDemandInstance object at 0x1319fe780>: [(3, 21648.576, None)], <resource_manager.instance.CloudOnDemandInstance object at 0x1319d7b60>: [(1, 21648.576, None)]}",50.00049139574834,26121.250378660832,21648.576,12016.05913462499,1,,22049.112,26136.650378660834,False,44.59972004043517,,
lamf-test-bf2ee2bb-aeee-4553-ba75-b56c3562dc59,"{<resource_manager.instance.OnPremInstance object at 0x1319d7770>: [(2, 22079.112, None)]}",94.73625576454592,43381.01806536661,22079.112,12017.05913462499,1,42.020855122062514,22079.112,34450.795999999995,True,66.80276553350062,76.83867559430061,10.035910060799996
lamf-test-404ab15a-5fdc-47da-96ca-6bf36dbfc057,"{<resource_manager.instance.OnPremInstance object at 0x1319d7770>: [(4, 22229.112, 29681.256), (1, 29681.256, None)]}",285.63536765098837,139927.44834468153,22229.112,12022.18786313499,2,41.264003458646044,22229.112,53718.47900000001,True,75.91431132998896,97.75416740438897,21.839856074400004
lamf-test-398c2e41-0ba6-4e76-8602-21bfa67e2257,"{<resource_manager.instance.OnPremInstance object at 0x1319d7770>: [(5, 22289.112, 28271.256), (2, 28271.256, None)]}",308.43937206382503,139892.8438272819,22289.112,12023.18786313499,2,23.939333388124638,22289.112,43143.69,True,64.36959547021368,88.56590196301369,24.196306492799998
lamf-test-58d64335-ff0b-41b5-93cb-bcafe6abca1b,"{<resource_manager.instance.CloudOnDemandInstance object at 0x1319fe780>: [(2, 22649.112, None)], <resource_manager.instance.CloudOnDemandInstance object at 0x131c09310>: [(4, 22649.112, None)]}",83.27713277836911,43310.55346295394,22649.112,12025.60295180599,2,77.45623788365653,23049.648,43325.953462953934,False,103.578801946044,,
lamf-test-78749043-3668-43d0-99ce-4ee040f7f664,"{<resource_manager.instance.OnPremInstance object at 0x1319d7770>: [(2, 23079.648, None), (6, 23559.648, None)]}",57.07835905715178,26146.84913086591,23079.648,12026.95184271199,2,6.4480724200310995,23079.648,24624.976000000002,True,8.805115106919349,12.651267401319354,3.8461522944000044
lamf-test-59fd6bbc-b1e0-4afd-a720-743bb563c136,"{<resource_manager.instance.OnPremInstance object at 0x1319d7770>: [(2, 23109.648, None), (6, 31781.256, None)]}",321.20760313523465,139706.86008071783,23109.648,12027.95184271199,2,23.57350411594632,23109.648,34242.492,True,40.90139222111627,55.92201920351626,15.02062698239999
lamf-test-4cc1e286-0e7f-464c-8240-c10883a7da2a,"{<resource_manager.instance.OnPremInstance object at 0x1319d7770>: [(4, 23169.648, 27641.256), (2, 27641.256, None)]}",316.2330750787407,139619.50654120411,23169.648,12028.95184271199,3,49.838667579283594,23169.648,45499.852999999996,True,81.53262757624151,103.2742582818415,21.741630705599995
lamf-test-0aaede3d-34d4-43d5-b971-8a2a954407b0,"{<resource_manager.instance.OnPremInstance object at 0x1319d7770>: [(2, 23199.648, 25710.72), (1, 25710.72, None), (3, 40601.256, None), (6, 46835.544, None)]}",291.4038438976179,139558.88227103266,23199.648,12030.864655896989,1,122.78537075062744,23199.648,49621.109693719874,True,196.71969481392014,226.20904112684795,29.489346312927808
lamf-test-a7598ecc-5cec-4bf9-9a0f-c71ca0dbae0e,"{<resource_manager.instance.OnPremInstance object at 0x1319d7770>: [(6, 23289.648, 25800.72), (1, 25800.72, None)]}",294.2224632206372,139757.3338535887,23289.648,12031.864655896989,3,22.9164681724846,23289.648,36218.182,True,38.76172180393946,49.09798921033946,10.336267406400001
lamf-test-5c0e0bc7-fda1-478e-8de8-178b5b80a83c,"{<resource_manager.instance.OnPremInstance object at 0x1319d7770>: [(4, 23319.648, None)]}",109.02475346006189,43284.118372022785,23319.648,12033.895912882988,2,24.04412056629253,23319.648,30613.024,True,26.563651140646996,38.396424363047,11.8327732224
lamf-test-95c3a7f0-6def-4a58-8473-af92a11ec586,"{<resource_manager.instance.OnPremInstance object at 0x1319d7770>: [(3, 23349.648, 28811.256), (2, 28811.256, 32801.256), (1, 32801.256, None), (5, 92793.04799999998, None)]}",312.05091942501133,140013.19188879494,23349.648,12034.895912882988,1,233.96875382158333,23349.648,94984.8,True,268.9727784622408,308.52166957904086,39.54889111680005
lamf-test-225e7631-1dba-46ce-9a30-f911bc78acd8,"{<resource_manager.instance.OnPremInstance object at 0x1319d7770>: [(5, 23439.648, None)]}",48.6051907309817,26434.287582651385,23439.648,12035.895912882988,1,30.669667351129362,23439.648,26337.407674642924,True,38.12551705173211,44.002173671907954,5.876656620175846
lamf-test-19917d27-b721-40ad-a37a-4370c7a734bc,"{<resource_manager.instance.OnPremInstance object at 0x1319d7770>: [(2, 23469.648, None)]}",301.1069329229973,139408.23375330216,23469.648,12046.914573598488,2,12.155931125219048,23469.648,43020.899,True,53.14948460774513,69.00945941894513,15.859974811199997
lamf-test-c5f3d318-ed60-437f-9c1e-4a6f0f18365e,"{<resource_manager.instance.OnPremInstance object at 0x1319d7770>: [(5, 23529.648, 28991.256), (1, 28991.256, None), (5, 39941.256, None)]}",302.37657057421836,139669.9860224816,23529.648,12050.284368427487,2,44.07420242321329,23529.648,41317.53999999999,True,52.374343722062925,71.2411294884629,18.86678576639998
lamf-test-68ff13a7-de65-4a50-8bee-581fe346b072,"{<resource_manager.instance.CloudReservedInstance object at 0x131c144d0>: [(2, 23559.648, None)], <resource_manager.instance.CloudOnDemandInstance object at 0x1319d7b60>: [(2, 23559.648, 32111.256)]}",316.0799972187193,139576.90164062113,23559.648,12053.182131706486,1,77.60984774507567,23559.648,32123.816764155938,False,77.67767147730409,,
lamf-test-e3ac6e81-3f29-40d1-91c8-119f86b94741,"{<resource_manager.instance.CloudReservedInstance object at 0x1319fe2c0>: [(2, 23709.648, None)]}",292.3170995981352,139962.85363595458,23709.648,12054.182131706486,2,147.29302017798238,23709.648,106481.37150837028,True,225.01242731550337,322.15332202492675,97.14089470942335
lamf-test-cd918581-b0d1-458e-92b2-5c59b3bd83b5,"{<resource_manager.instance.CloudOnDemandInstance object at 0x1319d7b60>: [(3, 23859.648, 36071.256), (2, 36071.256, None)]}",301.10787935133226,139697.66514308524,23859.648,12056.847068399486,2,33.19688706527359,24260.184,36083.56827704795,False,33.2250937714284,,
lamf-test-3231937d-3960-4134-90c2-f2e92cf6e932,"{<resource_manager.instance.CloudOnDemandInstance object at 0x1319d7b60>: [(2, 24290.184, None), (1, 31421.256, None)]}",109.51414052886817,43040.386761278874,24290.184,12057.847068399486,2,16.33686861410711,24690.72,43055.78676127887,False,62.88517690699145,,
lamf-test-5e0241b4-8be0-4af4-bde6-0b42fa40fc67,"{<resource_manager.instance.OnPremInstance object at 0x1319d7770>: [(2, 24720.72, None), (6, 26591.256, None)]}",98.3173256377796,43263.219259822836,24720.72,12058.847068399486,3,5.690276066621036,24720.72,26896.382,True,9.403118107840902,11.910569755840903,2.507451648000001
lamf-test-d56ac58c-44ed-4cac-88e0-685510119191,"{<resource_manager.instance.OnPremInstance object at 0x1319d7770>: [(2, 24750.72, None)]}",70.70390367140996,26123.074126208332,24750.72,12061.075708480486,2,,24750.72,26138.474126208333,False,3.772567625992043,,
lamf-test-093fc8c1-409b-4af5-91bd-f1586aa318b7,"{<resource_manager.instance.OnPremInstance object at 0x1319d7770>: [(6, 24780.72, None)]}",48.98947611555658,26216.480738412654,24780.72,12062.075708480486,1,9.445585215605751,24780.72,26231.880738412656,False,22.845104027030153,,
lamf-test-412a625e-1641-430d-83ff-ad06d8ff7ded,"{<resource_manager.instance.OnPremInstance object at 0x1319d7770>: [(5, 24810.72, None)]}",48.58977843534464,26895.333006638757,24810.72,12613.643870378486,1,13.81473876340406,24810.72,26868.228,True,27.07041478439422,31.243041008394215,4.172626223999996
lamf-test-499e704f-e77f-4d06-942d-f6729f7df6df,"{<resource_manager.instance.OnPremInstance object at 0x1319d7770>: [(3, 24840.72, 32291.256), (2, 32291.256, None), (10, 44223.936, None)]}",295.12516285873096,140273.43030482452,24840.72,12615.877836455486,2,56.4724348386707,24840.72,45599.865999999995,True,67.58996772394765,93.03249644074762,25.442528716799966
lamf-test-b31f9afe-254c-4126-a484-8628eb9333c1,"{<resource_manager.instance.OnPremInstance object at 0x1319d7770>: [(6, 25200.72, None)]}",58.325064065435534,26796.235331856973,25200.72,12618.462835085485,1,23.779827515400413,25200.72,26920.063000000002,False,27.067001368925407,,
lamf-test-893ff824-f1d2-4433-939e-c7c4d678a42b,"{<resource_manager.instance.OnPremInstance object at 0x1319d7770>: [(2, 25230.72, 29231.256), (1, 29231.256, None)]}",291.47945752946964,140333.03363302417,25230.72,12624.743547011485,1,140.29391558293406,25230.72,78857.19200000001,True,161.24402524906841,184.61753969386842,23.3735144448
lamf-test-9ad3c991-d587-4e6c-87f0-aa8b942b2b5d,"{<resource_manager.instance.CloudReservedInstance object at 0x131c144d0>: [(2, 25260.72, None)], <resource_manager.instance.CloudReservedInstance object at 0x1319d7cb0>: [(1, 25260.72, None)], <resource_manager.instance.CloudOnDemandInstance object at 0x131c09810>: [(2, 25260.72, None)], <resource_manager.instance.CloudOnDemandInstance object at 0x131c09310>: [(1, 25260.72, 41021.256)]}",294.2702271699325,140466.53415849045,25260.72,12625.775508311484,2,121.88751551847807,25260.72,41031.7657027306,False,121.95538129498806,,
lamf-test-50bd9009-28ec-4253-bcf7-ae2b62692323,"{<resource_manager.instance.OnPremInstance object at 0x1319d7770>: [(3, 25290.72, None), (7, 26891.256, None)]}",96.71534015432012,43822.916482668115,25290.72,12643.927178087484,2,24.915045274694712,25290.72,30436.69315560497,True,32.95254581699761,49.28037112493138,16.32782530793376
lamf-test-65b278d1-c75b-4135-b5aa-f825706c680d,"{<resource_manager.instance.OnPremInstance object at 0x1319d7770>: [(4, 26100.72, None)]}",46.808209305960055,26877.013250263815,26100.72,12650.717882288483,1,,26100.72,26892.413250263817,False,8.36910501077423,,
lamf-test-4e05654b-8014-4960-848f-0c1b470c0ee8,"{<resource_manager.instance.CloudOnDemandInstance object at 0x1319fe780>: [(3, 26160.72, None)], <resource_manager.instance.CloudOnDemandInstance object at 0x131c09310>: [(1, 26160.72, None)], <resource_manager.instance.CloudOnDemandInstance object at 0x1319d7b60>: [(1, 26160.72, None)]}",119.66024806020059,43855.24329882904,26160.72,12653.847975890483,3,69.24046543463382,26561.256,41403.43422529855,True,92.73839364391847,234.24702727018035,141.50863362626188
lamf-test-2b6c6b3a-28c9-458c-9ffa-76aefcc26451,"{<resource_manager.instance.OnPremInstance object at 0x1319d7770>: [(5, 26591.256, 33551.256), (1, 33551.256, None)]}",317.28833254019617,140328.05017626056,26591.256,12654.847975890483,1,199.62785306867443,26591.256,83854.191,True,233.11952201688342,267.6372724528834,34.517750436
lamf-test-2f12deb2-00c6-45f2-bf9e-431fba73627e,"{<resource_manager.instance.OnPremInstance object at 0x1319d7770>: [(6, 26621.256, 27131.256), (2, 27131.256, None)]}",93.49967154984164,43942.15258462273,26621.256,12655.847975890483,1,37.186858316221766,26621.256,36489.89199999999,True,58.562107840900396,67.39496936410039,8.832861523199993
lamf-test-f9efe039-70ce-49b9-a1a8-bee3de1d2b34,"{<resource_manager.instance.OnPremInstance object at 0x1319d7770>: [(5, 26651.256, 28151.256), (2, 28151.256, None), (4, 45044.472, None)]}",307.9037058422363,140348.39666626652,26651.256,13205.945277226483,3,99.51437827971708,26651.256,50059.42838743977,True,108.56516894765933,137.51534363133277,28.950174683673424
lamf-test-8f4c62d4-1881-4ae7-91f8-3b9d5e4e648b,"{<resource_manager.instance.OnPremInstance object at 0x1319d7770>: [(6, 27011.256, None)]}",53.33256697567134,27335.000374300194,27011.256,13206.945277226483,2,,27011.256,27350.400374300196,False,1.465731067369754,,
lamf-test-920c97be-abc7-45c8-bf90-73719c07896c,"{<resource_manager.instance.OnPremInstance object at 0x1319d7770>: [(3, 27071.256, None)]}",49.27955402462038,27415.447151013235,27071.256,13210.441562228483,2,1.1612815290538492,27071.256,27650.495000000003,False,1.8684987544656226,,
lamf-test-915cb3ce-20ce-43ae-8b31-7f523a6333eb,"{<resource_manager.instance.OnPremInstance object at 0x1319d7770>: [(2, 27101.256, None)]}",71.69092063889612,27258.057174889953,27101.256,13220.709860063484,3,,27101.256,27273.457174889954,False,0.5238456913528119,,
lamf-test-eb592d2c-c121-4645-b005-4e7f00d8eb14,"{<resource_manager.instance.OnPremInstance object at 0x1319d7770>: [(5, 27131.256, None)]}",65.43723826831173,27555.7182674083,27131.256,13221.905199446484,1,,27131.256,27571.118267408303,False,5.787221253451683,,
lamf-test-821bad57-9b5b-4590-ab6a-b75593f800f8,"{<resource_manager.instance.OnPremInstance object at 0x1319d7770>: [(4, 27311.256, 31781.256), (1, 31781.256, None)]}",293.93899056747387,141083.247577724,27311.256,13222.905199446484,3,100.38895733515854,27311.256,112606.10399999998,True,150.13285877253017,190.16754512133016,40.03468634879999
lamf-test-2ec8c349-ada1-458e-a7a4-ab9b6322b2cf,"{<resource_manager.instance.OnPremInstance object at 0x1319d7770>: [(4, 27371.256, None)]}",57.00450481534605,27397.061306551626,27371.256,13240.877711064484,2,,27371.256,27412.461306551628,False,0.15007636907528477,,
lamf-test-3d742955-a0c8-4cdc-8c38-f5e5804b4cff,"{<resource_manager.instance.OnPremInstance object at 0x1319d7770>: [(4, 27431.256, 32411.256), (2, 32411.256, None)]}",303.65987588610506,141081.7478188109,27431.256,13242.259227276485,1,52.64430755190509,27431.256,44316.462,True,116.92825507643165,134.66531018363165,17.7370551072
lamf-test-b18ea74a-e7ea-41d7-821c-d4f1a5e50746,"{<resource_manager.instance.OnPremInstance object at 0x1319d7770>: [(4, 27611.256, None)]}",93.66823018165961,44165.34597101053,27611.256,13247.313687729486,3,49.09879078256901,27611.256,37621.582,True,60.90395315233098,77.14470605473097,16.2407529024
lamf-test-cf4eee4f-df46-4434-9c29-6bf0f44daf4d,"{<resource_manager.instance.OnPremInstance object at 0x1319d7770>: [(6, 27641.256, None)]}",53.667029478259835,27348.295867329798,27641.256,13248.313687729486,2,,27641.256,27656.656000000003,False,0.06655648787945527,,
lamf-test-7c801ce0-8eb2-4e0d-9312-eaf55e74d22a,"{<resource_manager.instance.OnPremInstance object at 0x1319d7770>: [(2, 27671.256, None)]}",282.54429039316733,140958.84929598725,27671.256,13251.077501653486,2,82.93809836720794,27671.256,69094.803,True,112.60865985888613,146.21144118528613,33.6027813264
lamf-test-4d1918b0-1458-45e2-b527-a49166860d07,"{<resource_manager.instance.OnPremInstance object at 0x1319d7770>: [(6, 27731.256, None)]}",99.90881249240506,44390.810431991464,27731.256,13255.741637338486,2,15.169693016679606,27731.256,32910.85599999999,True,22.385453546778788,34.99052810677877,12.605074559999979
lamf-test-4fd50982-b738-4cdf-bdb5-50cd3dff6874,"{<resource_manager.instance.OnPremInstance object at 0x1319d7770>: [(2, 28151.256, None)]}",66.98837614575113,27491.455313157676,28151.256,13256.817004954486,2,,28151.256,28166.656000000003,False,0.04186443429933729,,
lamf-test-308f236e-0576-4952-874f-b146870f6d77,"{<resource_manager.instance.OnPremInstance object at 0x1319d7770>: [(3, 28211.256, None)]}",296.126707886245,140794.4516716081,28211.256,13259.578995742486,3,,28211.256,40629.98099999999,True,56.667693360711795,71.77879794071178,15.11110457999999
lamf-test-17fee575-0b26-45f7-83d5-67d080c53e61,"{<resource_manager.instance.OnPremInstance object at 0x1319d7770>: [(5, 28271.256, 33731.256), (2, 33731.256, None)]}",339.37001802300927,141082.64631085377,28271.256,13260.610288717486,3,41.52407027150354,28271.256,48607.925,True,86.7797368621188,109.9205707549188,23.1408338928
lamf-test-c8945c61-1ea7-4681-928a-edc22713889d,"{<resource_manager.instance.OnPremInstance object at 0x1319d7770>: [(5, 28991.256, 34451.256), (2, 34451.256, None)]}",305.7727422550137,141089.13739542462,28991.256,13261.610288717486,2,21.849818442879428,28991.256,38433.327000000005,True,32.67495803734571,46.97809403254571,14.303135995200002
lamf-test-416bbbfd-81e6-4f7c-9a56-8c0e7175f623,"{<resource_manager.instance.OnPremInstance object at 0x1319d7770>: [(3, 29021.256, 32021.256), (2, 32021.256, None)]}",318.1012839054559,140922.6381181223,29021.256,13264.964694662485,2,9.677346075448744,29021.256,38973.53599999999,True,28.576909016394772,37.86699855239476,9.290089535999993
lamf-test-3e7fd149-2562-452d-b778-aa63ebe3ca13,"{<resource_manager.instance.CloudReservedInstance object at 0x131c144d0>: [(2, 30251.256, None)]}",306.14407437283273,140974.29840054738,30251.256,13265.964694662485,2,19.328319991445454,30251.256,57473.1570864938,True,74.00191490509546,133.4763243988671,59.47440949377164
lamf-test-e18205c9-e6f7-4d1b-94fe-6bdf96998c05,"{<resource_manager.instance.OnPremInstance object at 0x1319d7770>: [(6, 30491.256, None)]}",110.9772195614234,45028.54141468756,30491.256,13809.550979193486,1,60.92402464065709,30491.256,35524.636,True,79.23869952087607,91.48793308887606,12.249233567999994
lamf-test-55230e23-b521-4f16-a8cb-73a7c6580475,"{<resource_manager.instance.OnPremInstance object at 0x1319d7770>: [(4, 30671.256, 34151.256), (1, 34151.256, None)]}",312.3489385286271,141376.19967868863,30671.256,13810.550979193486,2,125.33046054375757,30671.256,101577.34300000001,True,149.48470896818165,182.47868185538164,32.9939728872
lamf-test-56207b5b-5fb7-4cc8-b917-b36e1b064de2,"{<resource_manager.instance.CloudReservedInstance object at 0x131c09450>: [(2, 30791.256, None)], <resource_manager.instance.CloudReservedInstance object at 0x1319d7cb0>: [(1, 30791.256, None)], <resource_manager.instance.CloudOnDemandInstance object at 0x1319d7b60>: [(2, 30791.256, None)]}",317.0752713451876,141528.50309549502,30791.256,13812.540913912486,2,525.6382241017475,30791.256,128662.55351001136,True,590.1552994768786,1059.546042334893,469.39074285801445
lamf-test-2148cf4d-7170-4032-92ad-bc67bc5cec9e,"{<resource_manager.instance.CloudReservedInstance object at 0x131c144d0>: [(2, 32111.256, None)], <resource_manager.instance.CloudOnDemandInstance object at 0x1319d7b60>: [(1, 32111.256, 54850.368)], <resource_manager.instance.CloudReservedInstance object at 0x1319fe2c0>: [(1, 88953.04799999998, None)], <resource_manager.instance.CloudOnDemandInstance object at 0x1319fe780>: [(1, 88953.04799999998, None)]}",290.5571510371029,141255.53004154481,32111.256,13813.935910561486,3,195.97382614647495,32111.256,117347.0144880638,True,368.7259228112483,673.6163269454506,304.8904041342023
lamf-test-6f91592c-afdd-4bec-8b7a-080c324249f5,"{<resource_manager.instance.OnPremInstance object at 0x1319d7770>: [(5, 32951.256, None), (7, 33911.256, None)]}",112.19170754417485,44960.25135595621,32951.256,13814.935910561486,3,70.2715035363906,32951.256,38501.81228101422,True,91.08932294801227,115.37935847896469,24.290035530952423
lamf-test-58f4bde2-1252-4878-b4ed-54f9ec3d6ddb,"{<resource_manager.instance.OnPremInstance object at 0x1319d7770>: [(3, 33311.256, 37781.256), (2, 37781.256, None)]}",306.6623561408906,141651.07967476785,33311.256,13815.935910561486,3,71.31831165868127,33311.256,59488.32399999999,True,86.4311141531675,109.4789837147675,23.047869561599992
lamf-test-9fd69545-924f-4ce5-9308-d2123ccec4dc,"{<resource_manager.instance.OnPremInstance object at 0x1319d7770>: [(3, 33341.256, None)]}",61.631240803228884,27940.91840209663,33341.256,13818.990380835487,1,,33341.256,33356.655999999995,False,0.12297513118863707,,
lamf-test-927fb6c3-ba3c-488b-96a5-466be1c02fa9,"{<resource_manager.instance.OnPremInstance object at 0x1319d7770>: [(6, 33431.256, 37931.256), (1, 37931.256, None)]}",330.8093779162473,141382.79668267065,33431.256,13819.990380835487,1,111.9208542094456,33431.256,79286.684,True,187.21201886074985,214.93698045754985,27.724961596799996
lamf-test-1e5c4d41-c6bb-47f9-a0f9-f492c659a647,"{<resource_manager.instance.OnPremInstance object at 0x1319d7770>: [(6, 33491.256, 35981.256), (1, 35981.256, None)]}",295.19389174920065,141620.29101040197,33491.256,13820.990380835487,3,22.724161533196437,33491.256,49371.044,True,43.09040687504753,54.58096888784753,11.490562012800002
lamf-test-5fc71200-6539-46cf-9073-1ac0b6be235f,"{<resource_manager.instance.OnPremInstance object at 0x1319d7770>: [(5, 33551.256, 36551.256), (2, 36551.256, None)]}",298.6298021940167,141293.21458812492,33551.256,13822.727171378487,2,12.005394748834851,33551.256,59083.115,True,73.25757207009084,97.61941609089084,24.361844020799996
lamf-test-d81a676f-ccce-4b38-95bc-838588f989f1,"{<resource_manager.instance.CloudReservedInstance object at 0x131c091d0>: [(3, 33581.256, None)], <resource_manager.instance.CloudOnDemandInstance object at 0x1319d7b60>: [(1, 39011.256, None)]}",93.67827368323229,44874.70318039286,33581.256,13824.393791705486,1,34.73197718457678,33581.256,44890.103180392856,False,43.29741855943054,,
lamf-test-bff6c6c8-6ce7-4a14-8d30-c8d69887c972,"{<resource_manager.instance.OnPremInstance object at 0x1319d7770>: [(4, 33671.256, None)]}",62.55972404682857,27859.96794456521,33671.256,13825.393791705486,2,,33671.256,33686.655999999995,False,0.05608928259914327,,
lamf-test-8aea85bd-3d6c-4aba-b7de-dd2346b0e93e,"{<resource_manager.instance.OnPremInstance object at 0x1319d7770>: [(6, 34271.256, 38261.256), (2, 38261.256, None), (8, 58630.368, None)]}",302.51103083949494,141460.0622625316,34271.256,13826.393791705486,1,172.7992206251426,34271.256,60276.691000000006,True,216.12021522549256,249.03118896789258,32.91097374240002
lamf-test-f3f23406-4146-4e8a-b0d6-831939b9a4ea,"{<resource_manager.instance.CloudReservedInstance object at 0x1319fe2c0>: [(4, 34301.256, None)], <resource_manager.instance.CloudReservedInstance object at 0x1319d7cb0>: [(1, 34301.256, None)]}",57.3172776265575,27860.79179373473,34301.256,13827.463544314487,1,,34301.256,34316.655999999995,False,0.1928562374831324,,
lamf-test-232b6ce2-ea24-476c-b62f-210ae1decc5b,"{<resource_manager.instance.CloudReservedInstance object at 0x1319fe2c0>: [(4, 34331.256, 48607.152), (1, 48607.152, None)]}",311.1617610976437,141558.0456633013,34331.256,13828.463544314487,2,138.4237400705658,34331.256,136817.01621728725,True,230.97614405115763,316.2460754650618,85.26993141390415
lamf-test-28862540-93f6-42de-8ec4-72cbed9815ad,"{<resource_manager.instance.OnPremInstance object at 0x1319d7770>: [(6, 34511.256, 39011.256), (1, 39011.256, None)]}",315.0001679546882,141252.33368120363,34511.256,13832.793643577486,3,75.35120237280401,34511.256,66520.832,True,82.91060308768726,105.01968711328726,22.109084025599998
lamf-test-5c2155b4-aa4a-428b-9192-860339f49ef5,"{<resource_manager.instance.OnPremInstance object at 0x1319d7770>: [(2, 34841.256, 38831.256), (1, 38831.256, None)]}",326.1375748222798,141609.6429584705,34841.256,13834.933383842486,3,57.45033082363676,34841.256,93399.41799999999,True,95.1375192029812,120.5070537101812,25.369534507199997
lamf-test-8d46ff55-9a1d-4004-b52e-0bb94df560fe,"{<resource_manager.instance.OnPremInstance object at 0x1319d7770>: [(3, 35591.256, 40061.256), (2, 40061.256, None)]}",314.6188735020299,141514.3367475725,35591.256,13838.486260148486,1,35.69472963723477,35591.256,59121.879,True,138.61542573579737,159.51649911339737,20.9010733776
lamf-test-b036c054-ee21-47f6-aca9-95247c096cfe,"{<resource_manager.instance.OnPremInstance object at 0x1319d7770>: [(6, 35981.256, None)]}",40.69689972228568,28077.4080528055,35981.256,13840.030737536486,3,,35981.256,35996.655999999995,False,0.14054300707272807,,
lamf-test-12047e13-b691-4e4d-bcc8-16e2900e16aa,"{<resource_manager.instance.OnPremInstance object at 0x1319d7770>: [(3, 36011.256, 40991.256), (2, 40991.256, None), (4, 65801.976, None)]}",306.19560311302496,141248.33204181065,36011.256,13845.123281372486,1,173.7364909879078,36011.256,68532.686,True,217.34810403832998,250.17967995832998,32.83157592000001
lamf-test-e050ad2a-f776-4985-ad86-c1f9e8bbb5cd,"{<resource_manager.instance.OnPremInstance object at 0x1319d7770>: [(3, 36041.256, 38051.256), (2, 38051.256, None), (4, 68351.976, None)]}",326.0139069441622,141337.34122223104,36041.256,13846.309773053485,3,101.34830025096963,36041.256,74512.405,True,157.56941820670772,199.58715028510773,42.0177320784
lamf-test-5a75690c-b8ed-48d0-b610-f947c287d86c,"{<resource_manager.instance.OnPremInstance object at 0x1319d7770>: [(5, 36071.256, None)]}",56.45454017440447,27999.352429238857,36071.256,13847.309773053485,3,,36071.256,36086.655999999995,False,0.11711917256060674,,
lamf-test-62ab7363-ee6e-4e41-9bd6-da86db171176,"{<resource_manager.instance.OnPremInstance object at 0x1319d7770>: [(6, 36191.256, 39191.256), (1, 39191.256, None)]}",317.6880653321237,141722.23587970593,36191.256,13849.531862889484,3,68.49299566506957,36191.256,92981.282,True,109.19465510685222,138.31268965245224,29.118034545600004
lamf-test-e000b273-6e93-45bd-85e3-de8e007da692,"{<resource_manager.instance.CloudReservedInstance object at 0x1319d7cb0>: [(1, 36221.256, None)], <resource_manager.instance.CloudOnDemandInstance object at 0x1319d7b60>: [(2, 36221.256, None)]}",284.69120725614476,141781.32305999976,36221.256,13850.531862889484,3,307.8007209673739,36221.256,141796.7230599998,False,321.16652843562184,,
lamf-test-62c9483c-2445-4359-99d9-4d8c66a14529,"{<resource_manager.instance.OnPremInstance object at 0x1319d7770>: [(3, 36311.256, 40781.256), (2, 40781.256, None)]}",345.02192360533996,141577.2102764855,36311.256,13851.912004441483,2,14.419245652418628,36311.256,47734.163,True,33.320513073904,44.399807232304,11.0792941584
lamf-test-1f9296c3-4641-4962-ac2a-3bdd3909621e,"{<resource_manager.instance.OnPremInstance object at 0x1319d7770>: [(2, 36371.256, None)]}",333.675220822951,141689.7808085776,36371.256,13857.148446169484,2,,36371.256,44812.909,True,22.9483784023552,29.7962473159552,6.847868913599998
lamf-test-9673f22e-b964-4aa7-bb78-d1e21e110802,"{<resource_manager.instance.OnPremInstance object at 0x1319d7770>: [(3, 36551.256, None)]}",52.254300807909324,28016.54660035364,36551.256,13861.916756320483,1,,36551.256,36566.655999999995,False,0.12297513118863707,,
lamf-test-5f1a507d-a26f-433c-85e6-51ac89f0d432,"{<resource_manager.instance.OnPremInstance object at 0x1319d7770>: [(4, 36611.256, None)]}",64.02975273459877,28140.061085903108,36611.256,13864.286705305483,3,,36611.256,36626.655999999995,False,0.09369533804848537,,
lamf-test-b2a69e4a-f75e-4751-ad43-b2adf397fd45,"{<resource_manager.instance.OnPremInstance object at 0x1319d7770>: [(5, 36671.256, 37181.256), (2, 37181.256, None), (4, 39581.256, None)]}",99.34731245959347,45151.22581393816,36671.256,13872.329465248484,1,24.460415240702716,36671.256,41136.842628634964,True,44.513133471240565,51.279969090686606,6.766835619446045
lamf-test-396956b2-43cb-496d-8f0c-0ee7a61c67dd,"{<resource_manager.instance.OnPremInstance object at 0x1319d7770>: [(2, 37181.256, None)]}",82.48316532935924,45093.488645418096,37181.256,13873.801454833483,1,12.959160392425279,37181.256,42115.774,True,26.644670925545647,30.647551927145642,4.002881001599997
lamf-test-2b83bd20-9a87-454f-8bc9-f6503da1f9d0,"{<resource_manager.instance.OnPremInstance object at 0x1319d7770>: [(3, 37451.256, None), (5, 39191.256, None)]}",93.14423892083788,45509.70467650703,37451.256,14414.815133551483,2,34.67935537738211,37451.256,43911.29936514996,True,39.727353045735555,57.160181756974126,17.432828711238574
lamf-test-33fae0e0-9739-4c13-8834-0589e7587a07,"{<resource_manager.instance.OnPremInstance object at 0x1319d7770>: [(2, 37481.256, None), (10, 42392.328, None)]}",87.86109604520695,45641.39312164207,37481.256,14417.911401190484,2,13.350600719694517,37481.256,42792.96799999999,True,16.587777302193114,22.521633916593075,5.9338566143999625
lamf-test-e5f8465a-4435-4b7a-801a-354ef982dcda,"{<resource_manager.instance.OnPremInstance object at 0x1319d7770>: [(3, 37781.256, None)]}",304.6031866584939,142215.36011385306,37781.256,14418.911401190484,1,72.30209445585217,37781.256,64296.233,True,211.7326477298654,243.9960717434654,32.2634240136
lamf-test-fd51a7dd-bca8-4714-a851-595e00860b67,"{<resource_manager.instance.OnPremInstance object at 0x1319d7770>: [(3, 37931.256, None), (7, 43643.4, None)]}",86.19568247701017,45694.92713168646,37931.256,14420.768560481483,3,26.064996577686514,37931.256,44426.73,True,37.97966689482092,48.10739019402093,10.127723299200008
lamf-test-56707fec-34cd-4c0e-a454-d4551f611032,"{<resource_manager.instance.OnPremInstance object at 0x1319d7770>: [(4, 38261.256, 43733.4), (1, 43733.4, None)]}",312.7950515260771,142239.37315690704,38261.256,14421.768560481483,3,33.29314168377823,38261.256,61801.87900000001,True,60.77580804623926,76.98238955423926,16.206581508000003
lamf-test-f14e2551-1aeb-4008-9226-cf172ac76d45,"{<resource_manager.instance.OnPremInstance object at 0x1319d7770>: [(2, 38291.256, None), (6, 38951.256, None)]}",113.07976716267329,45615.572670041416,38291.256,14423.043405411483,2,11.932250297078346,38291.256,41851.89725726991,True,22.21563160133678,32.16302435292619,9.94739275158941
lamf-test-3bd57c11-f664-4998-9d53-96c6dc4f87c4,"{<resource_manager.instance.OnPremInstance object at 0x1319d7770>: [(4, 38411.256, None), (6, 54490.368, None)]}",326.99178124993756,142432.93979866855,38411.256,14424.062997252484,1,312.8585115217887,38411.256,61928.439790995944,True,365.6984871613504,421.9540576544299,56.255570493079546
lamf-test-43098e09-15cf-41fe-b455-41529b19decc,"{<resource_manager.instance.OnPremInstance object at 0x1319d7770>: [(4, 38441.256, None)]}",67.69762432994189,28480.380416376807,38441.256,14425.062997252484,1,,38441.256,38456.655999999995,False,0.16279564985924336,,
lamf-test-79b31340-0554-44ef-87de-f4504dbdfc60,"{<resource_manager.instance.OnPremInstance object at 0x1319d7770>: [(6, 38531.256, 41021.256), (1, 41021.256, None), (9, 50108.76, None)]}",304.54338810954675,141878.80827588565,38531.256,14428.527955528483,1,64.77052612365961,38531.256,52027.356,True,115.25605475701569,132.78343575541567,17.52738099839999
lamf-test-e846f77b-9785-4a57-980e-5e6be4c30da6,"{<resource_manager.instance.OnPremInstance object at 0x1319d7770>: [(3, 38561.256, None), (7, 52169.832, None)]}",318.0816768556553,142320.75503172082,38561.256,14433.782885248484,3,181.81015742642026,38561.256,61697.19676669413,True,207.01099044329035,262.21289721380174,55.20190677051138
lamf-test-1bfc2de0-7e2f-450e-9736-96acfe81a2a7,"{<resource_manager.instance.OnPremInstance object at 0x1319d7770>: [(5, 38591.256, None)]}",88.34113338193856,45706.839365591586,38591.256,14434.782885248484,1,37.497148072096735,38591.256,43374.284,True,62.92979268385426,72.62977346785425,9.699980783999996
lamf-test-ff8adf42-1018-4980-bdfd-c498e4f1b637,"{<resource_manager.instance.OnPremInstance object at 0x1319d7770>: [(2, 38621.256, None)]}",50.99968955238831,28531.317607323,38621.256,14436.385382609484,1,,38621.256,38636.655999999995,False,0.08315461251803077,,
lamf-test-9655ffad-b7de-4846-8625-1393b7fdfd45,"{<resource_manager.instance.OnPremInstance object at 0x1319d7770>: [(3, 38651.256, None), (5, 52289.832, None)]}",323.69507710357215,142112.6635914939,38651.256,14437.385382609484,1,108.90945927446955,38651.256,55291.88799999999,True,172.37980439577134,198.7162949813713,26.336490585599968
lamf-test-d1831f12-882c-4e14-bb62-b9776ced5649,"{<resource_manager.instance.OnPremInstance object at 0x1319d7770>: [(3, 38681.256, None)]}",62.263052342770514,28568.893097247354,38681.256,14439.381078165483,3,,38681.256,38696.655999999995,False,0.07027150353636404,,
lamf-test-9c4c82a6-08d5-47bd-9589-83ce8af6f468,"{<resource_manager.instance.OnPremInstance object at 0x1319d7770>: [(6, 39011.256, None)]}",291.9040113839834,142151.22164386115,39011.256,14444.393430711483,3,,39011.256,47195.635,True,74.6920282911248,94.6095330255248,19.917504734400005
lamf-test-0d7701be-3ce7-49c1-9391-e93bc28aface,"{<resource_manager.instance.OnPremInstance object at 0x1319d7770>: [(2, 39611.256, None)]}",74.93798997685712,28622.82858964319,39611.256,14445.393430711483,3,,39611.256,39626.655999999995,False,0.046847669024242686,,
lamf-test-df81467a-4b45-4bf0-9c71-c38863eca94a,"{<resource_manager.instance.OnPremInstance object at 0x1319d7770>: [(3, 39671.256, None), (7, 41111.256, None)]}",90.94794091988545,45646.21944822765,39671.256,14446.393430711483,2,4.645126116215397,39671.256,43377.36220954498,True,22.407140871169617,33.350659657084066,10.943518785914446
lamf-test-a691c5b1-12d1-40f2-af64-e72afc904125,"{<resource_manager.instance.OnPremInstance object at 0x1319d7770>: [(5, 39701.256, None)]}",99.92248787916859,45599.870532446046,39701.256,14447.393430711483,3,,39701.256,43666.506,True,30.15628564909879,38.19781264909879,8.041526999999999
lamf-test-08f07093-2907-4ba0-a255-32c22f0fcc78,"{<resource_manager.instance.OnPremInstance object at 0x1319d7770>: [(3, 39731.256, None)]}",298.09142219625704,142139.62348462048,39731.256,14448.393430711483,3,,39731.256,44426.236999999994,True,21.423595710700397,27.13644859150039,5.712852880799991
lamf-test-2809816c-7bfc-46e3-bb73-0ce9925ea853,"{<resource_manager.instance.OnPremInstance object at 0x1319d7770>: [(2, 39761.256, None)]}",50.90207279429441,28613.176285582427,39761.256,14449.393430711483,1,,39761.256,39776.655999999995,False,0.08315461251803077,,
lamf-test-327a626d-9865-47f8-8ba0-52996ec1940c,"{<resource_manager.instance.OnPremInstance object at 0x1319d7770>: [(4, 39791.256, None)]}",74.39841740073138,28590.844318987492,39791.256,14451.533038226484,1,,39791.256,39806.655999999995,False,0.16279564985924336,,
lamf-test-44149545-c52b-4763-ae20-c3268c37dc6f,"{<resource_manager.instance.OnPremInstance object at 0x1319d7770>: [(6, 41021.256, None)]}",109.24225266973586,45528.590986586496,41021.256,14452.533038226484,2,6.184878326144079,41021.256,45543.99098658649,False,19.54658157900672,,
lamf-test-457a1c73-20e1-45f7-a144-19901295fb3b,"{<resource_manager.instance.OnPremInstance object at 0x1319d7770>: [(4, 41051.256, None)]}",49.05334152829353,28618.190747041917,41051.256,14456.353387251484,1,,41051.256,41066.655999999995,False,0.16279564985924336,,
lamf-test-dd9abd19-48be-42ba-b1bc-fa915a5dcef1,"{<resource_manager.instance.CloudReservedInstance object at 0x131c144d0>: [(2, 41081.256, None), (1, 132723.04799999998, None)], <resource_manager.instance.CloudReservedInstance object at 0x1319d7cb0>: [(1, 41081.256, None)], <resource_manager.instance.CloudReservedInstance object at 0x1319fe520>: [(1, 41081.256, 66131.976)]}",320.9475259671587,142135.51104503422,41081.256,14458.860468366483,2,443.76493702628875,41081.256,136565.2689497356,True,468.57584890086605,777.7296200418285,309.1537711409625
lamf-test-6f2e770b-ffa0-4b22-be2e-700e1acc453c,"{<resource_manager.instance.OnPremInstance object at 0x1319d7770>: [(6, 41351.256, 45374.472), (1, 45374.472, None)]}",314.03861715723247,141966.30123000988,41351.256,14459.860468366483,3,36.716550308008216,41351.256,52820.68754057982,True,48.04245424074807,60.853537721607246,12.811083480859175
lamf-test-32172143-1bae-4833-a5f0-e53bac6ac6d4,"{<resource_manager.instance.CloudOnDemandInstance object at 0x1319fe780>: [(4, 41471.256, None)], <resource_manager.instance.CloudOnDemandInstance object at 0x131c09810>: [(2, 41471.256, None)]}",101.07515126388836,45644.301772265324,41471.256,14460.894848962484,1,,41871.792,45659.70177226532,False,56.06254893289952,,
lamf-test-3b06725f-04eb-4610-a2d8-34a69a9c127f,"{<resource_manager.instance.OnPremInstance object at 0x1319d7770>: [(5, 41901.792, None)]}",123.85755114021583,45679.44346529656,41901.792,14468.014171491983,3,25.269450148300255,41901.792,45694.84346529655,False,28.846691499707585,,
lamf-test-73802176-7b43-45cb-be2f-758b39305344,"{<resource_manager.instance.OnPremInstance object at 0x1319d7770>: [(4, 41931.792, None)]}",57.80879755607951,28626.283643862866,41931.792,14469.014171491983,3,,41931.792,41947.191999999995,False,0.09369533804848537,,
lamf-test-bfb0cddb-1544-48a4-b06e-9eadc91468fd,"{<resource_manager.instance.CloudOnDemandInstance object at 0x1319fe780>: [(5, 41961.792, None)], <resource_manager.instance.CloudOnDemandInstance object at 0x131c09310>: [(1, 41961.792, None)]}",95.51732021748852,45749.59744765072,41961.792,14470.014171491983,2,,42362.328,45764.99744765071,False,20.073601589450814,,
lamf-test-3e227187-9182-4a9b-bf09-75d5b5a39b59,"{<resource_manager.instance.OnPremInstance object at 0x1319d7770>: [(2, 42392.328, None), (6, 55510.368, None)]}",320.9833484047092,142259.3620113435,42392.328,14471.014171491983,2,88.537569019024,42392.328,65936.3217414284,True,109.06304175032594,153.53453049851282,44.47148874818687
lamf-test-0fdcad07-bf2d-4d92-8354-0c4ee7d909cf,"{<resource_manager.instance.CloudOnDemandInstance object at 0x1319fe780>: [(1, 42662.328, None)], <resource_manager.instance.CloudOnDemandInstance object at 0x131c09810>: [(3, 42662.328, None)], <resource_manager.instance.CloudOnDemandInstance object at 0x131c09310>: [(1, 42662.328, None)], <resource_manager.instance.CloudOnDemandInstance object at 0x1319d7b60>: [(1, 42662.328, None)]}",57.46774388158159,28568.053732636803,42662.328,14472.014171491983,1,,43062.864,43078.263999999996,False,4.143860065404156,,
lamf-test-f86b8860-b2ed-456c-9f30-6f6a9139ebf4,"{<resource_manager.instance.OnPremInstance object at 0x1319d7770>: [(5, 43092.864, 47566.08), (2, 47566.08, None), (4, 60950.904, None)]}",305.1378797801942,142558.88277804977,43092.864,14473.014171491983,3,129.9599361168149,43092.864,69186.94599999998,True,149.9003422313482,189.87302531934813,39.972683087999954
lamf-test-a37f5b70-4c4f-44b3-a817-99539c326610,"{<resource_manager.instance.OnPremInstance object at 0x1319d7770>: [(4, 43122.864, None)]}",57.694188998700625,28563.182920348576,43122.864,14476.482219203983,3,,43122.864,43138.263999999996,False,0.09369533804848537,,
lamf-test-a0961e5f-36f8-49a0-be25-041d077e1525,"{<resource_manager.instance.OnPremInstance object at 0x1319d7770>: [(2, 43152.864, None)]}",302.7913218356865,142218.57976231823,43152.864,14478.126366407983,2,24.920125296109813,43152.864,57289.515999999996,True,38.43006096535967,49.89771306775967,11.467652102399995
lamf-test-e9e3c180-3644-4ec5-bd7f-fb857cf9758f,"{<resource_manager.instance.CloudOnDemandInstance object at 0x1319fe780>: [(1, 43212.864, None)], <resource_manager.instance.CloudOnDemandInstance object at 0x131c09810>: [(3, 43212.864, None)], <resource_manager.instance.CloudOnDemandInstance object at 0x131c09310>: [(1, 43212.864, None)]}",277.1468078662494,142230.52935786097,43212.864,14479.126366407983,1,,43613.4,75581.88286558476,True,259.30007254099894,430.3667766535392,171.06670411254024
lamf-test-9329565e-0cc9-410e-9937-6b7537e158ae,"{<resource_manager.instance.OnPremInstance object at 0x1319d7770>: [(6, 43643.4, 48116.616), (2, 48116.616, None)]}",289.93639360238836,142097.32829037966,43643.4,14483.108097810984,1,70.42023819301849,43643.4,57047.143,True,118.64195976880369,136.7724217288037,18.130461959999998
lamf-test-f542227f-df52-4f0c-ae96-9700636101a5,"{<resource_manager.instance.OnPremInstance object at 0x1319d7770>: [(6, 43673.4, None)]}",98.85116440229747,45664.59735096226,43673.4,14484.108097810984,3,5.024284736481862,43673.4,45679.99735096226,False,18.312547122630672,,
lamf-test-9aa73522-f6c8-49a8-a56a-28cd17720766,"{<resource_manager.instance.OnPremInstance object at 0x1319d7770>: [(6, 43703.4, None)]}",99.02000673984057,46268.44784453409,43703.4,15030.706283911984,1,25.36252977412731,43703.4,46283.84784453408,False,40.62306668328804,,
lamf-test-20435df7-63e4-419e-8d22-d33076e8dcf2,"{<resource_manager.instance.OnPremInstance object at 0x1319d7770>: [(2, 43733.4, None), (4, 51899.832, None)]}",307.8323914198774,142770.05464542337,43733.4,15041.869554706984,2,41.34910694679931,43733.4,56210.42899999999,True,49.61831520295364,66.73319370055361,17.114878497599967
lamf-test-79eb9a19-2e44-423f-814a-791df0f7734e,"{<resource_manager.instance.OnPremInstance object at 0x1319d7770>: [(2, 43763.4, None)]}",110.61449386789155,46142.82444856761,43763.4,15047.285649940985,3,3.8970933150809945,43763.4,46158.224448567606,False,7.285191112837794,,
lamf-test-7f97cbae-fe7b-4dba-87f8-0ca2882583a5,"{<resource_manager.instance.CloudOnDemandInstance object at 0x1319fe780>: [(2, 43793.4, None)], <resource_manager.instance.CloudOnDemandInstance object at 0x131c09310>: [(2, 43793.4, None)]}",101.33638951109616,46167.304243288236,43793.4,15053.567158870985,2,,44193.936,46182.70424328823,False,10.58080379007075,,
lamf-test-6c201a0a-e193-4746-b7c6-ff82b4d5eeef,"{<resource_manager.instance.CloudOnDemandInstance object at 0x131c09310>: [(2, 44223.936, None)], <resource_manager.instance.CloudOnDemandInstance object at 0x1319d7b60>: [(4, 44223.936, None)]}",319.4947582934635,142899.4804440778,44223.936,15054.567158870985,2,,44624.472,142914.8804440778,False,471.6736091025857,,
lamf-test-4b6bc7a8-825f-4ed7-a11d-b9402493f256,"{<resource_manager.instance.OnPremInstance object at 0x1319d7770>: [(2, 44654.472, None)]}",315.0940754980354,142735.00942325714,44654.472,15057.377911397985,2,,44654.472,61737.378,True,46.43936336874591,60.2970167159459,13.857653347199996
lamf-test-0c64519c-480b-40a3-83cb-e32930215173,"{<resource_manager.instance.OnPremInstance object at 0x1319d7770>: [(4, 44684.472, None)]}",305.2027703895845,142723.77060304309,44684.472,15062.851411253485,3,237.14679443303663,44684.472,89311.973,True,271.5187527568636,343.92241037926357,72.40365762239999
lamf-test-545db71e-0ac4-4fd9-bae7-0ae698ee188a,"{<resource_manager.instance.OnPremInstance object at 0x1319d7770>: [(5, 44714.472, None)]}",303.0498265026395,142897.69875807263,44714.472,15065.365850039985,2,,44714.472,51885.498,True,28.696999294719387,43.23984002271938,14.542840727999994
lamf-test-4f1fe545-8677-4a84-8abf-5cf06961f85c,"{<resource_manager.instance.OnPremInstance object at 0x1319d7770>: [(6, 44834.472, 46835.544), (2, 46835.544, None)]}",310.3840944895742,142634.4448960762,44834.472,15066.365850039985,2,32.96456629746784,44834.472,64713.632,True,57.249374336857414,76.62188814165741,19.372513804799997
lamf-test-6e9b564f-bd08-4a74-adb5-0f54b0e3a954,"{<resource_manager.instance.CloudReservedInstance object at 0x131c091d0>: [(2, 44954.472, None)]}",95.10170299612852,46248.3269201373,44954.472,15067.365850039985,2,,44954.472,46263.72692013729,False,2.238739445639896,,
lamf-test-cf5ee26c-33df-418f-9253-bf22cfb1db3e,"{<resource_manager.instance.CloudReservedInstance object at 0x131c09450>: [(1, 45074.472, None)], <resource_manager.instance.CloudReservedInstance object at 0x131c091d0>: [(2, 45074.472, None)]}",86.78911405093122,46154.903003641484,45074.472,15068.365850039985,3,,45074.472,46170.30300364148,False,1.9445881880726894,,
lamf-test-20bd965c-e3af-463e-ad6b-f7ce4b078baa,"{<resource_manager.instance.OnPremInstance object at 0x1319d7770>: [(5, 45614.472, None)]}",49.20241958092055,29269.344798663376,45614.472,15073.893162890985,2,,45614.472,45629.871999999996,False,0.06162769304399561,,
lamf-test-d80357f1-4d3d-475b-a1da-53fbb3ddaa84,"{<resource_manager.instance.OnPremInstance object at 0x1319d7770>: [(6, 45674.472, 50659.296), (1, 50659.296, None)]}",308.2995677163823,142881.73073092537,45674.472,15079.551405509985,1,148.26661556011862,45674.472,105193.05200000001,True,231.92695566202755,266.17691478202755,34.24995912
lamf-test-0b008ed2-19e2-4099-a5b7-5ad49013ab38,"{<resource_manager.instance.OnPremInstance object at 0x1319d7770>: [(6, 45704.472, None)]}",98.70843455961634,46354.57618924245,45704.472,15080.551405509985,3,,45704.472,46369.97618924244,False,6.073503894523764,,
lamf-test-e31740c1-403e-4c71-8a7f-0330adf6a272,"{<resource_manager.instance.OnPremInstance object at 0x1319d7770>: [(5, 45734.472, None)]}",51.6673689623557,29162.25692028243,45734.472,15083.348428581985,1,,45734.472,45749.871999999996,False,0.20261616852984965,,
lamf-test-ff97215d-d288-4a40-9a08-b29190e7eee1,"{<resource_manager.instance.CloudReservedInstance object at 0x131c091d0>: [(1, 45794.472, None)], <resource_manager.instance.CloudOnDemandInstance object at 0x1319fe780>: [(3, 45794.472, None)]}",50.90199713640601,29678.8174353069,45794.472,15626.552961225985,1,,45794.472,45809.871999999996,False,0.1397622125889907,,
lamf-test-0b722e5a-870b-4bb2-acf4-7c5f987aee07,"{<resource_manager.instance.CloudOnDemandInstance object at 0x1319fe780>: [(1, 45824.472, None)], <resource_manager.instance.CloudOnDemandInstance object at 0x131c09810>: [(2, 45824.472, None)], <resource_manager.instance.CloudOnDemandInstance object at 0x1319d7b60>: [(1, 45824.472, None)]}",60.84882595404457,29773.293056135415,45824.472,15636.522281247986,3,,46225.008,46240.407999999996,False,1.6870677111060175,,
lamf-test-86bee4c0-8211-4364-b2b2-315ff254f448,"{<resource_manager.instance.OnPremInstance object at 0x1319d7770>: [(4, 46255.008, None)]}",60.879551145103115,29789.755579631605,46255.008,15637.522281247986,1,,46255.008,46270.407999999996,False,0.16279564985924336,,
lamf-test-1fb51fa6-4d43-412b-9a86-c51ec772c644,"{<resource_manager.instance.OnPremInstance object at 0x1319d7770>: [(5, 46285.008, None)]}",79.83864331738259,30032.775168992805,46285.008,15639.102819262986,3,,46285.008,46300.407999999996,False,0.11711917256060674,,
lamf-test-ea68f53d-4ebe-4fb8-83dd-aa5b6c6a2310,"{<resource_manager.instance.OnPremInstance object at 0x1319d7770>: [(4, 46315.008, None)]}",110.2774483129196,46880.10967438185,46315.008,15641.796641449986,3,,46315.008,46895.50967438184,False,3.531837702528505,,
lamf-test-ed127e72-be6f-436a-8fe9-27a8ad06a858,"{<resource_manager.instance.OnPremInstance object at 0x1319d7770>: [(6, 46345.008, 55300.368), (1, 55300.368, None)]}",328.19458272409565,143558.86863502878,46345.008,15643.124275576485,3,96.88001825233857,46345.008,74195.612,True,110.46833067153395,139.92600573393395,29.4576750624
lamf-test-6250b41b-6866-44ee-9930-467c8f1f7d45,"{<resource_manager.instance.CloudReservedInstance object at 0x131c09450>: [(1, 46375.008, None)], <resource_manager.instance.CloudReservedInstance object at 0x131c091d0>: [(3, 46375.008, None)], <resource_manager.instance.CloudOnDemandInstance object at 0x1319fe780>: [(2, 46375.008, None)]}",92.1601820634213,46868.99918644623,46375.008,15649.089610006986,3,,46375.008,46884.39918644622,False,2.711794284830439,,
lamf-test-4c84a4d8-5052-4c6f-afd2-7c5df767217c,"{<resource_manager.instance.CloudOnDemandInstance object at 0x1319fe780>: [(6, 46405.008, None)]}",71.28909006291121,29747.838019650364,46405.008,15650.308047235985,1,,46805.544,46820.943999999996,False,6.547931553730232,,
lamf-test-e1378e61-db93-479c-b4b7-359d51f2c742,"{<resource_manager.instance.OnPremInstance object at 0x1319d7770>: [(6, 46835.544, None)]}",52.48076757861521,29916.662627084937,46835.544,15654.336554587986,1,,46835.544,46850.943999999996,False,0.24243668720045594,,
lamf-test-56573715-8535-4ef6-86b5-dcb681b21f75,"{<resource_manager.instance.OnPremInstance object at 0x1319d7770>: [(2, 46865.544, None)]}",309.32301155717374,143679.5533033229,46865.544,15655.883594986986,2,70.88799183279436,46865.544,84355.11899999999,True,101.9142759413915,132.3258191813915,30.41154323999999
lamf-test-a8f2c75b-6fbc-476d-891d-92f88bfed8de,"{<resource_manager.instance.OnPremInstance object at 0x1319d7770>: [(6, 46895.544, None)]}",60.82789615796186,29909.58599924745,46895.544,15666.867165826987,2,,46895.544,46910.943999999996,False,0.06655648787942382,,
lamf-test-7c4919b0-6563-4e4b-a109-6e7eddf9dab2,"{<resource_manager.instance.OnPremInstance object at 0x1319d7770>: [(4, 46925.544, 59710.368), (6, 58060.368, 59710.368), (2, 59710.368, None), (8, 69641.976, None)]}",284.9077105670405,143408.6841413556,46925.544,15675.080542810987,3,123.05500342231346,46925.544,71562.709,True,152.26989428853915,192.87444620373918,40.60455191520002
lamf-test-2b8a61cc-a82b-4153-b888-886b130ebdcb,"{<resource_manager.instance.OnPremInstance object at 0x1319d7770>: [(6, 46955.544, 54910.368), (1, 54910.368, None), (9, 59890.368, None)]}",288.0380279745152,143701.27999077234,46955.544,15676.080542810987,1,139.2431795573808,46955.544,60995.474,True,168.32270469237204,194.18376231477205,25.861057622400004
lamf-test-ecb2683b-9e41-48ec-91a2-6a6d38c45b39,"{<resource_manager.instance.OnPremInstance object at 0x1319d7770>: [(2, 46985.544, None), (4, 79451.976, None)]}",329.9077900544537,143635.9668712983,46985.544,15677.404894001987,3,108.8947661419119,46985.544,85731.11499999999,True,156.06920374172932,197.68688605052932,41.617682308799985
lamf-test-69f3610c-edfc-431a-ac62-c6c3e7603585,"{<resource_manager.instance.CloudReservedInstance object at 0x131c09450>: [(1, 47015.544, None)], <resource_manager.instance.CloudReservedInstance object at 0x131c091d0>: [(4, 47015.544, None)]}",101.55343618416583,46906.77302213159,47015.544,15680.882609609987,1,,47015.544,47030.943999999996,False,0.08003143458308126,,
lamf-test-db07f320-f70e-4581-b141-d95e0791351c,"{<resource_manager.instance.OnPremInstance object at 0x1319d7770>: [(4, 47045.544, None)]}",67.5503798079176,29735.26105984461,47045.544,15686.155555364987,2,,47045.544,47060.943999999996,False,0.05608928259914327,,
lamf-test-f73d4880-234f-4ef4-b427-8c893deb0ab7,"{<resource_manager.instance.CloudReservedInstance object at 0x131c091d0>: [(1, 47075.544, None)], <resource_manager.instance.CloudOnDemandInstance object at 0x1319fe780>: [(4, 47075.544, None)]}",289.55899307824876,143239.88878622578,47075.544,15687.451314299988,2,349.09841245329625,47075.544,143255.2887862258,False,473.05405688870985,,
lamf-test-870691de-e40a-44a6-b524-758dc9ee2699,"{<resource_manager.instance.OnPremInstance object at 0x1319d7770>: [(6, 47105.544, 52079.832), (1, 52079.832, None)]}",318.593861795503,143741.33604505035,47105.544,16233.243747368988,3,45.396194387405885,47105.544,56552.615,True,52.199423530306476,66.11901159190647,13.9195880616
lamf-test-787e33de-2c34-4cf0-bd9d-1f6b1a5da962,"{<resource_manager.instance.CloudOnDemandInstance object at 0x1319fe780>: [(3, 47135.544, None)]}",98.72547788684845,47630.52544381647,47135.544,16236.421087667988,1,,47536.08,47645.925443816464,False,4.075599026597352,,
lamf-test-95b7467a-1a49-4273-9a59-d080cf448191,"{<resource_manager.instance.OnPremInstance object at 0x1319d7770>: [(6, 47566.08, 50659.296), (1, 50659.296, None), (3, 56620.368, None)]}",303.1008089718593,143929.3949085991,47566.08,16238.707636169987,1,65.46926579968058,47566.08,59627.130999999994,True,97.94020244885535,112.76383600085533,14.823633551999986
lamf-test-4b6ef0de-0d6b-4c17-a583-0b04e2222603,"{<resource_manager.instance.OnPremInstance object at 0x1319d7770>: [(6, 47596.08, None)]}",304.5800255914627,144198.61854611896,47596.08,16241.151447599987,2,,47596.08,59511.89599999999,True,51.49836773881452,80.4966975564145,28.99832981759998
lamf-test-dfcd1cfc-af92-4194-9a51-c980d70402e7,"{<resource_manager.instance.CloudReservedInstance object at 0x131c09450>: [(1, 47626.08, None)], <resource_manager.instance.CloudReservedInstance object at 0x131c091d0>: [(4, 47626.08, None)]}",104.89919658381315,47396.31896428131,47626.08,16251.205383077986,2,,47626.08,47641.479999999996,False,0.05860304217819163,,
lamf-test-3caf5282-95cc-4847-bdc6-12864fd51ff6,"{<resource_manager.instance.OnPremInstance object at 0x1319d7770>: [(2, 47656.08, None)]}",88.21646259362132,47225.89726115393,47656.08,16254.041389703985,1,,47656.08,47671.479999999996,False,0.08315461251803077,,
lamf-test-76f31f64-e074-4b6a-9579-e22c37b55e69,"{<resource_manager.instance.CloudOnDemandInstance object at 0x1319fe780>: [(4, 47686.08, None)], <resource_manager.instance.CloudOnDemandInstance object at 0x131c09810>: [(1, 47686.08, None)]}",57.885218243385175,30505.695113260248,47686.08,16260.369815519985,3,,48086.616,48102.015999999996,False,2.8469267624914045,,
lamf-test-9e038649-678e-4ec1-8038-665a8a0ccdab,"{<resource_manager.instance.OnPremInstance object at 0x1319d7770>: [(6, 48116.616, 50108.76), (1, 50108.76, None)]}",305.1144082584737,144000.763664259,48116.616,16263.541065770985,1,176.54289025781424,48116.616,111627.268,True,204.4686747281162,234.2686632113162,29.799988483199996
lamf-test-816ecb3f-0729-4858-99cd-1237c929b94a,"{<resource_manager.instance.CloudReservedInstance object at 0x131c09450>: [(1, 48146.616, None)], <resource_manager.instance.CloudReservedInstance object at 0x131c091d0>: [(4, 48146.616, None)], <resource_manager.instance.CloudOnDemandInstance object at 0x1319fe780>: [(1, 48146.616, 77951.976)]}",325.447174391888,143899.59822757245,48146.616,16268.049739103986,1,238.76324587421092,48146.616,77961.60186277509,False,238.813270004535,,
lamf-test-9dd25f94-b2d8-4857-adb4-87c377066854,"{<resource_manager.instance.CloudOnDemandInstance object at 0x1319fe780>: [(3, 48176.616, 63500.904), (2, 63500.904, None)]}",304.2337725718405,144342.6526644187,48176.616,16280.524028408987,2,49.43281277861543,48577.152,63510.39733727289,False,49.45862012891037,,
lamf-test-5d4708b4-be70-4e57-95c0-9df21e198378,"{<resource_manager.instance.CloudReservedInstance object at 0x1319fe2c0>: [(3, 48607.152, None)], <resource_manager.instance.CloudOnDemandInstance object at 0x1319fe780>: [(2, 48607.152, None)]}",119.73047030526563,48041.433368441634,48607.152,16829.503348751987,1,,48607.152,48622.551999999996,False,0.20612974370666784,,
lamf-test-fe21cf99-74f2-4c6e-92c0-836166b37c9b,"{<resource_manager.instance.CloudOnDemandInstance object at 0x1319fe780>: [(1, 48637.152, None)], <resource_manager.instance.CloudOnDemandInstance object at 0x131c09810>: [(2, 48637.152, 59710.368), (1, 59710.368, None)]}",306.6266107573227,144643.25651325966,48637.152,16834.195615658988,3,33.6853479352042,49037.688,59721.548955194914,False,33.71085775768859,,
lamf-test-af303474-9c6d-4cd6-af46-9ee1b2d1d0c4,"{<resource_manager.instance.OnPremInstance object at 0x1319d7770>: [(6, 49067.688, None)]}",83.47238892971743,48022.13526156282,49067.688,16835.195615658988,3,,49067.688,49083.087999999996,False,0.14054300707272807,,
lamf-test-48887eaf-7764-41b1-8a24-eb297e7a4537,"{<resource_manager.instance.CloudReservedInstance object at 0x1319fe2c0>: [(3, 49097.688, None)], <resource_manager.instance.CloudOnDemandInstance object at 0x1319fe780>: [(2, 49097.688, None)], <resource_manager.instance.CloudOnDemandInstance object at 0x131c09310>: [(1, 49097.688, None)]}",92.60848910013964,47978.787696096944,49097.688,16838.539600347987,1,,49097.688,49113.087999999996,False,0.22291682510702146,,
lamf-test-70da499d-f492-45a5-857f-ba98849424d5,"{<resource_manager.instance.OnPremInstance object at 0x1319d7770>: [(4, 49157.688, None)]}",105.64492540905647,47935.50637352411,49157.688,16841.389359459987,3,,49157.688,49173.087999999996,False,0.09369533804848537,,
lamf-test-41153241-bf67-4ba2-bd57-821911347a85,"{<resource_manager.instance.CloudOnDemandInstance object at 0x131c09310>: [(2, 49187.688, None)], <resource_manager.instance.CloudOnDemandInstance object at 0x1319d7b60>: [(1, 49187.688, None)]}",99.23133172494114,47990.470407279776,49187.688,16842.389359459987,3,,49588.224,49603.623999999996,False,0.8435338555530087,,
lamf-test-6557112d-0dd1-4a4f-956a-4810ab29fb87,"{<resource_manager.instance.OnPremInstance object at 0x1319d7770>: [(5, 49618.224, 56290.368), (1, 56290.368, None)]}",284.1643475390076,144148.50584604684,49618.224,16860.944701204986,3,118.17385352498285,49618.224,107576.368,True,128.750049433417,163.08275906541698,34.332709632
lamf-test-9c88980c-fc13-42ba-ae80-9214e850b23c,"{<resource_manager.instance.CloudReservedInstance object at 0x1319fe2c0>: [(3, 49648.224, None)]}",56.88278421553064,30917.852646143656,49648.224,16868.240710162987,2,,49648.224,49663.623999999996,False,0.049677043187284775,,
lamf-test-599db447-ffc5-4f67-bbdb-15246291d10d,"{<resource_manager.instance.CloudOnDemandInstance object at 0x1319fe780>: [(2, 49678.224, None)], <resource_manager.instance.CloudOnDemandInstance object at 0x131c09310>: [(2, 49678.224, None)]}",58.09494942769889,30772.560411475315,49678.224,16870.477635274987,3,,50078.76,50094.159999999996,False,1.6870677111060175,,
lamf-test-67a1a99a-4314-4946-83c9-ed2acd2c23fe,"{<resource_manager.instance.OnPremInstance object at 0x1319d7770>: [(2, 50108.76, None)]}",104.56386159081104,48083.26941932177,50108.76,16873.135576399985,2,,50108.76,50124.159999999996,False,0.04186443429931751,,
lamf-test-1bd3ea85-4b86-41d6-88ae-4d09629a5e9f,"{<resource_manager.instance.OnPremInstance object at 0x1319d7770>: [(5, 50138.76, None)]}",91.30297666017438,48017.35731213573,50138.76,16875.638982199984,2,,50138.76,50154.159999999996,False,0.06162769304399561,,
lamf-test-04e82c6f-21eb-4e35-8244-b06d0737db1d,"{<resource_manager.instance.OnPremInstance object at 0x1319d7770>: [(5, 50168.76, None)]}",95.5159501731966,48310.84201707136,50168.76,16877.596649116982,2,,50168.76,50184.159999999996,False,0.06162769304399561,,
lamf-test-227b9038-f251-4152-94eb-43a9fb1d09b6,"{<resource_manager.instance.CloudReservedInstance object at 0x1319fe2c0>: [(3, 50198.76, None)], <resource_manager.instance.CloudOnDemandInstance object at 0x1319fe780>: [(2, 50198.76, None)]}",66.25196628808428,31107.76541479292,50198.76,16879.133462356982,2,,50198.76,50214.159999999996,False,0.09154147748660228,,
lamf-test-b20c0974-09ea-4c80-b141-7811b8b20475,"{<resource_manager.instance.CloudOnDemandInstance object at 0x131c09310>: [(2, 50228.76, None)]}",96.38631983638818,47984.16698244867,50228.76,16888.21742061198,1,,50629.296,50644.695999999996,False,0.811901335969771,,
lamf-test-ab19fe1e-973b-44c8-a2b5-9c88f8dd630c,"{<resource_manager.instance.OnPremInstance object at 0x1319d7770>: [(5, 50659.296, 53159.832), (1, 53159.832, None), (9, 78971.976, None)]}",310.22675767562004,145243.72729174752,50659.296,17428.61516648898,3,58.27792835957106,50659.296,80347.20400000001,True,79.19553426116079,100.31395164356086,21.118417382400068
lamf-test-38119ffa-10d5-4f96-9e4f-d7aa2d684f4c,"{<resource_manager.instance.OnPremInstance object at 0x1319d7770>: [(5, 50689.296, 55180.368), (2, 55180.368, None)]}",315.0920376046709,145293.78311887418,50689.296,17438.094995959982,2,49.04884472118968,50689.296,74057.619,True,69.28960005818914,93.71072008538914,24.421120027200004
lamf-test-0edb2b7d-ea79-4551-a1d6-40e8f4f75204,"{<resource_manager.instance.OnPremInstance object at 0x1319d7770>: [(2, 50719.296, None)]}",49.09599477194767,31431.61782679721,50719.296,17439.206885140982,3,,50719.296,50734.695999999996,False,0.046847669024242686,,
lamf-test-fb5bb86a-097c-4cce-b52f-faf7de14091c,"{<resource_manager.instance.OnPremInstance object at 0x1319d7770>: [(5, 50749.296, 52739.832), (2, 52739.832, None)]}",310.7135837098068,145239.7932627022,50749.296,17442.991531807984,2,21.532344681267986,50749.296,64865.948000000004,True,40.9302031291665,54.8037154363665,13.873512307200002
lamf-test-ffa00229-4854-4a3b-9050-ac62a552280b,"{<resource_manager.instance.OnPremInstance object at 0x1319d7770>: [(2, 50779.296, None), (4, 59440.368, None)]}",328.09484391630104,145306.2270883444,50779.296,17464.604668297983,3,104.93846224047448,50779.296,69901.87738743976,True,121.82097547287023,154.30596632454362,32.484990851673395
lamf-test-404b381d-5a0f-4cbc-ae4f-02ebbbeb7a4d,"{<resource_manager.instance.CloudReservedInstance object at 0x1319fe2c0>: [(3, 50809.296, None)], <resource_manager.instance.CloudOnDemandInstance object at 0x1319fe780>: [(2, 50809.296, None)], <resource_manager.instance.CloudOnDemandInstance object at 0x131c09310>: [(1, 50809.296, None)]}",54.32250531179826,31689.029150445574,50809.296,17475.935704264983,1,,50809.296,50824.695999999996,False,0.22291682510702146,,
lamf-test-1945932c-936e-4e58-b59b-8fc5fe0a5a90,"{<resource_manager.instance.OnPremInstance object at 0x1319d7770>: [(4, 50839.296, 53819.832), (1, 53819.832, None)]}",307.9539703217035,145215.1605824804,50839.296,17476.935704264983,1,31.507681496691763,50839.296,64733.248,True,62.2169667655335,71.4790699015335,9.262103136
lamf-test-05011c3e-5178-4e8c-a944-565636c84b62,"{<resource_manager.instance.CloudOnDemandInstance object at 0x131c09310>: [(2, 50869.296, None)], <resource_manager.instance.CloudReservedInstance object at 0x131c144d0>: [(1, 66191.976, None)], <resource_manager.instance.CloudReservedInstance object at 0x1319d7cb0>: [(1, 66191.976, None)]}",311.6110618417853,144966.18287851504,50869.296,17478.182052443983,2,98.61670977325905,51269.832,98301.74741058607,True,201.1638442559574,344.12160751132114,142.95776325536377
lamf-test-01d3dab5-d631-4e94-b48f-123fd1e6d0ca,"{<resource_manager.instance.CloudReservedInstance object at 0x1319fe2c0>: [(3, 51299.832, None)]}",62.28353144846482,31584.05357187226,51299.832,17484.45466164598,1,,51299.832,51315.231999999996,False,0.12297513118863707,,
lamf-test-e42daae1-319e-4d66-892f-ff458cefa185,"{<resource_manager.instance.CloudReservedInstance object at 0x1319fe2c0>: [(3, 51389.832, None)], <resource_manager.instance.CloudOnDemandInstance object at 0x1319fe780>: [(2, 51389.832, 59920.368)]}",331.8539601540227,145163.1191488609,51389.832,17485.57994950498,3,64.87592972849646,51389.832,59928.56201810727,False,64.9133197267044,,
lamf-test-64767f79-cec9-4cb3-b8c5-46b3e86d20f8,"{<resource_manager.instance.OnPremInstance object at 0x1319d7770>: [(4, 52079.832, 54580.368), (1, 54580.368, None), (9, 121053.04799999998, None)]}",283.87618715962776,145049.20315768273,52079.832,17486.64631679398,2,143.98284563169466,52079.832,123787.77300000002,True,163.55641097615387,205.666644190554,42.11023321440013
lamf-test-4f40bb80-4246-4e5c-807f-5b2f111e8553,"{<resource_manager.instance.OnPremInstance object at 0x1319d7770>: [(4, 52109.832, 55600.368), (1, 55600.368, None)]}",300.28901978300945,145052.94421737012,52109.832,17487.81239952898,3,65.01526808122287,52109.832,92325.261,True,77.09641341546885,97.65507562266885,20.558662207199998
lamf-test-428fc4b3-a829-4902-849a-b2c3bb41b1dd,"{<resource_manager.instance.OnPremInstance object at 0x1319d7770>: [(6, 52139.832, None)]}",111.95659614535904,49142.99436381521,52139.832,18030.306100085978,3,,52139.832,52155.231999999996,False,0.14054300707272807,,
lamf-test-9638132b-b89e-4ce9-a020-504ebe7f7390,"{<resource_manager.instance.OnPremInstance object at 0x1319d7770>: [(3, 53159.832, None)]}",103.1682902438305,48997.46019282952,53159.832,18034.322196830977,2,,53159.832,53175.231999999996,False,0.049677043187284775,,
lamf-test-6ebb2b55-7f25-4fcc-998e-d62668ae8460,"{<resource_manager.instance.OnPremInstance object at 0x1319d7770>: [(6, 53309.832, None)]}",60.69367071554156,32373.455772202964,53309.832,18039.500692583977,2,,53309.832,53325.231999999996,False,0.06655648787942382,,
lamf-test-5704a2cc-027b-4370-a7eb-9804c4d8380a,"{<resource_manager.instance.OnPremInstance object at 0x1319d7770>: [(5, 53339.832, 58810.368), (1, 58810.368, None), (3, 61820.904, None), (6, 73031.976, None)]}",328.518781280289,145540.51661704952,53339.832,18041.45028686998,3,114.39273556924476,53339.832,74679.33300000001,True,139.44950034223157,176.63534395663163,37.18584361440006
lamf-test-4bdc3b38-4b50-41c5-90d1-8319dfa6ef3f,"{<resource_manager.instance.OnPremInstance object at 0x1319d7770>: [(5, 53369.832, None)]}",321.16833722466623,145890.9048601759,53369.832,18048.727041647977,2,,53369.832,68264.602,True,59.60586451436761,89.8124580743676,30.20659355999999
lamf-test-cbaeac35-da39-4580-bb48-6f69d435e1ef,"{<resource_manager.instance.OnPremInstance object at 0x1319d7770>: [(6, 53819.832, None)]}",59.97502759856391,32324.700441554574,53819.832,18049.849501622975,2,,53819.832,53835.231999999996,False,0.06655648787942382,,
lamf-test-faec5c90-186b-4555-954c-a8baf4f027a2,"{<resource_manager.instance.OnPremInstance object at 0x1319d7770>: [(4, 53909.832, None)]}",104.23072108364673,49267.99794312513,53909.832,18050.849501622975,3,,53909.832,53925.231999999996,False,0.09369533804848537,,
lamf-test-0967a8c1-fdb4-4be1-a916-cc022480b089,"{<resource_manager.instance.OnPremInstance object at 0x1319d7770>: [(2, 53939.832, None)]}",89.68473907463206,49046.328784973,53939.832,18055.969447752974,1,,53939.832,53955.231999999996,False,0.08315461251803077,,
lamf-test-d392fb46-3ada-4299-920d-04b5ae462e49,"{<resource_manager.instance.OnPremInstance object at 0x1319d7770>: [(4, 53969.832, None)]}",53.88118833696197,32182.037662663835,53969.832,18059.376243048973,2,,53969.832,53985.231999999996,False,0.05608928259914327,,
lamf-test-b4f2a445-161d-42de-8bf2-99cedcdf1a1d,"{<resource_manager.instance.CloudOnDemandInstance object at 0x131c09310>: [(1, 53999.832, None)], <resource_manager.instance.CloudOnDemandInstance object at 0x1319d7b60>: [(1, 53999.832, None)]}",317.30210148260704,145831.6354721315,53999.832,18060.376243048973,2,202.0267223317062,54400.368,145847.0354721315,False,274.2750540167675,,
lamf-test-c7f36b6d-6d0e-497a-bed2-ab51e4200e00,"{<resource_manager.instance.OnPremInstance object at 0x1319d7770>: [(6, 54430.368, None)]}",67.30455789142538,32160.592481946107,54430.368,18061.376243048973,2,,54430.368,54445.768,False,0.06655648787942382,,
lamf-test-902ad2da-a958-4f6f-a105-0cf09133c223,"{<resource_manager.instance.OnPremInstance object at 0x1319d7770>: [(4, 54580.368, 57580.368), (2, 57580.368, None)]}",319.6161610919672,145728.62220698682,54580.368,18066.575279522975,3,18.252338580880675,54580.368,67999.11099999999,True,49.946742718077374,63.26562703967736,13.318884321599988
lamf-test-5c066d18-4f49-4722-a66a-a3c4e7ab30cb,"{<resource_manager.instance.OnPremInstance object at 0x1319d7770>: [(3, 54910.368, None)]}",105.95282638563052,49206.66496707552,54910.368,18068.610430412973,3,,54910.368,54925.768,False,0.07027150353636404,,
lamf-test-03f57a47-31b2-463e-9964-32e1833cfbcd,"{<resource_manager.instance.OnPremInstance object at 0x1319d7770>: [(6, 55180.368, None)]}",98.51981663568804,49241.10869553192,55180.368,18076.675748987975,1,,55180.368,55195.768,False,0.24243668720045594,,
lamf-test-b284ea68-a93a-41ac-9d3b-a2d0c0674e21,"{<resource_manager.instance.OnPremInstance object at 0x1319d7770>: [(2, 55210.368, None), (4, 69341.976, None)]}",312.0323931368153,145699.4881634419,55210.368,18077.675748987975,1,76.30573944786673,55210.368,70443.41599999998,True,93.89661327857608,108.04063807217605,14.144024793599964
lamf-test-274e2f12-b4e9-499b-9b88-36da25e54e24,"{<resource_manager.instance.OnPremInstance object at 0x1319d7770>: [(5, 55240.368, 62690.904), (1, 62690.904, None)]}",331.60036141298406,145825.6711279837,55240.368,18078.675748987975,1,158.1353885466575,55240.368,101896.21399999999,True,208.34582082287625,239.35718156687625,31.011360743999994
lamf-test-f483d0b8-ba08-4711-99f9-47af2ee222a5,"{<resource_manager.instance.OnPremInstance object at 0x1319d7770>: [(3, 55300.368, 57310.368), (1, 57310.368, None)]}",312.7927875459608,146052.53923334248,55300.368,18085.020287719974,2,129.30683579251448,55300.368,146067.9392333425,False,186.5761688023654,,
lamf-test-10d63afb-c09f-4af6-a622-71a25fae2fdf,"{<resource_manager.instance.OnPremInstance object at 0x1319d7770>: [(4, 55330.368, 58330.368), (1, 58330.368, None), (7, 90093.04799999998, None)]}",310.7244065884292,145440.1135207192,55330.368,18089.276663818975,2,88.1255598620131,55330.368,95218.18,True,109.41204487006918,143.7922161916692,34.38017132160003
lamf-test-5168b562-8a76-449b-98c0-cc2731c9ca3c,"{<resource_manager.instance.OnPremInstance object at 0x1319d7770>: [(2, 55360.368, None), (4, 63020.904, None)]}",309.5107801118846,145917.33196798916,55360.368,18090.276663818975,1,65.17782158339038,55360.368,67593.9322342997,True,114.39911667829776,131.7422649924895,17.34314831419175
lamf-test-ff254f04-4cb3-4cab-aa4a-5f045128d210,"{<resource_manager.instance.OnPremInstance object at 0x1319d7770>: [(3, 55390.368, None)]}",110.15545315677929,49212.30386723428,55390.368,18091.276663818975,3,,55390.368,55405.768,False,0.07027150353636404,,
lamf-test-bc23b10d-c69c-4408-9782-8739fbb3209f,"{<resource_manager.instance.OnPremInstance object at 0x1319d7770>: [(3, 55450.368, 58930.368), (1, 58930.368, None), (3, 82762.51199999999, None), (6, 84682.51199999999, None)]}",310.0193593332558,145735.27186224543,55450.368,18092.734257048975,1,115.58516449920143,55450.368,87685.045,True,195.2782222982739,224.47228575267394,29.194063454400037
lamf-test-8ac2f925-7afc-41fe-bb28-31766fc5fb67,"{<resource_manager.instance.OnPremInstance object at 0x1319d7770>: [(2, 55480.368, None)]}",78.91788247204538,32140.326516739562,55480.368,18093.734257048975,1,,55480.368,55495.768,False,0.08315461251803077,,
lamf-test-8af4e2ac-cf32-4cee-877b-e9f4b759f7f3,"{<resource_manager.instance.OnPremInstance object at 0x1319d7770>: [(4, 56230.368, 58240.368), (2, 58240.368, None)]}",289.77114078776196,146013.7420614211,56230.368,18638.979230416975,3,12.229066849190051,56230.368,62716.185,True,25.8447547342003,32.736561484600294,6.891806750399996
lamf-test-068fc1f2-6deb-41a2-ae15-564e581e4490,"{<resource_manager.instance.OnPremInstance object at 0x1319d7770>: [(3, 56290.368, 58780.368), (2, 58780.368, None), (4, 64751.976, None)]}",318.6864958169501,146008.86485915817,56290.368,18646.325475790974,1,95.7285092402463,56290.368,68793.40699999999,True,116.6731065480263,134.38233343922627,17.709226891199975
lamf-test-f3dda1e4-5862-4683-8e1d-465d2dca42c3,"{<resource_manager.instance.OnPremInstance object at 0x1319d7770>: [(4, 57070.368, 58570.368), (1, 58570.368, None)]}",305.16980399325007,146222.41647757392,57070.368,18653.293176400974,1,99.7170376454483,57070.368,121073.529,True,191.73450125484825,219.51938335644826,27.784882101599994
lamf-test-9a44ea70-cb8b-427c-9af4-a87498aeb7c6,"{<resource_manager.instance.OnPremInstance object at 0x1319d7770>: [(2, 57310.368, None)]}",116.40460154918469,50026.15368149643,57310.368,18660.266413750975,3,,57310.368,57325.768,False,0.046847669024242686,,
lamf-test-9bda5a96-e4e1-4b91-bbbb-1dacf1ed28b2,"{<resource_manager.instance.OnPremInstance object at 0x1319d7770>: [(6, 57580.368, 61550.904), (2, 61550.904, None), (4, 82912.51199999999, None)]}",334.4551264679061,146458.93313273758,57580.368,18663.351221578974,3,126.13344284736476,57580.368,88313.40800000001,True,150.5084919005249,190.64334522532494,40.13485332480004
lamf-test-e68a5a0e-948d-450e-bd18-14ba76978e62,"{<resource_manager.instance.CloudReservedInstance object at 0x131c144d0>: [(2, 57610.368, None)]}",61.643354936762066,32796.87688838372,57610.368,18672.969151612975,2,,57610.368,57625.768,False,0.04186443429931751,,
lamf-test-72ac3048-5fdb-4c21-afcd-eed6fe82e6d1,"{<resource_manager.instance.CloudReservedInstance object at 0x131c144d0>: [(3, 57670.368, None)]}",305.99164294117367,146504.75412937702,57670.368,18674.461542580975,1,,57670.368,62662.74977909096,True,39.86615611868209,56.22718968511899,16.36103356643689
lamf-test-947624f9-c308-44e1-a082-5eef08d3ec8d,"{<resource_manager.instance.OnPremInstance object at 0x1319d7770>: [(4, 59110.368, None)]}",93.19634223972996,49967.18048614652,59110.368,18675.741047014973,2,,59110.368,59125.768,False,0.05608928259914327,,
lamf-test-fd42a6f7-5546-4968-b0ee-4f887fda9461,"{<resource_manager.instance.OnPremInstance object at 0x1319d7770>: [(5, 59230.368, None), (7, 80711.976, None)]}",313.44017426263486,146248.2528648574,59230.368,18684.369179392972,1,282.63124070271493,59230.368,83716.835,True,377.2400798539815,435.4300306027815,58.18995074880004
lamf-test-1e1b6610-69b2-4869-80ff-74a807042404,"{<resource_manager.instance.OnPremInstance object at 0x1319d7770>: [(5, 59590.368, 65051.976), (1, 65051.976, None)]}",310.82543279392,146646.95728963363,59590.368,18691.87309135097,3,41.53629933835273,59590.368,78441.40999999999,True,61.902006236215655,78.40890169061565,16.506895454399995
lamf-test-aba1aa4f-f6ce-4af2-b868-ea5768a9b8b8,"{<resource_manager.instance.OnPremInstance object at 0x1319d7770>: [(5, 59710.368, None)]}",55.6474329845016,33375.92833460252,59710.368,19235.96388412097,3,,59710.368,59725.768,False,0.11711917256060674,,
lamf-test-b37b6ec3-b4f6-4505-b5ff-6313155b88e1,"{<resource_manager.instance.OnPremInstance object at 0x1319d7770>: [(5, 59830.368, None)]}",92.20096869554938,50562.08926523663,59830.368,19238.17557760647,2,,59830.368,59845.768,False,0.06162769304399561,,
lamf-test-aa0c06ad-8e28-471d-8a21-4c2106849993,"{<resource_manager.instance.OnPremInstance object at 0x1319d7770>: [(4, 59860.368, 62840.904), (1, 62840.904, None), (3, 68801.976, None), (8, 70181.976, None)]}",297.7430444733612,147275.4522769097,59860.368,19239.17557760647,1,242.99978462240472,59860.368,79845.6654424858,True,369.6534082832595,426.18086194732643,56.5274536640669
lamf-test-ea317cde-8e65-4009-bbcb-6720d6ab3fc4,"{<resource_manager.instance.CloudReservedInstance object at 0x1319fe2c0>: [(3, 59920.368, None)], <resource_manager.instance.CloudOnDemandInstance object at 0x1319fe780>: [(2, 59920.368, 79811.976)]}",322.00845242777757,147071.4508245198,59920.368,19240.55350752847,2,118.24072635746788,59920.368,79820.20470891696,False,118.26727037878243,,
lamf-test-d2030552-fada-4868-9884-3081a3d5e562,"{<resource_manager.instance.CloudReservedInstance object at 0x131c09450>: [(2, 60070.368, None)], <resource_manager.instance.CloudOnDemandInstance object at 0x1319fe780>: [(1, 60070.368, None)], <resource_manager.instance.CloudOnDemandInstance object at 0x131c09810>: [(1, 60070.368, 101253.04799999998)]}",335.70235460840024,146875.94356286584,60070.368,19242.54409642747,3,156.60004563084635,60070.368,101261.36291440624,False,156.62534006968204,,
lamf-test-8b57f8ca-98cc-4c1b-8aa2-5b91c1f45b09,"{<resource_manager.instance.CloudOnDemandInstance object at 0x131c09810>: [(1, 60100.368, None)], <resource_manager.instance.CloudOnDemandInstance object at 0x1319d7b60>: [(1, 60100.368, None)], <resource_manager.instance.CloudReservedInstance object at 0x131c09450>: [(1, 106263.04799999998, None)], <resource_manager.instance.CloudOnDemandInstance object at 0x1319fe780>: [(1, 106263.04799999998, None)]}",306.9047417051023,147224.67342660154,60100.368,19248.10958969947,2,148.8462450850309,60500.904,147240.07342660154,False,426.1735142245899,,
lamf-test-a13d6194-2358-4887-a070-b00cd35c865e,"{<resource_manager.instance.OnPremInstance object at 0x1319d7770>: [(3, 60530.904, 65501.976), (2, 65501.976, None)]}",302.61921821621866,147151.86872883214,60530.904,19249.10958969947,2,16.035594703324378,60530.904,75920.483,True,44.35799092401555,58.85828421201555,14.500293287999995
lamf-test-ca1797e6-b093-4c70-86e8-71ffe0d25cca,"{<resource_manager.instance.OnPremInstance object at 0x1319d7770>: [(4, 61040.904, None)]}",87.62355008897632,50356.345722498474,61040.904,19252.58760435347,3,,61040.904,61056.304,False,0.09369533804848537,,
lamf-test-7bd8b2d3-250f-4731-829c-d7a0653ffcb3,"{<resource_manager.instance.OnPremInstance object at 0x1319d7770>: [(4, 61070.904, 63080.904), (2, 63080.904, None)]}",301.8009690341694,147178.74908662448,61070.904,19253.58760435347,3,12.229066849190051,61070.904,69042.348,True,30.364115902349972,38.46106327514997,8.096947372799995
lamf-test-d11d15e3-c05e-424a-bab1-f5785ed94bc2,"{<resource_manager.instance.OnPremInstance object at 0x1319d7770>: [(4, 61100.904, None)]}",65.13660288894543,33386.1182499143,61100.904,19254.58760435347,1,,61100.904,61116.304,False,0.16279564985924336,,
lamf-test-a7dc0f00-a53e-4f14-ba21-5c93f2b6c280,"{<resource_manager.instance.OnPremInstance object at 0x1319d7770>: [(4, 61160.904, 66131.976), (2, 66131.976, None), (4, 88492.51199999999, None)]}",278.74097160023985,146877.09923391917,61160.904,19256.71196891347,2,94.60605431365047,61160.904,93077.58300000001,True,108.05583111637567,145.4179939179757,37.36216280160004
lamf-test-88d97e0c-88fe-4c62-bc84-030e5f7776f1,"{<resource_manager.instance.OnPremInstance object at 0x1319d7770>: [(3, 61550.904, 66521.976), (2, 66521.976, None)]}",304.4592028444548,146446.23992145454,61550.904,19261.47082250947,1,39.69598904859679,61550.904,76445.274,True,93.27832671686059,107.3769064640606,14.098579747199999
lamf-test-2586faa0-8afe-4587-9352-3a45415e951c,"{<resource_manager.instance.OnPremInstance object at 0x1319d7770>: [(3, 61760.904, None)]}",52.1878736324701,33446.14120803671,61760.904,19262.47082250947,2,,61760.904,61776.304,False,0.049677043187284775,,
lamf-test-096a164d-3416-42b7-999a-d92269a9a7ca,"{<resource_manager.instance.OnPremInstance object at 0x1319d7770>: [(6, 61790.904, 66761.976), (1, 66761.976, None)]}",310.89137174012484,147440.6071895482,61790.904,19265.56898525147,3,99.79086470454017,61790.904,122370.30200000001,True,129.94867746596694,164.6010153107669,34.65233784479999
lamf-test-debb5ae3-8ca9-424a-a1fe-ae626817d5d4,"{<resource_manager.instance.OnPremInstance object at 0x1319d7770>: [(4, 61880.904, None)]}",50.08229655297103,33492.42113502436,61880.904,19266.56898525147,3,,61880.904,61896.304,False,0.09369533804848537,,
lamf-test-9f4c8a2a-2fe4-4712-9592-1f90f46792d9,"{<resource_manager.instance.OnPremInstance object at 0x1319d7770>: [(5, 62000.904, 64991.976), (2, 64991.976, None)]}",322.9477688777042,146700.7099333155,62000.904,19271.20561400547,1,39.35321743098334,62000.904,76902.974,True,103.66843972925696,119.39653532285696,15.728095593599999
lamf-test-81195703-aa5f-481d-abd3-346d6a96d7d8,"{<resource_manager.instance.OnPremInstance object at 0x1319d7770>: [(2, 62060.904, None)]}",57.90728747613712,33475.171059704786,62060.904,19272.20561400547,2,,62060.904,62076.304,False,0.04186443429931751,,
lamf-test-292ff255-562b-496c-972f-f8340f6cddab,"{<resource_manager.instance.OnPremInstance object at 0x1319d7770>: [(2, 62090.904, None)]}",321.5271161172489,147017.73199963343,62090.904,19273.20561400547,1,119.23295824777543,62090.904,94587.98899999999,True,175.47289033386562,201.8345256858656,26.361635351999986
lamf-test-3943f80b-7a33-4e35-a8a4-f3b6aa99c52d,"{<resource_manager.instance.OnPremInstance object at 0x1319d7770>: [(3, 62120.904, None)]}",31.751233670300554,33365.791221614825,62120.904,19274.20561400547,1,,62120.904,62136.304,False,0.12297513118863707,,
lamf-test-03badbdc-4aa8-4cd2-98f8-bfe0e4080cef,"{<resource_manager.instance.OnPremInstance object at 0x1319d7770>: [(2, 62150.904, None)]}",46.039696363479905,33300.20644865431,62150.904,19275.98559603447,2,,62150.904,62166.304,False,0.04186443429931751,,
lamf-test-e0a17229-9bf9-416c-a5a2-49e15e4b17e7,"{<resource_manager.instance.OnPremInstance object at 0x1319d7770>: [(2, 62180.904, None)]}",300.8789137634496,147504.81466627843,62180.904,19276.98559603447,3,7.638822724161533,62180.904,82235.064,True,61.00588637919232,77.27382097119232,16.267934591999996
lamf-test-0b1411aa-7440-4517-bbd4-2bffa1461af4,"{<resource_manager.instance.OnPremInstance object at 0x1319d7770>: [(2, 62210.904, None)]}",54.09958144079154,33585.09351752771,62210.904,19280.640332717467,1,,62210.904,62226.304,False,0.08315461251803077,,
lamf-test-8a7888d4-6626-4d18-8e7e-6823cdaffb96,"{<resource_manager.instance.OnPremInstance object at 0x1319d7770>: [(6, 62360.904, None)]}",94.8282048828368,50586.499739168925,62360.904,19281.640332717467,3,,62360.904,62376.304,False,0.14054300707272807,,
lamf-test-8f5d07e8-2d0c-4ca5-874d-d1e790990809,"{<resource_manager.instance.OnPremInstance object at 0x1319d7770>: [(6, 62480.904, 64511.976), (1, 64511.976, None)]}",302.97405507839164,147101.95032838735,62480.904,19284.154977132468,1,260.8336299338352,62480.904,147117.35032838737,False,264.4178838048774,,
lamf-test-fd11e4ea-cdef-4f38-a062-f8e8f6529d33,"{<resource_manager.instance.OnPremInstance object at 0x1319d7770>: [(6, 62690.904, 66671.976), (2, 66671.976, None)]}",323.9849795842166,147228.99261562413,62690.904,19287.46332091247,1,116.2911174994295,62690.904,92471.94399999999,True,201.9833928055364,232.60066366633637,30.617270860799977
lamf-test-8c42c6bf-e604-4e96-bc18-75bc6db194f5,"{<resource_manager.instance.OnPremInstance object at 0x1319d7770>: [(2, 62720.904, None)]}",304.5244415439068,146740.53612301013,62720.904,19289.33543688647,2,,62720.904,68694.212,True,16.23825716335598,21.083804612955976,4.845547449599998
lamf-test-2ee801ff-df94-45c9-b634-a465808c37ee,"{<resource_manager.instance.OnPremInstance object at 0x1319d7770>: [(4, 62840.904, None)]}",44.045311418522864,33389.39051843148,62840.904,19290.33543688647,3,,62840.904,62856.304,False,0.09369533804848537,,
lamf-test-c4cd6d33-84be-4a0d-a794-48962ad9461f,"{<resource_manager.instance.OnPremInstance object at 0x1319d7770>: [(4, 62870.904, None)]}",92.44374551049617,50533.403803919864,62870.904,19291.803709285472,1,,62870.904,62886.304,False,0.16279564985924336,,
lamf-test-b19f4d76-0891-41df-b5fe-36ccd74b9a06,"{<resource_manager.instance.OnPremInstance object at 0x1319d7770>: [(3, 62900.904, None)]}",47.2527689810787,33395.57434929197,62900.904,19292.803709285472,3,,62900.904,62916.304,False,0.07027150353636404,,
lamf-test-9953a2a0-1d7c-4068-bf98-538acafc2ac3,"{<resource_manager.instance.OnPremInstance object at 0x1319d7770>: [(6, 63080.904, 67061.976), (2, 67061.976, None), (6, 76001.976, None)]}",299.47595690366575,146691.07506815574,63080.904,19294.928459102473,2,70.02200959580011,63080.904,82699.96023429971,True,88.66466495928398,127.33874902193968,38.674084062655695
lamf-test-783eef72-16ea-4bd4-8850-a7549496bd66,"{<resource_manager.instance.CloudReservedInstance object at 0x131c144d0>: [(3, 63110.904, None)]}",99.85904399571011,50569.750526285156,63110.904,19300.60993141747,2,,63110.904,63126.304,False,0.049677043187284775,,
lamf-test-59f36aea-6cbc-457b-81ba-431f79f73291,"{<resource_manager.instance.CloudReservedInstance object at 0x131c144d0>: [(2, 63200.904, None)]}",94.81833183066266,50596.55381429575,63200.904,19301.60993141747,3,,63200.904,63216.304,False,0.046847669024242686,,
lamf-test-55529a16-b241-4348-bd90-45ddc000d26d,"{<resource_manager.instance.CloudReservedInstance object at 0x131c144d0>: [(3, 63260.904, None)]}",53.211716625419925,33963.109801539365,63260.904,19847.228732769472,2,,63260.904,63276.304,False,0.049677043187284775,,
lamf-test-b86de886-591a-45ec-903b-6a80c96225dd,"{<resource_manager.instance.CloudReservedInstance object at 0x131c144d0>: [(3, 63560.904, None)], <resource_manager.instance.CloudOnDemandInstance object at 0x1319fe780>: [(3, 63560.904, None)]}",41.149547064693905,33834.42606146081,63560.904,19850.73301647647,3,,63560.904,63576.304,False,0.14054300707272807,,
lamf-test-9805f54e-1cae-487c-b904-2cb93c2a7afb,"{<resource_manager.instance.CloudReservedInstance object at 0x131c144d0>: [(3, 63620.904, None)]}",328.01417674151406,147496.8724580806,63620.904,19851.73301647647,3,29.254264202600922,63620.904,74507.46495519493,True,49.67629913390336,85.35373669626816,35.6774375623648
lamf-test-65e3ea29-e28c-4094-b1d4-e102c2738358,"{<resource_manager.instance.CloudOnDemandInstance object at 0x1319fe780>: [(3, 63650.904, None)]}",53.51848203740168,33973.65489978243,63650.904,19853.452300186473,1,,64051.44,64066.84,False,3.3214145562399726,,
lamf-test-720b43f5-e992-4463-8b62-736d9e2ae936,"{<resource_manager.instance.CloudOnDemandInstance object at 0x1319fe780>: [(2, 64081.44, None)]}",92.64800719218381,50956.34734416357,64081.44,19855.223668759474,2,,64481.976,64497.376,False,1.130709437969303,,
lamf-test-ca0b2ac7-3ce2-4e8c-a6e1-096d01ef9a8a,"{<resource_manager.instance.OnPremInstance object at 0x1319d7770>: [(6, 64511.976, 69491.976), (2, 69491.976, None), (10, 85942.51199999999, None)]}",322.6901850057595,147826.05361564638,64511.976,19856.223668759474,1,167.22549669176348,64511.976,87862.656,True,227.68177595254423,262.49150363254427,34.80972768000005
lamf-test-47c1fe4b-c260-4538-9b53-fe9eeae00c5f,"{<resource_manager.instance.OnPremInstance object at 0x1319d7770>: [(2, 64541.976, None)]}",307.40827687661385,147550.33617285703,64541.976,19867.906062386475,3,94.33743098334466,64541.976,105970.523,True,126.02797779298804,159.63481511938804,33.6068373264
lamf-test-18cbb634-7aef-4481-9ee7-fe1e8a16d0ba,"{<resource_manager.instance.OnPremInstance object at 0x1319d7770>: [(5, 65051.976, None)]}",52.226498354671556,33988.94048098568,65051.976,19868.906062386475,3,,65051.976,65067.376,False,0.11711917256060674,,
lamf-test-6a7cd0bb-34c7-4263-9cc7-17fa07eb0a15,"{<resource_manager.instance.OnPremInstance object at 0x1319d7770>: [(4, 65111.976, 69101.976), (1, 69101.976, None)]}",298.21973828332,147469.0562826552,65111.976,19876.303546869476,1,84.07938489618974,65111.976,91438.853,True,105.0326602022967,120.56587351349668,15.53321331119999
lamf-test-9293cd6c-713f-41c3-8b50-410b94532b8e,"{<resource_manager.instance.OnPremInstance object at 0x1319d7770>: [(4, 65141.976, 67631.976), (1, 67631.976, None), (5, 74591.976, None)]}",276.94819521132933,147672.25481100948,65141.976,19880.981353020477,2,31.51362695521666,65141.976,86312.46781086974,True,93.87542374266519,129.26116461359777,35.385740870932594
lamf-test-2ef3ba74-0be9-4758-9e8b-663933377574,"{<resource_manager.instance.OnPremInstance object at 0x1319d7770>: [(4, 65951.976, None)]}",315.97195408362086,147850.04839671595,65951.976,19881.981353020477,3,103.00729180926301,65951.976,85086.48699999998,True,116.41652445052844,147.46035509692842,31.043830646399975
lamf-test-abc545e6-fca4-4495-82db-38cb26110a9d,"{<resource_manager.instance.CloudReservedInstance object at 0x131c144d0>: [(2, 66131.976, None)], <resource_manager.instance.CloudReservedInstance object at 0x1319d7cb0>: [(1, 66131.976, None)], <resource_manager.instance.CloudOnDemandInstance object at 0x1319fe780>: [(2, 66131.976, None)]}",106.90985136127853,51032.54959092269,66131.976,19882.981353020477,1,,66131.976,66147.37599999999,False,0.1963698126599506,,
lamf-test-72359355-373b-4aa6-9d80-111deeae4206,"{<resource_manager.instance.CloudReservedInstance object at 0x131c144d0>: [(1, 66191.976, None)], <resource_manager.instance.CloudOnDemandInstance object at 0x1319fe780>: [(3, 66191.976, None)]}",293.68085416171726,147347.0065460198,66191.976,19884.314585834476,3,430.51834816335827,66191.976,147362.40654601983,False,493.85006036060435,,
lamf-test-aa966776-8b52-45e3-81e8-3d502aee1701,"{<resource_manager.instance.OnPremInstance object at 0x1319d7770>: [(3, 66221.976, None)]}",277.6854198628887,147394.88598700982,66221.976,19885.314585834476,1,99.41820670773444,66221.976,82847.37299999999,True,132.76041409993155,152.99019716953154,20.229783069599996
lamf-test-40afb271-d458-48d9-adbe-b89134d80114,"{<resource_manager.instance.OnPremInstance object at 0x1319d7770>: [(3, 66671.976, None)]}",57.83325208385016,34121.348441065325,66671.976,19891.312611230976,3,,66671.976,66687.37599999999,False,0.07027150353636404,,
lamf-test-f6c3e1ca-41d1-4659-a1c2-f6d7cca0c5e7,"{<resource_manager.instance.OnPremInstance object at 0x1319d7770>: [(2, 66701.976, 69701.976), (1, 69701.976, None)]}",330.89870791023526,147488.8819428446,66701.976,19894.935793746477,2,8.15540927909091,66701.976,81606.34599999999,True,32.30980988124843,39.57182235324842,7.2620124719999986
lamf-test-81297157-09b4-4bfd-81e5-a8bf0f0cf407,"{<resource_manager.instance.OnPremInstance object at 0x1319d7770>: [(6, 66761.976, None)]}",69.1210403049402,34134.970531698214,66761.976,19897.124816787476,3,,66761.976,66777.37599999999,False,0.14054300707272807,,
lamf-test-2744811c-a0e4-4a9d-a448-520fba53466a,"{<resource_manager.instance.OnPremInstance object at 0x1319d7770>: [(2, 66791.976, 68291.976), (1, 68291.976, None)]}",316.8459168651483,147869.4012213269,66791.976,19898.793546384477,2,4.077704639545455,66791.976,83166.973,True,34.259615693544234,41.509714476744236,7.250098783200001
lamf-test-ce4c822f-a3d7-44c8-9dba-10c2ea1d7fc0,"{<resource_manager.instance.OnPremInstance object at 0x1319d7770>: [(6, 66821.976, None)]}",86.88519768848549,51180.769583040325,66821.976,19902.50998190748,2,,66821.976,66837.37599999999,False,0.06655648787942382,,
lamf-test-5471ed7c-c241-4b43-b3db-c6a0ff681a3a,"{<resource_manager.instance.OnPremInstance object at 0x1319d7770>: [(2, 66851.976, None)]}",59.30424416492866,34072.8172466211,66851.976,19904.440157712477,2,,66851.976,66867.37599999999,False,0.04186443429931751,,
lamf-test-dc701733-214d-4503-9e86-a7c5623aa494,"{<resource_manager.instance.OnPremInstance object at 0x1319d7770>: [(2, 66881.976, None)]}",290.04127710324553,148243.43675441123,66881.976,20444.792449221477,2,9.460274763745455,66881.976,82486.955,True,42.42166351220627,55.08042247700628,12.658758964800006
lamf-test-9b9326a1-51bc-46fd-a2cb-1abf1c9c75f6,"{<resource_manager.instance.OnPremInstance object at 0x1319d7770>: [(5, 66911.976, None)]}",57.78982021342063,34706.97728663291,66911.976,20445.792449221477,1,,66911.976,66927.37599999999,False,0.20261616852984965,,
lamf-test-0111158b-0edf-40ea-8c3c-c453441d9f4b,"{<resource_manager.instance.OnPremInstance object at 0x1319d7770>: [(2, 66971.976, None), (10, 84562.51199999999, None)]}",288.9103792556111,148624.90313133557,66971.976,20446.792449221477,3,137.48194387405871,66971.976,89963.15247798518,True,152.08572170632326,192.64116184397275,40.5554401376495
lamf-test-cb995d16-8bd4-4a69-981f-1cf758860367,"{<resource_manager.instance.OnPremInstance object at 0x1319d7770>: [(5, 67061.976, None)]}",320.1908267325743,148389.46962778372,67061.976,20450.500482617477,3,33.99498060689026,67061.976,76213.838,True,69.60120161228997,88.16117774828999,18.559976136000014
lamf-test-b3a0db0a-ecb4-42b0-814b-3c34a8d7aaed,"{<resource_manager.instance.OnPremInstance object at 0x1319d7770>: [(4, 67631.976, None)]}",100.59507953151345,51378.13704193098,67631.976,20451.698951228478,2,,67631.976,67647.37599999999,False,0.05608928259914327,,
lamf-test-692078cb-d4fe-44db-acc1-5eececdc7c24,"{<resource_manager.instance.OnPremInstance object at 0x1319d7770>: [(3, 67661.976, 69161.976), (2, 69161.976, None), (4, 97983.04799999998, None)]}",293.9568407519619,148197.56764768256,67661.976,20452.906683056477,2,83.1878857117734,67661.976,98813.122,True,88.46768010143612,115.69260179423615,27.22492169280004
lamf-test-b3747e60-f13b-4587-ba76-a5026ef56274,"{<resource_manager.instance.OnPremInstance object at 0x1319d7770>: [(2, 67691.976, None)]}",92.20458272811517,51797.9853016118,67691.976,20454.65249335448,3,,67691.976,67707.37599999999,False,0.046847669024242686,,
lamf-test-ef36ad8e-1831-459d-b4cc-a917ad7c30ef,"{<resource_manager.instance.OnPremInstance object at 0x1319d7770>: [(5, 67721.976, None)]}",103.50768504869966,51706.92537447224,67721.976,20459.612168051477,1,,67721.976,67737.37599999999,False,0.20261616852984965,,
lamf-test-a7a41a4b-e265-4559-96d2-89c830b4e4f3,"{<resource_manager.instance.OnPremInstance object at 0x1319d7770>: [(5, 67811.976, None)]}",110.11661546722232,51649.60732474445,67811.976,20462.177720810476,3,,67811.976,67827.37599999999,False,0.11711917256060674,,
lamf-test-c609bf72-d17c-450a-8e65-16fe23e38281,"{<resource_manager.instance.OnPremInstance object at 0x1319d7770>: [(2, 67841.976, None), (6, 73541.976, None)]}",326.56864801291823,148468.67450285523,67841.976,20463.978935237476,3,73.5569244809491,67841.976,85518.97465772966,True,163.07854477426014,206.56535001886135,43.48680524460122
lamf-test-2be5e6dd-c6ce-4cb1-a0eb-f7b6d8f68bd8,"{<resource_manager.instance.OnPremInstance object at 0x1319d7770>: [(2, 67871.976, None)]}",93.23301746575929,51679.02970081319,67871.976,20464.978935237476,1,,67871.976,67887.37599999999,False,0.08315461251803077,,
lamf-test-5ccd4315-8d5b-4044-a8be-038248a6e5e8,"{<resource_manager.instance.OnPremInstance object at 0x1319d7770>: [(6, 67931.976, 71411.976), (1, 71411.976, None)]}",316.3732896893923,148259.95833778384,67931.976,20465.978935237476,1,74.36915354779832,67931.976,98200.525,True,130.16475115978403,149.49911463418402,19.3343634744
lamf-test-16723367-a744-4f94-a768-1e436a8648c3,"{<resource_manager.instance.OnPremInstance object at 0x1319d7770>: [(2, 68051.976, None)]}",100.67432907273152,51556.83935394158,68051.976,20467.832882272476,3,,68051.976,68067.37599999999,False,0.046847669024242686,,
lamf-test-aa81efdb-fc5d-4cd5-94a6-0293c55ec5bf,"{<resource_manager.instance.OnPremInstance object at 0x1319d7770>: [(3, 68291.976, 72761.976), (2, 72761.976, None)]}",315.17534780850235,148079.528611771,68291.976,20468.832882272476,1,62.58498745151723,68291.976,86675.50899999999,True,110.82294037569395,127.54869434529394,16.725753969599996
lamf-test-468c807d-fae3-4ffc-8fac-cef2c72bf30d,"{<resource_manager.instance.OnPremInstance object at 0x1319d7770>: [(6, 68591.976, 70091.976), (1, 70091.976, None)]}",313.1968318342145,148362.18103185348,68591.976,20474.506063004475,2,6.482774793452823,68591.976,77043.629,True,20.58793209360313,27.05792255040313,6.469990456800002
lamf-test-9997ef6b-f372-462c-b591-ebc6c42f345e,"{<resource_manager.instance.OnPremInstance object at 0x1319d7770>: [(6, 68831.976, 72311.976), (1, 72311.976, None)]}",309.99816308035867,148088.93183343625,68831.976,20476.517164208475,3,48.38472279260779,68831.976,110495.332,True,89.83703095292417,113.79312814652417,23.9560971936
lamf-test-b6e7251f-5c74-4bdc-b21f-2dc66654db99,"{<resource_manager.instance.OnPremInstance object at 0x1319d7770>: [(3, 69101.976, 71591.976), (2, 71591.976, None), (4, 78551.976, None)]}",320.3340679876566,148175.8940339547,69101.976,20482.293454115475,3,57.54538900296593,69101.976,84480.69099999999,True,86.64125028519274,109.74515510919272,23.10390482399999
lamf-test-801af7b0-7341-46d2-ba63-e3fe9d27ac0a,"{<resource_manager.instance.OnPremInstance object at 0x1319d7770>: [(6, 69251.976, None)]}",98.05192865733181,51640.29911765657,69251.976,20483.293454115475,1,,69251.976,69267.37599999999,False,0.24243668720045594,,
lamf-test-7741d198-baa3-4b02-8577-d94aba790819,"{<resource_manager.instance.OnPremInstance object at 0x1319d7770>: [(2, 69281.976, None)]}",58.57374457030712,34686.5148321586,69281.976,20484.518333778477,2,,69281.976,69297.37599999999,False,0.04186443429931751,,
lamf-test-46c0ddc9-3e57-4092-abb9-12bad9e5fc70,"{<resource_manager.instance.OnPremInstance object at 0x1319d7770>: [(3, 69311.976, None)]}",59.85312775121128,34652.43261819122,69311.976,20486.000829351477,1,,69311.976,69327.37599999999,False,0.12297513118863707,,
lamf-test-3f74eedf-69e6-447f-8faf-d6b3b1a74541,"{<resource_manager.instance.OnPremInstance object at 0x1319d7770>: [(2, 69341.976, None), (10, 88953.04799999998, None)]}",300.3151945622659,148507.37184931408,69341.976,20490.135310122478,3,59.65798767967141,69341.976,89783.12400000001,True,74.80881587953506,94.7574633931352,19.948647513600132
lamf-test-df1d19ca-065c-450e-a725-063e1023eff0,"{<resource_manager.instance.OnPremInstance object at 0x1319d7770>: [(5, 69431.976, 74891.976), (1, 74891.976, None)]}",308.41567960151576,148224.43842961,69431.976,20493.01472685348,2,75.27652320526944,69431.976,117088.24,True,107.46757600337176,135.65526068177178,28.187684678400004
lamf-test-d878f6cc-ec52-4963-a36e-567d3077f66a,"{<resource_manager.instance.OnPremInstance object at 0x1319d7770>: [(6, 70091.976, 73091.976), (1, 73091.976, None)]}",318.40559881515793,148085.06644938517,70091.976,20494.01472685348,2,64.38350826729922,70091.976,104392.597,True,76.47565039276975,96.47198227036975,19.9963318776
lamf-test-e95a3924-2808-4cd5-8af6-82985caaa091,"{<resource_manager.instance.OnPremInstance object at 0x1319d7770>: [(4, 71411.976, 74411.976), (2, 74411.976, None), (8, 80381.976, None)]}",315.57124577879193,148157.0335946194,71411.976,20498.221132906478,1,347.9033319644075,71411.976,93368.60038743976,True,405.6766322955478,468.06044481100344,62.38381251545567
lamf-test-8433fa81-6093-4f66-8fcd-c8019d82fc62,"{<resource_manager.instance.CloudReservedInstance object at 0x1319d7cb0>: [(2, 71441.976, None)]}",289.2015979209701,148456.02222523023,71441.976,20499.984108112476,1,102.08141151418354,71441.976,130892.69738523975,True,218.53004286409015,304.42444512148455,85.89440225739439
lamf-test-fce34ab6-8bce-4303-a50f-d59fbea8d614,"{<resource_manager.instance.OnPremInstance object at 0x1319d7770>: [(2, 71591.976, None)]}",47.41181351390231,34685.1673659503,71591.976,20501.074549120476,3,,71591.976,71607.37599999999,False,0.046847669024242686,,
lamf-test-ac6005c9-5daa-4585-b9e3-32cefa81cdb6,"{<resource_manager.instance.OnPremInstance object at 0x1319d7770>: [(2, 71621.976, None)]}",56.43144675229202,34653.74461541234,71621.976,20504.809964770477,3,,71621.976,71637.37599999999,False,0.046847669024242686,,
lamf-test-d13deae5-f303-4855-93f8-a16639da1c4e,"{<resource_manager.instance.OnPremInstance object at 0x1319d7770>: [(6, 71651.976, 78611.976), (2, 78611.976, None)]}",299.620254990436,148146.99945175313,71651.976,20505.827586436477,2,38.26412611810015,71651.976,91554.236,True,65.26321747375682,92.69983478575683,27.43661731200001
lamf-test-b395ec81-f5cf-4d31-b896-54e96e62d931,"{<resource_manager.instance.OnPremInstance object at 0x1319d7770>: [(6, 71711.976, None)]}",60.66671241836613,34635.34263503313,71711.976,20506.827586436477,3,,71711.976,71727.37599999999,False,0.14054300707272807,,
lamf-test-218a245a-408e-4403-969e-14eebe33638f,"{<resource_manager.instance.OnPremInstance object at 0x1319d7770>: [(2, 71771.976, None), (8, 83902.51199999999, None)]}",310.9184525812873,148182.75077551237,71771.976,20508.444944882478,3,94.39664156970107,71771.976,91665.5394424858,True,154.97961278402624,196.30674289394867,41.32713010992243
lamf-test-790ebc9f-5e2e-4113-9df6-6e81d9cf4244,"{<resource_manager.instance.OnPremInstance object at 0x1319d7770>: [(3, 71801.976, 73301.976), (1, 73301.976, None)]}",301.00617936440153,148702.24077148674,71801.976,21052.61931941348,1,11.978097193702943,71801.976,77282.375,True,23.178550688265283,26.618200522665283,3.439649834400002
lamf-test-af430514-5203-4847-a3dd-4d540698c45d,"{<resource_manager.instance.OnPremInstance object at 0x1319d7770>: [(2, 72311.976, None)]}",43.871600174569394,35194.84596572408,72311.976,21053.61931941348,3,,72311.976,72327.37599999999,False,0.046847669024242686,,
lamf-test-8293fc83-5d58-4550-955e-87592cc2b6b3,"{<resource_manager.instance.OnPremInstance object at 0x1319d7770>: [(6, 72371.976, 77831.976), (1, 77831.976, None), (5, 83812.51199999999, None)]}",333.7462784146,148844.03457214555,72371.976,21055.56947327748,3,86.03017111567418,72371.976,88078.96899999998,True,97.86185717545054,123.95786833225053,26.096011156799985
lamf-test-f110d8f3-23dd-42e9-8429-8b28407ddd7e,"{<resource_manager.instance.OnPremInstance object at 0x1319d7770>: [(6, 74711.976, None)]}",301.2291020786883,148734.43455113735,74711.976,21059.852503212478,1,,74711.976,84639.256,True,156.2816153319644,180.4406439399644,24.159028608
lamf-test-b7f32954-df1d-496f-a3cc-c6c4fa4f08d9,"{<resource_manager.instance.OnPremInstance object at 0x1319d7770>: [(5, 74741.976, 79211.976), (2, 79211.976, None), (4, 106503.04799999998, None)]}",304.69312328634965,148492.165293418,74741.976,21060.852503212478,1,206.1735578370978,74741.976,111350.51,True,283.5913858088069,326.5918469384069,43.00046112960002
lamf-test-a9c2f748-704b-4cdc-85cd-14af26c3a0f5,"{<resource_manager.instance.OnPremInstance object at 0x1319d7770>: [(4, 74891.976, 79361.976), (1, 79361.976, None), (3, 145333.58399999997, None)]}",318.66785267265954,148641.8413987285,74891.976,21067.59758709748,2,150.13925766222997,74891.976,147522.54600000003,True,161.641855613484,199.2034397670841,37.56158415360009
lamf-test-709c216f-6a83-488b-bc0b-72ed1c83abc3,"{<resource_manager.instance.CloudReservedInstance object at 0x131c144d0>: [(3, 75611.976, None)], <resource_manager.instance.CloudOnDemandInstance object at 0x1319fe780>: [(1, 75611.976, None)]}",66.23572922815853,35123.796453950476,75611.976,21068.59758709748,1,,75611.976,75627.37599999999,False,0.16630922503606155,,
lamf-test-4efeb549-c3cf-448a-a777-1713f6f5a77e,"{<resource_manager.instance.CloudReservedInstance object at 0x131c144d0>: [(3, 75671.976, None)], <resource_manager.instance.CloudOnDemandInstance object at 0x1319fe780>: [(1, 75671.976, None)], <resource_manager.instance.CloudOnDemandInstance object at 0x131c09810>: [(2, 75671.976, None)]}",68.3929603445819,35265.64175762911,75671.976,21069.59758709748,2,,75671.976,75687.37599999999,False,0.11217136573826147,,
lamf-test-a7d1927a-cf2d-4926-967f-138bb5393300,"{<resource_manager.instance.CloudReservedInstance object at 0x131c144d0>: [(3, 75731.976, None)], <resource_manager.instance.CloudOnDemandInstance object at 0x1319fe780>: [(1, 75731.976, None)], <resource_manager.instance.CloudOnDemandInstance object at 0x131c09810>: [(2, 75731.976, 80021.976)]}",312.0843911485237,148636.1359842302,75731.976,21071.01379253148,2,31.247737598527507,75731.976,80031.76038207796,False,31.299152750204108,,
lamf-test-d2d7cb5f-b6d4-4643-85b6-7c5def471a4e,"{<resource_manager.instance.OnPremInstance object at 0x1319d7770>: [(4, 76511.976, 79991.976), (2, 79991.976, None), (6, 105303.04799999998, None)]}",304.94728314192844,149074.68137517953,76511.976,21074.33749828848,1,269.2331060917179,76511.976,113065.08635398863,True,337.5658053394817,388.9303609969041,51.36455565742237
lamf-test-f4699487-e2f2-4f73-9c8b-3bed156050c7,"{<resource_manager.instance.OnPremInstance object at 0x1319d7770>: [(3, 77111.976, 81592.51199999999), (2, 81592.51199999999, None)]}",295.77899706678875,148994.5395568903,77111.976,21080.32474846848,2,14.45323249183558,77111.976,88544.883,True,33.3530428135298,44.4447223735298,11.091679560000003
lamf-test-f16665ee-edca-44bc-8667-81b0b7135bf5,"{<resource_manager.instance.OnPremInstance object at 0x1319d7770>: [(3, 77831.976, 80321.976), (2, 80321.976, None), (6, 95193.04799999998, None)]}",311.6491108609515,148954.50735010745,77831.976,21085.37547422748,2,104.64050735244959,77831.976,106012.23514446404,True,124.62929231614677,174.82863636890374,50.199344052756956
lamf-test-be2bbdb1-c4fd-4c6f-98ba-e30fc22c630e,"{<resource_manager.instance.CloudReservedInstance object at 0x131c09450>: [(1, 77951.976, None)], <resource_manager.instance.CloudReservedInstance object at 0x131c091d0>: [(3, 77951.976, None)]}",51.26544011550611,35156.26429776152,77951.976,21087.57665885448,1,,77951.976,77967.37599999999,False,0.06675792835954583,,
lamf-test-301ed0a6-99cf-4eba-bab7-e5dbbca6ce7c,"{<resource_manager.instance.CloudReservedInstance object at 0x131c091d0>: [(1, 78011.976, None)], <resource_manager.instance.CloudOnDemandInstance object at 0x1319fe780>: [(1, 78011.976, None)], <resource_manager.instance.CloudOnDemandInstance object at 0x131c09810>: [(1, 78011.976, None)], <resource_manager.instance.CloudOnDemandInstance object at 0x131c09310>: [(1, 78011.976, None)]}",322.7128466056759,148739.1849954016,78011.976,21088.57665885448,3,196.4189763480112,78011.976,148754.58499540162,False,233.13659262813928,,
lamf-test-c6c963f9-b511-4173-9da1-afb01f8ea9e8,"{<resource_manager.instance.OnPremInstance object at 0x1319d7770>: [(5, 78911.976, None)]}",55.16582208546895,35343.030819972846,78911.976,21090.86769356548,2,,78911.976,78927.37599999999,False,0.06162769304399561,,
lamf-test-fd3332ce-df25-4a32-8132-74451e729842,"{<resource_manager.instance.CloudReservedInstance object at 0x1319fe2c0>: [(3, 79871.976, None)], <resource_manager.instance.CloudOnDemandInstance object at 0x1319fe780>: [(2, 79871.976, 88402.51199999999)]}",314.3128283614734,148682.2334825137,79871.976,21093.71179091248,1,114.18163632215368,79871.976,88410.70601810726,False,114.24706881901758,,
lamf-test-ad16e952-0cca-41c7-9fd4-aa3d76092c2a,"{<resource_manager.instance.OnPremInstance object at 0x1319d7770>: [(2, 79931.976, None)]}",295.4536471781582,148745.727605972,79931.976,21095.55112630348,1,153.0318740588637,79931.976,120177.805,True,217.31339714046695,249.96081362526695,32.6474164848
lamf-test-991152cd-8fe7-4378-a610-0074b2c690c7,"{<resource_manager.instance.OnPremInstance object at 0x1319d7770>: [(4, 79961.976, None)]}",88.26977600456904,52399.52200894251,79961.976,21097.49357512048,1,,79961.976,79977.37599999999,False,0.16279564985924336,,
lamf-test-ffd1b71e-c754-457f-beb0-15002780a4cd,"{<resource_manager.instance.OnPremInstance object at 0x1319d7770>: [(2, 79991.976, None)]}",333.17802435465063,148640.06808058717,79991.976,21098.76410109748,3,28.81153547798307,79991.976,103850.50799999999,True,72.57900068446267,91.93304184286266,19.354041158399994
lamf-test-2044ce9f-358f-4536-9714-09641c49ba86,"{<resource_manager.instance.OnPremInstance object at 0x1319d7770>: [(3, 80021.976, None)]}",48.79729657189927,35243.27139026638,80021.976,21100.21724828248,2,,80021.976,80037.37599999999,False,0.049677043187284775,,
lamf-test-00d387e4-de4a-4f41-acfd-aaa44673560f,"{<resource_manager.instance.OnPremInstance object at 0x1319d7770>: [(2, 80051.976, None)]}",98.67187509741939,52423.055459527095,80051.976,21101.25326229448,3,,80051.976,80067.37599999999,False,0.046847669024242686,,
lamf-test-be918503-1360-4f36-b485-22f30f9e797e,"{<resource_manager.instance.OnPremInstance object at 0x1319d7770>: [(2, 80081.976, None)]}",285.4277316494616,149353.3733406119,80081.976,21102.25326229448,3,48.98036960985621,80081.976,105123.626,True,76.17811240398511,96.49189888398512,20.313786480000008
lamf-test-7e75828d-051b-4c5f-920b-c422e487e5af,"{<resource_manager.instance.OnPremInstance object at 0x1319d7770>: [(3, 80111.976, None)]}",99.15520505278813,52568.97499163884,80111.976,21107.35258638248,1,,80111.976,80127.37599999999,False,0.12297513118863707,,
lamf-test-163e5afc-c48a-4e5a-9de1-7c84bd3faaf7,"{<resource_manager.instance.CloudReservedInstance object at 0x131c144d0>: [(3, 80141.976, None)], <resource_manager.instance.CloudOnDemandInstance object at 0x1319fe780>: [(1, 80141.976, None)], <resource_manager.instance.CloudOnDemandInstance object at 0x131c09810>: [(2, 80141.976, None)]}",100.39270820446175,52292.96011975444,80141.976,21108.35258638248,2,,80141.976,80157.37599999999,False,0.11217136573826147,,
lamf-test-ca0646aa-2851-4f2a-8895-2a2c8b5e84b5,"{<resource_manager.instance.OnPremInstance object at 0x1319d7770>: [(2, 80171.976, None)]}",94.28001103179955,52236.06607926398,80171.976,21109.92137594448,1,,80171.976,80187.37599999999,False,0.08315461251803077,,
lamf-test-85ef9298-5c31-4c16-9153-df2b312fad0a,"{<resource_manager.instance.OnPremInstance object at 0x1319d7770>: [(3, 80231.976, None)]}",97.20592300310147,52251.497979350475,80231.976,21110.92137594448,3,,80231.976,80247.37599999999,False,0.07027150353636404,,
lamf-test-ead8fa92-dd65-4aea-b802-324a84d102bb,"{<resource_manager.instance.CloudReservedInstance object at 0x131c144d0>: [(3, 80291.976, None)], <resource_manager.instance.CloudOnDemandInstance object at 0x1319fe780>: [(1, 80291.976, None)]}",64.57300483587817,35284.87087410949,80291.976,21111.92137594448,1,,80291.976,80307.37599999999,False,0.16630922503606155,,
lamf-test-b87c5197-7932-482c-81b3-61882a5ae41e,"{<resource_manager.instance.OnPremInstance object at 0x1319d7770>: [(2, 80321.976, None)]}",46.96697712554091,35331.73315767157,80321.976,21114.34948004348,3,,80321.976,80337.37599999999,False,0.046847669024242686,,
lamf-test-a45d60d7-4f78-42c1-a625-3f2365379d5f,"{<resource_manager.instance.CloudReservedInstance object at 0x131c144d0>: [(3, 80471.976, None)], <resource_manager.instance.CloudOnDemandInstance object at 0x1319fe780>: [(1, 80471.976, None)], <resource_manager.instance.CloudOnDemandInstance object at 0x131c09810>: [(1, 80471.976, None)]}",84.78789055156865,52746.73175766274,80471.976,21656.535945191477,3,,80471.976,80487.37599999999,False,0.10540725530454605,,
lamf-test-68ac11d3-bedc-4a83-9d98-64a41fc6b97b,"{<resource_manager.instance.OnPremInstance object at 0x1319d7770>: [(2, 80591.976, None)]}",92.68285924520144,52847.04970548239,80591.976,21662.835181076476,2,,80591.976,80607.37599999999,False,0.04186443429931751,,
lamf-test-a0b5829d-4134-40de-ab3a-fd1ed034a5b9,"{<resource_manager.instance.OnPremInstance object at 0x1319d7770>: [(3, 80621.976, 84592.51199999999), (2, 84592.51199999999, None), (4, 99483.04799999998, None)]}",283.38611537295816,148966.58062106022,80621.976,21663.964950734477,1,112.10999589322373,80621.976,101944.209,True,151.4166967830256,174.31672920062564,22.900032417600038
lamf-test-392c05ba-10be-4e78-a3a0-52bfeef6fc2d,"{<resource_manager.instance.OnPremInstance object at 0x1319d7770>: [(3, 80651.976, 84142.51199999999), (2, 84142.51199999999, None)]}",321.5347583668584,149529.44665774924,80651.976,21664.964950734477,1,92.2400438056125,80651.976,107964.271,True,156.50248452353787,180.07397962913788,23.571495105599997
lamf-test-3db3ef42-5e5e-4b66-b377-23e8be44e0c4,"{<resource_manager.instance.CloudReservedInstance object at 0x131c144d0>: [(3, 80681.976, 85672.51199999999), (1, 85672.51199999999, None)], <resource_manager.instance.CloudReservedInstance object at 0x1319d7cb0>: [(2, 132273.04799999998, None)], <resource_manager.instance.CloudReservedInstance object at 0x131c091d0>: [(2, 138643.58399999997, None)], <resource_manager.instance.CloudOnDemandInstance object at 0x131c09810>: [(2, 138643.58399999997, None)], <resource_manager.instance.CloudOnDemandInstance object at 0x131c09310>: [(2, 138643.58399999997, None)]}",310.51400717904033,149163.05500561898,80681.976,21668.285465217476,2,138.1731421683873,80681.976,149178.455005619,False,241.08705687865685,,
lamf-test-8638fd62-6efe-4c20-99a4-4066fa449bb7,"{<resource_manager.instance.CloudOnDemandInstance object at 0x1319fe780>: [(1, 80711.976, None)], <resource_manager.instance.CloudOnDemandInstance object at 0x131c09810>: [(1, 80711.976, None)]}",298.8839218054394,149401.41239859053,80711.976,21670.601096889477,3,108.3985215605749,81112.51199999999,143334.38554013052,True,142.8756777096293,327.64935929873843,184.77368158910912
lamf-test-8d9e2b15-af68-4d53-96f3-d2ed88fe313d,"{<resource_manager.instance.OnPremInstance object at 0x1319d7770>: [(6, 82762.51199999999, 85762.51199999999), (2, 85762.51199999999, None), (8, 122493.04799999998, None)]}",290.64783908667005,149225.68070839075,82762.51199999999,21671.601096889477,3,139.11487109285875,82762.51199999999,124685.124,True,172.4569655487111,218.44463660791118,45.98767105920006
lamf-test-0c9d7093-d308-489f-9f7c-949564b43da8,"{<resource_manager.instance.OnPremInstance object at 0x1319d7770>: [(3, 82882.51199999999, 86362.51199999999), (2, 86362.51199999999, None), (10, 95313.04799999998, None)]}",341.93839758920444,149192.27250604494,82882.51199999999,21676.118298541478,3,73.2239288158795,82882.51199999999,98964.89154057982,True,109.76225490449164,139.03164658840183,29.269391683910175
lamf-test-61ec6a0a-d66e-4c08-8b27-302f072141f8,"{<resource_manager.instance.OnPremInstance object at 0x1319d7770>: [(5, 83782.51199999999, None)]}",101.82362679709799,52907.3915415427,83782.51199999999,21677.118298541478,1,,83782.51199999999,83797.91199999998,False,0.20261616852984965,,
lamf-test-8add939b-0d3e-460d-9871-cabe0ac805f6,"{<resource_manager.instance.OnPremInstance object at 0x1319d7770>: [(2, 83842.51199999999, 87322.51199999999), (1, 87322.51199999999, None), (5, 106203.04799999998, None)]}",308.8827630823316,149204.0133426425,83842.51199999999,21680.372602829477,1,106.89480812229064,83842.51199999999,109972.60399999999,True,132.12157517681968,151.7760880600197,19.654512883200027
lamf-test-cfddfdef-fe2e-45ad-8560-6fe3d62d6b0a,"{<resource_manager.instance.OnPremInstance object at 0x1319d7770>: [(2, 83872.51199999999, None)]}",315.13941756268656,149789.7080821689,83872.51199999999,21687.030851420477,3,7.57472051106548,83872.51199999999,93519.58299999998,True,29.346934367632507,37.1726383628325,7.825703995199997
lamf-test-17816b27-b52b-478c-9ec4-0160430c532f,"{<resource_manager.instance.OnPremInstance object at 0x1319d7770>: [(3, 85582.51199999999, None)]}",105.18873887331532,52876.60662336728,85582.51199999999,21688.030851420477,1,,85582.51199999999,85597.91199999998,False,0.12297513118863707,,
lamf-test-e53ad4a6-c56e-4dd1-b22c-a4f51924970e,"{<resource_manager.instance.OnPremInstance object at 0x1319d7770>: [(4, 85612.51199999999, None)]}",55.354429897570796,35928.36238650577,85612.51199999999,21696.030939999477,3,,85612.51199999999,85627.91199999998,False,0.09369533804848537,,
lamf-test-ef516eeb-4aa2-4149-84fb-f2df08d8e508,"{<resource_manager.instance.OnPremInstance object at 0x1319d7770>: [(2, 85642.51199999999, None)]}",311.8946764585727,149422.11325553758,85642.51199999999,21697.030939999477,3,64.18902121834357,85642.51199999999,118647.50599999998,True,100.40305422465583,127.17670535745583,26.773651132799994
lamf-test-b3e3f869-98f2-4ec8-bbf6-0c042404572c,"{<resource_manager.instance.OnPremInstance object at 0x1319d7770>: [(4, 85702.51199999999, 89673.04799999998), (2, 89673.04799999998, None)]}",313.64851936596733,149297.03885609587,85702.51199999999,21698.499294991478,2,14.461332193126992,85702.51199999999,103062.92699999998,True,50.86131334062849,68.16498079182848,17.30366745119999
lamf-test-82c4ab04-3ecb-433b-af0f-ca823445bb19,"{<resource_manager.instance.CloudReservedInstance object at 0x131c144d0>: [(2, 85732.51199999999, None)]}",315.22781690787207,149562.33668780807,85732.51199999999,21699.499294991478,2,74.56908260827906,85732.51199999999,132574.74280584467,True,127.33918792243458,229.68009378704403,102.34090586460944
lamf-test-126e2855-07db-43fa-b439-d9b840b19bc8,"{<resource_manager.instance.OnPremInstance object at 0x1319d7770>: [(5, 85762.51199999999, 87772.51199999999), (2, 87772.51199999999, None)]}",318.1127601463231,149457.77913748924,85762.51199999999,21704.029274575976,2,8.04361448171935,85762.51199999999,94236.86499999998,True,25.6167626282257,34.93692578182569,9.32016315359999
lamf-test-48a10b5f-21dc-470f-9659-627dfd23c08d,"{<resource_manager.instance.OnPremInstance object at 0x1319d7770>: [(3, 85792.51199999999, None)]}",92.04085175874731,53006.663959142556,85792.51199999999,21705.029274575976,1,,85792.51199999999,85807.91199999998,False,0.12297513118863707,,
lamf-test-e15b5aaf-9b3e-4030-9089-2acfa9cb2d3e,"{<resource_manager.instance.OnPremInstance object at 0x1319d7770>: [(5, 85882.51199999999, None)]}",97.31114029433286,52878.53582096152,85882.51199999999,21709.957401095977,3,,85882.51199999999,85897.91199999998,False,0.11711917256060674,,
lamf-test-66cd8497-ae77-462b-b793-0f387087c6da,"{<resource_manager.instance.OnPremInstance object at 0x1319d7770>: [(6, 87322.51199999999, 92313.04799999998), (2, 92313.04799999998, None)]}",301.4980639885899,149608.40557229432,87322.51199999999,21712.718820425976,2,21.568347324412553,87322.51199999999,106706.86299999998,True,60.697498128585195,84.51872926618518,23.821231137599984
lamf-test-001a4b71-83f9-4df6-aec9-864db3283caa,"{<resource_manager.instance.OnPremInstance object at 0x1319d7770>: [(2, 87742.51199999999, None)]}",48.99000092192328,35724.74601936163,87742.51199999999,21713.808360224975,3,,87742.51199999999,87757.91199999998,False,0.046847669024242686,,
lamf-test-48b882cf-9036-46be-bc48-393458a804a5,"{<resource_manager.instance.OnPremInstance object at 0x1319d7770>: [(3, 87772.51199999999, None), (9, 105873.04799999998, None)]}",302.75177020472233,149101.6370290374,87772.51199999999,21714.808360224975,1,144.53998631074603,87772.51199999999,108877.72499999999,True,239.14309514031513,275.79219123951515,36.649096099200044
lamf-test-41abfa7b-4d2e-4f8d-8223-ac01154402e5,"{<resource_manager.instance.OnPremInstance object at 0x1319d7770>: [(5, 87802.51199999999, 90783.04799999998), (1, 90783.04799999998, None)]}",281.0110578746165,150072.8286419104,87802.51199999999,22260.427861017975,1,61.58511886835491,87802.51199999999,109152.29899999998,True,90.90387215757843,104.39896737117841,13.495095213599987
lamf-test-f7a44344-fc5e-4a49-a1d7-2ef5e757b2cc,"{<resource_manager.instance.OnPremInstance object at 0x1319d7770>: [(5, 87832.51199999999, None)]}",58.088742770112894,36408.73749340158,87832.51199999999,22261.427861017975,1,,87832.51199999999,87847.91199999998,False,0.20261616852984965,,
lamf-test-19bc22b3-fa83-4e8f-80ba-b5e9bf28dfd3,"{<resource_manager.instance.OnPremInstance object at 0x1319d7770>: [(3, 87922.51199999999, None)]}",295.4218339024769,150172.98339480947,87922.51199999999,22266.764427388975,3,131.60180698151947,87922.51199999999,125694.59599999998,True,172.35721651836633,218.31828832956631,45.961071811199986
lamf-test-6849d36d-a755-4e76-b818-c17b557c62c1,"{<resource_manager.instance.OnPremInstance object at 0x1319d7770>: [(3, 87982.51199999999, None)]}",39.636907285102794,36528.42575860405,87982.51199999999,22272.407867395974,2,,87982.51199999999,87997.91199999998,False,0.049677043187284775,,
lamf-test-2655d61c-0fa6-49c7-9b40-d21f2644dd36,"{<resource_manager.instance.OnPremInstance object at 0x1319d7770>: [(4, 88012.51199999999, None)]}",98.54453325124068,53431.94805050212,88012.51199999999,22274.693115751972,3,,88012.51199999999,88027.91199999998,False,0.09369533804848537,,
lamf-test-99025f0c-24c1-4390-aabb-11e1215ca402,"{<resource_manager.instance.OnPremInstance object at 0x1319d7770>: [(4, 88042.51199999999, None)]}",311.1930919467007,149697.02948276507,88042.51199999999,22277.66914098797,1,70.19807620351351,88042.51199999999,97894.96399999999,True,104.15170948361097,120.13632760841098,15.984618124800008
lamf-test-5092ef74-6b46-43b7-99dd-8d0710db91b8,"{<resource_manager.instance.OnPremInstance object at 0x1319d7770>: [(2, 88072.51199999999, None)]}",322.80175063254035,150120.84174851765,88072.51199999999,22279.52269163297,2,4.1063464369336025,88072.51199999999,100195.62799999998,True,32.956324239298475,42.79059593849847,9.834271699199995
lamf-test-6620de74-3135-4711-a32d-634f822e03d2,"{<resource_manager.instance.OnPremInstance object at 0x1319d7770>: [(4, 88102.51199999999, None)]}",98.27879946704434,53424.92636251094,88102.51199999999,22291.05321019697,3,,88102.51199999999,88117.91199999998,False,0.09369533804848537,,
lamf-test-7ebc6423-600b-435f-a9e9-a2b0849ab334,"{<resource_manager.instance.OnPremInstance object at 0x1319d7770>: [(2, 88132.51199999999, None)]}",316.11199289564274,150383.9223989456,88132.51199999999,22293.00608437997,3,23.303782797170864,88132.51199999999,115132.29799999998,True,82.13487261388696,104.03709901708694,21.902226403199993
lamf-test-bd57b50e-03ca-4810-aec9-f7f4669d252f,"{<resource_manager.instance.OnPremInstance object at 0x1319d7770>: [(6, 88162.51199999999, None)]}",70.84381642365693,36295.57276400674,88162.51199999999,22297.38334594997,3,,88162.51199999999,88177.91199999998,False,0.14054300707272807,,
lamf-test-a4fb3475-0825-4c5b-85c8-d701cc8e051a,"{<resource_manager.instance.OnPremInstance object at 0x1319d7770>: [(3, 88222.51199999999, None)]}",101.67173585300391,53327.11989332652,88222.51199999999,22298.38334594997,2,,88222.51199999999,88237.91199999998,False,0.049677043187284775,,
lamf-test-e78e1cc2-6e29-4c61-bc91-985e5bc2f3d3,"{<resource_manager.instance.OnPremInstance object at 0x1319d7770>: [(2, 88252.51199999999, None), (6, 104343.04799999998, None)]}",302.016014841831,150048.92722377102,88252.51199999999,22300.21876444197,2,43.74163553331542,88252.51199999999,105988.99399999998,True,55.32962145386591,73.7230298378659,18.393408383999983
lamf-test-40e901f4-82e9-4267-8389-b0ffba33f220,"{<resource_manager.instance.OnPremInstance object at 0x1319d7770>: [(2, 88282.51199999999, None), (8, 93753.04799999998, None)]}",288.17880631872265,150217.17995184695,88282.51199999999,22301.21876444197,3,135.2818799908738,88282.51199999999,104212.78749328639,True,175.7372681312101,222.59967031917978,46.86240218796968
lamf-test-6b1442b6-bf8d-43ee-9a7c-ebfe1af3d782,"{<resource_manager.instance.OnPremInstance object at 0x1319d7770>: [(6, 88342.51199999999, None)]}",47.933135757937364,36511.798727303474,88342.51199999999,22305.07067976397,3,,88342.51199999999,88357.91199999998,False,0.14054300707272807,,
lamf-test-c274bdfc-8db1-4605-b2d9-a7aecde8c778,"{<resource_manager.instance.OnPremInstance object at 0x1319d7770>: [(6, 88402.51199999999, None)]}",265.46601281858847,150193.81950537916,88402.51199999999,22308.02541531697,1,136.18229158110873,88402.51199999999,100253.11899999999,True,186.5598637919234,215.39950098712342,28.839637195200012
lamf-test-d82e7cf7-6019-488e-8e11-17029d37b11e,"{<resource_manager.instance.CloudReservedInstance object at 0x1319fe2c0>: [(3, 88432.51199999999, None)], <resource_manager.instance.CloudOnDemandInstance object at 0x1319fe780>: [(1, 88432.51199999999, None)]}",58.17814683116276,36804.46233603775,88432.51199999999,22862.01875897797,1,,88432.51199999999,88447.91199999998,False,0.16630922503606155,,
lamf-test-bb0f8113-f05a-4407-a64f-cf580915278f,"{<resource_manager.instance.OnPremInstance object at 0x1319d7770>: [(3, 88462.51199999999, None)]}",55.45396955229691,36932.10822004341,88462.51199999999,22866.35890440697,1,,88462.51199999999,88477.91199999998,False,0.12297513118863707,,
lamf-test-b5a60c8a-d1f9-478b-ae9a-509c17955932,"{<resource_manager.instance.CloudOnDemandInstance object at 0x1319fe780>: [(1, 88522.51199999999, None)], <resource_manager.instance.CloudOnDemandInstance object at 0x131c09810>: [(1, 88522.51199999999, None), (1, 104553.04799999998, None)]}",324.40240962171197,150477.53776490488,88522.51199999999,22867.35890440697,3,62.5839288158795,88923.04799999998,145255.74236402658,True,160.3942394525107,357.129811062198,196.73557160968724
lamf-test-9a7f6ef4-eca1-47fa-bd17-e85ad4733068,"{<resource_manager.instance.CloudReservedInstance object at 0x1319fe2c0>: [(2, 88953.04799999998, None)]}",78.08322369616431,53904.983974732124,88953.04799999998,22869.76074716297,3,,88953.04799999998,88968.44799999997,False,0.046847669024242686,,
lamf-test-1427c66a-6963-488b-ab08-8c64fb5d9b94,"{<resource_manager.instance.CloudReservedInstance object at 0x1319fe2c0>: [(2, 88983.04799999998, None)], <resource_manager.instance.CloudOnDemandInstance object at 0x1319fe3f0>: [(7, 147643.58399999997, None)]}",298.2879652023477,150631.52110038928,88983.04799999998,22871.887753471972,3,178.44866073465658,88983.04799999998,150646.9211003893,False,219.5621049562764,,
lamf-test-2ac6e5ae-946b-4f89-bc34-4a9884f2cfe6,"{<resource_manager.instance.OnPremInstance object at 0x1319d7770>: [(5, 89823.04799999998, None)]}",95.77075929852428,53946.971960408206,89823.04799999998,22872.887753471972,2,,89823.04799999998,89838.44799999997,False,0.06162769304399561,,
lamf-test-9ae48453-c026-4d89-8443-e59c272cd1c1,"{<resource_manager.instance.OnPremInstance object at 0x1319d7770>: [(3, 89853.04799999998, None)]}",49.958054880775016,37045.75080865599,89853.04799999998,22873.887753471972,3,,89853.04799999998,89868.44799999997,False,0.07027150353636404,,
lamf-test-149ce9f5-0d8c-4297-a44f-d357e4f39148,"{<resource_manager.instance.OnPremInstance object at 0x1319d7770>: [(2, 89883.04799999998, None)]}",300.3994249069391,150313.16881129966,89883.04799999998,22874.887753471972,2,53.98880942758182,89883.04799999998,125616.99599999998,True,97.14165703258402,126.12903565018402,28.9873786176
lamf-test-69f48fe6-1e8c-4fc5-9c19-482eb942f9fa,"{<resource_manager.instance.OnPremInstance object at 0x1319d7770>: [(5, 89913.04799999998, None)]}",98.65433601246767,54198.38273074545,89913.04799999998,22876.23992357897,1,,89913.04799999998,89928.44799999997,False,0.20261616852984965,,
lamf-test-40d5168b-a00e-400f-be31-0989d001eb8a,"{<resource_manager.instance.OnPremInstance object at 0x1319d7770>: [(5, 89943.04799999998, 94923.04799999998), (1, 94923.04799999998, None)]}",309.100009518621,150540.03938859497,89943.04799999998,22878.61999601547,1,205.0923896874287,89943.04799999998,150555.439388595,False,222.06544082272535,,
lamf-test-24897bbd-5428-45bb-8605-42c32b3705e5,"{<resource_manager.instance.OnPremInstance object at 0x1319d7770>: [(4, 90003.04799999998, 93483.04799999998), (2, 93483.04799999998, None)]}",286.04299928912167,150685.75080406922,90003.04799999998,22880.93320907597,1,60.92402464065708,90003.04799999998,112348.65299999998,True,138.6552555327401,159.6049863087401,20.949730775999996
lamf-test-9e35d55c-f665-44e0-9363-3dbcea008e08,"{<resource_manager.instance.OnPremInstance object at 0x1319d7770>: [(5, 90063.04799999998, None)]}",86.26069651046296,54163.459236364964,90063.04799999998,22881.93320907597,1,,90063.04799999998,90078.44799999997,False,0.20261616852984965,,
lamf-test-d25e5772-26d6-4d1a-8442-10078b0905a7,"{<resource_manager.instance.OnPremInstance object at 0x1319d7770>: [(3, 90093.04799999998, None)]}",48.70139863364064,36885.90259580278,90093.04799999998,22883.574106034972,2,,90093.04799999998,90108.44799999997,False,0.049677043187284775,,
lamf-test-9b398170-0f91-43dd-888b-ca47a69e7be6,"{<resource_manager.instance.OnPremInstance object at 0x1319d7770>: [(5, 90123.04799999998, None)]}",66.9431854355246,36954.02303226656,90123.04799999998,22884.574106034972,1,,90123.04799999998,90138.44799999997,False,0.20261616852984965,,
lamf-test-5aa93d3d-910f-451f-93e3-8a493339688f,"{<resource_manager.instance.OnPremInstance object at 0x1319d7770>: [(2, 90183.04799999998, None)]}",113.0038570701071,54215.68905215727,90183.04799999998,22886.19264551797,1,,90183.04799999998,90198.44799999997,False,0.08315461251803077,,
lamf-test-69086cac-7446-4f6a-8081-52b2794b57e0,"{<resource_manager.instance.OnPremInstance object at 0x1319d7770>: [(5, 90243.04799999998, 91743.04799999998), (2, 91743.04799999998, None)]}",305.46905892401105,150375.84647147244,90243.04799999998,22891.018165752972,1,220.76431667807438,90243.04799999998,137904.31199999998,True,268.9900177960301,309.4780351528301,40.4880173568
lamf-test-bf71bbb6-9331-40ad-a925-11646e59f2d1,"{<resource_manager.instance.OnPremInstance object at 0x1319d7770>: [(3, 90303.04799999998, 93783.04799999998), (1, 93783.04799999998, None)]}",282.21590282196104,150376.06907335948,90303.04799999998,22893.732574518974,1,133.9858544375998,90303.04799999998,150391.4690733595,False,187.0797459665604,,
lamf-test-4934301a-0ee3-435b-9029-b60facd69218,"{<resource_manager.instance.OnPremInstance object at 0x1319d7770>: [(4, 90783.04799999998, None)]}",52.890558120332045,37175.396166729624,90783.04799999998,22894.732574518974,1,,90783.04799999998,90798.44799999997,False,0.16279564985924336,,
lamf-test-02fe1a43-a736-43c9-9c85-be0376b7fc19,"{<resource_manager.instance.OnPremInstance object at 0x1319d7770>: [(5, 91443.04799999998, None)]}",308.8536180971014,150786.69075944,91443.04799999998,22896.256128901972,1,211.5628564909879,91443.04799999998,110697.35984072297,True,253.32694109400543,292.3746855069917,39.047744412986226
lamf-test-5bc1a782-dd52-49ae-bc07-d0663fcf61e7,"{<resource_manager.instance.OnPremInstance object at 0x1319d7770>: [(2, 91563.04799999998, 94563.04799999998), (1, 94563.04799999998, None)]}",301.43918655680113,150617.46817641373,91563.04799999998,22897.70286404297,3,47.638603696098556,91563.04799999998,129802.64099999997,True,62.72658453114304,79.45336345194303,16.726778920799998
lamf-test-fd191bba-3764-4aa2-81d0-45d1ba51f949,"{<resource_manager.instance.OnPremInstance object at 0x1319d7770>: [(4, 91683.04799999998, None)]}",100.27899055090289,54042.74627561975,91683.04799999998,22900.07826395597,3,,91683.04799999998,91698.44799999997,False,0.09369533804848537,,
lamf-test-d45fbec7-9b0f-4259-abad-f034f5395e54,"{<resource_manager.instance.OnPremInstance object at 0x1319d7770>: [(6, 91713.04799999998, None)]}",280.99105703286153,150626.29883934528,91713.04799999998,22901.359151278968,3,,91713.04799999998,107598.23599999998,True,144.9709148984713,183.6291084152713,38.65819351679999
lamf-test-f8986cb1-d053-4850-bf13-41d00a98cf1e,"{<resource_manager.instance.OnPremInstance object at 0x1319d7770>: [(4, 91743.04799999998, None), (6, 96723.04799999998, None)]}",287.57775868831527,150871.03073004924,91743.04799999998,22903.801968853968,1,294.99429614419347,91743.04799999998,107825.18683167911,True,344.7836364560786,397.89346355736916,53.10982710129054
lamf-test-9887e099-b361-4b4e-9635-a15f075166e7,"{<resource_manager.instance.OnPremInstance object at 0x1319d7770>: [(2, 91773.04799999998, None)]}",35.564787144994426,36965.070433046625,91773.04799999998,22905.06358388297,3,,91773.04799999998,91788.44799999997,False,0.046847669024242686,,
lamf-test-95bfd6d8-e883-4198-903e-cd0ba022b850,"{<resource_manager.instance.OnPremInstance object at 0x1319d7770>: [(3, 91803.04799999998, None)]}",108.5127056419366,54043.77743628129,91803.04799999998,22906.06358388297,3,,91803.04799999998,91818.44799999997,False,0.07027150353636404,,
lamf-test-b58f906b-2d05-4446-a3bc-51167f13e3e6,"{<resource_manager.instance.OnPremInstance object at 0x1319d7770>: [(6, 92313.04799999998, 96303.04799999998), (1, 96303.04799999998, None)]}",316.2032012612325,150433.37842213162,92313.04799999998,22907.06358388297,3,73.42003194159251,92313.04799999998,132536.177,True,91.52502699825084,115.93124812065085,24.406221122400005
lamf-test-95560630-f5ce-4b54-af45-e19485ee5922,"{<resource_manager.instance.OnPremInstance object at 0x1319d7770>: [(2, 92343.04799999998, None)]}",59.57220196896465,36961.885837384856,92343.04799999998,22908.632702625968,3,,92343.04799999998,92358.44799999997,False,0.046847669024242686,,
lamf-test-9f0d95ee-6854-40c8-8565-0f4dd00f352a,"{<resource_manager.instance.OnPremInstance object at 0x1319d7770>: [(6, 93123.04799999998, 95133.04799999998), (2, 95133.04799999998, None)]}",320.55973978326983,150515.17715205302,93123.04799999998,22909.632702625968,2,8.686918223226783,93123.04799999998,100606.98299999998,True,23.56764498727361,32.89963705927361,9.331992071999998
lamf-test-2bdcc975-2bba-4e1b-b91b-cbf27bbd3d9e,"{<resource_manager.instance.OnPremInstance object at 0x1319d7770>: [(3, 93423.04799999998, 95433.04799999998), (1, 95433.04799999998, None)]}",305.14777040330046,150585.3367407897,93423.04799999998,22910.632702625968,2,12.570931209933807,93423.04799999998,125192.22399999997,True,66.8662745911996,81.3823643767996,14.516089785599998
lamf-test-fb68c73b-7616-477a-9624-12fe33c84899,"{<resource_manager.instance.OnPremInstance object at 0x1319d7770>: [(2, 93453.04799999998, None)]}",57.07316459038334,37035.915977220524,93453.04799999998,22911.697981694968,1,,93453.04799999998,93468.44799999997,False,0.08315461251803077,,
lamf-test-46c864e1-45db-4f91-aeb7-6635dbd4c402,"{<resource_manager.instance.OnPremInstance object at 0x1319d7770>: [(3, 93483.04799999998, None)]}",52.404009574895966,37030.894736625734,93483.04799999998,22912.697981694968,2,,93483.04799999998,93498.44799999997,False,0.049677043187284775,,
lamf-test-fcfa61f8-fb72-4399-968e-6a610b0ab0bf,"{<resource_manager.instance.OnPremInstance object at 0x1319d7770>: [(2, 93513.04799999998, None), (8, 103443.04799999998, None)]}",313.1978271806075,150684.24829955839,93513.04799999998,22913.697981694968,3,75.8384668035592,93513.04799999998,109051.76438743973,True,115.51777910776107,146.3219487752167,30.804169667455636
lamf-test-0c976fb6-216b-4050-8a58-4c7808a95db4,"{<resource_manager.instance.OnPremInstance object at 0x1319d7770>: [(4, 93543.04799999998, None)]}",96.91256106343577,54148.56847902711,93543.04799999998,22914.963474400967,2,,93543.04799999998,93558.44799999997,False,0.05608928259914327,,
lamf-test-4074e8ae-38e4-47d8-96f0-2b516c5dbf1c,"{<resource_manager.instance.OnPremInstance object at 0x1319d7770>: [(5, 93663.04799999998, 97653.04799999998), (2, 97653.04799999998, None), (6, 102633.04799999998, None)]}",310.48405344969365,150659.20918414288,93663.04799999998,22915.963474400967,2,29.505154419241258,93663.04799999998,105096.10099999998,True,46.8458347851644,66.9694451595644,20.1236103744
lamf-test-148cba0e-a0fd-4d8a-bdee-4b95ab96aac5,"{<resource_manager.instance.OnPremInstance object at 0x1319d7770>: [(2, 93723.04799999998, None), (4, 100413.04799999998, None)]}",312.0707447319161,150611.26603592298,93723.04799999998,22916.963474400967,2,28.681603788640345,93723.04799999998,111204.72099999999,True,86.82841216660411,118.51795557940413,31.689543412800024
lamf-test-f7210e1f-cff9-45ee-8bc0-a8175fe8ebd6,"{<resource_manager.instance.OnPremInstance object at 0x1319d7770>: [(5, 94923.04799999998, None)]}",326.41616010620436,150657.87355201284,94923.04799999998,22918.518832431968,3,33.99498060689026,94923.04799999998,101503.10922124288,True,50.042293872103556,63.386658028784154,13.344364156680594
lamf-test-7dd29e36-66af-4783-b073-b6c0b522e329,"{<resource_manager.instance.OnPremInstance object at 0x1319d7770>: [(2, 95043.04799999998, None)]}",83.46710826795761,53995.90058924978,95043.04799999998,22919.518832431968,3,,95043.04799999998,95058.44799999997,False,0.046847669024242686,,
lamf-test-0e5529ab-179e-4c81-ab1e-a5b6748ed38f,"{<resource_manager.instance.OnPremInstance object at 0x1319d7770>: [(4, 95073.04799999998, None)]}",90.40968795722229,54190.75407425896,95073.04799999998,22920.634264087967,1,,95073.04799999998,95088.44799999997,False,0.16279564985924336,,
lamf-test-f2ffe8b3-b45a-4a58-abb1-8afdd7e300f5,"{<resource_manager.instance.OnPremInstance object at 0x1319d7770>: [(5, 95133.04799999998, None)]}",93.64754554289101,54263.0827185371,95133.04799999998,22921.634264087967,1,,95133.04799999998,95148.44799999997,False,0.20261616852984965,,
lamf-test-7a3c0981-c912-40bd-abf1-e641ec485e3c,"{<resource_manager.instance.OnPremInstance object at 0x1319d7770>: [(4, 95163.04799999998, 97653.04799999998), (2, 97653.04799999998, None)]}",284.5214240267859,150654.50233535774,95163.04799999998,22924.283390615965,1,77.34884782112708,95163.04799999998,113064.07199999997,True,109.53629203741724,126.07749070621723,16.541198668799993
lamf-test-37c8ef81-42b5-4306-a9c3-b1cac47dcc55,"{<resource_manager.instance.OnPremInstance object at 0x1319d7770>: [(3, 95283.04799999998, None)]}",94.44155216210058,53910.28488811461,95283.04799999998,22925.283390615965,3,,95283.04799999998,95298.44799999997,False,0.07027150353636404,,
lamf-test-428a5c4f-d275-462f-92b2-ce62eba8c360,"{<resource_manager.instance.OnPremInstance object at 0x1319d7770>: [(3, 96303.04799999998, None)]}",317.27331098542436,150534.0425129056,96303.04799999998,22926.283390615965,2,11.225721447520542,96303.04799999998,102773.86499999998,True,20.873445166632322,28.74713529223232,7.873690125599995
lamf-test-839b9375-daf1-448d-ba2a-4e7b8a8c32c7,"{<resource_manager.instance.OnPremInstance object at 0x1319d7770>: [(5, 97923.04799999998, None)]}",301.3962656663327,150516.38138843316,97923.04799999998,22927.299986143964,2,77.67490402496149,97923.04799999998,121025.59722124286,True,92.45174103513598,139.30371085581655,46.85196982068056
lamf-test-5fe98500-df89-4426-8e51-1b37ee4edaf5,"{<resource_manager.instance.CloudReservedInstance object at 0x131c144d0>: [(1, 98343.04799999998, None)], <resource_manager.instance.CloudReservedInstance object at 0x1319d7cb0>: [(1, 98343.04799999998, None)], <resource_manager.instance.CloudOnDemandInstance object at 0x131c09310>: [(2, 98343.04799999998, None)]}",303.76251598622537,151277.91731333977,98343.04799999998,23471.334041794966,3,135.85824017035515,98343.04799999998,143926.24908506224,True,161.77778162873517,325.8855105111546,164.10772888241945
lamf-test-dc2541ca-2f35-4ff7-a081-304448699c5d,"{<resource_manager.instance.OnPremInstance object at 0x1319d7770>: [(4, 98823.04799999998, None), (6, 109773.04799999998, None)]}",302.5926540431739,151045.83102519586,98823.04799999998,23472.334041794966,2,68.0742644126716,98823.04799999998,117688.32198002074,True,102.91899482401419,152.7886260869784,49.86963126296422
lamf-test-555576d3-2284-4491-8498-d0f099444eff,"{<resource_manager.instance.OnPremInstance object at 0x1319d7770>: [(4, 99003.04799999998, None)]}",94.23503159233334,54709.27551262977,99003.04799999998,23474.649639551964,3,,99003.04799999998,99018.44799999997,False,0.09369533804848537,,
lamf-test-eb814bf1-bbb0-4b2f-bc01-f5e613979714,"{<resource_manager.instance.OnPremInstance object at 0x1319d7770>: [(2, 99033.04799999998, None)]}",47.7909014064123,37836.60284493366,99033.04799999998,23475.649639551964,3,,99033.04799999998,99048.44799999997,False,0.046847669024242686,,
lamf-test-dc05c32e-684f-4b3c-9aa4-d42d6979a3fe,"{<resource_manager.instance.OnPremInstance object at 0x1319d7770>: [(2, 99063.04799999998, None)]}",53.18730478197852,37739.59172024454,99063.04799999998,23476.649639551964,1,,99063.04799999998,99078.44799999997,False,0.08315461251803077,,
lamf-test-8a05feee-4197-48d4-a52c-e2d3966c37bb,"{<resource_manager.instance.OnPremInstance object at 0x1319d7770>: [(6, 99093.04799999998, None)]}",95.16517220690687,54737.340443054985,99093.04799999998,23477.649639551964,3,,99093.04799999998,99108.44799999997,False,0.14054300707272807,,
lamf-test-1283a5be-14de-41ee-87aa-766aaeeafbd0,"{<resource_manager.instance.OnPremInstance object at 0x1319d7770>: [(2, 99123.04799999998, None), (10, 119973.04799999998, None)]}",301.49919325008074,151003.2949403968,99123.04799999998,23483.085992234963,1,112.58270590919462,99123.04799999998,121893.11899999998,True,173.03668674423898,199.29557631543895,26.258889571199983
lamf-test-83f17b85-900c-4e31-a217-dd0b4f586b8a,"{<resource_manager.instance.OnPremInstance object at 0x1319d7770>: [(5, 99243.04799999998, 102243.04799999998), (2, 102243.04799999998, None), (6, 108213.04799999998, None)]}",288.7334571232547,151173.30754200983,99243.04799999998,23484.085992234963,2,60.549726279200485,99243.04799999998,114092.75499999998,True,69.62967577792973,99.63501305152971,30.005337273599984
lamf-test-abcbfaf9-4394-4781-ad4d-3fb7fa5ff51e,"{<resource_manager.instance.OnPremInstance object at 0x1319d7770>: [(2, 99273.04799999998, None), (4, 104733.04799999998, None)]}",309.876487988864,151210.2734112922,99273.04799999998,23490.126814524963,2,14.842844887945454,99273.04799999998,105839.44299999997,True,21.880215187160548,29.001890059160523,7.121674871999975
lamf-test-7ba8094d-b37b-4d4a-94ab-43b835082051,"{<resource_manager.instance.OnPremInstance object at 0x1319d7770>: [(5, 100263.04799999998, 103743.04799999998), (1, 103743.04799999998, None)]}",332.19054549183284,151694.75564447363,100263.04799999998,23491.730945013962,1,121.25484827743554,100263.04799999998,151710.15564447365,False,180.760740957147,,
lamf-test-56deb4eb-b644-4e7e-85a7-0b42646d64fc,"{<resource_manager.instance.OnPremInstance object at 0x1319d7770>: [(6, 101583.04799999998, None)]}",306.28440469326864,151103.47088984272,101583.04799999998,23492.730945013962,1,159.63039014373717,101583.04799999998,117370.47299999997,True,248.53578028747415,286.95605776747414,38.420277479999974
lamf-test-f6694ce8-d10c-4d5c-8d02-a0790805227c,"{<resource_manager.instance.CloudReservedInstance object at 0x131c09450>: [(2, 101613.04799999998, None)], <resource_manager.instance.CloudOnDemandInstance object at 0x1319fe780>: [(1, 101613.04799999998, None)], <resource_manager.instance.CloudOnDemandInstance object at 0x131c09810>: [(1, 101613.04799999998, None)]}",59.39258429217821,37676.35484053548,101613.04799999998,23499.599716396962,3,,101613.04799999998,101628.44799999997,False,0.05855958628030336,,
lamf-test-9ffee495-f8cb-44fb-b137-e305b7d85839,"{<resource_manager.instance.OnPremInstance object at 0x1319d7770>: [(6, 102003.04799999998, None)]}",307.10562435897356,151443.11961999687,102003.04799999998,23502.787475002962,3,,102003.04799999998,106978.23799999997,True,45.404426192105745,57.51204857610571,12.10762238399997
lamf-test-82b7898a-b46e-4b11-b960-f79eca48e5a9,"{<resource_manager.instance.OnPremInstance object at 0x1319d7770>: [(6, 104223.04799999998, None)]}",98.3988004891017,54632.04377244774,104223.04799999998,23503.787475002962,3,,104223.04799999998,104238.44799999997,False,0.14054300707272807,,
lamf-test-d810e1eb-4d17-4900-af04-d2b542e8cfec,"{<resource_manager.instance.OnPremInstance object at 0x1319d7770>: [(4, 104253.04799999998, None)]}",84.1782634626678,54659.564779612076,104253.04799999998,23507.29196104496,3,,104253.04799999998,104268.44799999997,False,0.09369533804848537,,
lamf-test-a4b5dddb-c265-42fa-86a6-3769ba731a7d,"{<resource_manager.instance.OnPremInstance object at 0x1319d7770>: [(3, 104283.04799999998, None)]}",52.551032993574616,37553.825995169944,104283.04799999998,23508.36954705296,3,,104283.04799999998,104298.44799999997,False,0.07027150353636404,,
lamf-test-1d000706-26a3-4b4f-ad47-fa83618f238b,"{<resource_manager.instance.OnPremInstance object at 0x1319d7770>: [(6, 104463.04799999998, None)]}",81.70373679543748,37764.49359292912,104463.04799999998,23512.05729528896,3,,104463.04799999998,104478.44799999997,False,0.14054300707272807,,
lamf-test-173e9366-5762-42bc-86c2-633481cf4423,"{<resource_manager.instance.CloudReservedInstance object at 0x131c09450>: [(2, 104493.04799999998, None)], <resource_manager.instance.CloudOnDemandInstance object at 0x1319fe780>: [(1, 104493.04799999998, None)]}",93.84380170129782,54696.087592668264,104493.04799999998,23517.37565042696,2,,104493.04799999998,104508.44799999997,False,0.06249432255097671,,
lamf-test-9ad89462-a613-4c9d-9a32-fabf39e2e806,"{<resource_manager.instance.OnPremInstance object at 0x1319d7770>: [(4, 104523.04799999998, None), (6, 111993.04799999998, None)]}",296.81691444265005,151419.4933172679,104523.04799999998,23518.37565042696,2,27.206944221802505,104523.04799999998,113912.47599999998,True,42.49329006194692,62.39781802994692,19.904527968
lamf-test-5732e2ca-542b-4ef0-9ba8-d02986867ef0,"{<resource_manager.instance.OnPremInstance object at 0x1319d7770>: [(5, 105123.04799999998, None)]}",47.97415618366852,37588.9421033315,105123.04799999998,23520.963638070458,3,,105123.04799999998,105138.44799999997,False,0.11711917256060674,,
lamf-test-73046f72-e863-4f29-945a-1ed957c987ac,"{<resource_manager.instance.CloudReservedInstance object at 0x131c09450>: [(2, 105153.04799999998, None)]}",49.64802637292328,37535.4865283927,105153.04799999998,23521.963638070458,2,,105153.04799999998,105168.44799999997,False,0.031247161275488353,,
lamf-test-db485ebb-20db-4f84-be49-680a38510307,"{<resource_manager.instance.OnPremInstance object at 0x1319d7770>: [(4, 105243.04799999998, None)]}",34.692999599854716,37809.766617305686,105243.04799999998,23522.963638070458,1,,105243.04799999998,105258.44799999997,False,0.16279564985924336,,
lamf-test-9a613963-6b08-48f7-a968-de04ae02d54b,"{<resource_manager.instance.OnPremInstance object at 0x1319d7770>: [(5, 106083.04799999998, None)]}",60.09404415021537,37723.657899262944,106083.04799999998,23523.963638070458,1,,106083.04799999998,106098.44799999997,False,0.20261616852984965,,
lamf-test-f0315257-5d66-421d-9c01-8e16991d06a5,"{<resource_manager.instance.OnPremInstance object at 0x1319d7770>: [(2, 106113.04799999998, None)]}",305.3642818037283,151038.85464702972,106113.04799999998,23524.963638070458,2,39.14596453963636,106113.04799999998,131432.207,True,68.82936808245941,89.36826986325943,20.53890178080001
lamf-test-12a002f4-7e1c-496b-9a4e-a93d4e06b741,"{<resource_manager.instance.OnPremInstance object at 0x1319d7770>: [(4, 106143.04799999998, 108153.04799999998), (2, 108153.04799999998, None)]}",314.11889639051043,151432.294233551,106143.04799999998,23525.963638070458,3,83.32192562172027,106143.04799999998,144918.25,True,124.07088599893532,157.15584186133535,33.084955862400015
lamf-test-806099cf-b277-4bb2-b9dd-8fe5f8178c51,"{<resource_manager.instance.OnPremInstance object at 0x1319d7770>: [(4, 106173.04799999998, None)]}",111.44661170355707,54689.27282492828,106173.04799999998,23527.051912868457,2,,106173.04799999998,106188.44799999997,False,0.05608928259914327,,
lamf-test-2eec3224-ea88-4f7c-9564-fd5b3d3b7737,"{<resource_manager.instance.OnPremInstance object at 0x1319d7770>: [(2, 106203.04799999998, None)]}",37.4151337220024,37789.497088699536,106203.04799999998,23529.411206321456,3,,106203.04799999998,106218.44799999997,False,0.046847669024242686,,
lamf-test-e6e8ad32-a552-476d-b1c5-243e186072d9,"{<resource_manager.instance.OnPremInstance object at 0x1319d7770>: [(5, 106263.04799999998, None)]}",301.57276338943484,151045.3150782828,106263.04799999998,23530.411206321456,3,61.60164271047228,106263.04799999998,116081.93757523151,True,74.67404042308563,94.58674848165516,19.91270805856954
lamf-test-4ba33463-237c-4203-b07d-0e82e6721170,"{<resource_manager.instance.CloudReservedInstance object at 0x131c09450>: [(1, 106503.04799999998, None)], <resource_manager.instance.CloudReservedInstance object at 0x1319fe2c0>: [(2, 106503.04799999998, None)]}",300.31933938422,150751.35293456612,106503.04799999998,23531.507382165455,3,124.15596623317357,106503.04799999998,150766.75293456615,False,168.3158602728959,,
lamf-test-e255d1b1-9398-4d26-ab74-bb5794234e47,"{<resource_manager.instance.OnPremInstance object at 0x1319d7770>: [(2, 106983.04799999998, None)]}",52.18465366625499,37732.38014745976,106983.04799999998,23532.507382165455,3,,106983.04799999998,106998.44799999997,False,0.046847669024242686,,
lamf-test-41484c5d-dab9-4fc2-841b-978aca5bdeb2,"{<resource_manager.instance.OnPremInstance object at 0x1319d7770>: [(2, 107013.04799999998, None)]}",313.1753681024487,151406.45128703734,107013.04799999998,23533.507382165455,3,16.700889801505816,107013.04799999998,115492.40099999997,True,25.794670317134344,32.67312147073434,6.878451153599991
lamf-test-d212c24c-f064-4abc-b718-e3f5047c2ba0,"{<resource_manager.instance.OnPremInstance object at 0x1319d7770>: [(2, 107043.04799999998, None), (4, 111543.04799999998, None)]}",293.3563284527143,150935.00926547791,107043.04799999998,23534.507382165455,1,24.298425735797398,107043.04799999998,112918.22399999999,True,46.261081451061024,53.25810976466104,6.9970283136000155
lamf-test-a0395ef2-51d1-40c3-9888-b0d61a55c626,"{<resource_manager.instance.OnPremInstance object at 0x1319d7770>: [(2, 107073.04799999998, None)]}",92.41754576857483,55240.59470238874,107073.04799999998,24079.495999293456,2,,107073.04799999998,107088.44799999997,False,0.04186443429931751,,
lamf-test-c2ae55a6-cf55-4cbe-aa6e-24e58b9f12f6,"{<resource_manager.instance.OnPremInstance object at 0x1319d7770>: [(6, 107643.04799999998, None)]}",91.82563906844803,55104.92702747746,107643.04799999998,24080.527408110458,1,,107643.04799999998,107658.44799999997,False,0.24243668720045594,,
lamf-test-baf1e374-4927-43ba-aa7b-5acc143a9325,"{<resource_manager.instance.OnPremInstance object at 0x1319d7770>: [(3, 107673.04799999998, None)]}",54.82249465439443,38337.144864487724,107673.04799999998,24083.461803297458,1,,107673.04799999998,107688.44799999997,False,0.12297513118863707,,
lamf-test-65c75674-6d61-48c2-8e2f-0deaa2e53c50,"{<resource_manager.instance.OnPremInstance object at 0x1319d7770>: [(5, 107703.04799999998, 109203.04799999998), (2, 109203.04799999998, None), (8, 113673.04799999998, None)]}",310.9138494061531,151928.74721341263,107703.04799999998,24086.880321051456,3,41.889117043121146,107703.04799999998,116196.91306663312,True,63.394403629677356,80.29926433994136,16.904860710264007
lamf-test-0cd37ffc-60a0-45ac-a12c-e91d25ec64ae,"{<resource_manager.instance.OnPremInstance object at 0x1319d7770>: [(4, 107763.04799999998, None), (6, 123723.04799999998, None)]}",319.43122695892134,151702.75814150402,107763.04799999998,24087.880321051456,2,58.12889287549772,107763.04799999998,125911.08599999998,True,75.55445172916555,110.32263785716555,34.768186128
lamf-test-e33fe393-b630-4b60-808f-c6f040f082e2,"{<resource_manager.instance.OnPremInstance object at 0x1319d7770>: [(2, 107883.04799999998, None), (6, 133203.04799999998, None)]}",327.52562812519227,152173.02281418894,107883.04799999998,24089.432654950957,2,97.97857755060251,107883.04799999998,138738.70969371987,True,107.80448195857078,146.30618102235306,38.50169906378228
lamf-test-c13983c3-88d3-4223-81f1-3d841bb80c73,"{<resource_manager.instance.OnPremInstance object at 0x1319d7770>: [(2, 107913.04799999998, None), (4, 113373.04799999998, None)]}",305.7706698908458,152056.50541717018,107913.04799999998,24091.123537306958,2,49.38107104111708,107913.04799999998,123486.76299999998,True,79.17245371275652,108.2143425367565,29.04188882399999
lamf-test-a0f19f32-a3f4-4c78-acaf-fde1ac3637c6,"{<resource_manager.instance.OnPremInstance object at 0x1319d7770>: [(3, 107943.04799999998, None)]}",107.04597303714239,55400.209361074274,107943.04799999998,24092.976204595958,2,,107943.04799999998,107958.44799999997,False,0.049677043187284775,,
lamf-test-dd64f63e-d0c8-4966-b4ae-6daebbc14d2f,"{<resource_manager.instance.OnPremInstance object at 0x1319d7770>: [(5, 108003.04799999998, None)]}",50.48192034153112,38200.28775195994,108003.04799999998,24097.390311289957,1,,108003.04799999998,108018.44799999997,False,0.20261616852984965,,
lamf-test-e8a77b29-caaa-4f0e-91f9-2b96865ed1ae,"{<resource_manager.instance.OnPremInstance object at 0x1319d7770>: [(3, 108063.04799999998, None)]}",74.9679267745451,38165.156612650506,108063.04799999998,24100.580896828957,1,,108063.04799999998,108078.44799999997,False,0.12297513118863707,,
lamf-test-9b31ccd0-de9d-4a37-a3f7-8fd2b636291f,"{<resource_manager.instance.OnPremInstance object at 0x1319d7770>: [(3, 108123.04799999998, None), (7, 116583.04799999998, None)]}",327.6403585971007,151762.58373605867,108123.04799999998,24101.580896828957,3,151.7681953000228,108123.04799999998,125924.31176357629,True,180.6869535869847,228.86924741205024,48.182293825065514
lamf-test-645d6243-57db-44a7-8643-adaa04af4482,"{<resource_manager.instance.OnPremInstance object at 0x1319d7770>: [(2, 108153.04799999998, None)]}",322.6425482972228,151716.69337462322,108153.04799999998,24102.580896828957,2,9.460274763745455,108153.04799999998,125023.25399999997,True,45.86114485085835,59.546255958058346,13.685111107199992
lamf-test-312a9c71-c247-4c60-8584-abd787ddbb55,"{<resource_manager.instance.OnPremInstance object at 0x1319d7770>: [(2, 108183.04799999998, None), (6, 117633.04799999998, None)]}",292.183210394434,151612.44541621013,108183.04799999998,24103.580896828957,2,39.20695290337416,108183.04799999998,123735.38399999998,True,68.65193510996632,96.11863496276631,27.466699852799987
lamf-test-c6b79105-5602-4776-b975-272c1194b070,"{<resource_manager.instance.OnPremInstance object at 0x1319d7770>: [(6, 108903.04799999998, None)]}",67.523143913155,38341.223890342124,108903.04799999998,24105.064438513957,3,,108903.04799999998,108918.44799999997,False,0.14054300707272807,,
lamf-test-55af92f6-5c1e-4d8c-8aae-c07ea4fdcdce,"{<resource_manager.instance.OnPremInstance object at 0x1319d7770>: [(4, 108963.04799999998, None)]}",70.67215333655905,55406.02629771764,108963.04799999998,24106.064438513957,2,,108963.04799999998,108978.44799999997,False,0.05608928259914327,,
lamf-test-04b92d0c-09b8-4d57-b497-ad0e8c94db20,"{<resource_manager.instance.OnPremInstance object at 0x1319d7770>: [(4, 108993.04799999998, None), (6, 117963.04799999998, None)]}",288.85732232610275,151772.71950153145,108993.04799999998,24109.224027989956,2,32.670186033409436,108993.04799999998,120424.16999999997,True,52.27058888612792,76.80582771812787,24.535238831999955
lamf-test-7f94fa02-84ad-49c5-b83e-515b628c4152,"{<resource_manager.instance.OnPremInstance object at 0x1319d7770>: [(5, 109023.04799999998, None)]}",70.77056876301576,38199.61678768057,109023.04799999998,24111.957754097955,2,,109023.04799999998,109038.44799999997,False,0.06162769304399561,,
lamf-test-dbb0850f-8e0f-49b0-9c09-4303fd5a9eef,"{<resource_manager.instance.OnPremInstance object at 0x1319d7770>: [(5, 109083.04799999998, None)]}",108.07778601288287,55223.877965183536,109083.04799999998,24113.214391103957,1,,109083.04799999998,109098.44799999997,False,0.20261616852984965,,
lamf-test-23584a84-c1ab-462f-856d-dbafc172fc72,"{<resource_manager.instance.OnPremInstance object at 0x1319d7770>: [(3, 109143.04799999998, 110643.04799999998), (2, 110643.04799999998, None)]}",302.5519454321837,151809.82329206707,109143.04799999998,24114.214391103957,2,16.990232863569826,109143.04799999998,131496.353,True,61.52775206996205,80.26915308596206,18.741401016000015
lamf-test-a6c9693f-0d92-4afb-bfe4-52f7d289bf50,"{<resource_manager.instance.OnPremInstance object at 0x1319d7770>: [(2, 109173.04799999998, None)]}",89.94496241994834,55160.57195832371,109173.04799999998,24115.214391103957,3,,109173.04799999998,109188.44799999997,False,0.046847669024242686,,
lamf-test-466a331a-ad26-47a4-b179-e35d1a0c5537,"{<resource_manager.instance.OnPremInstance object at 0x1319d7770>: [(4, 109203.04799999998, None)]}",97.90328572452589,55362.334674732236,109203.04799999998,24118.228187086956,2,,109203.04799999998,109218.44799999997,False,0.05608928259914327,,
lamf-test-77e5d9c6-171e-477d-8afc-4f99278cdf05,"{<resource_manager.instance.OnPremInstance object at 0x1319d7770>: [(4, 109233.04799999998, 111723.04799999998), (1, 111723.04799999998, None), (9, 144463.58399999997, None)]}",322.5604323889228,151799.0927399806,109233.04799999998,24120.351448858957,1,239.23110746064336,109233.04799999998,151814.49273998063,False,311.8810750652756,,
lamf-test-cde41d2e-d3b7-483c-acf5-fce25843f6ec,"{<resource_manager.instance.OnPremInstance object at 0x1319d7770>: [(6, 109263.04799999998, 110763.04799999998), (1, 110763.04799999998, None)]}",306.0420948865999,151907.49395581443,109263.04799999998,24124.473184759958,3,22.769792379648642,109263.04799999998,121704.07299999997,True,30.330861662483827,38.418941402483824,8.088079739999998
lamf-test-45c4a9c4-2171-4eea-b952-821722a13bda,"{<resource_manager.instance.OnPremInstance object at 0x1319d7770>: [(2, 109323.04799999998, None), (6, 126243.04799999998, None)]}",298.1165366351332,151992.85748430574,109323.04799999998,24125.473184759958,1,91.36208076659821,109323.04799999998,128702.14499999999,True,143.35302806297076,165.05781000857078,21.70478194560003
lamf-test-d6fa2a21-a6b8-4090-9263-4f50b3edb3c2,"{<resource_manager.instance.OnPremInstance object at 0x1319d7770>: [(2, 109383.04799999998, None), (8, 143143.58399999997, None)]}",330.4100477007284,151949.6313039126,109383.04799999998,24128.020412513957,3,131.90519735341087,109383.04799999998,146912.947,True,160.03453038253875,202.7096135137388,42.67508313120004
lamf-test-3930d2af-5fdf-4edf-821d-dfe945829644,"{<resource_manager.instance.OnPremInstance object at 0x1319d7770>: [(4, 110643.04799999998, None)]}",97.22721355921198,55263.44161553265,110643.04799999998,24129.020412513957,1,,110643.04799999998,110658.44799999997,False,0.16279564985924336,,
lamf-test-d2f5cd50-cfbe-4991-819e-7c0f2710b47f,"{<resource_manager.instance.OnPremInstance object at 0x1319d7770>: [(5, 110763.04799999998, None)]}",311.4299673200502,151728.87162773267,110763.04799999998,24130.020412513957,3,,110763.04799999998,119204.70099999997,True,64.19996197429455,81.31963425829454,17.119672283999982
lamf-test-a7c97e24-903a-4dca-ba7e-7021d2a7a153,"{<resource_manager.instance.OnPremInstance object at 0x1319d7770>: [(5, 110793.04799999998, None)]}",272.31748586313887,151596.36051904166,110793.04799999998,24132.238813801956,2,18.968523703159065,110793.04799999998,119694.8381769943,True,35.623168348705725,53.67599882765019,18.052830478944465
lamf-test-7979bb4a-71ea-47f3-84d7-1d24a91cba4c,"{<resource_manager.instance.OnPremInstance object at 0x1319d7770>: [(5, 111243.04799999998, None)]}",311.8838093943903,152157.82518342245,111243.04799999998,24133.238813801956,1,284.1889117043121,111243.04799999998,136028.24026549148,True,326.09614890334086,376.3605188177576,50.26436991441675
lamf-test-dc511cd7-1e75-49c2-8aa3-d524b909408f,"{<resource_manager.instance.OnPremInstance object at 0x1319d7770>: [(4, 111273.04799999998, None), (6, 114753.04799999998, None)]}",314.927009218563,151748.02897689198,111273.04799999998,24134.238813801956,2,47.07924882550016,111273.04799999998,120421.54413274571,True,57.81868695459304,86.45605926900971,28.637372314416673
lamf-test-b990cc86-2c21-4994-9a3c-749243831b25,"{<resource_manager.instance.OnPremInstance object at 0x1319d7770>: [(6, 111363.04799999998, 113373.04799999998), (2, 113373.04799999998, None)]}",310.5105298170665,151758.09692238897,111363.04799999998,24136.875642375955,1,136.12594113620807,111363.04799999998,147596.805,True,216.43902555327406,249.09287323167408,32.65384767840001
lamf-test-3f24393a-2ab1-4481-a2f9-eb1ac8cef898,"{<resource_manager.instance.OnPremInstance object at 0x1319d7770>: [(2, 112923.04799999998, None)]}",48.75501181450081,38238.96169740993,112923.04799999998,24139.916675184955,1,,112923.04799999998,112938.44799999997,False,0.08315461251803077,,
lamf-test-c5b0481f-991f-4411-b1f4-57a207573df6,"{<resource_manager.instance.OnPremInstance object at 0x1319d7770>: [(2, 112953.04799999998, None)]}",313.8720815034799,151789.51334687773,112953.04799999998,24142.071209337955,1,83.26260552133242,112953.04799999998,142761.788,True,160.95676781504307,185.13761770304308,24.180849888000015
lamf-test-78bf4bff-956c-4436-83bb-3c669d0a9c53,"{<resource_manager.instance.OnPremInstance object at 0x1319d7770>: [(6, 113163.04799999998, None)]}",306.11726586615526,151528.04353601063,113163.04799999998,24144.977446041954,3,49.82888432580424,113163.04799999998,132234.48999999996,True,174.04920830481387,220.46146955601384,46.41226125119996
lamf-test-fc29d004-f407-4101-a296-9bd4c445802f,"{<resource_manager.instance.OnPremInstance object at 0x1319d7770>: [(3, 113193.04799999998, 114693.04799999998), (1, 114693.04799999998, None), (5, 134553.04799999998, None)]}",287.35046195532897,151802.16812096385,113193.04799999998,24146.082921771955,1,67.86219484371435,113193.04799999998,136471.028,True,98.49386265115236,113.04187477915238,14.548012128000027
lamf-test-805d6c2e-fd88-4e3f-a058-f7e8f540eed7,"{<resource_manager.instance.OnPremInstance object at 0x1319d7770>: [(6, 114123.04799999998, None)]}",301.5658399516932,152342.98871011037,114123.04799999998,24687.239872911956,2,23.597300248168274,114123.04799999998,120998.22069371986,True,29.713464159654936,46.44488442709165,16.73142026743671
lamf-test-30b3bc1a-2d98-405b-81ea-06c96187cb9a,"{<resource_manager.instance.OnPremInstance object at 0x1319d7770>: [(4, 114153.04799999998, None)]}",105.68868119220394,55894.43518924403,114153.04799999998,24688.239872911956,3,,114153.04799999998,114168.44799999997,False,0.09369533804848537,,
lamf-test-6e780daf-1fbc-4440-95e7-f6c9fbd1d74f,"{<resource_manager.instance.OnPremInstance object at 0x1319d7770>: [(4, 114183.04799999998, None)]}",68.86514064514569,38811.68662256022,114183.04799999998,24689.239872911956,1,,114183.04799999998,114198.44799999997,False,0.16279564985924336,,
lamf-test-c6476f48-7d2c-41f6-9b97-5a54f98dd980,"{<resource_manager.instance.OnPremInstance object at 0x1319d7770>: [(2, 114213.04799999998, None), (4, 142573.58399999997, None)]}",292.9421630666556,152565.99153258067,114213.04799999998,24690.239872911956,3,86.27435090120919,114213.04799999998,143951.356,True,98.84813141683799,125.20714415923804,26.359012742400058
lamf-test-7632946b-5dae-4479-8ca8-d89d2df62bd6,"{<resource_manager.instance.OnPremInstance object at 0x1319d7770>: [(5, 114243.04799999998, None)]}",62.53920946343962,38860.98778881446,114243.04799999998,24691.239872911956,2,,114243.04799999998,114258.44799999997,False,0.06162769304399561,,
lamf-test-aedf9ed2-1b2e-476d-94af-4a073cb14972,"{<resource_manager.instance.OnPremInstance object at 0x1319d7770>: [(6, 114693.04799999998, None)]}",293.1352863380843,152583.61130273342,114693.04799999998,24692.239872911956,2,75.71880958752897,114693.04799999998,134398.861,True,85.16556520059673,133.12163171739678,47.956066516800064
lamf-test-634e53a9-aba8-416a-9ebe-5cb9ee543a7e,"{<resource_manager.instance.OnPremInstance object at 0x1319d7770>: [(3, 116103.04799999998, None), (5, 120573.04799999998, None)]}",288.18037476346586,152447.24457620122,116103.04799999998,24694.810398383957,3,64.56764772986539,116103.04799999998,125316.8792702899,True,78.12099804140132,98.95287774723803,20.831879705836712
lamf-test-864339a1-b0a5-460e-b1ca-0027edfdc65c,"{<resource_manager.instance.OnPremInstance object at 0x1319d7770>: [(3, 116223.04799999998, None)]}",93.58805253764653,55855.87755666945,116223.04799999998,24695.810398383957,3,,116223.04799999998,116238.44799999997,False,0.07027150353636404,,
lamf-test-ade0d831-afab-43db-90f6-16f2ab4e4c93,"{<resource_manager.instance.OnPremInstance object at 0x1319d7770>: [(6, 116253.04799999998, None)]}",313.9137363895947,152634.86007320683,116253.04799999998,24696.810398383957,1,174.2710472279261,116253.04799999998,128422.60350458958,True,191.58095592440856,221.19678620037783,29.615830275969262
lamf-test-80c2fcd2-e695-47d5-b849-81cb8f84ffd9,"{<resource_manager.instance.OnPremInstance object at 0x1319d7770>: [(2, 116283.04799999998, None)]}",65.29325948676846,38830.89626017061,116283.04799999998,24698.295651295957,1,,116283.04799999998,116298.44799999997,False,0.08315461251803077,,
lamf-test-ccffacfb-9ba1-4a70-a2f8-c26ca5c073dd,"{<resource_manager.instance.OnPremInstance object at 0x1319d7770>: [(3, 116313.04799999998, None), (7, 137193.04799999998, None)]}",308.5948421811894,152521.38070135622,116313.04799999998,24701.707704595956,2,67.35432868512325,116313.04799999998,138027.523,True,73.89504473815268,102.6864593381527,28.791414600000024
lamf-test-7626bae1-06ab-482b-a023-1a1539062cfb,"{<resource_manager.instance.CloudReservedInstance object at 0x131c144d0>: [(1, 117363.04799999998, None)], <resource_manager.instance.CloudReservedInstance object at 0x1319fe2c0>: [(1, 117363.04799999998, None)], <resource_manager.instance.CloudOnDemandInstance object at 0x1319fe780>: [(1, 117363.04799999998, None), (2, 148603.58399999997, None)], <resource_manager.instance.CloudOnDemandInstance object at 0x1319d7b60>: [(1, 117363.04799999998, None), (8, 148603.58399999997, None)], <resource_manager.instance.CloudOnDemandInstance object at 0x1319fe3f0>: [(1, 148603.58399999997, None)]}",300.40391955978936,152451.25128227545,117363.04799999998,24702.707704595956,2,243.58381177817733,117363.04799999998,152466.65128227547,False,307.930288034793,,
lamf-test-d3c1ce6e-976b-4e11-a316-3c379f3ce935,"{<resource_manager.instance.OnPremInstance object at 0x1319d7770>: [(3, 117723.04799999998, None), (5, 125193.04799999998, None)]}",297.3863310840442,152487.5733382556,117723.04799999998,24703.707704595956,3,104.17522245037645,117723.04799999998,133654.8627618227,True,137.05151432744967,173.59790686661205,36.54639253916237
lamf-test-20f36af9-76f0-448f-b61f-5fa96da2f073,"{<resource_manager.instance.OnPremInstance object at 0x1319d7770>: [(5, 119703.04799999998, None)]}",306.7750534246782,152418.25700587968,119703.04799999998,24704.707704595956,2,,119703.04799999998,124183.02899999997,True,17.927980124093242,27.01338159209321,9.085401467999969
lamf-test-5b196625-a7df-4339-87a7-0589b911f17b,"{<resource_manager.instance.OnPremInstance object at 0x1319d7770>: [(6, 120483.04799999998, 121983.04799999998), (2, 121983.04799999998, None), (8, 140383.58399999997, None)]}",323.31432092168734,152378.60645293928,120483.04799999998,24705.896355745957,1,122.97042026009578,120483.04799999998,142029.302,True,166.27549501863314,191.52744202983322,25.251947011200087
lamf-test-f58f745a-82e9-43d3-8360-ed7f11305cc1,"{<resource_manager.instance.OnPremInstance object at 0x1319d7770>: [(4, 120543.04799999998, None)]}",277.06316426751624,152405.02964836717,120543.04799999998,24706.896355745957,3,93.63449691991785,120543.04799999998,149834.279,True,178.2111552209295,225.73324839532955,47.52209317440005
lamf-test-f3078c7f-f25a-4299-8013-371831a11b64,"{<resource_manager.instance.OnPremInstance object at 0x1319d7770>: [(2, 121023.04799999998, None), (8, 129483.04799999998, None)]}",312.7795478127634,152233.97408945195,121023.04799999998,24707.896355745957,2,59.925397415900434,121023.04799999998,137520.07615423933,True,84.06502164579152,123.52595983938632,39.4609381935948
lamf-test-3e6bc1fc-6ba9-403d-b2be-a05585a85500,"{<resource_manager.instance.OnPremInstance object at 0x1319d7770>: [(2, 121143.04799999998, None)]}",67.87358828782767,38741.754322146655,121143.04799999998,24711.249451488457,3,,121143.04799999998,121158.44799999997,False,0.046847669024242686,,
lamf-test-f68c03b2-1108-4e06-99a8-f01efdd4ee00,"{<resource_manager.instance.OnPremInstance object at 0x1319d7770>: [(4, 121923.04799999998, None)]}",89.4837421843555,55973.40332659548,121923.04799999998,24712.249451488457,3,,121923.04799999998,121938.44799999997,False,0.09369533804848537,,
lamf-test-a315b39b-1ef1-430b-b0b4-9fc98d8c4171,"{<resource_manager.instance.OnPremInstance object at 0x1319d7770>: [(3, 121953.04799999998, None), (9, 126153.04799999998, None)]}",298.94072038973326,152521.01779255172,121953.04799999998,24713.249451488457,2,25.077027925186098,121953.04799999998,130766.84335398862,True,52.09267785815223,79.65950260508572,27.56682474693349
lamf-test-21f91f21-910d-4aaf-b1c8-cb62e93174c8,"{<resource_manager.instance.OnPremInstance object at 0x1319d7770>: [(4, 121983.04799999998, None)]}",48.49156754040947,38817.887611205166,121983.04799999998,24714.249451488457,2,,121983.04799999998,121998.44799999997,False,0.05608928259914327,,
lamf-test-f2614325-1947-40b1-a523-3000b383e339,"{<resource_manager.instance.OnPremInstance object at 0x1319d7770>: [(3, 122013.04799999998, None), (7, 126003.04799999998, None)]}",278.85761232530825,152268.30472930253,122013.04799999998,24715.249451488457,3,139.58475929728496,122013.04799999998,136096.25434659288,True,171.72722407168445,217.52030101346523,45.79307694178078
lamf-test-ca77114b-9a8d-48d4-8ede-72293f2b41fe,"{<resource_manager.instance.OnPremInstance object at 0x1319d7770>: [(6, 122043.04799999998, None)]}",277.9408537525406,152636.25570430318,122043.04799999998,24716.249451488457,1,39.19917864476386,122043.04799999998,131298.188,True,145.70035592060253,168.22366462460258,22.523308704000037
lamf-test-6e573628-dcc1-4b7d-869b-827070035704,"{<resource_manager.instance.OnPremInstance object at 0x1319d7770>: [(5, 122073.04799999998, None)]}",109.24245790651099,55978.724365854054,122073.04799999998,24717.249451488457,1,,122073.04799999998,122088.44799999997,False,0.20261616852984965,,
lamf-test-5272c089-3cee-4f90-b1b0-a9dd8f5d025b,"{<resource_manager.instance.OnPremInstance object at 0x1319d7770>: [(5, 122103.04799999998, None)]}",53.336023790220985,38665.699645711014,122103.04799999998,24720.039960933456,3,,122103.04799999998,122118.44799999997,False,0.11711917256060674,,
lamf-test-a88f8e83-60f6-4e0a-ab98-3da3ebeeae4e,"{<resource_manager.instance.OnPremInstance object at 0x1319d7770>: [(5, 122163.04799999998, None)]}",66.2051601132845,38951.56310603618,122163.04799999998,24721.039960933456,2,,122163.04799999998,122178.44799999997,False,0.06162769304399561,,
lamf-test-fec81841-4526-43a0-95bd-3f076bd5a851,"{<resource_manager.instance.OnPremInstance object at 0x1319d7770>: [(4, 122223.04799999998, None)]}",72.62226182858821,55841.4802230871,122223.04799999998,24722.039960933456,1,,122223.04799999998,122238.44799999997,False,0.16279564985924336,,
lamf-test-c3129dd5-59a1-4a07-96aa-5b13e194579c,"{<resource_manager.instance.OnPremInstance object at 0x1319d7770>: [(2, 122253.04799999998, None)]}",31.023009070250673,38730.86610249878,122253.04799999998,24723.071868059455,1,,122253.04799999998,122268.44799999997,False,0.08315461251803077,,
lamf-test-358199b9-f0db-4bd8-96db-4a43f0785512,"{<resource_manager.instance.OnPremInstance object at 0x1319d7770>: [(4, 122283.04799999998, None)]}",72.71248082573206,38781.63353411661,122283.04799999998,24724.071868059455,2,,122283.04799999998,122298.44799999997,False,0.05608928259914327,,
lamf-test-0e15ce23-2ef0-4903-9aa0-8a7f0ca26080,"{<resource_manager.instance.OnPremInstance object at 0x1319d7770>: [(5, 122403.04799999998, None)]}",96.46734181705244,55778.73547251995,122403.04799999998,24725.071868059455,2,,122403.04799999998,122418.44799999997,False,0.06162769304399561,,
lamf-test-d9cc477a-0eb2-4ec8-a9de-7c741beaa58e,"{<resource_manager.instance.OnPremInstance object at 0x1319d7770>: [(6, 123543.04799999998, None)]}",82.7847457737088,55760.665436145944,123543.04799999998,24726.959275879453,2,,123543.04799999998,123558.44799999997,False,0.06655648787942382,,
lamf-test-176e7c79-1f86-4828-a8d1-7155fdf161df,"{<resource_manager.instance.OnPremInstance object at 0x1319d7770>: [(2, 123603.04799999998, None), (6, 125613.04799999998, None)]}",293.43464758797063,152429.74755984728,123603.04799999998,24727.959275879453,2,20.882424189168393,123603.04799999998,129534.74017699428,True,33.07409060212328,47.42970937803438,14.355618775911106
lamf-test-6183c783-1429-4d5f-8608-07133770df8f,"{<resource_manager.instance.OnPremInstance object at 0x1319d7770>: [(2, 123633.04799999998, None)]}",310.41904333689564,152490.53827220947,123633.04799999998,24728.959275879453,2,22.998254167036364,123633.04799999998,141026.163,True,47.28265715443181,61.391952042431825,14.109294888000015
lamf-test-c8cde8a0-c192-4372-8fd9-91e35fa2a643,"{<resource_manager.instance.OnPremInstance object at 0x1319d7770>: [(4, 123783.04799999998, None)]}",313.0223440097014,152584.85688120464,123783.04799999998,24734.409525948453,3,57.49486652977412,123783.04799999998,140185.745,True,99.79585976119864,126.40759537399866,26.61173561280002
lamf-test-a59ce49f-3a29-47cb-9bba-c14bd4eba4f3,"{<resource_manager.instance.OnPremInstance object at 0x1319d7770>: [(2, 123843.04799999998, None)]}",63.11052064207584,38908.83235726255,123843.04799999998,24735.615849336453,1,,123843.04799999998,123858.44799999997,False,0.08315461251803077,,
lamf-test-b88b2052-6ae6-4002-8c66-e36cde33cc19,"{<resource_manager.instance.OnPremInstance object at 0x1319d7770>: [(6, 123873.04799999998, None)]}",88.64826611743442,55989.653787247174,123873.04799999998,24736.615849336453,3,,123873.04799999998,123888.44799999997,False,0.14054300707272807,,
lamf-test-bb7523bc-058b-4a16-8696-3b517a47ab6e,"{<resource_manager.instance.OnPremInstance object at 0x1319d7770>: [(4, 123903.04799999998, None), (6, 132363.04799999998, None)]}",293.0416764098332,152619.17481351306,123903.04799999998,24738.83192050045,2,54.70471702758258,123903.04799999998,136722.63813274575,True,65.53250789548682,96.94050947390366,31.408001578416837
lamf-test-f29d3084-eb72-4e8b-90aa-b576b87131ce,"{<resource_manager.instance.OnPremInstance object at 0x1319d7770>: [(3, 123963.04799999998, None)]}",57.12216039339765,38833.87562086132,123963.04799999998,24739.83192050045,1,,123963.04799999998,123978.44799999997,False,0.12297513118863707,,
lamf-test-6287174b-e645-40a5-9c80-04f4684ca22c,"{<resource_manager.instance.OnPremInstance object at 0x1319d7770>: [(5, 124023.04799999998, None)]}",59.78427655757174,39064.363874242124,124023.04799999998,24742.062414701453,1,,124023.04799999998,124038.44799999997,False,0.20261616852984965,,
lamf-test-78a0f553-3295-40e2-a5ac-19ddb0f1516d,"{<resource_manager.instance.OnPremInstance object at 0x1319d7770>: [(2, 124083.04799999998, None)]}",116.37656681463137,55816.176488923054,124083.04799999998,24743.062414701453,2,,124083.04799999998,124098.44799999997,False,0.04186443429931751,,
lamf-test-15a5355c-cd07-47e3-bf06-04b51c890922,"{<resource_manager.instance.OnPremInstance object at 0x1319d7770>: [(5, 124143.04799999998, None)]}",322.38171487119865,152181.61773297476,124143.04799999998,24744.062414701453,2,37.216723721388036,124143.04799999998,136120.59922124288,True,47.93174351180333,72.22221738848394,24.290473876680604
lamf-test-e05a8c26-5e2e-4fab-a8e5-9ce1b734956f,"{<resource_manager.instance.OnPremInstance object at 0x1319d7770>: [(4, 124203.04799999998, None)]}",328.4711524477416,152455.36167946865,124203.04799999998,24745.062414701453,1,31.713438284280173,124203.04799999998,129312.89499999997,True,54.01693915887134,62.30715493167133,8.290215772799991
lamf-test-e58610ed-a0a4-4c8f-abf3-018a5c02838d,"{<resource_manager.instance.OnPremInstance object at 0x1319d7770>: [(2, 124233.04799999998, None), (6, 136143.04799999998, None)]}",313.0676987743484,152674.11691163364,124233.04799999998,24746.401129217455,2,32.37697483799091,124233.04799999998,140999.747,True,66.56968810583327,91.99009702103334,25.42040891520007
lamf-test-340aa55d-5d91-404a-a687-a5e34b17263d,"{<resource_manager.instance.OnPremInstance object at 0x1319d7770>: [(3, 124743.04799999998, None)]}",47.27984716691024,38786.115438245106,124743.04799999998,24747.401129217455,2,,124743.04799999998,124758.44799999997,False,0.049677043187284775,,
lamf-test-1e44c24c-1701-4294-a6ab-3ce0d97fb03e,"{<resource_manager.instance.OnPremInstance object at 0x1319d7770>: [(2, 124773.04799999998, None), (8, 131253.04799999998, None)]}",298.2553599828783,152160.459965331,124773.04799999998,24748.401129217455,2,40.41021691250555,124773.04799999998,137195.744,True,62.76934381165374,92.12949478765384,29.360150976000103
lamf-test-d7587f1a-842d-473c-8fbd-2c6c55715c2f,"{<resource_manager.instance.OnPremInstance object at 0x1319d7770>: [(2, 124803.04799999998, None)]}",54.079766354108955,38944.69521719088,124803.04799999998,24749.990130255956,3,,124803.04799999998,124818.44799999997,False,0.046847669024242686,,
lamf-test-59641966-e6cc-4be0-a119-7ab22cc61df0,"{<resource_manager.instance.OnPremInstance object at 0x1319d7770>: [(2, 124833.04799999998, None)]}",95.81804573544144,55893.87282715259,124833.04799999998,24752.554462582455,2,,124833.04799999998,124848.44799999997,False,0.04186443429931751,,
lamf-test-673ed82c-6612-45cc-838b-3e7192b26eb3,"{<resource_manager.instance.OnPremInstance object at 0x1319d7770>: [(6, 124863.04799999998, None)]}",323.9926877676555,152582.69055766147,124863.04799999998,24753.554462582455,1,39.19917864476386,124863.04799999998,133175.55899999998,True,130.8608850102669,151.0902117798669,20.229326769599997
lamf-test-97ca980d-52bb-4b13-af30-16dae1ed0330,"{<resource_manager.instance.OnPremInstance object at 0x1319d7770>: [(5, 125343.04799999998, None)]}",68.58204338220374,38919.595969233706,125343.04799999998,24755.524251056457,1,,125343.04799999998,125358.44799999997,False,0.20261616852984965,,
lamf-test-1ad130e5-9bde-4344-b318-966e1bea0db8,"{<resource_manager.instance.OnPremInstance object at 0x1319d7770>: [(3, 125373.04799999998, None), (9, 140803.58399999997, None)]}",318.45733543495004,152057.89849646803,125373.04799999998,24757.331342348458,2,49.7755456672235,125373.04799999998,142180.522,True,61.278708643049164,86.75641748144928,25.47770883840011
lamf-test-aad2193f-32c5-4ab4-8d2f-4cb5e12998b4,"{<resource_manager.instance.OnPremInstance object at 0x1319d7770>: [(6, 125943.04799999998, None)]}",98.21469697151382,55893.53912089241,125943.04799999998,24761.17052473746,1,,125943.04799999998,125958.44799999997,False,0.24243668720045594,,
lamf-test-5109c4b4-a4ca-4faa-939d-2cc5a27a2f91,"{<resource_manager.instance.OnPremInstance object at 0x1319d7770>: [(2, 125973.04799999998, None)]}",70.55941972326221,38814.19720328934,125973.04799999998,24763.00655306346,1,,125973.04799999998,125988.44799999997,False,0.08315461251803077,,
lamf-test-b91eabf6-c310-4478-8fe0-95d95af45b05,"{<resource_manager.instance.OnPremInstance object at 0x1319d7770>: [(6, 126003.04799999998, None)]}",84.54144052563579,38984.33421911664,126003.04799999998,24764.00655306346,2,,126003.04799999998,126018.44799999997,False,0.06655648787942382,,
lamf-test-bd596546-4204-431a-99fb-fb0e3c382d90,"{<resource_manager.instance.OnPremInstance object at 0x1319d7770>: [(3, 126033.04799999998, None)]}",78.4483714429441,55952.163488869504,126033.04799999998,24765.42021849646,2,,126033.04799999998,126048.44799999997,False,0.049677043187284775,,
lamf-test-30951be6-8d18-4462-8f42-1bda6c60c2b6,"{<resource_manager.instance.OnPremInstance object at 0x1319d7770>: [(4, 126063.04799999998, None), (8, 131523.04799999998, None)]}",320.13751117032376,152865.58553218635,126063.04799999998,25318.40690091346,1,312.1364289299564,126063.04799999998,140629.94063501369,True,344.4515591220377,397.6349309551764,53.1833718331387
lamf-test-14df0a15-dd26-474b-91c7-36ae75747600,"{<resource_manager.instance.CloudReservedInstance object at 0x131c09450>: [(2, 128703.04799999998, None)], <resource_manager.instance.CloudReservedInstance object at 0x1319d7cb0>: [(1, 128703.04799999998, None)], <resource_manager.instance.CloudOnDemandInstance object at 0x1319d7b60>: [(2, 128703.04799999998, None)]}",297.27944487542703,153104.8063557605,128703.04799999998,25345.40024539246,3,,128703.04799999998,153120.2063557605,False,111.41756037308022,,
lamf-test-9e9b18e5-28c3-485d-9334-826a01c521ca,"{<resource_manager.instance.OnPremInstance object at 0x1319d7770>: [(5, 128763.04799999998, None)]}",56.83995333719585,40057.604356629236,128763.04799999998,25906.75898975146,1,,128763.04799999998,128778.44799999997,False,0.20261616852984965,,
lamf-test-8b2bdb5b-09e4-4beb-8935-257054020e26,"{<resource_manager.instance.OnPremInstance object at 0x1319d7770>: [(6, 128793.04799999998, 130293.04799999998), (2, 130293.04799999998, None), (6, 147193.58399999997, None)]}",264.60808242087944,153337.53513581507,128793.04799999998,25917.19815627946,1,166.88098380104947,128793.04799999998,152514.58430974005,True,227.3690883038817,261.9947849121263,34.625696608244596
lamf-test-97282fb2-8a15-45ef-9ffc-d2d1017e826d,"{<resource_manager.instance.OnPremInstance object at 0x1319d7770>: [(5, 128823.04799999998, None)]}",338.8782653222551,153472.88406043765,128823.04799999998,25918.30620797446,3,123.9678758840976,128823.04799999998,146833.9283539886,True,136.9752859836384,173.5013513415273,36.5260653578889
lamf-test-c8ca42d3-92bd-477a-88a0-ba208fc51e60,"{<resource_manager.instance.OnPremInstance object at 0x1319d7770>: [(6, 129843.04799999998, None)]}",282.96322394825097,153376.61920648176,129843.04799999998,25919.30620797446,2,62.28017302729628,129843.04799999998,146101.90781086974,True,70.26835103479308,109.83591227052574,39.567561235732654
lamf-test-e6933cbf-7cce-43d9-910c-796b557ba72c,"{<resource_manager.instance.OnPremInstance object at 0x1319d7770>: [(3, 130293.04799999998, None)]}",88.97355341205305,56920.71705790781,130293.04799999998,25922.345038492458,2,,130293.04799999998,130308.44799999997,False,0.049677043187284775,,
lamf-test-9709f52a-b95d-4937-b829-7d859975ef12,"{<resource_manager.instance.OnPremInstance object at 0x1319d7770>: [(2, 130323.04799999998, None)]}",50.993670331949964,40183.603130538824,130323.04799999998,25938.424075417457,3,,130323.04799999998,130338.44799999997,False,0.046847669024242686,,
lamf-test-b2c0ba06-ef98-4e70-aec3-ada93dcf2a86,"{<resource_manager.instance.OnPremInstance object at 0x1319d7770>: [(5, 130803.04799999998, None)]}",52.43686034060011,40207.71031115283,130803.04799999998,25957.359895756457,1,,130803.04799999998,130818.44799999997,False,0.20261616852984965,,
lamf-test-37816ca3-8f1b-4f48-b98a-19da64fc3ae0,"{<resource_manager.instance.OnPremInstance object at 0x1319d7770>: [(4, 130833.04799999998, None), (8, 138613.58399999997, None)]}",306.58987892209666,154046.07049380898,130833.04799999998,25964.763507367457,3,127.83047227926073,130833.04799999998,146231.88395597038,True,186.3894493446571,236.09238049675622,49.70293115209914
lamf-test-7497ac95-625b-43bd-83d3-57c84bf962da,"{<resource_manager.instance.OnPremInstance object at 0x1319d7770>: [(4, 130863.04799999998, None)]}",98.22957400728787,57717.81721579484,130863.04799999998,26506.939356115457,2,,130863.04799999998,130878.44799999997,False,0.05608928259914327,,
lamf-test-0b735a3d-c6da-43cd-8bcd-eb44b37e0f0a,"{<resource_manager.instance.OnPremInstance object at 0x1319d7770>: [(4, 130893.04799999998, None)]}",342.8375802682962,154293.1442836449,130893.04799999998,26508.618732547457,1,52.64430755190509,130893.04799999998,143816.582,True,136.61656597459898,157.583707536199,20.967141561600023
lamf-test-b4e74caf-873d-4a82-b93a-d2a9010c8027,"{<resource_manager.instance.OnPremInstance object at 0x1319d7770>: [(4, 130923.04799999998, None)]}",99.8115769311322,57758.04004563488,130923.04799999998,26513.650943251458,3,,130923.04799999998,130938.44799999997,False,0.09369533804848537,,
lamf-test-53ddc7b7-4b5b-402f-8327-96f330b858b2,"{<resource_manager.instance.OnPremInstance object at 0x1319d7770>: [(6, 131043.04799999998, None)]}",47.39878124712635,40900.05629311853,131043.04799999998,26515.73269819046,2,,131043.04799999998,131058.44799999997,False,0.06655648787942382,,
lamf-test-1f0a5d71-9d06-4c04-96bf-7cfa55982510,"{<resource_manager.instance.OnPremInstance object at 0x1319d7770>: [(2, 131073.04799999998, None)]}",312.0850513441156,154381.870753761,131073.04799999998,26516.73269819046,2,12.151559825845455,131073.04799999998,154397.27075376103,False,63.40619422453538,,
lamf-test-12568f9b-46c5-48e3-b4e3-4fbc909e2d8c,"{<resource_manager.instance.OnPremInstance object at 0x1319d7770>: [(6, 131103.04799999998, None)]}",56.80065244059149,40820.677215001095,131103.04799999998,26519.02442005746,2,,131103.04799999998,131118.448,False,0.06655648787954961,,
lamf-test-738a10cf-064e-4cc8-b5cf-a5f6441a1d8d,"{<resource_manager.instance.CloudReservedInstance object at 0x1319d7cb0>: [(2, 131133.04799999998, None)]}",61.40652430012268,40651.811219501215,131133.04799999998,26520.72940329546,2,,131133.04799999998,131148.448,False,0.03528049873253697,,
lamf-test-2dbedc5f-cb12-4a7f-8ba8-cf1d208835ca,"{<resource_manager.instance.OnPremInstance object at 0x1319d7770>: [(3, 131163.04799999998, None)]}",57.236777194680464,40672.887258450864,131163.04799999998,26528.82517620846,3,,131163.04799999998,131178.448,False,0.07027150353649683,,
lamf-test-13fc8f66-f398-48d2-89aa-66ced308660e,"{<resource_manager.instance.OnPremInstance object at 0x1319d7770>: [(5, 131463.04799999998, None)]}",321.3650971033735,154240.3539253504,131463.04799999998,26533.208945453458,3,41.52407027150354,131463.04799999998,146847.627,True,117.00189368012798,148.20181989212801,31.19992621200005
lamf-test-972afe65-af15-494a-89f0-89fb6330556f,"{<resource_manager.instance.OnPremInstance object at 0x1319d7770>: [(5, 134403.04799999998, None)]}",68.54266845665799,40812.17490504217,134403.04799999998,26534.208945453458,2,,134403.04799999998,134418.448,False,0.06162769304411207,,
lamf-test-b0689249-ecb4-459e-8e95-7a9d2be06c96,"{<resource_manager.instance.OnPremInstance object at 0x1319d7770>: [(3, 134433.04799999998, None)]}",284.5904514592743,154216.20259570202,134433.04799999998,26535.208945453458,2,9.677346075448744,134433.04799999998,144385.32799999998,True,32.10388593325567,44.21382023725567,12.109934304
lamf-test-b8f89e26-0ea4-4ae6-b0d2-471177f4ea26,"{<resource_manager.instance.OnPremInstance object at 0x1319d7770>: [(2, 134463.04799999998, None)]}",280.4613956789944,153967.11819851026,134463.04799999998,26538.733036240457,2,13.566621200679057,134463.04799999998,153346.79,True,51.33488157691965,66.65337308731966,15.318491510400023
lamf-test-61ade784-0ecd-402a-9c8b-e4ebdddeaeba,"{<resource_manager.instance.CloudReservedInstance object at 0x131c144d0>: [(1, 135843.04799999998, None)], <resource_manager.instance.CloudOnDemandInstance object at 0x1319fe3f0>: [(4, 135843.04799999998, None)], <resource_manager.instance.CloudOnDemandInstance object at 0x1319d7b60>: [(1, 135843.04799999998, None)]}",102.43286554393279,57741.41232564092,135843.04799999998,26540.57011693646,1,,135843.04799999998,135858.448,False,0.23619033133100328,,
lamf-test-2b8cc9bb-59e9-4060-b39c-6d5f04292052,"{<resource_manager.instance.CloudReservedInstance object at 0x131c144d0>: [(1, 135903.04799999998, None)], <resource_manager.instance.CloudOnDemandInstance object at 0x1319fe3f0>: [(3, 135903.04799999998, None)]}",299.1358581203067,154238.9828501239,135903.04799999998,26545.670322673457,2,,135903.04799999998,154254.38285012392,False,96.43293334914317,,
lamf-test-a4e0f749-acf3-4e9f-a68a-d2897f53ecbf,"{<resource_manager.instance.OnPremInstance object at 0x1319d7770>: [(5, 136083.04799999998, None)]}",55.23704198655464,40780.19669574572,136083.04799999998,26546.670322673457,2,,136083.04799999998,136098.448,False,0.06162769304411207,,
lamf-test-c1154d77-1b34-44ce-a971-3f2383feb4ea,"{<resource_manager.instance.OnPremInstance object at 0x1319d7770>: [(3, 136143.04799999998, None), (7, 144103.58399999997, None)]}",323.4876460165175,154147.05188031113,136143.04799999998,26547.670322673457,3,97.4699338352726,136143.04799999998,151065.92591993962,True,142.2237846214867,180.14942365356188,37.925639032075196
lamf-test-5ba9c014-6195-45d7-abea-81512079841f,"{<resource_manager.instance.OnPremInstance object at 0x1319d7770>: [(5, 136203.04799999998, None), (7, 139183.58399999997, None)]}",301.93265828529036,154473.23880253694,136203.04799999998,26549.974017678458,3,192.96171571982654,136203.04799999998,151093.04938540087,True,240.04299129182553,304.05326822364873,64.01027693182321
lamf-test-b0145057-cb9a-4116-b9cc-7e53df875f10,"{<resource_manager.instance.OnPremInstance object at 0x1319d7770>: [(3, 136263.04799999998, None)]}",96.35027898917578,57714.87347734911,136263.04799999998,26553.962094518956,3,,136263.04799999998,136278.448,False,0.07027150353649683,,
lamf-test-20be8e85-7cad-4afc-88e8-0e3edb5fe2c5,"{<resource_manager.instance.OnPremInstance object at 0x1319d7770>: [(3, 136293.04799999998, None)]}",295.20685518392753,154535.56796782947,136293.04799999998,26555.667594497958,1,31.706310746064286,136293.04799999998,141978.447,True,45.400174537987716,52.318168041187725,6.917993503200006
lamf-test-1dd5cfe3-7849-452f-a318-28b2a5efd4c8,"{<resource_manager.instance.OnPremInstance object at 0x1319d7770>: [(6, 136503.04799999998, None)]}",310.0959093491745,154607.6867899473,136503.04799999998,26562.691046832457,1,121.06935523613953,136503.04799999998,149681.94123429968,True,207.4705984865798,239.54275306157155,32.07215457499175
lamf-test-0e5b3b54-f64d-4af5-b8a5-5fd343d8abf7,"{<resource_manager.instance.OnPremInstance object at 0x1319d7770>: [(6, 136743.04799999998, None)]}",54.10469347501437,40798.44736601822,136743.04799999998,26566.434213408458,3,,136743.04799999998,136758.448,False,0.14054300707299366,,
lamf-test-43a50a08-2df6-4deb-93fc-9d7b4c5cb4ce,"{<resource_manager.instance.OnPremInstance object at 0x1319d7770>: [(5, 136773.04799999998, None)]}",101.53404208454661,57769.174230035336,136773.04799999998,26567.434213408458,2,,136773.04799999998,136788.448,False,0.06162769304411207,,
lamf-test-ad4070ae-efcf-4ab3-9f00-c5f3048296cd,"{<resource_manager.instance.OnPremInstance object at 0x1319d7770>: [(3, 136803.04799999998, None)]}",100.80181912635685,58344.426603088476,136803.04799999998,27112.52196852446,1,,136803.04799999998,136818.448,False,0.12297513118886948,,
lamf-test-81133641-6f19-4f6d-8a8d-ba18329ce46e,"{<resource_manager.instance.OnPremInstance object at 0x1319d7770>: [(4, 136833.04799999998, None), (8, 143803.58399999997, None)]}",323.355428277159,155054.14380515373,136833.04799999998,27131.95341726146,2,71.91722094544252,136833.04799999998,150967.85081086974,True,86.44075957017542,132.61967659844075,46.17891702826533
lamf-test-99a8d2c5-cce0-4ff2-9978-994ca454d47c,"{<resource_manager.instance.OnPremInstance object at 0x1319d7770>: [(6, 136863.04799999998, None)]}",285.4522970138994,154764.93774239486,136863.04799999998,27132.988529779457,1,241.5005667351128,136863.04799999998,154780.33774239488,False,282.0654784908164,,
lamf-test-cf0468d1-688d-4c6c-8936-592c1c287c29,"{<resource_manager.instance.CloudReservedInstance object at 0x131c144d0>: [(1, 136923.04799999998, None)], <resource_manager.instance.CloudReservedInstance object at 0x1319fe2c0>: [(1, 136923.04799999998, None)], <resource_manager.instance.CloudReservedInstance object at 0x1319fe520>: [(1, 136923.04799999998, None)], <resource_manager.instance.CloudOnDemandInstance object at 0x1319fe3f0>: [(1, 136923.04799999998, None)], <resource_manager.instance.CloudOnDemandInstance object at 0x1319d7b60>: [(1, 136923.04799999998, None)]}",77.96659588995469,58048.72925413679,136923.04799999998,27133.988529779457,1,,136923.04799999998,136938.448,False,0.18348670367863065,,
lamf-test-73522a23-7429-4b2e-a07b-d69ba98b1759,"{<resource_manager.instance.CloudReservedInstance object at 0x131c144d0>: [(1, 137043.04799999998, None)], <resource_manager.instance.CloudReservedInstance object at 0x1319fe2c0>: [(1, 137043.04799999998, None)], <resource_manager.instance.CloudReservedInstance object at 0x1319fe520>: [(1, 137043.04799999998, None)], <resource_manager.instance.CloudOnDemandInstance object at 0x1319fe3f0>: [(1, 137043.04799999998, None)]}",96.6340572191015,58532.15869033753,137043.04799999998,27144.56745951246,2,,137043.04799999998,137058.448,False,0.11706402727240764,,
lamf-test-b791b0f5-42f3-4531-8b1f-ce78516f8ce4,"{<resource_manager.instance.OnPremInstance object at 0x1319d7770>: [(6, 137223.04799999998, None)]}",288.9682550881497,154674.06806232038,137223.04799999998,27145.56745951246,3,78.3986858316221,137223.04799999998,147524.67511714983,True,94.0143930381004,119.08443279039628,25.07003975229588
lamf-test-b8d23111-ed1c-4edb-9006-edb462b74e47,"{<resource_manager.instance.CloudReservedInstance object at 0x131c144d0>: [(1, 137253.04799999998, None)], <resource_manager.instance.CloudReservedInstance object at 0x1319fe2c0>: [(1, 137253.04799999998, None)]}",103.94302407732705,58377.57679178125,137253.04799999998,27146.56745951246,3,,137253.04799999998,137268.448,False,0.046847669024331226,,
lamf-test-f8ca1580-1486-4a42-a770-8472d8f3e8bf,"{<resource_manager.instance.CloudReservedInstance object at 0x131c09450>: [(1, 137283.04799999998, None)], <resource_manager.instance.CloudReservedInstance object at 0x1319fe520>: [(1, 137283.04799999998, None)], <resource_manager.instance.CloudOnDemandInstance object at 0x1319fe3f0>: [(1, 137283.04799999998, None)]}",295.2963611823595,155055.48257829648,137283.04799999998,27150.469941967458,1,,137283.04799999998,155070.8825782965,False,104.16482337279123,,
lamf-test-378dfd97-e0c1-4551-898b-30698d53fa5a,"{<resource_manager.instance.CloudReservedInstance object at 0x131c144d0>: [(1, 137523.04799999998, None)], <resource_manager.instance.CloudReservedInstance object at 0x1319fe2c0>: [(1, 137523.04799999998, None)], <resource_manager.instance.CloudReservedInstance object at 0x1319d7cb0>: [(1, 137523.04799999998, None)], <resource_manager.instance.CloudOnDemandInstance object at 0x131c09810>: [(2, 137523.04799999998, None)], <resource_manager.instance.CloudOnDemandInstance object at 0x1319d7b60>: [(1, 137523.04799999998, None)]}",102.1627982073452,58283.365160575755,137523.04799999998,27156.60601881446,3,,137523.04799999998,137538.448,False,0.101503282886051,,
lamf-test-046c91ff-d93d-41be-8b0f-0dffe54bb883,"{<resource_manager.instance.OnPremInstance object at 0x1319d7770>: [(3, 137583.04799999998, None), (7, 142573.58399999997, None)]}",323.54597562068136,154984.85160822593,137583.04799999998,27161.91304473146,1,243.5201368925393,137583.04799999998,154312.4221490988,True,348.7447166771765,402.4299284147213,53.68521173754483
lamf-test-08634fb2-ded7-4587-9003-1ad5dae4cfd2,"{<resource_manager.instance.OnPremInstance object at 0x1319d7770>: [(3, 137613.04799999998, None), (5, 148543.58399999997, None)]}",310.64872288923095,154562.19137348508,137613.04799999998,27164.21906362046,3,115.58537987679668,137613.04799999998,154577.5913734851,False,123.30012470588034,,
lamf-test-4038cc91-1923-48ea-80c3-afc2bd1ddb33,"{<resource_manager.instance.CloudReservedInstance object at 0x131c144d0>: [(1, 137643.04799999998, None)], <resource_manager.instance.CloudReservedInstance object at 0x1319fe2c0>: [(1, 137643.04799999998, None)], <resource_manager.instance.CloudReservedInstance object at 0x1319d7cb0>: [(1, 137643.04799999998, None)], <resource_manager.instance.CloudOnDemandInstance object at 0x131c09810>: [(2, 137643.04799999998, None)]}",51.76651523139675,41171.670683957374,137643.04799999998,27165.36628838846,3,,137643.04799999998,137658.448,False,0.08588739321127392,,
lamf-test-d4c89c20-f07a-465b-9f1e-1768a0a2cb23,"{<resource_manager.instance.CloudReservedInstance object at 0x131c144d0>: [(1, 137703.04799999998, None)], <resource_manager.instance.CloudReservedInstance object at 0x1319fe2c0>: [(1, 137703.04799999998, None)], <resource_manager.instance.CloudReservedInstance object at 0x1319d7cb0>: [(1, 137703.04799999998, None)], <resource_manager.instance.CloudOnDemandInstance object at 0x131c09810>: [(2, 137703.04799999998, None)], <resource_manager.instance.CloudOnDemandInstance object at 0x1319d7b60>: [(1, 137703.04799999998, None)]}",339.10870115855664,154991.01578740723,137703.04799999998,27168.239428858462,3,112.38216746520642,137703.04799999998,155006.41578740726,False,114.0486126885667,,
lamf-test-3b51ff08-48bf-48a9-8957-4cbd397fd4f6,"{<resource_manager.instance.OnPremInstance object at 0x1319d7770>: [(3, 137733.04799999998, None)]}",92.62541190029211,58322.6734796487,137733.04799999998,27169.768817167464,3,,137733.04799999998,137748.448,False,0.07027150353649683,,
lamf-test-618b513d-3e44-4ac2-bdff-aa4f98ef0412,"{<resource_manager.instance.OnPremInstance object at 0x1319d7770>: [(3, 137763.04799999998, None)]}",41.25285473765505,41336.33620472757,137763.04799999998,27170.768817167464,2,,137763.04799999998,137778.448,False,0.04967704318737866,,
lamf-test-7c11bf42-7b5f-4632-8894-9841db6abbcf,"{<resource_manager.instance.OnPremInstance object at 0x1319d7770>: [(2, 137823.04799999998, None)]}",88.20773492460633,60792.28487038538,137823.04799999998,29550.910692650465,2,,137823.04799999998,137838.448,False,0.041864434299396625,,
lamf-test-ee0dce40-638f-4c76-99f2-8cba14b9d265,"{<resource_manager.instance.OnPremInstance object at 0x1319d7770>: [(3, 137883.04799999998, None), (9, 142873.58399999997, None)]}",321.17308588746675,157470.26116072605,137883.04799999998,29555.677196228466,1,204.20459958932233,137883.04799999998,150992.7150763612,True,295.4845650325916,341.07448401225696,45.589918979665356
lamf-test-2d67774a-b8e7-4e45-a539-5388bfb6ad2b,"{<resource_manager.instance.CloudOnDemandInstance object at 0x131c09310>: [(4, 137943.04799999998, None)]}",85.08088075678369,67346.14069759502,137943.04799999998,36165.75109149847,3,,138343.58399999997,138358.984,False,0.843533855553053,,
lamf-test-2035c917-29e7-4cfb-863c-48ca06202031,"{<resource_manager.instance.OnPremInstance object at 0x1319d7770>: [(5, 138373.58399999997, 139873.58399999997), (2, 139873.58399999997, None), (4, 147343.58399999997, None)]}",306.5999723469549,163932.5004976928,138373.58399999997,36169.03537985647,1,73.4861966689482,138373.58399999997,151077.3338108697,True,119.70168532075753,137.88980286049008,18.188117539732545
