,instances,budget,deadline,sched_start_time,submit_time,software_id,current_license_cost,exec_start_time,finish_time,complete,license_cost,cost,hardware_cost
lamf-test-ce4837ee-c9b5-4728-816b-793fbe63012e,"{<resource_manager.instance.OnPremInstance object at 0x113e97620>: [(5, 30, 390), (2, 390, None), (3, 3840, None), (1, 5580, None)]}",64.81020493737797,14109.368596154949,30,1.0,1,46.65525895505362,30,6281.701999999999,True,58.022094912160604,66.7871968993606,8.765101987199998
lamf-test-fdbe52b3-5ac4-4817-bbd7-3ee39ada2008,"{<resource_manager.instance.OnPremInstance object at 0x113e97620>: [(3, 60, 3540), (1, 3540, None), (2, 10500, None), (1, 15474.288, None), (1, 19866.432, None)]}",309.54978900857253,127497.86641786611,60,12.628748785,1,136.66468811316452,60,25330.506,True,212.29488569472966,243.61199583072965,31.317110135999997
lamf-test-312a25ed-966e-4a84-89af-21712bfc7175,"{<resource_manager.instance.OnPremInstance object at 0x113e97620>: [(4, 1230, 5700), (1, 5700, None)]}",330.5774711754339,128562.7547919238,1230,1204.799729881,1,47.25302304357746,1230,22061.878,True,93.29374750931629,107.18225322611629,13.888505716800001
lamf-test-6d60a076-8aec-42f5-ae5c-3923b3793c72,"{<resource_manager.instance.OnPremInstance object at 0x113e97620>: [(5, 1260, 6720), (2, 6720, None)]}",295.26855467250385,128848.76559627568,1260,1229.0968603025,1,146.87251289071412,1260,26576.858999999997,True,179.0567335158567,206.2374975366567,27.180764020799998
lamf-test-f42e0220-9054-4dba-814a-9d6b93e25e15,"{<resource_manager.instance.OnPremInstance object at 0x113e97620>: [(2, 6630, 9630), (1, 9630, None), (2, 18576.432, None)]}",293.5168981771201,134397.30063004722,6630,6610.456839388,3,47.69646360939995,6630,28027.486999999997,True,65.85990873830707,83.42222528150707,17.562316543199998
lamf-test-c2212f64-c788-46d9-9572-57170e08d2ac,"{<resource_manager.instance.OnPremInstance object at 0x113e97620>: [(4, 6660, None), (1, 7920, None)]}",57.825321252479114,20789.798201679045,6660,6627.054931306,3,7.665982203969882,6660,8393.795,True,11.269260019773366,14.274340279773366,3.00508026
lamf-test-0aa73555-99c3-40be-a09f-6bf3df006265,"{<resource_manager.instance.OnPremInstance object at 0x113e97620>: [(6, 6690, None)]}",310.4901833144852,134484.27954901799,6690,6632.861494036,3,,6690,22575.188000000002,True,144.97091489847136,183.62910841527136,38.658193516800004
lamf-test-761a035c-9b31-431d-b128-35fe1a248496,"{<resource_manager.instance.OnPremInstance object at 0x113e97620>: [(4, 6720, 19836.432), (2, 19836.432, None), (1, 33758.04, None)]}",281.9460745575701,134603.37741809862,6720,6642.102986905,1,234.2792772073922,6720,39942.694,True,264.62551129363453,304.72430596723456,40.098794673600004
lamf-test-c947c209-c0e1-414b-aa78-1430406df6ae,"{<resource_manager.instance.OnPremInstance object at 0x113e97620>: [(2, 6750, 7410), (1, 7410, None), (1, 9810, None), (2, 10470, None), (2, 13422.144, None)]}",91.00759406898061,37692.57671621164,6750,6647.760216958,3,25.62715947980835,6750,14540.343999999997,True,35.832041980378705,45.38707592597869,9.555033945599991
lamf-test-1b5247ff-56d3-4066-aafc-ee4137f1169c,"{<resource_manager.instance.OnPremInstance object at 0x113e97620>: [(3, 7200, 8160), (2, 8160, None), (4, 12501.072, None)]}",98.97570184637311,38552.730360687754,7200,7195.916867467,3,44.17284964636094,7200,17121.823999999997,True,59.756112251882236,75.69077992548223,15.934667673599993
lamf-test-a35e3102-219f-4336-95ce-4d87e6b5e69c,"{<resource_manager.instance.OnPremInstance object at 0x113e97620>: [(6, 7230, 8520), (1, 8520, None), (1, 9960, None), (1, 11250, None)]}",88.24903114605627,38431.183519487735,7230,7222.760743939,3,17.88729180926306,7230,13793.698000000002,True,29.49440109514032,37.35942882154032,7.865027726400004
lamf-test-8d2ae00d-f906-47ac-81a5-138a54772bef,"{<resource_manager.instance.OnPremInstance object at 0x113e97620>: [(2, 7260, 9270), (1, 9270, None), (1, 13852.68, None), (2, 30218.04, None)]}",310.3508838593914,135049.91559699146,7260,7241.379662830001,3,87.14487793748573,7260,35508.482,True,95.05691383375162,120.40495397455163,25.348040140800002
lamf-test-b41bc5e6-51fb-4710-b8ea-caebbe600cb8,"{<resource_manager.instance.OnPremInstance object at 0x113e97620>: [(6, 7800, 9810), (2, 9810, None)]}",308.5846884800438,135899.01885722965,7800,7798.805101098501,2,8.686918223226783,7800,15283.935,True,23.567644987273614,32.899637059273616,9.331992072
lamf-test-8a5bf643-d5be-430a-ac2f-d8a1f25fa6d3,"{<resource_manager.instance.OnPremInstance object at 0x113e97620>: [(3, 7830, 9840), (1, 9840, None), (1, 12931.608, None)]}",322.3613792231315,135524.41096581533,7830,7817.252102005001,2,12.75680718072121,7830,26318.533,True,67.08192464280238,81.64112240760238,14.5591977648
lamf-test-cbef53e7-aa65-412f-b9a4-02aefd0bda1b,"{<resource_manager.instance.OnPremInstance object at 0x113e97620>: [(2, 7860, None), (2, 10080, None)]}",89.7921856815224,39092.49370717827,7860,7843.764679393001,1,27.53821583390372,7860,16185.16,True,77.91867974750932,89.62455533150931,11.705875584000001
lamf-test-decf70b3-3bab-4cf4-b55a-9508b27560e7,"{<resource_manager.instance.OnPremInstance object at 0x113e97620>: [(3, 7890, 11370), (2, 11370, None), (1, 18816.432, None)]}",317.6420201174764,135413.82883578463,7890,7844.764679393001,2,31.46862165716037,7890,33922.068,True,103.18272231512435,131.83826983832435,28.6555475232
lamf-test-1faee22d-4d95-436a-a021-6148365dd51b,"{<resource_manager.instance.OnPremInstance object at 0x113e97620>: [(2, 8400, None), (1, 18336.432, None), (1, 29258.04, None)]}",300.8642397517245,135807.9443763201,8400,8392.508019419001,3,80.06340862422996,8400,33238.950000000004,True,104.28371435090122,132.09218898770123,27.808474636800007
lamf-test-585c2356-1279-476b-b41a-cbdb8ebd0ee3,"{<resource_manager.instance.OnPremInstance object at 0x113e97620>: [(4, 8430, 10920), (1, 10920, None), (3, 39728.04, None)]}",290.6639501784463,135971.81232941293,8430,8397.926601032,2,67.52154451837528,8430,42220.412000000004,True,80.61850694210042,100.38644829890043,19.7679413568
lamf-test-17aa2292-304e-4763-ab73-533f31d66f3d,"{<resource_manager.instance.OnPremInstance object at 0x113e97620>: [(5, 8460, 9750), (2, 9750, None), (2, 11340, None)]}",100.9864715008785,39576.98618225499,8460,8407.2536923065,2,9.484686659917168,8460,12775.006000000001,True,17.286727491884594,23.520809226284598,6.234081734400003
lamf-test-17be3ad6-6cd4-4c64-93c6-3fc4d170d157,"{<resource_manager.instance.OnPremInstance object at 0x113e97620>: [(2, 8490, None), (1, 10200, None), (2, 12991.608, None)]}",64.77903730143166,22401.262166782348,8490,8426.890147367,2,17.901759594242193,8490,15055.415,True,33.310093054405485,42.279474264805486,8.969381210400002
lamf-test-410c24b3-e037-404b-8fa3-3b9be7b4adaa,"{<resource_manager.instance.OnPremInstance object at 0x113e97620>: [(5, 8520, 9960), (1, 9960, None)]}",105.56808496111117,39585.929399730274,8520,8429.272574605999,3,10.951403148528405,8520,11553.282,True,13.374830025096964,16.941385204296964,3.5665551791999994
lamf-test-dbfc6e86-f385-4c1b-a2d1-36902c12232e,"{<resource_manager.instance.OnPremInstance object at 0x113e97620>: [(2, 8550, None), (4, 45168.576, None)]}",332.81097832014945,136230.37616680303,8550,8430.272574605999,3,125.08502851927904,8550,49871.51823429971,True,154.31562157699935,195.46569064959112,41.15006907259176
lamf-test-ee649544-0852-4484-9313-a2ec39aaf5e5,"{<resource_manager.instance.OnPremInstance object at 0x113e97620>: [(4, 8580, 10170), (2, 10170, None), (1, 15294.288, None)]}",94.51083597672981,39462.99025897589,8580,8432.637677841,1,44.47748482774355,8580,15785.753999999999,True,48.514166552589536,55.84862080698954,7.334454254399999
lamf-test-3e8d9edc-8d07-4ff0-a6aa-1b9473f39dae,"{<resource_manager.instance.OnPremInstance object at 0x113e97620>: [(5, 9030, 9960), (1, 9960, None), (2, 10680, None)]}",46.55013787044631,23199.67504866838,9030,9012.797188989,1,25.683161305042205,9030,13452.294000000002,True,37.032302988820454,42.58370232802046,5.551399339200002
lamf-test-8daeea4f-cbbf-4fb6-b9f3-5857c1ab865e,"{<resource_manager.instance.OnPremInstance object at 0x113e97620>: [(4, 9060, 9660), (2, 9660, None), (3, 11980.536, None)]}",56.56222725445129,23235.525152305418,9060,9015.136049921999,1,18.872770248688113,9060,12452.464,True,25.18954931933987,29.002478106539872,3.8129287872
lamf-test-665b3cd3-6953-4941-a220-b425974f248a,"{<resource_manager.instance.OnPremInstance object at 0x113e97620>: [(3, 9090, 22206.432), (1, 22206.432, None)]}",295.24467469152273,136596.7400585503,9090,9022.804110021,3,59.851389459274465,9090,25195.188,True,64.39737166324434,81.56968555444435,17.1723138912
lamf-test-7b6d3b7a-f2bc-4206-bf5c-c8e1aaff27be,"{<resource_manager.instance.OnPremInstance object at 0x113e97620>: [(3, 9120, 9930), (2, 9930, None)]}",57.77199384513077,23209.381835625463,9120,9032.539626921,2,2.612883440371161,9120,10631.369000000002,True,4.519533857260072,6.074092390060073,1.554558532800002
lamf-test-e86f1528-c4b7-428d-9220-137c2eee5f81,"{<resource_manager.instance.OnPremInstance object at 0x113e97620>: [(5, 9150, 19806.432), (1, 19806.432, None), (2, 28778.04, None)]}",291.443531643958,136977.70134557207,9150,9038.672852865,2,93.89125373492656,9150,41902.485,True,123.15699462994633,164.37694760674634,41.2199529768
lamf-test-905b51bb-7f4b-480b-babc-216c95cb3e5c,"{<resource_manager.instance.OnPremInstance object at 0x113e97620>: [(4, 9180, None)]}",76.07511246679637,23179.883540903153,9180,9042.972158073,3,12.046543463381244,9180,11948.969000000001,True,16.846719902654197,21.3390952082542,4.492375305600001
lamf-test-d53de693-fd3a-47ec-b96e-28dcf292d471,"{<resource_manager.instance.OnPremInstance object at 0x113e97620>: [(4, 9210, 10500), (2, 10500, None), (2, 12931.608, None)]}",82.04480128359563,40206.788421798214,9210,9043.972158073,2,11.308640773419189,9210,18536.075999999997,True,41.77979432779789,54.93789962059788,13.158105292799995
lamf-test-d608e81f-e921-488f-9511-ac29f6be8717,"{<resource_manager.instance.OnPremInstance object at 0x113e97620>: [(4, 9600, None)]}",290.8535591080783,137628.0706233935,9600,9593.925082186,3,,9600,18536.862,True,54.372877024868814,68.87204193366881,14.499164908800001
lamf-test-794e981d-7b48-479b-88a9-08c76168b3f4,"{<resource_manager.instance.OnPremInstance object at 0x113e97620>: [(2, 9630, None), (1, 10890, None)]}",55.43753343799916,23777.64075646188,9630,9599.900739835,3,3.832991101984941,9630,12728.351,True,12.221542322610086,15.480559819410086,3.2590174968000003
lamf-test-d89dd74a-ca32-43e3-9fdb-057b16e15c3a,"{<resource_manager.instance.OnPremInstance object at 0x113e97620>: [(2, 9660, None), (3, 10830, None)]}",52.589033620058174,23808.805374399013,9660,9600.900739835,1,21.717570613734885,9660,13425.325065681858,True,41.056142030573206,47.26856526377601,6.212423233202808
lamf-test-9d73df9e-a4e9-43ed-b3cd-731892da568c,"{<resource_manager.instance.OnPremInstance object at 0x113e97620>: [(6, 9690, 11130), (1, 11130, None), (1, 12501.072, None)]}",116.24356079750007,40721.585597927835,9690,9605.734819109,3,15.227122975131188,9690,13465.494,True,18.160949121606208,23.00377905120621,4.842829929600001
lamf-test-700b88cb-1fe1-443f-85f3-4e83586778d7,"{<resource_manager.instance.OnPremInstance object at 0x113e97620>: [(2, 9720, None), (1, 30758.04, None)]}",323.88597973304996,136890.93251194368,9720,9613.169892989,1,113.59805612594114,9720,37707.504,True,170.67784257357974,196.20000841677972,25.5221658432
lamf-test-cacf2328-5a7f-4177-ad3a-d6767db7f233,"{<resource_manager.instance.OnPremInstance object at 0x113e97620>: [(5, 9750, 15934.824), (2, 15934.824, None), (2, 30038.04, None)]}",299.34289693362723,137538.66035308855,9750,9614.169892989,2,63.08958406783038,9750,32035.396,True,73.94908783852898,101.17295010412899,27.223862265600005
lamf-test-76901c5b-cc70-4a21-8b6a-aa4aa3dedd24,"{<resource_manager.instance.OnPremInstance object at 0x113e97620>: [(2, 9780, 15294.288), (1, 15294.288, None)]}",295.82083300729096,136929.97354113066,9780,9626.214352863,2,14.990425174259885,9780,21252.907,True,27.080680295835176,33.970686587835175,6.890006292
lamf-test-c0570041-d32e-4e8b-8d2d-a250dfe399fc,"{<resource_manager.instance.OnPremInstance object at 0x113e97620>: [(5, 9810, 13422.144), (1, 13422.144, None), (1, 40238.04, None)]}",309.1917473885502,137461.56852306906,9810,9629.588712051,1,122.98190463153091,9810,53624.592,True,198.31880082135524,227.37992725335525,29.061126432
lamf-test-ca7252f0-85f2-4005-896c-fb17b2f26952,"{<resource_manager.instance.OnPremInstance object at 0x113e97620>: [(6, 9840, 19956.432), (2, 19956.432, None)]}",304.02222934164064,137631.27951863172,9840,9634.625405793,1,159.2593675564682,9840,36317.022999999994,True,247.60083542474712,285.4918957591471,37.891060334399995
lamf-test-0ae28a41-e363-4bde-bdce-50f826df3b42,"{<resource_manager.instance.OnPremInstance object at 0x113e97620>: [(4, 9870, 11460), (1, 11460, None), (1, 22566.432, None), (2, 23866.968, None)]}",87.69850691765791,40913.41779822223,9870,9635.625405793,3,30.523239790098106,9870,25142.109999999993,True,38.28134763099851,48.4895176341985,10.208170003199989
lamf-test-9da27dae-e6dc-4f47-b706-a6e8a3713464,"{<resource_manager.instance.OnPremInstance object at 0x113e97620>: [(6, 9900, None)]}",296.9549680882063,137405.36314957673,9900,9640.711928308,3,,9900,14875.189999999999,True,45.404426192105845,57.51204857610584,12.107622383999997
lamf-test-50c28631-c9b3-47d9-9e36-b5f64438ea4d,"{<resource_manager.instance.OnPremInstance object at 0x113e97620>: [(6, 9930, 10740), (2, 10740, None), (1, 13852.68, None)]}",57.792712238435485,23543.048475370335,9930,9652.307751012999,3,16.86114533424595,9930,14441.007,True,19.545731234314392,24.75782954391439,5.212098309599999
lamf-test-6ea3ccb6-5ec7-474a-bd76-4c0b7e74a8fd,"{<resource_manager.instance.OnPremInstance object at 0x113e97620>: [(4, 10200, None)]}",318.43627200467716,137691.68891642016,10200,10195.946751061,3,,10200,19847.071,True,58.693868735265035,74.34527672566503,15.6514079904
lamf-test-f6a7b87b-3fe2-4927-871e-a0cac1bfa236,"{<resource_manager.instance.OnPremInstance object at 0x113e97620>: [(3, 10230, 11980.536), (2, 11980.536, None)]}",80.84812600328213,41505.01327711576,10230,10198.90309045,3,7.987843942505132,10230,21662.26,True,37.44019469161152,47.42406140521152,9.983866713599998
lamf-test-01aed4d0-4ac3-4934-b29d-300b9eb1cf38,"{<resource_manager.instance.OnPremInstance object at 0x113e97620>: [(6, 10260, None)]}",48.38806555130056,24566.46849687507,10260,10202.87726605,3,,10260,11192.804,True,8.51292721879991,10.78299903319991,2.2700718144000005
lamf-test-f035cec5-13b9-4feb-9d16-93fce26c2cc2,"{<resource_manager.instance.OnPremInstance object at 0x113e97620>: [(3, 10290, 11100), (2, 11100, None), (3, 14343.216, None), (1, 15384.288, None)]}",59.50673849065216,24415.752485151796,10290,10208.743152883,2,17.617862154690297,10290,16526.126665538504,True,26.72207094868043,35.22864836033493,8.506577411654503
lamf-test-7dc86417-03bf-4f7d-b2cc-4f303d7c708b,"{<resource_manager.instance.OnPremInstance object at 0x113e97620>: [(4, 10320, None)]}",122.20824587768153,41548.84631892742,10320,10210.188447370001,2,,10320,15129.762,True,17.51792857485211,25.321286443652113,7.803357868800001
lamf-test-6e11c3c3-b9bf-4aa2-897f-6c03a891a9cd,"{<resource_manager.instance.OnPremInstance object at 0x113e97620>: [(5, 10350, 14833.752), (1, 14833.752, None), (1, 28958.04, None)]}",323.10613238146993,137846.41398994747,10350,10211.820230803001,3,55.5830070727812,10350,36899.577,True,79.74161076887974,101.00564585207974,21.264035083199996
lamf-test-c5a6ffed-1196-4516-a2cc-67f21c8eb5f5,"{<resource_manager.instance.OnPremInstance object at 0x113e97620>: [(2, 10380, None)]}",321.906162634098,137912.17114166083,10380,10212.820230803001,2,13.522451504023522,10380,21512.698,True,30.263902856838936,39.294747474438935,9.0308446176
lamf-test-6718dd63-82fd-49d3-b154-c2385c7724e4,"{<resource_manager.instance.CloudReservedInstance object at 0x114098290>: [(4, 10410, None)]}",53.92864783453742,24323.916710727302,10410,10221.157568966002,1,,10410,15584.123339336895,True,54.69641373243808,77.30526307600458,22.608849343566494
lamf-test-93fc33e5-0604-48d1-8efe-1dfc9145e379,"{<resource_manager.instance.CloudReservedInstance object at 0x114098290>: [(2, 10440, None)], <resource_manager.instance.CloudReservedInstance object at 0x11408d450>: [(3, 10440, 21906.432)]}",318.63019504491797,137941.72799821553,10440,10226.496954973501,1,109.00479123887749,10440,56233.20546045137,True,294.35735916739276,405.9369984765869,111.57963930919414
lamf-test-561c40aa-4fd2-4142-aa20-b41c53e185e4,"{<resource_manager.instance.CloudReservedInstance object at 0x11408d450>: [(2, 10470, None)], <resource_manager.instance.CloudOnDemandInstance object at 0x113e97b60>: [(1, 16485.36, None)]}",92.22367706149063,41515.55960924112,10470,10238.304415295,2,73.64668883969364,10470,38547.114123048384,True,94.69363038177002,151.0568085056408,56.36317812387077
lamf-test-d81c27cf-4838-43c5-ac8d-f0f7d5a86a71,"{<resource_manager.instance.CloudReservedInstance object at 0x11408d450>: [(1, 10830, None)], <resource_manager.instance.CloudReservedInstance object at 0x11408d1d0>: [(3, 10830, 20016.432), (1, 20016.432, None)], <resource_manager.instance.CloudOnDemandInstance object at 0x113e97b60>: [(1, 59139.648, None)], <resource_manager.instance.CloudOnDemandInstance object at 0x11408d810>: [(1, 92681.25599999998, None)], <resource_manager.instance.CloudReservedInstance object at 0x114098290>: [(2, 107591.25599999998, None)]}",313.16578296695053,138518.80358018368,10830,10807.702948337,3,260.51371206935886,10830,130784.84928458525,True,333.5449283418374,629.5774349719163,296.03250663007896
lamf-test-92b10550-cff6-47f7-a077-4b4db1587046,"{<resource_manager.instance.CloudReservedInstance object at 0x11408d1d0>: [(3, 10860, None), (1, 20046.432, None)], <resource_manager.instance.CloudReservedInstance object at 0x113e9e780>: [(1, 10860, 12961.608)], <resource_manager.instance.CloudReservedInstance object at 0x114098290>: [(1, 20046.432, None)], <resource_manager.instance.CloudReservedInstance object at 0x11408d450>: [(1, 20046.432, None)], <resource_manager.instance.CloudOnDemandInstance object at 0x113e97b60>: [(1, 21696.432, None)]}",81.64667311738593,41945.6883985387,10860,10813.553792231001,2,34.20436455191021,10860,24955.72250994919,True,62.09976487949126,94.91711219927032,32.81734731977906
lamf-test-29b14cf4-c2e0-462e-a5b2-16a34ab23f1f,"{<resource_manager.instance.CloudReservedInstance object at 0x113e9e780>: [(2, 10890, None)], <resource_manager.instance.CloudOnDemandInstance object at 0x11408d810>: [(3, 13852.68, 22566.432)]}",89.42960233211319,41902.88187697296,10890,10822.471575569001,3,55.401159023499886,10890,22576.806915746638,False,55.432720102659175,,
lamf-test-0ee3ab93-6383-46f5-aeca-265dafdbd84c,"{<resource_manager.instance.CloudReservedInstance object at 0x113e9e780>: [(3, 10920, None)], <resource_manager.instance.CloudReservedInstance object at 0x113e97e00>: [(2, 10920, 11980.536)]}",39.66592451958817,24969.85234615324,10920,10840.947683672,3,6.990122442771313,10920,15018.299315474018,True,20.851693583423916,29.598602111184377,8.74690852776046
lamf-test-3484ce7d-9fee-4f95-9c2d-f871cc58413f,"{<resource_manager.instance.OnPremInstance object at 0x113e97620>: [(3, 10950, 12501.072), (2, 12501.072, None)]}",280.48808000057255,138578.40583448514,10950,10848.702390347,3,62.890184804928126,10950,41769.157999999996,True,96.11284204121984,121.74245781401983,25.629615772799998
lamf-test-0ab21652-7e84-40ef-afc1-d04cb7c18425,"{<resource_manager.instance.CloudReservedInstance object at 0x113e97e00>: [(2, 10980, None)]}",99.9394489602227,42118.36870851151,10980,10849.702390347,3,,10980,17400.98426808556,True,13.021997653733996,22.299035724264016,9.27703807053002
lamf-test-107c896d-ee0f-4ca2-89f1-19c67b8002a2,"{<resource_manager.instance.OnPremInstance object at 0x113e97620>: [(2, 11400, None)]}",98.1671155759394,42623.44778327473,11400,11395.8185015275,3,,11400,14321.226000000002,True,8.88653433721196,11.256232868411963,2.369698531200002
lamf-test-34f82a8b-288c-437f-910d-553d4a2c7dfc,"{<resource_manager.instance.OnPremInstance object at 0x113e97620>: [(2, 11430, 15934.824), (1, 15934.824, None)]}",332.1651620956545,139196.01542666403,11430,11401.639416881999,1,24.324473648186178,11430,23380.816,True,45.27676690242604,51.95117448642604,6.674407584
lamf-test-aa879c60-c521-40a2-972a-cf0714098824,"{<resource_manager.instance.OnPremInstance object at 0x113e97620>: [(2, 11460, None), (2, 14773.752, None)]}",56.99333448866139,25625.163626440917,11460,11407.789448705998,2,9.008334603135353,11460,17514.424,True,23.909202509631776,31.043784384831774,7.1345818751999985
lamf-test-cfb32c98-2421-4b31-9da7-090b5212bb9a,"{<resource_manager.instance.OnPremInstance object at 0x113e97620>: [(6, 11490, 15474.288), (1, 15474.288, None), (2, 40268.04, None)]}",311.65623815536327,138921.56809263537,11490,11411.602823381998,1,132.4904129591604,11490,44742.50299999999,True,169.2416490987907,194.4386847651907,25.197035666399987
lamf-test-2e0bd3ff-93cb-46df-ab43-ee2f13d4c7e1,"{<resource_manager.instance.CloudReservedInstance object at 0x113e97e00>: [(2, 11520, None)], <resource_manager.instance.CloudReservedInstance object at 0x113e9e9e0>: [(1, 11520, None)]}",316.2487464140096,139124.14603878796,11520,11420.870004761999,1,,11520,36457.65569599012,True,129.59716626557088,192.868986297437,63.271820031866135
lamf-test-75f66efa-1a77-47ea-a0c6-c0317f11e7c2,"{<resource_manager.instance.CloudOnDemandInstance object at 0x113e9ec40>: [(5, 11550, 22626.432), (2, 22626.432, None)]}",323.850834844211,139482.76709158265,11550,11427.434857511498,3,84.23782797170888,11950.536,22634.39695519492,False,84.26205781487542,,
lamf-test-c1ff5343-c068-4179-8505-1de35f1c5237,"{<resource_manager.instance.CloudReservedInstance object at 0x113e9e780>: [(3, 11980.536, None)], <resource_manager.instance.CloudReservedInstance object at 0x113e97e00>: [(1, 11980.536, 27597.504)], <resource_manager.instance.CloudReservedInstance object at 0x114098290>: [(1, 105191.25599999998, None), (2, 113081.25599999998, None)], <resource_manager.instance.CloudReservedInstance object at 0x11408d450>: [(1, 113081.25599999998, None)]}",328.6266875432299,139106.9940996265,11980.536,11432.243184254998,2,368.84196674882287,11980.536,131395.214107168,True,542.6000232386718,838.875698528064,296.27567528939227
lamf-test-c8383b87-eaaf-4727-8a38-364a265a9c1b,"{<resource_manager.instance.OnPremInstance object at 0x113e97620>: [(2, 12010.536, None), (2, 20496.432, None), (1, 21636.432, None)]}",87.74670802746411,42469.27823226329,12010.536,11454.132077330998,2,34.19430684950686,12010.536,23136.384000000002,True,40.4653682939787,52.2405657851787,11.775197491200002
lamf-test-a5bf6748-f8d5-4a59-badc-d9816f45493a,"{<resource_manager.instance.OnPremInstance object at 0x113e97620>: [(2, 12040.536, None), (1, 13422.144, None), (2, 15934.824, None)]}",54.40376906069801,26154.523510285562,12040.536,11998.133904188999,2,15.684823461844545,12040.536,16977.556,True,23.46983551267245,29.76268544227245,6.2928499296
lamf-test-9d2ced27-20c6-49c1-84d1-76444fddb91f,"{<resource_manager.instance.CloudOnDemandInstance object at 0x113e9ec40>: [(3, 12070.536, None)]}",313.4023701696379,139664.64967091798,12070.536,12001.736889548998,2,139.44769245277806,12471.072,83921.61170129945,True,231.77590848491357,712.416494281186,480.6405857962725
lamf-test-6323d458-f602-48c5-98a5-f5c1a1584292,"{<resource_manager.instance.CloudOnDemandInstance object at 0x113e9ec40>: [(4, 12501.072, None)], <resource_manager.instance.CloudOnDemandInstance object at 0x11408d810>: [(1, 12501.072, None)]}",313.6595923894348,139982.88771988786,12501.072,12015.568259144999,1,,12901.608,69716.49976103957,True,691.8589256981741,1243.4156493145956,551.5567236164214
lamf-test-48feb4fc-2742-45dc-808f-e652fe900563,"{<resource_manager.instance.OnPremInstance object at 0x113e97620>: [(3, 12931.608, 13852.68), (2, 13852.68, None)]}",41.254966979320166,25982.64807410785,12931.608,12017.716520885999,1,7.355126625598905,12931.608,16372.385000000002,True,20.960652140847223,24.125397246447225,3.1647451056000016
lamf-test-bbc839c8-f836-4f9a-a8e0-6cb8342496f2,"{<resource_manager.instance.CloudReservedInstance object at 0x11408d1d0>: [(3, 12961.608, None)], <resource_manager.instance.CloudOnDemandInstance object at 0x113e9ec40>: [(1, 23476.968, None)], <resource_manager.instance.CloudOnDemandInstance object at 0x11408d810>: [(2, 23476.968, None)]}",114.4912360012796,43249.50741150838,12961.608,12021.959232234,3,55.10468628793063,12961.608,34673.54698983417,True,67.08509691916115,134.4549784245417,67.36988150538058
lamf-test-d4b58a16-b6c8-4064-88b0-a3ec8e4212ba,"{<resource_manager.instance.CloudOnDemandInstance object at 0x11408d810>: [(2, 12991.608, None)], <resource_manager.instance.CloudOnDemandInstance object at 0x113e97b60>: [(4, 16485.36, None)]}",56.907858453854786,26401.87140705193,12991.608,12027.422120915999,2,7.088950142896186,13392.144,26417.271407051932,False,57.7258298091172,,
lamf-test-26bbd872-e5de-48b0-8f8f-e6417ce7af20,"{<resource_manager.instance.CloudOnDemandInstance object at 0x11408d810>: [(2, 13422.144, None)], <resource_manager.instance.CloudOnDemandInstance object at 0x113e97b60>: [(1, 45858.576, 73331.25599999998)]}",298.1380358381042,139268.2836475822,13422.144,12028.440580850998,2,168.5342401308071,13822.68,73339.41709858678,False,168.55079929728288,,
lamf-test-032ba352-18f7-47d0-a6f0-b7f2f4956a0a,"{<resource_manager.instance.OnPremInstance object at 0x113e97620>: [(6, 13852.68, 16975.896), (1, 16975.896, None)]}",307.62274626708137,140025.37086575566,13852.68,12037.415145497998,3,28.50299794661191,13852.68,22934.541999999998,True,37.5662666362461,47.5837519114461,10.0174852752
lamf-test-05c2e1a5-42c3-4e97-863b-94fa07e33793,"{<resource_manager.instance.OnPremInstance object at 0x113e97620>: [(4, 13882.68, None), (2, 21726.432, None)]}",91.04820322006628,43312.35923405078,13882.68,12038.907251801998,2,28.56820925751698,13882.68,23159.614,True,37.6841510686873,53.897646028687305,16.213494960000002
lamf-test-d2eb5728-b98d-4dc8-9b54-d5b61be5f0ce,"{<resource_manager.instance.CloudOnDemandInstance object at 0x11408d810>: [(4, 13912.68, None)]}",294.31398108778467,139665.206500201,13912.68,12039.907251801998,2,249.8506845128106,14313.216,139680.606500201,False,341.8963049305875,,
lamf-test-3058457a-d1e2-4d92-baae-1c4c74ce602b,"{<resource_manager.instance.CloudOnDemandInstance object at 0x11408d310>: [(5, 14343.216, None)]}",296.32729201787157,139825.37296629252,14343.216,12040.907251801998,2,118.1966342776409,14743.752,139840.77296629254,False,315.89684760295,,
lamf-test-7a641bba-d417-49ff-88d9-3fe54ccc21c1,"{<resource_manager.instance.OnPremInstance object at 0x113e97620>: [(5, 14773.752, None)]}",72.4727596207448,26198.97208498475,14773.752,12042.026150707998,1,,14773.752,15933.982000000002,True,15.265023195680296,17.6179696356803,2.3529464400000024
lamf-test-3babe4ac-4db5-41c5-ad0c-7fee914c7ec7,"{<resource_manager.instance.OnPremInstance object at 0x113e97620>: [(3, 14803.752, 19506.432), (2, 19506.432, None)]}",293.72278396528714,139818.68641727424,14803.752,12047.742146089997,2,15.169820614030433,14803.752,35891.42999999999,True,59.71194218972574,78.72567359132573,19.013731401599994
lamf-test-efb02442-ed88-49c8-bf51-dea5e65f914e,"{<resource_manager.instance.OnPremInstance object at 0x113e97620>: [(2, 14833.752, None), (1, 24496.968, None), (2, 29978.04, None)]}",304.7860416350407,139992.5635470991,14833.752,12052.389923254997,3,92.28024640657084,14833.752,39627.893,True,127.79513727279635,161.87320838559634,34.07807111279999
lamf-test-a3da9951-7484-4541-a43a-d268b07d7f2b,"{<resource_manager.instance.CloudOnDemandInstance object at 0x11408d310>: [(4, 14863.752, None)]}",322.8627978188001,139751.55097400793,14863.752,12053.389923254997,2,261.6427077994882,15264.288,139766.95097400795,False,286.14591903153496,,
lamf-test-a4d8ead1-b39f-46fe-9cfa-58d32f343ff0,"{<resource_manager.instance.OnPremInstance object at 0x113e97620>: [(4, 15294.288, None), (1, 22506.432, None)]}",84.41713409588449,43252.28248217316,15294.288,12054.389923254997,1,89.23129911019849,15294.288,25265.868,True,113.17581200091259,130.47293063451258,17.297118633599993
lamf-test-1393ec0f-c39a-48b5-8afc-5e45c5c5f7c7,"{<resource_manager.instance.OnPremInstance object at 0x113e97620>: [(6, 15324.288, 16975.896), (1, 16975.896, None)]}",354.69102159935267,139671.4647669421,15324.288,12055.389923254997,3,15.072854209445586,15324.288,28110.313000000002,True,32.00861662483839,40.54408938883839,8.535472764000001
lamf-test-98a6ab80-499b-4f3a-95f7-4dd7df820566,"{<resource_manager.instance.OnPremInstance object at 0x113e97620>: [(2, 15354.288, None), (4, 17676.432, None)]}",105.87093398460661,43230.74748168206,15354.288,12057.252848782997,1,30.74547296372348,15354.288,20436.75,True,56.62324161533195,65.22447471293195,8.601233097599998
lamf-test-0b319882-7fad-4ae3-8912-b51a1940b68d,"{<resource_manager.instance.OnPremInstance object at 0x113e97620>: [(2, 15384.288, None), (2, 34448.04, None), (1, 44378.04, None)]}",309.96889456321867,140613.30603712823,15384.288,12602.056878997997,3,118.40825005703856,15384.288,50840.327000000005,True,167.55485436154845,212.23532001994846,44.6804656584
lamf-test-151fcd56-358d-466c-9e97-a24b8c315d14,"{<resource_manager.instance.OnPremInstance object at 0x113e97620>: [(4, 15414.288, 16975.896), (1, 16975.896, None), (1, 35858.04, None)]}",286.90020368365816,139895.38703779975,15414.288,12616.541801227997,1,69.64049281314169,15414.288,38352.402,True,83.67827424138719,95.89385112138719,12.21557688
lamf-test-0479ea03-d843-4f1c-b0bd-6f829a2c5a10,"{<resource_manager.instance.CloudReservedInstance object at 0x113e97e00>: [(1, 15444.288, None)], <resource_manager.instance.CloudOnDemandInstance object at 0x11408d310>: [(3, 15444.288, None)], <resource_manager.instance.CloudOnDemandInstance object at 0x113e9e8b0>: [(1, 15444.288, None)]}",326.10114994784385,140373.28863756906,15444.288,12617.541801227997,3,,15444.288,126892.79506100844,True,452.0435300469326,982.3456177401172,530.3020876931846
lamf-test-724d0d5f-301b-4490-8457-7773ef64d695,"{<resource_manager.instance.OnPremInstance object at 0x113e97620>: [(5, 15474.288, 16485.36), (1, 16485.36, None), (1, 17766.432, None)]}",109.55462846539683,43734.10018847836,15474.288,12622.865037239997,2,6.645447938372067,15474.288,20301.428,True,16.932646489638014,21.559092064038012,4.626445574399999
lamf-test-2674780b-0edf-4613-bd86-e3e24ce33fcb,"{<resource_manager.instance.CloudOnDemandInstance object at 0x113e9e8b0>: [(5, 15504.288, None)]}",302.61464185285956,140111.86505360817,15504.288,12629.770138133998,1,1542.3427989961212,15904.824,140127.2650536082,False,1639.6513065840913,,
lamf-test-15ce12ce-cdd4-4322-97b9-e92908eec275,"{<resource_manager.instance.OnPremInstance object at 0x113e97620>: [(4, 15934.824, None), (1, 18576.432, None)]}",62.79223748275714,26904.42077910858,15934.824,12634.403507936997,2,14.89537600205531,15934.824,20067.14,True,18.075261896345914,25.384162539545912,7.308900643199998
lamf-test-6fdb4590-cea7-4d20-bffa-249d0757fa2a,"{<resource_manager.instance.OnPremInstance object at 0x113e97620>: [(6, 15964.824, 18426.432), (1, 18426.432, None)]}",88.08906902383775,44257.48634940166,15964.824,13210.139819357997,1,46.77183481633584,15964.824,29163.32,True,68.96476629401475,79.31021729561475,10.3454510016
lamf-test-e4ed1a21-f292-441c-946a-d7b9f0990c7d,"{<resource_manager.instance.CloudReservedInstance object at 0x114098290>: [(2, 15994.824, None)]}",297.2172710903451,140813.93046662718,15994.824,13214.565144278497,1,152.12551038101756,15994.824,67798.63658493561,True,279.7224650947166,392.9034348302839,113.1809697355673
lamf-test-c777b76c-0cc3-4d24-b87d-dcc762dd2026,"{<resource_manager.instance.CloudReservedInstance object at 0x114098290>: [(2, 16024.824, 19596.432), (1, 19596.432, None)], <resource_manager.instance.CloudOnDemandInstance object at 0x113e97b60>: [(1, 79001.25599999998, None)]}",310.2741421688458,141371.56183733864,16024.824,13217.630501045996,1,186.44479853981284,16024.824,94634.73767142941,True,260.9522276023203,377.3292542882941,116.3770266859738
lamf-test-38f0df60-c850-46c3-8ecc-b21d5524ac44,"{<resource_manager.instance.CloudOnDemandInstance object at 0x113e9e8b0>: [(6, 16054.824, None)]}",82.2505270696069,44491.065404422996,16054.824,13219.035609488996,3,162.38390143737166,16455.36,44506.465404423,False,259.65449604766593,,
lamf-test-ecaffeb0-92d2-4398-a844-9e4844c48df5,"{<resource_manager.instance.OnPremInstance object at 0x113e97620>: [(3, 16485.36, 16975.896), (1, 16975.896, None), (1, 18576.432, None), (1, 21426.432, None)]}",106.56838267415606,44383.290011242825,16485.36,13222.201455719996,1,24.460119552817705,16485.36,22544.224000000002,True,33.896191649555114,38.81430256155512,4.918110912000002
lamf-test-3c60492c-5568-42f7-a13b-d4f3117a23dc,"{<resource_manager.instance.OnPremInstance object at 0x113e97620>: [(6, 16515.36, 21996.432), (1, 21996.432, None)]}",288.51703100665657,140978.54638986284,16515.36,13235.785475153996,2,23.688370268466702,16515.36,25977.431,True,31.765962332791695,46.71939234639169,14.9534300136
lamf-test-04f3f31f-b20f-4cb7-a3dd-c0c2f380b4cc,"{<resource_manager.instance.CloudOnDemandInstance object at 0x113e97b60>: [(4, 16545.36, 18696.432), (2, 18696.432, None)]}",63.69847192731158,27341.386040670557,16545.36,13242.591025448995,3,8.724909879078258,16945.896,18708.581401359552,False,8.749549322097096,,
lamf-test-b6b347a8-b100-462f-bbd1-cdcde8345e59,"{<resource_manager.instance.OnPremInstance object at 0x113e97620>: [(4, 16975.896, 20946.432), (2, 20946.432, None), (1, 38858.04, None), (1, 51269.112, None)]}",310.4633474601291,141042.68781051028,16975.896,13251.993871079996,1,240.62852292950032,16975.896,55250.889,True,284.53738786219486,327.0709092925949,42.53352143040001
lamf-test-d4113937-9912-4267-ad39-f41249bcbcef,"{<resource_manager.instance.OnPremInstance object at 0x113e97620>: [(2, 17005.896, None), (1, 17676.432, None), (2, 19896.432, None)]}",44.164232744169574,27575.078911708577,17005.896,13253.441206283997,3,17.645557837097876,17005.896,21389.750999999997,True,23.526757928359537,29.800443663559527,6.273685735199991
lamf-test-198ba68c-5a75-4dd3-95a5-23cb4a91c31d,"{<resource_manager.instance.OnPremInstance object at 0x113e97620>: [(5, 17035.896, 18306.432), (1, 18306.432, None), (1, 23176.968, None)]}",75.79076386942039,44424.222134300624,17035.896,13255.568800454996,2,14.96692379866916,17035.896,23669.193999999996,True,16.964412786460617,21.915842927260613,4.951430140799996
lamf-test-9bb4d80d-2aee-48e9-ac53-5a922312b6c8,"{<resource_manager.instance.OnPremInstance object at 0x113e97620>: [(6, 17065.896, 18006.432), (2, 18006.432, None), (1, 18726.432, None)]}",62.348183689222225,27999.662494426222,17065.896,13803.028125536996,2,29.57232905494206,17065.896,24616.140999999996,True,33.9835836390365,44.0231339598365,10.039550320799995
lamf-test-8fdaa8c6-0ab8-4102-bf2c-7c6a5957696b,"{<resource_manager.instance.OnPremInstance object at 0x113e97620>: [(3, 17095.896, 21576.432), (2, 21576.432, None)]}",305.80076715201267,141199.8840560439,17095.896,13804.516627184996,3,55.859493497604376,17095.896,36207.337999999996,True,64.95310670012927,82.27361385212927,17.320507151999998
lamf-test-c89d3402-a23f-46ae-8720-cd373edbf82e,"{<resource_manager.instance.OnPremInstance object at 0x113e97620>: [(3, 17125.896, None), (1, 18876.432, None)]}",59.063695813800784,28035.598314519542,17125.896,13806.713931071996,3,7.987843942505132,17125.896,19809.795,True,13.666529774127294,17.31087011012729,3.644340335999996
lamf-test-d457b8b2-16f3-450b-ba2f-e7b966006e63,"{<resource_manager.instance.OnPremInstance object at 0x113e97620>: [(6, 17185.896, 22656.432), (1, 22656.432, None), (1, 34568.04, None)]}",308.6020686022321,141415.06770127008,17185.896,13809.196633028996,1,119.63878986995209,17185.896,41029.428,True,156.00221765913759,179.3881402191376,23.385922559999997
lamf-test-87f7683b-4f57-45f2-93ec-cd6117faec52,"{<resource_manager.instance.OnPremInstance object at 0x113e97620>: [(2, 17215.896, None)]}",62.86965238334432,27876.861774711302,17215.896,13813.387111325996,1,2.4867332877024872,17215.896,19622.243,True,12.99343197201307,14.945460658413069,1.9520286863999983
lamf-test-95f36198-5f8e-46dc-93db-fc5d6a810881,"{<resource_manager.instance.CloudOnDemandInstance object at 0x113e97b60>: [(3, 17245.896, None)]}",312.84764381313755,141605.37859147176,17245.896,13814.387111325996,2,222.68442901469072,17646.432,141620.77859147178,False,338.1093571907771,,
lamf-test-067d037c-dcca-41c3-b8b9-a8b36009d0a4,"{<resource_manager.instance.OnPremInstance object at 0x113e97620>: [(4, 18006.432, None), (1, 19266.432, None), (1, 19626.432, None)]}",61.80548621708826,28114.093332471268,18006.432,13824.978803502996,2,20.02916161240995,18006.432,21774.052,True,23.167931036520994,31.16868306852099,8.000752031999998
lamf-test-55d518fc-620c-44fe-a18a-2336d48b9fc1,"{<resource_manager.instance.OnPremInstance object at 0x113e97620>: [(3, 18306.432, None), (2, 24586.968, None)]}",83.99778340603386,45191.25092219491,18306.432,13825.978803502996,3,28.658617385352496,18306.432,26179.476000000002,True,40.76986538900297,51.64162781780298,10.871762428800004
lamf-test-64282f81-8a38-42e2-8686-39f8e7fadae5,"{<resource_manager.instance.OnPremInstance object at 0x113e97620>: [(5, 18426.432, None)]}",308.1387838586121,141649.61034212564,18426.432,13826.978803502996,2,,18426.432,22906.413,True,17.9279801240933,27.013381592093296,9.085401467999999
lamf-test-6ca33400-5b63-4867-9fb5-39d7d8646a8a,"{<resource_manager.instance.CloudReservedInstance object at 0x113e97e00>: [(2, 18726.432, None)], <resource_manager.instance.CloudOnDemandInstance object at 0x113e97b60>: [(4, 18726.432, 21066.432)]}",105.93846150050236,45090.589899684914,18726.432,13830.139788998997,1,25.270362765229297,18726.432,21075.413600532087,False,25.303377495808366,,
lamf-test-e1a8ae4a-b274-4245-9dc7-b8b20b25f60b,"{<resource_manager.instance.OnPremInstance object at 0x113e97620>: [(4, 19806.432, 22296.432), (2, 22296.432, None), (2, 34208.04, None), (1, 39188.04, None)]}",307.3714712616934,141706.19709987767,19806.432,13831.139788998997,3,136.29309605293176,19806.432,52033.707999999984,True,179.37722412350735,227.2102632371073,47.833039113599966
lamf-test-5f552717-b86e-4e0e-9794-6b12cd0fea27,"{<resource_manager.instance.OnPremInstance object at 0x113e97620>: [(2, 19836.432, None), (2, 21096.432, None)]}",43.981392744961866,28070.572540544475,19836.432,13833.590724090996,2,16.69431852412179,19836.432,25507.085000000003,True,27.40572549925163,35.583680926451635,8.177955427200004
lamf-test-0ee69e3c-f7ac-4d00-b4dc-243374763ca6,"{<resource_manager.instance.OnPremInstance object at 0x113e97620>: [(2, 19866.432, None)]}",95.71047451977611,45075.49467691711,19866.432,13846.412176788996,3,,19866.432,22092.824000000004,True,6.772810099627358,8.57885929002736,1.8060491904000027
lamf-test-60d40a4b-09c7-4a73-b379-b1d85406ff0e,"{<resource_manager.instance.OnPremInstance object at 0x113e97620>: [(4, 19926.432, None), (1, 22506.432, None)]}",57.165191884420324,28146.347596262494,19926.432,13848.162973305996,3,41.330412959160384,19926.432,27328.112,True,52.36656779983268,66.33072683983268,13.964159040000002
lamf-test-87976d93-8677-4270-9b15-bf91d2c51eaa,"{<resource_manager.instance.OnPremInstance object at 0x113e97620>: [(3, 19956.432, 22446.432), (1, 22446.432, None), (1, 25456.968, None), (2, 32918.04, None)]}",311.39111778496914,141606.4006196635,19956.432,13852.995039879996,2,44.418258545345594,19956.432,36897.038,True,71.38210820703156,88.14096157023157,16.7588533632
lamf-test-68fc4f1f-0368-4356-8862-a5c873470b2b,"{<resource_manager.instance.OnPremInstance object at 0x113e97620>: [(4, 20106.432, 24076.968), (2, 24076.968, None), (1, 37478.04, None)]}",313.35740939256686,141714.00478725793,20106.432,13856.923945566996,2,50.89174117264881,20106.432,40473.50099999999,True,65.11271086045306,86.07033501805304,20.957624157599984
lamf-test-6ffd71d7-ab96-484d-939d-8341469b380b,"{<resource_manager.instance.OnPremInstance object at 0x113e97620>: [(3, 20136.432, 24106.968), (2, 24106.968, None), (2, 48929.112, None)]}",291.65416309527114,141702.03024635915,20136.432,13859.593863831997,3,93.62825462012319,20136.432,55877.67999999999,True,135.9041265495474,172.1445546903474,36.240428140799985
lamf-test-20e1ba49-4666-4d28-9ab3-d9b988f76cc5,"{<resource_manager.instance.OnPremInstance object at 0x113e97620>: [(6, 20466.432, None)]}",285.6765311197183,141787.5690650391,20466.432,14401.837147239996,1,,20466.432,29721.572,True,145.7003559206023,168.2236646246023,22.523308704
lamf-test-6012bbf1-8566-4834-b341-39822809aef2,"{<resource_manager.instance.CloudReservedInstance object at 0x113e97e00>: [(2, 21126.432, None)], <resource_manager.instance.CloudOnDemandInstance object at 0x113e97b60>: [(3, 21126.432, None)]}",93.62462651407313,45609.043327758714,21126.432,14402.837147239996,1,181.88697908586204,21126.432,45624.44332775871,False,222.3309264414941,,
lamf-test-92b1912c-cdf4-4496-9665-6c2a64a15900,"{<resource_manager.instance.OnPremInstance object at 0x113e97620>: [(5, 21426.432, 22236.432), (2, 22236.432, None)]}",99.7921660649438,45747.836633316576,21426.432,14403.837147239996,3,13.40188911704312,21426.432,28883.998,True,26.38243516617233,33.41762070537233,7.035185539199999
lamf-test-3d2e4ca8-d6e8-4002-a809-14108f6da5be,"{<resource_manager.instance.OnPremInstance object at 0x113e97620>: [(5, 21786.432, 26266.968), (1, 26266.968, None), (3, 34208.04, None)]}",306.2018292174168,142163.91829162205,21786.432,14404.837147239996,2,34.04292563409318,21786.432,39177.247,True,60.15520636695004,80.52467361495005,20.369467248000003
lamf-test-a7986f20-c88c-442a-a9bb-9d4e408bd120,"{<resource_manager.instance.OnPremInstance object at 0x113e97620>: [(4, 21996.432, None)]}",50.00049139574834,28512.41022887684,21996.432,14407.218984840996,1,12.479618526123659,21996.432,24630.205,True,27.841999163434494,32.1150324786345,4.273033315200002
lamf-test-bf2ee2bb-aeee-4553-ba75-b56c3562dc59,"{<resource_manager.instance.OnPremInstance object at 0x113e97620>: [(2, 22026.432, None)]}",94.73625576454592,45772.177915582615,22026.432,14408.218984840996,1,41.96396440793977,22026.432,34388.115999999995,True,66.7487690318655,76.7765670926655,10.027798060799995
lamf-test-404ab15a-5fdc-47da-96ca-6bf36dbfc057,"{<resource_manager.instance.OnPremInstance object at 0x113e97620>: [(4, 22146.432, 29618.04), (1, 29618.04, None), (1, 36578.04, None)]}",285.63536765098837,142315.17663301155,22146.432,14409.916151464997,2,41.33489448439345,22146.432,45022.246,True,75.6020979552436,97.39695068164359,21.7948527264
lamf-test-398c2e41-0ba6-4e76-8602-21bfa67e2257,"{<resource_manager.instance.OnPremInstance object at 0x113e97620>: [(5, 22236.432, 28197.504), (2, 28197.504, None)]}",308.43937206382503,142281.1361711049,22236.432,14411.480206957996,2,23.85500749540882,22236.432,43071.009999999995,True,64.28818377708023,88.44262586028023,24.154442083199996
lamf-test-58d64335-ff0b-41b5-93cb-bcafe6abca1b,"{<resource_manager.instance.CloudReservedInstance object at 0x114098290>: [(2, 22566.432, None)], <resource_manager.instance.CloudReservedInstance object at 0x11408d450>: [(1, 22566.432, None)], <resource_manager.instance.CloudReservedInstance object at 0x113e9e780>: [(2, 22566.432, None)], <resource_manager.instance.CloudOnDemandInstance object at 0x11408d810>: [(1, 22566.432, 25276.968)]}",83.27713277836911,45700.11728929795,22566.432,14415.166778149996,2,114.64325868816185,22566.432,45715.517289297946,False,165.02330268680095,,
lamf-test-78749043-3668-43d0-99ce-4ee040f7f664,"{<resource_manager.instance.OnPremInstance object at 0x113e97620>: [(2, 22596.432, None), (2, 23176.968, None)]}",57.07835905715178,28541.87692222892,22596.432,14421.979634074996,2,6.634523313451804,22596.432,24601.68,True,9.324242536970216,12.106626088970215,2.7823835519999993
lamf-test-59fd6bbc-b1e0-4afd-a720-743bb563c136,"{<resource_manager.instance.OnPremInstance object at 0x113e97620>: [(2, 22626.432, None), (1, 31298.04, None)]}",321.20760313523465,142105.97940807286,22626.432,14427.071170066996,2,23.57350411594632,22626.432,40229.547,True,65.9758890287901,83.8781551559901,17.902266127199997
lamf-test-4cc1e286-0e7f-464c-8240-c10883a7da2a,"{<resource_manager.instance.OnPremInstance object at 0x113e97620>: [(4, 22656.432, 27147.504), (2, 27147.504, None), (3, 34598.04, None)]}",316.2330750787407,142028.09908717813,22656.432,14437.544388685996,3,49.98913985854438,22656.432,38083.710999999996,True,76.49815955585971,96.89729035985971,20.399130803999988
lamf-test-0aaede3d-34d4-43d5-b971-8a2a954407b0,"{<resource_manager.instance.OnPremInstance object at 0x113e97620>: [(2, 22686.432, None), (2, 46218.576, None)]}",291.4038438976179,141970.6018273407,22686.432,14442.584212204996,1,127.06534519735341,22686.432,53178.08099999999,True,202.22312981975804,232.60350594455804,30.380376124799984
lamf-test-a7598ecc-5cec-4bf9-9a0f-c71ca0dbae0e,"{<resource_manager.instance.OnPremInstance object at 0x113e97620>: [(6, 22716.432, 25216.968), (1, 25216.968, None)]}",294.2224632206372,142170.60402136573,22716.432,14445.134823673996,3,22.820314852840518,22716.432,35634.966,True,38.66638375541866,48.97722815381866,10.3108443984
lamf-test-5c0e0bc7-fda1-478e-8de8-178b5b80a83c,"{<resource_manager.instance.CloudOnDemandInstance object at 0x113e9ec40>: [(4, 22746.432, 28287.504), (2, 28287.504, None)]}",109.02475346006189,45698.85712670929,22746.432,14448.634667569497,2,20.18147748768295,23146.968,28296.100378854495,False,20.20484648364179,,
lamf-test-95c3a7f0-6def-4a58-8473-af92a11ec586,"{<resource_manager.instance.OnPremInstance object at 0x113e97620>: [(3, 23176.968, None)]}",312.05091942501133,142428.79377258095,23176.968,14450.497796668997,1,164.26819986310747,23176.968,58630.707,True,283.11222108145114,326.25233069665114,43.140109615200004
lamf-test-225e7631-1dba-46ce-9a30-f911bc78acd8,"{<resource_manager.instance.OnPremInstance object at 0x113e97620>: [(5, 23206.968, None)]}",48.6051907309817,28850.77654063039,23206.968,14452.384870861997,1,30.78713210130048,23206.968,26104.727674642923,True,38.12551705173211,44.002173671907954,5.876656620175846
lamf-test-19917d27-b721-40ad-a37a-4370c7a734bc,"{<resource_manager.instance.OnPremInstance object at 0x113e97620>: [(2, 23236.968, None)]}",301.1069329229973,141815.37257474667,23236.968,14454.053395042996,2,12.180201623233621,23236.968,42788.219,True,53.14948460774513,69.00945941894513,15.859974811199997
lamf-test-c5f3d318-ed60-437f-9c1e-4a6f0f18365e,"{<resource_manager.instance.OnPremInstance object at 0x113e97620>: [(5, 23416.968, 28898.04), (1, 28898.04, None), (1, 33878.04, None)]}",302.37657057421836,142075.9528676911,23416.968,14456.251213636997,2,44.21296451773757,23416.968,41848.200999999994,True,64.38224014529614,83.98313676449614,19.600896619199997
lamf-test-68ff13a7-de65-4a50-8bee-581fe346b072,"{<resource_manager.instance.OnPremInstance object at 0x113e97620>: [(4, 24676.968, None)]}",316.0799972187193,141985.84937968265,24676.968,14462.129870767996,1,31.507681496691763,24676.968,29786.815,True,54.016939158871374,62.30715493167137,8.290215772799996
lamf-test-e3ac6e81-3f29-40d1-91c8-119f86b94741,"{<resource_manager.instance.OnPremInstance object at 0x113e97620>: [(2, 24736.968, None), (1, 36668.04, None), (1, 43628.04, None)]}",292.3170995981352,142371.8013750161,24736.968,14463.129870767996,2,65.47690162762706,24736.968,48598.200000000004,True,99.15740285796826,125.36840404836826,26.211001190400005
lamf-test-cd918581-b0d1-458e-92b2-5c59b3bd83b5,"{<resource_manager.instance.OnPremInstance object at 0x113e97620>: [(3, 24796.968, 26296.968), (2, 26296.968, None), (2, 38438.04, None)]}",301.10787935133226,142645.63126904875,24796.968,15004.813194362996,2,48.772058554009796,24796.968,41474.144,True,54.35092394261799,70.95073667861799,16.599812736
lamf-test-3231937d-3960-4134-90c2-f2e92cf6e932,"{<resource_manager.instance.OnPremInstance object at 0x113e97620>: [(2, 24826.968, None), (3, 26907.504, None)]}",109.51414052886817,45988.35288724238,24826.968,15005.813194362996,2,5.655874199960895,24826.968,30236.32,True,25.443194649386644,33.88176430058664,8.438569651199998
lamf-test-5e0241b4-8be0-4af4-bde6-0b42fa40fc67,"{<resource_manager.instance.CloudReservedInstance object at 0x114098290>: [(1, 24976.968, None)], <resource_manager.instance.CloudReservedInstance object at 0x11408d450>: [(1, 24976.968, None)], <resource_manager.instance.CloudOnDemandInstance object at 0x113e9ec40>: [(1, 30938.04, None)], <resource_manager.instance.CloudOnDemandInstance object at 0x113e97b60>: [(1, 30938.04, None)]}",98.3173256377796,46213.52710551685,24976.968,15009.154914093497,3,13.600438056125942,24976.968,32596.861635709465,True,21.590300676472182,38.9899522094392,17.39965153296702
lamf-test-d56ac58c-44ed-4cac-88e0-685510119191,"{<resource_manager.instance.CloudReservedInstance object at 0x11408d1d0>: [(1, 25006.968, None)], <resource_manager.instance.CloudReservedInstance object at 0x113e9e780>: [(1, 25006.968, None)]}",70.70390367140996,29077.585124644844,25006.968,15015.586706916996,2,8.562531462930911,25006.968,29092.985124644845,False,13.505564171988336,,
lamf-test-093fc8c1-409b-4af5-91bd-f1586aa318b7,"{<resource_manager.instance.OnPremInstance object at 0x113e97620>: [(6, 25216.968, None)]}",48.98947611555658,29183.368146437162,25216.968,15028.963116504996,1,9.445585215605751,25216.968,27353.375,True,33.63269062286104,38.83185069806104,5.199160075199998
lamf-test-412a625e-1641-430d-83ff-ad06d8ff7ded,"{<resource_manager.instance.CloudReservedInstance object at 0x114098290>: [(2, 25276.968, None)], <resource_manager.instance.CloudReservedInstance object at 0x11408d450>: [(1, 25276.968, None)], <resource_manager.instance.CloudReservedInstance object at 0x113e9e780>: [(1, 25276.968, None)], <resource_manager.instance.CloudOnDemandInstance object at 0x113e97b60>: [(1, 25276.968, None)]}",48.58977843534464,29317.695762775264,25276.968,15036.006626514996,1,23.26253190356681,25276.968,28891.311636769286,True,42.23926829798566,59.61847824102709,17.379209943041428
lamf-test-499e704f-e77f-4d06-942d-f6729f7df6df,"{<resource_manager.instance.OnPremInstance object at 0x113e97620>: [(3, 25306.968, None)]}",295.12516285873096,142699.89280595904,25306.968,15042.340337589996,2,50.29339981041293,25306.968,45869.037,True,66.3287525800854,91.3486781392854,25.019925559199997
lamf-test-b31f9afe-254c-4126-a484-8628eb9333c1,"{<resource_manager.instance.OnPremInstance object at 0x113e97620>: [(6, 25336.968, None)]}",58.325064065435534,29225.46641663948,25336.968,15047.693919867996,1,30.391737166324436,25336.968,28066.485774769342,True,42.969821231824,49.61237568850267,6.64255445667867
lamf-test-893ff824-f1d2-4433-939e-c7c4d678a42b,"{<resource_manager.instance.OnPremInstance object at 0x113e97620>: [(2, 25396.968, None), (3, 42998.04, None)]}",291.47945752946964,143315.97934946168,25396.968,15607.689263448996,1,148.58699885922886,25396.968,49675.9,True,184.42310989428853,212.24379958068852,27.8206896864
lamf-test-9ad3c991-d587-4e6c-87f0-aa8b942b2b5d,"{<resource_manager.instance.OnPremInstance object at 0x113e97620>: [(6, 25576.968, None)]}",294.2702271699325,143450.64914861295,25576.968,15609.890498433995,2,38.46909679753914,25576.968,37357.60192801959,True,50.91413111964034,79.5834818468688,28.669350727228476
lamf-test-50bd9009-28ec-4253-bcf7-ae2b62692323,"{<resource_manager.instance.OnPremInstance object at 0x113e97620>: [(3, 26176.968, None), (1, 29678.04, None), (2, 32528.04, None)]}",96.71534015432012,46816.66499886762,26176.968,15637.675694286994,2,31.53229800310781,26176.968,34499.445999999996,True,41.98851602937395,55.67007408057394,13.681558051199989
lamf-test-65b278d1-c75b-4135-b5aa-f825706c680d,"{<resource_manager.instance.OnPremInstance object at 0x113e97620>: [(4, 26236.968, None), (2, 27507.504, None)]}",46.808209305960055,29868.356248698325,26236.968,15642.060880722995,1,43.30497102441251,26236.968,29883.756248698326,False,51.38166219687035,,
lamf-test-4e05654b-8014-4960-848f-0c1b470c0ee8,"{<resource_manager.instance.OnPremInstance object at 0x113e97620>: [(5, 26266.968, None)]}",119.66024806020059,46844.45620366155,26266.968,15643.060880722995,3,14.681998631074608,26266.968,29725.17683088789,True,26.30016602698219,33.31341353602283,7.013247509040637
lamf-test-2b6c6b3a-28c9-458c-9ffa-76aefcc26451,"{<resource_manager.instance.OnPremInstance object at 0x113e97620>: [(5, 26356.968, 33308.04), (1, 33308.04, None), (1, 43748.04, None), (2, 49709.112, None)]}",317.28833254019617,143321.12150558957,26356.968,15647.919305219495,1,198.4951330139174,26356.968,57874.035,True,244.41772142368245,280.83135212128246,36.413630697600006
lamf-test-2f12deb2-00c6-45f2-bf9e-431fba73627e,"{<resource_manager.instance.CloudOnDemandInstance object at 0x11408d810>: [(2, 26476.968, None)], <resource_manager.instance.CloudOnDemandInstance object at 0x113e97b60>: [(4, 26476.968, None)]}",93.49967154984164,46949.098883860745,26476.968,15662.794275128495,1,100.67635622480796,26877.504,46964.49888386074,False,203.59246853939234,,
lamf-test-f9efe039-70ce-49b9-a1a8-bee3de1d2b34,"{<resource_manager.instance.OnPremInstance object at 0x113e97620>: [(5, 27387.504, 28898.04), (2, 28898.04, None), (1, 37838.04, None)]}",307.9037058422363,142806.67514588952,27387.504,15664.223756849495,3,68.25261236595938,27387.504,49980.80900000001,True,94.0923066392882,119.18312296648821,25.09081632720001
lamf-test-8f4c62d4-1881-4ae7-91f8-3b9d5e4e648b,"{<resource_manager.instance.OnPremInstance object at 0x113e97620>: [(6, 27447.504, None)]}",53.33256697567134,29793.278853923206,27447.504,15665.223756849495,2,,27447.504,29808.678853923207,False,10.204643217298676,,
lamf-test-920c97be-abc7-45c8-bf90-73719c07896c,"{<resource_manager.instance.CloudReservedInstance object at 0x113e9e780>: [(3, 27597.504, None)], <resource_manager.instance.CloudOnDemandInstance object at 0x113e97b60>: [(1, 29828.04, None)]}",49.27955402462038,30412.735562292746,27597.504,16207.729973507994,2,7.195222935249046,27597.504,30428.135562292748,False,10.157124192566304,,
lamf-test-915cb3ce-20ce-43ae-8b31-7f523a6333eb,"{<resource_manager.instance.OnPremInstance object at 0x113e97620>: [(2, 28107.504, None)]}",71.69092063889612,30246.07728833446,28107.504,16208.729973507994,3,3.2262103582021444,28107.504,30261.477288334463,False,6.552508292142253,,
lamf-test-eb592d2c-c121-4645-b005-4e7f00d8eb14,"{<resource_manager.instance.OnPremInstance object at 0x113e97620>: [(5, 28167.504, None)]}",65.43723826831173,30544.41719937881,28167.504,16210.604131416994,1,,28167.504,30559.817199378813,False,31.475411323487297,,
lamf-test-821bad57-9b5b-4590-ab6a-b75593f800f8,"{<resource_manager.instance.OnPremInstance object at 0x113e97620>: [(4, 28197.504, 32678.04), (1, 32678.04, None), (2, 42128.04, None), (3, 56229.648, None)]}",293.93899056747387,144074.3325062215,28197.504,16213.990127943995,3,105.98063426876567,28197.504,61695.40699999999,True,155.86207620351345,197.4245255267134,41.56244932319997
lamf-test-2ec8c349-ada1-458e-a7a4-ab9b6322b2cf,"{<resource_manager.instance.CloudOnDemandInstance object at 0x113e9ec40>: [(4, 28347.504, None)]}",57.00450481534605,30390.979633751136,28347.504,16234.796038263994,2,,28748.04,30406.379633751138,False,7.498756964805282,,
lamf-test-3d742955-a0c8-4cdc-8c38-f5e5804b4cff,"{<resource_manager.instance.OnPremInstance object at 0x113e97620>: [(4, 28898.04, 33878.04), (2, 33878.04, None)]}",303.65987588610506,144084.1451379359,28898.04,16244.656546401495,1,52.64430755190509,28898.04,45783.246,True,116.92825507643165,134.66531018363165,17.7370551072
lamf-test-b18ea74a-e7ea-41d7-821c-d4f1a5e50746,"{<resource_manager.instance.OnPremInstance object at 0x113e97620>: [(4, 28928.04, None)]}",93.66823018165961,47732.33226896954,28928.04,16814.299985688496,3,49.09879078256901,28928.04,38938.366,True,60.90395315233098,77.14470605473097,16.2407529024
lamf-test-cf4eee4f-df46-4434-9c29-6bf0f44daf4d,"{<resource_manager.instance.CloudReservedInstance object at 0x114098290>: [(2, 29108.04, None)], <resource_manager.instance.CloudReservedInstance object at 0x11408d450>: [(1, 29108.04, None)], <resource_manager.instance.CloudReservedInstance object at 0x11408d1d0>: [(1, 29108.04, None)], <resource_manager.instance.CloudReservedInstance object at 0x113e9e780>: [(2, 29108.04, None)]}",53.667029478259835,30915.28216528881,29108.04,16815.299985688496,2,10.860519933182847,29108.04,30930.68216528881,False,14.996092096347468,,
lamf-test-7c801ce0-8eb2-4e0d-9312-eaf55e74d22a,"{<resource_manager.instance.OnPremInstance object at 0x113e97620>: [(2, 29618.04, None), (2, 54129.648, None)]}",282.54429039316733,144525.74224391876,29618.04,16817.970449584995,2,66.63406510954631,29618.04,63563.452000000005,True,117.92508689536297,153.11430691456297,35.18922001920001
lamf-test-4d1918b0-1458-45e2-b527-a49166860d07,"{<resource_manager.instance.OnPremInstance object at 0x113e97620>: [(6, 29768.04, None)]}",99.90881249240506,47954.039244237974,29768.04,16818.970449584995,2,15.169693016679606,29768.04,34947.64,True,22.38545354677882,34.99052810677882,12.605074559999997
lamf-test-4fd50982-b738-4cdf-bdb5-50cd3dff6874,"{<resource_manager.instance.OnPremInstance object at 0x113e97620>: [(2, 29828.04, None), (2, 30308.04, None)]}",66.98837614575113,31057.595442175683,29828.04,16822.957133972493,2,1.3048654846545453,29828.04,31072.995442175685,False,5.463881958794986,,
lamf-test-308f236e-0576-4952-874f-b146870f6d77,"{<resource_manager.instance.OnPremInstance object at 0x113e97620>: [(3, 29858.04, None)]}",296.126707886245,144358.82980983812,29858.04,16823.957133972493,3,,29858.04,42276.76499999999,True,56.667693360711795,71.77879794071178,15.11110457999999
lamf-test-17fee575-0b26-45f7-83d5-67d080c53e61,"{<resource_manager.instance.OnPremInstance object at 0x113e97620>: [(5, 29948.04, 35408.04), (2, 35408.04, None)]}",339.37001802300927,144664.82701138576,29948.04,16842.790989249494,3,41.52407027150354,29948.04,50284.709,True,86.7797368621188,109.9205707549188,23.1408338928
lamf-test-c8945c61-1ea7-4681-928a-edc22713889d,"{<resource_manager.instance.OnPremInstance object at 0x113e97620>: [(5, 30008.04, 35468.04), (2, 35468.04, None)]}",305.7727422550137,144688.03659646164,30008.04,16860.509489754495,2,21.849818442879428,30008.04,39450.111000000004,True,32.67495803734571,46.97809403254571,14.303135995200002
lamf-test-416bbbfd-81e6-4f7c-9a56-8c0e7175f623,"{<resource_manager.instance.OnPremInstance object at 0x113e97620>: [(3, 30248.04, None)]}",318.1012839054559,145066.6165983483,30248.04,17408.943174888496,2,9.677346075448744,30248.04,40390.31999999999,True,32.71678451803407,45.05791082203406,12.34112630399999
lamf-test-3e7fd149-2562-452d-b778-aa63ebe3ca13,"{<resource_manager.instance.OnPremInstance object at 0x113e97620>: [(2, 30278.04, None)]}",306.14407437283273,145121.28639781039,30278.04,17412.952691925497,2,13.537979403290908,30278.04,49341.782,True,51.82420613366502,67.28871364406503,15.464507510399999
lamf-test-e18205c9-e6f7-4d1b-94fe-6bdf96998c05,"{<resource_manager.instance.CloudReservedInstance object at 0x113e9e780>: [(3, 30488.04, None)], <resource_manager.instance.CloudOnDemandInstance object at 0x113e9ec40>: [(3, 30488.04, 35258.04)]}",110.9772195614234,48644.81109025757,30488.04,17425.820654763498,1,76.18069815195072,30488.04,35270.183738259984,False,76.2776707367327,,
lamf-test-55230e23-b521-4f16-a8cb-73a7c6580475,"{<resource_manager.instance.OnPremInstance object at 0x113e97620>: [(4, 30608.04, 36308.04), (2, 36308.04, None), (3, 48209.112, None)]}",312.3489385286271,144998.51795032163,30608.04,17432.869250826498,2,112.20207208441406,30608.04,62317.40700000001,True,136.97628095897437,184.48973282537438,47.51345186640001
lamf-test-56207b5b-5fb7-4cc8-b917-b36e1b064de2,"{<resource_manager.instance.CloudReservedInstance object at 0x114098290>: [(2, 30968.04, None)], <resource_manager.instance.CloudReservedInstance object at 0x11408d450>: [(1, 30968.04, None)], <resource_manager.instance.CloudReservedInstance object at 0x11408d1d0>: [(1, 30968.04, None)], <resource_manager.instance.CloudReservedInstance object at 0x113e9e780>: [(1, 30968.04, 63009.648)], <resource_manager.instance.CloudOnDemandInstance object at 0x113e9ec40>: [(2, 91421.25599999998, None)], <resource_manager.instance.CloudOnDemandInstance object at 0x11408d810>: [(1, 91421.25599999998, None)]}",317.0752713451876,145150.63062544202,30968.04,17434.668443859497,2,398.062257978704,30968.04,114143.0939309596,True,619.4210726714688,999.0686151143932,379.64754244292436
lamf-test-2148cf4d-7170-4032-92ad-bc67bc5cec9e,"{<resource_manager.instance.OnPremInstance object at 0x113e97620>: [(3, 31088.04, 39038.04), (2, 39038.04, None), (1, 52439.112, None)]}",290.5571510371029,144900.7232054418,31088.04,17459.129074458495,3,77.04334017796029,31088.04,62362.40700000001,True,122.32417522245038,154.94335018485037,32.61917496240001
lamf-test-6f91592c-afdd-4bec-8b7a-080c324249f5,"{<resource_manager.instance.CloudReservedInstance object at 0x114098290>: [(1, 32648.04, None)], <resource_manager.instance.CloudReservedInstance object at 0x11408d450>: [(1, 32648.04, None)], <resource_manager.instance.CloudReservedInstance object at 0x113e9e780>: [(1, 32648.04, None)], <resource_manager.instance.CloudOnDemandInstance object at 0x113e9ec40>: [(1, 32648.04, None)], <resource_manager.instance.CloudOnDemandInstance object at 0x113e97b60>: [(1, 32648.04, 35918.04)]}",112.19170754417485,48608.247799850215,32648.04,17462.932354455494,3,20.72400943037493,32648.04,35928.27695565275,False,20.77850687471993,,
lamf-test-58f4bde2-1252-4878-b4ed-54f9ec3d6ddb,"{<resource_manager.instance.OnPremInstance object at 0x113e97620>: [(3, 32678.04, 37148.04), (2, 37148.04, None)]}",306.6623561408906,145853.04956689785,32678.04,18017.905802691494,3,70.96085785991329,32678.04,58740.10799999999,True,86.08127766370063,109.03585922530063,22.954581561599994
lamf-test-9fd69545-924f-4ce5-9308-d2123ccec4dc,"{<resource_manager.instance.OnPremInstance object at 0x113e97620>: [(3, 33248.04, None)]}",61.631240803228884,32142.36083314064,33248.04,18020.432811879495,1,,33248.04,33263.439999999995,False,0.12297513118863707,,
lamf-test-927fb6c3-ba3c-488b-96a5-466be1c02fa9,"{<resource_manager.instance.OnPremInstance object at 0x113e97620>: [(6, 33308.04, 37808.04), (1, 37808.04, None), (1, 47729.112, None), (4, 50729.112, None)]}",330.8093779162473,145585.06407427264,33308.04,18022.257772437493,1,115.64222861054073,33308.04,55203.435999999994,True,188.12158156513792,216.4190832547379,28.297501689599983
lamf-test-1e5c4d41-c6bb-47f9-a0f9-f492c659a647,"{<resource_manager.instance.CloudReservedInstance object at 0x11408d1d0>: [(3, 34688.04, None)], <resource_manager.instance.CloudOnDemandInstance object at 0x113e9ec40>: [(1, 34688.04, None)], <resource_manager.instance.CloudOnDemandInstance object at 0x11408d810>: [(2, 34688.04, 53319.648)]}",295.19389174920065,145833.39941758596,34688.04,18034.09878801949,3,85.01760438056125,34688.04,53328.806164234426,False,85.04546403295893,,
lamf-test-5fc71200-6539-46cf-9073-1ac0b6be235f,"{<resource_manager.instance.OnPremInstance object at 0x113e97620>: [(5, 34988.04, 37988.04), (2, 37988.04, None), (2, 52379.112, None)]}",298.6298021940167,145510.16902923593,34988.04,18039.68161248949,2,51.12708879045664,34988.04,56358.227,True,72.76129638616985,96.97505016856985,24.213753782399998
lamf-test-d81a676f-ccce-4b38-95bc-838588f989f1,"{<resource_manager.instance.OnPremInstance object at 0x113e97620>: [(3, 35018.04, None), (1, 37628.04, None), (1, 39128.04, None)]}",93.67827368323229,49093.47407459887,35018.04,18043.16468591149,1,37.040839607574725,35018.04,40088.202,True,50.111719370294274,57.668375906294266,7.556656535999993
lamf-test-bff6c6c8-6ce7-4a14-8d30-c8d69887c972,"{<resource_manager.instance.CloudReservedInstance object at 0x113e9e780>: [(3, 35258.04, None)], <resource_manager.instance.CloudOnDemandInstance object at 0x113e9ec40>: [(1, 35258.04, None)]}",62.55972404682857,32080.012347185217,35258.04,18045.438194325492,2,,35258.04,35273.439999999995,False,0.08092420446277312,,
lamf-test-8aea85bd-3d6c-4aba-b7de-dd2346b0e93e,"{<resource_manager.instance.CloudReservedInstance object at 0x113e9e780>: [(3, 35348.04, None)], <resource_manager.instance.CloudOnDemandInstance object at 0x113e9ec40>: [(3, 35348.04, None)]}",302.51103083949494,145696.5554467296,35348.04,18062.886975903493,1,1302.7892128678984,35348.04,134157.5352082336,True,1578.0663163532631,2412.9867889637953,834.9204726105322
lamf-test-f3f23406-4146-4e8a-b0d6-831939b9a4ea,"{<resource_manager.instance.OnPremInstance object at 0x113e97620>: [(5, 35468.04, None)]}",57.3172776265575,32097.215225323736,35468.04,18063.886975903493,1,,35468.04,35483.439999999995,False,0.20261616852984965,,
lamf-test-232b6ce2-ea24-476c-b62f-210ae1decc5b,"{<resource_manager.instance.OnPremInstance object at 0x113e97620>: [(4, 35528.04, 40508.04), (1, 40508.04, None), (3, 55389.648, None)]}",311.1617610976437,145795.1986232793,35528.04,18065.616504292495,2,48.33328782848133,35528.04,59368.872,True,69.24338760635769,89.81481282875768,20.571425222400002
lamf-test-28862540-93f6-42de-8ec4-72cbed9815ad,"{<resource_manager.instance.OnPremInstance object at 0x113e97620>: [(6, 35588.04, 40088.04), (1, 40088.04, None), (1, 50519.112, None)]}",315.0001679546882,145486.15654191864,35588.04,18066.616504292495,3,56.93371663244353,35588.04,58964.063,True,82.623734124268,104.656321178668,22.0325870544
lamf-test-5c2155b4-aa4a-428b-9192-860339f49ef5,"{<resource_manager.instance.CloudReservedInstance object at 0x114098290>: [(1, 35918.04, None)], <resource_manager.instance.CloudReservedInstance object at 0x11408d450>: [(1, 35918.04, None), (2, 77141.25599999998, None)], <resource_manager.instance.CloudOnDemandInstance object at 0x113e97b60>: [(1, 54249.648, None)]}",326.1375748222798,145842.85864135553,35918.04,18068.149066727496,3,117.26503308236359,35918.04,113763.21928276736,True,293.657991323188,530.6094263467909,236.95143502360287
lamf-test-8d46ff55-9a1d-4004-b52e-0bb94df560fe,"{<resource_manager.instance.CloudReservedInstance object at 0x113e9e780>: [(1, 36008.04, None)], <resource_manager.instance.CloudOnDemandInstance object at 0x113e9ec40>: [(1, 36008.04, None)], <resource_manager.instance.CloudOnDemandInstance object at 0x113e97b60>: [(1, 36008.04, None)]}",314.6188735020299,146285.66353504252,36008.04,18609.813047618496,1,290.63354840672275,36008.04,146301.06353504254,False,835.9980236007231,,
lamf-test-b036c054-ee21-47f6-aca9-95247c096cfe,"{<resource_manager.instance.OnPremInstance object at 0x113e97620>: [(6, 36308.04, None)]}",40.69689972228568,32854.16543713151,36308.04,18616.788121862497,3,,36308.04,36323.439999999995,False,0.14054300707272807,,
lamf-test-12047e13-b691-4e4d-bcc8-16e2900e16aa,"{<resource_manager.instance.OnPremInstance object at 0x113e97620>: [(3, 36428.04, None), (2, 49559.112, None)]}",306.19560311302496,146045.33481375367,36428.04,18642.126053315496,1,231.08501756787592,36428.04,64158.10035398863,True,300.2650019242527,345.84963871574166,45.58463679148894
lamf-test-e050ad2a-f776-4985-ad86-c1f9e8bbb5cd,"{<resource_manager.instance.OnPremInstance object at 0x113e97620>: [(3, 36458.04, 38468.04), (2, 38468.04, None), (2, 51869.112, None), (1, 55869.648, None), (1, 63039.648, None)]}",326.0139069441622,146137.29321890103,36458.04,18646.261769723496,3,128.80719142140086,36458.04,67019.689,True,165.12971937029428,209.16349436069427,44.0337749904
lamf-test-5a75690c-b8ed-48d0-b610-f947c287d86c,"{<resource_manager.instance.OnPremInstance object at 0x113e97620>: [(5, 36968.04, None)]}",56.45454017440447,32811.43921084087,36968.04,18659.396554655497,3,,36968.04,36983.439999999995,False,0.11711917256060674,,
lamf-test-62ab7363-ee6e-4e41-9bd6-da86db171176,"{<resource_manager.instance.OnPremInstance object at 0x113e97620>: [(6, 37028.04, 40028.04), (1, 40028.04, None), (1, 57909.648, None), (4, 62379.648, None)]}",317.6880653321237,146533.10057147194,37028.04,18660.396554655497,3,68.17493041295916,37028.04,66856.78,True,109.03399498060686,138.10918762060686,29.075192639999994
lamf-test-e000b273-6e93-45bd-85e3-de8e007da692,"{<resource_manager.instance.CloudReservedInstance object at 0x113e97e00>: [(2, 37058.04, None)], <resource_manager.instance.CloudReservedInstance object at 0x113e9e9e0>: [(1, 37058.04, 55449.648)], <resource_manager.instance.CloudReservedInstance object at 0x114098290>: [(1, 124571.25599999998, None)], <resource_manager.instance.CloudReservedInstance object at 0x11408d450>: [(3, 124571.25599999998, None)]}",284.69120725614476,147150.64529903876,37058.04,19219.854101928497,3,244.99215453646667,37058.04,145920.85819445894,True,315.94833636843254,538.1157940789617,222.16745771052913
lamf-test-62c9483c-2445-4359-99d9-4d8c66a14529,"{<resource_manager.instance.OnPremInstance object at 0x113e97620>: [(3, 37388.04, 41858.04), (2, 41858.04, None)]}",345.02192360533996,146946.8139185185,37388.04,19221.515646474498,2,14.419245652418628,37388.04,48810.947,True,33.320513073904,44.399807232304,11.0792941584
lamf-test-1f9296c3-4641-4962-ac2a-3bdd3909621e,"{<resource_manager.instance.OnPremInstance object at 0x113e97620>: [(2, 37418.04, None)]}",333.675220822951,147064.1315198646,37418.04,19231.4991574565,2,,37418.04,45859.693,True,22.9483784023552,29.7962473159552,6.847868913599998
lamf-test-9673f22e-b964-4aa7-bb78-d1e21e110802,"{<resource_manager.instance.OnPremInstance object at 0x113e97620>: [(3, 37748.04, None)]}",52.254300807909324,33391.20418450565,37748.04,19236.5743404725,1,,37748.04,37763.439999999995,False,0.12297513118863707,,
lamf-test-5f1a507d-a26f-433c-85e6-51ac89f0d432,"{<resource_manager.instance.OnPremInstance object at 0x113e97620>: [(4, 37808.04, None)]}",64.02975273459877,33513.56426822513,37808.04,19237.7898876275,3,,37808.04,37823.439999999995,False,0.09369533804848537,,
lamf-test-b2a69e4a-f75e-4751-ad43-b2adf397fd45,"{<resource_manager.instance.OnPremInstance object at 0x113e97620>: [(5, 37868.04, None)]}",99.34731245959347,50518.995615458174,37868.04,19240.0992667685,1,39.47068218115445,37868.04,42261.07354779911,True,57.798676992109364,66.70774902704596,8.909072034936594
lamf-test-396956b2-43cb-496d-8f0c-0ee7a61c67dd,"{<resource_manager.instance.OnPremInstance object at 0x113e97620>: [(2, 37898.04, None), (1, 40298.04, None)]}",82.48316532935924,50461.70331457111,37898.04,19242.016123986497,1,12.959160392425279,37898.04,42832.558,True,33.776556696326686,38.80743819872668,5.030881502399995
lamf-test-2b83bd20-9a87-454f-8bc9-f6503da1f9d0,"{<resource_manager.instance.OnPremInstance object at 0x113e97620>: [(3, 37988.04, None), (1, 39728.04, None), (1, 41498.04, None)]}",93.14423892083788,50338.529295883054,37988.04,19243.6397529275,2,43.39766629440744,37988.04,46415.90498162152,True,50.73490445130747,65.69721463403592,14.962310182728439
lamf-test-33fae0e0-9739-4c13-8834-0589e7587a07,"{<resource_manager.instance.OnPremInstance object at 0x113e97620>: [(2, 38108.04, None), (4, 42878.04, None)]}",87.86109604520695,50468.121473379084,38108.04,19244.6397529275,2,12.967100753754545,38108.04,43527.39199999999,True,17.097389193720296,22.547076220920275,5.44968702719998
lamf-test-e5f8465a-4435-4b7a-801a-354ef982dcda,"{<resource_manager.instance.OnPremInstance object at 0x113e97620>: [(3, 38138.04, None)]}",304.6031866584939,147042.0884655901,38138.04,19245.6397529275,1,,38138.04,64653.017,True,211.7326477298654,243.9960717434654,32.2634240136
lamf-test-fd51a7dd-bca8-4714-a851-595e00860b67,"{<resource_manager.instance.CloudReservedInstance object at 0x11408d450>: [(2, 38588.04, None)], <resource_manager.instance.CloudOnDemandInstance object at 0x113e97b60>: [(1, 38588.04, None)]}",86.19568247701017,50521.76402948948,38588.04,19247.6054582845,3,19.191664765381397,38588.04,50537.164029489475,False,30.291591323774867,,
lamf-test-56707fec-34cd-4c0e-a454-d4551f611032,"{<resource_manager.instance.OnPremInstance object at 0x113e97620>: [(4, 38948.04, 44408.04), (1, 44408.04, None)]}",312.7950515260771,147066.85784972805,38948.04,19249.2532533025,3,39.27457905544148,38948.04,62273.66300000001,True,60.393372880066934,76.49797356886694,16.104600688800005
lamf-test-f14e2551-1aeb-4008-9226-cf172ac76d45,"{<resource_manager.instance.OnPremInstance object at 0x113e97620>: [(2, 39188.04, None), (1, 41138.04, None)]}",113.07976716267329,50442.782517932435,39188.04,19250.2532533025,2,5.301016031409091,39188.04,43997.88,True,18.878124180028024,23.93981749202802,5.061693311999996
lamf-test-3bd57c11-f664-4998-9d53-96c6dc4f87c4,"{<resource_manager.instance.OnPremInstance object at 0x113e97620>: [(4, 39668.04, None), (1, 55749.648, None)]}",326.99178124993756,147266.99400819954,39668.04,19258.1172067835,1,286.4509477526808,39668.04,67631.9234424858,True,329.0458582308541,379.2339136474153,50.1880554165612
lamf-test-43098e09-15cf-41fe-b455-41529b19decc,"{<resource_manager.instance.OnPremInstance object at 0x113e97620>: [(4, 39698.04, None)]}",67.69762432994189,33320.290963295825,39698.04,19264.9735441715,1,,39698.04,39713.439999999995,False,0.16279564985924336,,
lamf-test-79b31340-0554-44ef-87de-f4504dbdfc60,"{<resource_manager.instance.OnPremInstance object at 0x113e97620>: [(6, 40028.04, 45438.576), (2, 45438.576, None)]}",304.54338810954675,146716.25386452864,40028.04,19265.9735441715,1,85.17613141683779,40028.04,55856.26481086974,True,141.42800650785244,163.04591608082998,21.61790957297753
lamf-test-e846f77b-9785-4a57-980e-5e6be4c30da6,"{<resource_manager.instance.OnPremInstance object at 0x113e97620>: [(3, 40088.04, 43568.04), (2, 43568.04, None), (3, 58449.648, None)]}",318.0816768556553,147156.07335645083,40088.04,19269.101209978497,3,150.21050422085324,40088.04,72571.57626549147,True,168.54948258796463,213.49517751998133,44.94569493201671
lamf-test-1bfc2de0-7e2f-450e-9736-96acfe81a2a7,"{<resource_manager.instance.OnPremInstance object at 0x113e97620>: [(5, 40148.04, None)]}",88.34113338193856,50542.1576903216,40148.04,19270.101209978497,1,37.497148072096735,40148.04,44931.068,True,62.92979268385426,72.62977346785425,9.699980783999996
lamf-test-ff8adf42-1018-4980-bdfd-c498e4f1b637,"{<resource_manager.instance.OnPremInstance object at 0x113e97620>: [(2, 40178.04, None)]}",50.99968955238831,33908.250754419016,40178.04,19813.318529705495,1,,40178.04,40193.439999999995,False,0.08315461251803077,,
lamf-test-9655ffad-b7de-4846-8625-1393b7fdfd45,"{<resource_manager.instance.OnPremInstance object at 0x113e97620>: [(3, 40208.04, None)]}",323.69507710357215,147496.33468403993,40208.04,19821.056475155496,1,108.77396303901438,40208.04,64741.780999999995,True,195.91168948208986,225.76434553088984,29.852656048799997
lamf-test-d1831f12-882c-4e14-bb62-b9776ced5649,"{<resource_manager.instance.OnPremInstance object at 0x113e97620>: [(3, 40448.04, None)]}",62.263052342770514,33952.87915786137,40448.04,19823.367138779497,3,,40448.04,40463.439999999995,False,0.07027150353636404,,
lamf-test-9c4c82a6-08d5-47bd-9589-83ce8af6f468,"{<resource_manager.instance.OnPremInstance object at 0x113e97620>: [(6, 40508.04, 45498.576), (1, 45498.576, None)]}",291.9040113839834,147531.19535192917,40508.04,19824.367138779497,3,45.544476386036955,40508.04,61857.827000000005,True,70.42735873450452,89.20763934970452,18.780280615200002
lamf-test-0d7701be-3ce7-49c1-9391-e93bc28aface,"{<resource_manager.instance.OnPremInstance object at 0x113e97620>: [(2, 40568.04, None)]}",74.93798997685712,34002.802297711205,40568.04,19825.367138779497,3,,40568.04,40583.439999999995,False,0.046847669024242686,,
lamf-test-df81467a-4b45-4bf0-9c71-c38863eca94a,"{<resource_manager.instance.OnPremInstance object at 0x113e97620>: [(3, 40628.04, None), (2, 42068.04, None), (1, 43568.04, None)]}",90.94794091988545,51030.39324445266,40628.04,19830.567226936495,2,17.6278807914521,40628.04,44624.42620954498,True,21.98437552576586,29.349389005314524,7.365013479548665
lamf-test-a691c5b1-12d1-40f2-af64-e72afc904125,"{<resource_manager.instance.OnPremInstance object at 0x113e97620>: [(5, 41828.04, None)]}",99.92248787916859,50991.50149914306,41828.04,19839.024397408495,3,,41828.04,45793.29,True,30.15628564909879,38.19781264909879,8.041526999999999
lamf-test-08f07093-2907-4ba0-a255-32c22f0fcc78,"{<resource_manager.instance.OnPremInstance object at 0x113e97620>: [(3, 41888.04, 44958.576), (1, 44958.576, None)]}",298.09142219625704,147536.4018366045,41888.04,19845.171782695495,3,14.011115674195755,41888.04,47948.647999999994,True,18.559099551296665,23.508100959296662,4.949001407999997
lamf-test-2809816c-7bfc-46e3-bb73-0ce9925ea853,"{<resource_manager.instance.OnPremInstance object at 0x113e97620>: [(2, 41948.04, None)]}",50.90207279429441,34019.00049910544,41948.04,19855.217644234497,1,,41948.04,41963.439999999995,False,0.08315461251803077,,
lamf-test-327a626d-9865-47f8-8ba0-52996ec1940c,"{<resource_manager.instance.OnPremInstance object at 0x113e97620>: [(4, 42008.04, None)]}",74.39841740073138,34005.5465303645,42008.04,19866.2352496035,1,,42008.04,42023.439999999995,False,0.16279564985924336,,
lamf-test-44149545-c52b-4763-ae20-c3268c37dc6f,"{<resource_manager.instance.OnPremInstance object at 0x113e97620>: [(6, 42308.04, None)]}",109.24225266973586,50943.2931979635,42308.04,19867.2352496035,2,19.753170382245795,42308.04,47942.579999999994,True,24.351635923134417,38.0638524671344,13.712216543999986
lamf-test-457a1c73-20e1-45f7-a144-19901295fb3b,"{<resource_manager.instance.OnPremInstance object at 0x113e97620>: [(4, 42368.04, None)]}",49.05334152829353,34578.99135372393,42368.04,20417.153993933498,1,,42368.04,42383.439999999995,False,0.16279564985924336,,
lamf-test-dd9abd19-48be-42ba-b1bc-fa915a5dcef1,"{<resource_manager.instance.OnPremInstance object at 0x113e97620>: [(4, 42428.04, 45918.576), (2, 45918.576, None)]}",320.9475259671587,148102.12706532824,42428.04,20425.476488660497,2,65.2912141655346,42428.04,76673.66100000001,True,96.31986334282269,126.93143390122269,30.611570558400004
lamf-test-6f2e770b-ffa0-4b22-be2e-700e1acc453c,"{<resource_manager.instance.OnPremInstance object at 0x113e97620>: [(6, 43568.04, 45558.576), (1, 45558.576, None), (2, 51539.112, None)]}",314.03861715723247,147937.3560038299,43568.04,20430.915242186496,3,27.262532511978094,43568.04,54033.229,True,38.643399498060674,48.94811487486067,10.304715376799999
lamf-test-32172143-1bae-4833-a5f0-e53bac6ac6d4,"{<resource_manager.instance.CloudOnDemandInstance object at 0x113e9e8b0>: [(6, 44528.04, None)]}",101.07515126388836,51615.322165489335,44528.04,20431.915242186496,1,,44928.576,51630.72216548933,False,111.81498275582105,,
lamf-test-3b06725f-04eb-4610-a2d8-34a69a9c127f,"{<resource_manager.instance.OnPremInstance object at 0x113e97620>: [(5, 44958.576, None)]}",123.85755114021583,51644.34453599107,44958.576,20432.915242186496,3,30.42464065708419,44958.576,51659.74453599106,False,50.96333208602223,,
lamf-test-73802176-7b43-45cb-be2f-758b39305344,"{<resource_manager.instance.OnPremInstance object at 0x113e97620>: [(4, 44988.576, None)]}",57.80879755607951,34592.92183167638,44988.576,20435.652359305495,3,,44988.576,45003.975999999995,False,0.09369533804848537,,
lamf-test-bfb0cddb-1544-48a4-b06e-9eadc91468fd,"{<resource_manager.instance.OnPremInstance object at 0x113e97620>: [(6, 45018.576, None)]}",95.51732021748852,51717.08641266323,45018.576,20437.503136504496,2,10.41797467967373,45018.576,48524.81662863496,True,15.153445578063256,23.68623277190929,8.532787193846033
lamf-test-3e227187-9182-4a9b-bf09-75d5b5a39b59,"{<resource_manager.instance.OnPremInstance object at 0x113e97620>: [(2, 45048.576, None), (2, 58179.648, None)]}",320.9833484047092,148226.850976356,45048.576,20438.503136504496,2,65.05589554913088,45048.576,72709.91799999999,True,114.69662133486773,148.92245698926772,34.22583565439999
lamf-test-0fdcad07-bf2d-4d92-8354-0c4ee7d909cf,"{<resource_manager.instance.OnPremInstance object at 0x113e97620>: [(6, 45078.576, None)]}",57.46774388158159,34545.77511689931,45078.576,20449.735555754494,1,,45078.576,45093.975999999995,False,0.24243668720045594,,
lamf-test-f86b8860-b2ed-456c-9f30-6f6a9139ebf4,"{<resource_manager.instance.OnPremInstance object at 0x113e97620>: [(5, 45198.576, 61029.648), (2, 61029.648, None), (2, 76931.25599999998, None)]}",305.1378797801942,148540.91578215628,45198.576,20455.047175598495,3,168.771124800365,45198.576,78931.479,True,180.9407072781201,229.19066749892013,48.24996022080003
lamf-test-a37f5b70-4c4f-44b3-a817-99539c326610,"{<resource_manager.instance.OnPremInstance object at 0x113e97620>: [(4, 45438.576, None)]}",57.694188998700625,34543.37900756809,45438.576,20456.678306423495,3,,45438.576,45453.975999999995,False,0.09369533804848537,,
lamf-test-a0961e5f-36f8-49a0-be25-041d077e1525,"{<resource_manager.instance.OnPremInstance object at 0x113e97620>: [(2, 45498.576, None)]}",302.7913218356865,148200.20287163375,45498.576,20459.749475723496,2,24.931281896003608,45498.576,59640.227999999996,True,38.443653314158155,49.91536141655815,11.471708102399996
lamf-test-e9e3c180-3644-4ec5-bd7f-fb857cf9758f,"{<resource_manager.instance.OnPremInstance object at 0x113e97620>: [(5, 45528.576, None)]}",277.1468078662494,148215.06262541347,45528.576,20463.659633960495,1,,45528.576,50008.55699999999,True,58.94263540953675,68.02803687753674,9.085401467999985
lamf-test-9329565e-0cc9-410e-9937-6b7537e158ae,"{<resource_manager.instance.OnPremInstance object at 0x113e97620>: [(6, 45558.576, None)]}",289.93639360238836,148079.28372317017,45558.576,20465.063530601496,1,70.53547433264887,45558.576,54710.437999999995,True,144.07448733744002,166.34645870064,22.271971363199988
lamf-test-f542227f-df52-4f0c-ae96-9700636101a5,"{<resource_manager.instance.CloudReservedInstance object at 0x113e9e780>: [(1, 45738.576, None)], <resource_manager.instance.CloudReservedInstance object at 0x113e97e00>: [(2, 45738.576, None)], <resource_manager.instance.CloudOnDemandInstance object at 0x11408d810>: [(1, 45738.576, None)], <resource_manager.instance.CloudOnDemandInstance object at 0x113e97b60>: [(2, 45738.576, None)]}",98.85116440229747,51646.84246796978,45738.576,20466.353214818497,3,10.713970644155449,45738.576,51662.24246796977,False,37.541932643608966,,
lamf-test-9aa73522-f6c8-49a8-a56a-28cd17720766,"{<resource_manager.instance.OnPremInstance object at 0x113e97620>: [(6, 45918.576, None)]}",99.02000673984057,51705.265419612595,45918.576,20467.5238589905,1,25.196665297741273,45918.576,48674.724,True,43.38905133470227,50.09641310750228,6.707361772800003
lamf-test-20435df7-63e4-419e-8d22-d33076e8dcf2,"{<resource_manager.instance.OnPremInstance object at 0x113e97620>: [(2, 45948.576, None), (1, 54129.648, None)]}",307.8323914198774,148197.0765544599,45948.576,20468.891463743497,2,22.239996833903607,45948.576,61581.255,True,57.61654731225413,73.32014831625412,15.703601003999996
lamf-test-79eb9a19-2e44-423f-814a-791df0f7734e,"{<resource_manager.instance.OnPremInstance object at 0x113e97620>: [(2, 45978.576, None), (1, 50009.112, None)]}",110.61449386789155,52118.96010342563,45978.576,21023.421304798998,3,12.261117955738078,45978.576,51130.794,True,17.379447866757932,22.013881327557932,4.6344334608
lamf-test-7f97cbae-fe7b-4dba-87f8-0ca2882583a5,"{<resource_manager.instance.OnPremInstance object at 0x113e97620>: [(4, 46038.576, None), (2, 47639.112, None)]}",101.33638951109616,52138.57208518975,46038.576,21024.8350007725,2,27.582768039415505,46038.576,52153.972085189744,False,34.54676900228182,,
lamf-test-6c201a0a-e193-4746-b7c6-ff82b4d5eeef,"{<resource_manager.instance.CloudOnDemandInstance object at 0x11408d810>: [(2, 46998.576, None)], <resource_manager.instance.CloudOnDemandInstance object at 0x113e97b60>: [(4, 46998.576, None)]}",319.4947582934635,148873.5607121963,46998.576,21028.647426989497,2,,47399.112,148888.96071219633,False,519.4781687393149,,
lamf-test-4b6bc7a8-825f-4ed7-a11d-b9402493f256,"{<resource_manager.instance.OnPremInstance object at 0x113e97620>: [(2, 47429.112, None)]}",315.0940754980354,148710.31813472664,47429.112,21032.686622867495,2,17.562771747433622,47429.112,64512.018,True,46.43936336874591,60.2970167159459,13.857653347199996
lamf-test-0c64519c-480b-40a3-83cb-e32930215173,"{<resource_manager.instance.OnPremInstance object at 0x113e97620>: [(4, 48029.112, 52019.112), (2, 52019.112, None), (4, 77321.25599999998, None)]}",305.2027703895845,148694.60581465712,48029.112,21033.686622867495,3,182.83411362080756,48029.112,89470.594,True,212.12307551905096,268.68817968865096,56.565104169600026
lamf-test-545db71e-0ac4-4fd9-bae7-0ae698ee188a,"{<resource_manager.instance.OnPremInstance object at 0x113e97620>: [(5, 48569.112, None)]}",303.0498265026395,148868.43768938715,48569.112,21036.104781354494,2,,48569.112,55740.138,True,28.696999294719387,43.23984002271938,14.542840727999994
lamf-test-4f1fe545-8677-4a84-8abf-5cf06961f85c,"{<resource_manager.instance.OnPremInstance object at 0x113e97620>: [(6, 48749.112, 50759.112), (2, 50759.112, None), (4, 59709.648, None)]}",310.3840944895742,148605.1838273907,48749.112,21037.104781354494,2,33.01867967230586,48749.112,62700.763999999996,True,52.04406472909589,71.47545542989587,19.431390700799987
lamf-test-6e9b564f-bd08-4a74-adb5-0f54b0e3a954,"{<resource_manager.instance.OnPremInstance object at 0x113e97620>: [(2, 48779.112, None)]}",95.10170299612852,52219.539687959805,48779.112,21038.578617862495,2,,48779.112,52234.9396879598,False,9.394563064442206,,
lamf-test-cf5ee26c-33df-418f-9253-bf22cfb1db3e,"{<resource_manager.instance.OnPremInstance object at 0x113e97620>: [(3, 48809.112, None), (1, 50399.112, None)]}",86.78911405093122,52128.93351465899,48809.112,21042.396361057494,3,7.255304585900068,48809.112,51202.882,True,12.145531979618202,15.384280427618197,3.238748447999995
lamf-test-20bd965c-e3af-463e-ad6b-f7ce4b078baa,"{<resource_manager.instance.OnPremInstance object at 0x113e97620>: [(5, 49949.112, None)]}",49.20241958092055,35243.045559709884,49949.112,21047.593923937493,2,,49949.112,49964.511999999995,False,0.06162769304399561,,
lamf-test-d80357f1-4d3d-475b-a1da-53fbb3ddaa84,"{<resource_manager.instance.OnPremInstance object at 0x113e97620>: [(6, 50009.112, None)]}",308.2995677163823,148853.2801005889,50009.112,21051.100775173494,1,78.56422176591376,50009.112,65617.27123429971,True,245.71366351053615,283.69767982312794,37.98401631259178
lamf-test-0b008ed2-19e2-4099-a5b7-5ad49013ab38,"{<resource_manager.instance.OnPremInstance object at 0x113e97620>: [(6, 50129.112, None)]}",98.70843455961634,52326.12555890596,50129.112,21052.100775173494,3,,50129.112,52341.52555890595,False,20.190860679041307,,
lamf-test-e31740c1-403e-4c71-8a7f-0330adf6a272,"{<resource_manager.instance.OnPremInstance object at 0x113e97620>: [(5, 50369.112, None)]}",51.6673689623557,35134.729154556946,50369.112,21055.820662856495,1,,50369.112,50384.511999999995,False,0.20261616852984965,,
lamf-test-ff97215d-d288-4a40-9a08-b29190e7eee1,"{<resource_manager.instance.OnPremInstance object at 0x113e97620>: [(4, 50429.112, None)]}",50.90199713640601,35116.38344321041,50429.112,21064.118969129497,1,,50429.112,50444.511999999995,False,0.16279564985924336,,
lamf-test-0b722e5a-870b-4bb2-acf4-7c5f987aee07,"{<resource_manager.instance.OnPremInstance object at 0x113e97620>: [(4, 50489.112, None)]}",60.84882595404457,35204.28549256593,50489.112,21067.514717678496,3,,50489.112,50504.511999999995,False,0.09369533804848537,,
lamf-test-86bee4c0-8211-4364-b2b2-315ff254f448,"{<resource_manager.instance.OnPremInstance object at 0x113e97620>: [(4, 50549.112, None)]}",60.879551145103115,35220.74801606211,50549.112,21068.514717678496,1,,50549.112,50564.511999999995,False,0.16279564985924336,,
lamf-test-1fb51fa6-4d43-412b-9a86-c51ec772c644,"{<resource_manager.instance.OnPremInstance object at 0x113e97620>: [(5, 50909.112, None)]}",79.83864331738259,36020.16304678332,50909.112,21626.490697053494,3,,50909.112,50924.511999999995,False,0.11711917256060674,,
lamf-test-ea68f53d-4ebe-4fb8-83dd-aa5b6c6a2310,"{<resource_manager.instance.OnPremInstance object at 0x113e97620>: [(4, 50939.112, None)]}",110.2774483129196,52865.80372998535,50939.112,21627.490697053494,3,,50939.112,52908.369999999995,False,11.981187923035936,,
lamf-test-ed127e72-be6f-436a-8fe9-27a8ad06a858,"{<resource_manager.instance.OnPremInstance object at 0x113e97620>: [(6, 51209.112, 60159.648), (1, 60159.648, None), (1, 63159.648, None)]}",328.19458272409565,149545.70085417377,51209.112,21629.956494721493,3,86.24719142140086,51209.112,71106.372,True,110.42157426420259,139.8667811826026,29.445206918400004
lamf-test-6250b41b-6866-44ee-9930-467c8f1f7d45,"{<resource_manager.instance.CloudReservedInstance object at 0x11408d450>: [(2, 51689.112, None)], <resource_manager.instance.CloudOnDemandInstance object at 0x113e9e8b0>: [(4, 51689.112, None)]}",92.1601820634213,52857.26632810573,51689.112,21637.35675166649,3,,51689.112,52872.666328105726,False,9.00109763560518,,
lamf-test-4c84a4d8-5052-4c6f-afd2-7c5df767217c,"{<resource_manager.instance.OnPremInstance object at 0x113e97620>: [(6, 51749.112, None)]}",71.28909006291121,35735.88672408087,51749.112,21638.35675166649,1,,51749.112,51764.511999999995,False,0.24243668720045594,,
lamf-test-e1378e61-db93-479c-b4b7-359d51f2c742,"{<resource_manager.instance.CloudReservedInstance object at 0x113e9e780>: [(1, 51809.112, None)], <resource_manager.instance.CloudReservedInstance object at 0x113e97e00>: [(2, 51809.112, None)], <resource_manager.instance.CloudOnDemandInstance object at 0x11408d810>: [(1, 51809.112, None)], <resource_manager.instance.CloudOnDemandInstance object at 0x113e9e8b0>: [(2, 51809.112, None)]}",52.48076757861521,35908.75524504644,51809.112,21646.42917254949,1,,51809.112,51824.511999999995,False,0.20652014094853655,,
lamf-test-56573715-8535-4ef6-86b5-dcb681b21f75,"{<resource_manager.instance.OnPremInstance object at 0x113e97620>: [(2, 51839.112, None), (1, 63489.648, None), (1, 67479.648, None), (2, 74441.25599999998, None)]}",309.32301155717374,149682.3971420164,51839.112,21658.72743368049,2,126.2748503425935,51839.112,79140.88811714987,True,142.41287839130263,179.45036273399856,37.037484342695926
lamf-test-a8f2c75b-6fbc-476d-891d-92f88bfed8de,"{<resource_manager.instance.CloudReservedInstance object at 0x113e9e780>: [(1, 51929.112, None)], <resource_manager.instance.CloudReservedInstance object at 0x113e97e00>: [(2, 51929.112, None)], <resource_manager.instance.CloudOnDemandInstance object at 0x11408d810>: [(1, 51929.112, None)], <resource_manager.instance.CloudOnDemandInstance object at 0x113e9e8b0>: [(2, 51929.112, None)]}",60.82789615796186,35903.635404831955,51929.112,21660.91657141149,2,,51929.112,51944.511999999995,False,0.13171463775299747,,
lamf-test-7c4919b0-6563-4e4b-a109-6e7eddf9dab2,"{<resource_manager.instance.OnPremInstance object at 0x113e97620>: [(4, 51959.112, 54939.648), (2, 54939.648, None), (3, 66849.648, None)]}",284.9077105670405,149395.52016995611,51959.112,21661.91657141149,3,101.37681040383282,51959.112,79744.38135398863,True,152.4310757775392,193.07860862582817,40.64753284828895
lamf-test-2b8a61cc-a82b-4153-b888-886b130ebdcb,"{<resource_manager.instance.CloudReservedInstance object at 0x113e9e780>: [(1, 51989.112, None)], <resource_manager.instance.CloudReservedInstance object at 0x113e97e00>: [(2, 51989.112, None)], <resource_manager.instance.CloudOnDemandInstance object at 0x11408d810>: [(1, 51989.112, None)], <resource_manager.instance.CloudOnDemandInstance object at 0x113e9e8b0>: [(2, 51989.112, None)]}",288.0380279745152,149688.48227455185,51989.112,21663.28282659049,1,700.1856713058023,51989.112,114903.5716078636,True,843.7079912936306,1187.7242564294288,344.01626513579816
lamf-test-ecb2683b-9e41-48ec-91a2-6a6d38c45b39,"{<resource_manager.instance.OnPremInstance object at 0x113e97620>: [(2, 52019.112, None), (3, 65139.648, None), (1, 68619.648, None)]}",329.9077900544537,149629.4196700868,52019.112,21670.85769279049,3,105.81902806297036,52019.112,78094.24899999998,True,152.84611453342438,193.60432233022433,40.75820779679995
lamf-test-69f3610c-edfc-431a-ac62-c6c3e7603585,"{<resource_manager.instance.OnPremInstance object at 0x113e97620>: [(5, 52109.112, None)]}",101.55343618416583,52902.437728870085,52109.112,21676.54731634849,1,,52109.112,52917.83772887008,False,10.64031873865112,,
lamf-test-db07f320-f70e-4581-b141-d95e0791351c,"{<resource_manager.instance.OnPremInstance object at 0x113e97620>: [(4, 52229.112, None)]}",67.5503798079176,36277.62752596212,52229.112,22228.522021482488,2,,52229.112,52244.511999999995,False,0.05608928259914327,,
lamf-test-f73d4880-234f-4ef4-b427-8c893deb0ab7,"{<resource_manager.instance.OnPremInstance object at 0x113e97620>: [(5, 52349.112, 55329.648), (1, 55329.648, None), (1, 59319.648, None)]}",289.55899307824876,149783.10869994527,52349.112,22230.671228019488,2,20.023359169083996,52349.112,72708.481,True,74.35621943424486,92.88011177184487,18.5238923376
lamf-test-870691de-e40a-44a6-b524-758dc9ee2699,"{<resource_manager.instance.OnPremInstance object at 0x113e97620>: [(6, 52409.112, 57399.648), (1, 57399.648, None)]}",318.593861795503,149740.44250089786,52409.112,22232.350203216487,3,45.544476386036955,52409.112,61876.183,True,52.3534124268005,66.3140634324005,13.960651005599999
lamf-test-787e33de-2c34-4cf0-bd9d-1f6b1a5da962,"{<resource_manager.instance.CloudOnDemandInstance object at 0x113e97b60>: [(3, 52439.112, None)]}",98.72547788684845,53627.45455936497,52439.112,22233.350203216487,1,,52839.648,53642.85455936496,False,6.499788707499596,,
lamf-test-95b7467a-1a49-4273-9a59-d080cf448191,"{<resource_manager.instance.CloudReservedInstance object at 0x11408d450>: [(2, 52929.648, None)], <resource_manager.instance.CloudOnDemandInstance object at 0x113e9e8b0>: [(4, 52929.648, None)]}",303.1008089718593,149934.7685022766,52929.648,22244.08122984749,1,738.0730860141452,52929.648,133444.38255578993,True,1077.693610298808,1568.9623146644158,491.26870436560773
lamf-test-4b6ef0de-0d6b-4c17-a583-0b04e2222603,"{<resource_manager.instance.OnPremInstance object at 0x113e97620>: [(6, 53049.648, None)]}",304.5800255914627,150221.27048334945,53049.648,22263.803384830488,2,,53049.648,64965.46399999999,True,51.49836773881452,80.4966975564145,28.99832981759998
lamf-test-dfcd1cfc-af92-4194-9a51-c980d70402e7,"{<resource_manager.instance.OnPremInstance object at 0x113e97620>: [(5, 53229.648, None)]}",104.89919658381315,53412.51564771381,53229.648,22267.402066510487,2,,53229.648,53427.9156477138,False,0.793427125575702,,
lamf-test-3caf5282-95cc-4847-bdc6-12864fd51ff6,"{<resource_manager.instance.OnPremInstance object at 0x113e97620>: [(2, 53259.648, None)]}",88.21646259362132,53247.91383302843,53259.648,22276.057961578488,1,,53259.648,53275.047999999995,False,0.08315461251803077,,
lamf-test-76f31f64-e074-4b6a-9579-e22c37b55e69,"{<resource_manager.instance.CloudReservedInstance object at 0x11408d1d0>: [(3, 53319.648, None)], <resource_manager.instance.CloudOnDemandInstance object at 0x113e9ec40>: [(1, 53319.648, None)], <resource_manager.instance.CloudOnDemandInstance object at 0x11408d810>: [(1, 53319.648, None)]}",57.885218243385175,37065.94633858475,53319.648,22820.62104084449,3,,53319.648,53335.047999999995,False,0.05855958628030336,,
lamf-test-9e038649-678e-4ec1-8038-665a8a0ccdab,"{<resource_manager.instance.CloudReservedInstance object at 0x11408d1d0>: [(3, 53409.648, None)], <resource_manager.instance.CloudOnDemandInstance object at 0x113e9ec40>: [(1, 53409.648, None)], <resource_manager.instance.CloudOnDemandInstance object at 0x11408d810>: [(2, 53409.648, 68319.648)]}",305.1144082584737,150558.8436393325,53409.648,22821.62104084449,1,125.86584531143053,53409.648,68332.34093138755,False,125.93727864648858,,
lamf-test-816ecb3f-0729-4858-99cd-1237c929b94a,"{<resource_manager.instance.OnPremInstance object at 0x113e97620>: [(6, 53469.648, 57459.648), (1, 57459.648, None)]}",325.447174391888,150454.16952931293,53469.648,22822.62104084449,1,62.813141683778234,53469.648,65402.764,True,85.16429325423988,98.09608510383988,12.931791849600001
lamf-test-9dd25f94-b2d8-4857-adb4-87c377066854,"{<resource_manager.instance.OnPremInstance object at 0x113e97620>: [(3, 53649.648, 57129.648), (2, 57129.648, None), (3, 70650.71999999999, None)]}",304.2337725718405,150889.78503042122,53649.648,22827.65639441149,2,47.982346798205924,53649.648,72153.18100000001,True,56.91335327911841,75.16310179351845,18.24974851440004
lamf-test-5d4708b4-be70-4e57-95c0-9df21e198378,"{<resource_manager.instance.OnPremInstance object at 0x113e97620>: [(5, 54729.648, None)]}",119.73047030526563,54043.521223959135,54729.648,22831.59120426949,1,,54729.648,54745.047999999995,False,0.20261616852984965,,
lamf-test-fe21cf99-74f2-4c6e-92c0-836166b37c9b,"{<resource_manager.instance.OnPremInstance object at 0x113e97620>: [(3, 54789.648, 57279.648), (2, 57279.648, None), (1, 67719.648, None)]}",306.6266107573227,150641.65210187016,54789.648,22832.59120426949,3,43.12114989733059,54789.648,72200.463,True,63.567488021902804,80.5185037139028,16.951015692000002
lamf-test-af303474-9c6d-4cd6-af46-9ee1b2d1d0c4,"{<resource_manager.instance.OnPremInstance object at 0x113e97620>: [(6, 55269.648, None)]}",83.47238892971743,54020.53085017332,55269.648,22833.59120426949,3,,55269.648,55285.047999999995,False,0.14054300707272807,,
lamf-test-48887eaf-7764-41b1-8a24-eb297e7a4537,"{<resource_manager.instance.OnPremInstance object at 0x113e97620>: [(6, 55329.648, None)]}",92.60848910013964,53975.73450119645,55329.648,22835.48640544749,1,,55329.648,55345.047999999995,False,0.24243668720045594,,
lamf-test-70da499d-f492-45a5-857f-ba98849424d5,"{<resource_manager.instance.OnPremInstance object at 0x113e97620>: [(4, 55359.648, None)]}",105.64492540905647,53930.67400036961,55359.648,22836.556986305488,3,,55359.648,55375.047999999995,False,0.09369533804848537,,
lamf-test-41153241-bf67-4ba2-bd57-821911347a85,"{<resource_manager.instance.OnPremInstance object at 0x113e97620>: [(3, 55389.648, None)]}",99.23133172494114,53985.63803412527,55389.648,22837.556986305488,3,,55389.648,55405.047999999995,False,0.07027150353636404,,
lamf-test-6557112d-0dd1-4a4f-956a-4810ab29fb87,"{<resource_manager.instance.OnPremInstance object at 0x113e97620>: [(5, 55449.648, 56949.648), (1, 56949.648, None), (1, 71831.25599999998, None), (2, 75821.25599999998, None), (1, 79301.25599999998, None)]}",284.1643475390076,150127.25150033337,55449.648,22839.69035549149,3,101.34855578370976,55449.648,86639.57330974007,True,123.16251357320009,156.00524128215298,32.842727708952886
lamf-test-9c88980c-fc13-42ba-ae80-9214e850b23c,"{<resource_manager.instance.OnPremInstance object at 0x113e97620>: [(3, 55479.648, None)]}",56.88278421553064,36890.30229147216,55479.648,22840.69035549149,2,,55479.648,55495.047999999995,False,0.049677043187284775,,
lamf-test-599db447-ffc5-4f67-bbdb-15246291d10d,"{<resource_manager.instance.OnPremInstance object at 0x113e97620>: [(4, 55509.648, None)]}",58.09494942769889,36744.18072645682,55509.648,22842.09795025649,3,,55509.648,55525.047999999995,False,0.09369533804848537,,
lamf-test-67a1a99a-4314-4946-83c9-ed2acd2c23fe,"{<resource_manager.instance.CloudReservedInstance object at 0x113e97e00>: [(1, 55539.648, None)], <resource_manager.instance.CloudOnDemandInstance object at 0x113e97b60>: [(1, 55539.648, None)]}",104.56386159081104,54054.177743112275,55539.648,22844.043900190492,2,,55539.648,55555.047999999995,False,0.05266596585976721,,
lamf-test-1bd3ea85-4b86-41d6-88ae-4d09629a5e9f,"{<resource_manager.instance.OnPremInstance object at 0x113e97620>: [(5, 55629.648, None)]}",91.30297666017438,53990.613218789236,55629.648,22848.894888853494,2,,55629.648,55645.047999999995,False,0.06162769304399561,,
lamf-test-04e82c6f-21eb-4e35-8244-b06d0737db1d,"{<resource_manager.instance.OnPremInstance object at 0x113e97620>: [(5, 55689.648, None)]}",95.5159501731966,54287.21626757487,55689.648,22853.970899620494,2,,55689.648,55705.047999999995,False,0.06162769304399561,,
lamf-test-227b9038-f251-4152-94eb-43a9fb1d09b6,"{<resource_manager.instance.OnPremInstance object at 0x113e97620>: [(5, 55809.648, None)]}",66.25196628808428,37088.818789788435,55809.648,22860.186837352492,2,,55809.648,55825.047999999995,False,0.06162769304399561,,
lamf-test-b20c0974-09ea-4c80-b141-7811b8b20475,"{<resource_manager.instance.CloudReservedInstance object at 0x113e97e00>: [(1, 55839.648, None)], <resource_manager.instance.CloudOnDemandInstance object at 0x113e97b60>: [(1, 55839.648, None)]}",96.38631983638818,53958.11858731418,55839.648,22862.16902547749,1,,55839.648,55855.047999999995,False,0.060121175247778116,,
lamf-test-ab19fe1e-973b-44c8-a2b5-9c88f8dd630c,"{<resource_manager.instance.OnPremInstance object at 0x113e97620>: [(5, 55929.648, 60909.648), (2, 60909.648, None)]}",310.22675767562004,150679.21056857303,55929.648,22864.09844331449,3,37.8736025553274,55929.648,78483.60426549148,True,91.33456921588402,115.6900025384507,24.355433322566686
lamf-test-38119ffa-10d5-4f96-9e4f-d7aa2d684f4c,"{<resource_manager.instance.OnPremInstance object at 0x113e97620>: [(5, 55989.648, 60459.648), (2, 60459.648, None), (1, 71891.25599999998, None)]}",315.0920376046709,150726.90804037667,55989.648,22871.21991746249,2,48.96451882847383,55989.648,76861.92599999999,True,72.56280550223737,96.94959716783737,24.386791665599997
lamf-test-0edb2b7d-ea79-4551-a1d6-40e8f4f75204,"{<resource_manager.instance.OnPremInstance object at 0x113e97620>: [(2, 56019.648, None)]}",49.09599477194767,36864.753322894714,56019.648,22872.34238123849,3,,56019.648,56035.047999999995,False,0.046847669024242686,,
lamf-test-fb5bb86a-097c-4cce-b52f-faf7de14091c,"{<resource_manager.instance.OnPremInstance object at 0x113e97620>: [(5, 56169.648, 58179.648), (2, 58179.648, None)]}",310.7135837098068,150670.94491113472,56169.648,22874.14318024049,2,21.581593885010257,56169.648,70306.3,True,41.009551230088135,54.92297133248813,13.9134201024
lamf-test-ffa00229-4854-4a3b-9050-ac62a552280b,"{<resource_manager.instance.OnPremInstance object at 0x113e97620>: [(2, 56199.648, None), (1, 64869.648, None), (1, 70650.71999999999, None)]}",328.09484391630104,150717.6283071059,56199.648,22876.00588705949,3,83.11713438284268,56199.648,78812.74399999999,True,102.41282530990944,129.72240545710943,27.30958014719999
lamf-test-404b381d-5a0f-4cbc-ae4f-02ebbbeb7a4d,"{<resource_manager.instance.OnPremInstance object at 0x113e97620>: [(6, 56949.648, None)]}",54.32250531179826,37091.69888196908,56949.648,22878.60543578849,1,,56949.648,56965.047999999995,False,0.24243668720045594,,
lamf-test-1945932c-936e-4e58-b59b-8fc5fe0a5a90,"{<resource_manager.instance.CloudReservedInstance object at 0x11408d450>: [(2, 56979.648, None)], <resource_manager.instance.CloudReservedInstance object at 0x113e97e00>: [(1, 56979.648, None)], <resource_manager.instance.CloudOnDemandInstance object at 0x113e97b60>: [(1, 56979.648, 72731.25599999998)]}",307.9539703217035,151166.23444887588,56979.648,23428.009570660488,1,105.81732755342597,56979.648,72740.6937027306,False,105.86230659146071,,
lamf-test-05011c3e-5178-4e8c-a944-565636c84b62,"{<resource_manager.instance.OnPremInstance object at 0x113e97620>: [(2, 57009.648, 62199.648), (1, 62199.648, None), (2, 68169.648, None)]}",311.6110618417853,150917.85931459055,57009.648,23429.858488519487,2,26.22220563819974,57009.648,73139.836,True,49.81820401397182,62.49748877237182,12.679284758399994
lamf-test-01d3dab5-d631-4e94-b48f-123fd1e6d0ca,"{<resource_manager.instance.OnPremInstance object at 0x113e97620>: [(3, 57039.648, None)]}",62.28353144846482,37530.45739874576,57039.648,23430.858488519487,1,,57039.648,57055.047999999995,False,0.12297513118863707,,
lamf-test-e42daae1-319e-4d66-892f-ff458cefa185,"{<resource_manager.instance.OnPremInstance object at 0x113e97620>: [(5, 57069.648, 61449.648), (1, 61449.648, None), (4, 81011.25599999998, None)]}",331.8539601540227,151114.1316158504,57069.648,23436.592416494488,3,63.064275610312535,57069.648,89454.99130974006,True,127.28007384394304,161.2207972568959,33.94072341295286
lamf-test-64767f79-cec9-4cb3-b8c5-46b3e86d20f8,"{<resource_manager.instance.OnPremInstance object at 0x113e97620>: [(4, 57399.648, 59889.648), (1, 59889.648, None), (5, 68829.648, None)]}",283.87618715962776,151003.31868265523,57399.648,23440.76184176649,2,94.52238002899139,57399.648,85145.043,True,125.60401748475981,172.9750027567598,47.370985272000006
lamf-test-4f40bb80-4246-4e5c-807f-5b2f111e8553,"{<resource_manager.instance.OnPremInstance object at 0x113e97620>: [(4, 57429.648, 60909.648), (1, 60909.648, None), (1, 89891.25599999998, None)]}",300.28901978300945,151009.56232431563,57429.648,23444.430506474488,3,65.25455624001822,57429.648,93868.405,True,77.35326792912011,97.98042340272012,20.62715547360001
lamf-test-428fc4b3-a829-4902-849a-b2c3bb41b1dd,"{<resource_manager.instance.OnPremInstance object at 0x113e97620>: [(6, 57909.648, None)]}",111.95659614535904,54558.11877020372,57909.648,23445.430506474488,3,,57909.648,57925.047999999995,False,0.14054300707272807,,
lamf-test-9638132b-b89e-4ce9-a020-504ebe7f7390,"{<resource_manager.instance.OnPremInstance object at 0x113e97620>: [(3, 57969.648, None)]}",103.1682902438305,54414.74530203403,57969.648,23451.607306035487,2,,57969.648,57985.047999999995,False,0.049677043187284775,,
lamf-test-6ebb2b55-7f25-4fcc-998e-d62668ae8460,"{<resource_manager.instance.OnPremInstance object at 0x113e97620>: [(6, 58029.648, None)]}",60.69367071554156,37792.29469154647,58029.648,23458.339611927488,2,,58029.648,58045.047999999995,False,0.06655648787942382,,
lamf-test-5704a2cc-027b-4370-a7eb-9804c4d8380a,"{<resource_manager.instance.OnPremInstance object at 0x113e97620>: [(5, 58089.648, 63549.648), (1, 63549.648, None), (1, 66549.648, None), (3, 70650.71999999999, None)]}",328.518781280289,150958.40594210706,58089.648,23459.339611927488,3,58.56284736481857,58089.648,78104.208,True,115.2476751083733,145.9798183787733,30.732143270400012
lamf-test-4bdc3b38-4b50-41c5-90d1-8319dfa6ef3f,"{<resource_manager.instance.OnPremInstance object at 0x113e97620>: [(5, 58809.648, None)]}",321.16833722466623,151302.51743045542,58809.648,23460.339611927488,2,,58809.648,73704.41799999999,True,59.60586451436758,89.81245807436756,30.206593559999977
lamf-test-cbaeac35-da39-4580-bb48-6f69d435e1ef,"{<resource_manager.instance.OnPremInstance object at 0x113e97620>: [(6, 59409.648, None)]}",59.97502759856391,37736.34141782659,59409.648,23461.490477894986,2,,59409.648,59425.047999999995,False,0.06655648787942382,,
lamf-test-faec5c90-186b-4555-954c-a8baf4f027a2,"{<resource_manager.instance.OnPremInstance object at 0x113e97620>: [(4, 59469.648, None)]}",104.23072108364673,54679.66037017614,59469.648,23462.511928673986,3,,59469.648,59485.047999999995,False,0.09369533804848537,,
lamf-test-0967a8c1-fdb4-4be1-a916-cc022480b089,"{<resource_manager.instance.OnPremInstance object at 0x113e97620>: [(2, 59499.648, None)]}",89.68473907463206,54456.411684121005,59499.648,23466.052346900986,1,,59499.648,59515.047999999995,False,0.08315461251803077,,
lamf-test-d392fb46-3ada-4299-920d-04b5ae462e49,"{<resource_manager.instance.OnPremInstance object at 0x113e97620>: [(4, 59529.648, None)]}",53.88118833696197,37595.15788343485,59529.648,23472.496463819985,2,,59529.648,59545.047999999995,False,0.05608928259914327,,
lamf-test-b4f2a445-161d-42de-8bf2-99cedcdf1a1d,"{<resource_manager.instance.OnPremInstance object at 0x113e97620>: [(2, 59589.648, None), (2, 68739.648, None)]}",317.30210148260704,151244.75569290252,59589.648,23473.496463819985,2,24.87399830122727,59589.648,73216.091,True,49.21214815424163,63.89720927744163,14.685061123199997
lamf-test-c7f36b6d-6d0e-497a-bed2-ab51e4200e00,"{<resource_manager.instance.OnPremInstance object at 0x113e97620>: [(6, 60159.648, None)]}",67.30455789142538,37579.676263696114,60159.648,23480.460024798984,2,,60159.648,60175.047999999995,False,0.06655648787942382,,
lamf-test-902ad2da-a958-4f6f-a105-0cf09133c223,"{<resource_manager.instance.OnPremInstance object at 0x113e97620>: [(4, 60189.648, 63189.648), (2, 63189.648, None)]}",319.6161610919672,151143.50695226283,60189.648,23481.460024798984,3,18.252338580880675,60189.648,73608.39099999999,True,49.946742718077374,63.26562703967736,13.318884321599988
lamf-test-5c066d18-4f49-4722-a66a-a3c4e7ab30cb,"{<resource_manager.instance.OnPremInstance object at 0x113e97620>: [(3, 60219.648, None)]}",105.95282638563052,55164.788297386534,60219.648,24026.733760723982,3,,60219.648,60235.047999999995,False,0.07027150353636404,,
lamf-test-03f57a47-31b2-463e-9964-32e1833cfbcd,"{<resource_manager.instance.OnPremInstance object at 0x113e97620>: [(6, 60249.648, None)]}",98.51981663568804,55194.71093017893,60249.648,24030.277983634984,1,,60249.648,60265.047999999995,False,0.24243668720045594,,
lamf-test-b284ea68-a93a-41ac-9d3b-a2d0c0674e21,"{<resource_manager.instance.OnPremInstance object at 0x113e97620>: [(2, 60309.648, None), (1, 74441.25599999998, None)]}",312.0323931368153,151659.28770117892,60309.648,24037.475286724984,1,76.30573944786664,60309.648,76437.53599999998,True,92.70228975587486,106.59492366947484,13.89263391359998
lamf-test-274e2f12-b4e9-499b-9b88-36da25e54e24,"{<resource_manager.instance.OnPremInstance object at 0x113e97620>: [(5, 60459.648, 67929.648), (1, 67929.648, None), (1, 84311.25599999998, None), (2, 86801.25599999998, None)]}",331.60036141298406,151785.4706657207,60459.648,24038.475286724984,1,158.3914743326488,60459.648,91273.806,True,207.71231622176603,238.78200954656606,31.06969332480002
lamf-test-f483d0b8-ba08-4711-99f9-47af2ee222a5,"{<resource_manager.instance.OnPremInstance object at 0x113e97620>: [(3, 60909.648, 62919.648), (1, 62919.648, None), (2, 73841.25599999998, None), (2, 75851.25599999998, None), (1, 79841.25599999998, None)]}",312.7927875459608,152006.9942323475,60909.648,24039.475286724984,2,67.97589413465022,60909.648,89275.46100000001,True,157.55378770998453,197.9259292027846,40.37214149280007
lamf-test-10d63afb-c09f-4af6-a622-71a25fae2fdf,"{<resource_manager.instance.OnPremInstance object at 0x113e97620>: [(4, 60939.648, 63939.648), (1, 63939.648, None), (3, 95681.25599999998, None)]}",310.7244065884292,151391.3121436252,60939.648,24040.475286724984,2,75.33136312449344,60939.648,104619.23999999999,True,122.29884654665376,154.5414279930538,32.24258144640001
lamf-test-5168b562-8a76-449b-98c0-cc2731c9ca3c,"{<resource_manager.instance.OnPremInstance object at 0x113e97620>: [(2, 61029.648, None), (1, 68709.648, None)]}",309.5107801118846,151868.79217708218,61029.648,24041.736872911984,1,61.93426602783464,61029.648,76379.41799999999,True,104.46537075062733,120.02796288662732,15.562592135999987
lamf-test-ff254f04-4cb3-4cab-aa4a-5f045128d210,"{<resource_manager.instance.OnPremInstance object at 0x113e97620>: [(3, 61449.648, None)]}",110.15545315677929,55165.236345301295,61449.648,24044.209141885985,3,,61449.648,61465.047999999995,False,0.07027150353636404,,
lamf-test-bc23b10d-c69c-4408-9782-8739fbb3209f,"{<resource_manager.instance.OnPremInstance object at 0x113e97620>: [(3, 61479.648, 64959.648), (1, 64959.648, None), (1, 88991.25599999998, None), (3, 92471.25599999998, None)]}",310.0193593332558,151696.71549359744,61479.648,24054.177888400984,1,114.99653935660501,61479.648,97936.105,True,189.39063556163984,217.27800953843987,27.887373976800028
lamf-test-8ac2f925-7afc-41fe-bb28-31766fc5fb67,"{<resource_manager.instance.OnPremInstance object at 0x113e97620>: [(2, 61509.648, None)]}",78.91788247204538,38101.77014809157,61509.648,24055.177888400984,1,,61509.648,61525.047999999995,False,0.08315461251803077,,
lamf-test-8af4e2ac-cf32-4cee-877b-e9f4b759f7f3,"{<resource_manager.instance.OnPremInstance object at 0x113e97620>: [(4, 61629.648, 63639.648), (2, 63639.648, None)]}",289.77114078776196,151437.8578764491,61629.648,24063.095045444985,3,12.229066849190051,61629.648,68115.465,True,25.8447547342003,32.736561484600294,6.891806750399996
lamf-test-068fc1f2-6deb-41a2-ae15-564e581e4490,"{<resource_manager.instance.OnPremInstance object at 0x113e97620>: [(3, 61749.648, 64239.648), (2, 64239.648, None), (1, 70220.184, None)]}",318.6864958169501,151433.9083220302,61749.648,24071.368938662985,1,52.17644353182747,61749.648,77179.627,True,109.33819301848044,125.68768606408042,16.349493045599992
lamf-test-f3dda1e4-5862-4683-8e1d-465d2dca42c3,"{<resource_manager.instance.OnPremInstance object at 0x113e97620>: [(4, 61779.648, 63279.648), (1, 63279.648, None), (3, 68259.648, None), (2, 76931.25599999998, None)]}",305.16980399325007,151641.49223983593,61779.648,24072.368938662985,1,123.51725119780949,61779.648,82394.41699999999,True,212.0147257586127,243.8321791874127,31.817453428799986
lamf-test-9a44ea70-cb8b-427c-9af4-a87498aeb7c6,"{<resource_manager.instance.OnPremInstance object at 0x113e97620>: [(2, 61869.648, None)]}",116.40460154918469,55439.256206408434,61869.648,24073.368938662985,3,,61869.648,61885.047999999995,False,0.046847669024242686,,
lamf-test-9bda5a96-e4e1-4b91-bbbb-1dacf1ed28b2,"{<resource_manager.instance.OnPremInstance object at 0x113e97620>: [(6, 62349.648, 70650.71999999999), (1, 70650.71999999999, None), (4, 73661.25599999998, None)]}",334.4551264679061,151869.95084982162,62349.648,24074.368938662985,3,149.92313940223576,62349.648,87493.789,True,185.53446345729716,235.00940260209717,49.47493914480001
lamf-test-e68a5a0e-948d-450e-bd18-14ba76978e62,"{<resource_manager.instance.OnPremInstance object at 0x113e97620>: [(2, 62409.648, None)]}",61.643354936762066,38202.22309785073,62409.648,24078.315361079985,2,,62409.648,62425.047999999995,False,0.04186443429931751,,
lamf-test-72ac3048-5fdb-4c21-afcd-eed6fe82e6d1,"{<resource_manager.instance.OnPremInstance object at 0x113e97620>: [(3, 62469.648, None)]}",305.99164294117367,151911.39717274503,62469.648,24081.104585948986,1,,62469.648,65959.211,True,27.865549851699704,32.111650110099696,4.246100258399994
lamf-test-947624f9-c308-44e1-a082-5eef08d3ec8d,"{<resource_manager.instance.OnPremInstance object at 0x113e97620>: [(4, 62769.648, None)]}",93.19634223972996,55373.54402508054,62769.648,24082.104585948986,2,,62769.648,62785.047999999995,False,0.05608928259914327,,
lamf-test-fd42a6f7-5546-4968-b0ee-4f887fda9461,"{<resource_manager.instance.OnPremInstance object at 0x113e97620>: [(5, 62829.648, 67809.648), (2, 67809.648, None), (2, 79721.25599999998, None), (2, 87671.25599999998, None)]}",313.44017426263486,151648.07462685544,62829.648,24084.190941390985,1,215.69428610540717,62829.648,93138.597,True,304.2594722792609,350.2250097464609,45.96553746720002
lamf-test-1e1b6610-69b2-4869-80ff-74a807042404,"{<resource_manager.instance.OnPremInstance object at 0x113e97620>: [(5, 63279.648, 68739.648), (1, 68739.648, None)]}",310.82543279392,152040.27513967364,63279.648,24085.190941390985,3,41.52407027150354,63279.648,82130.68999999999,True,61.892222982736314,78.39650961793632,16.504286635199996
lamf-test-aba1aa4f-f6ce-4af2-b868-ea5768a9b8b8,"{<resource_manager.instance.OnPremInstance object at 0x113e97620>: [(5, 63609.648, None)]}",55.6474329845016,38768.126786548535,63609.648,24628.162336066984,3,,63609.648,63625.047999999995,False,0.11711917256060674,,
lamf-test-b37b6ec3-b4f6-4505-b5ff-6313155b88e1,"{<resource_manager.instance.OnPremInstance object at 0x113e97620>: [(5, 63639.648, None)]}",92.20096869554938,55953.07602369714,63639.648,24629.162336066984,2,,63639.648,63655.047999999995,False,0.06162769304399561,,
lamf-test-aa0c06ad-8e28-471d-8a21-4c2106849993,"{<resource_manager.instance.OnPremInstance object at 0x113e97620>: [(4, 63669.648, 66669.648), (1, 66669.648, None), (1, 72641.25599999998, None), (4, 75131.25599999998, None)]}",297.7430444733612,152666.43903537022,63669.648,24630.162336066984,1,190.82587999087377,63669.648,88212.52499999998,True,274.43302099018933,315.57676943338936,41.143748443199996
lamf-test-ea317cde-8e65-4009-bbcb-6720d6ab3fc4,"{<resource_manager.instance.OnPremInstance object at 0x113e97620>: [(5, 63729.648, 67209.648), (2, 67209.648, None)]}",322.00845242777757,152462.1291167228,63729.648,24631.231799731482,2,13.926257908648427,63729.648,80112.345,True,49.00184952168124,66.52595732808123,17.5241078064
lamf-test-d2030552-fada-4868-9884-3081a3d5e562,"{<resource_manager.instance.CloudReservedInstance object at 0x114098290>: [(2, 63759.648, None)], <resource_manager.instance.CloudReservedInstance object at 0x11408d450>: [(1, 63759.648, None)], <resource_manager.instance.CloudReservedInstance object at 0x11408d1d0>: [(1, 63759.648, None)], <resource_manager.instance.CloudOnDemandInstance object at 0x113e9ec40>: [(2, 84371.25599999998, 93551.25599999998)]}",335.70235460840024,152265.95799897987,63759.648,24632.558532541483,3,156.31539432656464,63759.648,93562.06654929339,False,156.3619832529692,,
lamf-test-8b57f8ca-98cc-4c1b-8aa2-5b91c1f45b09,"{<resource_manager.instance.OnPremInstance object at 0x113e97620>: [(2, 63939.648, None)]}",306.9047417051023,152610.12236944356,63939.648,24633.558532541483,2,13.537979403290908,63939.648,85471.73499999999,True,58.5343273726642,76.00115634706418,17.466828974399988
lamf-test-a13d6194-2358-4887-a070-b00cd35c865e,"{<resource_manager.instance.OnPremInstance object at 0x113e97620>: [(3, 64209.648, 69189.648), (2, 69189.648, None)]}",302.61921821621866,152538.53999401614,64209.648,24635.780854883484,2,16.064394485244915,64209.648,79609.227,True,44.3897049055185,58.9017313903185,14.5120264848
lamf-test-ca1797e6-b093-4c70-86e8-71ffe0d25cca,"{<resource_manager.instance.OnPremInstance object at 0x113e97620>: [(4, 64239.648, None)]}",87.62355008897632,55740.538973028495,64239.648,24636.780854883484,3,,64239.648,64255.047999999995,False,0.09369533804848537,,
lamf-test-7bd8b2d3-250f-4731-829c-d7a0653ffcb3,"{<resource_manager.instance.OnPremInstance object at 0x113e97620>: [(4, 64269.648, None)]}",301.8009690341694,152562.94233715447,64269.648,24637.780854883484,3,12.229066849190051,64269.648,70450.25600000001,True,37.60351661723329,47.6309350364333,10.027418419200012
lamf-test-d11d15e3-c05e-424a-bab1-f5785ed94bc2,"{<resource_manager.instance.OnPremInstance object at 0x113e97620>: [(4, 64689.648, None)]}",65.13660288894543,38770.31150044432,64689.648,24638.780854883484,1,,64689.648,64705.047999999995,False,0.16279564985924336,,
lamf-test-a7dc0f00-a53e-4f14-ba21-5c93f2b6c280,"{<resource_manager.instance.OnPremInstance object at 0x113e97620>: [(4, 64749.648, 69729.648), (2, 69729.648, None), (1, 83141.25599999998, None)]}",278.74097160023985,152261.77810397718,64749.648,24641.390838971485,2,54.5970135914449,64749.648,95553.806,True,113.5256717506917,147.5883110002917,34.062639249600004
lamf-test-88d97e0c-88fe-4c62-bc84-030e5f7776f1,"{<resource_manager.instance.OnPremInstance object at 0x113e97620>: [(3, 64809.648, None)]}",304.4592028444548,151837.44147730054,64809.648,24652.672378355484,1,,64809.648,79904.018,True,120.5345539584759,138.9013833744759,18.366829415999995
lamf-test-2586faa0-8afe-4587-9352-3a45415e951c,"{<resource_manager.instance.OnPremInstance object at 0x113e97620>: [(3, 64959.648, None)]}",52.1878736324701,38840.09982608372,64959.648,24656.429440556483,2,,64959.648,64975.047999999995,False,0.049677043187284775,,
lamf-test-096a164d-3416-42b7-999a-d92269a9a7ca,"{<resource_manager.instance.OnPremInstance object at 0x113e97620>: [(6, 64989.648, 71261.25599999998), (2, 71261.25599999998, None), (2, 76241.25599999998, None), (1, 81551.25599999998, None)]}",310.89137174012484,152837.9535584172,64989.648,24662.915354120483,3,104.6918366415695,64989.648,85533.06399999998,True,134.97404821659424,170.9664600693942,35.99241185279996
lamf-test-debb5ae3-8ca9-424a-a1fe-ae626817d5d4,"{<resource_manager.instance.OnPremInstance object at 0x113e97620>: [(4, 65649.648, None)]}",50.08229655297103,38889.76750389337,65649.648,24663.915354120483,3,,65649.648,65665.048,False,0.09369533804848537,,
lamf-test-9f4c8a2a-2fe4-4712-9592-1f90f46792d9,"{<resource_manager.instance.OnPremInstance object at 0x113e97620>: [(5, 65709.648, 68709.648), (2, 68709.648, None)]}",322.9477688777042,152094.4196734305,65709.648,24664.915354120483,1,39.47068218115445,65709.648,80621.718,True,103.79169290440333,119.53876408840333,15.747071183999994
lamf-test-81195703-aa5f-481d-abd3-346d6a96d7d8,"{<resource_manager.instance.OnPremInstance object at 0x113e97620>: [(2, 65739.648, None)]}",57.90728747613712,38871.136189588804,65739.648,24668.170743889485,2,,65739.648,65755.048,False,0.04186443429931751,,
lamf-test-292ff255-562b-496c-972f-f8340f6cddab,"{<resource_manager.instance.OnPremInstance object at 0x113e97620>: [(2, 65769.648, None), (1, 76901.25599999998, None), (2, 82361.25599999998, None)]}",321.5271161172489,152413.69712951744,65769.648,24669.170743889485,1,104.95278485055886,65769.648,85846.508,True,152.39822617689578,175.1400056424958,22.741779465600025
lamf-test-3943f80b-7a33-4e35-a8a4-f3b6aa99c52d,"{<resource_manager.instance.OnPremInstance object at 0x113e97620>: [(3, 66009.648, None)]}",31.751233670300554,38762.21135924784,66009.648,24670.625751638483,1,,66009.648,66025.048,False,0.12297513118863707,,
lamf-test-03badbdc-4aa8-4cd2-98f8-bfe0e4080cef,"{<resource_manager.instance.OnPremInstance object at 0x113e97620>: [(2, 66069.648, None)]}",46.039696363479905,38696.33452165932,66069.648,24672.11366903948,2,,66069.648,66085.048,False,0.04186443429931751,,
lamf-test-e0a17229-9bf9-416c-a5a2-49e15e4b17e7,"{<resource_manager.instance.OnPremInstance object at 0x113e97620>: [(2, 66129.648, None)]}",300.8789137634496,152900.94273928343,66129.648,24673.11366903948,3,7.57472051106548,66129.648,86183.808,True,61.00588637919234,77.27382097119235,16.267934592000003
lamf-test-0b1411aa-7440-4517-bbd4-2bffa1461af4,"{<resource_manager.instance.OnPremInstance object at 0x113e97620>: [(2, 66669.648, None)]}",54.09958144079154,38978.56685384973,66669.648,24674.11366903948,1,,66669.648,66685.048,False,0.08315461251803077,,
lamf-test-8a7888d4-6626-4d18-8e7e-6823cdaffb96,"{<resource_manager.instance.OnPremInstance object at 0x113e97620>: [(6, 66909.648, None)]}",94.8282048828368,55979.97307549094,66909.648,24675.11366903948,3,,66909.648,66925.048,False,0.14054300707272807,,
lamf-test-8f5d07e8-2d0c-4ca5-874d-d1e790990809,"{<resource_manager.instance.OnPremInstance object at 0x113e97620>: [(6, 66969.648, 68979.648), (1, 68979.648, None), (1, 74951.25599999998, None), (4, 79931.25599999998, None)]}",302.97405507839164,152493.90902029438,66969.648,24676.11366903948,1,253.36523659593882,66969.648,95530.461,True,329.163446725987,378.479068218787,49.315621492800034
lamf-test-fd11e4ea-cdef-4f38-a062-f8e8f6529d33,"{<resource_manager.instance.OnPremInstance object at 0x113e97620>: [(6, 67089.648, 71111.25599999998), (2, 71111.25599999998, None), (1, 81041.25599999998, None)]}",323.9849795842166,152618.64296375113,67089.648,24677.11366903948,1,162.0216637006613,67089.648,91683.389,True,204.33897786903924,235.1305265322392,30.791548663199965
lamf-test-8c42c6bf-e604-4e96-bc18-75bc6db194f5,"{<resource_manager.instance.OnPremInstance object at 0x113e97620>: [(2, 67209.648, None)]}",304.5244415439068,152129.31435516314,67209.648,24678.11366903948,2,,67209.648,73182.956,True,16.238257163356,21.083804612956,4.845547449600003
lamf-test-2ee801ff-df94-45c9-b634-a465808c37ee,"{<resource_manager.instance.OnPremInstance object at 0x113e97620>: [(4, 67689.648, None)]}",44.045311418522864,38780.650931073986,67689.648,24681.59584952898,3,,67689.648,67705.048,False,0.09369533804848537,,
lamf-test-c4cd6d33-84be-4a0d-a794-48962ad9461f,"{<resource_manager.instance.OnPremInstance object at 0x113e97620>: [(4, 67749.648, None)]}",92.44374551049617,55927.36040658387,67749.648,24685.76031194948,1,,67749.648,67765.048,False,0.16279564985924336,,
lamf-test-b19f4d76-0891-41df-b5fe-36ccd74b9a06,"{<resource_manager.instance.OnPremInstance object at 0x113e97620>: [(3, 67809.648, None)]}",47.2527689810787,38793.30991299498,67809.648,24690.53927298848,3,,67809.648,67825.048,False,0.07027150353636404,,
lamf-test-9953a2a0-1d7c-4068-bf98-538acafc2ac3,"{<resource_manager.instance.OnPremInstance object at 0x113e97620>: [(6, 67929.648, 71921.25599999998), (2, 71921.25599999998, None), (2, 80861.25599999998, None)]}",299.47595690366575,152090.54217300174,67929.648,24694.39556394848,2,49.709659415944806,67929.648,92005.88,True,102.1468967912402,137.19403999764017,35.04714320639999
lamf-test-783eef72-16ea-4bd4-8850-a7549496bd66,"{<resource_manager.instance.OnPremInstance object at 0x113e97620>: [(3, 67959.648, None)]}",99.85904399571011,55964.684884457165,67959.648,24695.54428958948,2,,67959.648,67975.048,False,0.049677043187284775,,
lamf-test-59f36aea-6cbc-457b-81ba-431f79f73291,"{<resource_manager.instance.OnPremInstance object at 0x113e97620>: [(2, 67989.648, None)]}",94.81833183066266,56561.69113001476,67989.648,25266.74724713648,3,,67989.648,68005.048,False,0.046847669024242686,,
lamf-test-55529a16-b241-4348-bd90-45ddc000d26d,"{<resource_manager.instance.OnPremInstance object at 0x113e97620>: [(3, 68019.648, None)]}",53.211716625419925,39391.48501398837,68019.648,25275.60394521848,2,,68019.648,68035.048,False,0.049677043187284775,,
lamf-test-b86de886-591a-45ec-903b-6a80c96225dd,"{<resource_manager.instance.CloudReservedInstance object at 0x114098290>: [(2, 68319.648, None)], <resource_manager.instance.CloudReservedInstance object at 0x11408d1d0>: [(3, 68319.648, None)], <resource_manager.instance.CloudOnDemandInstance object at 0x113e9ec40>: [(1, 68319.648, None)]}",41.149547064693905,39826.65887472182,68319.648,25842.96582973748,3,,68319.648,68335.048,False,0.09369533804848537,,
lamf-test-9805f54e-1cae-487c-b904-2cb93c2a7afb,"{<resource_manager.instance.CloudReservedInstance object at 0x114098290>: [(2, 68409.648, None)], <resource_manager.instance.CloudReservedInstance object at 0x11408d1d0>: [(1, 68409.648, None)]}",328.01417674151406,153489.10527134157,68409.648,25843.96582973748,3,59.5235409536846,68409.648,93258.56922917931,True,88.19045737534168,152.49946551645772,64.30900814111604
lamf-test-65e3ea29-e28c-4094-b1d4-e102c2738358,"{<resource_manager.instance.CloudReservedInstance object at 0x11408d1d0>: [(2, 68439.648, None)], <resource_manager.instance.CloudOnDemandInstance object at 0x113e9ec40>: [(1, 68439.648, None)]}",53.51848203740168,39967.23796796844,68439.648,25847.035368372482,1,,68439.648,68455.048,False,0.07339468147131356,,
lamf-test-720b43f5-e992-4463-8b62-736d9e2ae936,"{<resource_manager.instance.OnPremInstance object at 0x113e97620>: [(2, 68469.648, None)]}",92.64800719218381,56953.00358240357,68469.648,25851.879906999482,2,,68469.648,68485.048,False,0.04186443429931751,,
lamf-test-ca0b2ac7-3ce2-4e8c-a6e1-096d01ef9a8a,"{<resource_manager.instance.OnPremInstance object at 0x113e97620>: [(6, 69189.648, 74171.25599999998), (2, 74171.25599999998, None), (2, 78641.25599999998, None), (2, 84821.25599999998, None)]}",322.6901850057595,153834.0896860794,69189.648,25864.259739192483,1,169.29978370978748,69189.648,88303.79,True,225.71317955738064,259.9640115285806,34.25083197119998
lamf-test-47c1fe4b-c260-4538-9b53-fe9eeae00c5f,"{<resource_manager.instance.CloudReservedInstance object at 0x11408d1d0>: [(2, 69219.648, None)], <resource_manager.instance.CloudReservedInstance object at 0x113e97e00>: [(1, 78551.25599999998, None)], <resource_manager.instance.CloudOnDemandInstance object at 0x11408d810>: [(2, 78551.25599999998, None)], <resource_manager.instance.CloudOnDemandInstance object at 0x113e97b60>: [(1, 78551.25599999998, 108371.25599999998)]}",307.40827687661385,154122.45790512202,69219.648,26440.027794651483,3,145.53361016046844,69219.648,108380.0169448923,False,145.5647033306696,,
lamf-test-18cbb634-7aef-4481-9ee7-fe1e8a16d0ba,"{<resource_manager.instance.CloudOnDemandInstance object at 0x113e9ec40>: [(5, 69729.648, None)]}",52.226498354671556,40576.83827221269,69729.648,26456.803853613485,3,,70130.184,70145.58399999999,False,3.1632519583237277,,
lamf-test-6a7cd0bb-34c7-4263-9cc7-17fa07eb0a15,"{<resource_manager.instance.CloudOnDemandInstance object at 0x113e9ec40>: [(4, 70220.184, None)]}",298.21973828332,154055.2403419482,70220.184,26462.487606162485,1,472.1187168605976,70620.71999999999,125743.61957000056,True,586.9463490934731,1082.1709756294222,495.2246265359491
lamf-test-9293cd6c-713f-41c3-8b50-410b94532b8e,"{<resource_manager.instance.OnPremInstance object at 0x113e97620>: [(4, 70650.71999999999, 73151.25599999998), (1, 73151.25599999998, None), (2, 80111.25599999998, None), (3, 87281.25599999998, None)]}",276.94819521132933,154255.48732010747,70650.71999999999,26464.213862118486,2,57.26906838327411,70650.71999999999,94734.65199999997,True,116.6971429933492,150.4400291053492,33.74288611199998
lamf-test-2ef3ba74-0be9-4758-9e8b-663933377574,"{<resource_manager.instance.CloudOnDemandInstance object at 0x113e9ec40>: [(1, 70680.71999999999, None)], <resource_manager.instance.CloudOnDemandInstance object at 0x11408d810>: [(3, 70680.71999999999, 85301.25599999998), (1, 85301.25599999998, None)]}",315.97195408362086,154435.08371324895,70680.71999999999,26467.016669553486,3,55.595619438740556,71081.25599999998,85309.60394025987,False,55.61466561775011,,
lamf-test-abc545e6-fca4-4495-82db-38cb26110a9d,"{<resource_manager.instance.OnPremInstance object at 0x113e97620>: [(5, 71111.25599999998, None)]}",106.90985136127853,57621.4014827497,71111.25599999998,26471.833244847487,1,,71111.25599999998,71126.65599999997,False,0.20261616852984965,,
lamf-test-72359355-373b-4aa6-9d80-111deeae4206,"{<resource_manager.instance.OnPremInstance object at 0x113e97620>: [(4, 71231.25599999998, 76211.25599999998), (1, 76211.25599999998, None), (4, 83171.25599999998, None), (1, 97211.25599999998, None)]}",293.68085416171726,153940.02617886782,71231.25599999998,26477.33421868249,3,147.66141911932465,71231.25599999998,101688.20048673435,True,188.51877240916602,238.78951251208278,50.27074010291677
lamf-test-aa966776-8b52-45e3-81e8-3d502aee1701,"{<resource_manager.instance.OnPremInstance object at 0x113e97620>: [(3, 71261.25599999998, 77741.25599999998), (2, 77741.25599999998, None)]}",277.6854198628887,153988.47400213685,71261.25599999998,26478.90260096149,1,51.74537987679672,71261.25599999998,87671.65299999998,True,105.36604966157121,121.3064517079712,15.940402046399997
lamf-test-40afb271-d458-48d9-adbe-b89134d80114,"{<resource_manager.instance.OnPremInstance object at 0x113e97620>: [(3, 71291.25599999998, None)]}",57.83325208385016,40710.91452881884,71291.25599999998,26480.87869898449,3,,71291.25599999998,71306.65599999997,False,0.07027150353636404,,
lamf-test-f6c3e1ca-41d1-4659-a1c2-f6d7cca0c5e7,"{<resource_manager.instance.OnPremInstance object at 0x113e97620>: [(2, 71351.25599999998, 74351.25599999998), (1, 74351.25599999998, None)]}",330.89870791023526,154078.7775558656,71351.25599999998,26484.831406767487,2,8.15540927909091,71351.25599999998,86255.62599999997,True,32.30980988124843,39.57182235324842,7.2620124719999986
lamf-test-81297157-09b4-4bfd-81e5-a8bf0f0cf407,"{<resource_manager.instance.OnPremInstance object at 0x113e97620>: [(6, 72191.25599999998, None)]}",69.1210403049402,40726.89804153022,72191.25599999998,26489.052326619487,3,,72191.25599999998,72206.65599999997,False,0.14054300707272807,,
lamf-test-2744811c-a0e4-4a9d-a448-520fba53466a,"{<resource_manager.instance.OnPremInstance object at 0x113e97620>: [(2, 72221.25599999998, 73721.25599999998), (1, 73721.25599999998, None)]}",316.8459168651483,154460.66000156192,72221.25599999998,26490.052326619487,2,4.077704639545455,72221.25599999998,88596.25299999998,True,34.259615693544234,41.509714476744236,7.250098783200001
lamf-test-ce4c822f-a3d7-44c8-9dba-10c2ea1d7fc0,"{<resource_manager.instance.OnPremInstance object at 0x113e97620>: [(6, 72311.25599999998, None)]}",86.88519768848549,58322.49970330033,72311.25599999998,27044.24010216749,2,,72311.25599999998,72326.65599999997,False,0.06655648787942382,,
lamf-test-5471ed7c-c241-4b43-b3db-c6a0ff681a3a,"{<resource_manager.instance.OnPremInstance object at 0x113e97620>: [(2, 72341.25599999998, None)]}",59.30424416492866,41219.53514814311,72341.25599999998,27051.158059234487,2,,72341.25599999998,72356.65599999997,False,0.04186443429931751,,
lamf-test-dc701733-214d-4503-9e86-a7c5623aa494,"{<resource_manager.instance.OnPremInstance object at 0x113e97620>: [(2, 72371.25599999998, None)]}",290.04127710324553,154866.14365040825,72371.25599999998,27067.499345218486,2,9.460274763745455,72371.25599999998,87976.23499999999,True,42.42166351220627,55.08042247700628,12.658758964800006
lamf-test-9b9326a1-51bc-46fd-a2cb-1abf1c9c75f6,"{<resource_manager.instance.OnPremInstance object at 0x113e97620>: [(5, 72401.25599999998, None)]}",57.78982021342063,41334.11815074192,72401.25599999998,27072.933313330486,1,,72401.25599999998,72416.65599999997,False,0.20261616852984965,,
lamf-test-0111158b-0edf-40ea-8c3c-c453441d9f4b,"{<resource_manager.instance.OnPremInstance object at 0x113e97620>: [(2, 72431.25599999998, None), (4, 90011.25599999998, None)]}",288.9103792556111,155255.0582585776,72431.25599999998,27076.947576463488,3,105.4985169974903,72431.25599999998,96827.33527028987,True,115.68404535970694,146.53255187188444,30.84850651217748
lamf-test-cb995d16-8bd4-4a69-981f-1cf758860367,"{<resource_manager.instance.OnPremInstance object at 0x113e97620>: [(5, 72491.25599999998, None)]}",320.1908267325743,155016.91672162974,72491.25599999998,27077.947576463488,3,33.99498060689026,72491.25599999998,81643.11799999999,True,69.60120161228997,88.16117774828999,18.559976136000014
lamf-test-b3a0db0a-ecb4-42b0-814b-3c34a8d7aaed,"{<resource_manager.instance.OnPremInstance object at 0x113e97620>: [(4, 72611.25599999998, None)]}",100.59507953151345,58013.760528700994,72611.25599999998,27087.32243799849,2,,72611.25599999998,72626.65599999997,False,0.05608928259914327,,
lamf-test-692078cb-d4fe-44db-acc1-5eececdc7c24,"{<resource_manager.instance.OnPremInstance object at 0x113e97620>: [(3, 72671.25599999998, 74171.25599999998), (2, 74171.25599999998, None), (1, 78641.25599999998, None), (2, 82631.25599999998, None), (1, 85121.25599999998, None)]}",293.9568407519619,154837.11898310756,72671.25599999998,27092.458018481488,2,83.00810001806735,72671.25599999998,89146.13199999998,True,92.73931035915221,117.89026459275223,25.15095423360001
lamf-test-b3747e60-f13b-4587-ba76-a5026ef56274,"{<resource_manager.instance.OnPremInstance object at 0x113e97620>: [(2, 72701.25599999998, None)]}",92.20458272811517,60806.524134210806,72701.25599999998,29463.19132595349,3,,72701.25599999998,72716.65599999997,False,0.046847669024242686,,
lamf-test-ef36ad8e-1831-459d-b4cc-a917ad7c30ef,"{<resource_manager.instance.OnPremInstance object at 0x113e97620>: [(5, 72791.25599999998, None)]}",103.50768504869966,60732.61511306274,72791.25599999998,29485.301906641987,1,,72791.25599999998,72806.65599999997,False,0.20261616852984965,,
lamf-test-a7a41a4b-e265-4559-96d2-89c830b4e4f3,"{<resource_manager.instance.OnPremInstance object at 0x113e97620>: [(5, 72971.25599999998, None)]}",110.11661546722232,67273.86065560745,72971.25599999998,36086.431051673484,3,,72971.25599999998,72986.65599999997,False,0.11711917256060674,,
lamf-test-c609bf72-d17c-450a-8e65-16fe23e38281,"{<resource_manager.instance.OnPremInstance object at 0x113e97620>: [(2, 73001.25599999998, None), (1, 82871.25599999998, None), (3, 88331.25599999998, None)]}",326.56864801291823,164102.56567503125,73001.25599999998,36097.87010741348,3,54.939539128450825,73001.25599999998,95289.35199999997,True,118.44030116358648,150.02379558918645,31.583494425599977
