,instances,budget,deadline,sched_start_time,submit_time,software_id,license_cost,exec_start_time,finish_time,complete,cost,hardware_cost
lamf-test-ce4837ee-c9b5-4728-816b-793fbe63012e,"{<resource_manager.instance.OnPremInstance object at 0x113cb7770>: [(5, 30, None)]}",64.81020493737797,14109.368596154949,30,1.0,1,52.26499855502318,30,4002.4419999999996,True,60.321110931023185,8.056112375999998
lamf-test-fdbe52b3-5ac4-4817-bbd7-3ee39ada2008,"{<resource_manager.instance.OnPremInstance object at 0x113cb7770>: [(3, 60, None)]}",309.54978900857253,127502.92211483211,60,17.684445751,1,273.76596737394476,60,34343.320999999996,True,315.4819123667448,41.7159449928
lamf-test-312a25ed-966e-4a84-89af-21712bfc7175,"{<resource_manager.instance.OnPremInstance object at 0x113cb7770>: [(4, 1230.2, None)]}",330.5774711754339,128573.4391899958,1230.2,1215.484127953,1,105.04843866453722,1230.2,11167.48,True,121.1706817365372,16.122243071999996
lamf-test-6d60a076-8aec-42f5-ae5c-3923b3793c72,"{<resource_manager.instance.OnPremInstance object at 0x113cb7770>: [(5, 1260.2, None)]}",295.26855467250385,128850.8783322242,1260.2,1231.209596251,1,294.06454217050725,1260.2,23610.805,True,339.39156911050725,45.327026939999996
lamf-test-f42e0220-9054-4dba-814a-9d6b93e25e15,"{<resource_manager.instance.OnPremInstance object at 0x113cb7770>: [(2, 6630.999999999999, None)]}",293.5168981771201,134392.33348537423,6630.999999999999,6605.489694715,3,40.88263137881207,6630.999999999999,20070.143,True,51.78446418041207,10.9018328016
lamf-test-c2212f64-c788-46d9-9572-57170e08d2ac,"{<resource_manager.instance.OnPremInstance object at 0x113cb7770>: [(4, 6660.999999999999, None)]}",57.825321252479114,20770.092627435046,6660.999999999999,6607.349357062,3,10.548604456612676,6660.999999999999,8394.795,True,13.361513464612678,2.8129090080000014
lamf-test-0aa73555-99c3-40be-a09f-6bf3df006265,"{<resource_manager.instance.OnPremInstance object at 0x113cb7770>: [(6, 6690.999999999999, None)]}",310.4901833144852,134467.33091545198,6690.999999999999,6615.91286047,3,144.97091489847134,6690.999999999999,22576.188,True,183.62910841527133,38.6581935168
lamf-test-761a035c-9b31-431d-b128-35fe1a248496,"{<resource_manager.instance.OnPremInstance object at 0x113cb7770>: [(4, 6721.199999999999, None)]}",281.9460745575701,134581.7571975826,6721.199999999999,6620.482766389,1,251.68548916267395,6721.199999999999,30529.922999999995,True,290.31276135787397,38.6272721952
lamf-test-c947c209-c0e1-414b-aa78-1430406df6ae,"{<resource_manager.instance.OnPremInstance object at 0x113cb7770>: [(2, 6751.199999999999, None)]}",91.00759406898061,37666.98435900064,6751.199999999999,6622.167859747,3,18.804666514563838,6751.199999999999,12932.763999999997,True,23.819151231363836,5.014484716799998
lamf-test-1b5247ff-56d3-4066-aafc-ee4137f1169c,"{<resource_manager.instance.OnPremInstance object at 0x113cb7770>: [(3, 6781.199999999999, None)]}",98.97570184637311,37994.50797323175,6781.199999999999,6637.6944800109995,3,31.95993611681496,6781.199999999999,13785.219999999998,True,40.482427652814955,8.522491535999999
lamf-test-a35e3102-219f-4336-95ce-4d87e6b5e69c,"{<resource_manager.instance.OnPremInstance object at 0x113cb7770>: [(6, 7231.399999999999, None)]}",88.24903114605627,38417.97419279073,7231.399999999999,7209.551417242,3,45.675728952772076,7231.399999999999,12236.318,True,57.85569739757208,12.179968444800002
lamf-test-8d2ae00d-f906-47ac-81a5-138a54772bef,"{<resource_manager.instance.OnPremInstance object at 0x113cb7770>: [(2, 7261.399999999999, None)]}",310.3508838593914,135040.67699148445,7261.399999999999,7232.141057323,3,39.88633051943113,7261.399999999999,20373.033999999996,True,50.52248802023112,10.636157500799998
lamf-test-b41bc5e6-51fb-4710-b8ea-caebbe600cb8,"{<resource_manager.instance.OnPremInstance object at 0x113cb7770>: [(6, 7291.399999999999, None)]}",308.5846884800438,135344.89118590814,7291.399999999999,7244.677429777,2,24.042878647121732,7291.399999999999,12854.498999999998,True,37.58123637352173,13.5383577264
lamf-test-8a5bf643-d5be-430a-ac2f-d8a1f25fa6d3,"{<resource_manager.instance.OnPremInstance object at 0x113cb7770>: [(3, 7801.799999999998, None)]}",322.3613792231315,135507.25989175134,7801.799999999998,7800.101027941,2,40.261066100442555,7801.799999999998,20282.825,True,55.44797732044256,15.186911220000002
lamf-test-cbef53e7-aa65-412f-b9a4-02aefd0bda1b,"{<resource_manager.instance.OnPremInstance object at 0x113cb7770>: [(2, 7831.799999999998, None)]}",89.7921856815224,39057.48663938127,7831.799999999998,7808.757611596,1,50.67140786371586,7831.799999999998,17216.001999999997,True,58.28387252611586,7.612464662399998
lamf-test-decf70b3-3bab-4cf4-b55a-9508b27560e7,"{<resource_manager.instance.OnPremInstance object at 0x113cb7770>: [(3, 7861.799999999998, None)]}",317.6420201174764,135404.70491411464,7861.799999999998,7835.640757723,2,67.4510311786732,7861.799999999998,28771.778000000002,True,92.89429240907322,25.443261230400005
lamf-test-1faee22d-4d95-436a-a021-6148365dd51b,"{<resource_manager.instance.OnPremInstance object at 0x113cb7770>: [(2, 7891.799999999998, None)]}",300.8642397517245,135253.10120769113,7891.799999999998,7837.66485079,3,88.2063183512054,7891.799999999998,36887.422,True,111.7275669176054,23.5212485664
lamf-test-585c2356-1279-476b-b41a-cbdb8ebd0ee3,"{<resource_manager.instance.OnPremInstance object at 0x113cb7770>: [(4, 7921.999999999998, None)]}",290.6639501784463,135419.1862380219,7921.999999999998,7845.300509641,2,80.62068062911784,7921.999999999998,30057.396,True,116.53314709951783,35.9124664704
lamf-test-17aa2292-304e-4763-ab73-533f31d66f3d,"{<resource_manager.instance.OnPremInstance object at 0x113cb7770>: [(5, 8402.4, None)]}",100.9864715008785,39560.31554136048,8402.4,8390.583051411999,2,14.09879944197868,8402.4,11925.516,True,21.24367868997868,7.144879248
lamf-test-17be3ad6-6cd4-4c64-93c6-3fc4d170d157,"{<resource_manager.instance.OnPremInstance object at 0x113cb7770>: [(2, 8432.4, None)]}",64.77903730143166,22367.33845263935,8432.4,8392.966433223999,2,13.6832353979608,8432.4,13465.833,True,17.7663562475608,4.083120849600001
lamf-test-410c24b3-e037-404b-8fa3-3b9be7b4adaa,"{<resource_manager.instance.OnPremInstance object at 0x113cb7770>: [(5, 8462.4, None)]}",105.56808496111117,39555.938468996275,8462.4,8399.281643871998,3,17.084128070575723,8462.4,10708.792000000001,True,21.639811046575726,4.555682976000003
lamf-test-dbfc6e86-f385-4c1b-a2d1-36902c12232e,"{<resource_manager.instance.OnPremInstance object at 0x113cb7770>: [(2, 8492.4, None)]}",332.81097832014945,136200.44137851804,8492.4,8400.337786320999,3,63.63975359342916,8492.4,29412.378,True,80.61003974702916,16.970286153600004
lamf-test-ee649544-0852-4484-9313-a2ec39aaf5e5,"{<resource_manager.instance.OnPremInstance object at 0x113cb7770>: [(4, 8522.6, None)]}",94.51083597672981,39434.888863057895,8522.6,8404.536281923,1,61.703504905315995,8522.6,14359.574,True,71.173411522916,9.4699066176
lamf-test-3e8d9edc-8d07-4ff0-a6aa-1b9473f39dae,"{<resource_manager.instance.OnPremInstance object at 0x113cb7770>: [(5, 8552.6, None)]}",46.55013787044631,22597.152038085384,8552.6,8410.274178406,1,58.23445242984258,8552.6,12978.755000000001,True,67.21069476984258,8.97624234
lamf-test-8daeea4f-cbbf-4fb6-b9f3-5857c1ab865e,"{<resource_manager.instance.OnPremInstance object at 0x113cb7770>: [(4, 8582.6, None)]}",56.56222725445129,22631.74871296442,8582.6,8411.359610581,1,29.94395528177049,8582.6,11415.212000000001,True,34.53958499057049,4.5956297088000015
lamf-test-665b3cd3-6953-4941-a220-b425974f248a,"{<resource_manager.instance.OnPremInstance object at 0x113cb7770>: [(3, 8612.6, None)]}",295.24467469152273,135989.79809095428,8612.6,8415.862142425,3,57.76283367556468,8612.6,21271.325,True,73.16597025556467,15.403136580000002
lamf-test-7b6d3b7a-f2bc-4206-bf5c-c8e1aaff27be,"{<resource_manager.instance.OnPremInstance object at 0x113cb7770>: [(3, 8642.6, None)]}",57.77199384513077,22619.659289827465,8642.6,8442.817081123,2,3.774906899290799,8642.6,9812.830000000002,True,5.1988427632908,1.4239358640000017
lamf-test-e86f1528-c4b7-428d-9220-137c2eee5f81,"{<resource_manager.instance.OnPremInstance object at 0x113cb7770>: [(5, 9003.000000000002, None)]}",291.443531643958,136937.87105407406,9003.000000000002,8998.842561366999,2,106.48775938080539,9003.000000000002,35612.977,True,160.45279273680538,53.96503335599999
lamf-test-905b51bb-7f4b-480b-babc-216c95cb3e5c,"{<resource_manager.instance.OnPremInstance object at 0x113cb7770>: [(4, 9033.200000000003, None)]}",76.07511246679637,23139.06136471515,9033.200000000003,9002.149981884999,3,16.846719902654197,9033.200000000003,11802.169000000004,True,21.3390952082542,4.492375305600001
lamf-test-d53de693-fd3a-47ec-b96e-28dcf292d471,"{<resource_manager.instance.OnPremInstance object at 0x113cb7770>: [(4, 9063.200000000003, None)]}",82.04480128359563,40173.74570394621,9063.200000000003,9010.929440220998,2,28.0019843075172,9063.200000000003,16751.488,True,40.4754627587172,12.473478451199998
lamf-test-d608e81f-e921-488f-9511-ac29f6be8717,"{<resource_manager.instance.OnPremInstance object at 0x113cb7770>: [(4, 9093.200000000003, None)]}",290.8535591080783,137046.0749814285,9093.200000000003,9011.929440220998,3,54.3728770248688,9093.200000000003,18030.062,True,68.8720419336688,14.4991649088
lamf-test-794e981d-7b48-479b-88a9-08c76168b3f4,"{<resource_manager.instance.OnPremInstance object at 0x113cb7770>: [(2, 9123.200000000003, None)]}",55.43753343799916,23194.578839589878,9123.200000000003,9016.838822962998,3,12.51214541029736,9123.200000000003,13236.255000000003,True,15.848655626297361,3.336510216
lamf-test-d89dd74a-ca32-43e3-9fdb-057b16e15c3a,"{<resource_manager.instance.OnPremInstance object at 0x113cb7770>: [(2, 9153.200000000003, None)]}",52.589033620058174,23230.44811284601,9153.200000000003,9022.543478281998,1,32.10327986919158,9153.200000000003,15098.637000000004,True,36.92621836359158,4.8229384944000016
lamf-test-9d73df9e-a4e9-43ed-b3cd-731892da568c,"{<resource_manager.instance.OnPremInstance object at 0x113cb7770>: [(6, 9183.400000000003, None)]}",116.24356079750007,40142.507273621835,9183.400000000003,9026.656494802997,3,28.549440529865233,9183.400000000003,12311.704946059986,True,36.16248344659681,7.613042916731576
lamf-test-700b88cb-1fe1-443f-85f3-4e83586778d7,"{<resource_manager.instance.OnPremInstance object at 0x113cb7770>: [(2, 9213.400000000003, None)]}",323.88597973304996,136310.9097480432,9213.400000000003,9033.147129088497,1,151.20372530230435,9213.400000000003,37215.903999999995,True,173.91935654710434,22.715631244799994
lamf-test-cacf2328-5a7f-4177-ad3a-d6767db7f233,"{<resource_manager.instance.OnPremInstance object at 0x113cb7770>: [(5, 9243.400000000003, None)]}",299.34289693362723,136963.74900199453,9243.400000000003,9039.258541894997,2,66.78239736394889,9243.400000000003,25931.497000000003,True,100.6258580799489,33.843460716
lamf-test-76901c5b-cc70-4a21-8b6a-aa4aa3dedd24,"{<resource_manager.instance.OnPremInstance object at 0x113cb7770>: [(2, 9604.400000000007, None)]}",295.82083300729096,136901.88010976365,9604.400000000007,9598.120921495996,2,25.654392133613246,9604.400000000007,19041.47100000001,True,33.30974412881325,7.655351995200001
lamf-test-c0570041-d32e-4e8b-8d2d-a250dfe399fc,"{<resource_manager.instance.OnPremInstance object at 0x113cb7770>: [(5, 9634.600000000008, None)]}",309.1917473885502,137431.31496061408,9634.600000000008,9599.335149595996,1,311.897633204046,9634.600000000008,33340.62300000001,True,359.97344784804596,48.075814644
lamf-test-ca7252f0-85f2-4005-896c-fb17b2f26952,"{<resource_manager.instance.OnPremInstance object at 0x113cb7770>: [(6, 9664.800000000008, None)]}",304.02222934164064,137596.98926243474,9664.800000000008,9600.335149595996,1,359.68967967145807,9664.800000000008,32512.914000000015,True,415.29284990185806,55.603170230400025
lamf-test-0ae28a41-e363-4bde-bdce-50f826df3b42,"{<resource_manager.instance.OnPremInstance object at 0x113cb7770>: [(4, 9695.20000000001, None)]}",87.69850691765791,40883.06866463223,9695.20000000001,9605.276272202997,3,57.96179785535019,9695.20000000001,19221.946000000007,True,73.41799056575019,15.456192710399996
lamf-test-9da27dae-e6dc-4f47-b706-a6e8a3713464,"{<resource_manager.instance.OnPremInstance object at 0x113cb7770>: [(6, 9725.20000000001, None)]}",296.9549680882063,137372.51715257173,9725.20000000001,9607.865931302997,3,45.404426192105866,9725.20000000001,14700.39000000001,True,57.51204857610587,12.107622384000003
lamf-test-50c28631-c9b3-47d9-9e36-b5f64438ea4d,"{<resource_manager.instance.CloudReservedInstance object at 0x113ebc290>: [(6, 9755.20000000001, None)]}",57.792712238435485,23500.62215695533,9755.20000000001,9609.881432597997,3,50.753006479875225,9755.20000000001,15316.460685032338,True,87.20373351385112,36.45072703397589
lamf-test-6ea3ccb6-5ec7-474a-bd76-4c0b7e74a8fd,"{<resource_manager.instance.OnPremInstance object at 0x113cb7770>: [(4, 9785.20000000001, None)]}",318.43627200467716,137107.92097450615,9785.20000000001,9612.178809146997,3,33.73883337135903,9785.20000000001,15330.59900000001,True,42.73568870895903,8.9968553376
lamf-test-f6a7b87b-3fe2-4927-871e-a0cac1bfa236,"{<resource_manager.instance.CloudReservedInstance object at 0x113eb9310>: [(3, 9815.40000000001, None)]}",80.84812600328213,40922.569533671754,9815.40000000001,9616.459347005997,3,48.69892815820872,9815.40000000001,31160.140211742895,True,70.16319891513737,21.46427075692865
lamf-test-01aed4d0-4ac3-4934-b29d-300b9eb1cf38,"{<resource_manager.instance.CloudReservedInstance object at 0x113eb9310>: [(3, 9845.600000000011, None)], <resource_manager.instance.CloudReservedInstance object at 0x113eb9090>: [(3, 9845.600000000011, None)]}",48.38806555130056,23982.978543045567,9845.600000000011,9619.387312220497,3,6.7119831260998035,9845.600000000011,11610.717322501738,True,10.622071018905629,3.9100878928058247
lamf-test-f035cec5-13b9-4feb-9d16-93fce26c2cc2,"{<resource_manager.instance.CloudReservedInstance object at 0x113eb9090>: [(3, 9875.600000000011, None)]}",59.50673849065216,23832.31295351329,9875.600000000011,9625.303621244497,2,16.569265762646673,9875.600000000011,18041.67596750962,True,26.446951252946292,9.877685490299621
lamf-test-7dc86417-03bf-4f7d-b2cc-4f303d7c708b,"{<resource_manager.instance.OnPremInstance object at 0x113cb7770>: [(4, 9905.800000000012, None)]}",122.20824587768153,40966.39124455242,9905.800000000012,9627.733372994997,2,13.250604964450769,9905.800000000012,13543.916000000012,True,19.15308436285077,5.9024793984
lamf-test-6e11c3c3-b9bf-4aa2-897f-6c03a891a9cd,"{<resource_manager.instance.CloudReservedInstance object at 0x113cd22c0>: [(5, 9935.800000000012, None)]}",323.10613238146993,137269.09912548444,9935.800000000012,9634.505366339998,3,375.9256293051312,9935.800000000012,59366.260997331716,True,520.9546018713024,145.02897256617123
lamf-test-c5a6ffed-1196-4516-a2cc-67f21c8eb5f5,"{<resource_manager.instance.CloudReservedInstance object at 0x113cd22c0>: [(1, 9965.800000000012, None)], <resource_manager.instance.CloudReservedInstance object at 0x113cb7cb0>: [(1, 9965.800000000012, None)]}",321.906162634098,137334.85627719783,9965.800000000012,9635.505366339998,2,111.99199356915089,9965.800000000012,39918.42906624274,True,151.20597554267587,39.21398197352498
lamf-test-6718dd63-82fd-49d3-b154-c2385c7724e4,"{<resource_manager.instance.CloudReservedInstance object at 0x113cb7cb0>: [(4, 9995.800000000012, None)]}",53.92864783453742,23740.078321895297,9995.800000000012,9637.319180133998,1,28.159222068229393,9995.800000000012,13948.813640304086,True,39.581850283252045,11.422628215022653
lamf-test-93fc33e5-0604-48d1-8efe-1dfc9145e379,"{<resource_manager.instance.CloudReservedInstance object at 0x113cb7cb0>: [(1, 10025.800000000012, None)], <resource_manager.instance.CloudReservedInstance object at 0x113cd2520>: [(1, 10025.800000000012, None)], <resource_manager.instance.CloudOnDemandInstance object at 0x113cd2780>: [(3, 10025.800000000012, None)]}",318.63019504491797,137361.29964739803,10025.800000000012,9646.068604155998,1,369.9330433153583,10025.800000000012,42310.642388630404,True,644.4897999567489,274.5567566413906
lamf-test-561c40aa-4fd2-4142-aa20-b41c53e185e4,"{<resource_manager.instance.CloudOnDemandInstance object at 0x113cd2780>: [(2, 10056.000000000013, None)]}",92.22367706149063,40924.592902778124,10056.000000000013,9647.337708831998,2,46.04409997425247,10456.536000000013,26993.506775644648,True,121.5786051909173,75.53450521666483
lamf-test-d81c27cf-4838-43c5-ac8d-f0f7d5a86a71,"{<resource_manager.instance.CloudOnDemandInstance object at 0x113cd2780>: [(4, 10488.33600000002, None)]}",313.16578296695053,137915.66291028468,10488.33600000002,10204.562278437998,3,253.23711325122022,10888.87200000002,52111.021026753704,False,,
lamf-test-92b10550-cff6-47f7-a077-4b4db1587046,"{<resource_manager.instance.CloudOnDemandInstance object at 0x113cd2780>: [(1, 10919.872000000023, None)], <resource_manager.instance.CloudOnDemandInstance object at 0x113eb96d0>: [(3, 10919.872000000023, None)]}",81.64667311738593,41340.477147251695,10919.872000000023,10208.342540943997,2,82.53329177218802,11320.408000000023,29522.171325990745,True,164.2383108718045,81.70501909961646
lamf-test-29b14cf4-c2e0-462e-a5b2-16a34ab23f1f,"{<resource_manager.instance.OnPremInstance object at 0x113cb7770>: [(2, 11352.008000000029, None)]}",89.42960233211319,41294.18883858296,11352.008000000029,10213.778537178998,3,23.788710928587726,11352.008000000029,19171.95200000003,True,30.132249501387726,6.343538572800001
lamf-test-0ee3ab93-6383-46f5-aeca-265dafdbd84c,"{<resource_manager.instance.CloudOnDemandInstance object at 0x113eb96d0>: [(5, 11382.008000000029, None)]}",39.66592451958817,24350.921563980235,11382.008000000029,10222.016901498997,3,38.89947311229833,11782.544000000029,21611.791439072244,False,,
lamf-test-3484ce7d-9fee-4f95-9c2d-f871cc58413f,"{<resource_manager.instance.OnPremInstance object at 0x113cb7770>: [(3, 11813.344000000032, None)]}",280.48808000057255,137955.39555761364,11813.344000000032,10225.692113475498,3,99.91054528861507,11813.344000000032,33708.74000000003,True,126.55286314141506,26.642317852799994
lamf-test-0ab21652-7e84-40ef-afc1-d04cb7c18425,"{<resource_manager.instance.OnPremInstance object at 0x113cb7770>: [(2, 11843.344000000032, None)]}",99.9394489602227,41496.950052992506,11843.344000000032,10228.283734827997,3,8.277885770781051,11843.344000000032,14564.492000000033,True,10.485281028381053,2.207395257600001
lamf-test-107c896d-ee0f-4ca2-89f1-19c67b8002a2,"{<resource_manager.instance.OnPremInstance object at 0x113cb7770>: [(2, 11873.344000000032, None)]}",98.1671155759394,41461.875846170224,11873.344000000032,10234.246564422998,3,8.88653433721196,11873.344000000032,14794.570000000034,True,11.256232868411963,2.369698531200002
lamf-test-34f82a8b-288c-437f-910d-553d4a2c7dfc,"{<resource_manager.instance.OnPremInstance object at 0x113cb7770>: [(2, 11903.344000000032, None)]}",332.1651620956545,138029.62257420504,11903.344000000032,10235.246564422998,1,51.37643478591527,11903.344000000032,21418.11500000003,True,59.09481702111527,7.718382235199999
lamf-test-aa879c60-c521-40a2-972a-cf0714098824,"{<resource_manager.instance.CloudReservedInstance object at 0x113eb9310>: [(2, 11933.344000000032, None)]}",56.99333448866139,24456.211429806917,11933.344000000032,10238.837252071999,2,25.35346224173154,11933.344000000032,24428.66525751212,True,33.73032561276764,8.376863371036103
lamf-test-cfb32c98-2421-4b31-9da7-090b5212bb9a,"{<resource_manager.instance.CloudReservedInstance object at 0x113eb9310>: [(1, 11963.344000000032, None)], <resource_manager.instance.CloudReservedInstance object at 0x113eb9090>: [(3, 11963.344000000032, None)], <resource_manager.instance.CloudOnDemandInstance object at 0x113eb96d0>: [(2, 11963.344000000032, None)]}",311.65623815536327,137749.83994959135,11963.344000000032,10239.874680337998,1,861.9856960751663,11963.344000000032,132540.47078396133,True,1222.0772275027884,360.09153142762204
lamf-test-2e0bd3ff-93cb-46df-ab43-ee2f13d4c7e1,"{<resource_manager.instance.CloudOnDemandInstance object at 0x113eb96d0>: [(2, 11993.744000000033, None)], <resource_manager.instance.CloudOnDemandInstance object at 0x113eb91d0>: [(1, 11993.744000000033, None)]}",316.2487464140096,137944.15071436396,11993.744000000033,10240.874680337998,1,491.7670351107068,12394.280000000033,137959.55071436398,False,,
lamf-test-75f66efa-1a77-47ea-a0c6-c0317f11e7c2,"{<resource_manager.instance.CloudOnDemandInstance object at 0x113eb91d0>: [(5, 12425.280000000037, None)]}",323.850834844211,138297.20691440915,12425.280000000037,10241.874680337998,3,251.26822488514324,12825.816000000037,111543.0566704425,False,,
lamf-test-c1ff5343-c068-4179-8505-1de35f1c5237,"{<resource_manager.instance.CloudOnDemandInstance object at 0x113eb91d0>: [(4, 12856.016000000038, None)]}",328.6266875432299,137917.6255957095,12856.016000000038,10242.874680337998,2,188.6671568100994,13256.552000000038,95209.56312263152,False,,
lamf-test-c8383b87-eaaf-4727-8a38-364a265a9c1b,"{<resource_manager.instance.OnPremInstance object at 0x113cb7770>: [(2, 13287.952000000043, None)]}",87.74670802746411,41835.9926699183,13287.952000000043,10820.846514985999,2,25.694497717978056,13287.952000000043,22739.776000000045,True,33.361817346778054,7.667319628800001
lamf-test-a5bf6748-f8d5-4a59-badc-d9816f45493a,"{<resource_manager.instance.OnPremInstance object at 0x113cb7770>: [(2, 13318.152000000044, None)]}",54.40376906069801,24980.040540147562,13318.152000000044,10823.650934050998,2,16.24054611489365,13318.152000000044,19292.302000000043,True,21.08677659489365,4.84623048
lamf-test-9d2ced27-20c6-49c1-84d1-76444fddb91f,"{<resource_manager.instance.OnPremInstance object at 0x113cb7770>: [(3, 13348.352000000044, None)]}",313.4023701696379,138487.56371541996,13348.352000000044,10824.650934050998,2,48.11921627389807,13348.352000000044,28265.422000000046,True,66.27030704989807,18.151090776000004
lamf-test-6323d458-f602-48c5-98a5-f5c1a1584292,"{<resource_manager.instance.OnPremInstance object at 0x113cb7770>: [(5, 13378.352000000044, None)]}",313.6595923894348,138792.97039479387,13378.352000000044,10825.650934050998,1,104.5505218647806,13378.352000000044,21324.796000000046,True,120.66591029678061,16.115388432000003
lamf-test-48feb4fc-2742-45dc-808f-e652fe900563,"{<resource_manager.instance.CloudReservedInstance object at 0x113ebc290>: [(3, 13408.552000000045, None)]}",41.254966979320166,24795.67295643185,13408.552000000045,10830.741403209999,1,34.05861274916827,13408.552000000045,17673.663419417317,True,48.03623589288255,13.97762314371428
lamf-test-bbc839c8-f836-4f9a-a8e0-6cb8342496f2,"{<resource_manager.instance.CloudOnDemandInstance object at 0x113cd2780>: [(1, 13438.552000000045, None)], <resource_manager.instance.CloudOnDemandInstance object at 0x113eb91d0>: [(1, 13438.552000000045, None)], <resource_manager.instance.CloudOnDemandInstance object at 0x113cd23f0>: [(1, 13438.552000000045, None)]}",114.4912360012796,42060.98395761038,13438.552000000045,10833.435778336,3,101.63755099412998,13839.088000000045,42076.38395761037,False,,
lamf-test-d4b58a16-b6c8-4064-88b0-a3ec8e4212ba,"{<resource_manager.instance.OnPremInstance object at 0x113cb7770>: [(2, 13870.28800000005, None)]}",56.907858453854786,25214.911026296933,13870.28800000005,10840.461740161,2,11.157529610454187,13870.28800000005,17974.630000000052,True,14.486971840854189,3.329442230400002
lamf-test-26bbd872-e5de-48b0-8f8f-e6417ce7af20,"{<resource_manager.instance.OnPremInstance object at 0x113cb7770>: [(2, 13900.28800000005, None)]}",298.1380358381042,138632.86813737618,13900.28800000005,11393.025070644999,2,66.23943300994037,13900.28800000005,38266.72900000004,True,86.00548994914035,19.76605693919999
lamf-test-032ba352-18f7-47d0-a6f0-b7f2f4956a0a,"{<resource_manager.instance.OnPremInstance object at 0x113cb7770>: [(6, 13930.28800000005, None)]}",307.62274626708137,139390.96744827868,13930.28800000005,11403.011728020998,3,45.58694957791467,13930.28800000005,18925.47800000005,True,57.74324396191467,12.156294384000002
lamf-test-05c2e1a5-42c3-4e97-863b-94fa07e33793,"{<resource_manager.instance.OnPremInstance object at 0x113cb7770>: [(4, 13960.28800000005, None)]}",91.04820322006628,42682.76411752278,13960.28800000005,11409.312135273998,2,39.7925269713324,13960.28800000005,24885.81400000005,True,57.5181003537324,17.7255733824
lamf-test-d2eb5728-b98d-4dc8-9b54-d5b61be5f0ce,"{<resource_manager.instance.OnPremInstance object at 0x113cb7770>: [(4, 13990.688000000051, None)]}",294.31398108778467,139035.61138367298,13990.688000000051,11410.312135273998,2,83.32577931700654,13990.688000000051,36868.80200000005,True,120.44323147060652,37.11745215359999
lamf-test-3058457a-d1e2-4d92-baae-1c4c74ce602b,"{<resource_manager.instance.OnPremInstance object at 0x113cb7770>: [(5, 14020.688000000051, None)]}",296.32729201787157,139196.30485438753,14020.688000000051,11411.839139896998,2,106.28766946832476,14020.688000000051,40580.665000000045,True,160.15130282432474,53.86363335599998
lamf-test-7a641bba-d417-49ff-88d9-3fe54ccc21c1,"{<resource_manager.instance.CloudReservedInstance object at 0x113cb7cb0>: [(4, 14050.688000000051, None)], <resource_manager.instance.CloudOnDemandInstance object at 0x113eb91d0>: [(1, 14050.688000000051, None)]}",72.4727596207448,25574.34672321575,14050.688000000051,11417.400788938998,1,17.87233471621716,14050.688000000051,16226.64475169949,True,26.102434178602433,8.230099462385272
lamf-test-3babe4ac-4db5-41c5-ad0c-7fee914c7ec7,"{<resource_manager.instance.CloudOnDemandInstance object at 0x113cd23f0>: [(3, 14080.888000000052, None)]}",293.72278396528714,139195.22684895623,14080.888000000052,11424.282577771997,2,221.28211840972324,14481.424000000052,82678.86414485822,False,,
lamf-test-efb02442-ed88-49c8-bf51-dea5e65f914e,"{<resource_manager.instance.OnPremInstance object at 0x113cb7770>: [(2, 14512.224000000055, None)]}",304.7860416350407,139370.5679156821,14512.224000000055,11430.394291837998,3,94.3702426040003,14512.224000000055,45534.08200000005,True,119.5351738136003,25.1649312096
lamf-test-a3da9951-7484-4541-a43a-d268b07d7f2b,"{<resource_manager.instance.CloudOnDemandInstance object at 0x113cd23f0>: [(4, 14542.224000000055, None)]}",322.8627978188001,139145.40410308194,14542.224000000055,11447.243052328999,2,330.93744019851016,14942.760000000055,105405.1543654702,True,824.4321875994515,493.4947474009414
lamf-test-a4d8ead1-b39f-46fe-9cfa-58d32f343ff0,"{<resource_manager.instance.OnPremInstance object at 0x113cb7770>: [(4, 14973.360000000057, None)]}",84.41713409588449,42647.53728135616,14973.360000000057,11449.644722437999,1,103.24394402616169,14973.360000000057,24739.940000000057,True,119.08924341816169,15.845299392
lamf-test-1393ec0f-c39a-48b5-8afc-5e45c5c5f7c7,"{<resource_manager.instance.OnPremInstance object at 0x113cb7770>: [(6, 15003.560000000058, None)]}",354.69102159935267,139609.82747559613,15003.560000000058,11993.752631909,3,63.68903490759753,15003.560000000058,21982.28600000006,True,80.67246250119753,16.983427593600002
lamf-test-98a6ab80-499b-4f3a-95f7-4dd7df820566,"{<resource_manager.instance.OnPremInstance object at 0x113cb7770>: [(2, 15033.560000000058, None)]}",105.87093398460661,43168.247264808066,15033.560000000058,11994.752631909,1,38.01760848733744,15033.560000000058,22074.314000000057,True,43.72906813213744,5.711459644799999
lamf-test-0b319882-7fad-4ae3-8912-b51a1940b68d,"{<resource_manager.instance.CloudOnDemandInstance object at 0x113cd23f0>: [(1, 15063.760000000058, None)], <resource_manager.instance.CloudOnDemandInstance object at 0x113cb7b60>: [(1, 15063.760000000058, None)]}",309.96889456321867,140007.84177966422,15063.760000000058,11996.592621533999,3,316.77816254636394,15464.296000000058,140023.24177966424,False,,
lamf-test-151fcd56-358d-466c-9e97-a24b8c315d14,"{<resource_manager.instance.OnPremInstance object at 0x113cb7770>: [(4, 15495.096000000061, None)]}",286.90020368365816,139279.08422532227,15495.096000000061,12000.238988750498,1,121.28600448703322,15495.096000000061,26968.40300000006,True,139.90029776383324,18.614293276799998
lamf-test-0479ea03-d843-4f1c-b0bd-6f829a2c5a10,"{<resource_manager.instance.OnPremInstance object at 0x113cb7770>: [(5, 15525.096000000061, None)]}",326.10114994784385,139756.98582509154,15525.096000000061,12001.238988750498,3,64.19996197429462,15525.096000000061,23966.74900000006,True,81.31963425829463,17.119672284
lamf-test-724d0d5f-301b-4490-8457-7773ef64d695,"{<resource_manager.instance.CloudReservedInstance object at 0x113ebc290>: [(2, 15555.096000000061, None)], <resource_manager.instance.CloudOnDemandInstance object at 0x113cd23f0>: [(1, 15555.096000000061, None)], <resource_manager.instance.CloudOnDemandInstance object at 0x113cb7b60>: [(2, 15555.096000000061, None)]}",109.55462846539683,43117.52211357186,15555.096000000061,12006.286962333497,2,49.684962851053896,15555.096000000061,22614.175657016873,True,98.71591833276126,49.030955481707366
lamf-test-2674780b-0edf-4613-bd86-e3e24ce33fcb,"{<resource_manager.instance.CloudOnDemandInstance object at 0x113cb7b60>: [(5, 15585.096000000061, None)]}",302.61464185285956,139492.91087613767,15585.096000000061,12010.815960663498,1,676.7760917236478,15985.632000000061,92080.18622986464,False,,
lamf-test-15ce12ce-cdd4-4322-97b9-e92908eec275,"{<resource_manager.instance.CloudOnDemandInstance object at 0x113cb7b60>: [(4, 16016.632000000065, None)]}",62.79223748275714,26285.75013933308,16016.632000000065,12015.732868161498,2,31.566948491612642,16417.168000000063,26301.15013933308,False,,
lamf-test-6fdb4590-cea7-4d20-bffa-249d0757fa2a,"{<resource_manager.instance.OnPremInstance object at 0x113cb7770>: [(6, 16568.368000000068, None)]}",88.08906902383775,43065.38130827916,16568.368000000068,12018.034778235498,1,108.24253388090345,16568.368000000068,23444.122000000065,True,124.97536881530345,16.732834934399996
lamf-test-e4ed1a21-f292-441c-946a-d7b9f0990c7d,"{<resource_manager.instance.OnPremInstance object at 0x113cb7770>: [(2, 16598.368000000068, None)]}",297.2172710903451,139620.27765873118,16598.368000000068,12020.912336382498,1,80.60311582629858,16598.368000000068,31525.83800000007,True,92.71227949029858,12.109163664
lamf-test-c777b76c-0cc3-4d24-b87d-dcc762dd2026,"{<resource_manager.instance.CloudReservedInstance object at 0x113cb7cb0>: [(2, 16628.368000000068, None)]}",310.2741421688458,140180.08215948814,16628.368000000068,12026.150823195498,1,214.87130260975323,16628.368000000068,75083.73540722032,True,299.327617439705,84.45631482995181
lamf-test-38f0df60-c850-46c3-8ecc-b21d5524ac44,"{<resource_manager.instance.OnPremInstance object at 0x113cb7770>: [(6, 16928.76800000007, None)]}",82.2505270696069,43300.8907702855,16928.76800000007,12028.860975351497,3,79.7562400182523,16928.76800000007,25668.058000000066,True,101.0241761622523,21.267936143999997
lamf-test-ecaffeb0-92d2-4398-a844-9e4844c48df5,"{<resource_manager.instance.CloudReservedInstance object at 0x113cb7cb0>: [(2, 16958.76800000007, None)], <resource_manager.instance.CloudOnDemandInstance object at 0x113eb91d0>: [(1, 16958.76800000007, None)]}",106.56838267415606,43191.47181334733,16958.76800000007,12030.383257824498,1,54.04181429529767,16958.76800000007,28298.062938865,True,80.54730282194507,26.50548852664739
lamf-test-3c60492c-5568-42f7-a13b-d4f3117a23dc,"{<resource_manager.instance.OnPremInstance object at 0x113cb7770>: [(6, 17229.768000000073, None)]}",288.51703100665657,139777.50726215434,17229.768000000073,12034.746347445498,2,32.267946706663494,17229.768000000073,24696.003000000073,True,50.4377762026635,18.169829496000002
lamf-test-04f3f31f-b20f-4cb7-a3dd-c0c2f380b4cc,"{<resource_manager.instance.CloudReservedInstance object at 0x113ebc290>: [(1, 17620.368000000075, None)], <resource_manager.instance.CloudReservedInstance object at 0x113eb9090>: [(1, 17620.368000000075, None)], <resource_manager.instance.CloudOnDemandInstance object at 0x113cd2780>: [(1, 17620.368000000075, None)], <resource_manager.instance.CloudOnDemandInstance object at 0x113eb96d0>: [(1, 17620.368000000075, None)]}",63.69847192731158,26135.57229385906,17620.368000000075,12036.777278637497,3,30.875811064338954,17620.368000000075,24784.82752385289,True,62.73043099929335,31.85461993495439
lamf-test-b6b347a8-b100-462f-bbd1-cdcde8345e59,"{<resource_manager.instance.CloudReservedInstance object at 0x113ebc290>: [(3, 17710.568000000076, None)], <resource_manager.instance.CloudOnDemandInstance object at 0x113eb96d0>: [(1, 17710.568000000076, None)]}",310.4633474601291,139828.47121806777,17710.568000000076,12037.777278637497,1,646.818340805494,17710.568000000076,85750.68290601159,True,918.8427201997281,272.024379394234
lamf-test-d4113937-9912-4267-ad39-f41249bcbcef,"{<resource_manager.instance.OnPremInstance object at 0x113cb7770>: [(2, 17800.768000000076, None)]}",44.164232744169574,26360.414984062078,17800.768000000076,12038.777278637497,3,11.055024716708488,17800.768000000076,21434.831000000075,True,14.002976622308486,2.9479519055999988
lamf-test-198ba68c-5a75-4dd3-95a5-23cb4a91c31d,"{<resource_manager.instance.OnPremInstance object at 0x113cb7770>: [(5, 18974.96800000009, None)]}",75.79076386942039,43208.43061248313,18974.96800000009,12039.777278637497,2,14.24935509572556,18974.96800000009,22535.70600000009,True,21.470531759725553,7.221176663999994
lamf-test-9bb4d80d-2aee-48e9-ac53-5a922312b6c8,"{<resource_manager.instance.OnPremInstance object at 0x113cb7770>: [(6, 19215.368000000093, None)]}",62.348183689222225,26240.756283100724,19215.368000000093,12044.121914211497,2,23.59043282873708,19215.368000000093,24673.779000000093,True,36.87402183833708,13.283589009600002
lamf-test-8fdaa8c6-0ab8-4102-bf2c-7c6a5957696b,"{<resource_manager.instance.CloudOnDemandInstance object at 0x113cd23f0>: [(1, 19245.368000000093, None)], <resource_manager.instance.CloudOnDemandInstance object at 0x113cb7b60>: [(2, 19245.368000000093, None)]}",305.80076715201267,139445.2601334524,19245.368000000093,12049.892704593496,3,399.57588764784145,19645.904000000093,131831.58257174582,True,935.5988552239228,536.0229675760813
lamf-test-c89d3402-a23f-46ae-8720-cd373edbf82e,"{<resource_manager.instance.OnPremInstance object at 0x113cb7770>: [(3, 19676.904000000097, None)]}",59.063695813800784,26279.77708804104,19676.904000000097,12050.892704593496,3,12.224042892995653,19676.904000000097,22355.803000000094,True,15.48372719619565,3.259684303199997
lamf-test-d457b8b2-16f3-450b-ba2f-e7b966006e63,"{<resource_manager.instance.OnPremInstance object at 0x113cb7770>: [(6, 19707.104000000098, None)]}",308.6020686022321,139657.76377283456,19707.104000000098,12051.892704593496,1,250.9406735112935,19707.104000000098,35647.29200000009,True,289.7327150280935,38.79204151679998
lamf-test-87f7683b-4f57-45f2-93ec-cd6117faec52,"{<resource_manager.instance.OnPremInstance object at 0x113cb7770>: [(2, 19767.3040000001, None)]}",62.86965238334432,26667.4502718628,19767.3040000001,12603.975608477496,1,9.565453266408086,19767.3040000001,21538.799000000097,True,11.002490010408085,1.4370367439999991
lamf-test-95f36198-5f8e-46dc-93db-fc5d6a810881,"{<resource_manager.instance.OnPremInstance object at 0x113cb7770>: [(3, 20127.9040000001, None)]}",312.84764381313755,140396.29771502226,20127.9040000001,12605.306234876496,2,54.54250957052879,20127.9040000001,37036.210000000094,True,75.11653631132879,20.574026740799994
lamf-test-067d037c-dcca-41c3-b8b9-a8b36009d0a4,"{<resource_manager.instance.OnPremInstance object at 0x113cb7770>: [(4, 20248.304000000102, None)]}",61.80548621708826,26895.420763844766,20248.304000000102,12606.306234876496,2,13.394375635965016,20248.304000000102,23925.894000000102,True,19.360897651965015,5.966522016
lamf-test-55d518fc-620c-44fe-a18a-2336d48b9fc1,"{<resource_manager.instance.OnPremInstance object at 0x113cb7770>: [(3, 20368.704000000103, None)]}",83.99778340603386,43983.260104787405,20368.704000000103,12617.987986095495,3,39.447565594341775,20368.704000000103,29013.638000000105,True,49.96672128554178,10.519155691200002
lamf-test-64282f81-8a38-42e2-8686-39f8e7fadae5,"{<resource_manager.instance.OnPremInstance object at 0x113cb7770>: [(5, 20519.304000000106, None)]}",308.1387838586121,140441.61952471815,20519.304000000106,12618.987986095495,2,17.9279801240933,20519.304000000106,24999.285000000105,True,27.013381592093296,9.085401467999999
lamf-test-6ca33400-5b63-4867-9fb5-39d7d8646a8a,"{<resource_manager.instance.OnPremInstance object at 0x113cb7770>: [(6, 21361.304000000113, None)]}",105.93846150050236,43883.27469223741,21361.304000000113,12622.824581551495,1,104.2008624229979,21361.304000000113,27980.32400000011,True,120.30890949499789,16.108047071999994
lamf-test-e1a8ae4a-b274-4245-9dc7-b8b20b25f60b,"{<resource_manager.instance.OnPremInstance object at 0x113cb7770>: [(4, 21421.704000000114, None)]}",307.3714712616934,140498.88189243016,21421.704000000114,12623.824581551495,3,178.39367860673804,21421.704000000114,50742.9350000001,True,225.96444378113802,47.57076517439997
lamf-test-5f552717-b86e-4e0e-9794-6b12cd0fea27,"{<resource_manager.instance.OnPremInstance object at 0x113cb7770>: [(2, 21481.904000000115, None)]}",43.981392744961866,27436.354515921972,21481.904000000115,13199.372699468495,2,16.228858097444924,21481.904000000115,27451.754515921974,False,,
lamf-test-0ee69e3c-f7ac-4d00-b4dc-243374763ca6,"{<resource_manager.instance.OnPremInstance object at 0x113cb7770>: [(2, 21542.104000000116, None)]}",95.71047451977611,44429.4551995966,21542.104000000116,13200.372699468495,3,6.772810099627358,21542.104000000116,23768.49600000012,True,8.57885929002736,1.8060491904000027
lamf-test-60d40a4b-09c7-4a73-b379-b1d85406ff0e,"{<resource_manager.instance.CloudOnDemandInstance object at 0x113eb96d0>: [(4, 21602.504000000117, None)]}",57.165191884420324,27506.508470392997,21602.504000000117,13208.323847436495,3,18.007162431798253,22003.040000000117,27521.908470393,False,,
lamf-test-87976d93-8677-4270-9b15-bf91d2c51eaa,"{<resource_manager.instance.OnPremInstance object at 0x113cb7770>: [(3, 22094.24000000012, None)]}",311.39111778496914,140965.546129274,22094.24000000012,13212.140549490496,2,41.77043854204827,22094.24000000012,35043.17400000012,True,57.52670143324827,15.756262891200002
lamf-test-68fc4f1f-0368-4356-8862-a5c873470b2b,"{<resource_manager.instance.OnPremInstance object at 0x113cb7770>: [(4, 22394.640000000123, None)]}",313.35740939256686,141071.36461797144,22394.640000000123,13214.283776280496,2,41.76942287382962,22394.640000000123,33862.947000000124,True,60.37560415062962,18.6061812768
lamf-test-6ffd71d7-ab96-484d-939d-8341469b380b,"{<resource_manager.instance.OnPremInstance object at 0x113cb7770>: [(3, 22515.040000000125, None)]}",291.65416309527114,141060.75427115863,22515.040000000125,13218.317888631496,3,150.58176591375766,22515.040000000125,55515.03400000012,True,190.73615861295767,40.1543926992
lamf-test-20e1ba49-4666-4d28-9ab3-d9b988f76cc5,"{<resource_manager.instance.OnPremInstance object at 0x113cb7770>: [(6, 22575.440000000126, None)]}",285.6765311197183,140611.1115062446,22575.440000000126,13225.379588445496,1,158.84294318959616,22575.440000000126,32665.420000000126,True,183.39791851759617,24.554975328
lamf-test-6012bbf1-8566-4834-b341-39822809aef2,"{<resource_manager.instance.OnPremInstance object at 0x113cb7770>: [(5, 22635.440000000126, None)]}",93.62462651407313,44435.29256299122,22635.440000000126,13229.086382472497,1,117.97876370826673,22635.440000000126,31602.50800000012,True,136.1639776122667,18.18521390399999
lamf-test-92b1912c-cdf4-4496-9665-6c2a64a15900,"{<resource_manager.instance.OnPremInstance object at 0x113cb7770>: [(5, 22695.840000000127, None)]}",99.7921660649438,44576.97374602007,22695.840000000127,13232.974259943496,3,29.986097802114223,22695.840000000127,26638.712000000127,True,37.98224221811422,7.996144415999998
lamf-test-3d2e4ca8-d6e8-4002-a809-14108f6da5be,"{<resource_manager.instance.CloudReservedInstance object at 0x113ebc290>: [(2, 22726.04000000013, None)], <resource_manager.instance.CloudReservedInstance object at 0x113cd22c0>: [(3, 22726.04000000013, None)]}",306.2018292174168,140995.36387310355,22726.04000000013,13236.282728721495,2,173.28168719597753,22726.04000000013,51877.1751584599,True,288.28874562313297,115.00705842715547
lamf-test-a7986f20-c88c-442a-a9bb-9d4e408bd120,"{<resource_manager.instance.OnPremInstance object at 0x113cb7770>: [(4, 23659.44000000014, None)]}",50.00049139574834,27353.09306430234,23659.44000000014,13247.901820266496,1,27.841999163434494,23659.44000000014,26293.21300000014,True,32.1150324786345,4.273033315200002
lamf-test-bf2ee2bb-aeee-4553-ba75-b56c3562dc59,"{<resource_manager.instance.OnPremInstance object at 0x113cb7770>: [(2, 23839.44000000014, None)]}",94.73625576454592,44612.86075100812,23839.44000000014,13248.901820266496,1,58.33190234998857,23839.44000000014,34642.344000000136,True,67.09521807478856,8.763315724799996
lamf-test-404ab15a-5fdc-47da-96ca-6bf36dbfc057,"{<resource_manager.instance.OnPremInstance object at 0x113cb7770>: [(4, 24019.64000000014, None)]}",285.63536765098837,141159.67961906304,24019.64000000014,13254.419137516496,2,70.52808802522162,24019.64000000014,43383.99100000014,True,101.94481108762162,31.4167230624
lamf-test-398c2e41-0ba6-4e76-8602-21bfa67e2257,"{<resource_manager.instance.OnPremInstance object at 0x113cb7770>: [(5, 24079.840000000142, None)]}",308.43937206382503,141668.7462985414,24079.840000000142,13799.090334394496,2,43.80127455770247,24079.840000000142,35025.238000000136,True,65.99854170170246,22.197267143999987
lamf-test-58d64335-ff0b-41b5-93cb-bcafe6abca1b,"{<resource_manager.instance.OnPremInstance object at 0x113cb7770>: [(6, 24531.240000000147, None)]}",83.27713277836911,45093.03221953445,24531.240000000147,13808.081708386495,2,29.673570487272702,24531.240000000147,31397.182000000146,True,46.3825269384727,16.7089564512
lamf-test-78749043-3668-43d0-99ce-4ee040f7f664,"{<resource_manager.instance.OnPremInstance object at 0x113cb7770>: [(2, 24561.240000000147, None)]}",57.07835905715178,27931.909466664416,24561.240000000147,13812.012178510495,2,5.559836100290316,24561.240000000147,26606.448000000146,True,7.2189088298903155,1.659072729599999
lamf-test-59fd6bbc-b1e0-4afd-a720-743bb563c136,"{<resource_manager.instance.CloudReservedInstance object at 0x113eb9310>: [(1, 24591.64000000015, None)], <resource_manager.instance.CloudReservedInstance object at 0x113eb9090>: [(1, 24591.64000000015, None)]}",321.20760313523465,141494.55986751235,24591.64000000015,13815.651629506494,2,147.32993824448394,24591.64000000015,77384.31127951924,True,186.31204671728085,38.98210847279691
lamf-test-4cc1e286-0e7f-464c-8240-c10883a7da2a,"{<resource_manager.instance.OnPremInstance object at 0x113cb7770>: [(4, 24741.64000000015, None)]}",316.2330750787407,141407.20632799863,24741.64000000015,13816.651629506494,3,78.5838253859609,24741.64000000015,37657.87400000015,True,99.53912342756091,20.9552980416
lamf-test-0aaede3d-34d4-43d5-b971-8a2a954407b0,"{<resource_manager.instance.CloudOnDemandInstance object at 0x113cd2780>: [(1, 24771.64000000015, None)], <resource_manager.instance.CloudOnDemandInstance object at 0x113cd23f0>: [(1, 24771.64000000015, None)]}",291.4038438976179,141354.40998250816,24771.64000000015,13826.392367372493,1,502.29060661420635,25172.17600000015,114023.25062662446,True,822.4896848982837,320.1990782840774
lamf-test-a7598ecc-5cec-4bf9-9a0f-c71ca0dbae0e,"{<resource_manager.instance.OnPremInstance object at 0x113cb7770>: [(6, 25203.776000000154, None)]}",294.2224632206372,141554.4588733242,25203.776000000154,13828.989675632492,3,42.113967602099,25203.776000000154,29818.414000000153,True,53.344150638899,11.230183036799998
lamf-test-5c0e0bc7-fda1-478e-8de8-178b5b80a83c,"{<resource_manager.instance.OnPremInstance object at 0x113cb7770>: [(4, 25233.776000000154, None)]}",109.02475346006189,45081.056900757285,25233.776000000154,13830.834441617493,2,15.844595882536236,25233.776000000154,29584.104000000156,True,22.902568029736237,7.057972147200002
lamf-test-95c3a7f0-6def-4a58-8473-af92a11ec586,"{<resource_manager.instance.OnPremInstance object at 0x113cb7770>: [(3, 25263.776000000154, None)]}",312.05091942501133,141811.41160737444,25263.776000000154,13833.115631462493,1,199.07078485055894,25263.776000000154,50193.12600000015,True,229.40481793055892,30.334033079999998
lamf-test-225e7631-1dba-46ce-9a30-f911bc78acd8,"{<resource_manager.instance.OnPremInstance object at 0x113cb7770>: [(5, 25353.976000000155, None)]}",48.6051907309817,28232.672781367888,25353.976000000155,13834.281111599494,1,38.07732475295597,25353.976000000155,28248.07278136789,False,,
lamf-test-19917d27-b721-40ad-a37a-4370c7a734bc,"{<resource_manager.instance.OnPremInstance object at 0x113cb7770>: [(2, 25684.776000000158, None)]}",301.1069329229973,141196.60029130318,25684.776000000158,13835.281111599494,2,39.17086844110493,25684.776000000158,40093.93700000015,True,50.859579844304925,11.688711403199994
lamf-test-c5f3d318-ed60-437f-9c1e-4a6f0f18365e,"{<resource_manager.instance.OnPremInstance object at 0x113cb7770>: [(5, 25984.776000000158, None)]}",302.37657057421836,141455.9827656536,25984.776000000158,13836.281111599494,2,47.89558637924861,25984.776000000158,37953.292000000154,True,72.1677368272486,24.27215044799999
lamf-test-68ff13a7-de65-4a50-8bee-581fe346b072,"{<resource_manager.instance.OnPremInstance object at 0x113cb7770>: [(4, 26165.37600000016, None)]}",316.0799972187193,141361.00062051415,26165.37600000016,13837.281111599494,1,68.40395185945702,26165.37600000016,32636.193000000163,True,78.90220536025703,10.498253500800004
lamf-test-e3ac6e81-3f29-40d1-91c8-119f86b94741,"{<resource_manager.instance.OnPremInstance object at 0x113cb7770>: [(2, 26345.57600000016, None)]}",292.3170995981352,141746.9526158476,26345.57600000016,13838.281111599494,2,64.82526057471817,26345.57600000016,50191.80800000016,True,84.16932397311817,19.344063398399996
lamf-test-cd918581-b0d1-458e-92b2-5c59b3bd83b5,"{<resource_manager.instance.CloudOnDemandInstance object at 0x113cd23f0>: [(1, 26405.77600000016, None)], <resource_manager.instance.CloudOnDemandInstance object at 0x113cb7b60>: [(2, 26405.77600000016, None)]}",301.10787935133226,141482.63097690526,26405.77600000016,13841.812902219493,2,461.8849600179743,26806.31200000016,133324.13722634106,True,970.9232778165833,509.038317798609
lamf-test-3231937d-3960-4134-90c2-f2e92cf6e932,"{<resource_manager.instance.OnPremInstance object at 0x113cb7770>: [(2, 26837.312000000165, None)]}",109.51414052886817,44825.35259509888,26837.312000000165,13842.812902219493,2,28.939328466426577,26837.312000000165,37482.76000000016,True,37.574915884026574,8.635587417599996
lamf-test-5e0241b4-8be0-4af4-bde6-0b42fa40fc67,"{<resource_manager.instance.OnPremInstance object at 0x113cb7770>: [(2, 26867.312000000165, None)]}",98.3173256377796,45048.185093642845,26867.312000000165,13843.812902219493,3,6.848861510381016,26867.312000000165,29118.704000000165,True,8.675190700781016,1.8263291903999999
lamf-test-d56ac58c-44ed-4cac-88e0-685510119191,"{<resource_manager.instance.OnPremInstance object at 0x113cb7770>: [(2, 26897.312000000165, None)]}",70.70390367140996,27906.93705254384,26897.312000000165,13844.938634815993,2,2.786499608271778,26897.312000000165,27922.33705254384,False,,
lamf-test-093fc8c1-409b-4af5-91bd-f1586aa318b7,"{<resource_manager.instance.CloudOnDemandInstance object at 0x113cd2780>: [(2, 27558.51200000017, None)], <resource_manager.instance.CloudOnDemandInstance object at 0x113eb96d0>: [(4, 27558.51200000017, None)]}",48.98947611555658,28004.28236779266,27558.51200000017,13849.877337860493,1,4.98031730371389,27959.04800000017,28019.682367792662,False,,
lamf-test-412a625e-1641-430d-83ff-ad06d8ff7ded,"{<resource_manager.instance.OnPremInstance object at 0x113cb7770>: [(5, 28049.848000000173, None)]}",48.58977843534464,28137.57781145376,28049.848000000173,13855.888675193493,1,1.356868003762336,28049.848000000173,28152.977811453762,False,,
lamf-test-499e704f-e77f-4d06-942d-f6729f7df6df,"{<resource_manager.instance.OnPremInstance object at 0x113cb7770>: [(3, 28079.848000000173, None)]}",295.12516285873096,141514.44114356255,28079.848000000173,13856.888675193493,2,53.01700821879734,28079.848000000173,44515.24500000017,True,73.01559928839734,19.9985910696
lamf-test-b31f9afe-254c-4126-a484-8628eb9333c1,"{<resource_manager.instance.CloudOnDemandInstance object at 0x113cd2780>: [(2, 28109.848000000173, None)], <resource_manager.instance.CloudOnDemandInstance object at 0x113eb96d0>: [(4, 28109.848000000173, None)]}",58.325064065435534,28579.47639054498,28109.848000000173,14401.703893773494,1,5.237967256625054,28510.384000000173,28594.87639054498,False,,
lamf-test-893ff824-f1d2-4433-939e-c7c4d678a42b,"{<resource_manager.instance.OnPremInstance object at 0x113cb7770>: [(2, 28540.384000000173, None)]}",291.47945752946964,142115.86064407817,28540.384000000173,14407.570558065494,1,104.98027386113013,28540.384000000173,47982.43500000017,True,120.75166563233013,15.7713917712
lamf-test-9ad3c991-d587-4e6c-87f0-aa8b942b2b5d,"{<resource_manager.instance.OnPremInstance object at 0x113cb7770>: [(6, 28570.584000000174, None)]}",294.2702271699325,142250.29729273944,28570.584000000174,14409.538642560494,2,94.42246194921337,28570.584000000174,50418.28000000017,True,147.59101493481336,53.1685529856
lamf-test-50bd9009-28ec-4253-bcf7-ae2b62692323,"{<resource_manager.instance.OnPremInstance object at 0x113cb7770>: [(3, 28600.584000000174, None)]}",96.71534015432012,45589.52794714113,28600.584000000174,14410.538642560494,2,18.666981229391777,28600.584000000174,34387.39200000017,True,25.70836920379177,7.041387974399993
lamf-test-65b278d1-c75b-4135-b5aa-f825706c680d,"{<resource_manager.instance.CloudReservedInstance object at 0x113eb9310>: [(1, 28630.784000000174, None)], <resource_manager.instance.CloudReservedInstance object at 0x113cb7cb0>: [(2, 28630.784000000174, None)], <resource_manager.instance.CloudOnDemandInstance object at 0x113cd2780>: [(1, 28630.784000000174, None)]}",46.808209305960055,28638.858669606823,28630.784000000174,14412.563301631493,1,0.18804967667253616,28630.784000000174,28654.258669606825,False,,
lamf-test-4e05654b-8014-4960-848f-0c1b470c0ee8,"{<resource_manager.instance.CloudOnDemandInstance object at 0x113cd2780>: [(1, 28660.984000000175, None)], <resource_manager.instance.CloudOnDemandInstance object at 0x113eb96d0>: [(4, 28660.984000000175, None)]}",119.66024806020059,45619.04078032105,28660.984000000175,14417.645457382494,3,68.6183628806687,29061.520000000175,43698.69822529872,True,145.50619571462016,76.88783283395146
lamf-test-2b6c6b3a-28c9-458c-9ffa-76aefcc26451,"{<resource_manager.instance.OnPremInstance object at 0x113cb7770>: [(5, 29092.320000000178, None)]}",317.28833254019617,142091.84765775257,29092.320000000178,14418.645457382494,1,295.0210483686973,29092.320000000178,51515.62500000018,True,340.49551090869727,45.474462540000005
lamf-test-2f12deb2-00c6-45f2-bf9e-431fba73627e,"{<resource_manager.instance.OnPremInstance object at 0x113cb7770>: [(6, 29182.92000000018, None)]}",93.49967154984164,45705.95006611475,29182.92000000018,14419.645457382494,1,81.42560438056118,29182.92000000018,34355.216000000175,True,94.01290392616117,12.587299545599988
lamf-test-f9efe039-70ce-49b9-a1a8-bee3de1d2b34,"{<resource_manager.instance.OnPremInstance object at 0x113cb7770>: [(5, 29663.12000000018, None)]}",307.9037058422363,141565.21542031853,29663.12000000018,14422.764031278493,3,136.37100920222073,29663.12000000018,47594.54400000018,True,172.73593707422074,36.364927872
lamf-test-8f4c62d4-1881-4ae7-91f8-3b9d5e4e648b,"{<resource_manager.instance.OnPremInstance object at 0x113cb7770>: [(6, 29843.520000000182, None)]}",53.33256697567134,28551.819128352206,29843.520000000182,14423.764031278493,2,0.06655648787945527,29843.520000000182,29858.920000000184,False,,
lamf-test-920c97be-abc7-45c8-bf90-73719c07896c,"{<resource_manager.instance.OnPremInstance object at 0x113cb7770>: [(3, 29873.520000000182, None)]}",49.27955402462038,28630.370386541246,29873.520000000182,14425.364797756494,2,0.04967704318730824,29873.520000000182,29888.920000000184,False,,
lamf-test-915cb3ce-20ce-43ae-8b31-7f523a6333eb,"{<resource_manager.instance.OnPremInstance object at 0x113cb7770>: [(2, 29903.520000000182, None)]}",71.69092063889612,28463.71211258296,29903.520000000182,14426.364797756494,3,0.04684766902426482,29903.520000000182,29918.920000000184,False,,
lamf-test-eb592d2c-c121-4645-b005-4e7f00d8eb14,"{<resource_manager.instance.OnPremInstance object at 0x113cb7770>: [(5, 29933.520000000182, None)]}",65.43723826831173,28761.698960185313,29933.520000000182,14427.885892223494,1,0.20261616852994535,29933.520000000182,29948.920000000184,False,,
lamf-test-821bad57-9b5b-4590-ab6a-b75593f800f8,"{<resource_manager.instance.OnPremInstance object at 0x113cb7770>: [(4, 30023.520000000182, None)]}",293.93899056747387,142289.22827050101,30023.520000000182,14428.885892223494,3,235.88228458437905,30023.520000000182,68793.72200000018,True,298.78306030917906,62.900775724800006
lamf-test-2ec8c349-ada1-458e-a7a4-ab9b6322b2cf,"{<resource_manager.instance.OnPremInstance object at 0x113cb7770>: [(4, 30083.720000000183, None)]}",57.00450481534605,28586.381390863637,30083.720000000183,14430.197795376494,2,0.05608928259916977,30083.720000000183,30099.120000000185,False,,
lamf-test-3d742955-a0c8-4cdc-8c38-f5e5804b4cff,"{<resource_manager.instance.OnPremInstance object at 0x113cb7770>: [(4, 31165.52000000019, None)]}",303.65987588610506,142270.71674175592,31165.52000000019,14431.228150221494,1,94.79000821355233,31165.52000000019,40132.38200000019,True,109.33784512235232,14.547836908799995
lamf-test-b18ea74a-e7ea-41d7-821c-d4f1a5e50746,"{<resource_manager.instance.CloudReservedInstance object at 0x113ebc290>: [(1, 31225.52000000019, None)], <resource_manager.instance.CloudReservedInstance object at 0x113eb9310>: [(3, 31225.52000000019, None)]}",93.66823018165961,45352.39245385154,31225.52000000019,14434.360170570493,3,53.7769885689077,31225.52000000019,45367.792453851536,False,,
lamf-test-cf4eee4f-df46-4434-9c29-6bf0f44daf4d,"{<resource_manager.instance.OnPremInstance object at 0x113cb7770>: [(6, 31465.92000000019, None)]}",53.667029478259835,28537.644733865807,31465.92000000019,14437.662554265493,2,0.06655648787945527,31465.92000000019,31481.320000000193,False,,
lamf-test-7c801ce0-8eb2-4e0d-9312-eaf55e74d22a,"{<resource_manager.instance.OnPremInstance object at 0x113cb7770>: [(2, 31495.92000000019, None)]}",282.54429039316733,142146.43434859926,31495.92000000019,14438.662554265493,2,78.98057727573871,31495.92000000019,60549.2420000002,True,102.54863208213872,23.56805480640001
lamf-test-4d1918b0-1458-45e2-b527-a49166860d07,"{<resource_manager.instance.OnPremInstance object at 0x113cb7770>: [(6, 31525.92000000019, None)]}",99.90881249240506,45575.50124785747,31525.92000000019,14440.432453204492,2,27.773590207107844,31525.92000000019,37952.240000000194,True,43.41268255910785,15.63909235200001
lamf-test-4fd50982-b738-4cdf-bdb5-50cd3dff6874,"{<resource_manager.instance.OnPremInstance object at 0x113cb7770>: [(2, 31556.12000000019, None)]}",66.98837614575113,28676.070761407682,31556.12000000019,14441.432453204492,2,0.04186443429933729,31556.12000000019,31571.520000000193,False,,
lamf-test-308f236e-0576-4952-874f-b146870f6d77,"{<resource_manager.instance.OnPremInstance object at 0x113cb7770>: [(3, 31586.12000000019, None)]}",296.126707886245,141978.59709201712,31586.12000000019,14443.724416151492,3,56.667693360711795,31586.12000000019,44004.84500000018,True,71.77879794071178,15.11110457999999
lamf-test-17fee575-0b26-45f7-83d5-67d080c53e61,"{<resource_manager.instance.CloudReservedInstance object at 0x113eb9090>: [(2, 31616.320000000193, None)], <resource_manager.instance.CloudOnDemandInstance object at 0x113cd2780>: [(2, 31616.320000000193, None)], <resource_manager.instance.CloudOnDemandInstance object at 0x113eb96d0>: [(1, 31616.320000000193, None)]}",339.37001802300927,142269.25643814576,31616.320000000193,14447.220416009492,3,533.0439304192375,31616.320000000193,142284.6564381458,False,,
lamf-test-c8945c61-1ea7-4681-928a-edc22713889d,"{<resource_manager.instance.OnPremInstance object at 0x113cb7770>: [(5, 31646.320000000193, None)]}",305.7727422550137,142284.2043268516,31646.320000000193,14456.677220144491,2,29.878366154188978,31646.320000000193,39112.55500000019,True,45.01989073418897,15.141524579999993
lamf-test-416bbbfd-81e6-4f7c-9a56-8c0e7175f623,"{<resource_manager.instance.OnPremInstance object at 0x113cb7770>: [(3, 31706.320000000193, None)]}",318.1012839054559,142117.79992361632,31706.320000000193,14460.126500156492,2,20.92183189700958,31706.320000000193,38192.13700000019,True,28.81377402260958,7.891942125599999
lamf-test-3e7fd149-2562-452d-b778-aa63ebe3ca13,"{<resource_manager.instance.OnPremInstance object at 0x113cb7770>: [(2, 31736.320000000193, None)]}",306.14407437283273,142169.4602060414,31736.320000000193,14461.126500156492,2,51.321289228121074,31736.320000000193,50615.06200000019,True,66.63572473852108,15.314435510399996
lamf-test-e18205c9-e6f7-4d1b-94fe-6bdf96998c05,"{<resource_manager.instance.OnPremInstance object at 0x113cb7770>: [(6, 32667.120000000195, None)]}",110.9772195614234,45681.86332089257,32667.120000000195,14462.872885398492,1,90.5848624229979,32667.120000000195,38421.22800000019,True,104.58805965179789,14.003197228799992
lamf-test-55230e23-b521-4f16-a8cb-73a7c6580475,"{<resource_manager.instance.OnPremInstance object at 0x113cb7770>: [(4, 32727.120000000195, None)]}",312.3489385286271,142574.00436273264,32727.120000000195,15008.355663237493,2,67.10293406656312,32727.120000000195,51151.053000000196,True,96.99392296576312,29.8909888992
lamf-test-56207b5b-5fb7-4cc8-b917-b36e1b064de2,"{<resource_manager.instance.OnPremInstance object at 0x113cb7770>: [(5, 32967.52000000019, None)]}",317.0752713451876,142729.03609626004,32967.52000000019,15013.073914677492,2,63.74939845438399,32967.52000000019,48897.708000000195,True,96.05581971838399,32.306421264
lamf-test-2148cf4d-7170-4032-92ad-bc67bc5cec9e,"{<resource_manager.instance.OnPremInstance object at 0x113cb7770>: [(3, 33237.92000000019, None)]}",290.5571510371029,142456.5143051538,33237.92000000019,15014.920174170493,3,106.55269450148299,33237.92000000019,56588.94300000019,True,134.966219287883,28.413524786400004
lamf-test-6f91592c-afdd-4bec-8b7a-080c324249f5,"{<resource_manager.instance.OnPremInstance object at 0x113cb7770>: [(5, 33388.120000000185, None)]}",112.19170754417485,46164.26489780022,33388.120000000185,15018.949452405494,3,59.77961822191801,33388.120000000185,41248.54200000018,True,75.720554037918,15.940935815999996
lamf-test-58f4bde2-1252-4878-b4ed-54f9ec3d6ddb,"{<resource_manager.instance.OnPremInstance object at 0x113cb7770>: [(3, 34469.72000000016, None)]}",306.6623561408906,142858.39488597887,34469.72000000016,15023.251121772493,3,68.13812457221078,34469.72000000016,49402.190000000155,True,86.30795406821078,18.169829495999995
lamf-test-9fd69545-924f-4ce5-9308-d2123ccec4dc,"{<resource_manager.instance.OnPremInstance object at 0x113cb7770>: [(3, 34499.92000000016, None)]}",61.631240803228884,29160.962238859138,34499.92000000016,15039.034217597993,1,0.12297513118863707,34499.92000000016,34515.32000000015,False,,
lamf-test-927fb6c3-ba3c-488b-96a5-466be1c02fa9,"{<resource_manager.instance.OnPremInstance object at 0x113cb7770>: [(6, 34589.92000000016, None)]}",330.8093779162473,142609.04150814665,34589.92000000016,15046.235206311492,1,243.0298542094454,34589.92000000016,50027.59900000015,True,280.5989898238454,37.569135614399976
lamf-test-1e5c4d41-c6bb-47f9-a0f9-f492c659a647,"{<resource_manager.instance.OnPremInstance object at 0x113cb7770>: [(6, 35040.120000000155, None)]}",295.19389174920065,142850.16689838647,35040.120000000155,15050.866268819993,3,63.61876340406112,35040.120000000155,42011.14600000015,True,80.58345227766111,16.964688873599997
lamf-test-5fc71200-6539-46cf-9073-1ac0b6be235f,"{<resource_manager.instance.OnPremInstance object at 0x113cb7770>: [(5, 35100.120000000155, None)]}",298.6298021940167,142522.35368556643,35100.120000000155,15051.866268819993,2,88.42131703727553,35100.120000000155,57195.516000000156,True,133.23078012527554,44.809463088
lamf-test-d81a676f-ccce-4b38-95bc-838588f989f1,"{<resource_manager.instance.OnPremInstance object at 0x113cb7770>: [(3, 35220.32000000015, None)]}",93.67827368323229,46113.46866846237,35220.32000000015,15063.159279774993,1,37.452810860141426,35220.32000000015,39910.48200000015,True,43.15979998174142,5.706989121599996
lamf-test-bff6c6c8-6ce7-4a14-8d30-c8d69887c972,"{<resource_manager.instance.OnPremInstance object at 0x113cb7770>: [(4, 35641.520000000135, None)]}",62.55972404682857,29643.32394170372,35641.520000000135,15608.749788843992,2,0.05608928259914327,35641.520000000135,35656.92000000013,False,,
lamf-test-8aea85bd-3d6c-4aba-b7de-dd2346b0e93e,"{<resource_manager.instance.OnPremInstance object at 0x113cb7770>: [(6, 35761.520000000135, None)]}",302.51103083949494,143247.35864812258,35761.520000000135,15613.690177296492,1,363.4317056810404,35761.520000000135,58847.33400000013,True,419.6133426314404,56.1816369504
lamf-test-f3f23406-4146-4e8a-b0d6-831939b9a4ea,"{<resource_manager.instance.OnPremInstance object at 0x113cb7770>: [(5, 36963.9200000001, None)]}",57.3172776265575,29652.869696797236,36963.9200000001,15619.541447376992,1,0.20261616852984965,36963.9200000001,36979.320000000094,False,,
lamf-test-232b6ce2-ea24-476c-b62f-210ae1decc5b,"{<resource_manager.instance.OnPremInstance object at 0x113cb7770>: [(4, 37024.320000000094, None)]}",311.1617610976437,143350.12356636382,37024.320000000094,15620.541447376992,2,50.6866900559888,37024.320000000094,50940.972000000096,True,73.2650662607888,22.5783762048
lamf-test-28862540-93f6-42de-8ec4-72cbed9815ad,"{<resource_manager.instance.OnPremInstance object at 0x113cb7770>: [(6, 37084.320000000094, None)]}",315.0001679546882,143044.01257407814,37084.320000000094,15624.472536451993,3,113.99885922883871,37084.320000000094,49575.7450000001,True,144.3979911088387,30.39913188000001
lamf-test-5c2155b4-aa4a-428b-9192-860339f49ef5,"{<resource_manager.instance.CloudReservedInstance object at 0x113eb9310>: [(1, 37114.52000000009, None)], <resource_manager.instance.CloudReservedInstance object at 0x113cd22c0>: [(1, 37114.52000000009, None)]}",326.1375748222798,143400.18211108,37114.52000000009,15625.472536451993,3,222.42510818549232,37114.52000000009,134603.4449177014,True,312.3098969596129,89.8847887741206
lamf-test-8d46ff55-9a1d-4004-b52e-0bb94df560fe,"{<resource_manager.instance.OnPremInstance object at 0x113cb7770>: [(3, 37264.52000000009, None)]}",314.6188735020299,143306.11392113802,37264.52000000009,15630.263433713993,1,111.36956878850104,37264.52000000009,51211.17200000009,True,128.33985494210106,16.970286153600004
lamf-test-b036c054-ee21-47f6-aca9-95247c096cfe,"{<resource_manager.instance.OnPremInstance object at 0x113cb7770>: [(6, 37504.52000000009, None)]}",40.69689972228568,29871.20733860101,37504.52000000009,15633.830023331993,3,0.14054300707272807,37504.52000000009,37519.920000000086,False,,
lamf-test-12047e13-b691-4e4d-bcc8-16e2900e16aa,"{<resource_manager.instance.OnPremInstance object at 0x113cb7770>: [(3, 37534.920000000086, None)]}",306.19560311302496,143039.75929482115,37534.920000000086,15636.550534382994,1,200.38837554186628,37534.920000000086,62629.270000000084,True,230.9231806218663,30.53480508
lamf-test-e050ad2a-f776-4985-ad86-c1f9e8bbb5cd,"{<resource_manager.instance.OnPremInstance object at 0x113cb7770>: [(3, 37564.920000000086, None)]}",326.0139069441622,143146.68748050954,37564.920000000086,15655.656031331993,3,149.77273100616017,37564.920000000086,70387.61400000009,True,189.71138506536016,39.938654059200005
lamf-test-5a75690c-b8ed-48d0-b610-f947c287d86c,"{<resource_manager.instance.OnPremInstance object at 0x113cb7770>: [(5, 37685.12000000008, None)]}",56.45454017440447,29816.666139665365,37685.12000000008,15664.623483479993,3,0.11711917256060674,37685.12000000008,37700.52000000008,False,,
lamf-test-62ab7363-ee6e-4e41-9bd6-da86db171176,"{<resource_manager.instance.OnPremInstance object at 0x113cb7770>: [(6, 37985.32000000008, None)]}",317.6880653321237,143538.32750029644,37985.32000000008,15665.623483479993,3,287.51418663016193,37985.32000000008,69489.68700000008,True,364.18321416136195,76.6690275312
lamf-test-e000b273-6e93-45bd-85e3-de8e007da692,"{<resource_manager.instance.OnPremInstance object at 0x113cb7770>: [(3, 38015.32000000008, None)]}",284.69120725614476,144157.00075756127,38015.32000000008,16226.209560450992,3,120.4196988364134,38015.32000000008,64405.29700000008,True,152.53102285001341,32.111324013600004
lamf-test-62c9483c-2445-4359-99d9-4d8c66a14529,"{<resource_manager.instance.OnPremInstance object at 0x113cb7770>: [(3, 38045.32000000008, None)]}",345.02192360533996,143955.227779992,38045.32000000008,16229.929507947993,2,37.509093390710966,38045.32000000008,49673.22700000007,True,51.65793062831096,14.148837237599992
lamf-test-1f9296c3-4641-4962-ac2a-3bdd3909621e,"{<resource_manager.instance.OnPremInstance object at 0x113cb7770>: [(2, 38225.92000000007, None)]}",333.675220822951,144068.2107823841,38225.92000000007,16235.578419975993,2,22.94837840235518,38225.92000000007,46667.57300000006,True,29.79624731595517,6.847868913599993
lamf-test-9673f22e-b964-4aa7-bb78-d1e21e110802,"{<resource_manager.instance.OnPremInstance object at 0x113cb7770>: [(3, 38286.12000000007, None)]}",52.254300807909324,30400.061129779147,38286.12000000007,16245.431285745994,1,0.12297513118863707,38286.12000000007,38301.52000000006,False,,
lamf-test-5f1a507d-a26f-433c-85e6-51ac89f0d432,"{<resource_manager.instance.OnPremInstance object at 0x113cb7770>: [(4, 38466.320000000065, None)]}",64.02975273459877,30523.96203699462,38466.320000000065,16248.187656396994,3,0.09369533804848537,38466.320000000065,38481.72000000006,False,,
lamf-test-b2a69e4a-f75e-4751-ad43-b2adf397fd45,"{<resource_manager.instance.OnPremInstance object at 0x113cb7770>: [(5, 39127.12000000005, None)]}",99.34731245959347,47532.516870866675,39127.12000000005,16253.620522176994,1,52.99531143052709,39127.12000000005,43155.07000000006,True,61.16399403052709,8.168682600000007
lamf-test-396956b2-43cb-496d-8f0c-0ee7a61c67dd,"{<resource_manager.instance.OnPremInstance object at 0x113cb7770>: [(2, 39157.12000000005, None)]}",82.48316532935924,47476.7743193186,39157.12000000005,16257.087128733994,1,19.76538702562932,39157.12000000005,42817.61400000005,True,22.73477975842932,2.969392732799999
lamf-test-2b83bd20-9a87-454f-8bc9-f6503da1f9d0,"{<resource_manager.instance.OnPremInstance object at 0x113cb7770>: [(3, 39307.32000000005, None)]}",93.14423892083788,47902.95590302955,39307.32000000005,16808.066360073994,2,24.485833941714063,39307.32000000005,46897.98600000005,True,33.72215633051406,9.236322388799998
lamf-test-33fae0e0-9739-4c13-8834-0589e7587a07,"{<resource_manager.instance.OnPremInstance object at 0x113cb7770>: [(2, 39638.72000000003, None)]}",87.86109604520695,48040.81886626458,39638.72000000003,16817.337145812995,2,17.000940165257514,39638.72000000003,45892.584000000024,True,22.07407464205751,5.0731344767999955
lamf-test-e5f8465a-4435-4b7a-801a-354ef982dcda,"{<resource_manager.instance.OnPremInstance object at 0x113cb7770>: [(3, 39939.120000000024, None)]}",304.6031866584939,144615.8732089696,39939.120000000024,16819.424496306994,1,211.7326477298654,39939.120000000024,66454.09700000002,True,243.9960717434654,32.2634240136
lamf-test-fd51a7dd-bca8-4714-a851-595e00860b67,"{<resource_manager.instance.OnPremInstance object at 0x113cb7770>: [(3, 39969.32000000002, None)]}",86.19568247701017,48097.38410860897,39969.32000000002,16823.225537403992,3,23.33833447410448,39969.32000000002,45083.91600000002,True,29.56177488690448,6.223440412799998
lamf-test-56707fec-34cd-4c0e-a454-d4551f611032,"{<resource_manager.instance.CloudReservedInstance object at 0x113cd22c0>: [(1, 40029.52000000002, None)], <resource_manager.instance.CloudReservedInstance object at 0x113cb7cb0>: [(1, 40029.52000000002, None)], <resource_manager.instance.CloudOnDemandInstance object at 0x113eb96d0>: [(2, 40029.52000000002, None)]}",312.7950515260771,144652.02447509655,40029.52000000002,16834.419878670993,3,230.431042985468,40029.52000000002,96840.8534540485,True,386.70765905086455,156.27661606539655
lamf-test-f14e2551-1aeb-4008-9226-cf172ac76d45,"{<resource_manager.instance.CloudOnDemandInstance object at 0x113eb96d0>: [(1, 40059.720000000016, None)], <resource_manager.instance.CloudOnDemandInstance object at 0x113eb91d0>: [(1, 40059.720000000016, None)]}",113.07976716267329,48028.41541675493,40059.720000000016,16835.886152124993,2,22.281431421806296,40460.256000000016,48043.81541675492,False,,
lamf-test-3bd57c11-f664-4998-9d53-96c6dc4f87c4,"{<resource_manager.instance.OnPremInstance object at 0x113cb7770>: [(4, 40490.256000000016, None)]}",326.99178124993756,144860.14332972406,40490.256000000016,16851.26652830799,1,242.22210403832986,40490.256000000016,63403.77000000001,True,279.39698915192986,37.17488511359999
lamf-test-43098e09-15cf-41fe-b455-41529b19decc,"{<resource_manager.instance.OnPremInstance object at 0x113cb7770>: [(4, 40520.256000000016, None)]}",67.69762432994189,30917.37987646532,40520.256000000016,16862.06245734099,1,0.16279564985924336,40520.256000000016,40535.65600000001,False,,
lamf-test-79b31340-0554-44ef-87de-f4504dbdfc60,"{<resource_manager.instance.OnPremInstance object at 0x113cb7770>: [(6, 40580.256000000016, None)]}",304.54338810954675,144313.34277769816,40580.256000000016,16863.06245734099,1,219.3997234770704,40580.256000000016,54516.90800000001,True,253.3159597842704,33.91623630719999
lamf-test-e846f77b-9785-4a57-980e-5e6be4c30da6,"{<resource_manager.instance.OnPremInstance object at 0x113cb7770>: [(3, 40640.256000000016, None)]}",318.0816768556553,144752.56616378232,40640.256000000016,16865.59401730999,3,106.42716860597764,40640.256000000016,63963.77000000002,True,134.80722044117766,28.380051835200007
lamf-test-1bfc2de0-7e2f-450e-9736-96acfe81a2a7,"{<resource_manager.instance.OnPremInstance object at 0x113cb7770>: [(5, 40970.85600000001, None)]}",88.34113338193856,48683.352839954096,40970.85600000001,17411.29635961099,1,61.37904220853292,40970.85600000001,45636.018000000004,True,70.83999074453291,9.460948535999993
lamf-test-ff8adf42-1018-4980-bdfd-c498e4f1b637,"{<resource_manager.instance.OnPremInstance object at 0x113cb7770>: [(2, 41000.85600000001, None)]}",50.99968955238831,31515.404827679507,41000.85600000001,17420.47260296599,1,0.08315461251803077,41000.85600000001,41016.256,False,,
lamf-test-9655ffad-b7de-4846-8625-1393b7fdfd45,"{<resource_manager.instance.OnPremInstance object at 0x113cb7770>: [(3, 41301.85599999999, None)]}",323.69507710357215,145106.18037293642,41301.85599999999,17430.90216405199,1,131.08348049281307,41301.85599999999,57717.25299999998,True,151.05773556241306,19.974255069599987
lamf-test-d1831f12-882c-4e14-bb62-b9776ced5649,"{<resource_manager.instance.OnPremInstance object at 0x113cb7770>: [(3, 41331.85599999999, None)]}",62.263052342770514,31563.727150390863,41331.85599999999,17434.21513130899,3,0.07027150353636404,41331.85599999999,41347.25599999999,False,,
lamf-test-9c4c82a6-08d5-47bd-9589-83ce8af6f468,"{<resource_manager.instance.OnPremInstance object at 0x113cb7770>: [(6, 42083.45599999997, None)]}",291.9040113839834,145142.04334445868,42083.45599999997,17435.21513130899,3,95.23330139174085,42083.45599999997,52518.644999999975,True,120.62837734214087,25.395075950400017
lamf-test-0d7701be-3ce7-49c1-9391-e93bc28aface,"{<resource_manager.instance.OnPremInstance object at 0x113cb7770>: [(2, 42113.85599999996, None)]}",74.93798997685712,31613.756116337696,42113.85599999996,17436.320957405987,3,0.046847669024242686,42113.85599999996,42129.25599999996,False,,
lamf-test-df81467a-4b45-4bf0-9c71-c38863eca94a,"{<resource_manager.instance.CloudReservedInstance object at 0x113eb9090>: [(2, 42143.85599999996, None)], <resource_manager.instance.CloudOnDemandInstance object at 0x113cd2780>: [(1, 42143.85599999996, None)]}",90.94794091988545,48645.206679269155,42143.85599999996,17445.380661752988,2,24.36593791317644,42143.85599999996,48660.60667926915,False,,
lamf-test-a691c5b1-12d1-40f2-af64-e72afc904125,"{<resource_manager.instance.CloudReservedInstance object at 0x113cb7cb0>: [(2, 42384.05599999996, None)], <resource_manager.instance.CloudReservedInstance object at 0x113cd2520>: [(1, 42384.05599999996, None)], <resource_manager.instance.CloudOnDemandInstance object at 0x113cd2780>: [(2, 42384.05599999996, None)]}",99.92248787916859,48616.79802050855,42384.05599999996,17464.32091877399,3,36.43046783575363,42384.05599999996,48632.19802050854,False,,
lamf-test-08f07093-2907-4ba0-a255-32c22f0fcc78,"{<resource_manager.instance.CloudOnDemandInstance object at 0x113cd2780>: [(1, 42414.05599999996, None)], <resource_manager.instance.CloudOnDemandInstance object at 0x113eb96d0>: [(2, 42414.05599999996, None)]}",298.09142219625704,145157.84444439897,42414.05599999996,17466.614390489987,3,53.26997803121718,42814.59199999996,59925.22952831183,True,117.56050052306138,64.2905224918442
lamf-test-2809816c-7bfc-46e3-bb73-0ce9925ea853,"{<resource_manager.instance.OnPremInstance object at 0x113cb7770>: [(2, 42845.79199999994, None)]}",50.90207279429441,32174.795950867432,42845.79199999994,18011.013095996488,1,0.08315461251803077,42845.79199999994,42861.19199999994,False,,
lamf-test-327a626d-9865-47f8-8ba0-52996ec1940c,"{<resource_manager.instance.OnPremInstance object at 0x113cb7770>: [(4, 42905.79199999994, None)]}",74.39841740073138,32153.429335060995,42905.79199999994,18014.118054299986,1,0.16279564985924336,42905.79199999994,42921.19199999994,False,,
lamf-test-44149545-c52b-4763-ae20-c3268c37dc6f,"{<resource_manager.instance.OnPremInstance object at 0x113cb7770>: [(6, 43086.19199999994, None)]}",109.24225266973586,49091.176002659995,43086.19199999994,18015.118054299986,2,24.123399031906263,43086.19199999994,48667.92199999993,True,37.707097159906255,13.583698127999991
lamf-test-457a1c73-20e1-45f7-a144-19901295fb3b,"{<resource_manager.instance.OnPremInstance object at 0x113cb7770>: [(4, 43206.19199999994, None)]}",49.05334152829353,32178.097705748423,43206.19199999994,18016.260345957988,1,0.16279564985924336,43206.19199999994,43221.59199999993,False,,
lamf-test-dd9abd19-48be-42ba-b1bc-fa915a5dcef1,"{<resource_manager.instance.OnPremInstance object at 0x113cb7770>: [(4, 43266.19199999994, None)]}",320.9475259671587,145697.30862631273,43266.19199999994,18020.658049644986,2,67.10293406656308,43266.19199999994,61690.12499999993,True,96.99392296576306,29.890988899199982
lamf-test-6f2e770b-ffa0-4b22-be2e-700e1acc453c,"{<resource_manager.instance.OnPremInstance object at 0x113cb7770>: [(6, 44527.99199999991, None)]}",314.03861715723247,145532.0410429264,44527.99199999991,18025.600281282987,3,92.90422085329678,44527.99199999991,54707.97199999991,True,117.67822018129677,24.77399932799999
lamf-test-32172143-1bae-4833-a5f0-e53bac6ac6d4,"{<resource_manager.instance.OnPremInstance object at 0x113cb7770>: [(6, 45670.59199999987, None)]}",101.07515126388836,49211.72436506282,45670.59199999987,18028.317441759988,1,55.98921587710315,45670.59199999987,49227.12436506282,False,,
lamf-test-3b06725f-04eb-4610-a2d8-34a69a9c127f,"{<resource_manager.instance.OnPremInstance object at 0x113cb7770>: [(5, 45910.79199999987, None)]}",123.85755114021583,49246.623000320564,45910.79199999987,18035.193706515987,3,26.0936953380485,45910.79199999987,49341.85199999987,False,,
lamf-test-73802176-7b43-45cb-be2f-758b39305344,"{<resource_manager.instance.OnPremInstance object at 0x113cb7770>: [(4, 46541.791999999856, None)]}",57.80879755607951,32193.463178886872,46541.791999999856,18036.193706515987,3,0.09369533804848537,46541.791999999856,46557.19199999985,False,,
lamf-test-bfb0cddb-1544-48a4-b06e-9eadc91468fd,"{<resource_manager.instance.OnPremInstance object at 0x113cb7770>: [(6, 46571.791999999856, None)]}",95.51732021748852,49320.78466856772,46571.791999999856,18041.201392408988,2,11.947290073998337,46571.791999999856,49336.184668567716,False,,
lamf-test-3e227187-9182-4a9b-bf09-75d5b5a39b59,"{<resource_manager.instance.CloudReservedInstance object at 0x113ebc290>: [(1, 46601.791999999856, None)], <resource_manager.instance.CloudReservedInstance object at 0x113eb9310>: [(1, 46601.791999999856, None)]}",320.9833484047092,145830.54923226053,46601.791999999856,18042.201392408988,2,351.67041269297533,46601.791999999856,145845.94923226055,False,,
lamf-test-0fdcad07-bf2d-4d92-8354-0c4ee7d909cf,"{<resource_manager.instance.OnPremInstance object at 0x113cb7770>: [(6, 46782.591999999844, None)]}",57.46774388158159,32147.45044328081,46782.591999999844,18051.410882135988,1,0.24243668720045594,46782.591999999844,46797.99199999984,False,,
lamf-test-f86b8860-b2ed-456c-9f30-6f6a9139ebf4,"{<resource_manager.instance.OnPremInstance object at 0x113cb7770>: [(5, 46812.591999999844, None)]}",305.1378797801942,146139.39503175076,46812.591999999844,18053.526425192988,3,151.70172636702407,46812.591999999844,66759.85199999984,True,192.15476964702407,40.45304327999999
lamf-test-a37f5b70-4c4f-44b3-a817-99539c326610,"{<resource_manager.instance.OnPremInstance object at 0x113cb7770>: [(4, 46932.591999999844, None)]}",57.694188998700625,32147.42428443758,46932.591999999844,18060.723583292987,3,0.09369533804848537,46932.591999999844,46947.99199999984,False,,
lamf-test-a0961e5f-36f8-49a0-be25-041d077e1525,"{<resource_manager.instance.OnPremInstance object at 0x113cb7770>: [(2, 46992.79199999984, None)]}",302.7913218356865,145807.87341958223,46992.79199999984,18067.420023671988,2,23.03727236349728,46992.79199999984,55467.14499999984,True,29.91166751709728,6.8743951535999965
lamf-test-e9e3c180-3644-4ec5-bd7f-fb857cf9758f,"{<resource_manager.instance.OnPremInstance object at 0x113cb7770>: [(5, 47052.99199999984, None)]}",277.1468078662494,146374.99603542296,47052.99199999984,18623.593043969988,1,58.94263540953675,47052.99199999984,51532.97299999983,True,68.02803687753674,9.085401467999985
lamf-test-9329565e-0cc9-410e-9937-6b7537e158ae,"{<resource_manager.instance.OnPremInstance object at 0x113cb7770>: [(6, 47143.39199999983, None)]}",289.93639360238836,146240.22380615666,47143.39199999983,18626.00361358799,1,140.9259589322381,47143.39199999983,56095.253999999826,True,162.7112102954381,21.785251363199986
lamf-test-f542227f-df52-4f0c-ae96-9700636101a5,"{<resource_manager.instance.OnPremInstance object at 0x113cb7770>: [(6, 47203.79199999983, None)]}",98.85116440229747,49808.87156584527,47203.79199999983,18628.38231269399,3,23.91494014004507,47203.79199999983,49824.271565845265,False,,
lamf-test-9aa73522-f6c8-49a8-a56a-28cd17720766,"{<resource_manager.instance.OnPremInstance object at 0x113cb7770>: [(6, 48014.99199999981, None)]}",99.02000673984057,49868.219704978095,48014.99199999981,18630.47814435599,1,29.417137039356913,48014.99199999981,49883.61970497809,False,,
lamf-test-20435df7-63e4-419e-8d22-d33076e8dcf2,"{<resource_manager.instance.CloudOnDemandInstance object at 0x113cd2780>: [(1, 48074.99199999981, None)], <resource_manager.instance.CloudOnDemandInstance object at 0x113eb96d0>: [(1, 48074.99199999981, None)]}",307.8323914198774,146361.81452866338,48074.99199999981,18633.62943794699,2,195.49006927721044,48475.52799999981,103243.82757000042,True,358.2712355100542,162.7811662328438
lamf-test-79eb9a19-2e44-423f-814a-791df0f7734e,"{<resource_manager.instance.CloudReservedInstance object at 0x113cb7cb0>: [(2, 48686.3279999998, None)]}",110.61449386789155,49749.49016131562,48686.3279999998,18653.95136268899,3,2.1873646387625207,48686.3279999998,49764.89016131561,False,,
lamf-test-7f97cbae-fe7b-4dba-87f8-0ca2882583a5,"{<resource_manager.instance.CloudReservedInstance object at 0x113eb9090>: [(2, 48746.3279999998, None)], <resource_manager.instance.CloudReservedInstance object at 0x113cd2520>: [(1, 48746.3279999998, None)], <resource_manager.instance.CloudOnDemandInstance object at 0x113cd2780>: [(1, 48746.3279999998, None)]}",101.33638951109616,49774.037621162235,48746.3279999998,18660.300536744988,2,5.47989427706405,48746.3279999998,49789.43762116223,False,,
lamf-test-6c201a0a-e193-4746-b7c6-ff82b4d5eeef,"{<resource_manager.instance.OnPremInstance object at 0x113cb7770>: [(6, 48836.527999999795, None)]}",319.4947582934635,147054.6888694588,48836.527999999795,19209.775584251987,2,75.32342515287631,48836.527999999795,66265.0429999998,True,117.73745925687632,42.41403410400002
lamf-test-4b6bc7a8-825f-4ed7-a11d-b9402493f256,"{<resource_manager.instance.CloudOnDemandInstance object at 0x113cd2780>: [(2, 48866.527999999795, None)]}",315.0940754980354,146889.51008181012,48866.527999999795,19211.878569950986,2,132.46928884244562,49267.063999999795,97595.88699688343,True,349.78273822494793,217.31344938250228
lamf-test-0c64519c-480b-40a3-83cb-e32930215173,"{<resource_manager.instance.OnPremInstance object at 0x113cb7770>: [(4, 49297.86399999978, None)]}",305.2027703895845,146874.5839754686,49297.86399999978,19213.664783678985,3,163.26830025096965,49297.86399999978,76133.04999999978,True,206.80570601736963,43.5374057664
lamf-test-545db71e-0ac4-4fd9-bae7-0ae698ee188a,"{<resource_manager.instance.OnPremInstance object at 0x113cb7770>: [(5, 49387.86399999978, None)]}",303.0498265026395,147047.54617273764,49387.86399999978,19215.213264704984,2,21.931451125373247,49387.86399999978,54868.26299999978,True,33.045700297373244,11.114249171999994
lamf-test-4f1fe545-8677-4a84-8abf-5cf06961f85c,"{<resource_manager.instance.OnPremInstance object at 0x113cb7770>: [(6, 49448.26399999978, None)]}",310.3840944895742,146788.3542508632,49448.26399999978,19220.275204826983,2,53.725023684521226,49448.26399999978,61879.28899999977,True,83.97716612452122,30.25214243999999
lamf-test-6e9b564f-bd08-4a74-adb5-0f54b0e3a954,"{<resource_manager.instance.CloudOnDemandInstance object at 0x113eb96d0>: [(1, 49478.26399999978, None)], <resource_manager.instance.CloudOnDemandInstance object at 0x113eb91d0>: [(1, 49478.26399999978, None)]}",95.10170299612852,50402.918861944294,49478.26399999978,19221.957791846984,2,2.6234365755695714,49878.79999999978,50418.31886194429,False,,
lamf-test-cf5ee26c-33df-418f-9253-bf22cfb1db3e,"{<resource_manager.instance.OnPremInstance object at 0x113cb7770>: [(3, 49909.599999999766, None)]}",86.78911405093122,50309.49494544848,49909.599999999766,19222.957791846984,3,1.8950259888145549,49909.599999999766,50324.894945448475,False,,
lamf-test-20bd965c-e3af-463e-ad6b-f7ce4b078baa,"{<resource_manager.instance.OnPremInstance object at 0x113cb7770>: [(5, 49939.599999999766, None)]}",49.20241958092055,33423.85509007938,49939.599999999766,19228.403454306983,2,0.06162769304399561,49939.599999999766,49954.99999999976,False,,
lamf-test-d80357f1-4d3d-475b-a1da-53fbb3ddaa84,"{<resource_manager.instance.OnPremInstance object at 0x113cb7770>: [(6, 49999.599999999766, None)]}",308.2995677163823,147032.53647917538,49999.599999999766,19230.357153759982,1,245.71366351053615,49999.599999999766,65607.75923429948,True,283.69767982312794,37.98401631259178
lamf-test-0b008ed2-19e2-4099-a5b7-5ad49013ab38,"{<resource_manager.instance.OnPremInstance object at 0x113cb7770>: [(6, 50059.599999999766, None)]}",98.70843455961634,50505.38193749245,50059.599999999766,19231.357153759982,3,4.208824435251454,50059.599999999766,50520.781937492444,False,,
lamf-test-e31740c1-403e-4c71-8a7f-0330adf6a272,"{<resource_manager.instance.OnPremInstance object at 0x113cb7770>: [(5, 50119.599999999766, None)]}",51.6673689623557,33314.929212378425,50119.599999999766,19236.02072067798,1,0.20261616852984965,50119.599999999766,50134.99999999976,False,,
lamf-test-ff97215d-d288-4a40-9a08-b29190e7eee1,"{<resource_manager.instance.OnPremInstance object at 0x113cb7770>: [(4, 50149.599999999766, None)]}",50.90199713640601,33291.8954916739,50149.599999999766,19239.631017592983,1,0.16279564985924336,50149.599999999766,50164.99999999976,False,,
lamf-test-0b722e5a-870b-4bb2-acf4-7c5f987aee07,"{<resource_manager.instance.OnPremInstance object at 0x113cb7770>: [(4, 50179.599999999766, None)]}",60.84882595404457,33383.36200227941,50179.599999999766,19246.591227391982,3,0.09369533804848537,50179.599999999766,50194.99999999976,False,,
lamf-test-86bee4c0-8211-4364-b2b2-315ff254f448,"{<resource_manager.instance.CloudReservedInstance object at 0x113cb7cb0>: [(2, 50209.599999999766, None)], <resource_manager.instance.CloudReservedInstance object at 0x113cd2520>: [(1, 50209.599999999766, None)], <resource_manager.instance.CloudOnDemandInstance object at 0x113cd2780>: [(1, 50209.599999999766, None)]}",60.879551145103115,33400.9346024576,50209.599999999766,19248.701304073984,1,0.12336552843050576,50209.599999999766,50224.99999999976,False,,
lamf-test-1fb51fa6-4d43-412b-9a86-c51ec772c644,"{<resource_manager.instance.OnPremInstance object at 0x113cb7770>: [(5, 50239.599999999766, None)]}",79.83864331738259,33646.2542983828,50239.599999999766,19252.581948652984,3,0.11711917256060674,50239.599999999766,50254.99999999976,False,,
lamf-test-ea68f53d-4ebe-4fb8-83dd-aa5b6c6a2310,"{<resource_manager.instance.OnPremInstance object at 0x113cb7770>: [(4, 50299.599999999766, None)]}",110.2774483129196,50493.22759322384,50299.599999999766,19254.914560291985,3,1.2717474680907703,50299.599999999766,50508.627593223835,False,,
lamf-test-ed127e72-be6f-436a-8fe9-27a8ad06a858,"{<resource_manager.instance.OnPremInstance object at 0x113cb7770>: [(6, 50419.599999999766, None)]}",328.19458272409565,147172.49310170827,50419.599999999766,19256.748742255986,3,167.89078713210122,50419.599999999766,68816.23299999976,True,212.6608332009012,44.77004606879999
lamf-test-6250b41b-6866-44ee-9930-467c8f1f7d45,"{<resource_manager.instance.OnPremInstance object at 0x113cb7770>: [(6, 50539.599999999766, None)]}",92.1601820634213,50477.658318695234,50539.599999999766,19257.748742255986,3,0.14054300707272807,50539.599999999766,50554.99999999976,False,,
lamf-test-4c84a4d8-5052-4c6f-afd2-7c5df767217c,"{<resource_manager.instance.CloudReservedInstance object at 0x113cb7cb0>: [(2, 50719.79999999976, None)], <resource_manager.instance.CloudReservedInstance object at 0x113cd2520>: [(1, 50719.79999999976, None)], <resource_manager.instance.CloudOnDemandInstance object at 0x113cd2780>: [(1, 50719.79999999976, None)], <resource_manager.instance.CloudOnDemandInstance object at 0x113eb96d0>: [(1, 50719.79999999976, None)], <resource_manager.instance.CloudOnDemandInstance object at 0x113eb91d0>: [(1, 50719.79999999976, None)]}",71.28909006291121,33356.27871467036,50719.79999999976,19258.748742255986,1,0.16357644434298071,50719.79999999976,50735.19999999976,False,,
lamf-test-e1378e61-db93-479c-b4b7-359d51f2c742,"{<resource_manager.instance.OnPremInstance object at 0x113cb7770>: [(6, 50779.79999999976, None)]}",52.48076757861521,33522.07481475294,50779.79999999976,19259.748742255986,1,0.24243668720045594,50779.79999999976,50795.19999999976,False,,
lamf-test-56573715-8535-4ef6-86b5-dcb681b21f75,"{<resource_manager.instance.OnPremInstance object at 0x113cb7770>: [(2, 50839.79999999976, None)]}",309.32301155717374,147284.41845059188,50839.79999999976,19260.748742255986,2,76.3906422032197,50839.79999999976,78940.40399999976,True,99.1858521680197,22.795209964799998
lamf-test-a8f2c75b-6fbc-476d-891d-92f88bfed8de,"{<resource_manager.instance.OnPremInstance object at 0x113cb7770>: [(6, 50899.99999999976, None)]}",60.82789615796186,33509.31106823845,50899.99999999976,19266.592234817985,2,0.06655648787942382,50899.99999999976,50915.399999999754,False,,
lamf-test-7c4919b0-6563-4e4b-a109-6e7eddf9dab2,"{<resource_manager.instance.OnPremInstance object at 0x113cb7770>: [(4, 50960.399999999754, None)]}",284.9077105670405,147561.3063045466,50960.399999999754,19827.702706001986,3,166.5245722108144,50960.399999999754,78330.79499999974,True,210.93030105881436,44.40572884799997
lamf-test-2b8a61cc-a82b-4153-b888-886b130ebdcb,"{<resource_manager.instance.CloudReservedInstance object at 0x113cb7cb0>: [(2, 51020.399999999754, None)], <resource_manager.instance.CloudReservedInstance object at 0x113cd2520>: [(1, 51020.399999999754, None)], <resource_manager.instance.CloudOnDemandInstance object at 0x113cd2780>: [(1, 51020.399999999754, None)], <resource_manager.instance.CloudOnDemandInstance object at 0x113eb96d0>: [(1, 51020.399999999754, None)], <resource_manager.instance.CloudOnDemandInstance object at 0x113eb91d0>: [(1, 51020.399999999754, None)]}",288.0380279745152,147853.90215396334,51020.399999999754,19828.702706001986,1,683.1119073752164,51020.399999999754,115332.36995281637,True,1093.4537885394634,410.3418811642469
lamf-test-ecb2683b-9e41-48ec-91a2-6a6d38c45b39,"{<resource_manager.instance.OnPremInstance object at 0x113cb7770>: [(2, 51080.399999999754, None)]}",329.9077900544537,147788.2880728273,51080.399999999754,19829.726095530987,3,99.87890790174156,51080.399999999754,83913.09399999975,True,126.51278927454155,26.633881372799998
lamf-test-69f3610c-edfc-431a-ac62-c6c3e7603585,"{<resource_manager.instance.OnPremInstance object at 0x113cb7770>: [(5, 51140.399999999754, None)]}",101.55343618416583,51067.68274872759,51140.399999999754,19841.79233620599,1,0.20261616852984965,51140.399999999754,51155.79999999975,False,,
lamf-test-db07f320-f70e-4581-b141-d95e0791351c,"{<resource_manager.instance.OnPremInstance object at 0x113cb7770>: [(4, 51170.399999999754, None)]}",67.5503798079176,33893.02290512761,51170.399999999754,19843.917400647988,2,0.05608928259914327,51170.399999999754,51185.79999999975,False,,
lamf-test-f73d4880-234f-4ef4-b427-8c893deb0ab7,"{<resource_manager.instance.OnPremInstance object at 0x113cb7770>: [(5, 51200.399999999754, None)]}",289.55899307824876,147398.2637357248,51200.399999999754,19845.826263798986,2,54.620064801454525,51200.399999999754,64849.28017699406,True,82.29999380039898,27.679928998944458
lamf-test-870691de-e40a-44a6-b524-758dc9ee2699,"{<resource_manager.instance.OnPremInstance object at 0x113cb7770>: [(6, 51320.79999999975, None)]}",318.593861795503,147355.40132293137,51320.79999999975,19847.309025249986,3,59.236294775268036,51320.79999999975,57811.616999999744,True,75.03234702646803,15.79605225119999
lamf-test-787e33de-2c34-4cf0-bd9d-1f6b1a5da962,"{<resource_manager.instance.OnPremInstance object at 0x113cb7770>: [(3, 51380.79999999975, None)]}",98.72547788684845,51242.413381398466,51380.79999999975,19848.309025249986,1,0.12297513118863707,51380.79999999975,51396.19999999974,False,,
lamf-test-95b7467a-1a49-4273-9a59-d080cf448191,"{<resource_manager.instance.OnPremInstance object at 0x113cb7770>: [(6, 51440.999999999745, None)]}",303.1008089718593,147539.9962976791,51440.999999999745,19849.309025249986,1,164.57379290440502,51440.999999999745,61895.01354057956,True,190.01468025676007,25.440887352355038
lamf-test-4b6ef0de-0d6b-4c17-a583-0b04e2222603,"{<resource_manager.instance.OnPremInstance object at 0x113cb7770>: [(6, 51561.19999999974, None)]}",304.5800255914627,147810.35717352194,51561.19999999974,19852.890075002986,2,51.49836773881452,51561.19999999974,63477.015999999734,True,80.4966975564145,28.99832981759998
lamf-test-dfcd1cfc-af92-4194-9a51-c980d70402e7,"{<resource_manager.instance.OnPremInstance object at 0x113cb7770>: [(5, 51681.59999999974, None)]}",104.89919658381315,50999.022782075306,51681.59999999974,19853.909200871985,2,0.06162769304399561,51681.59999999974,51696.99999999973,False,,
lamf-test-3caf5282-95cc-4847-bdc6-12864fd51ff6,"{<resource_manager.instance.OnPremInstance object at 0x113cb7770>: [(2, 51711.59999999974, None)]}",88.21646259362132,50826.76507232193,51711.59999999974,19854.909200871985,1,0.08315461251803077,51711.59999999974,51726.99999999973,False,,
lamf-test-76f31f64-e074-4b6a-9579-e22c37b55e69,"{<resource_manager.instance.OnPremInstance object at 0x113cb7770>: [(5, 51741.59999999974, None)]}",57.885218243385175,34105.385741504244,51741.59999999974,19860.060443763985,3,0.11711917256060674,51741.59999999974,51756.99999999973,False,,
lamf-test-9e038649-678e-4ec1-8038-665a8a0ccdab,"{<resource_manager.instance.OnPremInstance object at 0x113cb7770>: [(6, 51861.59999999974, None)]}",305.1144082584737,147601.857113974,51861.59999999974,19864.634515485985,1,345.12745242984226,51861.59999999974,73784.69599999972,True,398.4794988554422,53.352046425599966
lamf-test-816ecb3f-0729-4858-99cd-1237c929b94a,"{<resource_manager.instance.CloudReservedInstance object at 0x113ebc290>: [(2, 52161.99999999973, None)], <resource_manager.instance.CloudOnDemandInstance object at 0x113cd2780>: [(4, 52161.99999999973, None)]}",325.447174391888,148044.29221947145,52161.99999999973,20412.743731002985,1,363.7319574056828,52161.99999999973,74936.81670441556,True,616.6235220915162,252.89156468583332
lamf-test-9dd25f94-b2d8-4857-adb4-87c377066854,"{<resource_manager.instance.OnPremInstance object at 0x113cb7770>: [(3, 52222.19999999973, None)]}",304.2337725718405,148477.0401971927,52222.19999999973,20414.911561182984,2,30.49903034370551,52222.19999999973,61676.97099999972,True,42.0035956965055,11.504565352799993
lamf-test-5d4708b4-be70-4e57-95c0-9df21e198378,"{<resource_manager.instance.OnPremInstance object at 0x113cb7770>: [(5, 52942.999999999716, None)]}",119.73047030526563,51631.14939326163,52942.999999999716,20419.219373571985,1,0.20261616852984965,52942.999999999716,52958.39999999971,False,,
lamf-test-fe21cf99-74f2-4c6e-92c0-836166b37c9b,"{<resource_manager.instance.OnPremInstance object at 0x113cb7770>: [(3, 53003.19999999971, None)]}",306.6266107573227,148230.95480256766,53003.19999999971,20421.893904966986,3,48.42751083732604,53003.19999999971,63616.088999999716,True,61.34127417252604,12.913763335200004
lamf-test-af303474-9c6d-4cd6-af46-9ee1b2d1d0c4,"{<resource_manager.instance.OnPremInstance object at 0x113cb7770>: [(6, 53303.59999999971, None)]}",83.47238892971743,51610.076202878816,53303.59999999971,20423.136556974987,3,0.14054300707272807,53303.59999999971,53318.9999999997,False,,
lamf-test-48887eaf-7764-41b1-8a24-eb297e7a4537,"{<resource_manager.instance.OnPremInstance object at 0x113cb7770>: [(6, 53663.9999999997, None)]}",92.60848910013964,51564.38465272395,53663.9999999997,20424.136556974987,1,0.24243668720045594,53663.9999999997,53679.399999999696,False,,
lamf-test-70da499d-f492-45a5-857f-ba98849424d5,"{<resource_manager.instance.OnPremInstance object at 0x113cb7770>: [(4, 53723.9999999997, None)]}",105.64492540905647,51519.32678509911,53723.9999999997,20425.209771034988,3,0.09369533804848537,53723.9999999997,53739.399999999696,False,,
lamf-test-41153241-bf67-4ba2-bd57-821911347a85,"{<resource_manager.instance.OnPremInstance object at 0x113cb7770>: [(3, 53753.9999999997, None)]}",99.23133172494114,51574.60877031677,53753.9999999997,20426.527722496987,3,0.07027150353636404,53753.9999999997,53769.399999999696,False,,
lamf-test-6557112d-0dd1-4a4f-956a-4810ab29fb87,"{<resource_manager.instance.OnPremInstance object at 0x113cb7770>: [(5, 53783.9999999997, None)]}",284.1643475390076,147715.08886733884,53783.9999999997,20427.527722496987,3,162.4652243819958,53783.9999999997,75146.55235398833,True,205.78848055588475,43.323256173888936
lamf-test-9c88980c-fc13-42ba-ae80-9214e850b23c,"{<resource_manager.instance.OnPremInstance object at 0x113cb7770>: [(3, 53843.9999999997, None)]}",56.88278421553064,34478.13965847765,53843.9999999997,20428.527722496987,2,0.049677043187284775,53843.9999999997,53859.399999999696,False,,
lamf-test-599db447-ffc5-4f67-bbdb-15246291d10d,"{<resource_manager.instance.OnPremInstance object at 0x113cb7770>: [(4, 53874.1999999997, None)]}",58.09494942769889,34333.35914491231,53874.1999999997,20431.276368711988,3,0.09369533804848537,53874.1999999997,53889.59999999969,False,,
lamf-test-67a1a99a-4314-4946-83c9-ed2acd2c23fe,"{<resource_manager.instance.OnPremInstance object at 0x113cb7770>: [(2, 53904.1999999997, None)]}",104.56386159081104,51645.36666954277,53904.1999999997,20435.232826620988,2,0.04186443429931751,53904.1999999997,53919.59999999969,False,,
lamf-test-1bd3ea85-4b86-41d6-88ae-4d09629a5e9f,"{<resource_manager.instance.OnPremInstance object at 0x113cb7770>: [(5, 54024.399999999696, None)]}",91.30297666017438,51578.66727401273,54024.399999999696,20436.948944076987,2,0.06162769304399561,54024.399999999696,54039.79999999969,False,,
lamf-test-04e82c6f-21eb-4e35-8244-b06d0737db1d,"{<resource_manager.instance.OnPremInstance object at 0x113cb7770>: [(5, 54084.399999999696, None)]}",95.5159501731966,51873.95314323336,54084.399999999696,20440.70777527899,2,0.06162769304399561,54084.399999999696,54099.79999999969,False,,
lamf-test-227b9038-f251-4152-94eb-43a9fb1d09b6,"{<resource_manager.instance.OnPremInstance object at 0x113cb7770>: [(5, 54144.399999999696, None)]}",66.25196628808428,34670.33972771493,54144.399999999696,20441.70777527899,2,0.06162769304399561,54144.399999999696,54159.79999999969,False,,
lamf-test-b20c0974-09ea-4c80-b141-7811b8b20475,"{<resource_manager.instance.CloudOnDemandInstance object at 0x113eb96d0>: [(2, 54174.399999999696, None)]}",96.38631983638818,51538.65733711567,54174.399999999696,20442.70777527899,1,1.1704032245797997,54574.935999999696,54590.33599999969,False,,
lamf-test-ab19fe1e-973b-44c8-a2b5-9c88f8dd630c,"{<resource_manager.instance.OnPremInstance object at 0x113cb7770>: [(5, 54605.33599999969, None)]}",310.22675767562004,148258.81990053752,54605.33599999969,20443.70777527899,3,98.47846984561559,54605.33599999969,67554.26999999968,True,124.73890799761557,26.260438151999985
lamf-test-38119ffa-10d5-4f96-9e4f-d7aa2d684f4c,"{<resource_manager.instance.OnPremInstance object at 0x113cb7770>: [(5, 54725.33599999969, None)]}",315.0920376046709,148304.8392267312,54725.33599999969,20449.15110381699,2,67.61280651692748,54725.33599999969,71620.94199999968,True,101.87709548492745,34.26428896799997
lamf-test-0edb2b7d-ea79-4551-a1d6-40e8f4f75204,"{<resource_manager.instance.CloudOnDemandInstance object at 0x113eb96d0>: [(2, 54755.33599999969, None)]}",49.09599477194767,34446.62096820121,54755.33599999969,20454.210026544988,3,0.6326503916647566,55155.87199999969,55171.271999999684,False,,
lamf-test-fb5bb86a-097c-4cce-b52f-faf7de14091c,"{<resource_manager.instance.OnPremInstance object at 0x113cb7770>: [(5, 55186.47199999968, None)]}",310.7135837098068,148261.3836652002,55186.47199999968,20464.58193430599,2,31.87089751885486,55186.47199999968,63150.61599999968,True,48.02218155085486,16.151284032
lamf-test-ffa00229-4854-4a3b-9050-ac62a552280b,"{<resource_manager.instance.CloudOnDemandInstance object at 0x113eb96d0>: [(2, 55216.67199999968, None)]}",328.09484391630104,148307.2043543524,55216.67199999968,20465.58193430599,3,141.61675010168491,55617.20799999968,148322.60435435243,False,,
lamf-test-404b381d-5a0f-4cbc-ae4f-02ebbbeb7a4d,"{<resource_manager.instance.OnPremInstance object at 0x113cb7770>: [(6, 56309.80799999964, None)]}",54.32250531179826,35229.436729968584,56309.80799999964,21016.34328378799,1,0.24243668720045594,56309.80799999964,56325.207999999635,False,,
lamf-test-1945932c-936e-4e58-b59b-8fc5fe0a5a90,"{<resource_manager.instance.OnPremInstance object at 0x113cb7770>: [(4, 56369.80799999964, None)]}",307.9539703217035,148755.6278273164,56369.80799999964,21017.40294910099,1,89.50222579663843,56369.80799999964,64836.46099999963,True,103.23852362383842,13.736297827199985
lamf-test-05011c3e-5178-4e8c-a944-565636c84b62,"{<resource_manager.instance.OnPremInstance object at 0x113cb7770>: [(2, 56399.80799999964, None)]}",311.6110618417853,148509.63787071806,56399.80799999964,21021.63704464699,2,28.470232043163026,56399.80799999964,66872.69699999964,True,36.96583959996302,8.495607556799996
lamf-test-01d3dab5-d631-4e94-b48f-123fd1e6d0ca,"{<resource_manager.instance.OnPremInstance object at 0x113cb7770>: [(3, 56430.00799999964, None)]}",62.28353144846482,35127.276247576265,56430.00799999964,21027.67733734999,1,0.12297513118863707,56430.00799999964,56445.40799999963,False,,
lamf-test-e42daae1-319e-4d66-892f-ff458cefa185,"{<resource_manager.instance.OnPremInstance object at 0x113cb7770>: [(5, 56460.00799999964, None)]}",331.8539601540227,148707.8944359849,56460.00799999964,21030.355236628988,3,317.5637386873526,56460.00799999964,98216.46399999963,True,402.2458314553526,84.68209276799998
lamf-test-64767f79-cec9-4cb3-b8c5-46b3e86d20f8,"{<resource_manager.instance.CloudReservedInstance object at 0x113eb9310>: [(1, 56580.40799999963, None)], <resource_manager.instance.CloudOnDemandInstance object at 0x113eb96d0>: [(2, 56580.40799999963, None)], <resource_manager.instance.CloudOnDemandInstance object at 0x113eb91d0>: [(1, 56580.40799999963, None)]}",283.87618715962776,148594.39301183974,56580.40799999963,21031.836170950988,2,443.5598747753354,56580.40799999963,148609.79301183976,False,,
lamf-test-4f40bb80-4246-4e5c-807f-5b2f111e8553,"{<resource_manager.instance.OnPremInstance object at 0x113cb7770>: [(4, 56640.40799999963, None)]}",300.28901978300945,148597.9679887921,56640.40799999963,21032.836170950988,3,88.06486272720359,56640.40799999963,71114.96899999963,True,111.54839049360359,23.4835277664
lamf-test-428fc4b3-a829-4902-849a-b2c3bb41b1dd,"{<resource_manager.instance.OnPremInstance object at 0x113cb7770>: [(6, 57241.00799999962, None)]}",111.95659614535904,52146.52443468022,57241.00799999962,21033.836170950988,3,0.14054300707272807,57241.00799999962,57256.40799999962,False,,
lamf-test-9638132b-b89e-4ce9-a020-504ebe7f7390,"{<resource_manager.instance.OnPremInstance object at 0x113cb7770>: [(3, 57301.00799999962, None)]}",103.1682902438305,52005.28852181853,57301.00799999962,21042.150525819987,2,0.049677043187284775,57301.00799999962,57316.40799999962,False,,
lamf-test-6ebb2b55-7f25-4fcc-998e-d62668ae8460,"{<resource_manager.instance.OnPremInstance object at 0x113cb7770>: [(6, 57361.00799999962, None)]}",60.69367071554156,35384.845381640975,57361.00799999962,21050.890302021988,2,0.06655648787942382,57361.00799999962,57376.40799999962,False,,
lamf-test-5704a2cc-027b-4370-a7eb-9804c4d8380a,"{<resource_manager.instance.OnPremInstance object at 0x113cb7770>: [(5, 57421.20799999962, None)]}",328.518781280289,148554.85336969455,57421.20799999962,21055.787039514988,3,253.06261312647334,57421.20799999962,90696.4109999996,True,320.5447248104733,67.48211168399996
lamf-test-4bdc3b38-4b50-41c5-90d1-8319dfa6ef3f,"{<resource_manager.instance.OnPremInstance object at 0x113cb7770>: [(5, 58863.20799999959, None)]}",321.16833722466623,148900.76401273193,58863.20799999959,21058.58619420399,2,59.60586451436758,58863.20799999959,73757.97799999958,True,89.81245807436756,30.206593559999977
lamf-test-cbaeac35-da39-4580-bb48-6f69d435e1ef,"{<resource_manager.instance.OnPremInstance object at 0x113cb7770>: [(6, 59374.00799999958, None)]}",59.97502759856391,35334.43713413559,59374.00799999958,21059.58619420399,2,0.06655648787942382,59374.00799999958,59389.407999999574,False,,
lamf-test-faec5c90-186b-4555-954c-a8baf4f027a2,"{<resource_manager.instance.OnPremInstance object at 0x113cb7770>: [(4, 59404.00799999958, None)]}",104.23072108364673,52279.443931632144,59404.00799999958,21062.29549012999,3,0.09369533804848537,59404.00799999958,59419.407999999574,False,,
lamf-test-0967a8c1-fdb4-4be1-a916-cc022480b089,"{<resource_manager.instance.OnPremInstance object at 0x113cb7770>: [(2, 59434.20799999958, None)]}",89.68473907463206,52054.658663925016,59434.20799999958,21064.29932670499,1,0.08315461251803077,59434.20799999958,59449.60799999957,False,,
lamf-test-d392fb46-3ada-4299-920d-04b5ae462e49,"{<resource_manager.instance.OnPremInstance object at 0x113cb7770>: [(4, 59464.20799999958, None)]}",53.88118833696197,35187.96074631985,59464.20799999958,21065.29932670499,2,0.05608928259914327,59464.20799999958,59479.60799999957,False,,
lamf-test-b4f2a445-161d-42de-8bf2-99cedcdf1a1d,"{<resource_manager.instance.OnPremInstance object at 0x113cb7770>: [(2, 59494.20799999958, None)]}",317.30210148260704,148840.92571038753,59494.20799999958,21069.66648130499,2,48.64246019446,59494.20799999958,77387.53199999957,True,63.157524623259995,14.515064428799993
lamf-test-c7f36b6d-6d0e-497a-bed2-ab51e4200e00,"{<resource_manager.instance.OnPremInstance object at 0x113cb7770>: [(6, 59524.20799999958, None)]}",67.30455789142538,35172.37575962412,59524.20799999958,21073.15952072699,2,0.06655648787942382,59524.20799999958,59539.60799999957,False,,
lamf-test-902ad2da-a958-4f6f-a105-0cf09133c223,"{<resource_manager.instance.OnPremInstance object at 0x113cb7770>: [(4, 59644.20799999958, None)]}",319.6161610919672,148736.20644819085,59644.20799999958,21074.15952072699,3,60.429112480036494,59644.20799999958,69576.48799999958,True,76.5432435520365,16.114131072
lamf-test-5c066d18-4f49-4722-a66a-a3c4e7ab30cb,"{<resource_manager.instance.CloudReservedInstance object at 0x113cd22c0>: [(2, 59674.20799999958, None)], <resource_manager.instance.CloudReservedInstance object at 0x113cb7cb0>: [(1, 59674.20799999958, None)]}",105.95282638563052,52217.11648391753,59674.20799999958,21079.061947254988,3,0.06246355869899025,59674.20799999958,59689.60799999957,False,,
lamf-test-03f57a47-31b2-463e-9964-32e1833cfbcd,"{<resource_manager.instance.OnPremInstance object at 0x113cb7770>: [(6, 59704.20799999958, None)]}",98.51981663568804,52785.31365567893,59704.20799999958,21620.880709134988,1,0.24243668720045594,59704.20799999958,59719.60799999957,False,,
lamf-test-b284ea68-a93a-41ac-9d3b-a2d0c0674e21,"{<resource_manager.instance.OnPremInstance object at 0x113cb7770>: [(2, 59734.20799999958, None)]}",312.0323931368153,149250.83867695992,59734.20799999958,21629.026262505988,1,72.77023750855567,59734.20799999958,73211.05099999956,True,83.70265255015565,10.932415041599983
lamf-test-274e2f12-b4e9-499b-9b88-36da25e54e24,"{<resource_manager.instance.OnPremInstance object at 0x113cb7770>: [(5, 59824.407999999574, None)]}",331.60036141298406,149380.8494436387,59824.407999999574,21633.854064642986,1,320.45511392501317,59824.407999999574,84180.84899999957,True,369.84997627301317,49.39486234799998
lamf-test-f483d0b8-ba08-4711-99f9-47af2ee222a5,"{<resource_manager.instance.CloudReservedInstance object at 0x113cd22c0>: [(2, 59854.60799999957, None)], <resource_manager.instance.CloudReservedInstance object at 0x113cb7cb0>: [(1, 59854.60799999957, None)]}",312.7927875459608,149604.8772762485,59854.60799999957,21637.358330625986,2,397.5186234086457,59854.60799999957,149620.27727624853,False,,
lamf-test-10d63afb-c09f-4af6-a622-71a25fae2fdf,"{<resource_manager.instance.OnPremInstance object at 0x113cb7770>: [(4, 60185.40799999956, None)]}",310.7244065884292,148989.3657692412,60185.40799999956,21638.528912340986,2,85.01176851951928,60185.40799999956,83526.43099999955,True,122.88024423471926,37.86847571519998
lamf-test-5168b562-8a76-449b-98c0-cc2731c9ca3c,"{<resource_manager.instance.CloudOnDemandInstance object at 0x113cd2780>: [(1, 60215.40799999956, None)], <resource_manager.instance.CloudOnDemandInstance object at 0x113eb96d0>: [(1, 60215.40799999956, None)]}",309.5107801118846,149475.54678576518,60215.40799999956,21648.491481594985,1,202.1480650949232,60615.94399999956,106847.77480584421,True,339.7415265922484,137.59346149732522
lamf-test-ff254f04-4cb3-4cab-aa4a-5f045128d210,"{<resource_manager.instance.OnPremInstance object at 0x113cb7770>: [(3, 60646.34399999955, None)]}",110.15545315677929,52770.51868501029,60646.34399999955,21649.491481594985,3,0.07027150353636404,60646.34399999955,60661.74399999955,False,,
lamf-test-bc23b10d-c69c-4408-9782-8739fbb3209f,"{<resource_manager.instance.OnPremInstance object at 0x113cb7770>: [(3, 60736.34399999955, None)]}",310.0193593332558,149293.47522575443,60736.34399999955,21650.937620557987,1,202.5245414099932,60736.34399999955,86098.20299999956,True,233.3848514411932,30.860310031200008
lamf-test-8ac2f925-7afc-41fe-bb28-31766fc5fb67,"{<resource_manager.instance.OnPremInstance object at 0x113cb7770>: [(2, 60766.34399999955, None)]}",78.91788247204538,35700.431942935575,60766.34399999955,21653.839683244987,1,0.08315461251803077,60766.34399999955,60781.74399999955,False,,
lamf-test-8af4e2ac-cf32-4cee-877b-e9f4b759f7f3,"{<resource_manager.instance.OnPremInstance object at 0x113cb7770>: [(4, 60976.74399999955, None)]}",289.77114078776196,149029.6025142491,60976.74399999955,21654.839683244987,3,21.382997946611876,60976.74399999955,64491.30699999954,True,27.085024957811868,5.702027011199991
lamf-test-068fc1f2-6deb-41a2-ae15-564e581e4490,"{<resource_manager.instance.OnPremInstance object at 0x113cb7770>: [(3, 61186.943999999545, None)]}",318.6864958169501,149018.3790666122,61186.943999999545,21655.839683244987,1,91.53907027150348,61186.943999999545,72650.25099999954,True,105.48762222910347,13.948551957599992
lamf-test-f3dda1e4-5862-4683-8e1d-465d2dca42c3,"{<resource_manager.instance.OnPremInstance object at 0x113cb7770>: [(4, 61277.14399999954, None)]}",305.16980399325007,149229.73747608994,61277.14399999954,21660.614174916987,1,158.01188911704304,61277.14399999954,76224.61399999954,True,182.26266444504301,24.25077532799999
lamf-test-9a44ea70-cb8b-427c-9af4-a87498aeb7c6,"{<resource_manager.instance.CloudReservedInstance object at 0x113cd22c0>: [(2, 61307.14399999954, None)]}",116.40460154918469,53028.99286695444,61307.14399999954,21663.105599208986,3,0.046847669024242686,61307.14399999954,61322.543999999536,False,,
lamf-test-9bda5a96-e4e1-4b91-bbbb-1dacf1ed28b2,"{<resource_manager.instance.OnPremInstance object at 0x113cb7770>: [(6, 61757.34399999954, None)]}",334.4551264679061,149460.6279048206,61757.34399999954,21665.045993661985,3,245.039342915811,61757.34399999954,88607.52999999953,True,310.381955565411,65.34261264959999
lamf-test-e68a5a0e-948d-450e-bd18-14ba76978e62,"{<resource_manager.instance.CloudReservedInstance object at 0x113cd22c0>: [(2, 61787.34399999954, None)]}",61.643354936762066,35795.801958061726,61787.34399999954,21671.894221290986,2,0.04186443429931751,61787.34399999954,61802.74399999953,False,,
lamf-test-72ac3048-5fdb-4c21-afcd-eed6fe82e6d1,"{<resource_manager.instance.OnPremInstance object at 0x113cb7770>: [(3, 61937.34399999954, None)]}",305.99164294117367,149503.18680808702,61937.34399999954,21672.894221290986,1,27.865549851699704,61937.34399999954,65426.90699999953,True,32.111650110099696,4.246100258399994
lamf-test-947624f9-c308-44e1-a082-5eef08d3ec8d,"{<resource_manager.instance.OnPremInstance object at 0x113cb7770>: [(4, 61997.34399999954, None)]}",93.19634223972996,53517.41530441354,61997.34399999954,22225.975865281987,2,0.05608928259914327,61997.34399999954,62012.74399999953,False,,
lamf-test-fd42a6f7-5546-4968-b0ee-4f887fda9461,"{<resource_manager.instance.OnPremInstance object at 0x113cb7770>: [(5, 62778.343999999524, None)]}",313.44017426263486,149793.08299864244,62778.343999999524,22229.19931317799,1,366.128784850559,62778.343999999524,90606.24799999953,True,422.56377416255896,56.434989312
lamf-test-1e1b6610-69b2-4869-80ff-74a807042404,"{<resource_manager.instance.OnPremInstance object at 0x113cb7770>: [(5, 63199.14399999951, None)]}",310.82543279392,150195.78815860965,63199.14399999951,22240.703960326988,3,75.61244201079934,63199.14399999951,73141.42399999952,True,95.77538585079935,20.16294384000001
lamf-test-aba1aa4f-f6ce-4af2-b868-ea5768a9b8b8,"{<resource_manager.instance.OnPremInstance object at 0x113cb7770>: [(5, 63439.34399999951, None)]}",55.6474329845016,36388.371975892536,63439.34399999951,22248.40752541099,3,0.11711917256060674,63439.34399999951,63454.743999999504,False,,
lamf-test-b37b6ec3-b4f6-4505-b5ff-6313155b88e1,"{<resource_manager.instance.OnPremInstance object at 0x113cb7770>: [(5, 63499.34399999951, None)]}",92.20096869554938,53573.32121304114,63499.34399999951,22249.40752541099,2,0.06162769304399561,63499.34399999951,63514.743999999504,False,,
lamf-test-aa0c06ad-8e28-471d-8a21-4c2106849993,"{<resource_manager.instance.OnPremInstance object at 0x113cb7770>: [(4, 63559.34399999951, None)]}",297.7430444733612,150293.98127265522,63559.34399999951,22257.704573351988,1,406.6190605369229,63559.34399999951,102024.3369999995,True,469.0246651801229,62.40560464319999
lamf-test-ea317cde-8e65-4009-bbcb-6720d6ab3fc4,"{<resource_manager.instance.OnPremInstance object at 0x113cb7770>: [(5, 63619.34399999951, None)]}",322.00845242777757,150098.6950329323,63619.34399999951,22267.79771594099,2,42.4598357682484,63619.34399999951,74229.5329999995,True,63.97729906024838,21.51746329199998
lamf-test-d2030552-fada-4868-9884-3081a3d5e562,"{<resource_manager.instance.OnPremInstance object at 0x113cb7770>: [(4, 63649.34399999951, None)]}",335.70235460840024,149902.19718237937,63649.34399999951,22268.79771594099,3,127.32635485588243,63649.34399999951,84577.02199999949,True,161.2794196430824,33.95306478719996
lamf-test-8b57f8ca-98cc-4c1b-8aa2-5b91c1f45b09,"{<resource_manager.instance.CloudReservedInstance object at 0x113cd22c0>: [(2, 63679.54399999951, None)]}",306.9047417051023,150252.87203730908,63679.54399999951,22276.30820040699,2,123.53413481008484,63679.54399999951,109122.07076323828,True,176.86548421942186,53.33134940933702
lamf-test-a13d6194-2358-4887-a070-b00cd35c865e,"{<resource_manager.instance.OnPremInstance object at 0x113cb7770>: [(3, 63769.9439999995, None)]}",302.61921821621866,150180.63710010567,63769.9439999995,22277.87796097299,2,38.50976000695062,63769.9439999995,75708.0599999995,True,53.036059555750626,14.526299548800003
lamf-test-ca1797e6-b093-4c70-86e8-71ffe0d25cca,"{<resource_manager.instance.OnPremInstance object at 0x113cb7770>: [(4, 64460.54399999949, None)]}",87.62355008897632,53930.39838133899,64460.54399999949,22826.64026319399,3,0.09369533804848537,64460.54399999949,64475.94399999949,False,,
lamf-test-7bd8b2d3-250f-4731-829c-d7a0653ffcb3,"{<resource_manager.instance.OnPremInstance object at 0x113cb7770>: [(4, 64520.54399999949, None)]}",301.8009690341694,150756.592550576,64520.54399999949,22831.431068304988,3,36.44753517377747,64520.54399999949,70511.15199999949,True,46.16669759297747,9.7191624192
lamf-test-d11d15e3-c05e-424a-bab1-f5785ed94bc2,"{<resource_manager.instance.OnPremInstance object at 0x113cb7770>: [(4, 64580.54399999949, None)]}",65.13660288894543,36963.96171386582,64580.54399999949,22832.431068304988,1,0.16279564985924336,64580.54399999949,64595.94399999949,False,,
lamf-test-a7dc0f00-a53e-4f14-ba21-5c93f2b6c280,"{<resource_manager.instance.OnPremInstance object at 0x113cb7770>: [(4, 64640.54399999949, None)]}",278.74097160023985,150453.8183333107,64640.54399999949,22833.431068304988,2,79.910459193609,64640.54399999949,86580.93999999951,True,115.50655766400902,35.59609847040002
lamf-test-88d97e0c-88fe-4c62-bc84-030e5f7776f1,"{<resource_manager.instance.OnPremInstance object at 0x113cb7770>: [(3, 64880.74399999949, None)]}",304.4592028444548,150019.31759773704,64880.74399999949,22834.548498791988,1,120.53455395847595,64880.74399999949,79975.11399999949,True,138.90138337447596,18.366829416000005
lamf-test-2586faa0-8afe-4587-9352-3a45415e951c,"{<resource_manager.instance.OnPremInstance object at 0x113cb7770>: [(3, 64940.94399999949, None)]}",52.1878736324701,37019.47929835822,64940.94399999949,22835.808912830988,2,0.049677043187284775,64940.94399999949,64956.34399999948,False,,
lamf-test-096a164d-3416-42b7-999a-d92269a9a7ca,"{<resource_manager.instance.OnPremInstance object at 0x113cb7770>: [(6, 65661.74399999948, None)]}",310.89137174012484,151014.14067302272,65661.74399999948,22839.10246872599,3,177.24892539356597,65661.74399999948,85083.79499999947,True,224.51442870716596,47.265503313599986
lamf-test-debb5ae3-8ca9-424a-a1fe-ae626817d5d4,"{<resource_manager.instance.OnPremInstance object at 0x113cb7770>: [(4, 65691.94399999948, None)]}",50.08229655297103,37065.95461849887,65691.94399999948,22840.10246872599,3,0.09369533804848537,65691.94399999948,65707.34399999947,False,,
lamf-test-9f4c8a2a-2fe4-4712-9592-1f90f46792d9,"{<resource_manager.instance.OnPremInstance object at 0x113cb7770>: [(5, 65782.14399999948, None)]}",322.9477688777042,150270.606788036,65782.14399999948,22841.10246872599,1,151.04913004791243,65782.14399999948,77262.75099999948,True,174.33180104391244,23.282670996000007
lamf-test-81195703-aa5f-481d-abd3-346d6a96d7d8,"{<resource_manager.instance.OnPremInstance object at 0x113cb7770>: [(2, 65812.14399999948, None)]}",57.90728747613712,37045.53751313881,65812.14399999948,22842.572067439487,2,0.04186443429931751,65812.14399999948,65827.54399999947,False,,
lamf-test-292ff255-562b-496c-972f-f8340f6cddab,"{<resource_manager.instance.OnPremInstance object at 0x113cb7770>: [(2, 65902.14399999948, None)]}",321.5271161172489,150588.09845306745,65902.14399999948,22843.572067439487,1,83.39748338276671,65902.14399999948,81347.12299999947,True,95.9264503475667,12.528966964799993
lamf-test-3943f80b-7a33-4e35-a8a4-f3b6aa99c52d,"{<resource_manager.instance.OnPremInstance object at 0x113cb7770>: [(3, 66502.74399999947, None)]}",31.751233670300554,36936.157675048846,66502.74399999947,22844.572067439487,1,0.12297513118863707,66502.74399999947,66518.14399999946,False,,
lamf-test-03badbdc-4aa8-4cd2-98f8-bfe0e4080cef,"{<resource_manager.instance.OnPremInstance object at 0x113cb7770>: [(2, 66563.14399999946, None)]}",46.039696363479905,36869.89337618633,66563.14399999946,22845.672523566485,2,0.04186443429931751,66563.14399999946,66578.54399999946,False,,
lamf-test-e0a17229-9bf9-416c-a5a2-49e15e4b17e7,"{<resource_manager.instance.OnPremInstance object at 0x113cb7770>: [(2, 66593.14399999946, None)]}",300.8789137634496,151076.84756199445,66593.14399999946,22849.018491750485,3,46.930653281618355,66593.14399999946,82020.42299999946,True,59.445262006418346,12.514608724799995
lamf-test-0b1411aa-7440-4517-bbd4-2bffa1461af4,"{<resource_manager.instance.OnPremInstance object at 0x113cb7770>: [(2, 66623.14399999946, None)]}",54.09958144079154,37154.47167656073,66623.14399999946,22850.018491750485,1,0.08315461251803077,66623.14399999946,66638.54399999946,False,,
lamf-test-8a7888d4-6626-4d18-8e7e-6823cdaffb96,"{<resource_manager.instance.OnPremInstance object at 0x113cb7770>: [(6, 66803.34399999946, None)]}",94.8282048828368,54158.43151940494,66803.34399999946,22853.572112953483,3,0.14054300707272807,66803.34399999946,66818.74399999945,False,,
lamf-test-8f5d07e8-2d0c-4ca5-874d-d1e790990809,"{<resource_manager.instance.OnPremInstance object at 0x113cb7770>: [(6, 66863.34399999946, None)]}",302.97405507839164,150672.36746420836,66863.34399999946,22854.572112953483,1,555.5379856262829,66863.34399999946,102152.08299999943,True,641.4166608566828,85.87867523039994
lamf-test-fd11e4ea-cdef-4f38-a062-f8e8f6529d33,"{<resource_manager.instance.OnPremInstance object at 0x113cb7770>: [(6, 67284.54399999944, None)]}",323.9849795842166,150805.66795169213,67284.54399999944,22864.13865698048,1,305.27581998631047,67284.54399999944,86676.19499999942,True,352.46734185991045,47.19152187359996
lamf-test-8c42c6bf-e604-4e96-bc18-75bc6db194f5,"{<resource_manager.instance.OnPremInstance object at 0x113cb7770>: [(2, 67584.54399999944, None)]}",304.5244415439068,150317.14346597414,67584.54399999944,22865.94277985048,2,16.23825716335596,67584.54399999944,73557.85199999943,True,21.08380461295595,4.845547449599992
lamf-test-2ee801ff-df94-45c9-b634-a465808c37ee,"{<resource_manager.instance.OnPremInstance object at 0x113cb7770>: [(4, 67614.54399999944, None)]}",44.045311418522864,36967.72263008849,67614.54399999944,22868.66754854348,3,0.09369533804848537,67614.54399999944,67629.94399999944,False,,
lamf-test-c4cd6d33-84be-4a0d-a794-48962ad9461f,"{<resource_manager.instance.OnPremInstance object at 0x113cb7770>: [(4, 67704.54399999944, None)]}",92.44374551049617,54113.53801335387,67704.54399999944,22871.93791871948,1,0.16279564985924336,67704.54399999944,67719.94399999944,False,,
lamf-test-b19f4d76-0891-41df-b5fe-36ccd74b9a06,"{<resource_manager.instance.OnPremInstance object at 0x113cb7770>: [(3, 68877.3439999994, None)]}",47.2527689810787,36976.369071691974,68877.3439999994,22873.598431685477,3,0.07027150353636404,68877.3439999994,68892.7439999994,False,,
lamf-test-9953a2a0-1d7c-4068-bf98-538acafc2ac3,"{<resource_manager.instance.OnPremInstance object at 0x113cb7770>: [(6, 68967.3439999994, None)]}",299.47595690366575,150270.74504073875,68967.3439999994,22874.598431685477,2,103.1894899814878,68967.3439999994,92843.5759999994,True,161.2946881766878,58.10519819520001
lamf-test-783eef72-16ea-4bd4-8850-a7549496bd66,"{<resource_manager.instance.CloudOnDemandInstance object at 0x113cd2780>: [(3, 69237.7439999994, None)]}",99.85904399571011,54144.73902655316,69237.7439999994,22875.598431685477,2,1.3417188724125741,69638.27999999939,69653.67999999938,False,,
lamf-test-59f36aea-6cbc-457b-81ba-431f79f73291,"{<resource_manager.instance.OnPremInstance object at 0x113cb7770>: [(2, 69668.47999999938, None)]}",94.81833183066266,54178.901228037255,69668.47999999938,22883.95734515898,3,0.046847669024242686,69668.47999999938,69683.87999999938,False,,
lamf-test-55529a16-b241-4348-bd90-45ddc000d26d,"{<resource_manager.instance.OnPremInstance object at 0x113cb7770>: [(3, 69698.47999999938, None)]}",53.211716625419925,37000.83841392887,69698.47999999938,22884.95734515898,2,0.049677043187284775,69698.47999999938,69713.87999999938,False,,
lamf-test-b86de886-591a-45ec-903b-6a80c96225dd,"{<resource_manager.instance.OnPremInstance object at 0x113cb7770>: [(6, 69788.67999999938, None)]}",41.149547064693905,36872.29960045431,69788.67999999938,22888.606555469978,3,0.14054300707272807,69788.67999999938,69804.07999999938,False,,
lamf-test-9805f54e-1cae-487c-b904-2cb93c2a7afb,"{<resource_manager.instance.CloudOnDemandInstance object at 0x113cd2780>: [(3, 69818.67999999938, None)]}",328.01417674151406,150534.7459970741,69818.67999999938,22889.606555469978,3,89.4737199149023,70219.21599999937,89426.84571935023,False,,
lamf-test-65e3ea29-e28c-4094-b1d4-e102c2738358,"{<resource_manager.instance.OnPremInstance object at 0x113cb7770>: [(3, 70249.61599999937, None)]}",53.51848203740168,37010.80915506593,70249.61599999937,22890.606555469978,1,0.12297513118863707,70249.61599999937,70265.01599999936,False,,
lamf-test-720b43f5-e992-4463-8b62-736d9e2ae936,"{<resource_manager.instance.OnPremInstance object at 0x113cb7770>: [(2, 70279.61599999937, None)]}",92.64800719218381,53992.73023087408,70279.61599999937,22891.606555469978,2,0.04186443429931751,70279.61599999937,70295.01599999936,False,,
lamf-test-ca0b2ac7-3ce2-4e8c-a6e1-096d01ef9a8a,"{<resource_manager.instance.OnPremInstance object at 0x113cb7770>: [(6, 70309.61599999937, None)]}",322.6901850057595,150862.4365023569,70309.61599999937,22892.606555469978,1,308.86041957563305,70309.61599999937,89928.96699999936,True,356.606072169233,47.74565259359999
lamf-test-47c1fe4b-c260-4538-9b53-fe9eeae00c5f,"{<resource_manager.instance.OnPremInstance object at 0x113cb7770>: [(2, 70339.61599999937, None)]}",307.40827687661385,151119.95393057354,70339.61599999937,23437.52382010298,3,59.05955129667649,70339.61599999937,89753.96699999935,True,74.80847282787647,15.748921531199985
lamf-test-18cbb634-7aef-4481-9ee7-fe1e8a16d0ba,"{<resource_manager.instance.OnPremInstance object at 0x113cb7770>: [(5, 70459.61599999937, None)]}",52.226498354671556,37562.31802530118,70459.61599999937,23442.283606701978,3,0.11711917256060674,70459.61599999937,70475.01599999936,False,,
lamf-test-6a7cd0bb-34c7-4263-9cc7-17fa07eb0a15,"{<resource_manager.instance.OnPremInstance object at 0x113cb7770>: [(4, 70519.61599999937, None)]}",298.21973828332,151037.5632893777,70519.61599999937,23444.81055359198,1,126.33382188759592,70519.61599999937,82470.43199999936,True,145.7228257659959,19.389003878399986
lamf-test-9293cd6c-713f-41c3-8b50-410b94532b8e,"{<resource_manager.instance.OnPremInstance object at 0x113cb7770>: [(4, 70579.61599999937, None)]}",276.94819521132933,151237.15296740498,70579.61599999937,23445.87950941598,2,128.56369786786672,70579.61599999937,105878.35499999936,True,185.8323720214667,57.268674153599974
lamf-test-2ef3ba74-0be9-4758-9e8b-663933377574,"{<resource_manager.instance.OnPremInstance object at 0x113cb7770>: [(4, 70639.81599999937, None)]}",315.97195408362086,151418.68964005745,70639.81599999937,23450.62259636198,3,78.95130580272257,70639.81599999937,83616.44999999936,True,100.00459680432256,21.053291001599984
lamf-test-abc545e6-fca4-4495-82db-38cb26110a9d,"{<resource_manager.instance.OnPremInstance object at 0x113cb7770>: [(5, 70670.01599999936, None)]}",106.90985136127853,54603.69073333319,70670.01599999936,23454.12249543098,1,0.20261616852984965,70670.01599999936,70685.41599999936,False,,
lamf-test-72359355-373b-4aa6-9d80-111deeae4206,"{<resource_manager.instance.OnPremInstance object at 0x113cb7770>: [(4, 70760.21599999936, None)]}",293.68085416171726,150917.81445561632,70760.21599999936,23455.12249543098,3,196.92743174385873,70760.21599999936,103127.70099999935,True,249.44043940785872,52.51300766399998
lamf-test-aa966776-8b52-45e3-81e8-3d502aee1701,"{<resource_manager.instance.OnPremInstance object at 0x113cb7770>: [(3, 71661.81599999934, None)]}",277.6854198628887,150970.6963250673,71661.81599999934,23461.12492389198,1,107.4366883413187,71661.81599999934,85115.95899999933,True,123.8076895437187,16.371001202399995
lamf-test-40afb271-d458-48d9-adbe-b89134d80114,"{<resource_manager.instance.OnPremInstance object at 0x113cb7770>: [(3, 71692.01599999933, None)]}",57.83325208385016,37694.659965462335,71692.01599999933,23464.624135627982,3,0.07027150353636404,71692.01599999933,71707.41599999933,False,,
lamf-test-f6c3e1ca-41d1-4659-a1c2-f6d7cca0c5e7,"{<resource_manager.instance.OnPremInstance object at 0x113cb7770>: [(2, 71722.01599999933, None)]}",330.89870791023526,151059.9329452271,71722.01599999933,23465.986796128982,2,29.70661655610103,71722.01599999933,82649.71399999932,True,38.57116517370102,8.864548617599992
lamf-test-81297157-09b4-4bfd-81e5-a8bf0f0cf407,"{<resource_manager.instance.OnPremInstance object at 0x113cb7770>: [(6, 71782.21599999933, None)]}",69.1210403049402,37704.83251103971,71782.21599999933,23466.986796128982,3,0.14054300707272807,71782.21599999933,71797.61599999933,False,,
lamf-test-2744811c-a0e4-4a9d-a448-520fba53466a,"{<resource_manager.instance.CloudOnDemandInstance object at 0x113eb96d0>: [(2, 71812.21599999933, None)]}",316.8459168651483,151439.7386972094,71812.21599999933,23469.13102226698,2,161.59839285531925,72212.75199999932,151455.13869720942,False,,
lamf-test-ce4c822f-a3d7-44c8-9dba-10c2ea1d7fc0,"{<resource_manager.instance.OnPremInstance object at 0x113cb7770>: [(6, 72242.95199999932, None)]}",86.88519768848549,54751.70508305082,72242.95199999932,23473.44548191798,2,0.06655648787942382,72242.95199999932,72258.35199999932,False,,
lamf-test-5471ed7c-c241-4b43-b3db-c6a0ff681a3a,"{<resource_manager.instance.OnPremInstance object at 0x113cb7770>: [(2, 72302.95199999932, None)]}",59.30424416492866,37643.45114145761,72302.95199999932,23475.074052548982,2,0.04186443429931751,72302.95199999932,72318.35199999932,False,,
lamf-test-dc701733-214d-4503-9e86-a7c5623aa494,"{<resource_manager.instance.OnPremInstance object at 0x113cb7770>: [(2, 72332.95199999932, None)]}",290.04127710324553,151275.24795422374,72332.95199999932,23476.603649033983,2,41.877969560266884,72332.95199999932,87737.93099999933,True,54.37448852506689,12.496518964800005
lamf-test-9b9326a1-51bc-46fd-a2cb-1abf1c9c75f6,"{<resource_manager.instance.OnPremInstance object at 0x113cb7770>: [(5, 72362.95199999932, None)]}",57.78982021342063,37742.29845005392,72362.95199999932,23481.113612642483,1,0.20261616852984965,72362.95199999932,72378.35199999932,False,,
lamf-test-0111158b-0edf-40ea-8c3c-c453441d9f4b,"{<resource_manager.instance.OnPremInstance object at 0x113cb7770>: [(2, 72423.15199999932, None)]}",288.9103792556111,151661.76535324508,72423.15199999932,23483.654671130982,3,68.12169746748799,72423.15199999932,94816.45699999931,True,86.28714648348799,18.165449015999993
lamf-test-cb995d16-8bd4-4a69-981f-1cf758860367,"{<resource_manager.instance.OnPremInstance object at 0x113cb7770>: [(5, 72663.35199999932, None)]}",320.1908267325743,151423.62381629721,72663.35199999932,23484.654671130982,3,68.08017339721658,72663.35199999932,81615.21399999932,True,86.2345495332166,18.154376136000014
lamf-test-b3a0db0a-ecb4-42b0-814b-3c34a8d7aaed,"{<resource_manager.instance.OnPremInstance object at 0x113cb7770>: [(4, 73084.3519999993, None)]}",100.59507953151345,54412.09276183349,73084.3519999993,23485.654671130982,2,0.05608928259914327,73084.3519999993,73099.7519999993,False,,
lamf-test-692078cb-d4fe-44db-acc1-5eececdc7c24,"{<resource_manager.instance.OnPremInstance object at 0x113cb7770>: [(3, 73204.5519999993, None)]}",293.9568407519619,151232.47083808205,73204.5519999993,23487.809873455983,2,60.279004841967,73204.5519999993,91891.1849999993,True,83.016899876367,22.737895034400005
lamf-test-b3747e60-f13b-4587-ba76-a5026ef56274,"{<resource_manager.instance.OnPremInstance object at 0x113cb7770>: [(2, 73234.5519999993, None)]}",92.20458272811517,54833.5770315783,73234.5519999993,23490.244223320984,3,0.046847669024242686,73234.5519999993,73249.95199999929,False,,
lamf-test-ef36ad8e-1831-459d-b4cc-a917ad7c30ef,"{<resource_manager.instance.OnPremInstance object at 0x113cb7770>: [(5, 73324.5519999993, None)]}",103.50768504869966,54742.470885700735,73324.5519999993,23495.157679279982,1,0.20261616852984965,73324.5519999993,73339.95199999929,False,,
lamf-test-a7a41a4b-e265-4559-96d2-89c830b4e4f3,"{<resource_manager.instance.OnPremInstance object at 0x113cb7770>: [(5, 73384.5519999993, None)]}",110.11661546722232,55223.81303417896,73384.5519999993,24036.383430244983,3,0.11711917256060674,73384.5519999993,73399.95199999929,False,,
lamf-test-c609bf72-d17c-450a-8e65-16fe23e38281,"{<resource_manager.instance.OnPremInstance object at 0x113cb7770>: [(2, 73444.7519999993, None)]}",326.56864801291823,152043.98205110425,73444.7519999993,24039.286483486485,3,68.18253859609092,73444.7519999993,95858.05699999929,True,86.36421161209091,18.181673015999994
lamf-test-2be5e6dd-c6ce-4cb1-a0eb-f7b6d8f68bd8,"{<resource_manager.instance.OnPremInstance object at 0x113cb7770>: [(2, 73564.7519999993, None)]}",93.23301746575929,55254.78773284471,73564.7519999993,24040.736967268986,1,0.08315461251803077,73564.7519999993,73580.15199999929,False,,
lamf-test-5ccd4315-8d5b-4044-a8be-038248a6e5e8,"{<resource_manager.instance.OnPremInstance object at 0x113cb7770>: [(6, 73804.95199999929, None)]}",316.3732896893923,151837.10341105735,73804.95199999929,24043.124008510986,1,172.3881957563313,73804.95199999929,84755.3499999993,True,199.0370843291313,26.648888572800004
lamf-test-16723367-a744-4f94-a768-1e436a8648c3,"{<resource_manager.instance.OnPremInstance object at 0x113cb7770>: [(2, 73834.95199999929, None)]}",100.67432907273152,55133.201395922086,73834.95199999929,24044.194924252984,3,0.046847669024242686,73834.95199999929,73850.35199999929,False,,
lamf-test-aa81efdb-fc5d-4cd5-94a6-0293c55ec5bf,"{<resource_manager.instance.OnPremInstance object at 0x113cb7770>: [(3, 73864.95199999929, None)]}",315.17534780850235,151655.8906537515,73864.95199999929,24045.194924252984,1,91.31787474332651,73864.95199999929,85300.5589999993,True,105.23272134092652,13.914846597600006
lamf-test-468c807d-fae3-4ffc-8fac-cef2c72bf30d,"{<resource_manager.instance.OnPremInstance object at 0x113cb7770>: [(6, 74285.35199999929, None)]}",313.1968318342145,151933.869893102,74285.35199999929,24046.194924252984,2,21.54524271504873,74285.35199999929,79270.54199999929,True,33.67720109904874,12.131958384000006
lamf-test-9997ef6b-f372-462c-b591-ebc6c42f345e,"{<resource_manager.instance.OnPremInstance object at 0x113cb7770>: [(6, 75727.35199999926, None)]}",309.99816308035867,151659.60959348077,75727.35199999926,24047.194924252984,3,181.46621035820203,75727.35199999926,95611.51199999925,True,229.856302134202,48.39009177599998
lamf-test-b6e7251f-5c74-4bdc-b21f-2dc66654db99,"{<resource_manager.instance.OnPremInstance object at 0x113cb7770>: [(3, 75757.55199999925, None)]}",320.3340679876566,151741.7955040922,75757.55199999925,24048.194924252984,3,63.629258498745074,75757.55199999925,89701.90399999924,True,80.59674601234505,16.96748751359998
lamf-test-801af7b0-7341-46d2-ba63-e3fe9d27ac0a,"{<resource_manager.instance.OnPremInstance object at 0x113cb7770>: [(6, 75787.75199999925, None)]}",98.05192865733181,55206.200587794076,75787.75199999925,24049.194924252984,1,0.24243668720045594,75787.75199999925,75803.15199999925,False,,
lamf-test-7741d198-baa3-4b02-8577-d94aba790819,"{<resource_manager.instance.CloudReservedInstance object at 0x113ebc290>: [(2, 75817.95199999925, None)]}",58.57374457030712,38252.191422633114,75817.95199999925,24050.194924252984,2,0.04186443429931751,75817.95199999925,75833.35199999924,False,,
lamf-test-46c0ddc9-3e57-4092-abb9-12bad9e5fc70,"{<resource_manager.instance.OnPremInstance object at 0x113cb7770>: [(3, 75848.15199999925, None)]}",59.85312775121128,38218.29166146273,75848.15199999925,24051.859872622983,1,0.12297513118863707,75848.15199999925,75863.55199999924,False,,
lamf-test-3f74eedf-69e6-447f-8faf-d6b3b1a74541,"{<resource_manager.instance.CloudReservedInstance object at 0x113cb7cb0>: [(2, 75878.15199999925, None)]}",300.3151945622659,152070.0964118146,75878.15199999925,24052.859872622983,3,111.83767578686766,75878.15199999925,131023.91195955635,True,191.51226977643577,79.67459398956811
lamf-test-df1d19ca-065c-450e-a725-063e1023eff0,"{<resource_manager.instance.OnPremInstance object at 0x113cb7770>: [(5, 76148.35199999924, None)]}",308.41567960151576,151790.3333525465,76148.35199999924,24058.909649789985,2,66.62232543396433,76148.35199999924,92796.44899999922,True,100.38466614996429,33.762340715999954
lamf-test-d878f6cc-ec52-4963-a36e-567d3077f66a,"{<resource_manager.instance.OnPremInstance object at 0x113cb7770>: [(6, 76268.55199999924, None)]}",318.40559881515793,151651.54867086667,76268.55199999924,24060.496948334985,2,71.08620575457797,76268.55199999924,92716.64899999923,True,111.11429461377796,40.02808885919999
lamf-test-e95a3924-2808-4cd5-8af6-82985caaa091,"{<resource_manager.instance.OnPremInstance object at 0x113cb7770>: [(4, 76448.95199999923, None)]}",315.57124577879193,151737.08429079488,76448.95199999923,24078.271829081987,1,249.51840421324798,76448.95199999923,100052.67499999922,True,287.81308440844793,38.29468019519997
lamf-test-8433fa81-6093-4f66-8fcd-c8019d82fc62,"{<resource_manager.instance.CloudReservedInstance object at 0x113ebc290>: [(2, 76478.95199999923, None)]}",289.2015979209701,152039.40699749973,76478.95199999923,24083.368880381986,1,173.8481240745697,76478.95199999923,108675.13486558398,True,244.19034439929925,70.34222032472955
lamf-test-fce34ab6-8bce-4303-a50f-d59fbea8d614,"{<resource_manager.instance.OnPremInstance object at 0x113cb7770>: [(2, 76929.55199999922, None)]}",47.41181351390231,38273.31128367081,76929.55199999922,24089.218466840986,3,0.046847669024242686,76929.55199999922,76944.95199999922,False,,
lamf-test-ac6005c9-5daa-4585-b9e3-32cefa81cdb6,"{<resource_manager.instance.OnPremInstance object at 0x113cb7770>: [(2, 76989.75199999922, None)]}",56.43144675229202,38242.386789944845,76989.75199999922,24093.452139302986,3,0.046847669024242686,76989.75199999922,77005.15199999922,False,,
lamf-test-d13deae5-f303-4855-93f8-a16639da1c4e,"{<resource_manager.instance.OnPremInstance object at 0x113cb7770>: [(6, 77290.15199999922, None)]}",299.620254990436,151737.09258157166,77290.15199999922,24095.920716254986,2,59.03449403365666,77290.15199999922,90949.69499999922,True,92.27635787845668,33.241863844800015
lamf-test-b395ec81-f5cf-4d31-b896-54e96e62d931,"{<resource_manager.instance.OnPremInstance object at 0x113cb7770>: [(6, 77470.15199999922, None)]}",60.66671241836613,38225.435764851645,77470.15199999922,24096.920716254986,3,0.14054300707272807,77470.15199999922,77485.55199999921,False,,
lamf-test-218a245a-408e-4403-969e-14eebe33638f,"{<resource_manager.instance.CloudReservedInstance object at 0x113eb9310>: [(1, 77500.15199999922, None)], <resource_manager.instance.CloudReservedInstance object at 0x113eb9090>: [(1, 77500.15199999922, None)]}",310.9184525812873,151772.22654688486,77500.15199999922,24097.920716254986,3,94.16112067696614,77500.15199999922,151787.6265468849,False,,
lamf-test-790ebc9f-5e2e-4113-9df6-6e81d9cf4244,"{<resource_manager.instance.OnPremInstance object at 0x113cb7770>: [(3, 77530.15199999922, None)]}",301.00617936440153,151749.54608836328,77530.15199999922,24099.924636289987,1,27.945403832991175,77530.15199999922,81029.71499999923,True,32.203672091391184,4.258268258400012
lamf-test-af430514-5203-4847-a3dd-4d540698c45d,"{<resource_manager.instance.OnPremInstance object at 0x113cb7770>: [(2, 77560.15199999922, None)]}",43.871600174569394,38242.15128260059,77560.15199999922,24100.924636289987,3,0.046847669024242686,77560.15199999922,77575.55199999921,False,,
lamf-test-8293fc83-5d58-4550-955e-87592cc2b6b3,"{<resource_manager.instance.OnPremInstance object at 0x113cb7770>: [(6, 79092.75199999918, None)]}",333.7462784146,151890.38973515807,79092.75199999918,24101.924636289987,3,140.79561031257106,79092.75199999918,94520.43099999915,True,178.340409926971,37.54479961439994
lamf-test-f110d8f3-23dd-42e9-8429-8b28407ddd7e,"{<resource_manager.instance.OnPremInstance object at 0x113cb7770>: [(6, 79333.35199999917, None)]}",301.2291020786883,152317.68399612088,79333.35199999917,24643.10194819599,1,156.2816153319644,79333.35199999917,89260.63199999917,True,180.4406439399644,24.159028608
lamf-test-b7f32954-df1d-496f-a3cc-c6c4fa4f08d9,"{<resource_manager.instance.OnPremInstance object at 0x113cb7770>: [(5, 79604.15199999916, None)]}",304.69312328634965,152075.41473840148,79604.15199999916,24644.10194819599,1,355.7293389611376,79604.15199999916,106641.63799999915,True,410.5613605691376,54.83202160799998
lamf-test-a9c2f748-704b-4cdc-85cd-14af26c3a0f5,"{<resource_manager.instance.OnPremInstance object at 0x113cb7770>: [(4, 81375.75199999913, None)]}",318.66785267265954,152219.51866379997,81375.75199999913,24645.27485216899,2,95.91623163607119,81375.75199999913,107710.72899999913,True,138.64209832087118,42.725866684799996
lamf-test-709c216f-6a83-488b-bc0b-72ed1c83abc3,"{<resource_manager.instance.OnPremInstance object at 0x113cb7770>: [(4, 81676.35199999913, None)]}",66.23572922815853,38701.47371902199,81676.35199999913,24646.27485216899,1,0.16279564985924336,81676.35199999913,81691.75199999912,False,,
lamf-test-4efeb549-c3cf-448a-a777-1713f6f5a77e,"{<resource_manager.instance.OnPremInstance object at 0x113cb7770>: [(6, 81736.95199999912, None)]}",68.3929603445819,38843.52330972162,81736.95199999912,24647.47913918999,2,0.06655648787942382,81736.95199999912,81752.35199999911,False,,
lamf-test-a7d1927a-cf2d-4926-967f-138bb5393300,"{<resource_manager.instance.OnPremInstance object at 0x113cb7770>: [(6, 81797.35199999911, None)]}",312.0843911485237,152214.8110889127,81797.35199999911,24649.68889721399,2,21.588461213671746,81797.35199999911,86792.54199999911,True,33.744755597671755,12.156294384000006
lamf-test-d2d7cb5f-b6d4-4643-85b6-7c5def471a4e,"{<resource_manager.instance.OnPremInstance object at 0x113cb7770>: [(4, 82517.7519999991, None)]}",304.94728314192844,152652.36945687002,82517.7519999991,24652.02557997899,1,220.91240717925317,82517.7519999991,103415.4299999991,True,254.81679996645317,33.9043927872
lamf-test-f4699487-e2f2-4f73-9c8b-3bed156050c7,"{<resource_manager.instance.CloudOnDemandInstance object at 0x113cd23f0>: [(1, 82667.9519999991, None)], <resource_manager.instance.CloudOnDemandInstance object at 0x113cb7b60>: [(2, 82667.9519999991, None)]}",295.77899706678875,152567.2403884008,82667.9519999991,24653.02557997899,2,302.02991030309886,83068.4879999991,152582.64038840082,False,,
lamf-test-f16665ee-edca-44bc-8667-81b0b7135bf5,"{<resource_manager.instance.OnPremInstance object at 0x113cb7770>: [(3, 83098.88799999909, None)]}",311.6491108609515,152526.66091021197,83098.88799999909,24657.529034331987,2,75.55982461548277,83098.88799999909,106522.61099999907,True,104.06181076188275,28.501986146399982
lamf-test-be2bbdb1-c4fd-4c6f-98ba-e30fc22c630e,"{<resource_manager.instance.OnPremInstance object at 0x113cb7770>: [(4, 83609.28799999908, None)]}",51.26544011550611,38727.21667323903,83609.28799999908,24658.529034331987,1,0.16279564985924336,83609.28799999908,83624.68799999908,False,,
lamf-test-301ed0a6-99cf-4eba-bab7-e5dbbca6ce7c,"{<resource_manager.instance.OnPremInstance object at 0x113cb7770>: [(4, 83669.28799999908, None)]}",322.7128466056759,152310.13737087912,83669.28799999908,24659.529034331987,3,178.48494029964246,83669.28799999908,113005.51899999907,True,226.08004147404245,47.59510117439998
lamf-test-c6c963f9-b511-4173-9da1-afb01f8ea9e8,"{<resource_manager.instance.OnPremInstance object at 0x113cb7770>: [(5, 83729.48799999908, None)]}",55.16582208546895,38912.69216073935,83729.48799999908,24660.529034331987,2,0.06162769304399561,83729.48799999908,83744.88799999907,False,,
lamf-test-fd3332ce-df25-4a32-8132-74451e729842,"{<resource_manager.instance.OnPremInstance object at 0x113cb7770>: [(5, 83789.48799999908, None)]}",314.3128283614734,152250.2677295642,83789.48799999908,24661.74603796299,1,249.31185382918844,83789.48799999908,102738.62999999907,True,287.7407138051884,38.428859975999984
lamf-test-ad16e952-0cca-41c7-9fd4-aa3d76092c2a,"{<resource_manager.instance.OnPremInstance object at 0x113cb7770>: [(2, 83819.48799999908, None)]}",295.4536471781582,152312.92251763152,83819.48799999908,24662.74603796299,1,155.89341866301626,83819.48799999908,112690.50999999909,True,179.31359170941627,23.42017304640001
lamf-test-991152cd-8fe7-4378-a610-0074b2c690c7,"{<resource_manager.instance.OnPremInstance object at 0x113cb7770>: [(4, 83969.68799999908, None)]}",88.26977600456904,55968.556351045525,83969.68799999908,24666.527917223488,1,0.16279564985924336,83969.68799999908,83985.08799999907,False,,
lamf-test-ffd1b71e-c754-457f-beb0-15002780a4cd,"{<resource_manager.instance.CloudOnDemandInstance object at 0x113cd23f0>: [(2, 83999.68799999908, None)]}",333.17802435465063,152210.09236264217,83999.68799999908,24668.78838315249,3,207.54674686331467,84400.22399999907,152225.4923626422,False,,
lamf-test-2044ce9f-358f-4536-9714-09641c49ba86,"{<resource_manager.instance.OnPremInstance object at 0x113cb7770>: [(3, 84431.22399999906, None)]}",48.79729657189927,38815.1618204074,84431.22399999906,24672.10767842349,2,0.049677043187284775,84431.22399999906,84446.62399999905,False,,
lamf-test-00d387e4-de4a-4f41-acfd-aaa44673560f,"{<resource_manager.instance.OnPremInstance object at 0x113cb7770>: [(2, 84461.22399999906, None)]}",98.67187509741939,55995.02156505811,84461.22399999906,24673.21936782549,3,0.046847669024242686,84461.22399999906,84476.62399999905,False,,
lamf-test-be918503-1360-4f36-b485-22f30f9e797e,"{<resource_manager.instance.OnPremInstance object at 0x113cb7770>: [(2, 84491.22399999906, None)]}",285.4277316494616,152925.3394461429,84491.22399999906,24674.21936782549,3,48.48395467335916,84491.22399999906,100429.11199999905,True,61.41276941895915,12.928814745599993
lamf-test-7e75828d-051b-4c5f-920b-c422e487e5af,"{<resource_manager.instance.OnPremInstance object at 0x113cb7770>: [(3, 84551.42399999905, None)]}",99.15520505278813,56136.84177308185,84551.42399999905,24675.21936782549,1,0.12297513118863707,84551.42399999905,84566.82399999905,False,,
lamf-test-163e5afc-c48a-4e5a-9de1-7c84bd3faaf7,"{<resource_manager.instance.OnPremInstance object at 0x113cb7770>: [(6, 84611.42399999905, None)]}",100.39270820446175,55861.01728719045,84611.42399999905,24676.40975381849,2,0.06655648787942382,84611.42399999905,84626.82399999905,False,,
lamf-test-ca0646aa-2851-4f2a-8895-2a2c8b5e84b5,"{<resource_manager.instance.OnPremInstance object at 0x113cb7770>: [(2, 84641.42399999905, None)]}",94.28001103179955,55803.744797563995,84641.42399999905,24677.60009424449,1,0.08315461251803077,84641.42399999905,84656.82399999905,False,,
lamf-test-85ef9298-5c31-4c16-9153-df2b312fad0a,"{<resource_manager.instance.OnPremInstance object at 0x113cb7770>: [(3, 84671.42399999905, None)]}",97.20592300310147,55821.10265262849,84671.42399999905,24680.52604922249,3,0.07027150353636404,84671.42399999905,84686.82399999905,False,,
lamf-test-ead8fa92-dd65-4aea-b802-324a84d102bb,"{<resource_manager.instance.OnPremInstance object at 0x113cb7770>: [(4, 84731.62399999905, None)]}",64.57300483587817,38855.4291077065,84731.62399999905,24682.479609541493,1,0.16279564985924336,84731.62399999905,84747.02399999904,False,,
lamf-test-b87c5197-7932-482c-81b3-61882a5ae41e,"{<resource_manager.instance.OnPremInstance object at 0x113cb7770>: [(2, 84761.62399999905, None)]}",46.96697712554091,38900.86328716959,84761.62399999905,24683.479609541493,3,0.046847669024242686,84761.62399999905,84777.02399999904,False,,
lamf-test-a45d60d7-4f78-42c1-a625-3f2365379d5f,"{<resource_manager.instance.OnPremInstance object at 0x113cb7770>: [(5, 84851.62399999905, None)]}",84.78789055156865,55774.675422012755,84851.62399999905,24684.479609541493,3,0.11711917256060674,84851.62399999905,84867.02399999904,False,,
lamf-test-68ac11d3-bedc-4a83-9d98-64a41fc6b97b,"{<resource_manager.instance.OnPremInstance object at 0x113cb7770>: [(2, 84911.82399999905, None)]}",92.68285924520144,55872.99420859841,84911.82399999905,24688.779684192494,2,0.04186443429931751,84911.82399999905,84927.22399999904,False,,
lamf-test-a0b5829d-4134-40de-ab3a-fd1ed034a5b9,"{<resource_manager.instance.OnPremInstance object at 0x113cb7770>: [(3, 84971.82399999905, None)]}",283.38611537295816,151993.37610984923,84971.82399999905,24690.760439523492,1,146.91961099703408,84971.82399999905,103370.35699999906,True,169.3069459514341,22.387334954400014
lamf-test-392c05ba-10be-4e78-a3a0-52bfeef6fc2d,"{<resource_manager.instance.OnPremInstance object at 0x113cb7770>: [(3, 85001.82399999905, None)]}",321.5347583668584,152556.24214653825,85001.82399999905,24691.760439523492,1,123.03325690166548,85001.82399999905,100409.10299999904,True,141.78083398886548,18.747577087199996
lamf-test-3db3ef42-5e5e-4b66-b377-23e8be44e0c4,"{<resource_manager.instance.OnPremInstance object at 0x113cb7770>: [(3, 85031.82399999905, None)]}",310.51400717904033,152187.65527549098,85031.82399999905,24692.88573508949,2,91.45354297377706,85031.82399999905,113382.63699999904,True,125.95081223217706,34.497269258399996
lamf-test-8638fd62-6efe-4c20-99a4-4066fa449bb7,"{<resource_manager.instance.OnPremInstance object at 0x113cb7770>: [(2, 85091.82399999905, None)]}",298.8839218054394,152424.69703679055,85091.82399999905,24693.88573508949,3,46.91544299946762,85091.82399999905,100514.10299999904,True,59.42599572426762,12.510552724799997
lamf-test-8d9e2b15-af68-4d53-96f3-d2ed88fe313d,"{<resource_manager.instance.OnPremInstance object at 0x113cb7770>: [(6, 85211.82399999905, None)]}",290.64783908667005,152248.96534659076,85211.82399999905,24694.88573508949,3,218.19696098562613,85211.82399999905,109120.75599999903,True,276.3817379008261,58.18477691519997
lamf-test-0c9d7093-d308-489f-9f7c-949564b43da8,"{<resource_manager.instance.OnPremInstance object at 0x113cb7770>: [(3, 85241.82399999905, None)]}",341.93839758920444,152212.91014278197,85241.82399999905,24696.755935278492,3,84.01201460187082,85241.82399999905,103653.05699999904,True,106.41480291627082,22.40278831439999
lamf-test-61ec6a0a-d66e-4c08-8b27-302f072141f8,"{<resource_manager.instance.OnPremInstance object at 0x113cb7770>: [(5, 85302.02399999904, None)]}",101.82362679709799,55928.029178279714,85302.02399999904,24697.755935278492,1,0.20261616852984965,85302.02399999904,85317.42399999904,False,,
lamf-test-8add939b-0d3e-460d-9871-cabe0ac805f6,"{<resource_manager.instance.OnPremInstance object at 0x113cb7770>: [(2, 85332.02399999904, None)]}",308.8827630823316,152223.7380399895,85332.02399999904,24700.09730017649,1,100.02275785230812,85332.02399999904,103855.95699999903,True,115.04937230190811,15.026614449599991
lamf-test-cfddfdef-fe2e-45ad-8560-6fe3d62d6b0a,"{<resource_manager.instance.OnPremInstance object at 0x113cb7770>: [(2, 85392.22399999904, None)]}",315.13941756268656,152804.9850687209,85392.22399999904,24702.30783797249,3,18.17813674043651,85392.22399999904,91367.83199999903,True,23.025549950036506,4.847413209599994
lamf-test-17816b27-b52b-478c-9ec4-0160430c532f,"{<resource_manager.instance.OnPremInstance object at 0x113cb7770>: [(3, 85422.22399999904, None)]}",105.18873887331532,55892.2004512823,85422.22399999904,24703.62467933549,1,0.12297513118863707,85422.22399999904,85437.62399999904,False,,
lamf-test-e53ad4a6-c56e-4dd1-b22c-a4f51924970e,"{<resource_manager.instance.OnPremInstance object at 0x113cb7770>: [(4, 85452.22399999904, None)]}",55.354429897570796,38937.419782938785,85452.22399999904,24705.08833643249,3,0.09369533804848537,85452.22399999904,85467.62399999904,False,,
lamf-test-ef516eeb-4aa2-4149-84fb-f2df08d8e508,"{<resource_manager.instance.OnPremInstance object at 0x113cb7770>: [(2, 85512.22399999904, None)]}",311.8946764585727,152431.29763905058,85512.22399999904,24706.21532351249,3,71.08076051410754,85512.22399999904,108878.24699999904,True,90.03527837170753,18.9545178576
lamf-test-b3e3f869-98f2-4ec8-bbf6-0c042404572c,"{<resource_manager.instance.CloudReservedInstance object at 0x113ebc290>: [(3, 85812.42399999904, None)], <resource_manager.instance.CloudOnDemandInstance object at 0x113cd23f0>: [(1, 85812.42399999904, None)]}",313.64851936596733,152876.62211889488,85812.42399999904,25278.08255779049,2,126.98064686130667,85812.42399999904,109977.03549844085,True,238.98362115658443,112.00297429527777
lamf-test-82c4ab04-3ecb-433b-af0f-ca823445bb19,"{<resource_manager.instance.OnPremInstance object at 0x113cb7770>: [(2, 85842.62399999904, None)]}",315.22781690787207,153166.81976410508,85842.62399999904,25303.98237128849,2,51.45204762356252,85842.62399999904,104769.46599999904,True,66.80550185396253,15.353454230400002
lamf-test-126e2855-07db-43fa-b439-d9b840b19bc8,"{<resource_manager.instance.OnPremInstance object at 0x113cb7770>: [(5, 86744.22399999901, None)]}",318.1127601463231,153609.21356263876,86744.22399999901,25855.46369972549,2,26.005753955671306,86744.22399999901,93242.740999999,True,39.184746431671286,13.178992475999983
lamf-test-48a10b5f-21dc-470f-9659-627dfd23c08d,"{<resource_manager.instance.OnPremInstance object at 0x113cb7770>: [(3, 86834.42399999901, None)]}",92.04085175874731,57178.89591106907,86834.42399999901,25877.26122650249,1,0.12297513118863707,86834.42399999901,86849.823999999,False,,
lamf-test-e15b5aaf-9b3e-4030-9089-2acfa9cb2d3e,"{<resource_manager.instance.OnPremInstance object at 0x113cb7770>: [(5, 88667.22399999897, None)]}",97.31114029433286,57049.69767760104,88667.22399999897,25881.119257735492,3,0.11711917256060674,88667.22399999897,88682.62399999896,False,,
lamf-test-66cd8497-ae77-462b-b793-0f387087c6da,"{<resource_manager.instance.OnPremInstance object at 0x113cb7770>: [(6, 88757.62399999896, None)]}",301.4980639885899,153790.03093559883,88757.62399999896,25894.344183730493,2,64.47106566539246,88757.62399999896,103675.09399999896,True,100.77422065739246,36.303154992
lamf-test-001a4b71-83f9-4df6-aec9-864db3283caa,"{<resource_manager.instance.OnPremInstance object at 0x113cb7770>: [(2, 88818.22399999895, None)]}",48.99000092192328,39912.006620337146,88818.22399999895,25901.068961200494,3,0.046847669024242686,88818.22399999895,88833.62399999895,False,,
lamf-test-48b882cf-9036-46be-bc48-393458a804a5,"{<resource_manager.instance.OnPremInstance object at 0x113cb7770>: [(3, 89298.82399999895, None)]}",302.75177020472233,153296.5876426529,89298.82399999895,25909.758973840493,1,147.12244010951395,89298.82399999895,107722.75699999894,True,169.54068178391393,22.41824167439999
lamf-test-41abfa7b-4d2e-4f8d-8223-ac01154402e5,"{<resource_manager.instance.OnPremInstance object at 0x113cb7770>: [(5, 89779.02399999894, None)]}",281.0110578746165,154270.5606927369,89779.02399999894,26458.159911844494,1,137.68938299490455,89779.02399999894,100244.21299999894,True,158.91278628690455,21.223403291999997
lamf-test-f7a44344-fc5e-4a49-a1d7-2ef5e757b2cc,"{<resource_manager.instance.OnPremInstance object at 0x113cb7770>: [(5, 89839.02399999894, None)]}",58.088742770112894,40607.4334089951,89839.02399999894,26460.123776611494,1,0.20261616852984965,89839.02399999894,89854.42399999894,False,,
lamf-test-19bc22b3-fa83-4e8f-80ba-b5e9bf28dfd3,"{<resource_manager.instance.CloudOnDemandInstance object at 0x113cd2780>: [(3, 89869.02399999894, None)]}",295.4218339024769,154367.34274403198,89869.02399999894,26461.123776611494,3,294.3815594069498,90269.55999999894,154382.742744032,False,,
lamf-test-6849d36d-a755-4e76-b818-c17b557c62c1,"{<resource_manager.instance.OnPremInstance object at 0x113cb7770>: [(3, 90299.75999999893, None)]}",39.636907285102794,40733.66043282557,90299.75999999893,26477.642541617493,2,0.049677043187284775,90299.75999999893,90315.15999999893,False,,
lamf-test-2655d61c-0fa6-49c7-9b40-d21f2644dd36,"{<resource_manager.instance.OnPremInstance object at 0x113cb7770>: [(4, 90329.75999999893, None)]}",98.54453325124068,57636.60205309364,90329.75999999893,26479.347118343492,3,0.09369533804848537,90329.75999999893,90345.15999999893,False,,
lamf-test-99025f0c-24c1-4390-aabb-11e1215ca402,"{<resource_manager.instance.OnPremInstance object at 0x113cb7770>: [(4, 90389.95999999893, None)]}",311.1930919467007,153901.0895768026,90389.95999999893,26481.729235025494,1,147.11496144193475,90389.95999999893,104306.61199999893,True,169.69333764673476,22.5783762048
lamf-test-5092ef74-6b46-43b7-99dd-8d0710db91b8,"{<resource_manager.instance.OnPremInstance object at 0x113cb7770>: [(2, 90419.95999999893, None)]}",322.80175063254035,154326.63863680317,90419.95999999893,26485.319579918494,2,22.97556309995219,90419.95999999893,98871.61299999894,True,29.831544013552193,6.855980913600004
lamf-test-6620de74-3135-4711-a32d-634f822e03d2,"{<resource_manager.instance.OnPremInstance object at 0x113cb7770>: [(4, 90449.95999999893, None)]}",98.27879946704434,57620.557054580466,90449.95999999893,26486.683902266494,3,0.09369533804848537,90449.95999999893,90465.35999999892,False,,
lamf-test-7ebc6423-600b-435f-a9e9-a2b0849ab334,"{<resource_manager.instance.OnPremInstance object at 0x113cb7770>: [(2, 90509.95999999893, None)]}",316.11199289564274,154581.11861925313,90509.95999999893,26490.202304687493,3,42.44992623013156,90509.95999999893,104464.31199999893,True,53.76969657253156,11.319770342399998
lamf-test-bd57b50e-03ca-4810-aec9-f7f4669d252f,"{<resource_manager.instance.OnPremInstance object at 0x113cb7770>: [(6, 90660.15999999893, None)]}",70.84381642365693,40490.60109342327,90660.15999999893,26492.411675366493,3,0.14054300707272807,90660.15999999893,90675.55999999892,False,,
lamf-test-a4fb3475-0825-4c5b-85c8-d701cc8e051a,"{<resource_manager.instance.OnPremInstance object at 0x113cb7770>: [(3, 90720.35999999892, None)]}",101.67173585300391,57524.23354747104,90720.35999999892,26495.497000094492,2,0.049677043187284775,90720.35999999892,90735.75999999892,False,,
lamf-test-e78e1cc2-6e29-4c61-bc91-985e5bc2f3d3,"{<resource_manager.instance.OnPremInstance object at 0x113cb7770>: [(2, 90750.55999999892, None)]}",302.016014841831,154245.20545942357,90750.55999999892,26496.497000094492,2,39.24617005344852,90750.55999999892,105187.42099999891,True,50.957351696648516,11.71118164319999
lamf-test-40e901f4-82e9-4267-8389-b0ffba33f220,"{<resource_manager.instance.OnPremInstance object at 0x113cb7770>: [(2, 90780.55999999892, None)]}",288.17880631872265,154416.64605553547,90780.55999999892,26500.68486813049,3,71.10418434861961,90780.55999999892,114154.2829999989,True,90.0649484462196,18.960764097599988
lamf-test-6b1442b6-bf8d-43ee-9a7c-ebfe1af3d782,"{<resource_manager.instance.OnPremInstance object at 0x113cb7770>: [(6, 91381.35999999891, None)]}",47.933135757937364,40708.41291566999,91381.35999999891,26501.68486813049,3,0.14054300707272807,91381.35999999891,91396.7599999989,False,,
lamf-test-c274bdfc-8db1-4605-b2d9-a7aecde8c778,"{<resource_manager.instance.OnPremInstance object at 0x113cb7770>: [(6, 91441.35999999891, None)]}",265.46601281858847,154396.13970134768,91441.35999999891,26510.34561128549,1,180.42023340177965,91441.35999999891,102901.96699999891,True,208.31076659697968,27.89053319520001
lamf-test-d82e7cf7-6019-488e-8e11-17029d37b11e,"{<resource_manager.instance.CloudOnDemandInstance object at 0x113cb7b60>: [(4, 92102.3599999989, None)]}",58.17814683116276,40453.78918834527,92102.3599999989,26511.34561128549,1,2.962912667629892,92502.89599999889,92518.29599999888,False,,
lamf-test-bb0f8113-f05a-4407-a64f-cf580915278f,"{<resource_manager.instance.OnPremInstance object at 0x113cb7770>: [(3, 92773.29599999888, None)]}",55.45396955229691,41127.03048441293,92773.29599999888,27061.28116877649,1,0.12297513118863707,92773.29599999888,92788.69599999888,False,,
lamf-test-b5a60c8a-d1f9-478b-ae9a-509c17955932,"{<resource_manager.instance.OnPremInstance object at 0x113cb7770>: [(2, 92803.29599999888, None)]}",324.40240962171197,154672.68981565037,92803.29599999888,27062.51095515249,3,34.78776180698153,92803.29599999888,104238.90299999889,True,44.06432620538153,9.276564398400003
lamf-test-9a7f6ef4-eca1-47fa-bd17-e85ad4733068,"{<resource_manager.instance.OnPremInstance object at 0x113cb7770>: [(2, 92833.29599999888, None)]}",78.08322369616431,58098.734182721644,92833.29599999888,27063.51095515249,3,0.046847669024242686,92833.29599999888,92848.69599999888,False,,
lamf-test-1427c66a-6963-488b-ab08-8c64fb5d9b94,"{<resource_manager.instance.OnPremInstance object at 0x113cb7770>: [(2, 92863.29599999888, None)]}",298.2879652023477,154824.7553294838,92863.29599999888,27065.121982566492,3,48.468744391208425,92863.29599999888,108796.18399999887,True,61.39350313680842,12.924758745599993
lamf-test-2ac6e5ae-946b-4f89-bc34-4a9884f2cfe6,"{<resource_manager.instance.OnPremInstance object at 0x113cb7770>: [(5, 92953.29599999888, None)]}",95.77075929852428,58154.221767749725,92953.29599999888,27080.13756081349,2,0.06162769304399561,92953.29599999888,92968.69599999888,False,,
lamf-test-9ae48453-c026-4d89-8443-e59c272cd1c1,"{<resource_manager.instance.OnPremInstance object at 0x113cb7770>: [(3, 93013.49599999888, None)]}",49.958054880775016,41253.00061599751,93013.49599999888,27081.13756081349,3,0.07027150353636404,93013.49599999888,93028.89599999887,False,,
lamf-test-149ce9f5-0d8c-4297-a44f-d357e4f39148,"{<resource_manager.instance.CloudReservedInstance object at 0x113cd2520>: [(1, 93043.49599999888, None)], <resource_manager.instance.CloudOnDemandInstance object at 0x113cd2780>: [(1, 93043.49599999888, None)]}",300.3994249069391,154522.38854604718,93043.49599999888,27084.10748821949,2,217.90424586226044,93043.49599999888,154537.7885460472,False,,
lamf-test-69f48fe6-1e8c-4fc5-9c19-482eb942f9fa,"{<resource_manager.instance.OnPremInstance object at 0x113cb7770>: [(5, 93073.69599999888, None)]}",98.65433601246767,58407.542668265974,93073.69599999888,27085.399861099493,1,0.20261616852984965,93073.69599999888,93089.09599999887,False,,
lamf-test-40d5168b-a00e-400f-be31-0989d001eb8a,"{<resource_manager.instance.OnPremInstance object at 0x113cb7770>: [(5, 93193.89599999887, None)]}",309.100009518621,154754.708659547,93193.89599999887,27093.289266967495,1,307.62164263442065,93193.89599999887,116574.91899999886,True,355.0383572784206,47.41671464399997
lamf-test-24897bbd-5428-45bb-8605-42c32b3705e5,"{<resource_manager.instance.OnPremInstance object at 0x113cb7770>: [(4, 93223.89599999887, None)]}",286.04299928912167,154899.10686196075,93223.89599999887,27094.289266967495,1,168.27031956802787,93223.89599999887,109141.78399999886,True,194.09550105922784,25.825181491199984
lamf-test-9e35d55c-f665-44e0-9363-3dbcea008e08,"{<resource_manager.instance.OnPremInstance object at 0x113cb7770>: [(5, 93734.89599999886, None)]}",86.26069651046296,60788.87724614849,93734.89599999886,29507.351218859494,1,0.20261616852984965,93734.89599999886,93750.29599999885,False,,
lamf-test-d25e5772-26d6-4d1a-8442-10078b0905a7,"{<resource_manager.instance.CloudOnDemandInstance object at 0x113eb96d0>: [(1, 93764.89599999886, None)], <resource_manager.instance.CloudOnDemandInstance object at 0x113eb91d0>: [(1, 93764.89599999886, None)], <resource_manager.instance.CloudOnDemandInstance object at 0x113cb7b60>: [(1, 93764.89599999886, None)]}",48.70139863364064,43513.1711383363,93764.89599999886,29510.842648568494,2,1.8719869557988906,94165.43199999885,94180.83199999885,False,,
lamf-test-9b398170-0f91-43dd-888b-ca47a69e7be6,"{<resource_manager.instance.OnPremInstance object at 0x113cb7770>: [(5, 94436.23199999884, None)]}",66.9431854355246,50132.19543599008,94436.23199999884,36062.74650975849,1,0.20261616852984965,94436.23199999884,94451.63199999883,False,,
lamf-test-5aa93d3d-910f-451f-93e3-8a493339688f,"{<resource_manager.instance.CloudOnDemandInstance object at 0x113eb96d0>: [(1, 94466.23199999884, None)], <resource_manager.instance.CloudOnDemandInstance object at 0x113eb91d0>: [(1, 94466.23199999884, None)]}",113.0038570701071,67431.59789253179,94466.23199999884,36102.10148589249,1,1.08604983902448,94866.76799999883,94882.16799999883,False,,
