,instances,budget,deadline,sched_start_time,submit_time,software_id,license_cost,exec_start_time,finish_time,complete,cost,hardware_cost
lamf-test-ce4837ee-c9b5-4728-816b-793fbe63012e,"{<resource_manager.instance.OnPremInstance object at 0x11cc07770>: [(5, 30, None)]}",64.81020493737797,14109.368596154949,30,1.0,1,52.26499855502318,30,4002.4419999999996,True,60.321110931023185,8.056112375999998
lamf-test-fdbe52b3-5ac4-4817-bbd7-3ee39ada2008,"{<resource_manager.instance.OnPremInstance object at 0x11cc07770>: [(3, 60, None)]}",309.54978900857253,127496.6837643041,60,11.446095223,1,182.2921007049058,60,22888.17935398863,True,210.0694293428392,27.77732863793337
lamf-test-312a25ed-966e-4a84-89af-21712bfc7175,"{<resource_manager.instance.OnPremInstance object at 0x11cc07770>: [(4, 1200.2, None)]}",330.5774711754339,128533.4030870938,1200.2,1175.4480250509998,1,105.04843866453722,1200.2,11137.48,True,121.1706817365372,16.122243071999996
lamf-test-6d60a076-8aec-42f5-ae5c-3923b3793c72,"{<resource_manager.instance.OnPremInstance object at 0x11cc07770>: [(5, 1230.2, None)]}",295.26855467250385,128831.09175433818,1230.2,1211.4230183649997,1,294.06454217050725,1230.2,23580.805,True,339.39156911050725,45.327026939999996
lamf-test-f42e0220-9054-4dba-814a-9d6b93e25e15,"{<resource_manager.instance.OnPremInstance object at 0x11cc07770>: [(2, 6600.999999999999, None)]}",293.5168981771201,134360.77665863623,6600.999999999999,6573.932867977,3,46.908446269678294,6600.999999999999,22020.979,True,59.41713323447829,12.508686964799999
lamf-test-c2212f64-c788-46d9-9572-57170e08d2ac,"{<resource_manager.instance.OnPremInstance object at 0x11cc07770>: [(4, 6630.999999999999, None)]}",57.825321252479114,20764.671701352047,6630.999999999999,6601.928430979,3,10.548604456612676,6630.999999999999,8364.795,True,13.361513464612678,2.8129090080000014
lamf-test-0aa73555-99c3-40be-a09f-6bf3df006265,"{<resource_manager.instance.OnPremInstance object at 0x11cc07770>: [(6, 6660.999999999999, None)]}",310.4901833144852,134483.13646812298,6660.999999999999,6631.718413141,3,144.97091489847134,6660.999999999999,22546.188,True,183.62910841527133,38.6581935168
lamf-test-761a035c-9b31-431d-b128-35fe1a248496,"{<resource_manager.instance.OnPremInstance object at 0x11cc07770>: [(4, 6691.199999999999, None)]}",281.9460745575701,134593.9928443346,6691.199999999999,6632.718413141,1,261.20393938702557,6691.199999999999,31400.340999999997,True,301.2920497454256,40.088110358399994
lamf-test-c947c209-c0e1-414b-aa78-1430406df6ae,"{<resource_manager.instance.OnPremInstance object at 0x11cc07770>: [(2, 6721.199999999999, None)]}",91.00759406898061,37678.53491239464,6721.199999999999,6633.718413141,3,22.125515248307853,6721.199999999999,13994.409999999998,True,28.02554320030785,5.900027951999999
lamf-test-1b5247ff-56d3-4066-aafc-ee4137f1169c,"{<resource_manager.instance.OnPremInstance object at 0x11cc07770>: [(3, 7231.399999999999, None)]}",98.97570184637311,38558.50390645476,7231.399999999999,7201.6904132340005,3,31.092950034223122,7231.399999999999,14045.419999999996,True,39.38424957022312,8.291299535999999
lamf-test-a35e3102-219f-4336-95ce-4d87e6b5e69c,"{<resource_manager.instance.OnPremInstance object at 0x11cc07770>: [(6, 7261.399999999999, None)]}",88.24903114605627,38423.02510579974,7261.399999999999,7214.602330251,3,45.675728952772076,7261.399999999999,12266.318,True,57.85569739757208,12.179968444800002
lamf-test-8d2ae00d-f906-47ac-81a5-138a54772bef,"{<resource_manager.instance.OnPremInstance object at 0x11cc07770>: [(2, 7291.399999999999, None)]}",310.3508838593914,135024.90301756546,7291.399999999999,7216.367083404,3,39.79506882652672,7291.399999999999,20373.033999999996,True,50.40689032732672,10.611821500799998
lamf-test-b41bc5e6-51fb-4710-b8ea-caebbe600cb8,"{<resource_manager.instance.OnPremInstance object at 0x11cc07770>: [(6, 7801.5999999999985, None)]}",308.5846884800438,135874.63801434214,7801.5999999999985,7774.424258211,2,21.81224227769187,7801.5999999999985,12848.569,True,34.09454603609187,12.282303758400003
lamf-test-8a5bf643-d5be-430a-ac2f-d8a1f25fa6d3,"{<resource_manager.instance.OnPremInstance object at 0x11cc07770>: [(3, 7831.5999999999985, None)]}",322.3613792231315,135486.94874673436,7831.5999999999985,7779.789882924,2,40.13203481943657,7831.5999999999985,20272.625,True,55.27027403943657,15.138239220000003
lamf-test-cbef53e7-aa65-412f-b9a4-02aefd0bda1b,"{<resource_manager.instance.OnPremInstance object at 0x11cc07770>: [(2, 7861.5999999999985, None)]}",89.7921856815224,39042.535514567266,7861.5999999999985,7793.806486782,1,35.71339417446193,7861.5999999999985,14475.619999999997,True,41.07868719846193,5.365293023999999
lamf-test-decf70b3-3bab-4cf4-b55a-9508b27560e7,"{<resource_manager.instance.OnPremInstance object at 0x11cc07770>: [(3, 7891.799999999998, None)]}",317.6420201174764,135363.87064317364,7891.799999999998,7794.806486782,2,76.61562307231428,7891.799999999998,31642.823,True,105.51586785871427,28.900244786400002
lamf-test-1faee22d-4d95-436a-a021-6148365dd51b,"{<resource_manager.instance.OnPremInstance object at 0x11cc07770>: [(2, 8402.4, None)]}",300.8642397517245,135790.69751497012,8402.4,8375.261158069,3,75.5919081298958,8402.4,33251.35,True,95.7493763698958,20.157468239999996
lamf-test-585c2356-1279-476b-b41a-cbdb8ebd0ee3,"{<resource_manager.instance.OnPremInstance object at 0x11cc07770>: [(4, 8432.4, None)]}",290.6639501784463,135956.93264526993,8432.4,8383.046916889001,2,72.30890453693907,8432.4,28285.696,True,104.51889196733907,32.209987430400005
lamf-test-17aa2292-304e-4763-ab73-533f31d66f3d,"{<resource_manager.instance.OnPremInstance object at 0x11cc07770>: [(5, 8462.4, None)]}",100.9864715008785,39555.91911028548,8462.4,8386.186620337001,2,14.09879944197868,8462.4,11985.516,True,21.24367868997868,7.144879248
lamf-test-17be3ad6-6cd4-4c64-93c6-3fc4d170d157,"{<resource_manager.instance.OnPremInstance object at 0x11cc07770>: [(2, 8492.4, None)]}",64.77903730143166,22379.23933032035,8492.4,8404.867310905001,2,10.574890860737371,8492.4,12382.416000000001,True,13.730471839937373,3.155580979200001
lamf-test-410c24b3-e037-404b-8fa3-3b9be7b4adaa,"{<resource_manager.instance.OnPremInstance object at 0x11cc07770>: [(5, 8522.4, None)]}",105.56808496111117,39566.23358393628,8522.4,8409.576758812002,3,17.084128070575723,8522.4,10768.792000000001,True,21.639811046575726,4.555682976000003
lamf-test-dbfc6e86-f385-4c1b-a2d1-36902c12232e,"{<resource_manager.instance.OnPremInstance object at 0x11cc07770>: [(2, 8552.6, None)]}",332.81097832014945,136210.68035100904,8552.6,8410.576758812002,3,64.05043121149897,8552.6,29607.578000000005,True,81.13022936509898,17.079798153600002
lamf-test-ee649544-0852-4484-9313-a2ec39aaf5e5,"{<resource_manager.instance.OnPremInstance object at 0x11cc07770>: [(4, 8582.6, None)]}",94.51083597672981,39452.277043766895,8582.6,8421.924462632001,1,48.9730119400715,8582.6,13215.306000000002,True,56.4891141544715,7.516102214400003
lamf-test-3e8d9edc-8d07-4ff0-a6aa-1b9473f39dae,"{<resource_manager.instance.OnPremInstance object at 0x11cc07770>: [(5, 9003.000000000002, None)]}",46.55013787044631,23163.858536356383,9003.000000000002,8976.980676677002,1,67.17724595026237,9003.000000000002,14108.859000000002,True,77.53192800226238,10.354682052
lamf-test-8daeea4f-cbbf-4fb6-b9f3-5857c1ab865e,"{<resource_manager.instance.OnPremInstance object at 0x11cc07770>: [(4, 9033.000000000002, None)]}",56.56222725445129,23209.173367080424,9033.000000000002,8988.784264697002,1,36.81363571374249,9033.000000000002,12515.464000000002,True,42.46358530734249,5.6499495936
lamf-test-665b3cd3-6953-4941-a220-b425974f248a,"{<resource_manager.instance.OnPremInstance object at 0x11cc07770>: [(3, 9063.200000000003, None)]}",295.24467469152273,136566.0324191253,9063.200000000003,8992.096470596001,3,56.87303216974674,9063.200000000003,21526.925000000003,True,72.03889274974675,15.165860580000002
lamf-test-7b6d3b7a-f2bc-4206-bf5c-c8e1aaff27be,"{<resource_manager.instance.OnPremInstance object at 0x11cc07770>: [(3, 9093.200000000003, None)]}",57.77199384513077,23175.409207031465,9093.200000000003,8998.566998327002,2,3.774906899290799,9093.200000000003,10263.430000000004,True,5.1988427632908,1.4239358640000017
lamf-test-e86f1528-c4b7-428d-9220-137c2eee5f81,"{<resource_manager.instance.OnPremInstance object at 0x11cc07770>: [(5, 9123.200000000003, None)]}",291.443531643958,136938.59549103407,9123.200000000003,8999.566998327002,2,92.51562885882164,9123.200000000003,32241.714,True,139.39997525082163,46.88434639199999
lamf-test-905b51bb-7f4b-480b-babc-216c95cb3e5c,"{<resource_manager.instance.OnPremInstance object at 0x11cc07770>: [(4, 9153.200000000003, None)]}",76.07511246679637,23154.770162480156,9153.200000000003,9017.858779650001,3,16.87671457905545,9153.200000000003,11927.099000000004,True,21.377088316655453,4.500373737600002
lamf-test-d53de693-fd3a-47ec-b96e-28dcf292d471,"{<resource_manager.instance.OnPremInstance object at 0x11cc07770>: [(4, 9183.200000000003, None)]}",82.04480128359563,40181.67504337522,9183.200000000003,9018.858779650001,2,27.634155162825337,9183.200000000003,16770.496000000003,True,39.94378419322534,12.3096290304
lamf-test-d608e81f-e921-488f-9511-ac29f6be8717,"{<resource_manager.instance.OnPremInstance object at 0x11cc07770>: [(4, 9603.800000000005, None)]}",290.8535591080783,137612.431269609,9603.800000000005,9578.2857284015,3,54.37287702486882,9603.800000000005,18540.662000000008,True,68.87204193366883,14.499164908800005
lamf-test-794e981d-7b48-479b-88a9-08c76168b3f4,"{<resource_manager.instance.OnPremInstance object at 0x11cc07770>: [(2, 9634.000000000005, None)]}",55.43753343799916,23760.01400145288,9634.000000000005,9582.273984826,3,12.23836033158415,9634.000000000005,13657.055000000006,True,15.50186254758415,3.263502216
lamf-test-d89dd74a-ca32-43e3-9fdb-057b16e15c3a,"{<resource_manager.instance.OnPremInstance object at 0x11cc07770>: [(2, 9664.000000000005, None)]}",52.589033620058174,23792.12709646701,9664.000000000005,9584.222461903,1,35.06533896113774,9664.000000000005,16158.002000000008,True,40.333273383537744,5.2679344224000015
lamf-test-9d73df9e-a4e9-43ed-b3cd-731892da568c,"{<resource_manager.instance.OnPremInstance object at 0x11cc07770>: [(6, 9694.000000000005, None)]}",116.24356079750007,40702.73739937984,9694.000000000005,9586.886620561001,3,27.554545883184613,9694.000000000005,12713.28936514996,True,34.90228848221354,7.34774259902893
lamf-test-700b88cb-1fe1-443f-85f3-4e83586778d7,"{<resource_manager.instance.OnPremInstance object at 0x11cc07770>: [(2, 9724.200000000006, None)]}",323.88597973304996,136866.5841143017,9724.200000000006,9588.821495347001,1,169.92141280705758,9724.200000000006,41193.167,True,195.44903883745758,25.527626030399997
lamf-test-cacf2328-5a7f-4177-ad3a-d6767db7f233,"{<resource_manager.instance.OnPremInstance object at 0x11cc07770>: [(5, 9754.400000000007, None)]}",299.34289693362723,137524.98353287354,9754.400000000007,9600.493072774001,2,65.82196578404209,9754.400000000007,26202.497000000007,True,99.1787065000421,33.356740716
lamf-test-76901c5b-cc70-4a21-8b6a-aa4aa3dedd24,"{<resource_manager.instance.OnPremInstance object at 0x11cc07770>: [(2, 9784.400000000007, None)]}",295.82083300729096,136910.16116060218,9784.400000000007,9606.4019723345,2,26.22527078314961,9784.400000000007,19431.47100000001,True,34.05097477834961,7.825703995200001
lamf-test-c0570041-d32e-4e8b-8d2d-a250dfe399fc,"{<resource_manager.instance.OnPremInstance object at 0x11cc07770>: [(5, 9814.600000000008, None)]}",309.1917473885502,137449.47162669408,9814.600000000008,9617.491815676001,1,367.24712084569165,9814.600000000008,37727.50400000001,True,423.85449015769166,56.607369312
lamf-test-ca7252f0-85f2-4005-896c-fb17b2f26952,"{<resource_manager.instance.OnPremInstance object at 0x11cc07770>: [(6, 9844.800000000008, None)]}",304.02222934164064,137616.49549369974,9844.800000000008,9619.841380861002,1,359.68967967145807,9844.800000000008,32692.914000000015,True,415.29284990185806,55.603170230400025
lamf-test-0ae28a41-e363-4bde-bdce-50f826df3b42,"{<resource_manager.instance.OnPremInstance object at 0x11cc07770>: [(4, 9874.800000000008, None)]}",87.69850691765791,40899.46630840724,9874.800000000008,9621.673915978003,3,48.109769564225395,9874.800000000008,17782.242000000006,True,60.93880346502539,12.829033900799995
lamf-test-9da27dae-e6dc-4f47-b706-a6e8a3713464,"{<resource_manager.instance.CloudReservedInstance object at 0x11ce30290>: [(6, 9905.00000000001, None)]}",296.9549680882063,137387.40457222072,9905.00000000001,9622.753350952004,3,64.99725275044442,9905.00000000001,17027.073970129957,True,111.67817438026415,46.68092162981973
lamf-test-50c28631-c9b3-47d9-9e36-b5f64438ea4d,"{<resource_manager.instance.OnPremInstance object at 0x11cc07770>: [(6, 9935.20000000001, None)]}",57.792712238435485,23518.167149410336,9935.20000000001,9627.426425053003,3,34.9792405530822,9935.20000000001,13768.050283603992,True,44.30686500326085,9.327624450178652
lamf-test-6ea3ccb6-5ec7-474a-bd76-4c0b7e74a8fd,"{<resource_manager.instance.CloudReservedInstance object at 0x11ce2d310>: [(4, 10206.200000000013, None)]}",318.43627200467716,137680.00488951817,10206.200000000013,10184.262724159003,3,132.92554623904115,10206.200000000013,53902.150187428815,True,191.5130762503457,58.587530011304544
lamf-test-f6a7b87b-3fe2-4927-871e-a0cac1bfa236,"{<resource_manager.instance.OnPremInstance object at 0x11cc07770>: [(3, 10236.200000000013, None)]}",80.84812600328213,41497.20263830576,10236.200000000013,10191.092451640003,3,37.71252566735112,10236.200000000013,18500.900000000012,True,47.769012627351124,10.056486959999999
lamf-test-01aed4d0-4ac3-4934-b29d-300b9eb1cf38,"{<resource_manager.instance.CloudReservedInstance object at 0x11ce2d310>: [(2, 10266.200000000013, None)], <resource_manager.instance.CloudReservedInstance object at 0x11ce2d090>: [(4, 10266.200000000013, None)]}",48.38806555130056,24562.165895333073,10266.200000000013,10198.574664508003,3,6.264517584359817,10266.200000000013,12031.31732250174,True,10.29463345509576,4.030115870735942
lamf-test-f035cec5-13b9-4feb-9d16-93fce26c2cc2,"{<resource_manager.instance.CloudReservedInstance object at 0x11ce2d090>: [(2, 10296.400000000014, None)], <resource_manager.instance.CloudReservedInstance object at 0x11cc222c0>: [(1, 10296.400000000014, None)]}",59.50673849065216,24406.583996776797,10296.400000000014,10199.574664508003,2,30.30837812656361,10296.400000000014,18402.47596750962,True,41.601763164497996,11.293385037934385
lamf-test-7dc86417-03bf-4f7d-b2cc-4f303d7c708b,"{<resource_manager.instance.OnPremInstance object at 0x11cc07770>: [(4, 10326.400000000014, None)]}",122.20824587768153,41549.03872219742,10326.400000000014,10210.380850640004,2,12.813545619522214,10326.400000000014,13844.516000000014,True,18.521337017922214,5.7077913983999995
lamf-test-6e11c3c3-b9bf-4aa2-897f-6c03a891a9cd,"{<resource_manager.instance.CloudReservedInstance object at 0x11cc222c0>: [(5, 10356.400000000014, None)]}",323.10613238146993,137846.83436444745,10356.400000000014,10212.240605303004,3,440.86083364087744,10356.400000000014,68325.19101543899,True,610.9412664801754,170.08043283929794
lamf-test-c5a6ffed-1196-4516-a2cc-67f21c8eb5f5,"{<resource_manager.instance.CloudReservedInstance object at 0x11cc07cb0>: [(2, 10386.400000000014, None)]}",321.906162634098,137927.10902384084,10386.400000000014,10227.758112983005,2,54.167177315164714,10386.400000000014,34030.46855409592,True,88.32812756212248,34.16095024695776
lamf-test-6718dd63-82fd-49d3-b154-c2385c7724e4,"{<resource_manager.instance.CloudReservedInstance object at 0x11cc07cb0>: [(4, 10416.400000000014, None)]}",53.92864783453742,24334.017728700303,10416.400000000014,10231.258586939006,1,28.58663099666502,10416.400000000014,14429.413640304088,True,40.18263521168767,11.596004215022653
lamf-test-93fc33e5-0604-48d1-8efe-1dfc9145e379,"{<resource_manager.instance.CloudReservedInstance object at 0x11cc22520>: [(1, 10446.600000000015, None)], <resource_manager.instance.CloudOnDemandInstance object at 0x11cc22780>: [(4, 10446.600000000015, None)]}",318.63019504491797,137950.13599829804,10446.600000000015,10234.904955056007,1,850.224479072799,10446.600000000015,80758.56022219016,True,1554.1597000332779,703.9352209604789
lamf-test-561c40aa-4fd2-4142-aa20-b41c53e185e4,"{<resource_manager.instance.CloudOnDemandInstance object at 0x11cc22780>: [(2, 10476.800000000016, None)]}",92.22367706149063,41513.16014900213,10476.800000000016,10235.904955056007,2,45.772252998282774,10877.336000000016,27314.30677564465,True,120.86079821494761,75.08854521666483
lamf-test-d81c27cf-4838-43c5-ac8d-f0f7d5a86a71,"{<resource_manager.instance.CloudOnDemandInstance object at 0x11cc22780>: [(4, 10908.33600000002, None)]}",313.16578296695053,138488.26173946567,10908.33600000002,10777.161107619007,3,253.32837494412462,11308.87200000002,52546.021026753704,False,,
lamf-test-92b10550-cff6-47f7-a077-4b4db1587046,"{<resource_manager.instance.CloudOnDemandInstance object at 0x11ce2d6d0>: [(4, 11340.672000000026, None)]}",81.64667311738593,41910.97189223871,11340.672000000026,10778.837285931008,2,36.42826634312453,11741.208000000026,24740.95582261103,False,,
lamf-test-29b14cf4-c2e0-462e-a5b2-16a34ab23f1f,"{<resource_manager.instance.CloudOnDemandInstance object at 0x11ce2d6d0>: [(2, 11772.808000000032, None)]}",89.42960233211319,41863.03005186797,11772.808000000032,10782.619750464008,3,45.791500573226756,12173.344000000032,41878.43005186797,False,,
lamf-test-0ee3ab93-6383-46f5-aeca-265dafdbd84c,"{<resource_manager.instance.CloudReservedInstance object at 0x11ce2d310>: [(2, 12204.544000000036, None)], <resource_manager.instance.CloudReservedInstance object at 0x11ce2d090>: [(3, 12204.544000000036, None)]}",39.66592451958817,24912.524412945248,12204.544000000036,10783.619750464008,3,15.309937478809122,12204.544000000036,17237.303197721565,True,24.771524770525595,9.461587291716475
lamf-test-3484ce7d-9fee-4f95-9c2d-f871cc58413f,"{<resource_manager.instance.CloudReservedInstance object at 0x11ce2d090>: [(1, 12234.744000000037, None)], <resource_manager.instance.CloudOnDemandInstance object at 0x11ce2d6d0>: [(2, 12234.744000000037, None)]}",280.48808000057255,138520.59732722116,12234.744000000037,10790.893883083008,3,256.1436932131136,12234.744000000037,138535.99732722118,False,,
lamf-test-0ab21652-7e84-40ef-afc1-d04cb7c18425,"{<resource_manager.instance.OnPremInstance object at 0x11cc07770>: [(2, 12264.744000000037, None)]}",99.9394489602227,42063.92279839452,12264.744000000037,10795.256480230008,3,12.214379800745304,12264.744000000037,16279.916000000037,True,15.471487327145304,3.2571075264000005
lamf-test-107c896d-ee0f-4ca2-89f1-19c67b8002a2,"{<resource_manager.instance.CloudOnDemandInstance object at 0x11ce2d6d0>: [(2, 12294.744000000037, None)]}",98.1671155759394,42606.23230356224,12294.744000000037,11378.603021815008,3,26.14722580303579,12695.280000000037,29485.237604205922,True,50.92904138285899,24.7818155798232
lamf-test-34f82a8b-288c-437f-910d-553d4a2c7dfc,"{<resource_manager.instance.OnPremInstance object at 0x11cc07770>: [(2, 12726.28000000004, None)]}",332.1651620956545,139183.58943592303,12726.28000000004,11389.213426141008,1,38.11465100007603,12726.28000000004,19785.006000000038,True,43.84068953127603,5.726038531199998
lamf-test-aa879c60-c521-40a2-972a-cf0714098824,"{<resource_manager.instance.OnPremInstance object at 0x11cc07770>: [(2, 12756.480000000041, None)]}",56.99333448866139,25609.566932831927,12756.480000000041,11392.192755097009,2,16.692934823014102,12756.480000000041,18897.04300000004,True,21.6741595286141,4.9812247056
lamf-test-cfb32c98-2421-4b31-9da7-090b5212bb9a,"{<resource_manager.instance.OnPremInstance object at 0x11cc07770>: [(6, 12786.480000000041, None)]}",311.65623815536327,138907.05971100336,12786.480000000041,11397.094441750009,1,273.7773750855579,12786.480000000041,30177.295000000046,True,316.09966246955787,42.322287384000006
lamf-test-2e0bd3ff-93cb-46df-ab43-ee2f13d4c7e1,"{<resource_manager.instance.OnPremInstance object at 0x11cc07770>: [(3, 12816.480000000041, None)]}",316.2487464140096,139109.578791216,12816.480000000041,11406.30275719001,1,75.38032968286564,12816.480000000041,22256.251000000044,True,86.86664303566565,11.486313352800003
lamf-test-75f66efa-1a77-47ea-a0c6-c0317f11e7c2,"{<resource_manager.instance.CloudOnDemandInstance object at 0x11ce2d6d0>: [(1, 12846.480000000041, None)], <resource_manager.instance.CloudOnDemandInstance object at 0x11ce2d1d0>: [(4, 12846.480000000041, None)]}",323.850834844211,139463.20473645214,12846.480000000041,11407.87250238101,3,353.1202302078671,13247.016000000041,139478.60473645217,False,,
lamf-test-c1ff5343-c068-4179-8505-1de35f1c5237,"{<resource_manager.instance.OnPremInstance object at 0x11cc07770>: [(4, 13277.216000000042, None)]}",328.6266875432299,139083.6326101655,13277.216000000042,11408.881694794009,2,91.22393701378977,13277.216000000042,38323.86600000004,True,131.85962197378976,40.63568495999999
lamf-test-c8383b87-eaaf-4727-8a38-364a265a9c1b,"{<resource_manager.instance.OnPremInstance object at 0x11cc07770>: [(2, 13307.416000000043, None)]}",87.74670802746411,42446.228541904304,13307.416000000043,11431.082386972008,2,28.234277023430625,13307.416000000043,23693.508000000045,True,36.65947485383063,8.425197830400002
lamf-test-a5bf6748-f8d5-4a59-badc-d9816f45493a,"{<resource_manager.instance.OnPremInstance object at 0x11cc07770>: [(2, 13337.416000000043, None)]}",54.40376906069801,26144.234560607572,13337.416000000043,11987.844954511009,2,18.316274476956664,13337.416000000043,20075.13100000004,True,23.781908884956664,5.465634407999999
lamf-test-9d2ced27-20c6-49c1-84d1-76444fddb91f,"{<resource_manager.instance.OnPremInstance object at 0x11cc07770>: [(3, 13367.416000000043, None)]}",313.4023701696379,139652.98136939897,13367.416000000043,11990.068588030008,2,64.09357918282106,13367.416000000043,33236.576000000045,True,88.27037307082107,24.176793888000006
lamf-test-6323d458-f602-48c5-98a5-f5c1a1584292,"{<resource_manager.instance.CloudOnDemandInstance object at 0x11ce2d1d0>: [(5, 13397.616000000044, None)]}",313.6595923894348,139964.77542786387,13397.616000000044,11997.455967121008,1,574.3980058708553,13798.152000000044,139980.1754278639,False,,
lamf-test-48feb4fc-2742-45dc-808f-e652fe900563,"{<resource_manager.instance.OnPremInstance object at 0x11cc07770>: [(3, 13829.152000000047, None)]}",41.254966979320166,25964.293625488855,13829.152000000047,11999.362072267008,1,28.23458704083961,13829.152000000047,17364.929000000047,True,32.53692049443961,4.3023334536
lamf-test-bbc839c8-f836-4f9a-a8e0-6cb8342496f2,"{<resource_manager.instance.OnPremInstance object at 0x11cc07770>: [(3, 13859.352000000048, None)]}",114.4912360012796,43228.215427530384,13859.352000000048,12000.667248256008,3,34.72358658453113,13859.352000000048,21469.026000000045,True,43.98303790773112,9.259451323199997
lamf-test-d4b58a16-b6c8-4064-88b0-a3ec8e4212ba,"{<resource_manager.instance.OnPremInstance object at 0x11cc07770>: [(2, 13889.352000000048, None)]}",56.907858453854786,26376.116534391942,13889.352000000048,12001.667248256008,2,11.157529610454187,13889.352000000048,17993.69400000005,True,14.486971840854189,3.329442230400002
lamf-test-26bbd872-e5de-48b0-8f8f-e6417ce7af20,"{<resource_manager.instance.OnPremInstance object at 0x11cc07770>: [(2, 13919.552000000049, None)]}",298.1380358381042,139244.0958726102,13919.552000000049,12004.252805879009,2,60.86818259381975,13919.552000000049,36310.15700000004,True,79.03144136981975,18.163258775999996
lamf-test-032ba352-18f7-47d0-a6f0-b7f2f4956a0a,"{<resource_manager.instance.OnPremInstance object at 0x11cc07770>: [(6, 13949.552000000049, None)]}",307.62274626708137,140002.74042089467,13949.552000000049,12014.784700637008,3,39.200091261692904,13949.552000000049,18244.90200000005,True,49.65325502169291,10.453163760000002
lamf-test-05c2e1a5-42c3-4e97-863b-94fa07e33793,"{<resource_manager.instance.OnPremInstance object at 0x11cc07770>: [(4, 13979.552000000049, None)]}",91.04820322006628,43290.534654253795,13979.552000000049,12017.082672005008,2,40.320640346454404,13979.552000000049,25050.07800000005,True,58.2814617288544,17.9608213824
lamf-test-d2eb5728-b98d-4dc8-9b54-d5b61be5f0ce,"{<resource_manager.instance.CloudOnDemandInstance object at 0x11ce2d6d0>: [(1, 14009.552000000049, None)], <resource_manager.instance.CloudOnDemandInstance object at 0x11ce2d1d0>: [(3, 14009.552000000049, None)]}",294.31398108778467,139645.090505774,14009.552000000049,12019.791257375007,2,445.2425072860747,14410.088000000049,139660.49050577398,False,,
lamf-test-3058457a-d1e2-4d92-baae-1c4c74ce602b,"{<resource_manager.instance.OnPremInstance object at 0x11cc07770>: [(5, 14441.088000000052, None)]}",296.32729201787157,139805.25697186554,14441.088000000052,12020.791257375007,2,106.32768745082092,14441.088000000052,41011.06500000005,True,160.2116008068209,53.883913355999994
lamf-test-7a641bba-d417-49ff-88d9-3fe54ccc21c1,"{<resource_manager.instance.OnPremInstance object at 0x11cc07770>: [(5, 14471.088000000052, None)]}",72.4727596207448,26179.28246584876,14471.088000000052,12022.336531572008,1,15.265023195680296,14471.088000000052,15631.318000000054,True,17.6179696356803,2.3529464400000024
lamf-test-3babe4ac-4db5-41c5-ad0c-7fee914c7ec7,"{<resource_manager.instance.OnPremInstance object at 0x11cc07770>: [(3, 14501.288000000053, None)]}",293.72278396528714,139794.28080275626,14501.288000000053,12023.336531572008,2,61.69902312147605,14501.288000000053,33628.13000000005,True,84.97256446707605,23.273541345599998
lamf-test-efb02442-ed88-49c8-bf51-dea5e65f914e,"{<resource_manager.instance.OnPremInstance object at 0x11cc07770>: [(2, 14531.488000000054, None)]}",304.7860416350407,139965.2060353761,14531.488000000054,12025.032411532007,3,80.14290668491897,14531.488000000054,40876.46500000005,True,101.51395202731896,21.37104534239999
lamf-test-a3da9951-7484-4541-a43a-d268b07d7f2b,"{<resource_manager.instance.CloudReservedInstance object at 0x11cc07cb0>: [(4, 14561.488000000054, None)]}",322.8627978188001,139725.06708338895,14561.488000000054,12026.906032636007,2,79.94982084688417,14561.488000000054,40609.15564056012,True,155.21716126104653,75.26734041416236
lamf-test-a4d8ead1-b39f-46fe-9cfa-58d32f343ff0,"{<resource_manager.instance.CloudOnDemandInstance object at 0x11cc223f0>: [(4, 14591.488000000054, None)]}",84.41713409588449,43225.79859155417,14591.488000000054,12027.906032636007,1,60.086231586528605,14992.024000000054,20275.472598066706,False,,
lamf-test-1393ec0f-c39a-48b5-8afc-5e45c5c5f7c7,"{<resource_manager.instance.CloudOnDemandInstance object at 0x11cc223f0>: [(6, 15023.62400000006, None)]}",354.69102159935267,139651.03531494012,15023.62400000006,12034.960471253007,3,236.96943695479635,15424.16000000006,40989.55005432187,False,,
lamf-test-98a6ab80-499b-4f3a-95f7-4dd7df820566,"{<resource_manager.instance.CloudOnDemandInstance object at 0x11cc223f0>: [(1, 15454.960000000063, None)], <resource_manager.instance.CloudOnDemandInstance object at 0x11cc07b60>: [(1, 15454.960000000063, None)]}",105.87093398460661,43210.749965597075,15454.960000000063,12037.255332698007,1,132.35439231201957,15855.496000000063,43226.14996559707,False,,
lamf-test-0b319882-7fad-4ae3-8912-b51a1940b68d,"{<resource_manager.instance.OnPremInstance object at 0x11cc07770>: [(2, 15885.696000000064, None)]}",309.96889456321867,140593.15298412924,15885.696000000064,12581.903825999007,3,78.59781884553958,15885.696000000064,41722.76400000006,True,99.55684840713957,20.959029561599998
lamf-test-151fcd56-358d-466c-9e97-a24b8c315d14,"{<resource_manager.instance.CloudOnDemandInstance object at 0x11cc07b60>: [(4, 15915.696000000064, None)]}",286.90020368365816,139862.00925543476,15915.696000000064,12583.164018863006,1,115.12673862314752,16316.232000000064,32077.27770273067,False,,
lamf-test-0479ea03-d843-4f1c-b0bd-6f829a2c5a10,"{<resource_manager.instance.CloudReservedInstance object at 0x11ce2d090>: [(2, 16347.032000000067, None)], <resource_manager.instance.CloudOnDemandInstance object at 0x11cc07b60>: [(3, 16347.032000000067, None)]}",326.10114994784385,140345.87145749907,16347.032000000067,12590.124621158006,3,385.17085684628216,16347.032000000067,111308.49943759564,True,946.5070831633972,561.336226317115
lamf-test-724d0d5f-301b-4490-8457-7773ef64d695,"{<resource_manager.instance.OnPremInstance object at 0x11cc07770>: [(5, 16527.232000000065, None)]}",109.55462846539683,43728.76461682237,16527.232000000065,12617.529465584006,2,16.678006435432366,16527.232000000065,20694.860000000066,True,25.129956019432367,8.451949584000001
lamf-test-2674780b-0edf-4613-bd86-e3e24ce33fcb,"{<resource_manager.instance.OnPremInstance object at 0x11cc07770>: [(5, 16827.632000000067, None)]}",302.61464185285956,140106.3888888092,16827.632000000067,12624.293973335007,1,308.7097177732146,16827.632000000067,40291.35500000006,True,356.2941480172146,47.58443024399998
lamf-test-15ce12ce-cdd4-4322-97b9-e92908eec275,"{<resource_manager.instance.CloudOnDemandInstance object at 0x11cc07b60>: [(4, 16857.632000000067, None)]}",62.79223748275714,26898.90323765859,16857.632000000067,12628.885966487007,2,30.867602998543322,17258.168000000067,26914.30323765859,False,,
lamf-test-6fdb4590-cea7-4d20-bffa-249d0757fa2a,"{<resource_manager.instance.CloudReservedInstance object at 0x11ce30290>: [(6, 17289.568000000072, None)]}",88.08906902383775,44234.30274200717,17289.568000000072,13186.956211963507,1,153.39001588500116,17289.568000000072,27033.168574260362,True,217.2534714889328,63.86345560393164
lamf-test-e4ed1a21-f292-441c-946a-d7b9f0990c7d,"{<resource_manager.instance.OnPremInstance object at 0x11cc07770>: [(2, 17319.568000000072, None)]}",297.2172710903451,140790.0043187877,17319.568000000072,13190.638996439007,1,112.74457662179631,17319.568000000072,38199.54600000007,True,129.6824147753963,16.937838153599998
lamf-test-c777b76c-0cc3-4d24-b87d-dcc762dd2026,"{<resource_manager.instance.CloudReservedInstance object at 0x11ce2d310>: [(2, 17349.568000000072, None)]}",310.2741421688458,141349.40480073064,17349.568000000072,13195.473464438008,1,293.0538441821154,17349.568000000072,121494.56792299023,True,362.87265213048806,69.81880794837261
lamf-test-38f0df60-c850-46c3-8ecc-b21d5524ac44,"{<resource_manager.instance.OnPremInstance object at 0x11cc07770>: [(6, 17499.968000000074, None)]}",82.2505270696069,44480.26934353301,17499.968000000074,13208.239548599007,3,55.47674195756332,17499.968000000074,23578.832000000075,True,70.27026538796332,14.793523430400004
lamf-test-ecaffeb0-92d2-4398-a844-9e4844c48df5,"{<resource_manager.instance.OnPremInstance object at 0x11cc07770>: [(3, 17830.168000000074, None)]}",106.56838267415606,44370.328104121836,17830.168000000074,13209.239548599007,1,34.3987474332649,17830.168000000074,22137.874000000076,True,39.64036409406491,5.241616660800003
lamf-test-3c60492c-5568-42f7-a13b-d4f3117a23dc,"{<resource_manager.instance.OnPremInstance object at 0x11cc07770>: [(6, 18311.56800000008, None)]}",288.51703100665657,140953.19900403285,18311.56800000008,13210.438089324007,2,32.354383703909534,18311.56800000008,25797.80300000008,True,50.572885199909535,18.218501496000002
lamf-test-04f3f31f-b20f-4cb7-a3dd-c0c2f380b4cc,"{<resource_manager.instance.CloudReservedInstance object at 0x11ce30290>: [(1, 18341.96800000008, None)], <resource_manager.instance.CloudReservedInstance object at 0x11ce2d090>: [(1, 18341.96800000008, None)], <resource_manager.instance.CloudReservedInstance object at 0x11cc222c0>: [(1, 18341.96800000008, None)], <resource_manager.instance.CloudOnDemandInstance object at 0x11cc22780>: [(1, 18341.96800000008, None)]}",63.69847192731158,27311.58628710657,18341.96800000008,13212.791271885008,3,33.689501151985276,18341.96800000008,24986.716759711897,True,62.34298675361457,28.653485601629292
lamf-test-b6b347a8-b100-462f-bbd1-cdcde8345e59,"{<resource_manager.instance.OnPremInstance object at 0x11cc07770>: [(4, 18372.16800000008, None)]}",310.4633474601291,141020.7386335353,18372.16800000008,13230.044694105007,1,221.54667594493873,18372.16800000008,39329.84600000008,True,255.54841273213873,34.001736787199995
lamf-test-d4113937-9912-4267-ad39-f41249bcbcef,"{<resource_manager.instance.CloudReservedInstance object at 0x11ce2d090>: [(2, 18432.16800000008, None)]}",44.164232744169574,27552.682399529585,18432.16800000008,13231.044694105007,3,9.263989048119761,18432.16800000008,27568.082399529587,False,,
lamf-test-198ba68c-5a75-4dd3-95a5-23cb4a91c31d,"{<resource_manager.instance.OnPremInstance object at 0x11cc07770>: [(5, 18552.368000000082, None)]}",75.79076386942039,44406.84686927164,18552.368000000082,13238.193535426008,2,13.549040402043527,18552.368000000082,21938.10600000008,True,20.41531706604352,6.866276663999995
lamf-test-9bb4d80d-2aee-48e9-ac53-5a922312b6c8,"{<resource_manager.instance.OnPremInstance object at 0x11cc07770>: [(6, 19815.168000000092, None)]}",62.348183689222225,27978.228998816237,19815.168000000092,13781.594629927007,2,24.195491809459355,19815.168000000092,25413.579000000096,True,37.819784819059365,13.62429300960001
lamf-test-8fdaa8c6-0ab8-4102-bf2c-7c6a5957696b,"{<resource_manager.instance.OnPremInstance object at 0x11cc07770>: [(3, 19845.368000000093, None)]}",305.80076715201267,141177.9620587859,19845.368000000093,13782.594629927007,3,72.64516541181837,19845.368000000093,35765.55600000009,True,92.01685017021836,19.3716847584
lamf-test-c89d3402-a23f-46ae-8720-cd373edbf82e,"{<resource_manager.instance.CloudReservedInstance object at 0x11ce30290>: [(3, 19875.568000000094, None)]}",59.063695813800784,28016.505233192554,19875.568000000094,13787.620849745008,3,18.56118384411299,19875.568000000094,23943.251439437456,True,31.89179601183711,13.330612167724121
lamf-test-d457b8b2-16f3-450b-ba2f-e7b966006e63,"{<resource_manager.instance.OnPremInstance object at 0x11cc07770>: [(6, 20116.168000000096, None)]}",308.6020686022321,141394.49191798607,20116.168000000096,13788.620849745008,1,250.62582067077332,20116.168000000096,36036.35600000009,True,289.3691901875733,38.74336951679998
lamf-test-87f7683b-4f57-45f2-93ec-cd6117faec52,"{<resource_manager.instance.OnPremInstance object at 0x11cc07770>: [(2, 20146.168000000096, None)]}",62.86965238334432,27853.218284622315,20146.168000000096,13789.743621237008,1,12.99343197201307,20146.168000000096,22552.515000000094,True,14.945460658413069,1.9520286863999983
lamf-test-95f36198-5f8e-46dc-93db-fc5d6a810881,"{<resource_manager.instance.OnPremInstance object at 0x11cc07770>: [(3, 20296.568000000098, None)]}",312.84764381313755,141592.81567575777,20296.568000000098,13801.82419561201,2,50.217939091498586,20296.568000000098,35864.24700000009,True,69.16069089869858,18.942751807199993
lamf-test-067d037c-dcca-41c3-b8b9-a8b36009d0a4,"{<resource_manager.instance.OnPremInstance object at 0x11cc07770>: [(4, 20416.568000000098, None)]}",61.80548621708826,28092.23860760928,20416.568000000098,13803.124078641009,2,12.848051454804324,20416.568000000098,23944.158000000098,True,18.571213470804324,5.723162016
lamf-test-55d518fc-620c-44fe-a18a-2336d48b9fc1,"{<resource_manager.instance.CloudOnDemandInstance object at 0x11cc223f0>: [(3, 20446.568000000098, None)]}",83.99778340603386,45171.00772616592,20446.568000000098,13805.73560747401,3,106.65433448135948,20847.104000000098,43819.86540159003,False,,
lamf-test-64282f81-8a38-42e2-8686-39f8e7fadae5,"{<resource_manager.instance.OnPremInstance object at 0x11cc07770>: [(5, 21329.304000000106, None)]}",308.1387838586121,141631.07194684667,21329.304000000106,13808.440408224009,2,17.9279801240933,21329.304000000106,25809.285000000105,True,27.013381592093296,9.085401467999999
lamf-test-6ca33400-5b63-4867-9fb5-39d7d8646a8a,"{<resource_manager.instance.OnPremInstance object at 0x11cc07770>: [(6, 21540.30400000011, None)]}",105.93846150050236,45071.66646970893,21540.30400000011,13811.216359023008,1,106.4422683093771,21540.30400000011,28301.702000000107,True,122.8968064821771,16.454538172799996
lamf-test-e1a8ae4a-b274-4245-9dc7-b8b20b25f60b,"{<resource_manager.instance.OnPremInstance object at 0x11cc07770>: [(4, 22081.704000000114, None)]}",307.3714712616934,141687.27366990168,22081.704000000114,13812.216359023008,3,145.34295839987823,22081.704000000114,45970.6360000001,True,184.1003616766782,38.75740327679998
lamf-test-5f552717-b86e-4e0e-9794-6b12cd0fea27,"{<resource_manager.instance.OnPremInstance object at 0x11cc07770>: [(2, 22111.704000000114, None)]}",43.981392744961866,28058.783459804486,22111.704000000114,13821.80164335101,2,16.208820104292514,22111.704000000114,28074.183459804488,False,,
lamf-test-0ee69e3c-f7ac-4d00-b4dc-243374763ca6,"{<resource_manager.instance.OnPremInstance object at 0x11cc07770>: [(2, 22141.704000000114, None)]}",95.71047451977611,45057.42771104012,22141.704000000114,13828.34521091201,3,6.772810099627358,22141.704000000114,24368.096000000118,True,8.57885929002736,1.8060491904000027
lamf-test-60d40a4b-09c7-4a73-b379-b1d85406ff0e,"{<resource_manager.instance.OnPremInstance object at 0x11cc07770>: [(4, 22382.504000000117, None)]}",57.165191884420324,28127.759216525512,22382.504000000117,13829.57459356901,3,35.04847648657933,22382.504000000117,28143.159216525513,False,,
lamf-test-87976d93-8677-4270-9b15-bf91d2c51eaa,"{<resource_manager.instance.OnPremInstance object at 0x11cc07770>: [(3, 22562.90400000012, None)]}",311.39111778496914,141587.59803383652,22562.90400000012,13834.19245405301,2,49.82213563701275,22562.90400000012,38007.88300000012,True,68.61558608421275,18.7934504472
lamf-test-68fc4f1f-0368-4356-8862-a5c873470b2b,"{<resource_manager.instance.OnPremInstance object at 0x11cc07770>: [(4, 22592.90400000012, None)]}",313.35740939256686,141692.45772419297,22592.90400000012,13835.37688250201,2,57.929258735379165,22592.90400000012,38498.09200000011,True,83.73383574657916,25.804577011199992
lamf-test-6ffd71d7-ab96-484d-939d-8341469b380b,"{<resource_manager.instance.OnPremInstance object at 0x11cc07770>: [(3, 22622.90400000012, None)]}",291.65416309527114,141679.58857580015,22622.90400000012,13837.15219327301,3,133.9198311658681,22622.90400000012,51971.435000000114,True,169.63112368666808,35.711292520799994
lamf-test-20e1ba49-4666-4d28-9ab3-d9b988f76cc5,"{<resource_manager.instance.OnPremInstance object at 0x11cc07770>: [(6, 22923.70400000012, None)]}",285.6765311197183,141770.02348423412,22923.70400000012,14384.29156643501,1,248.29734223134832,22923.70400000012,38695.98300000012,True,286.6807604057483,38.38341817439999
lamf-test-6012bbf1-8566-4834-b341-39822809aef2,"{<resource_manager.instance.OnPremInstance object at 0x11cc07770>: [(5, 23586.30400000013, None)]}",93.62462651407313,45593.32828463373,23586.30400000013,14387.12210411501,1,127.18216898623466,23586.30400000013,33252.88400000013,True,146.78599322623467,19.603824239999994
lamf-test-92b1912c-cdf4-4496-9665-6c2a64a15900,"{<resource_manager.instance.OnPremInstance object at 0x11cc07770>: [(5, 23706.704000000133, None)]}",99.7921660649438,45740.032341910584,23706.704000000133,14396.03285583401,3,23.127097117651534,23706.704000000133,26747.686000000132,True,29.294208613651534,6.1671114959999995
lamf-test-3d2e4ca8-d6e8-4002-a809-14108f6da5be,"{<resource_manager.instance.OnPremInstance object at 0x11cc07770>: [(5, 23796.904000000133, None)]}",306.2018292174168,142158.44929403404,23796.904000000133,14399.36814965201,2,64.46972213931409,23796.904000000133,39907.092000000135,True,97.14118340331409,32.671461264
lamf-test-a7986f20-c88c-442a-a9bb-9d4e408bd120,"{<resource_manager.instance.CloudReservedInstance object at 0x11ce30290>: [(3, 24007.304000000135, None)], <resource_manager.instance.CloudReservedInstance object at 0x11cc222c0>: [(1, 24007.304000000135, None)]}",50.00049139574834,28507.170274745855,24007.304000000135,14401.97903071001,1,42.05601202264903,24007.304000000135,27901.631479477684,True,57.10369340335028,15.04768138070125
lamf-test-bf2ee2bb-aeee-4553-ba75-b56c3562dc59,"{<resource_manager.instance.OnPremInstance object at 0x11cc07770>: [(2, 24067.504000000135, None)]}",94.73625576454592,45767.52378686463,24067.504000000135,14403.56485612301,1,57.42811970492049,24067.504000000135,34703.03000000013,True,66.05565839612049,8.627538691199995
lamf-test-404ab15a-5fdc-47da-96ca-6bf36dbfc057,"{<resource_manager.instance.OnPremInstance object at 0x11cc07770>: [(4, 24638.90400000014, None)]}",285.63536765098837,142309.82533766955,24638.90400000014,14404.56485612301,2,70.56450963729898,24638.90400000014,44013.255000000136,True,101.99745669969897,31.432947062399993
lamf-test-398c2e41-0ba6-4e76-8602-21bfa67e2257,"{<resource_manager.instance.CloudReservedInstance object at 0x11ce30290>: [(1, 25029.704000000143, None)], <resource_manager.instance.CloudReservedInstance object at 0x11ce2d090>: [(1, 25029.704000000143, None)], <resource_manager.instance.CloudReservedInstance object at 0x11cc222c0>: [(1, 25029.704000000143, None)], <resource_manager.instance.CloudOnDemandInstance object at 0x11ce2d6d0>: [(2, 25029.704000000143, None)]}",308.43937206382503,142275.22082026993,25029.704000000143,14405.56485612301,2,460.1150401320019,25029.704000000143,87516.59079945346,True,680.3188292132754,220.20378908127347
lamf-test-58d64335-ff0b-41b5-93cb-bcafe6abca1b,"{<resource_manager.instance.OnPremInstance object at 0x11cc07770>: [(6, 25089.904000000144, None)]}",83.27713277836911,45692.41302090396,25089.904000000144,14407.46250975601,2,21.327395550889527,25089.904000000144,30024.688000000144,True,33.33668589328953,12.0092903424
lamf-test-78749043-3668-43d0-99ce-4ee040f7f664,"{<resource_manager.instance.OnPremInstance object at 0x11cc07770>: [(2, 25119.904000000144, None)]}",57.07835905715178,28528.35979790993,25119.904000000144,14408.46250975601,2,5.152065636335771,25119.904000000144,27015.112000000143,True,6.68945836593577,1.537392729599999
lamf-test-59fd6bbc-b1e0-4afd-a720-743bb563c136,"{<resource_manager.instance.CloudOnDemandInstance object at 0x11ce2d6d0>: [(2, 25149.904000000144, None)]}",321.20760313523465,142089.15960784387,25149.904000000144,14410.25136983801,2,158.7477845075115,25550.440000000144,103387.91928276747,True,271.53570733914887,112.78792283163737
lamf-test-4cc1e286-0e7f-464c-8240-c10883a7da2a,"{<resource_manager.instance.OnPremInstance object at 0x11cc07770>: [(4, 25582.04000000015, None)]}",316.2330750787407,142003.13987346814,25582.04000000015,14412.58517497601,3,99.70459806829417,25582.04000000015,41969.737000000154,True,126.29199768109419,26.587399612800006
lamf-test-0aaede3d-34d4-43d5-b971-8a2a954407b0,"{<resource_manager.instance.OnPremInstance object at 0x11cc07770>: [(2, 25612.24000000015, None)]}",291.4038438976179,141946.2787375637,25612.24000000015,14418.26112242801,1,147.5475735797399,25612.24000000015,52937.63500000015,True,169.7139340037399,22.166360423999997
lamf-test-a7598ecc-5cec-4bf9-9a0f-c71ca0dbae0e,"{<resource_manager.instance.OnPremInstance object at 0x11cc07770>: [(6, 25882.640000000152, None)]}",294.2224632206372,142145.35340697275,25882.640000000152,14419.88420928101,3,54.4887793748574,25882.640000000152,31853.248000000152,True,69.0188510036574,14.530071628800002
lamf-test-5c0e0bc7-fda1-478e-8de8-178b5b80a83c,"{<resource_manager.instance.OnPremInstance object at 0x11cc07770>: [(4, 26183.040000000154, None)]}",109.02475346006189,45671.106668420805,26183.040000000154,14420.88420928101,2,15.443958149685061,26183.040000000154,30423.368000000155,True,22.323466296885062,6.879508147200002
lamf-test-95c3a7f0-6def-4a58-8473-af92a11ec586,"{<resource_manager.instance.OnPremInstance object at 0x11cc07770>: [(3, 26243.240000000154, None)]}",312.05091942501133,142403.14069193497,26243.240000000154,14424.84471602301,1,267.4142379648643,26243.240000000154,59731.14300000016,True,308.16231833526433,40.74808037040001
lamf-test-225e7631-1dba-46ce-9a30-f911bc78acd8,"{<resource_manager.instance.OnPremInstance object at 0x11cc07770>: [(5, 26363.440000000155, None)]}",48.6051907309817,28824.236385791402,26363.440000000155,14425.84471602301,1,32.579053520563235,26363.440000000155,28839.636385791404,False,,
lamf-test-19917d27-b721-40ad-a37a-4370c7a734bc,"{<resource_manager.instance.OnPremInstance object at 0x11cc07770>: [(2, 26544.44000000016, None)]}",301.1069329229973,141794.1483808267,26544.44000000016,14432.82920112301,2,52.578605958208776,26544.44000000016,45885.69100000016,True,68.26822876940878,15.6896228112
lamf-test-c5f3d318-ed60-437f-9c1e-4a6f0f18365e,"{<resource_manager.instance.OnPremInstance object at 0x11cc07770>: [(5, 26785.24000000016, None)]}",302.37657057421836,142054.8789720881,26785.24000000016,14435.17731803401,2,46.31101522071058,26785.24000000016,38357.79122124305,True,69.78014909739116,23.46913387668058
lamf-test-68ff13a7-de65-4a50-8bee-581fe346b072,"{<resource_manager.instance.CloudOnDemandInstance object at 0x11cc223f0>: [(1, 26965.24000000016, None)], <resource_manager.instance.CloudOnDemandInstance object at 0x11cc07b60>: [(3, 26965.24000000016, None)]}",316.0799972187193,141963.14006818968,26965.24000000016,14439.42055927501,1,446.50014604801675,27365.77600000016,81326.6327813462,True,797.8160830367435,351.31593698872683
lamf-test-e3ac6e81-3f29-40d1-91c8-119f86b94741,"{<resource_manager.instance.OnPremInstance object at 0x11cc07770>: [(2, 27396.776000000165, None)]}",292.3170995981352,142349.09206352313,27396.776000000165,14440.42055927501,2,55.79596385126581,27396.776000000165,47921.545000000166,True,72.4456564640658,16.6496926128
lamf-test-cd918581-b0d1-458e-92b2-5c59b3bd83b5,"{<resource_manager.instance.CloudReservedInstance object at 0x11ce30290>: [(2, 27426.776000000165, None)], <resource_manager.instance.CloudOnDemandInstance object at 0x11cc22780>: [(1, 27426.776000000165, None)]}",301.10787935133226,142627.79606951677,27426.776000000165,14986.97799483101,2,138.8502820965487,27426.776000000165,56673.76927753294,True,267.96405861954486,129.11377652299618
lamf-test-3231937d-3960-4134-90c2-f2e92cf6e932,"{<resource_manager.instance.OnPremInstance object at 0x11cc07770>: [(2, 27456.776000000165, None)]}",109.51414052886817,45972.262927857395,27456.776000000165,14989.72323497801,2,28.43641156088264,27456.776000000165,37917.22400000016,True,36.92192697848264,8.485515417599997
lamf-test-5e0241b4-8be0-4af4-bde6-0b42fa40fc67,"{<resource_manager.instance.CloudOnDemandInstance object at 0x11cc22780>: [(2, 27486.776000000165, None)]}",98.3173256377796,46218.06886803736,27486.776000000165,15013.69667661401,3,20.190422832920785,27887.312000000165,34123.87274575205,True,49.78921948027589,29.59879664735511
lamf-test-d56ac58c-44ed-4cac-88e0-685510119191,"{<resource_manager.instance.OnPremInstance object at 0x11cc07770>: [(2, 27917.912000000168, None)]}",70.70390367140996,29076.695094341856,27917.912000000168,15014.69667661401,2,3.191981234315298,27917.912000000168,29092.095094341857,False,,
lamf-test-093fc8c1-409b-4af5-91bd-f1586aa318b7,"{<resource_manager.instance.CloudReservedInstance object at 0x11ce30290>: [(3, 27977.912000000168, None)], <resource_manager.instance.CloudReservedInstance object at 0x11ce2d090>: [(2, 27977.912000000168, None)], <resource_manager.instance.CloudOnDemandInstance object at 0x11cc223f0>: [(1, 27977.912000000168, None)]}",48.98947611555658,29181.661647492176,27977.912000000168,15027.25661756001,1,15.545726485879301,27977.912000000168,29197.061647492177,False,,
lamf-test-412a625e-1641-430d-83ff-ad06d8ff7ded,"{<resource_manager.instance.OnPremInstance object at 0x11cc07770>: [(5, 28278.51200000017, None)]}",48.58977843534464,29310.823185320278,28278.51200000017,15029.134049060009,1,14.09783565290136,28278.51200000017,29350.02900000017,False,,
lamf-test-499e704f-e77f-4d06-942d-f6729f7df6df,"{<resource_manager.instance.OnPremInstance object at 0x11cc07770>: [(3, 28338.51200000017, None)]}",295.12516285873096,142692.67374628806,28338.51200000017,15035.121277919008,2,44.94918221370711,28338.51200000017,42272.86400000017,True,61.90450172730711,16.9553195136
lamf-test-b31f9afe-254c-4126-a484-8628eb9333c1,"{<resource_manager.instance.OnPremInstance object at 0x11cc07770>: [(6, 28399.112000000172, None)]}",58.325064065435534,29217.439693587494,28399.112000000172,15039.667196816008,1,13.125076627315837,28399.112000000172,29232.839693587495,False,,
lamf-test-893ff824-f1d2-4433-939e-c7c4d678a42b,"{<resource_manager.instance.OnPremInstance object at 0x11cc07770>: [(2, 28880.112000000176, None)]}",291.47945752946964,143297.79538766868,28880.112000000176,15589.505301656009,1,105.16926161685298,28880.112000000176,48357.163000000175,True,120.96904538805298,15.7997837712
lamf-test-9ad3c991-d587-4e6c-87f0-aa8b942b2b5d,"{<resource_manager.instance.OnPremInstance object at 0x11cc07770>: [(6, 29150.712000000178, None)]}",294.2702271699325,143439.31926335098,29150.712000000178,15598.560613172009,2,94.55211744508243,29150.712000000178,51028.40800000018,True,147.79367843068243,53.2415609856
lamf-test-50bd9009-28ec-4253-bcf7-ae2b62692323,"{<resource_manager.instance.CloudReservedInstance object at 0x11ce30290>: [(3, 29240.712000000178, None)]}",96.71534015432012,46778.549917752636,29240.712000000178,15599.560613172009,2,36.7203449265666,29240.712000000178,40624.10512460656,True,74.02600087452663,37.30565594796004
lamf-test-65b278d1-c75b-4135-b5aa-f825706c680d,"{<resource_manager.instance.OnPremInstance object at 0x11cc07770>: [(4, 29300.91200000018, None)]}",46.808209305960055,29827.85210491734,29300.91200000018,15601.55673694201,1,5.733156482126822,29300.91200000018,29843.25210491734,False,,
lamf-test-4e05654b-8014-4960-848f-0c1b470c0ee8,"{<resource_manager.instance.OnPremInstance object at 0x11cc07770>: [(5, 29421.31200000018, None)]}",119.66024806020059,46810.185153672566,29421.31200000018,15608.78983073401,3,26.71774279412879,29421.31200000018,32934.428000000175,True,33.84234204212878,7.1245992479999884
lamf-test-2b6c6b3a-28c9-458c-9ffa-76aefcc26451,"{<resource_manager.instance.CloudReservedInstance object at 0x11ce2d090>: [(2, 29541.51200000018, None)], <resource_manager.instance.CloudOnDemandInstance object at 0x11ce2d6d0>: [(2, 29541.51200000018, None)], <resource_manager.instance.CloudOnDemandInstance object at 0x11cc223f0>: [(1, 29541.51200000018, None)]}",317.28833254019617,143293.93228798808,29541.51200000018,15620.730087618009,1,862.3362553833849,29541.51200000018,143309.3322879881,False,,
lamf-test-2f12deb2-00c6-45f2-bf9e-431fba73627e,"{<resource_manager.instance.OnPremInstance object at 0x11cc07770>: [(6, 29932.112000000183, None)]}",93.49967154984164,46914.78835615726,29932.112000000183,15628.483747425009,1,100.5375496235454,29932.112000000183,36318.432000000175,True,116.07929797554539,15.541748351999983
lamf-test-f9efe039-70ce-49b9-a1a8-bee3de1d2b34,"{<resource_manager.instance.OnPremInstance object at 0x11cc07770>: [(5, 30082.312000000184, None)]}",307.9037058422363,142773.55623867604,30082.312000000184,15631.104849636009,3,147.7834892387254,30082.312000000184,49514.36300000019,True,187.19168866672538,39.408199428
lamf-test-8f4c62d4-1881-4ae7-91f8-3b9d5e4e648b,"{<resource_manager.instance.OnPremInstance object at 0x11cc07770>: [(6, 31585.112000000194, None)]}",53.33256697567134,29762.22907569172,31585.112000000194,15634.17397861801,2,0.06655648787945527,31585.112000000194,31600.512000000195,False,,
lamf-test-920c97be-abc7-45c8-bf90-73719c07896c,"{<resource_manager.instance.OnPremInstance object at 0x11cc07770>: [(3, 31645.112000000194, None)]}",49.27955402462038,30401.912067738762,31645.112000000194,16196.90647895401,2,0.04967704318730824,31645.112000000194,31660.512000000195,False,,
lamf-test-915cb3ce-20ce-43ae-8b31-7f523a6333eb,"{<resource_manager.instance.OnPremInstance object at 0x11cc07770>: [(2, 31675.112000000194, None)]}",71.69092063889612,30243.338935328477,31675.112000000194,16205.991620502009,3,0.04684766902426482,31675.112000000194,31690.512000000195,False,,
lamf-test-eb592d2c-c121-4645-b005-4e7f00d8eb14,"{<resource_manager.instance.OnPremInstance object at 0x11cc07770>: [(5, 31765.512000000195, None)]}",65.43723826831173,30546.018295888825,31765.512000000195,16212.205227927008,1,0.20261616852994535,31765.512000000195,31780.912000000197,False,,
lamf-test-821bad57-9b5b-4590-ab6a-b75593f800f8,"{<resource_manager.instance.OnPremInstance object at 0x11cc07770>: [(4, 31885.512000000195, None)]}",293.93899056747387,144081.5864027685,31885.512000000195,16221.244024491009,3,169.7200030420564,31885.512000000195,59781.11600000019,True,214.97783097165637,45.25782792959999
lamf-test-2ec8c349-ada1-458e-a7a4-ab9b6322b2cf,"{<resource_manager.instance.OnPremInstance object at 0x11cc07770>: [(4, 31915.712000000196, None)]}",57.00450481534605,30396.82797829315,31915.712000000196,16240.64438280601,2,0.05608928259916977,31915.712000000196,31931.112000000197,False,,
lamf-test-3d742955-a0c8-4cdc-8c38-f5e5804b4cff,"{<resource_manager.instance.OnPremInstance object at 0x11cc07770>: [(4, 31975.912000000197, None)]}",303.65987588610506,144081.60798533342,31975.912000000197,16242.119393799008,1,94.57858529165713,31975.912000000197,40922.774000000194,True,109.09397420045713,14.515388908799995
lamf-test-b18ea74a-e7ea-41d7-821c-d4f1a5e50746,"{<resource_manager.instance.OnPremInstance object at 0x11cc07770>: [(4, 32005.912000000197, None)]}",93.66823018165961,47705.15005807705,32005.912000000197,16787.11777479601,3,60.1191634344817,32005.912000000197,41887.248000000196,True,76.1506429608817,16.0314795264
lamf-test-cf4eee4f-df46-4434-9c29-6bf0f44daf4d,"{<resource_manager.instance.OnPremInstance object at 0x11cc07770>: [(6, 32156.5120000002, None)]}",53.667029478259835,30908.537592512323,32156.5120000002,16808.55541291201,2,0.06655648787945527,32156.5120000002,32171.9120000002,False,,
lamf-test-7c801ce0-8eb2-4e0d-9312-eaf55e74d22a,"{<resource_manager.instance.CloudOnDemandInstance object at 0x11cc07b60>: [(2, 32186.5120000002, None)]}",282.54429039316733,144517.32720724578,32186.5120000002,16809.55541291201,2,257.37860410510143,32587.0480000002,144532.7272072458,False,,
lamf-test-4d1918b0-1458-45e2-b527-a49166860d07,"{<resource_manager.instance.OnPremInstance object at 0x11cc07770>: [(6, 32617.4480000002, None)]}",99.90881249240506,47960.14341095899,32617.4480000002,16825.07461630601,2,33.106856661585034,32617.4480000002,40277.7920000002,True,51.749069819985024,18.642213158399993
lamf-test-4fd50982-b738-4cdf-bdb5-50cd3dff6874,"{<resource_manager.instance.OnPremInstance object at 0x11cc07770>: [(2, 32647.4480000002, None)]}",66.98837614575113,31060.7129245092,32647.4480000002,16826.07461630601,2,0.04186443429933729,32647.4480000002,32662.848000000202,False,,
lamf-test-308f236e-0576-4952-874f-b146870f6d77,"{<resource_manager.instance.OnPremInstance object at 0x11cc07770>: [(3, 32707.6480000002, None)]}",296.126707886245,144363.26527599365,32707.6480000002,16828.39260012801,3,56.66769336071178,32707.6480000002,45126.37300000019,True,71.77879794071177,15.111104579999987
lamf-test-17fee575-0b26-45f7-83d5-67d080c53e61,"{<resource_manager.instance.OnPremInstance object at 0x11cc07770>: [(5, 33068.0480000002, None)]}",339.37001802300927,144651.5497763633,33068.0480000002,16829.51375422701,3,79.37857631759064,33068.0480000002,43505.53700000019,True,100.54580400959063,21.167227691999987
lamf-test-c8945c61-1ea7-4681-928a-edc22713889d,"{<resource_manager.instance.OnPremInstance object at 0x11cc07770>: [(5, 33308.248000000196, None)]}",305.7727422550137,144658.04086093412,33308.248000000196,16830.51375422701,2,29.878366154188964,33308.248000000196,40774.48300000019,True,45.01989073418895,15.141524579999984
lamf-test-416bbbfd-81e6-4f7c-9a56-8c0e7175f623,"{<resource_manager.instance.OnPremInstance object at 0x11cc07770>: [(3, 33368.248000000196, None)]}",318.1012839054559,145057.86020482183,33368.248000000196,17400.18678136201,2,20.937960807135315,33368.248000000196,39859.06500000019,True,28.83598693273531,7.898026125599995
lamf-test-3e7fd149-2562-452d-b778-aa63ebe3ca13,"{<resource_manager.instance.OnPremInstance object at 0x11cc07770>: [(2, 33398.248000000196, None)]}",306.14407437283273,145109.52048724692,33398.248000000196,17401.18678136201,2,51.32128922812108,33398.248000000196,52276.990000000194,True,66.63572473852108,15.3144355104
lamf-test-e18205c9-e6f7-4d1b-94fe-6bdf96998c05,"{<resource_manager.instance.CloudReservedInstance object at 0x11cc222c0>: [(2, 34149.648000000176, None)], <resource_manager.instance.CloudReservedInstance object at 0x11cc07cb0>: [(2, 34149.648000000176, None)], <resource_manager.instance.CloudOnDemandInstance object at 0x11cc22780>: [(2, 34149.648000000176, None)]}",110.9772195614234,48633.36464284209,34149.648000000176,17414.37420734801,1,151.00247103147274,34149.648000000176,44581.512229034335,True,224.8392060445765,73.83673501310378
lamf-test-55230e23-b521-4f16-a8cb-73a7c6580475,"{<resource_manager.instance.OnPremInstance object at 0x11cc07770>: [(4, 34179.648000000176, None)]}",312.3489385286271,144983.48945082317,34179.648000000176,17417.84075132801,2,67.3396745450661,34179.648000000176,52668.58100000018,True,97.3361194442661,29.996444899200007
lamf-test-56207b5b-5fb7-4cc8-b917-b36e1b064de2,"{<resource_manager.instance.OnPremInstance object at 0x11cc07770>: [(5, 35351.848000000144, None)]}",317.0752713451876,145137.32960622356,35351.848000000144,17421.367424641012,2,64.34966819182574,35351.848000000144,51432.036000000146,True,96.96028945582574,32.610621264
lamf-test-2148cf4d-7170-4032-92ad-bc67bc5cec9e,"{<resource_manager.instance.OnPremInstance object at 0x11cc07770>: [(3, 35832.24800000014, None)]}",290.5571510371029,144876.36331193033,35832.24800000014,17434.769180947013,3,106.5983253479352,35832.24800000014,59193.27100000014,True,135.0240181343352,28.425692786400003
lamf-test-6f91592c-afdd-4bec-8b7a-080c324249f5,"{<resource_manager.instance.OnPremInstance object at 0x11cc07770>: [(5, 35892.448000000135, None)]}",112.19170754417485,48590.18328440974,35892.448000000135,17444.867839015013,3,71.73035211803173,35892.448000000135,45324.27200000013,True,90.85809119003171,19.127739071999986
lamf-test-58f4bde2-1252-4878-b4ed-54f9ec3d6ddb,"{<resource_manager.instance.OnPremInstance object at 0x11cc07770>: [(3, 36072.84800000013, None)]}",306.6623561408906,145824.17405505638,36072.84800000013,17989.030290850013,3,68.95947980835041,36072.84800000013,51185.31800000012,True,87.3483333043504,18.388853495999992
lamf-test-9fd69545-924f-4ce5-9308-d2123ccec4dc,"{<resource_manager.instance.OnPremInstance object at 0x11cc07770>: [(3, 36373.24800000012, None)]}",61.631240803228884,32115.776577800156,36373.24800000012,17993.84855653901,1,0.12297513118863707,36373.24800000012,36388.64800000012,False,,
lamf-test-927fb6c3-ba3c-488b-96a5-466be1c02fa9,"{<resource_manager.instance.OnPremInstance object at 0x11cc07770>: [(6, 36433.44800000012, None)]}",330.8093779162473,145557.65485837415,36433.44800000012,17994.84855653901,1,313.19293634496904,36433.44800000012,56328.00800000011,True,361.608337560969,48.41540121599998
lamf-test-1e5c4d41-c6bb-47f9-a0f9-f492c659a647,"{<resource_manager.instance.OnPremInstance object at 0x11cc07770>: [(6, 37754.6480000001, None)]}",295.19389174920065,145795.14918610547,37754.6480000001,17995.84855653901,3,63.71002509696552,37754.6480000001,44735.6740000001,True,80.69904997056551,16.989024873599995
lamf-test-5fc71200-6539-46cf-9073-1ac0b6be235f,"{<resource_manager.instance.OnPremInstance object at 0x11cc07770>: [(5, 37934.8480000001, None)]}",298.6298021940167,145471.05846133144,37934.8480000001,18000.571044585013,2,57.87505075522635,37934.8480000001,52397.1090000001,True,87.20451606322635,29.329465307999996
lamf-test-d81a676f-ccce-4b38-95bc-838588f989f1,"{<resource_manager.instance.OnPremInstance object at 0x11cc07770>: [(3, 38055.0480000001, None)]}",93.67827368323229,49051.88043327239,38055.0480000001,18001.571044585013,1,37.61251882272414,38055.0480000001,42765.210000000094,True,43.343843944324135,5.731325121599997
lamf-test-bff6c6c8-6ce7-4a14-8d30-c8d69887c972,"{<resource_manager.instance.OnPremInstance object at 0x11cc07770>: [(4, 38235.0480000001, None)]}",62.55972404682857,32040.057145571736,38235.0480000001,18005.48299271201,2,0.05608928259914327,38235.0480000001,38250.44800000009,False,,
lamf-test-8aea85bd-3d6c-4aba-b7de-dd2346b0e93e,"{<resource_manager.instance.OnPremInstance object at 0x11cc07770>: [(6, 38295.0480000001, None)]}",302.51103083949494,145641.28537264012,38295.0480000001,18007.616901814014,1,316.73503080082133,38295.0480000001,58414.608000000095,True,365.69799201682133,48.962961216
lamf-test-f3f23406-4146-4e8a-b0d6-831939b9a4ea,"{<resource_manager.instance.OnPremInstance object at 0x11cc07770>: [(5, 38355.0480000001, None)]}",57.3172776265575,32047.00613769726,38355.0480000001,18013.677888277012,1,0.20261616852984965,38355.0480000001,38370.44800000009,False,,
lamf-test-232b6ce2-ea24-476c-b62f-210ae1decc5b,"{<resource_manager.instance.OnPremInstance object at 0x11cc07770>: [(4, 38475.248000000094, None)]}",311.1617610976437,145748.54273985882,38475.248000000094,18018.96062087201,2,51.3969114914977,38475.248000000094,52586.900000000096,True,74.2916556962977,22.894744204800002
lamf-test-28862540-93f6-42de-8ec4-72cbed9815ad,"{<resource_manager.instance.OnPremInstance object at 0x11cc07770>: [(6, 38535.44800000009, None)]}",315.0001679546882,145445.39800962366,38535.44800000009,18025.85797199751,3,132.16756559434182,38535.44800000009,53017.7090000001,True,167.41159596394183,35.24403036960002
lamf-test-5c2155b4-aa4a-428b-9192-860339f49ef5,"{<resource_manager.instance.OnPremInstance object at 0x11cc07770>: [(2, 38715.848000000085, None)]}",326.1375748222798,145819.79339991204,38715.848000000085,18045.08382528401,3,51.503858848581636,38715.848000000085,55646.454000000085,True,65.23796643578163,13.734107587199999
lamf-test-8d46ff55-9a1d-4004-b52e-0bb94df560fe,"{<resource_manager.instance.CloudOnDemandInstance object at 0x11cc22780>: [(2, 39046.84800000007, None)], <resource_manager.instance.CloudOnDemandInstance object at 0x11cc07b60>: [(1, 39046.84800000007, None)]}",314.6188735020299,146264.21966567004,39046.84800000007,18588.369178246012,1,384.4453401973558,39447.38400000007,91340.69398194867,True,706.6381840613375,322.1928438639817
lamf-test-b036c054-ee21-47f6-aca9-95247c096cfe,"{<resource_manager.instance.OnPremInstance object at 0x11cc07770>: [(6, 39928.58400000005, None)]}",40.69689972228568,32833.832319163026,39928.58400000005,18596.45500389401,3,0.14054300707272807,39928.58400000005,39943.98400000005,False,,
lamf-test-12047e13-b691-4e4d-bcc8-16e2900e16aa,"{<resource_manager.instance.OnPremInstance object at 0x11cc07770>: [(3, 40048.58400000005, None)]}",306.19560311302496,146011.16801794418,40048.58400000005,18607.959257506012,1,198.95100387862192,40048.58400000005,64962.93400000005,True,229.2667849586219,30.31578108
lamf-test-e050ad2a-f776-4985-ad86-c1f9e8bbb5cd,"{<resource_manager.instance.OnPremInstance object at 0x11cc07770>: [(3, 40078.58400000005, None)]}",326.0139069441622,146114.68272175657,40078.58400000005,18623.651272579013,3,118.95855806525212,40078.58400000005,66148.35200000006,True,150.68025176765212,31.721693702400007
lamf-test-5a75690c-b8ed-48d0-b610-f947c287d86c,"{<resource_manager.instance.OnPremInstance object at 0x11cc07770>: [(5, 40258.98400000005, None)]}",56.45454017440447,32776.69392876438,40258.98400000005,18624.651272579013,3,0.11711917256060674,40258.98400000005,40274.38400000004,False,,
lamf-test-62ab7363-ee6e-4e41-9bd6-da86db171176,"{<resource_manager.instance.OnPremInstance object at 0x11cc07770>: [(6, 40469.38400000004, None)]}",317.6880653321237,146519.72149227545,40469.38400000004,18647.01747545901,3,189.15520210166463,40469.38400000004,61196.065270289946,True,239.59565364104213,50.44045153937751
lamf-test-e000b273-6e93-45bd-85e3-de8e007da692,"{<resource_manager.instance.CloudReservedInstance object at 0x11cc222c0>: [(1, 40649.58400000004, None)], <resource_manager.instance.CloudReservedInstance object at 0x11cc07cb0>: [(2, 40649.58400000004, None)]}",284.69120725614476,147119.98002465328,40649.58400000004,19189.18882754301,3,325.9329126222134,40649.58400000004,132485.8383157747,True,512.5074468901412,186.5745342679278
lamf-test-62c9483c-2445-4359-99d9-4d8c66a14529,"{<resource_manager.instance.CloudReservedInstance object at 0x11ce30290>: [(3, 40709.784000000036, None)]}",345.02192360533996,146915.48709958704,40709.784000000036,19190.18882754301,2,50.3492528274034,40709.784000000036,56318.1705663765,True,101.50105728273235,51.15180445532895
lamf-test-1f9296c3-4641-4962-ac2a-3bdd3909621e,"{<resource_manager.instance.OnPremInstance object at 0x11cc07770>: [(2, 40739.784000000036, None)]}",333.675220822951,147024.35876043912,40739.784000000036,19191.72639803101,2,22.9483784023552,40739.784000000036,49181.437000000034,True,29.7962473159552,6.847868913599998
lamf-test-9673f22e-b964-4aa7-bb78-d1e21e110802,"{<resource_manager.instance.CloudReservedInstance object at 0x11cc07cb0>: [(2, 40769.784000000036, None)], <resource_manager.instance.CloudOnDemandInstance object at 0x11cc07b60>: [(1, 40769.784000000036, None)]}",52.254300807909324,33348.08860206016,40769.784000000036,19193.45875802701,1,0.08666818769484899,40769.784000000036,40785.18400000003,False,,
lamf-test-5f1a507d-a26f-433c-85e6-51ac89f0d432,"{<resource_manager.instance.OnPremInstance object at 0x11cc07770>: [(4, 40829.784000000036, None)]}",64.02975273459877,33470.23313862464,40829.784000000036,19194.45875802701,3,0.09369533804848537,40829.784000000036,40845.18400000003,False,,
lamf-test-b2a69e4a-f75e-4751-ad43-b2adf397fd45,"{<resource_manager.instance.OnPremInstance object at 0x11cc07770>: [(5, 40950.18400000003, None)]}",99.34731245959347,50474.355106716685,40950.18400000003,19195.45875802701,1,45.6683686972393,40950.18400000003,44421.24400000003,True,52.7076783772393,7.039309679999994
lamf-test-396956b2-43cb-496d-8f0c-0ee7a61c67dd,"{<resource_manager.instance.OnPremInstance object at 0x11cc07770>: [(2, 40980.584000000024, None)]}",82.48316532935924,50420.26138204262,40980.584000000024,19200.57419145801,1,27.67060445661265,40980.584000000024,46105.10200000002,True,31.827613458212646,4.157009001599997
lamf-test-2b83bd20-9a87-454f-8bc9-f6503da1f9d0,"{<resource_manager.instance.OnPremInstance object at 0x11cc07770>: [(3, 41010.584000000024, None)]}",93.14423892083788,50300.36063027957,41010.584000000024,19205.47108732401,2,30.01647151479768,41010.584000000024,50315.76063027956,False,,
lamf-test-33fae0e0-9739-4c13-8834-0589e7587a07,"{<resource_manager.instance.OnPremInstance object at 0x11cc07770>: [(2, 41040.584000000024, None)]}",87.86109604520695,50429.9528077756,41040.584000000024,19206.47108732401,2,12.993850496189953,41040.584000000024,45820.42400000002,True,16.87125670418995,3.877406207999997
lamf-test-e5f8465a-4435-4b7a-801a-354ef982dcda,"{<resource_manager.instance.OnPremInstance object at 0x11cc07770>: [(3, 41070.584000000024, None)]}",304.6031866584939,147003.9197999866,41070.584000000024,19207.47108732401,1,210.29527606662097,41070.584000000024,67405.56100000002,True,242.33967608022095,32.04440001359999
lamf-test-fd51a7dd-bca8-4714-a851-595e00860b67,"{<resource_manager.instance.CloudReservedInstance object at 0x11cc07cb0>: [(2, 41100.584000000024, None)], <resource_manager.instance.CloudOnDemandInstance object at 0x11cc223f0>: [(1, 41100.584000000024, None)]}",86.19568247701017,50482.70003826399,41100.584000000024,19208.54146705901,3,33.35240310687642,41100.584000000024,50498.10003826398,False,,
lamf-test-56707fec-34cd-4c0e-a454-d4551f611032,"{<resource_manager.instance.CloudOnDemandInstance object at 0x11cc223f0>: [(4, 41130.584000000024, None)]}",312.7950515260771,147029.85045377357,41130.584000000024,19212.24585734801,3,382.55090303112513,41531.120000000024,104007.60679945334,False,,
lamf-test-f14e2551-1aeb-4008-9226-cf172ac76d45,"{<resource_manager.instance.OnPremInstance object at 0x11cc07770>: [(2, 41561.720000000016, None)]}",113.07976716267329,50408.48299892995,41561.720000000016,19215.953734300012,2,13.632690889718742,41561.720000000016,46576.56000000001,True,17.70072909771874,4.068038207999997
lamf-test-3bd57c11-f664-4998-9d53-96c6dc4f87c4,"{<resource_manager.instance.OnPremInstance object at 0x11cc07770>: [(4, 41591.720000000016, None)]}",326.99178124993756,147225.8305357161,41591.720000000016,19216.953734300012,1,346.70921484523524,41591.720000000016,74389.414,True,399.9201935908352,53.21097874559998
lamf-test-43098e09-15cf-41fe-b455-41529b19decc,"{<resource_manager.instance.OnPremInstance object at 0x11cc07770>: [(4, 41771.720000000016, None)]}",67.69762432994189,33274.145676982334,41771.720000000016,19218.82825785801,1,0.16279564985924336,41771.720000000016,41787.12000000001,False,,
lamf-test-79b31340-0554-44ef-87de-f4504dbdfc60,"{<resource_manager.instance.OnPremInstance object at 0x11cc07770>: [(6, 42012.12000000001, None)]}",304.54338810954675,146688.13783537515,42012.12000000001,19237.85751501801,1,273.81358316221764,42012.12000000001,59405.23500000001,True,316.14146782621765,42.327884663999995
lamf-test-e846f77b-9785-4a57-980e-5e6be4c30da6,"{<resource_manager.instance.CloudOnDemandInstance object at 0x11ce2d6d0>: [(2, 42042.12000000001, None)], <resource_manager.instance.CloudOnDemandInstance object at 0x11cc223f0>: [(1, 42042.12000000001, None)]}",318.0816768556553,147126.95992046534,42042.12000000001,19239.987773993013,3,319.7208606600208,42442.65600000001,147142.35992046536,False,,
lamf-test-1bfc2de0-7e2f-450e-9736-96acfe81a2a7,"{<resource_manager.instance.OnPremInstance object at 0x11cc07770>: [(5, 42473.85599999999, None)]}",88.34113338193856,50514.353543018115,42473.85599999999,19242.297062675014,1,56.54869906456763,42473.85599999999,46771.88399999999,True,65.26509984856763,8.716400783999996
lamf-test-ff8adf42-1018-4980-bdfd-c498e4f1b637,"{<resource_manager.instance.OnPremInstance object at 0x11cc07770>: [(2, 42503.85599999999, None)]}",50.99968955238831,33895.27380009553,42503.85599999999,19800.341575382015,1,0.08315461251803077,42503.85599999999,42519.25599999999,False,,
lamf-test-9655ffad-b7de-4846-8625-1393b7fdfd45,"{<resource_manager.instance.OnPremInstance object at 0x11cc07770>: [(3, 42534.05599999999, None)]}",323.69507710357215,147484.26572351946,42534.05599999999,19808.987514635017,1,131.1633344741044,42534.05599999999,58959.45299999998,True,151.1497575437044,19.98642306959999
lamf-test-d1831f12-882c-4e14-bb62-b9776ced5649,"{<resource_manager.instance.OnPremInstance object at 0x11cc07770>: [(3, 42564.05599999999, None)]}",62.263052342770514,33939.51386823189,42564.05599999999,19810.001849150016,3,0.07027150353636404,42564.05599999999,42579.455999999984,False,,
lamf-test-9c4c82a6-08d5-47bd-9589-83ce8af6f468,"{<resource_manager.instance.OnPremInstance object at 0x11cc07770>: [(6, 42624.05599999999, None)]}",291.9040113839834,147520.6027888117,42624.05599999999,19813.774575662017,3,95.32456308464526,42624.05599999999,53069.244999999995,True,120.74397503504528,25.419411950400015
lamf-test-0d7701be-3ce7-49c1-9391-e93bc28aface,"{<resource_manager.instance.OnPremInstance object at 0x11cc07770>: [(2, 42804.455999999984, None)]}",74.93798997685712,33996.634955662725,42804.455999999984,19819.199796731016,3,0.046847669024242686,42804.455999999984,42819.85599999998,False,,
lamf-test-df81467a-4b45-4bf0-9c71-c38863eca94a,"{<resource_manager.instance.OnPremInstance object at 0x11cc07770>: [(3, 42834.455999999984, None)]}",90.94794091988545,51022.97729355119,42834.455999999984,19823.151276035016,2,12.21246881432165,42834.455999999984,46620.349999999984,True,16.81914463352165,4.6066758192
lamf-test-a691c5b1-12d1-40f2-af64-e72afc904125,"{<resource_manager.instance.OnPremInstance object at 0x11cc07770>: [(5, 43015.055999999975, None)]}",99.92248787916859,50985.25268821858,43015.055999999975,19832.775586484015,3,30.15628564909879,43015.055999999975,46980.305999999975,True,38.19781264909879,8.041526999999999
lamf-test-08f07093-2907-4ba0-a255-32c22f0fcc78,"{<resource_manager.instance.CloudOnDemandInstance object at 0x11cc22780>: [(1, 43285.055999999975, None)], <resource_manager.instance.CloudOnDemandInstance object at 0x11cc223f0>: [(1, 43285.055999999975, None)], <resource_manager.instance.CloudOnDemandInstance object at 0x11cc07b60>: [(1, 43285.055999999975, None)]}",298.09142219625704,147528.125165372,43285.055999999975,19836.895111463014,3,70.86439436534842,43685.591999999975,60756.229528311844,True,163.27292539129556,92.40853102594714
lamf-test-2809816c-7bfc-46e3-bb73-0ce9925ea853,"{<resource_manager.instance.OnPremInstance object at 0x11cc07770>: [(2, 43716.991999999955, None)]}",50.90207279429441,34001.677966333955,43716.991999999955,19837.895111463014,1,0.08315461251803077,43716.991999999955,43732.39199999995,False,,
lamf-test-327a626d-9865-47f8-8ba0-52996ec1940c,"{<resource_manager.instance.OnPremInstance object at 0x11cc07770>: [(4, 43746.991999999955, None)]}",74.39841740073138,33979.82505555502,43746.991999999955,19840.513774794013,1,0.16279564985924336,43746.991999999955,43762.39199999995,False,,
lamf-test-44149545-c52b-4763-ae20-c3268c37dc6f,"{<resource_manager.instance.OnPremInstance object at 0x11cc07770>: [(6, 44468.19199999994, None)]}",109.24225266973586,50922.34442176102,44468.19199999994,19846.286473401015,2,24.166617530529283,44468.19199999994,50059.92199999993,True,37.77465165852927,13.608034127999991
lamf-test-457a1c73-20e1-45f7-a144-19901295fb3b,"{<resource_manager.instance.OnPremInstance object at 0x11cc07770>: [(4, 44498.391999999934, None)]}",49.05334152829353,34553.49956819245,44498.391999999934,20391.662208402013,1,0.16279564985924336,44498.391999999934,44513.79199999993,False,,
lamf-test-dd9abd19-48be-42ba-b1bc-fa915a5dcef1,"{<resource_manager.instance.CloudOnDemandInstance object at 0x11cc223f0>: [(3, 44528.59199999993, None)], <resource_manager.instance.CloudOnDemandInstance object at 0x11cc07b60>: [(1, 44528.59199999993, None)]}",320.9475259671587,148070.67558250474,44528.59199999993,20394.02500583701,2,511.1303267361949,44929.12799999993,148086.07558250474,False,,
lamf-test-6f2e770b-ffa0-4b22-be2e-700e1acc453c,"{<resource_manager.instance.OnPremInstance object at 0x11cc07770>: [(6, 44959.92799999992, None)]}",314.03861715723247,147907.15649864642,44959.92799999992,20400.71573700301,3,91.17024868811312,44959.92799999992,54949.907999999916,True,115.48186401611311,24.31161532799999
lamf-test-32172143-1bae-4833-a5f0-e53bac6ac6d4,"{<resource_manager.instance.OnPremInstance object at 0x11cc07770>: [(6, 45861.727999999894, None)]}",101.07515126388836,51591.30548201485,45861.727999999894,20407.89855871201,1,78.11842162902124,45861.727999999894,50823.945999999894,True,90.19447535382125,12.076053724800003
lamf-test-3b06725f-04eb-4610-a2d8-34a69a9c127f,"{<resource_manager.instance.OnPremInstance object at 0x11cc07770>: [(5, 45891.92799999989, None)]}",123.85755114021583,51620.89487089059,45891.92799999989,20409.46557708601,3,43.686720441787905,45891.92799999989,51636.29487089058,False,,
lamf-test-73802176-7b43-45cb-be2f-758b39305344,"{<resource_manager.instance.OnPremInstance object at 0x11cc07770>: [(4, 45922.12799999989, None)]}",57.80879755607951,34567.7350494569,45922.12799999989,20410.46557708601,3,0.09369533804848537,45922.12799999989,45937.52799999988,False,,
lamf-test-bfb0cddb-1544-48a4-b06e-9eadc91468fd,"{<resource_manager.instance.OnPremInstance object at 0x11cc07770>: [(6, 46042.12799999989, None)]}",95.51732021748852,51697.62490912774,46042.12799999989,20418.041632969012,2,15.949760985725916,46042.12799999989,49732.62199999989,True,24.930947184125912,8.981186198399998
lamf-test-3e227187-9182-4a9b-bf09-75d5b5a39b59,"{<resource_manager.instance.OnPremInstance object at 0x11cc07770>: [(2, 46072.12799999989, None)]}",320.9833484047092,148209.77304503854,46072.12799999989,20421.425205187013,2,89.22750107078711,46072.12799999989,78894.82199999987,True,115.85327044358709,26.625769372799983
lamf-test-0fdcad07-bf2d-4d92-8354-0c4ee7d909cf,"{<resource_manager.instance.OnPremInstance object at 0x11cc07770>: [(6, 46162.327999999885, None)]}",57.46774388158159,34518.46476633183,46162.327999999885,20422.425205187013,1,0.24243668720045594,46162.327999999885,46177.72799999988,False,,
lamf-test-f86b8860-b2ed-456c-9f30-6f6a9139ebf4,"{<resource_manager.instance.OnPremInstance object at 0x11cc07770>: [(5, 46222.327999999885, None)]}",305.1378797801942,148511.0866076428,46222.327999999885,20425.218001085013,3,181.7547494106015,46222.327999999885,70121.25999999988,True,230.2217835066015,48.467034095999985
lamf-test-a37f5b70-4c4f-44b3-a817-99539c326610,"{<resource_manager.instance.CloudReservedInstance object at 0x11cc222c0>: [(2, 46252.52799999988, None)], <resource_manager.instance.CloudReservedInstance object at 0x11cc07cb0>: [(2, 46252.52799999988, None)]}",57.694188998700625,34512.91870222961,46252.52799999988,20426.218001085013,3,0.07807944837373781,46252.52799999988,46267.927999999876,False,,
lamf-test-a0961e5f-36f8-49a0-be25-041d077e1525,"{<resource_manager.instance.CloudReservedInstance object at 0x11cc222c0>: [(2, 46342.52799999988, None)]}",302.7913218356865,148168.90973230527,46342.52799999988,20428.456336395015,2,108.12624688820446,46342.52799999988,86117.20141783381,True,154.80580361137436,46.679556723169895
lamf-test-e9e3c180-3644-4ec5-bd7f-fb857cf9758f,"{<resource_manager.instance.OnPremInstance object at 0x11cc07770>: [(5, 46703.12799999987, None)]}",277.1468078662494,148186.820218266,46703.12799999987,20435.417226813013,1,58.94263540953675,46703.12799999987,51183.108999999866,True,68.02803687753674,9.085401467999985
lamf-test-9329565e-0cc9-410e-9937-6b7537e158ae,"{<resource_manager.instance.OnPremInstance object at 0x11cc07770>: [(6, 46973.727999999865, None)]}",289.93639360238836,148054.04071592368,46973.727999999865,20439.820523355014,1,140.9259589322381,46973.727999999865,55925.58999999986,True,162.7112102954381,21.785251363199986
lamf-test-f542227f-df52-4f0c-ae96-9700636101a5,"{<resource_manager.instance.OnPremInstance object at 0x11cc07770>: [(6, 47003.727999999865, None)]}",98.85116440229747,51621.30977650629,47003.727999999865,20440.820523355014,3,42.281376011922625,47003.727999999865,51636.709776506286,False,,
lamf-test-9aa73522-f6c8-49a8-a56a-28cd17720766,"{<resource_manager.instance.OnPremInstance object at 0x11cc07770>: [(6, 47063.727999999865, None)]}",99.02000673984057,51679.92165083012,47063.727999999865,20442.180090208014,1,40.24052292950036,47063.727999999865,49619.875999999866,True,46.46116470230036,6.220641772800003
lamf-test-20435df7-63e4-419e-8d22-d33076e8dcf2,"{<resource_manager.instance.OnPremInstance object at 0x11cc07770>: [(2, 47093.727999999865, None)]}",307.8323914198774,148178.3204287554,47093.727999999865,20450.135338039014,2,35.222217716461564,47093.727999999865,60050.361999999855,True,45.73263921726156,10.510421500799993
lamf-test-79eb9a19-2e44-423f-814a-791df0f7734e,"{<resource_manager.instance.OnPremInstance object at 0x11cc07770>: [(2, 47184.12799999986, None)]}",110.61449386789155,52090.44245257364,47184.12799999986,20994.903653947014,3,14.972133097798386,47184.12799999986,52105.84245257363,False,,
lamf-test-7f97cbae-fe7b-4dba-87f8-0ca2882583a5,"{<resource_manager.instance.OnPremInstance object at 0x11cc07770>: [(4, 47214.327999999856, None)]}",101.33638951109616,52110.34126394426,47214.327999999856,20996.604179527014,2,17.888158865107933,47214.327999999856,52125.741263944255,False,,
lamf-test-6c201a0a-e193-4746-b7c6-ff82b4d5eeef,"{<resource_manager.instance.OnPremInstance object at 0x11cc07770>: [(6, 47786.527999999824, None)]}",319.4947582934635,148842.51746473383,47786.527999999824,20997.604179527014,2,75.38825290081084,47786.527999999824,65230.04299999983,True,117.83879100481086,42.45053810400002
lamf-test-4b6bc7a8-825f-4ed7-a11d-b9402493f256,"{<resource_manager.instance.OnPremInstance object at 0x11cc07770>: [(2, 47816.527999999824, None)]}",315.0940754980354,148676.25187636365,47816.527999999824,20998.620364504513,2,36.48578692699655,47816.527999999824,61237.970999999816,True,47.37326148859655,10.887474561599994
lamf-test-0c64519c-480b-40a3-83cb-e32930215173,"{<resource_manager.instance.OnPremInstance object at 0x11cc07770>: [(4, 47966.527999999824, None)]}",305.2027703895845,148661.00034891363,47966.527999999824,21000.081157124012,3,163.38998250817548,47966.527999999824,74821.71399999982,True,206.95983627457548,43.56985376639999
lamf-test-545db71e-0ac4-4fd9-bae7-0ae698ee188a,"{<resource_manager.instance.OnPremInstance object at 0x11cc07770>: [(5, 48386.92799999982, None)]}",303.0498265026395,148836.35248091866,48386.92799999982,21004.019572886013,2,22.011487090365478,48386.92799999982,53887.326999999816,True,33.16629626236547,11.154809171999995
lamf-test-4f1fe545-8677-4a84-8abf-5cf06961f85c,"{<resource_manager.instance.OnPremInstance object at 0x11cc07770>: [(6, 48688.1279999998, None)]}",310.3840944895742,148574.8868021912,48688.1279999998,21006.807756155013,2,41.01336548962636,48688.1279999998,58177.898999999794,True,64.10767219522634,23.094306705599987
lamf-test-6e9b564f-bd08-4a74-adb5-0f54b0e3a954,"{<resource_manager.instance.OnPremInstance object at 0x11cc07770>: [(2, 49229.72799999978, None)]}",95.10170299612852,52188.76882625232,49229.72799999978,21007.807756155013,2,8.085927438175597,49229.72799999978,52204.16882625232,False,,
lamf-test-cf5ee26c-33df-418f-9253-bf22cfb1db3e,"{<resource_manager.instance.OnPremInstance object at 0x11cc07770>: [(3, 49589.72799999978, None)]}",86.78911405093122,52098.95349941851,49589.72799999978,21012.41634581701,3,10.945790554414769,49589.72799999978,51988.497999999774,True,13.864613890414766,2.9188233359999964
lamf-test-20bd965c-e3af-463e-ad6b-f7ce4b078baa,"{<resource_manager.instance.OnPremInstance object at 0x11cc07770>: [(5, 49709.72799999978, None)]}",49.20241958092055,35214.2799215764,49709.72799999978,21018.82828580401,2,0.06162769304399561,49709.72799999978,49725.12799999977,False,,
lamf-test-d80357f1-4d3d-475b-a1da-53fbb3ddaa84,"{<resource_manager.instance.OnPremInstance object at 0x11cc07770>: [(6, 49769.927999999774, None)]}",308.2995677163823,148822.1848984774,49769.927999999774,21020.00557306201,1,430.01018822724166,49769.927999999774,77084.92299999978,True,496.48396005924167,66.47377183200001
lamf-test-0b008ed2-19e2-4099-a5b7-5ad49013ab38,"{<resource_manager.instance.OnPremInstance object at 0x11cc07770>: [(6, 50341.327999999754, None)]}",98.70843455961634,52298.11595439848,50341.327999999754,21024.09117066601,3,17.998521144409978,50341.327999999754,52313.51595439848,False,,
lamf-test-e31740c1-403e-4c71-8a7f-0330adf6a272,"{<resource_manager.instance.OnPremInstance object at 0x11cc07770>: [(5, 50881.927999999745, None)]}",51.6673689623557,35106.62654613446,50881.927999999745,21027.71805443401,1,0.20261616852984965,50881.927999999745,50897.32799999974,False,,
lamf-test-ff97215d-d288-4a40-9a08-b29190e7eee1,"{<resource_manager.instance.OnPremInstance object at 0x11cc07770>: [(4, 50941.927999999745, None)]}",50.90199713640601,35086.61893118093,50941.927999999745,21034.354457100013,1,0.16279564985924336,50941.927999999745,50957.32799999974,False,,
lamf-test-0b722e5a-870b-4bb2-acf4-7c5f987aee07,"{<resource_manager.instance.OnPremInstance object at 0x11cc07770>: [(4, 51001.927999999745, None)]}",60.84882595404457,35188.643398273445,51001.927999999745,21051.872623386014,3,0.09369533804848537,51001.927999999745,51017.32799999974,False,,
lamf-test-86bee4c0-8211-4364-b2b2-315ff254f448,"{<resource_manager.instance.OnPremInstance object at 0x11cc07770>: [(4, 51062.12799999974, None)]}",60.879551145103115,35205.117614472634,51062.12799999974,21052.884316089014,1,0.16279564985924336,51062.12799999974,51077.52799999974,False,,
lamf-test-1fb51fa6-4d43-412b-9a86-c51ec772c644,"{<resource_manager.instance.OnPremInstance object at 0x11cc07770>: [(5, 51182.32799999974, None)]}",79.83864331738259,35998.72563565883,51182.32799999974,21605.053285929014,3,0.11711917256060674,51182.32799999974,51197.72799999973,False,,
lamf-test-ea68f53d-4ebe-4fb8-83dd-aa5b6c6a2310,"{<resource_manager.instance.OnPremInstance object at 0x11cc07770>: [(4, 51242.52799999974, None)]}",110.2774483129196,52848.28697621488,51242.52799999974,21609.973943283014,3,9.863314175770837,51242.52799999974,52863.68697621487,False,,
lamf-test-ed127e72-be6f-436a-8fe9-27a8ad06a858,"{<resource_manager.instance.OnPremInstance object at 0x11cc07770>: [(6, 51362.52799999974, None)]}",328.19458272409565,149533.3261365563,51362.52799999974,21617.581777104013,3,167.93641797855344,51362.52799999974,69764.16099999973,True,212.71863204735342,44.78221406879999
lamf-test-6250b41b-6866-44ee-9930-467c8f1f7d45,"{<resource_manager.instance.OnPremInstance object at 0x11cc07770>: [(6, 51662.92799999973, None)]}",92.1601820634213,52838.83630405726,51662.92799999973,21618.926727618014,3,10.872081259936317,51662.92799999973,52854.23630405725,False,,
lamf-test-4c84a4d8-5052-4c6f-afd2-7c5df767217c,"{<resource_manager.instance.OnPremInstance object at 0x11cc07770>: [(6, 52023.327999999725, None)]}",71.28909006291121,35722.86926176639,52023.327999999725,21625.339289352014,1,0.24243668720045594,52023.327999999725,52038.72799999972,False,,
lamf-test-e1378e61-db93-479c-b4b7-359d51f2c742,"{<resource_manager.instance.OnPremInstance object at 0x11cc07770>: [(6, 52143.327999999725, None)]}",52.48076757861521,35888.665361848965,52143.327999999725,21626.339289352014,1,0.24243668720045594,52143.327999999725,52158.72799999972,False,,
lamf-test-56573715-8535-4ef6-86b5-dcb681b21f75,"{<resource_manager.instance.OnPremInstance object at 0x11cc07770>: [(2, 52173.327999999725, None)]}",309.32301155717374,149656.0433771389,52173.327999999725,21632.373668803015,2,54.47068537718567,52173.327999999725,72210.58799999971,True,70.72491068918566,16.25422531199999
lamf-test-a8f2c75b-6fbc-476d-891d-92f88bfed8de,"{<resource_manager.instance.OnPremInstance object at 0x11cc07770>: [(6, 52203.327999999725, None)]}",60.82789615796186,35878.63600372748,52203.327999999725,21635.917170307013,2,0.06655648787942382,52203.327999999725,52218.72799999972,False,,
lamf-test-7c4919b0-6563-4e4b-a109-6e7eddf9dab2,"{<resource_manager.instance.OnPremInstance object at 0x11cc07770>: [(4, 52263.72799999972, None)]}",284.9077105670405,149378.61612498263,52263.72799999972,21645.012526438015,3,166.28120769640273,52263.72799999972,79594.12299999972,True,210.62204054440272,44.34083284799999
lamf-test-2b8a61cc-a82b-4153-b888-886b130ebdcb,"{<resource_manager.instance.OnPremInstance object at 0x11cc07770>: [(6, 52323.72799999972, None)]}",288.0380279745152,149671.21197439937,52323.72799999972,21646.012526438015,1,227.552979466119,52323.72799999972,66778.28899999971,True,262.729599115719,35.176619649599985
lamf-test-ecb2683b-9e41-48ec-91a2-6a6d38c45b39,"{<resource_manager.instance.CloudReservedInstance object at 0x11cc07cb0>: [(1, 52353.72799999972, None)], <resource_manager.instance.CloudOnDemandInstance object at 0x11cc223f0>: [(1, 52353.72799999972, None)]}",329.9077900544537,149606.62194037132,52353.72799999972,21648.059963075015,3,246.57969919226207,52353.72799999972,149622.02194037134,False,,
lamf-test-69f3610c-edfc-431a-ac62-c6c3e7603585,"{<resource_manager.instance.OnPremInstance object at 0x11cc07770>: [(5, 52444.12799999971, None)]}",101.55343618416583,52875.54130585461,52444.12799999971,21649.650893333015,1,5.878675329903134,52444.12799999971,52890.941305854605,False,,
lamf-test-db07f320-f70e-4581-b141-d95e0791351c,"{<resource_manager.instance.OnPremInstance object at 0x11cc07770>: [(4, 52564.32799999971, None)]}",67.5503798079176,36247.30461850965,52564.32799999971,22198.199114030016,2,0.05608928259914327,52564.32799999971,52579.727999999704,False,,
lamf-test-f73d4880-234f-4ef4-b427-8c893deb0ab7,"{<resource_manager.instance.OnPremInstance object at 0x11cc07770>: [(5, 52594.52799999971, None)]}",289.55899307824876,149751.6365859558,52594.52799999971,22199.199114030016,2,73.56719018107741,52594.52799999971,70978.06099999971,True,110.84899510507742,37.28180492400001
lamf-test-870691de-e40a-44a6-b524-758dc9ee2699,"{<resource_manager.instance.OnPremInstance object at 0x11cc07770>: [(6, 52744.52799999971, None)]}",318.593861795503,149714.79925962738,52744.52799999971,22206.706961946016,3,59.05377138945923,52744.52799999971,59215.3449999997,True,74.80115164065921,15.74738025119999
lamf-test-787e33de-2c34-4cf0-bd9d-1f6b1a5da962,"{<resource_manager.instance.OnPremInstance object at 0x11cc07770>: [(3, 52774.52799999971, None)]}",98.72547788684845,53601.81131809449,52774.52799999971,22207.706961946016,1,6.729161791767577,52774.52799999971,53617.21131809449,False,,
lamf-test-95b7467a-1a49-4273-9a59-d080cf448191,"{<resource_manager.instance.OnPremInstance object at 0x11cc07770>: [(6, 52864.52799999971, None)]}",303.1008089718593,149915.41141993614,52864.52799999971,22224.724147507015,1,179.8692409308692,52864.52799999971,64290.134999999704,True,207.6745981260692,27.805357195199992
lamf-test-4b6ef0de-0d6b-4c17-a583-0b04e2222603,"{<resource_manager.instance.OnPremInstance object at 0x11cc07770>: [(6, 52924.52799999971, None)]}",304.5800255914627,150193.99438086298,52924.52799999971,22236.527282344014,2,51.49836773881452,52924.52799999971,64840.3439999997,True,80.4966975564145,28.99832981759998
lamf-test-dfcd1cfc-af92-4194-9a51-c980d70402e7,"{<resource_manager.instance.OnPremInstance object at 0x11cc07770>: [(5, 53044.727999999704, None)]}",104.89919658381315,53389.517366859334,53044.727999999704,22244.403785656013,2,1.4414051778275598,53044.727999999704,53404.91736685933,False,,
lamf-test-3caf5282-95cc-4847-bdc6-12864fd51ff6,"{<resource_manager.instance.OnPremInstance object at 0x11cc07770>: [(2, 53074.727999999704, None)]}",88.21646259362132,53225.46959213796,53074.727999999704,22253.613720688012,1,0.8971064751552041,53074.727999999704,53240.869592137955,False,,
lamf-test-76f31f64-e074-4b6a-9579-e22c37b55e69,"{<resource_manager.instance.OnPremInstance object at 0x11cc07770>: [(5, 53164.727999999704, None)]}",57.885218243385175,37043.212191014274,53164.727999999704,22797.88689327401,3,0.11711917256060674,53164.727999999704,53180.1279999997,False,,
lamf-test-9e038649-678e-4ec1-8038-665a8a0ccdab,"{<resource_manager.instance.OnPremInstance object at 0x11cc07770>: [(6, 53284.727999999704, None)]}",305.1144082584737,150536.109491762,53284.727999999704,22798.88689327401,1,360.40439561943856,53284.727999999704,76178.2419999997,True,416.11805128983855,55.71365567039997
lamf-test-816ecb3f-0729-4858-99cd-1237c929b94a,"{<resource_manager.instance.OnPremInstance object at 0x11cc07770>: [(6, 53464.727999999704, None)]}",325.447174391888,150432.31619825948,53464.727999999704,22800.767709791013,1,125.25544969199184,53464.727999999704,61421.17199999971,True,144.61825181039185,19.36280211840001
lamf-test-9dd25f94-b2d8-4857-adb4-87c377066854,"{<resource_manager.instance.CloudOnDemandInstance object at 0x11cc22780>: [(3, 53494.9279999997, None)]}",304.2337725718405,150863.89634580072,53494.9279999997,22801.767709791013,2,159.36170104484341,53895.4639999997,102897.42940970165,True,489.8347939749036,330.4730929300602
lamf-test-5d4708b4-be70-4e57-95c0-9df21e198378,"{<resource_manager.instance.OnPremInstance object at 0x11cc07770>: [(5, 53925.4639999997, None)]}",119.73047030526563,54015.18852189866,53925.4639999997,22803.258502209013,1,1.383112197773086,53925.4639999997,54030.58852189865,False,,
lamf-test-fe21cf99-74f2-4c6e-92c0-836166b37c9b,"{<resource_manager.instance.OnPremInstance object at 0x11cc07770>: [(3, 53955.4639999997, None)]}",306.6266107573227,150616.46351948168,53955.4639999997,22807.402621881014,3,63.492365959388536,53955.4639999997,67869.8159999997,True,80.42334947298853,16.9309835136
lamf-test-af303474-9c6d-4cd6-af46-9ee1b2d1d0c4,"{<resource_manager.instance.OnPremInstance object at 0x11cc07770>: [(6, 54075.4639999997, None)]}",83.47238892971743,53997.602839396845,54075.4639999997,22810.663193493016,3,0.14054300707272807,54075.4639999997,54090.863999999696,False,,
lamf-test-48887eaf-7764-41b1-8a24-eb297e7a4537,"{<resource_manager.instance.OnPremInstance object at 0x11cc07770>: [(6, 54135.4639999997, None)]}",92.60848910013964,53951.91128924198,54135.4639999997,22811.663193493016,1,0.24243668720045594,54135.4639999997,54150.863999999696,False,,
lamf-test-70da499d-f492-45a5-857f-ba98849424d5,"{<resource_manager.instance.CloudReservedInstance object at 0x11ce2d310>: [(4, 54165.4639999997, None)]}",105.64492540905647,53909.02272622214,54165.4639999997,22814.905712158015,3,0.046847669024242686,54165.4639999997,54180.863999999696,False,,
lamf-test-41153241-bf67-4ba2-bd57-821911347a85,"{<resource_manager.instance.OnPremInstance object at 0x11cc07770>: [(3, 54195.4639999997, None)]}",99.23133172494114,53966.5962561208,54195.4639999997,22818.515208301014,3,0.07027150353636404,54195.4639999997,54210.863999999696,False,,
lamf-test-6557112d-0dd1-4a4f-956a-4810ab29fb87,"{<resource_manager.instance.CloudReservedInstance object at 0x11ce2d310>: [(4, 54255.6639999997, None)], <resource_manager.instance.CloudOnDemandInstance object at 0x11cc22780>: [(1, 54255.6639999997, None)]}",284.1643475390076,150107.07635314288,54255.6639999997,22819.515208301014,3,437.44837943483094,54255.6639999997,150122.4763531429,False,,
lamf-test-9c88980c-fc13-42ba-ae80-9214e850b23c,"{<resource_manager.instance.OnPremInstance object at 0x11cc07770>: [(3, 54315.863999999696, None)]}",56.88278421553064,36873.319254716684,54315.863999999696,22823.707318736015,2,0.049677043187284775,54315.863999999696,54331.26399999969,False,,
lamf-test-599db447-ffc5-4f67-bbdb-15246291d10d,"{<resource_manager.instance.OnPremInstance object at 0x11cc07770>: [(4, 54736.26399999969, None)]}",58.09494942769889,36732.85871374334,54736.26399999969,22830.775937543014,3,0.09369533804848537,54736.26399999969,54751.663999999684,False,,
lamf-test-67a1a99a-4314-4946-83c9-ed2acd2c23fe,"{<resource_manager.instance.OnPremInstance object at 0x11cc07770>: [(2, 54796.46399999969, None)]}",104.56386159081104,54043.6535895098,54796.46399999969,22833.519746588016,2,0.04186443429931751,54796.46399999969,54811.86399999968,False,,
lamf-test-1bd3ea85-4b86-41d6-88ae-4d09629a5e9f,"{<resource_manager.instance.OnPremInstance object at 0x11cc07770>: [(5, 54856.46399999969, None)]}",91.30297666017438,53984.95836986376,54856.46399999969,22843.240039928016,2,0.06162769304399561,54856.46399999969,54871.86399999968,False,,
lamf-test-04e82c6f-21eb-4e35-8244-b06d0737db1d,"{<resource_manager.instance.OnPremInstance object at 0x11cc07770>: [(5, 54916.46399999969, None)]}",95.5159501731966,54278.662525366395,54916.46399999969,22845.417157412016,2,0.06162769304399561,54916.46399999969,54931.86399999968,False,,
lamf-test-227b9038-f251-4152-94eb-43a9fb1d09b6,"{<resource_manager.instance.OnPremInstance object at 0x11cc07770>: [(5, 54976.46399999969, None)]}",66.25196628808428,37075.80053694996,54976.46399999969,22847.168584514016,2,0.06162769304399561,54976.46399999969,54991.86399999968,False,,
lamf-test-b20c0974-09ea-4c80-b141-7811b8b20475,"{<resource_manager.instance.OnPremInstance object at 0x11cc07770>: [(2, 55036.46399999969, None)]}",96.38631983638818,53945.9639648157,55036.46399999969,22850.014402979017,1,0.08315461251803077,55036.46399999969,55051.86399999968,False,,
lamf-test-ab19fe1e-973b-44c8-a2b5-9c88f8dd630c,"{<resource_manager.instance.OnPremInstance object at 0x11cc07770>: [(5, 55096.46399999969, None)]}",310.22675767562004,150666.12652823757,55096.46399999969,22851.014402979017,3,136.32994144041365,55096.46399999969,73022.48799999968,True,172.68391811241364,36.35397667199998
lamf-test-38119ffa-10d5-4f96-9e4f-d7aa2d684f4c,"{<resource_manager.instance.OnPremInstance object at 0x11cc07770>: [(5, 55578.063999999664, None)]}",315.0920376046709,150709.5426650552,55578.063999999664,22853.854542141016,2,57.78420993496012,55578.063999999664,70017.62499999965,True,87.06763964296009,29.28342970799997
lamf-test-0edb2b7d-ea79-4551-a1d6-40e8f4f75204,"{<resource_manager.instance.OnPremInstance object at 0x11cc07770>: [(2, 55698.063999999664, None)]}",49.09599477194767,36847.265483797244,55698.063999999664,22854.854542141016,3,0.046847669024242686,55698.063999999664,55713.46399999966,False,,
lamf-test-fb5bb86a-097c-4cce-b52f-faf7de14091c,"{<resource_manager.instance.OnPremInstance object at 0x11cc07770>: [(5, 55758.063999999664, None)]}",310.7135837098068,150652.81123416423,55758.063999999664,22856.009503270016,2,31.930924492599036,55758.063999999664,63737.207999999664,True,48.11262852459903,16.181704032
lamf-test-ffa00229-4854-4a3b-9050-ac62a552280b,"{<resource_manager.instance.OnPremInstance object at 0x11cc07770>: [(2, 55848.26399999966, None)]}",328.09484391630104,150699.26762365442,55848.26399999966,22857.645203608015,3,62.15672370522467,55848.26399999966,76280.73299999964,True,78.73154255802466,16.574818852799986
lamf-test-404b381d-5a0f-4cbc-ae4f-02ebbbeb7a4d,"{<resource_manager.instance.OnPremInstance object at 0x11cc07770>: [(6, 55998.46399999966, None)]}",54.32250531179826,37071.738649788604,55998.46399999966,22858.645203608015,1,0.24243668720045594,55998.46399999966,56013.86399999965,False,,
lamf-test-1945932c-936e-4e58-b59b-8fc5fe0a5a90,"{<resource_manager.instance.OnPremInstance object at 0x11cc07770>: [(4, 56028.46399999966, None)]}",307.9539703217035,151138.83736569042,56028.46399999966,23400.612487475017,1,89.50222579663843,56028.46399999966,64495.11699999965,True,103.23852362383842,13.736297827199985
lamf-test-05011c3e-5178-4e8c-a944-565636c84b62,"{<resource_manager.instance.OnPremInstance object at 0x11cc07770>: [(2, 56058.46399999966, None)]}",311.6110618417853,150890.72732164108,56058.46399999966,23402.726495570016,2,52.49757109314196,56058.46399999966,75369.90599999965,True,68.16301284354195,15.665441750399996
lamf-test-01d3dab5-d631-4e94-b48f-123fd1e6d0ca,"{<resource_manager.instance.OnPremInstance object at 0x11cc07770>: [(3, 56088.46399999966, None)]}",62.28353144846482,37505.95386018729,56088.46399999966,23406.354949961016,1,0.12297513118863707,56088.46399999966,56103.86399999965,False,,
lamf-test-e42daae1-319e-4d66-892f-ff458cefa185,"{<resource_manager.instance.OnPremInstance object at 0x11cc07770>: [(5, 56418.86399999965, None)]}",331.8539601540227,151087.59699927393,56418.86399999965,23410.057799918017,3,234.51865541105784,56418.86399999965,87255.72199999965,True,297.05580343505784,62.53714802399998
lamf-test-64767f79-cec9-4cb3-b8c5-46b3e86d20f8,"{<resource_manager.instance.CloudReservedInstance object at 0x11ce30290>: [(3, 56449.263999999646, None)], <resource_manager.instance.CloudReservedInstance object at 0x11cc07cb0>: [(1, 56449.263999999646, None)]}",283.87618715962776,150979.30034842776,56449.263999999646,23416.743507539017,2,306.1548812413247,56449.263999999646,118477.72803245299,True,554.243925985525,248.08904474420035
lamf-test-4f40bb80-4246-4e5c-807f-5b2f111e8553,"{<resource_manager.instance.OnPremInstance object at 0x11cc07770>: [(4, 57439.86399999964, None)]}",300.28901978300945,150984.14622858816,57439.86399999964,23419.014410747015,3,113.17200091261687,57439.86399999964,76041.09699999963,True,143.35064133181686,30.178640419199986
lamf-test-428fc4b3-a829-4902-849a-b2c3bb41b1dd,"{<resource_manager.instance.OnPremInstance object at 0x11cc07770>: [(6, 57710.663999999626, None)]}",111.95659614535904,54534.629306965246,57710.663999999626,23421.941043236016,3,0.14054300707272807,57710.663999999626,57726.06399999962,False,,
lamf-test-9638132b-b89e-4ce9-a020-504ebe7f7390,"{<resource_manager.instance.CloudReservedInstance object at 0x11ce30290>: [(2, 57740.663999999626, None)], <resource_manager.instance.CloudOnDemandInstance object at 0x11cc07b60>: [(1, 57740.663999999626, None)]}",103.1682902438305,54390.246712985565,57740.663999999626,23427.108716987015,2,0.06819741722920111,57740.663999999626,57756.06399999962,False,,
lamf-test-6ebb2b55-7f25-4fcc-998e-d62668ae8460,"{<resource_manager.instance.OnPremInstance object at 0x11cc07770>: [(6, 57800.86399999962, None)]}",60.69367071554156,37774.10873164,57800.86399999962,23440.153652021014,2,0.06655648787942382,57800.86399999962,57816.26399999962,False,,
lamf-test-5704a2cc-027b-4370-a7eb-9804c4d8380a,"{<resource_manager.instance.OnPremInstance object at 0x11cc07770>: [(5, 57921.06399999962, None)]}",328.518781280289,150941.29009183857,57921.06399999962,23442.223761659014,3,207.9450528557303,57921.06399999962,85263.7589999996,True,263.39603831573027,55.45098545999995
lamf-test-4bdc3b38-4b50-41c5-90d1-8319dfa6ef3f,"{<resource_manager.instance.OnPremInstance object at 0x11cc07770>: [(5, 57951.06399999962, None)]}",321.16833722466623,151288.12578530496,57951.06399999962,23445.947966777014,2,59.60586451436758,57951.06399999962,72845.83399999961,True,89.81245807436756,30.206593559999977
lamf-test-cbaeac35-da39-4580-bb48-6f69d435e1ef,"{<resource_manager.instance.OnPremInstance object at 0x11cc07770>: [(6, 58221.463999999614, None)]}",59.97502759856391,37721.79890670862,58221.463999999614,23446.947966777014,2,0.06655648787942382,58221.463999999614,58236.86399999961,False,,
lamf-test-faec5c90-186b-4555-954c-a8baf4f027a2,"{<resource_manager.instance.OnPremInstance object at 0x11cc07770>: [(4, 58281.463999999614, None)]}",104.23072108364673,54665.72971682517,58281.463999999614,23448.581275323013,3,0.09369533804848537,58281.463999999614,58296.86399999961,False,,
lamf-test-0967a8c1-fdb4-4be1-a916-cc022480b089,"{<resource_manager.instance.OnPremInstance object at 0x11cc07770>: [(2, 58311.463999999614, None)]}",89.68473907463206,54439.94061254304,58311.463999999614,23449.581275323013,1,0.08315461251803077,58311.463999999614,58326.86399999961,False,,
lamf-test-d392fb46-3ada-4299-920d-04b5ae462e49,"{<resource_manager.instance.OnPremInstance object at 0x11cc07770>: [(4, 58341.463999999614, None)]}",53.88118833696197,37575.019489375874,58341.463999999614,23452.358069761012,2,0.05608928259914327,58341.463999999614,58356.86399999961,False,,
lamf-test-b4f2a445-161d-42de-8bf2-99cedcdf1a1d,"{<resource_manager.instance.OnPremInstance object at 0x11cc07770>: [(2, 58371.463999999614, None)]}",317.30210148260704,151225.77979099454,58371.463999999614,23454.520561912013,2,27.07590443718661,58371.463999999614,68331.44399999961,True,35.15544021318661,8.079535775999997
lamf-test-c7f36b6d-6d0e-497a-bed2-ab51e4200e00,"{<resource_manager.instance.OnPremInstance object at 0x11cc07770>: [(6, 58461.463999999614, None)]}",67.30455789142538,37557.85349922114,58461.463999999614,23458.637260324012,2,0.06655648787942382,58461.463999999614,58476.86399999961,False,,
lamf-test-902ad2da-a958-4f6f-a105-0cf09133c223,"{<resource_manager.instance.OnPremInstance object at 0x11cc07770>: [(4, 58521.463999999614, None)]}",319.6161610919672,151122.15379617686,58521.463999999614,23460.106868713014,3,39.36918092630615,58521.463999999614,64992.28099999961,True,49.86743442710614,10.498253500799992
lamf-test-5c066d18-4f49-4722-a66a-a3c4e7ab30cb,"{<resource_manager.instance.CloudReservedInstance object at 0x11ce30290>: [(2, 58551.463999999614, None)], <resource_manager.instance.CloudOnDemandInstance object at 0x11cc07b60>: [(1, 58551.463999999614, None)]}",105.95282638563052,55145.54967331856,58551.463999999614,24007.495136656013,3,0.06246355869899025,58551.463999999614,58566.86399999961,False,,
lamf-test-03f57a47-31b2-463e-9964-32e1833cfbcd,"{<resource_manager.instance.OnPremInstance object at 0x11cc07770>: [(6, 58581.463999999614, None)]}",98.51981663568804,55172.92808319996,58581.463999999614,24008.495136656013,1,0.24243668720045594,58581.463999999614,58596.86399999961,False,,
lamf-test-b284ea68-a93a-41ac-9d3b-a2d0c0674e21,"{<resource_manager.instance.CloudReservedInstance object at 0x11ce30290>: [(1, 58641.66399999961, None)], <resource_manager.instance.CloudOnDemandInstance object at 0x11cc07b60>: [(1, 58641.66399999961, None)]}",312.0323931368153,151632.76461090293,58641.66399999961,24010.952196449012,1,217.0129814906166,58641.66399999961,104176.29740883128,True,344.2367472348923,127.22376574427567
lamf-test-274e2f12-b4e9-499b-9b88-36da25e54e24,"{<resource_manager.instance.OnPremInstance object at 0x11cc07770>: [(5, 58701.66399999961, None)]}",331.60036141298406,151764.82832193922,58701.66399999961,24017.83294294351,1,261.88218723857324,58701.66399999961,78606.22399999961,True,302.2486349185732,40.36644767999999
lamf-test-f483d0b8-ba08-4711-99f9-47af2ee222a5,"{<resource_manager.instance.OnPremInstance object at 0x11cc07770>: [(3, 59001.86399999961, None)]}",312.7927875459608,151986.6197797275,59001.86399999961,24019.10083410501,2,87.37090614663309,59001.86399999961,86087.04999999961,True,120.3281604714331,32.957254324800004
lamf-test-10d63afb-c09f-4af6-a622-71a25fae2fdf,"{<resource_manager.instance.OnPremInstance object at 0x11cc07770>: [(4, 59242.4639999996, None)]}",310.7244065884292,151370.93769100524,59242.4639999996,24020.10083410501,2,85.04819013159671,59242.4639999996,82593.4869999996,True,122.93288984679671,37.8846997152
lamf-test-5168b562-8a76-449b-98c0-cc2731c9ca3c,"{<resource_manager.instance.OnPremInstance object at 0x11cc07770>: [(2, 59272.4639999996, None)]}",309.5107801118846,151848.1561382752,59272.4639999996,24021.10083410501,1,93.95831355996647,59272.4639999996,76673.27899999959,True,108.07385468796646,14.11554112799999
lamf-test-ff254f04-4cb3-4cab-aa4a-5f045128d210,"{<resource_manager.instance.OnPremInstance object at 0x11cc07770>: [(3, 59302.4639999996, None)]}",110.15545315677929,55143.71005324232,59302.4639999996,24022.68284982701,3,0.07027150353636404,59302.4639999996,59317.863999999594,False,,
lamf-test-bc23b10d-c69c-4408-9782-8739fbb3209f,"{<resource_manager.instance.OnPremInstance object at 0x11cc07770>: [(3, 59362.4639999996, None)]}",310.0193593332558,151666.22045502346,59362.4639999996,24023.68284982701,1,194.69551334702254,59362.4639999996,83743.90499999959,True,224.36285075582254,29.66733740879999
lamf-test-8ac2f925-7afc-41fe-bb28-31766fc5fb67,"{<resource_manager.instance.OnPremInstance object at 0x11cc07770>: [(2, 59392.4639999996, None)]}",78.91788247204538,38079.4848964396,59392.4639999996,24032.892636749013,1,0.08315461251803077,59392.4639999996,59407.863999999594,False,,
lamf-test-8af4e2ac-cf32-4cee-877b-e9f4b759f7f3,"{<resource_manager.instance.OnPremInstance object at 0x11cc07770>: [(4, 59542.4639999996, None)]}",289.77114078776196,151410.75955309812,59542.4639999996,24035.996722094013,3,30.33045859000681,59542.4639999996,64527.653999999595,True,38.4184308460068,8.087972255999992
lamf-test-068fc1f2-6deb-41a2-ae15-564e581e4490,"{<resource_manager.instance.OnPremInstance object at 0x11cc07770>: [(3, 59782.6639999996, None)]}",318.6864958169501,151399.61582946123,59782.6639999996,24037.07644609401,1,91.65885124344057,59782.6639999996,71260.9709999996,True,105.62565520104057,13.966803957600002
lamf-test-f3dda1e4-5862-4683-8e1d-465d2dca42c3,"{<resource_manager.instance.OnPremInstance object at 0x11cc07770>: [(4, 60083.06399999959, None)]}",305.16980399325007,151607.19974726695,60083.06399999959,24038.07644609401,1,247.37563289984016,60083.06399999959,83484.08699999958,True,285.3414526150401,37.96581971519998
lamf-test-9a44ea70-cb8b-427c-9af4-a87498aeb7c6,"{<resource_manager.instance.OnPremInstance object at 0x11cc07770>: [(2, 60293.463999999585, None)]}",116.40460154918469,55405.39611393046,60293.463999999585,24039.50884618501,3,0.046847669024242686,60293.463999999585,60308.86399999958,False,,
lamf-test-9bda5a96-e4e1-4b91-bbbb-1dacf1ed28b2,"{<resource_manager.instance.OnPremInstance object at 0x11cc07770>: [(6, 60323.66399999958, None)]}",334.4551264679061,151851.75601543364,60323.66399999958,24056.17410427501,3,208.83882272416162,60323.66399999958,83207.17799999959,True,264.52814239456166,55.68931967040003
lamf-test-e68a5a0e-948d-450e-bd18-14ba76978e62,"{<resource_manager.instance.CloudOnDemandInstance object at 0x11cc22780>: [(1, 60804.46399999957, None)], <resource_manager.instance.CloudOnDemandInstance object at 0x11cc223f0>: [(1, 60804.46399999957, None)]}",61.643354936762066,38181.08184104575,60804.46399999957,24057.17410427501,2,1.687898606790423,61204.99999999957,61220.399999999565,False,,
lamf-test-72ac3048-5fdb-4c21-afcd-eed6fe82e6d1,"{<resource_manager.instance.OnPremInstance object at 0x11cc07770>: [(3, 61235.79999999956, None)]}",305.99164294117367,151889.63962008402,61235.79999999956,24059.34703328801,1,27.865549851699704,61235.79999999956,64725.362999999554,True,32.111650110099696,4.246100258399994
lamf-test-947624f9-c308-44e1-a082-5eef08d3ec8d,"{<resource_manager.instance.OnPremInstance object at 0x11cc07770>: [(4, 61446.59999999955, None)]}",93.19634223972996,55351.78647241956,61446.59999999955,24060.34703328801,2,0.05608928259914327,61446.59999999955,61461.99999999954,False,,
lamf-test-fd42a6f7-5546-4968-b0ee-4f887fda9461,"{<resource_manager.instance.OnPremInstance object at 0x11cc07770>: [(5, 61506.799999999545, None)]}",313.44017426263486,151626.23998463145,61506.799999999545,24062.35629916701,1,346.71411673891544,61506.799999999545,87859.07699999954,True,400.15653449491543,53.44241775599998
lamf-test-1e1b6610-69b2-4869-80ff-74a807042404,"{<resource_manager.instance.OnPremInstance object at 0x11cc07770>: [(5, 62047.59999999953, None)]}",310.82543279392,152018.44049744966,62047.59999999953,24063.35629916701,3,75.68849342155302,62047.59999999953,71999.87999999954,True,95.87171726155303,20.18322384000001
lamf-test-aba1aa4f-f6ce-4af2-b868-ea5768a9b8b8,"{<resource_manager.instance.CloudReservedInstance object at 0x11ce30290>: [(1, 63039.39999999951, None)], <resource_manager.instance.CloudReservedInstance object at 0x11cc07cb0>: [(1, 63039.39999999951, None)], <resource_manager.instance.CloudOnDemandInstance object at 0x11cc22780>: [(1, 63039.39999999951, None)], <resource_manager.instance.CloudOnDemandInstance object at 0x11cc223f0>: [(1, 63039.39999999951, None)], <resource_manager.instance.CloudOnDemandInstance object at 0x11cc07b60>: [(1, 63039.39999999951, None)]}",55.6474329845016,38748.464664770065,63039.39999999951,24608.500214288513,3,0.10150328288585916,63039.39999999951,63054.7999999995,False,,
lamf-test-b37b6ec3-b4f6-4505-b5ff-6313155b88e1,"{<resource_manager.instance.CloudReservedInstance object at 0x11ce30290>: [(1, 63069.39999999951, None)], <resource_manager.instance.CloudReservedInstance object at 0x11cc07cb0>: [(1, 63069.39999999951, None)], <resource_manager.instance.CloudOnDemandInstance object at 0x11cc22780>: [(1, 63069.39999999951, None)], <resource_manager.instance.CloudOnDemandInstance object at 0x11cc223f0>: [(1, 63069.39999999951, None)], <resource_manager.instance.CloudOnDemandInstance object at 0x11cc07b60>: [(1, 63069.39999999951, None)]}",92.20096869554938,55933.41390191867,63069.39999999951,24609.500214288513,2,0.14640744968623226,63069.39999999951,63084.7999999995,False,,
lamf-test-aa0c06ad-8e28-471d-8a21-4c2106849993,"{<resource_manager.instance.CloudReservedInstance object at 0x11ce30290>: [(1, 63129.39999999951, None)], <resource_manager.instance.CloudReservedInstance object at 0x11cc07cb0>: [(1, 63129.39999999951, None)], <resource_manager.instance.CloudOnDemandInstance object at 0x11cc22780>: [(1, 63129.39999999951, None)], <resource_manager.instance.CloudOnDemandInstance object at 0x11cc223f0>: [(1, 63129.39999999951, None)]}",297.7430444733612,152647.94652413973,63129.39999999951,24611.669824836514,1,930.5883356122773,63129.39999999951,152663.34652413975,False,,
lamf-test-ea317cde-8e65-4009-bbcb-6720d6ab3fc4,"{<resource_manager.instance.OnPremInstance object at 0x11cc07770>: [(5, 63789.7999999995, None)]}",322.00845242777757,152444.08512560383,63789.7999999995,24613.187808612514,2,41.93960199579889,63789.7999999995,74269.98899999949,True,63.193425287798874,21.253823291999982
lamf-test-d2030552-fada-4868-9884-3081a3d5e562,"{<resource_manager.instance.OnPremInstance object at 0x11cc07770>: [(4, 64300.59999999949, None)]}",335.70235460840024,152247.5872750509,64300.59999999949,24614.187808612514,3,112.17055593581247,64300.59999999949,82737.23299999947,True,142.08214931501243,29.911593379199967
lamf-test-8b57f8ca-98cc-4c1b-8aa2-5b91c1f45b09,"{<resource_manager.instance.OnPremInstance object at 0x11cc07770>: [(2, 64330.799999999486, None)]}",306.9047417051023,152591.7516455146,64330.799999999486,24615.187808612514,2,57.977041071926344,64330.799999999486,85657.88699999948,True,75.27757404632634,17.300532974399992
lamf-test-a13d6194-2358-4887-a070-b00cd35c865e,"{<resource_manager.instance.OnPremInstance object at 0x11cc07770>: [(3, 64510.799999999486, None)]}",302.61921821621866,152519.0755937472,64510.799999999486,24616.316454614513,2,27.263190330201528,64510.799999999486,72962.45299999948,True,37.54716170060153,10.283971370399998
lamf-test-ca1797e6-b093-4c70-86e8-71ffe0d25cca,"{<resource_manager.instance.OnPremInstance object at 0x11cc07770>: [(4, 64570.799999999486, None)]}",87.62355008897632,55722.05005635252,64570.799999999486,24618.291938207512,3,0.09369533804848537,64570.799999999486,64586.19999999948,False,,
lamf-test-7bd8b2d3-250f-4731-829c-d7a0653ffcb3,"{<resource_manager.instance.OnPremInstance object at 0x11cc07770>: [(4, 64630.799999999486, None)]}",301.8009690341694,152544.4534204785,64630.799999999486,24619.291938207512,3,36.3258529165716,64630.799999999486,70601.40799999949,True,46.0125673357716,9.6867144192
lamf-test-d11d15e3-c05e-424a-bab1-f5785ed94bc2,"{<resource_manager.instance.OnPremInstance object at 0x11cc07770>: [(4, 64870.99999999948, None)]}",65.13660288894543,38752.03099664734,64870.99999999948,24620.500351086514,1,0.16279564985924336,64870.99999999948,64886.39999999948,False,,
lamf-test-a7dc0f00-a53e-4f14-ba21-5c93f2b6c280,"{<resource_manager.instance.OnPremInstance object at 0x11cc07770>: [(4, 64900.99999999948, None)]}",278.74097160023985,152241.88761609222,64900.99999999948,24621.500351086514,2,79.60087549095127,64900.99999999948,86756.3959999995,True,115.0590699613513,35.458194470400024
lamf-test-88d97e0c-88fe-4c62-bc84-030e5f7776f1,"{<resource_manager.instance.OnPremInstance object at 0x11cc07770>: [(3, 64930.99999999948, None)]}",304.4592028444548,151807.6101478446,64930.99999999948,24622.841048899514,1,79.35313712069353,64930.99999999948,74868.27999999947,True,91.44481942469352,12.09168230399999
lamf-test-2586faa0-8afe-4587-9352-3a45415e951c,"{<resource_manager.instance.OnPremInstance object at 0x11cc07770>: [(3, 64990.99999999948, None)]}",52.1878736324701,38810.20523056075,64990.99999999948,24626.534845033515,2,0.049677043187284775,64990.99999999948,65006.39999999948,False,,
lamf-test-096a164d-3416-42b7-999a-d92269a9a7ca,"{<resource_manager.instance.OnPremInstance object at 0x11cc07770>: [(6, 65050.99999999948, None)]}",310.89137174012484,152804.23007148926,65050.99999999948,24629.191867192516,3,177.3401870864703,65050.99999999948,84483.05099999947,True,224.63002640007028,47.28983931359997
lamf-test-debb5ae3-8ca9-424a-a1fe-ae626817d5d4,"{<resource_manager.instance.OnPremInstance object at 0x11cc07770>: [(4, 65110.99999999948, None)]}",50.08229655297103,38856.8595194324,65110.99999999948,24631.007369659517,3,0.09369533804848537,65110.99999999948,65126.39999999948,False,,
lamf-test-9f4c8a2a-2fe4-4712-9592-1f90f46792d9,"{<resource_manager.instance.OnPremInstance object at 0x11cc07770>: [(5, 65201.19999999948, None)]}",322.9477688777042,152061.51168896953,65201.19999999948,24632.007369659517,1,104.91496783025335,65201.19999999948,73175.34399999949,True,121.08653186225337,16.171564032000013
lamf-test-81195703-aa5f-481d-abd3-346d6a96d7d8,"{<resource_manager.instance.CloudOnDemandInstance object at 0x11cc07b60>: [(2, 65231.19999999948, None)]}",57.90728747613712,38839.04340812984,65231.19999999948,24636.077962430518,2,0.9528850338177993,65631.73599999948,65647.13599999947,False,,
lamf-test-292ff255-562b-496c-972f-f8340f6cddab,"{<resource_manager.instance.OnPremInstance object at 0x11cc07770>: [(2, 65661.93599999948, None)]}",321.5271161172489,152384.65929239447,65661.93599999948,24640.132906766517,1,83.37048513194924,65661.93599999948,81101.91499999948,True,95.89539609674924,12.524910964800005
lamf-test-3943f80b-7a33-4e35-a8a4-f3b6aa99c52d,"{<resource_manager.instance.OnPremInstance object at 0x11cc07770>: [(3, 66203.13599999946, None)]}",31.751233670300554,38733.735288231874,66203.13599999946,24642.14968062252,1,0.12297513118863707,66203.13599999946,66218.53599999945,False,,
lamf-test-03badbdc-4aa8-4cd2-98f8-bfe0e4080cef,"{<resource_manager.instance.OnPremInstance object at 0x11cc07770>: [(2, 66233.13599999946, None)]}",46.039696363479905,38667.751201471365,66233.13599999946,24643.53034885152,2,0.04186443429931751,66233.13599999946,66248.53599999945,False,,
lamf-test-e0a17229-9bf9-416c-a5a2-49e15e4b17e7,"{<resource_manager.instance.OnPremInstance object at 0x11cc07770>: [(2, 66263.13599999946, None)]}",300.8789137634496,152872.35941909548,66263.13599999946,24644.53034885152,3,60.38226481101225,66263.13599999946,86112.29599999946,True,76.48390340301225,16.101638592000004
lamf-test-0b1411aa-7440-4517-bbd4-2bffa1461af4,"{<resource_manager.instance.OnPremInstance object at 0x11cc07770>: [(2, 66293.13599999946, None)]}",54.09958144079154,38951.04737264877,66293.13599999946,24646.59418783852,1,0.08315461251803077,66293.13599999946,66308.53599999945,False,,
lamf-test-8a7888d4-6626-4d18-8e7e-6823cdaffb96,"{<resource_manager.instance.OnPremInstance object at 0x11cc07770>: [(6, 66383.13599999946, None)]}",94.8282048828368,55953.94140169798,66383.13599999946,24649.08199524652,3,0.14054300707272807,66383.13599999946,66398.53599999945,False,,
lamf-test-8f5d07e8-2d0c-4ca5-874d-d1e790990809,"{<resource_manager.instance.OnPremInstance object at 0x11cc07770>: [(6, 66443.33599999946, None)]}",302.97405507839164,152467.8773465014,66443.33599999946,24650.08199524652,1,470.4128131416834,66443.33599999946,96324.77599999943,True,543.1322855256833,72.71947238399994
lamf-test-fd11e4ea-cdef-4f38-a062-f8e8f6529d33,"{<resource_manager.instance.OnPremInstance object at 0x11cc07770>: [(6, 68426.13599999942, None)]}",323.9849795842166,152592.68418987616,68426.13599999942,24651.15489516452,1,305.6693860369607,68426.13599999942,87842.7869999994,True,352.92174791056067,47.252361873599966
lamf-test-8c42c6bf-e604-4e96-bc18-75bc6db194f5,"{<resource_manager.instance.OnPremInstance object at 0x11cc07770>: [(2, 68456.33599999941, None)]}",304.5244415439068,152105.82849370418,68456.33599999941,24654.62780758052,2,16.238257163356,68456.33599999941,74429.64399999942,True,21.083804612956,4.845547449600003
lamf-test-2ee801ff-df94-45c9-b634-a465808c37ee,"{<resource_manager.instance.CloudReservedInstance object at 0x11ce2d310>: [(1, 68486.33599999941, None)], <resource_manager.instance.CloudReservedInstance object at 0x11cc222c0>: [(2, 68486.33599999941, None)], <resource_manager.instance.CloudReservedInstance object at 0x11cc07cb0>: [(1, 68486.33599999941, None)]}",44.045311418522864,38754.96223890303,68486.33599999941,24655.90715735802,3,0.07417547595505092,68486.33599999941,68501.73599999941,False,,
lamf-test-c4cd6d33-84be-4a0d-a794-48962ad9461f,"{<resource_manager.instance.CloudReservedInstance object at 0x11ce2d310>: [(1, 68546.33599999941, None)], <resource_manager.instance.CloudReservedInstance object at 0x11cc222c0>: [(2, 68546.33599999941, None)], <resource_manager.instance.CloudReservedInstance object at 0x11cc07cb0>: [(1, 68546.33599999941, None)]}",92.44374551049617,55901.97185223592,68546.33599999941,24660.37175760152,1,0.13663903465404117,68546.33599999941,68561.73599999941,False,,
lamf-test-b19f4d76-0891-41df-b5fe-36ccd74b9a06,"{<resource_manager.instance.CloudReservedInstance object at 0x11ce2d310>: [(1, 68606.33599999941, None)], <resource_manager.instance.CloudReservedInstance object at 0x11cc222c0>: [(2, 68606.33599999941, None)]}",47.2527689810787,38769.606215674015,68606.33599999941,24666.83557566752,3,0.05855958628030336,68606.33599999941,68621.73599999941,False,,
lamf-test-9953a2a0-1d7c-4068-bf98-538acafc2ac3,"{<resource_manager.instance.OnPremInstance object at 0x11cc07770>: [(6, 70049.33599999937, None)]}",299.47595690366575,152063.98218472078,70049.33599999937,24667.83557566752,2,83.97073794396498,70049.33599999937,89478.68699999938,True,131.254006537565,47.28326859360003
lamf-test-783eef72-16ea-4bd4-8850-a7549496bd66,"{<resource_manager.instance.OnPremInstance object at 0x11cc07770>: [(3, 70079.33599999937, None)]}",99.85904399571011,55937.9761705352,70079.33599999937,24668.83557566752,2,0.049677043187284775,70079.33599999937,70094.73599999936,False,,
lamf-test-59f36aea-6cbc-457b-81ba-431f79f73291,"{<resource_manager.instance.OnPremInstance object at 0x11cc07770>: [(2, 70169.33599999937, None)]}",94.81833183066266,56506.992649081796,70169.33599999937,25212.04876620352,3,0.046847669024242686,70169.33599999937,70184.73599999936,False,,
lamf-test-55529a16-b241-4348-bd90-45ddc000d26d,"{<resource_manager.instance.OnPremInstance object at 0x11cc07770>: [(3, 70229.33599999937, None)]}",53.211716625419925,39328.92983497341,70229.33599999937,25213.04876620352,2,0.049677043187284775,70229.33599999937,70244.73599999936,False,,
lamf-test-b86de886-591a-45ec-903b-6a80c96225dd,"{<resource_manager.instance.OnPremInstance object at 0x11cc07770>: [(6, 70289.53599999937, None)]}",41.149547064693905,39798.01569169885,70289.53599999937,25814.322646714518,3,0.14054300707272807,70289.53599999937,70304.93599999936,False,,
lamf-test-9805f54e-1cae-487c-b904-2cb93c2a7afb,"{<resource_manager.instance.OnPremInstance object at 0x11cc07770>: [(3, 70349.53599999937, None)]}",328.01417674151406,153468.12635296962,70349.53599999937,25822.98691136552,3,34.06906228610541,70349.53599999937,77815.77099999937,True,43.15397703410541,9.084914748000001
lamf-test-65e3ea29-e28c-4094-b1d4-e102c2738358,"{<resource_manager.instance.OnPremInstance object at 0x11cc07770>: [(3, 70409.53599999937, None)]}",53.51848203740168,39967.63602713347,70409.53599999937,25847.43342753752,1,0.12297513118863707,70409.53599999937,70424.93599999936,False,,
lamf-test-720b43f5-e992-4463-8b62-736d9e2ae936,"{<resource_manager.instance.OnPremInstance object at 0x11cc07770>: [(2, 70439.53599999937, None)]}",92.64800719218381,56950.150225581616,70439.53599999937,25849.026550177517,2,0.04186443429931751,70439.53599999937,70454.93599999936,False,,
lamf-test-ca0b2ac7-3ce2-4e8c-a6e1-096d01ef9a8a,"{<resource_manager.instance.OnPremInstance object at 0x11cc07770>: [(6, 70469.73599999936, None)]}",322.6901850057595,153824.28306376844,70469.73599999936,25854.45311688152,1,251.5341711156741,70469.73599999936,86447.62399999936,True,290.4179593524741,38.88378823679998
lamf-test-47c1fe4b-c260-4538-9b53-fe9eeae00c5f,"{<resource_manager.instance.OnPremInstance object at 0x11cc07770>: [(2, 70649.93599999936, None)]}",307.40827687661385,154107.93084201007,70649.93599999936,26425.50073153952,3,58.92265875731993,70649.93599999936,90019.28699999936,True,74.63507628851993,15.712417531199996
lamf-test-18cbb634-7aef-4481-9ee7-fe1e8a16d0ba,"{<resource_manager.instance.OnPremInstance object at 0x11cc07770>: [(5, 71309.93599999936, None)]}",52.226498354671556,40547.85454319872,71309.93599999936,26427.82012459952,3,0.11711917256060674,71309.93599999936,71325.33599999936,False,,
lamf-test-6a7cd0bb-34c7-4263-9cc7-17fa07eb0a15,"{<resource_manager.instance.OnPremInstance object at 0x11cc07770>: [(4, 71369.93599999936, None)]}",298.21973828332,154021.57286038523,71369.93599999936,26428.82012459952,1,110.8404647501711,71369.93599999936,81855.12499999936,True,127.85163538377108,17.011170633599995
lamf-test-9293cd6c-713f-41c3-8b50-410b94532b8e,"{<resource_manager.instance.OnPremInstance object at 0x11cc07770>: [(4, 71670.53599999935, None)]}",276.94819521132933,154221.0935825885,71670.53599999935,26429.82012459952,2,92.40002364721921,71670.53599999935,97040.09499999935,True,133.5595961688192,41.15957252159999
lamf-test-2ef3ba74-0be9-4758-9e8b-663933377574,"{<resource_manager.instance.OnPremInstance object at 0x11cc07770>: [(4, 72061.13599999934, None)]}",315.97195408362086,154406.88807604698,72061.13599999934,26438.82103235152,3,78.86004410981818,72061.13599999934,85022.76999999933,True,99.88899911141816,21.028955001599986
lamf-test-abc545e6-fca4-4495-82db-38cb26110a9d,"{<resource_manager.instance.OnPremInstance object at 0x11cc07770>: [(5, 72241.33599999934, None)]}",106.90985136127853,57594.98907582023,72241.33599999934,26445.42083791802,1,0.20261616852984965,72241.33599999934,72256.73599999934,False,,
lamf-test-72359355-373b-4aa6-9d80-111deeae4206,"{<resource_manager.instance.OnPremInstance object at 0x11cc07770>: [(4, 72301.33599999934, None)]}",293.68085416171726,153909.11279810336,72301.33599999934,26446.42083791802,3,196.62322610084405,72301.33599999934,104618.82099999933,True,249.055113764844,52.43188766399997
lamf-test-aa966776-8b52-45e3-81e8-3d502aee1701,"{<resource_manager.instance.OnPremInstance object at 0x11cc07770>: [(3, 72421.53599999934, None)]}",277.6854198628887,153956.99223909335,72421.53599999934,26447.42083791802,1,107.31690736938168,72421.53599999934,85860.67899999933,True,123.66965657178167,16.3527492024
lamf-test-40afb271-d458-48d9-adbe-b89134d80114,"{<resource_manager.instance.OnPremInstance object at 0x11cc07770>: [(3, 72902.13599999933, None)]}",57.83325208385016,40679.72060826037,72902.13599999933,26449.68477842602,3,0.07027150353636404,72902.13599999933,72917.53599999932,False,,
lamf-test-f6c3e1ca-41d1-4659-a1c2-f6d7cca0c5e7,"{<resource_manager.instance.OnPremInstance object at 0x11cc07770>: [(2, 72932.13599999933, None)]}",330.89870791023526,154049.79214202517,72932.13599999933,26455.84599292702,2,18.991300421456778,72932.13599999933,79918.16199999933,True,24.658364712656777,5.667064291199998
lamf-test-81297157-09b4-4bfd-81e5-a8bf0f0cf407,"{<resource_manager.instance.OnPremInstance object at 0x11cc07770>: [(6, 73022.13599999933, None)]}",69.1210403049402,40697.77133787176,73022.13599999933,26459.925622961022,3,0.14054300707272807,73022.13599999933,73037.53599999932,False,,
lamf-test-2744811c-a0e4-4a9d-a448-520fba53466a,"{<resource_manager.instance.OnPremInstance object at 0x11cc07770>: [(2, 73052.13599999933, None)]}",316.8459168651483,154442.86888825946,73052.13599999933,26472.261213317022,2,17.590720335033055,73052.13599999933,79522.95299999932,True,22.83984708543305,5.249126750399996
lamf-test-ce4c822f-a3d7-44c8-9dba-10c2ea1d7fc0,"{<resource_manager.instance.OnPremInstance object at 0x11cc07770>: [(6, 73082.13599999933, None)]}",86.88519768848549,58293.48994318987,73082.13599999933,27015.23034205702,2,0.06655648787942382,73082.13599999933,73097.53599999932,False,,
lamf-test-5471ed7c-c241-4b43-b3db-c6a0ff681a3a,"{<resource_manager.instance.OnPremInstance object at 0x11cc07770>: [(2, 73142.33599999933, None)]}",59.30424416492866,41198.58177346265,73142.33599999933,27030.20468455402,2,0.04186443429931751,73142.33599999933,73157.73599999932,False,,
lamf-test-dc701733-214d-4503-9e86-a7c5623aa494,"{<resource_manager.instance.OnPremInstance object at 0x11cc07770>: [(2, 73202.33599999933, None)]}",290.04127710324553,154829.99439363176,73202.33599999933,27031.35008844202,2,37.85292983537605,73202.33599999933,87126.68799999934,True,49.14836417777606,11.29543434240001
lamf-test-9b9326a1-51bc-46fd-a2cb-1abf1c9c75f6,"{<resource_manager.instance.OnPremInstance object at 0x11cc07770>: [(5, 73232.33599999933, None)]}",57.78982021342063,41293.88350600745,73232.33599999933,27032.698668596022,1,0.20261616852984965,73232.33599999933,73247.73599999932,False,,
lamf-test-0111158b-0edf-40ea-8c3c-c453441d9f4b,"{<resource_manager.instance.OnPremInstance object at 0x11cc07770>: [(2, 73262.33599999933, None)]}",288.9103792556111,155211.80935071013,73262.33599999933,27033.698668596022,3,54.53319339873754,73262.33599999933,91188.75999999933,True,69.07510854753754,14.5419151488
lamf-test-cb995d16-8bd4-4a69-981f-1cf758860367,"{<resource_manager.instance.OnPremInstance object at 0x11cc07770>: [(5, 73382.53599999932, None)]}",320.1908267325743,154977.91899723827,73382.53599999932,27038.949852072023,3,68.08017339721658,73382.53599999932,82334.39799999933,True,86.2345495332166,18.154376136000014
lamf-test-b3a0db0a-ecb4-42b0-814b-3c34a8d7aaed,"{<resource_manager.instance.OnPremInstance object at 0x11cc07770>: [(4, 74284.1359999993, None)]}",100.59507953151345,57968.46439542253,74284.1359999993,27042.026304720024,2,0.05608928259914327,74284.1359999993,74299.5359999993,False,,
lamf-test-692078cb-d4fe-44db-acc1-5eececdc7c24,"{<resource_manager.instance.OnPremInstance object at 0x11cc07770>: [(3, 74344.3359999993, None)]}",293.9568407519619,154796.9218700801,74344.3359999993,27052.260905454023,2,45.14401944802618,74344.3359999993,88339.0879999993,True,62.17283368162619,17.02881423360001
lamf-test-b3747e60-f13b-4587-ba76-a5026ef56274,"{<resource_manager.instance.OnPremInstance object at 0x11cc07770>: [(2, 74374.3359999993, None)]}",92.20458272811517,60765.395763817345,74374.3359999993,29422.062955560024,3,0.046847669024242686,74374.3359999993,74389.73599999929,False,,
lamf-test-ef36ad8e-1831-459d-b4cc-a917ad7c30ef,"{<resource_manager.instance.OnPremInstance object at 0x11cc07770>: [(5, 74404.3359999993, None)]}",103.50768504869966,60695.09727871478,74404.3359999993,29447.784072294024,1,0.20261616852984965,74404.3359999993,74419.73599999929,False,,
lamf-test-a7a41a4b-e265-4559-96d2-89c830b4e4f3,"{<resource_manager.instance.OnPremInstance object at 0x11cc07770>: [(5, 74524.5359999993, None)]}",110.11661546722232,67228.99065387901,74524.5359999993,36041.56104994503,3,0.11711917256060674,74524.5359999993,74539.93599999929,False,,
lamf-test-c609bf72-d17c-450a-8e65-16fe23e38281,"{<resource_manager.instance.OnPremInstance object at 0x11cc07770>: [(2, 74584.93599999929, None)]}",326.56864801291823,164062.2537476538,74584.93599999929,36057.55818003602,3,56.07006768575557,74584.93599999929,93016.56899999929,True,71.02180837535556,14.951740689600001
