,instances,budget,deadline,sched_start_time,submit_time,software_id,current_license_cost,exec_start_time,finish_time,complete,license_cost,cost,hardware_cost
lamf-test-ce4837ee-c9b5-4728-816b-793fbe63012e,"{<resource_manager.instance.OnPremInstance object at 0x1285afb60>: [(5, 30, 390), (2, 390, None), (8, 3840, None)]}",64.81020493737797,14109.368596154949,30,1.0,1,57.310061601642715,30,6016.852000000001,True,80.64649722412352,93.00452893612352,12.358031712000002
lamf-test-fdbe52b3-5ac4-4817-bbd7-3ee39ada2008,"{<resource_manager.instance.OnPremInstance object at 0x1285afb60>: [(3, 60, 3540), (1, 3540, None)]}",309.54978900857253,127521.87784548411,60,36.640176403,1,27.78918548939083,60,69322.742,True,212.89538778614343,243.81133194134344,30.9159441552
lamf-test-312a25ed-966e-4a84-89af-21712bfc7175,"{<resource_manager.instance.OnPremInstance object at 0x1285afb60>: [(4, 1230, 5700), (1, 5700, None)]}",330.5774711754339,128577.6379353388,1230,1219.682873296,1,47.25302304357746,1230,22061.878,True,93.29374750931629,107.18225322611629,13.888505716800001
lamf-test-6d60a076-8aec-42f5-ae5c-3923b3793c72,"{<resource_manager.instance.OnPremInstance object at 0x1285afb60>: [(5, 1260, 6720), (2, 6720, None)]}",295.26855467250385,128844.1774538972,1260,1224.508717924,1,71.83664156970111,1260,26786.858999999997,True,180.1906600501939,207.5417760709939,27.3511160208
lamf-test-c2212f64-c788-46d9-9572-57170e08d2ac,"{<resource_manager.instance.OnPremInstance object at 0x1285afb60>: [(4, 6600, None), (6, 7860, None)]}",57.825321252479114,20751.868762620044,6600,6589.125492247,3,7.665982203969882,6600,8153.834999999999,True,12.135295459730763,15.37131421973076,3.2360187599999963
lamf-test-c947c209-c0e1-414b-aa78-1430406df6ae,"{<resource_manager.instance.OnPremInstance object at 0x1285afb60>: [(2, 6630, 7290), (1, 7290, None), (3, 9690, None)]}",91.00759406898061,37669.42751127664,6630,6624.611012023,3,8.213552361396303,6630,15384.349999999999,True,40.30329302608562,51.050638466085616,10.747345439999998
lamf-test-a35e3102-219f-4336-95ce-4d87e6b5e69c,"{<resource_manager.instance.OnPremInstance object at 0x1285afb60>: [(6, 6660, 7950), (1, 7950, None), (5, 9480, None)]}",88.24903114605627,37840.196995394734,6660,6631.774219845999,3,20.123203285420942,6660,12098.626,True,37.99795573807894,48.130555971678945,10.132600233600002
lamf-test-1b5247ff-56d3-4066-aafc-ee4137f1169c,"{<resource_manager.instance.OnPremInstance object at 0x1285afb60>: [(3, 6690, 7650), (2, 7650, None)]}",98.97570184637311,37983.78451697476,6690,6626.971023753999,3,4.380561259411362,6690,23351.699999999993,True,52.14601870864702,66.05136574864702,13.905347039999993
lamf-test-f42e0220-9054-4dba-814a-9d6b93e25e15,"{<resource_manager.instance.OnPremInstance object at 0x1285afb60>: [(2, 6720, None)]}",293.5168981771201,134374.4245697302,6720,6587.580779071,3,,6720,33154.367999999995,True,80.41483915126624,101.85839847286623,21.443559321599995
lamf-test-0aa73555-99c3-40be-a09f-6bf3df006265,"{<resource_manager.instance.OnPremInstance object at 0x1285afb60>: [(6, 6750, None)]}",310.4901833144852,134448.75638993699,6750,6597.3383349549995,3,,6750,22635.188000000002,True,144.97091489847136,183.62910841527136,38.658193516800004
lamf-test-761a035c-9b31-431d-b128-35fe1a248496,"{<resource_manager.instance.OnPremInstance object at 0x1285afb60>: [(4, 6780, None)]}",281.9460745575701,134562.8998521826,6780,6601.625420988999,1,258.7118868355008,6780,33364.424999999996,True,281.0278405201916,324.1584116401916,43.13057111999999
lamf-test-8d2ae00d-f906-47ac-81a5-138a54772bef,"{<resource_manager.instance.OnPremInstance object at 0x1285afb60>: [(2, 7200, 9210), (1, 9210, None)]}",310.3508838593914,134996.87687857344,7200,7188.340944411999,3,6.114533424595026,7200,62884.399,True,87.75480873070194,111.15565696510194,23.400848234399998
lamf-test-b41bc5e6-51fb-4710-b8ea-caebbe600cb8,"{<resource_manager.instance.OnPremInstance object at 0x1285afb60>: [(6, 7230, 9240), (2, 9240, None)]}",308.5846884800438,135325.33641012612,7230,7225.1226539949985,2,8.686918223226783,7230,14713.935,True,23.567644987273614,32.899637059273616,9.331992072
lamf-test-cbef53e7-aa65-412f-b9a4-02aefd0bda1b,"{<resource_manager.instance.OnPremInstance object at 0x1285afb60>: [(2, 7260, None)]}",89.7921856815224,38487.11605450526,7260,7238.387026719999,1,,7260,19290.115999999998,True,64.95841782645067,74.71724792565067,9.758830099199999
lamf-test-8a5bf643-d5be-430a-ac2f-d8a1f25fa6d3,"{<resource_manager.instance.OnPremInstance object at 0x1285afb60>: [(3, 7290, 9300), (1, 9300, None)]}",322.3613792231315,134941.02878789633,7290,7233.869924085999,2,6.483821870550658,7290,39254.176,True,67.26193669825952,81.85711848385952,14.595181785600001
lamf-test-1faee22d-4d95-436a-a021-6148365dd51b,"{<resource_manager.instance.OnPremInstance object at 0x1285afb60>: [(2, 7800, None)]}",300.8642397517245,135213.11376256013,7800,7797.677405658998,3,,7800,42437.921,True,105.37051030496615,133.46879182016613,28.0982815152
lamf-test-17be3ad6-6cd4-4c64-93c6-3fc4d170d157,"{<resource_manager.instance.OnPremInstance object at 0x1285afb60>: [(2, 7830, None), (4, 9540, None)]}",64.77903730143166,21787.351109991345,7830,7812.979090575998,2,7.510867224427534,7830,12248.641000000001,True,21.877249113345723,29.856149850945727,7.978900737600004
lamf-test-17aa2292-304e-4763-ab73-533f31d66f3d,"{<resource_manager.instance.OnPremInstance object at 0x1285afb60>: [(5, 7860, 9150), (2, 9150, None)]}",100.9864715008785,38979.65503735248,7860,7809.922547403999,2,5.162319741998986,7860,13796.408,True,17.793439381213062,24.178725550813063,6.3852861696
lamf-test-decf70b3-3bab-4cf4-b55a-9508b27560e7,"{<resource_manager.instance.OnPremInstance object at 0x1285afb60>: [(3, 7890, None)]}",317.6420201174764,135357.83315912765,7890,7788.769002735999,2,,7890,31641.023000000005,True,76.61562307231429,105.5158678587143,28.90024478640001
lamf-test-585c2356-1279-476b-b41a-cbdb8ebd0ee3,"{<resource_manager.instance.OnPremInstance object at 0x1285afb60>: [(4, 7920, None)]}",290.6639501784463,135376.47532317392,7920,7802.5895947929985,2,,7920,21436.760999999995,True,49.23022256846524,71.15981561486522,21.92959304639999
lamf-test-410c24b3-e037-404b-8fa3-3b9be7b4adaa,"{<resource_manager.instance.OnPremInstance object at 0x1285afb60>: [(5, 8400, 9840), (1, 9840, None)]}",105.56808496111117,39545.999894108274,8400,8389.343068983999,3,10.951403148528405,8400,11433.282,True,13.374830025096964,16.941385204296964,3.5665551791999994
lamf-test-3e8d9edc-8d07-4ff0-a6aa-1b9473f39dae,"{<resource_manager.instance.OnPremInstance object at 0x1285afb60>: [(5, 8430, 9360), (1, 9360, None)]}",46.55013787044631,22587.373520534384,8430,8400.495660854998,1,14.261921058635638,8430,18730.518,True,38.60363267168606,44.290354772486054,5.6867221008
lamf-test-905b51bb-7f4b-480b-babc-216c95cb3e5c,"{<resource_manager.instance.OnPremInstance object at 0x1285afb60>: [(4, 8460, None)]}",76.07511246679637,22576.73475038615,8460,8439.823367555997,3,7.848505589778689,8460,11228.969000000001,True,16.846719902654197,21.3390952082542,4.492375305600001
lamf-test-7b6d3b7a-f2bc-4206-bf5c-c8e1aaff27be,"{<resource_manager.instance.OnPremInstance object at 0x1285afb60>: [(3, 8490, 9390), (2, 9390, None)]}",57.77199384513077,22606.122760304963,8490,8429.280551600497,2,2.903203822634623,8490,10091.369000000002,True,4.809854239523533,6.473924772323535,1.664070532800002
lamf-test-8daeea4f-cbbf-4fb6-b9f3-5857c1ab865e,"{<resource_manager.instance.OnPremInstance object at 0x1285afb60>: [(4, 8520, 9120), (2, 9120, None)]}",56.56222725445129,22624.850632348418,8520,8404.461529964998,1,6.342687656856034,8520,12892.168,True,26.71107521484523,30.744497896445232,4.033422681599999
lamf-test-ee649544-0852-4484-9313-a2ec39aaf5e5,"{<resource_manager.instance.OnPremInstance object at 0x1285afb60>: [(4, 8550, None)]}",94.51083597672981,39429.848241989894,8550,8399.495660854998,1,,8550,14426.974000000002,True,62.126350749106415,71.66115336670642,9.534802617600002
lamf-test-d53de693-fd3a-47ec-b96e-28dcf292d471,"{<resource_manager.instance.OnPremInstance object at 0x1285afb60>: [(4, 8580, 9870), (2, 9870, None)]}",82.04480128359563,39603.639631281214,8580,8440.823367555997,2,4.698387957981959,8580,21579.384000000002,True,36.529994266661504,48.1215425674615,11.591548300800001
lamf-test-665b3cd3-6953-4941-a220-b425974f248a,"{<resource_manager.instance.OnPremInstance object at 0x1285afb60>: [(3, 8610, None)]}",295.24467469152273,135993.68590836128,8610,8419.749959831997,3,,8610,23439.561,True,67.66854209445586,85.71315191925586,18.044609824800002
lamf-test-dbfc6e86-f385-4c1b-a2d1-36902c12232e,"{<resource_manager.instance.OnPremInstance object at 0x1285afb60>: [(2, 8640, None)]}",332.81097832014945,136190.44666118102,8640,8390.343068983999,3,,8640,54890.428,True,140.69641189444062,178.2147590880406,37.5183471936
lamf-test-e86f1528-c4b7-428d-9220-137c2eee5f81,"{<resource_manager.instance.OnPremInstance object at 0x1285afb60>: [(5, 8670, None)]}",291.443531643958,136370.35967800606,8670,8431.331185298997,2,,8670,31772.549221242898,True,92.45174103513605,139.30371085581663,46.851969820680594
lamf-test-794e981d-7b48-479b-88a9-08c76168b3f4,"{<resource_manager.instance.OnPremInstance object at 0x1285afb60>: [(2, 9000, None)]}",55.43753343799916,23163.737366210873,9000,8985.997349583997,3,,9000,13218.055,True,12.831561335462773,16.253247551462774,3.4216862160000003
lamf-test-d89dd74a-ca32-43e3-9fdb-057b16e15c3a,"{<resource_manager.instance.OnPremInstance object at 0x1285afb60>: [(2, 9030, None)]}",52.589033620058174,23207.23388493801,9030,8999.329250373998,1,,9030,15639.002,True,35.68629872994145,41.047521152341446,5.3612224224
lamf-test-9d73df9e-a4e9-43ed-b3cd-731892da568c,"{<resource_manager.instance.OnPremInstance object at 0x1285afb60>: [(6, 9060, None)]}",116.24356079750007,40120.470283042836,9060,9004.619504223998,3,,9060,12079.289365149953,True,27.5545458831846,34.90228848221352,7.347742599028925
lamf-test-0ae28a41-e363-4bde-bdce-50f826df3b42,"{<resource_manager.instance.OnPremInstance object at 0x1285afb60>: [(4, 9090, None)]}",87.69850691765791,40320.32720239723,9090,9042.534809967998,3,,9090,16997.442,True,48.1097695642254,60.9388034650254,12.829033900799999
lamf-test-700b88cb-1fe1-443f-85f3-4e83586778d7,"{<resource_manager.instance.OnPremInstance object at 0x1285afb60>: [(2, 9120, None)]}",323.88597973304996,136283.5451251567,9120,9005.782506201998,1,,9120,40778.967,True,170.94734633812456,196.62910036852455,25.681754030399997
lamf-test-76901c5b-cc70-4a21-8b6a-aa4aa3dedd24,"{<resource_manager.instance.OnPremInstance object at 0x1285afb60>: [(2, 9150, None)]}",295.82083300729096,136332.40296615416,9150,9028.643777886498,2,,9150,18797.071,True,26.225270783149604,34.050974778349605,7.8257039952
lamf-test-c0570041-d32e-4e8b-8d2d-a250dfe399fc,"{<resource_manager.instance.OnPremInstance object at 0x1285afb60>: [(5, 9180, None)]}",309.1917473885502,136865.39458288907,9180,9033.414771871,1,,9180,27270.826530982948,True,238.01908813294165,274.70728433777504,36.68819620483342
lamf-test-cacf2328-5a7f-4177-ad3a-d6767db7f233,"{<resource_manager.instance.OnPremInstance object at 0x1285afb60>: [(5, 9210, None)]}",299.34289693362723,136938.13541483853,9210,9013.644954738998,2,47.45348371582454,9210,23271.842999999997,True,56.272658703713354,84.79007630771335,28.51741760399999
lamf-test-d608e81f-e921-488f-9511-ac29f6be8717,"{<resource_manager.instance.OnPremInstance object at 0x1285afb60>: [(4, 9240, None)]}",290.8535591080783,137018.8987865465,9240,8984.753245338998,3,,9240,18176.862,True,54.372877024868814,68.87204193366881,14.499164908800001
lamf-test-ca7252f0-85f2-4005-896c-fb17b2f26952,"{<resource_manager.instance.OnPremInstance object at 0x1285afb60>: [(6, 9270, None)]}",304.02222934164064,137031.71643337375,9270,9035.062320534998,1,,9270,25057.425,True,248.53578028747432,286.9560577674743,38.42027748
lamf-test-50c28631-c9b3-47d9-9e36-b5f64438ea4d,"{<resource_manager.instance.OnPremInstance object at 0x1285afb60>: [(6, 9600, 10570.536), (2, 10570.536, None)]}",57.792712238435485,23475.527425732333,9600,9584.786701374998,3,8.857275838466803,9600,15034.572,True,22.43712525667351,28.42024766947351,5.9831224128
lamf-test-6718dd63-82fd-49d3-b154-c2385c7724e4,"{<resource_manager.instance.OnPremInstance object at 0x1285afb60>: [(4, 9630, None)]}",53.92864783453742,23716.7183416493,9630,9613.959199887999,1,,9630,13843.329000000002,True,44.539716404289315,51.37542137388932,6.835704969600003
lamf-test-0ee3ab93-6383-46f5-aeca-265dafdbd84c,"{<resource_manager.instance.OnPremInstance object at 0x1285afb60>: [(5, 9660, None)]}",39.66592451958817,23761.15516931824,9660,9632.250506837001,3,,9660,12142.82697912345,True,18.88224944196099,23.917422555623347,5.035173113662357
lamf-test-f035cec5-13b9-4feb-9d16-93fce26c2cc2,"{<resource_manager.instance.OnPremInstance object at 0x1285afb60>: [(3, 9690, None)]}",59.50673849065216,23798.28034991979,9690,9591.271017650999,2,,9690,17191.554,True,24.19837805388894,33.32626896108894,9.127890907200001
lamf-test-01aed4d0-4ac3-4934-b29d-300b9eb1cf38,"{<resource_manager.instance.OnPremInstance object at 0x1285afb60>: [(6, 9720, None)]}",48.38806555130056,23953.86224847607,9720,9590.271017650999,3,,9720,10652.804,True,8.51292721879991,10.78299903319991,2.2700718144000005
lamf-test-29b14cf4-c2e0-462e-a5b2-16a34ab23f1f,"{<resource_manager.instance.OnPremInstance object at 0x1285afb60>: [(2, 9750, None)]}",89.42960233211319,40711.31818284046,9750,9630.9078814365,3,,9750,18394.456,True,26.2969229599209,33.309305667120896,7.012382707199999
lamf-test-92b10550-cff6-47f7-a077-4b4db1587046,"{<resource_manager.instance.CloudReservedInstance object at 0x1287a4710>: [(4, 9780, None)]}",81.64667311738593,40758.9809588677,9780,9626.84635256,2,,9780,16477.776724317668,True,24.394382563399983,53.66098773797846,29.266605174578476
lamf-test-107c896d-ee0f-4ca2-89f1-19c67b8002a2,"{<resource_manager.instance.CloudReservedInstance object at 0x1287a4710>: [(2, 9810, None)]}",98.1671155759394,40867.00938337023,9810,9639.380101623,3,,9810,13157.530372875943,True,10.183376295918906,17.497060654578263,7.3136843586593585
lamf-test-f6a7b87b-3fe2-4927-871e-a0cac1bfa236,"{<resource_manager.instance.OnPremInstance object at 0x1285afb60>: [(3, 9840, None)]}",80.84812600328213,40895.381204316756,9840,9589.271017650999,3,,9840,18169.7,True,38.00912616929044,48.14470512929044,10.135578960000002
lamf-test-561c40aa-4fd2-4142-aa20-b41c53e185e4,"{<resource_manager.instance.OnPremInstance object at 0x1285afb60>: [(2, 9870, None)]}",92.22367706149063,40900.516346516124,9870,9623.26115257,2,,9870,18364.778,True,23.0927971083391,29.983761021939095,6.8909639135999985
lamf-test-0ab21652-7e84-40ef-afc1-d04cb7c18425,"{<resource_manager.instance.OnPremInstance object at 0x1285afb60>: [(2, 9900, None)]}",99.9394489602227,40906.47288224251,9900,9637.806564078,3,,9900,13915.172,True,12.214379800745304,15.471487327145304,3.2571075264000005
lamf-test-7dc86417-03bf-4f7d-b2cc-4f303d7c708b,"{<resource_manager.instance.CloudReservedInstance object at 0x12879d1d0>: [(4, 9930, None)]}",122.20824587768153,40930.928889208415,9930,9592.271017650999,2,,9930,25835.011952321627,True,43.2372940200052,64.56273404567804,21.32544002567284
lamf-test-6ea3ccb6-5ec7-474a-bd76-4c0b7e74a8fd,"{<resource_manager.instance.CloudReservedInstance object at 0x12879d1d0>: [(2, 9960, None)], <resource_manager.instance.CloudReservedInstance object at 0x12879cf50>: [(2, 9960, None)]}",318.43627200467716,137081.94089285316,9960,9586.198727493998,3,,9960,46844.451681842795,True,93.50381950932336,147.9747777530688,54.47095824374544
lamf-test-6e11c3c3-b9bf-4aa2-897f-6c03a891a9cd,"{<resource_manager.instance.CloudReservedInstance object at 0x12879cf50>: [(4, 9990, None)], <resource_manager.instance.CloudReservedInstance object at 0x1285ea3f0>: [(1, 9990, 33543.936)]}",323.10613238146993,137228.70020601546,9990,9594.106446871,3,83.59446954140999,9990,104729.2394331785,True,227.9609429019768,394.5778379046071,166.61689500263032
lamf-test-c5a6ffed-1196-4516-a2cc-67f21c8eb5f5,"{<resource_manager.instance.CloudReservedInstance object at 0x1285ea3f0>: [(2, 10020, None)]}",321.906162634098,137308.76474907482,10020,9609.413838216999,2,,10020,41473.64339972666,True,85.5057784144491,122.41977430836829,36.9139958939192
lamf-test-d81c27cf-4838-43c5-ac8d-f0f7d5a86a71,"{<resource_manager.instance.CloudReservedInstance object at 0x1285ea3f0>: [(3, 10050, None)], <resource_manager.instance.CloudReservedInstance object at 0x1285afe00>: [(1, 10050, None)]}",313.16578296695053,137336.94698440668,10050,9625.84635256,3,344.139228838695,10050,80880.13989489843,True,395.0270179450314,570.8840892760852,175.85707133105382
lamf-test-93fc33e5-0604-48d1-8efe-1dfc9145e379,"{<resource_manager.instance.CloudReservedInstance object at 0x1285afe00>: [(5, 10080, None)]}",318.63019504491797,137337.02331846903,10080,9621.792275226999,1,,10080,29981.407128413255,True,176.07400024884592,247.9578827966746,71.88388254782868
lamf-test-9da27dae-e6dc-4f47-b706-a6e8a3713464,"{<resource_manager.instance.CloudReservedInstance object at 0x1285ea650>: [(1, 10110, None)], <resource_manager.instance.CloudOnDemandInstance object at 0x1285ea8b0>: [(5, 10110, None)]}",296.9549680882063,137348.13731607172,10110,9583.486094802998,3,,10110,86664.58387875289,True,640.4292514003208,1577.5645344936866,937.1352830933657
lamf-test-3484ce7d-9fee-4f95-9c2d-f871cc58413f,"{<resource_manager.instance.CloudOnDemandInstance object at 0x1285ea8b0>: [(3, 10140, None)]}",280.48808000057255,137362.95395097515,10140,9633.250506837001,3,335.367227926078,10540.536,95214.62884753336,True,388.2027325919843,957.3009548046739,569.0982222126896
lamf-test-48feb4fc-2742-45dc-808f-e652fe900563,"{<resource_manager.instance.OnPremInstance object at 0x1285afb60>: [(3, 10570.536, None)]}",41.254966979320166,24184.428294261852,10570.536,10219.49674104,1,,10570.536,14106.313000000002,True,28.234587040839624,32.53692049443963,4.302333453600003
lamf-test-a5bf6748-f8d5-4a59-badc-d9816f45493a,"{<resource_manager.instance.OnPremInstance object at 0x1285afb60>: [(2, 10600.536, None)]}",54.40376906069801,24361.579953793564,10600.536,10205.190347697,2,,10600.536,19580.085000000003,True,24.410632412217172,31.694842561017175,7.284210148800002
lamf-test-aa879c60-c521-40a2-972a-cf0714098824,"{<resource_manager.instance.CloudOnDemandInstance object at 0x1285ea8b0>: [(2, 10630.536, None)]}",56.99333448866139,24404.32739508792,10630.536,10186.953217353,2,,11031.072,24419.72739508792,False,37.485499818220184,,
lamf-test-d4b58a16-b6c8-4064-88b0-a3ec8e4212ba,"{<resource_manager.instance.OnPremInstance object at 0x1285afb60>: [(2, 11061.072, None)]}",56.907858453854786,24598.916457776933,11061.072,10224.467171641001,2,,11061.072,15165.414,True,11.157529610454182,14.486971840854181,3.3294422304
lamf-test-7a641bba-d417-49ff-88d9-3fe54ccc21c1,"{<resource_manager.instance.OnPremInstance object at 0x1285afb60>: [(5, 11091.072, None)]}",72.4727596207448,24962.37691164475,11091.072,10805.430977368,1,,11091.072,12251.302000000001,True,15.265023195680296,17.6179696356803,2.3529464400000024
lamf-test-c8383b87-eaaf-4727-8a38-364a265a9c1b,"{<resource_manager.instance.CloudOnDemandInstance object at 0x1285ea8b0>: [(2, 11121.072, None)]}",87.74670802746411,41217.1454480103,11121.072,10201.999293078,2,,11521.608,39653.807716802316,True,77.56537920755274,204.80996741020437,127.24458820265161
lamf-test-15ce12ce-cdd4-4322-97b9-e92908eec275,"{<resource_manager.instance.OnPremInstance object at 0x1285afb60>: [(4, 11551.608, None)]}",62.79223748275714,25692.658051149578,11551.608,11422.640779977999,2,,11551.608,16783.628,True,19.055860282109123,27.544289530109126,8.488429248000001
lamf-test-bbc839c8-f836-4f9a-a8e0-6cb8342496f2,"{<resource_manager.instance.CloudOnDemandInstance object at 0x12879d590>: [(3, 11581.608, None)]}",114.4912360012796,41448.04492031438,11581.608,10220.49674104,3,,11982.144,41463.444920314374,False,68.17667561102982,,
lamf-test-04f3f31f-b20f-4cb7-a3dd-c0c2f380b4cc,"{<resource_manager.instance.CloudOnDemandInstance object at 0x12879d590>: [(4, 12012.144, None)]}",63.69847192731158,26095.966225497563,12012.144,11997.171210276001,3,,12412.68,26111.366225497564,False,42.89062963114324,,
lamf-test-87f7683b-4f57-45f2-93ec-cd6117faec52,"{<resource_manager.instance.OnPremInstance object at 0x1285afb60>: [(2, 12442.68, None)]}",62.86965238334432,26084.775520818308,12442.68,12021.300857433003,1,,12442.68,14849.027000000002,True,12.99343197201309,14.94546065841309,1.9520286864000012
lamf-test-a7986f20-c88c-442a-a9bb-9d4e408bd120,"{<resource_manager.instance.OnPremInstance object at 0x1285afb60>: [(4, 12472.68, None)]}",50.00049139574834,26159.154666000846,12472.68,12053.963421965003,1,,12472.68,15106.453000000001,True,27.841999163434494,32.1150324786345,4.273033315200002
lamf-test-9bb4d80d-2aee-48e9-ac53-5a922312b6c8,"{<resource_manager.instance.OnPremInstance object at 0x1285afb60>: [(6, 12502.68, None)]}",62.348183689222225,26205.51531999823,12502.68,12008.880951109002,2,,12502.68,18031.301000000003,True,23.893869907569304,37.34832197316931,13.454452065600007
lamf-test-c89d3402-a23f-46ae-8720-cd373edbf82e,"{<resource_manager.instance.OnPremInstance object at 0x1285afb60>: [(3, 12532.68, None)]}",59.063695813800784,26239.975197758547,12532.68,12011.090814311003,3,,12532.68,16526.283000000003,True,18.22314852840521,23.082564658805214,4.859416130400004
lamf-test-5f552717-b86e-4e0e-9794-6b12cd0fea27,"{<resource_manager.instance.OnPremInstance object at 0x1285afb60>: [(2, 12562.68, None)]}",43.981392744961866,26272.367123823482,12562.68,12035.385307370003,2,,12562.68,21554.929,True,24.445156978165315,31.739669366965316,7.294512388799999
lamf-test-067d037c-dcca-41c3-b8b9-a8b36009d0a4,"{<resource_manager.instance.OnPremInstance object at 0x1285afb60>: [(4, 12592.68, None)]}",61.80548621708826,26313.287055498273,12592.68,12024.172526530003,2,,12592.68,18729.678000000004,True,22.35193604756541,32.308601602765414,9.956665555200004
lamf-test-d4113937-9912-4267-ad39-f41249bcbcef,"{<resource_manager.instance.OnPremInstance object at 0x1285afb60>: [(2, 12622.68, None)]}",44.164232744169574,26327.37757040908,12622.68,12005.739864984502,3,,12622.68,21370.351,True,26.6109088143585,33.707019529558494,7.096110715199998
lamf-test-60d40a4b-09c7-4a73-b379-b1d85406ff0e,"{<resource_manager.instance.OnPremInstance object at 0x1285afb60>: [(4, 12652.68, None)]}",57.165191884420324,26335.7495543955,12652.68,12037.564931439003,3,,12652.68,21400.351000000002,True,53.22181762871702,67.41403905911702,14.192221430400004
lamf-test-78749043-3668-43d0-99ce-4ee040f7f664,"{<resource_manager.instance.OnPremInstance object at 0x1285afb60>: [(2, 12682.68, None)]}",57.07835905715178,26754.379687501925,12682.68,12634.482399348004,2,,12682.68,15657.592,True,8.087208309759632,10.500456924159632,2.4132486144
lamf-test-05c2e1a5-42c3-4e97-863b-94fa07e33793,"{<resource_manager.instance.CloudOnDemandInstance object at 0x12879d590>: [(4, 12712.68, None)]}",91.04820322006628,41518.80332288779,12712.68,10245.351340639001,2,,13113.216,41534.203322887784,False,78.35043958167137,,
lamf-test-a4d8ead1-b39f-46fe-9cfa-58d32f343ff0,"{<resource_manager.instance.CloudOnDemandInstance object at 0x12879d590>: [(1, 13143.216, None)], <resource_manager.instance.CloudOnDemandInstance object at 0x12879d090>: [(3, 13143.216, 24378.576)]}",84.41713409588449,42016.95185148716,13143.216,10819.059292569,1,48.70450376454484,13543.752,24388.608518842506,False,48.719763508772544,,
lamf-test-d56ac58c-44ed-4cac-88e0-685510119191,"{<resource_manager.instance.OnPremInstance object at 0x1285afb60>: [(2, 13573.752, None)]}",70.70390367140996,27292.851416964855,13573.752,13230.852999237008,2,,13573.752,21676.423,True,22.0268660862736,28.5997528014736,6.572886715199998
lamf-test-093fc8c1-409b-4af5-91bd-f1586aa318b7,"{<resource_manager.instance.CloudReservedInstance object at 0x1287a4710>: [(2, 13603.752, None)], <resource_manager.instance.CloudOnDemandInstance object at 0x12879d090>: [(4, 13603.752, None)]}",48.98947611555658,27388.657005508176,13603.752,13234.251975576008,1,,13603.752,21133.778978975202,True,68.33852152186788,111.67804360097838,43.33952207911051
lamf-test-b31f9afe-254c-4126-a484-8628eb9333c1,"{<resource_manager.instance.CloudOnDemandInstance object at 0x12879d090>: [(5, 13633.752, None)], <resource_manager.instance.CloudOnDemandInstance object at 0x1285ea520>: [(1, 13633.752, None)]}",58.325064065435534,27419.534373467493,13633.752,13241.761876696008,1,75.46325347935205,14034.288,26268.579951824588,True,92.88666073539508,166.43715294995397,73.55049221455889
lamf-test-412a625e-1641-430d-83ff-ad06d8ff7ded,"{<resource_manager.instance.OnPremInstance object at 0x1285afb60>: [(5, 14064.288, None)]}",48.58977843534464,27519.830987556277,14064.288,13238.141851296008,1,,14064.288,16121.796000000002,True,27.07041478439427,31.243041008394272,4.172626224000003
lamf-test-225e7631-1dba-46ce-9a30-f911bc78acd8,"{<resource_manager.instance.OnPremInstance object at 0x1285afb60>: [(5, 14094.288, None)]}",48.6051907309817,27601.399283383398,14094.288,13203.007613615006,1,,14094.288,16992.04767464292,True,38.12551705173207,44.002173671907904,5.876656620175839
lamf-test-915cb3ce-20ce-43ae-8b31-7f523a6333eb,"{<resource_manager.instance.CloudOnDemandInstance object at 0x1285ea520>: [(2, 14124.288, None)]}",71.69092063889612,27854.905594465476,14124.288,13817.558279639008,3,,14524.824,27870.305594465477,False,41.81616121215446,,
lamf-test-cf4eee4f-df46-4434-9c29-6bf0f44daf4d,"{<resource_manager.instance.OnPremInstance object at 0x1285afb60>: [(6, 14554.824, None)]}",53.667029478259835,27938.51141273332,14554.824,13838.52923313301,2,,14554.824,18207.313109230843,True,15.78550955378844,24.67420705001262,8.888697496224179
lamf-test-8f4c62d4-1881-4ae7-91f8-3b9d5e4e648b,"{<resource_manager.instance.CloudOnDemandInstance object at 0x1285ea520>: [(6, 14584.824, None)]}",53.33256697567134,27942.72699118172,14584.824,13814.671894108009,2,,14985.36,27958.12699118172,False,57.797407690960064,,
lamf-test-2ec8c349-ada1-458e-a7a4-ab9b6322b2cf,"{<resource_manager.instance.OnPremInstance object at 0x1285afb60>: [(4, 15015.36, None)]}",57.00450481534605,27976.74187512615,15015.36,13820.558279639008,2,,15015.36,16028.194000000001,True,3.688904704678064,5.332126586278065,1.6432218816000013
lamf-test-920c97be-abc7-45c8-bf90-73719c07896c,"{<resource_manager.instance.CloudOnDemandInstance object at 0x1285ea520>: [(3, 15045.36, None)]}",49.27955402462038,28021.56386842376,15045.36,13816.558279639008,2,,15445.896,25442.95628052302,True,33.540379186473295,75.89394787555577,42.353568689082465
lamf-test-65b278d1-c75b-4135-b5aa-f825706c680d,"{<resource_manager.instance.OnPremInstance object at 0x1285afb60>: [(4, 15475.896, None)]}",46.808209305960055,28028.45699596734,15475.896,13802.161627992007,1,39.97593064111339,15475.896,23067.656,True,80.25360407635559,92.57047550035558,12.316871423999997
lamf-test-4fd50982-b738-4cdf-bdb5-50cd3dff6874,"{<resource_manager.instance.OnPremInstance object at 0x1285afb60>: [(2, 15505.896, None)]}",66.98837614575113,28082.4539283392,15505.896,13847.815620136009,2,,15505.896,24485.719,True,24.411377272931322,31.69580969053132,7.2844324176
lamf-test-eb592d2c-c121-4645-b005-4e7f00d8eb14,"{<resource_manager.instance.OnPremInstance object at 0x1285afb60>: [(5, 15535.896, None)]}",65.43723826831173,28152.371347600827,15535.896,13818.558279639008,1,,15535.896,18864.373000000003,True,43.79241927142751,50.542570627427516,6.750151356000004
lamf-test-bff6c6c8-6ce7-4a14-8d30-c8d69887c972,"{<resource_manager.instance.CloudOnDemandInstance object at 0x1285afcb0>: [(4, 15565.896, None)]}",62.55972404682857,28452.22903866423,15565.896,14417.654885804506,2,,15966.432,28467.629038664232,False,39.600138457285425,,
lamf-test-f3f23406-4146-4e8a-b0d6-831939b9a4ea,"{<resource_manager.instance.OnPremInstance object at 0x1285afb60>: [(5, 15996.432, None)]}",57.3172776265575,28457.52727197075,15996.432,14424.199022550507,1,,15996.432,20493.873674642917,True,59.17236365603654,68.29317537221237,9.120811716175833
lamf-test-9fd69545-924f-4ce5-9308-d2123ccec4dc,"{<resource_manager.instance.CloudOnDemandInstance object at 0x1285afcb0>: [(3, 16026.432, 19047.504), (1, 19047.504, None)]}",61.631240803228884,28531.47224171865,16026.432,14409.544220457507,1,16.312731918777093,16426.968,19055.796102039327,False,16.32891798760433,,
lamf-test-5a75690c-b8ed-48d0-b610-f947c287d86c,"{<resource_manager.instance.OnPremInstance object at 0x1285afb60>: [(5, 16456.968, None)]}",56.45454017440447,28593.13019227788,16456.968,14441.087536092507,3,19.245083276294775,16456.968,21499.77776120133,True,38.35127965017362,48.57809784588992,10.226818195716296
lamf-test-9673f22e-b964-4aa7-bb78-d1e21e110802,"{<resource_manager.instance.OnPremInstance object at 0x1285afb60>: [(3, 16486.968, None)]}",52.254300807909324,28603.20982179066,16486.968,14448.579977757507,1,,16486.968,23993.248000000003,True,59.940634268765706,69.0742757727657,9.133641504000003
lamf-test-b036c054-ee21-47f6-aca9-95247c096cfe,"{<resource_manager.instance.CloudReservedInstance object at 0x1287a4710>: [(4, 16516.968, None)], <resource_manager.instance.CloudOnDemandInstance object at 0x1285afcb0>: [(2, 16516.968, None)]}",40.69689972228568,28672.97960786052,16516.968,14435.602292591508,3,46.49566659061525,16516.968,23904.166998995293,True,59.92606990844661,117.34529028783722,57.41922037939061
lamf-test-5f1a507d-a26f-433c-85e6-51ac89f0d432,"{<resource_manager.instance.OnPremInstance object at 0x1285afb60>: [(4, 16576.968, None)]}",64.02975273459877,28729.49098540913,16576.968,14453.716604811507,3,,16576.968,22696.529999999995,True,37.23210586356373,47.16048325236372,9.92837738879999
lamf-test-43098e09-15cf-41fe-b455-41529b19decc,"{<resource_manager.instance.OnPremInstance object at 0x1285afb60>: [(4, 16816.968, None)]}",67.69762432994189,29074.45271928783,16816.968,15019.135300163505,1,,16816.968,20257.134000000002,True,36.36649737622634,41.947822694626346,5.581325318400002
lamf-test-ff8adf42-1018-4980-bdfd-c498e4f1b637,"{<resource_manager.instance.CloudOnDemandInstance object at 0x1285afcb0>: [(2, 16846.968, None)]}",50.99968955238831,29146.913658445024,16846.968,15051.981433731506,1,,17247.504,29162.313658445026,False,45.268971543451435,,
lamf-test-d1831f12-882c-4e14-bb62-b9776ced5649,"{<resource_manager.instance.OnPremInstance object at 0x1285afb60>: [(3, 17277.504, None)]}",62.263052342770514,29189.88709406688,17277.504,15060.375074985004,3,,17277.504,19335.012,True,9.38858316221765,11.892158896617648,2.503575734399998
lamf-test-0d7701be-3ce7-49c1-9391-e93bc28aface,"{<resource_manager.instance.OnPremInstance object at 0x1285afb60>: [(2, 17307.504, None)]}",74.93798997685712,29247.32603105421,17307.504,15069.890872122505,3,,17307.504,25268.636000000002,True,24.21821279184729,30.67628307024729,6.458070278400001
lamf-test-327a626d-9865-47f8-8ba0-52996ec1940c,"{<resource_manager.instance.OnPremInstance object at 0x1285afb60>: [(4, 17337.504, None)]}",74.39841740073138,29777.058634659516,17337.504,15637.747353898507,1,,17337.504,23734.480000000003,True,67.62336786067384,78.00182172307385,10.378453862400004
lamf-test-2809816c-7bfc-46e3-bb73-0ce9925ea853,"{<resource_manager.instance.OnPremInstance object at 0x1285afb60>: [(2, 17367.504, None)]}",50.90207279429441,29793.52253781945,17367.504,15629.739682948506,1,,17367.504,27934.583000000002,True,57.05852985017873,65.63054433497874,8.5720144848
lamf-test-457a1c73-20e1-45f7-a144-19901295fb3b,"{<resource_manager.instance.OnPremInstance object at 0x1285afb60>: [(4, 18087.504, None)]}",49.05334152829353,29804.72356556094,18087.504,15642.886205770506,1,,18087.504,23551.676000000003,True,57.76256049889727,66.62763315169728,8.865072652800004
lamf-test-73802176-7b43-45cb-be2f-758b39305344,"{<resource_manager.instance.OnPremInstance object at 0x1285afb60>: [(4, 18117.504, None)]}",57.80879755607951,29819.37238435439,18117.504,15662.102911983506,3,17.768870636550307,18117.504,22338.533,True,25.681216822572047,32.52941427217205,6.848197449599998
lamf-test-0fdcad07-bf2d-4d92-8354-0c4ee7d909cf,"{<resource_manager.instance.OnPremInstance object at 0x1285afb60>: [(6, 18267.504, 19197.504), (1, 19197.504, None)]}",57.46774388158159,30318.984937377325,18267.504,16222.945376232507,1,14.640657084188913,18267.504,30334.384937377326,False,45.97875083146711,,
lamf-test-a37f5b70-4c4f-44b3-a817-99539c326610,"{<resource_manager.instance.OnPremInstance object at 0x1285afb60>: [(4, 18327.504, None)]}",57.694188998700625,30320.0346812391,18327.504,16233.333980094507,3,,18327.504,22863.689,True,27.598661495170717,34.958168039170715,7.359506543999996
lamf-test-20bd965c-e3af-463e-ad6b-f7ce4b078baa,"{<resource_manager.instance.OnPremInstance object at 0x1285afb60>: [(5, 18447.504, None)]}",49.20241958092055,31067.9182862859,18447.504,16872.466650513506,2,,18447.504,20959.864,True,10.053957850394244,15.149023930394245,5.0950660800000005
lamf-test-ff97215d-d288-4a40-9a08-b29190e7eee1,"{<resource_manager.instance.OnPremInstance object at 0x1285afb60>: [(4, 18807.504, None)]}",50.90199713640601,31474.836203134422,18807.504,17422.571729053507,1,,18807.504,26190.619,True,78.04798729941439,90.02635307541439,11.978365775999997
lamf-test-e31740c1-403e-4c71-8a7f-0330adf6a272,"{<resource_manager.instance.OnPremInstance object at 0x1285afb60>: [(5, 18927.504, None)]}",51.6673689623557,31500.480220753954,18927.504,17421.571729053507,1,,18927.504,23375.959,True,58.52785116738913,67.54931790738912,9.021466739999996
lamf-test-4c84a4d8-5052-4c6f-afd2-7c5df767217c,"{<resource_manager.instance.OnPremInstance object at 0x1285afb60>: [(6, 19197.504, None)]}",71.28909006291121,31547.212323114887,19197.504,17449.68235070051,1,,19197.504,21617.634,True,38.09924024640653,43.98886861440653,5.889628367999994
lamf-test-0b722e5a-870b-4bb2-acf4-7c5f987aee07,"{<resource_manager.instance.OnPremInstance object at 0x1285afb60>: [(4, 19227.504, None)]}",60.84882595404457,31560.342503940938,19227.504,17423.571729053507,3,,19227.504,25913.155,True,40.67625522853447,51.52305541093447,10.846800182399997
lamf-test-86bee4c0-8211-4364-b2b2-315ff254f448,"{<resource_manager.instance.CloudOnDemandInstance object at 0x1285afcb0>: [(4, 19257.504, 20978.04), (1, 20978.04, None)]}",60.879551145103115,31582.017009270123,19257.504,17429.783710886506,1,12.256207468248537,19658.04,20990.154051019665,False,12.279853928778213,,
lamf-test-e1378e61-db93-479c-b4b7-359d51f2c742,"{<resource_manager.instance.OnPremInstance object at 0x1285afb60>: [(6, 19688.04, None)]}",52.48076757861521,31717.331554353463,19688.04,17455.00548185651,1,,19688.04,21975.676,True,36.01343463381244,41.580625603412436,5.567190969599997
lamf-test-1fb51fa6-4d43-412b-9a86-c51ec772c644,"{<resource_manager.instance.OnPremInstance object at 0x1285afb60>: [(5, 20288.04, None)]}",79.83864331738259,31829.623700079326,20288.04,17435.951350349507,3,19.245083276294775,20288.04,24279.939456720796,True,30.358958527042326,38.4545306252721,8.095572098229773
lamf-test-db07f320-f70e-4581-b141-d95e0791351c,"{<resource_manager.instance.OnPremInstance object at 0x1285afb60>: [(4, 20528.04, None)]}",67.5503798079176,32090.47235012314,20528.04,18041.36684564351,2,,20528.04,23950.104000000003,True,12.463708751196576,18.015665384796577,5.551956633600003
lamf-test-a8f2c75b-6fbc-476d-891d-92f88bfed8de,"{<resource_manager.instance.OnPremInstance object at 0x1285afb60>: [(6, 21008.04, None)]}",60.82789615796186,32271.36261314497,21008.04,18028.64377972451,2,,21008.04,22623.348,True,6.981118657375132,10.912132206175134,3.9310135488000024
lamf-test-76f31f64-e074-4b6a-9579-e22c37b55e69,"{<resource_manager.instance.CloudReservedInstance object at 0x1287a4710>: [(2, 21188.04, None)], <resource_manager.instance.CloudOnDemandInstance object at 0x12879d090>: [(3, 21188.04, None)]}",57.885218243385175,32312.766666510768,21188.04,18067.44136877051,3,,21188.04,31368.8426386336,True,46.45586419636595,95.96378392369812,49.507919727332165
lamf-test-599db447-ffc5-4f67-bbdb-15246291d10d,"{<resource_manager.instance.CloudOnDemandInstance object at 0x12879d090>: [(1, 21218.04, None)], <resource_manager.instance.CloudOnDemandInstance object at 0x1285afcb0>: [(3, 21218.04, None)]}",58.09494942769889,32562.109960964837,21218.04,18660.02718476451,3,,21618.576,32577.50996096484,False,40.31550674411431,,
lamf-test-9c88980c-fc13-42ba-ae80-9214e850b23c,"{<resource_manager.instance.OnPremInstance object at 0x1285afb60>: [(3, 21648.576, None)]}",56.88278421553064,32699.91257027818,21648.576,18650.30063429751,2,,21648.576,24396.062,True,8.862790953150125,12.205931917950126,3.3431409648000012
lamf-test-0edb2b7d-ea79-4551-a1d6-40e8f4f75204,"{<resource_manager.instance.OnPremInstance object at 0x1285afb60>: [(2, 21678.576, None)]}",49.09599477194767,33227.54223931474,21678.576,19235.13129765851,3,,21678.576,26578.909000000003,True,14.907089512510463,18.882239642110466,3.975150129600002
lamf-test-01d3dab5-d631-4e94-b48f-123fd1e6d0ca,"{<resource_manager.instance.OnPremInstance object at 0x1285afb60>: [(3, 21708.576, None)]}",62.28353144846482,33357.51160902579,21708.576,19257.91269879951,1,,21708.576,24910.914000000004,True,25.571943874058892,29.468548752458897,3.8966048784000042
lamf-test-c7f36b6d-6d0e-497a-bed2-ab51e4200e00,"{<resource_manager.instance.OnPremInstance object at 0x1285afb60>: [(6, 21738.576, 22548.576), (2, 22548.576, None)]}",67.30455789142538,33386.181912764645,21738.576,19286.965673867515,2,3.5006983884645244,21738.576,23932.223,True,7.26210091605996,10.35573136245996,3.0936304464000006
lamf-test-d392fb46-3ada-4299-920d-04b5ae462e49,"{<resource_manager.instance.OnPremInstance object at 0x1285afb60>: [(4, 21768.576, None)]}",53.88118833696197,33405.58986075938,21768.576,19282.928441144515,2,7.102214355089007,21768.576,25072.200999999997,True,12.03233481991328,17.392136019913274,5.359801199999994
lamf-test-227b9038-f251-4152-94eb-43a9fb1d09b6,"{<resource_manager.instance.OnPremInstance object at 0x1285afb60>: [(5, 21798.576, 22608.576), (1, 22608.576, None)]}",66.25196628808428,33455.65256212445,21798.576,19227.02060968851,2,3.2414565821854096,21798.576,33471.052562124445,False,25.28181742556483,,
lamf-test-404b381d-5a0f-4cbc-ae4f-02ebbbeb7a4d,"{<resource_manager.instance.OnPremInstance object at 0x1285afb60>: [(6, 22038.576, None)]}",54.32250531179826,33457.743027620105,22038.576,19244.64958143951,1,32.587268993839835,22038.576,25105.564665538506,True,48.282504659401525,55.74632827585603,7.463823616454507
lamf-test-cbaeac35-da39-4580-bb48-6f69d435e1ef,"{<resource_manager.instance.OnPremInstance object at 0x1285afb60>: [(6, 22398.576, 23238.576), (2, 23238.576, None)]}",59.97502759856391,33549.96304537012,22398.576,19275.112105438515,2,3.6303538843335805,22398.576,31317.112,True,25.591609702956898,34.1891421061569,8.5975324032
lamf-test-6ebb2b55-7f25-4fcc-998e-d62668ae8460,"{<resource_manager.instance.OnPremInstance object at 0x1285afb60>: [(6, 22548.576, None)]}",60.69367071554156,33601.366082642504,22548.576,19267.411003023513,2,14.482830061763693,22548.576,27061.253999999997,True,19.503116792912714,30.485169973712708,10.982053180799992
lamf-test-8ac2f925-7afc-41fe-bb28-31766fc5fb67,"{<resource_manager.instance.OnPremInstance object at 0x1285afb60>: [(2, 22608.576, None)]}",78.91788247204538,33902.1224460201,22608.576,19855.53018632951,1,,22608.576,28990.152,True,34.45827789185488,39.635012343054875,5.176734451199998
lamf-test-e68a5a0e-948d-450e-bd18-14ba76978e62,"{<resource_manager.instance.OnPremInstance object at 0x1285afb60>: [(2, 22638.576, None)]}",61.643354936762066,34012.14212273725,22638.576,19888.23438596651,2,,22638.576,34027.54212273724,False,30.960559998874437,,
lamf-test-03badbdc-4aa8-4cd2-98f8-bfe0e4080cef,"{<resource_manager.instance.OnPremInstance object at 0x1285afb60>: [(2, 22698.576, None)]}",46.039696363479905,34513.59038943485,22698.576,20489.369536815007,2,,22698.576,30326.268999999997,True,20.735652756752245,26.923237318352243,6.187584561599996
lamf-test-3943f80b-7a33-4e35-a8a4-f3b6aa99c52d,"{<resource_manager.instance.OnPremInstance object at 0x1285afb60>: [(3, 22728.576, None)]}",31.751233670300554,34578.88578916036,22728.576,20487.300181551007,1,12.93634496919918,22728.576,27290.744,True,36.430727812000896,41.9819738344009,5.551246022399998
lamf-test-aba1aa4f-f6ce-4af2-b868-ea5768a9b8b8,"{<resource_manager.instance.OnPremInstance object at 0x1285afb60>: [(5, 22758.576, None)]}",55.6474329845016,34581.40791358206,22758.576,20441.44346310051,3,,22758.576,25587.21952240266,True,21.512233039795095,27.248722103227685,5.736489063432589
lamf-test-d11d15e3-c05e-424a-bab1-f5785ed94bc2,"{<resource_manager.instance.OnPremInstance object at 0x1285afb60>: [(4, 22818.576, None)]}",65.13660288894543,34598.24997029634,22818.576,20466.71932473551,1,9.831165868126854,22818.576,27600.696,True,50.55248916267396,58.311000650673954,7.758511487999998
lamf-test-2586faa0-8afe-4587-9352-3a45415e951c,"{<resource_manager.instance.OnPremInstance object at 0x1285afb60>: [(3, 22848.576, None)]}",52.1878736324701,34663.219115587744,22848.576,20479.54873006051,2,,22848.576,25957.326999999997,True,10.028153096465774,13.81088131326577,3.7827282167999963
lamf-test-81195703-aa5f-481d-abd3-346d6a96d7d8,"{<resource_manager.instance.OnPremInstance object at 0x1285afb60>: [(2, 22938.576, None)]}",57.90728747613712,34687.63862674733,22938.576,20484.67318104801,2,,22938.576,28519.435,True,15.171396424632672,19.69858924543267,4.5271928208
lamf-test-debb5ae3-8ca9-424a-a1fe-ae626817d5d4,"{<resource_manager.instance.OnPremInstance object at 0x1285afb60>: [(4, 23118.576, None)]}",50.08229655297103,34707.400879833396,23118.576,20481.54873006051,3,5.658224960073008,23118.576,26728.526,True,21.963343220016732,27.820126100016733,5.856782880000001
lamf-test-0b1411aa-7440-4517-bbd4-2bffa1461af4,"{<resource_manager.instance.OnPremInstance object at 0x1285afb60>: [(2, 23148.576, None)]}",54.09958144079154,34800.00685620125,23148.576,20495.553671391008,1,,23148.576,29295.025999999998,True,33.188679747509305,38.1746799875093,4.986000239999997
lamf-test-b86de886-591a-45ec-903b-6a80c96225dd,"{<resource_manager.instance.OnPremInstance object at 0x1285afb60>: [(6, 23298.576, None)]}",41.149547064693905,35057.05712046234,23298.576,21073.364075478006,3,,23298.576,25944.774999999998,True,24.1496600501939,30.589449936593894,6.439789886399993
lamf-test-2ee801ff-df94-45c9-b634-a465808c37ee,"{<resource_manager.instance.OnPremInstance object at 0x1285afb60>: [(4, 23418.576, 24138.576), (1, 24138.576, None)]}",44.045311418522864,35142.93142748001,23418.576,21043.87634593501,3,4.380561259411362,23418.576,34952.237,True,20.828444748650085,26.382593650250087,5.5541489016000005
lamf-test-b19f4d76-0891-41df-b5fe-36ccd74b9a06,"{<resource_manager.instance.OnPremInstance object at 0x1285afb60>: [(3, 23478.576, None)]}",47.2527689810787,35154.7686869465,23478.576,21051.998046940007,3,,23478.576,35170.1686869465,False,53.349727067973966,,
lamf-test-55529a16-b241-4348-bd90-45ddc000d26d,"{<resource_manager.instance.OnPremInstance object at 0x1285afb60>: [(3, 23508.576, None)]}",53.211716625419925,35178.139177532896,23508.576,21062.258108763006,2,,23508.576,32950.950999999994,True,30.459043549721752,41.94852544972174,11.489481899999992
lamf-test-65e3ea29-e28c-4094-b1d4-e102c2738358,"{<resource_manager.instance.OnPremInstance object at 0x1285afb60>: [(3, 23538.576, None)]}",53.51848203740168,35196.87263641596,23538.576,21076.670036820007,1,,23538.576,27751.905000000002,True,33.645109514031496,38.7718882412315,5.126778727200002
lamf-test-18cbb634-7aef-4481-9ee7-fe1e8a16d0ba,"{<resource_manager.instance.OnPremInstance object at 0x1285afb60>: [(5, 23778.576, None)]}",52.226498354671556,35205.461290019215,23778.576,21085.426871420008,3,,23778.576,24597.667,True,6.229302608563391,7.890419156563392,1.6611165480000005
lamf-test-5471ed7c-c241-4b43-b3db-c6a0ff681a3a,"{<resource_manager.instance.OnPremInstance object at 0x1285afb60>: [(2, 23808.576, None)]}",59.30424416492866,35828.027405305635,23808.576,21659.65031639701,2,,23808.576,33592.08999999999,True,26.596186952571905,34.53257350937189,7.936386556799991
lamf-test-40afb271-d458-48d9-adbe-b89134d80114,"{<resource_manager.instance.CloudReservedInstance object at 0x1287a4710>: [(3, 23958.576, None)]}",57.83325208385016,35871.44266428036,23958.576,21641.406834446007,3,,23958.576,31434.86307907567,True,34.114930773788124,58.6162187893349,24.501288015546777
lamf-test-81297157-09b4-4bfd-81e5-a8bf0f0cf407,"{<resource_manager.instance.OnPremInstance object at 0x1285afb60>: [(6, 24078.576, None)]}",69.1210403049402,35883.92576652774,24078.576,21646.08005161701,3,,24078.576,27924.37321846168,True,35.097396472385824,44.45652858323416,9.35913211084834
lamf-test-9b9326a1-51bc-46fd-a2cb-1abf1c9c75f6,"{<resource_manager.instance.OnPremInstance object at 0x1285afb60>: [(5, 24138.576, None)]}",57.78982021342063,35929.12495945844,24138.576,21667.94012204701,1,,24138.576,28394.84676120133,True,55.999303497439335,64.63102060115563,8.631717103716294
lamf-test-46c0ddc9-3e57-4092-abb9-12bad9e5fc70,"{<resource_manager.instance.CloudReservedInstance object at 0x1287a4710>: [(1, 24168.576, None)], <resource_manager.instance.CloudOnDemandInstance object at 0x1285afcb0>: [(2, 24168.576, None)]}",59.85312775121128,36435.60386720875,24168.576,22269.172078369007,1,,24168.576,36451.00386720875,False,79.70952249868023,,
lamf-test-7741d198-baa3-4b02-8577-d94aba790819,"{<resource_manager.instance.OnPremInstance object at 0x1285afb60>: [(2, 24198.576, None)]}",58.57374457030712,36469.30185276213,24198.576,22267.305354382006,2,,24198.576,30913.591,True,18.254565213411546,23.701785381411547,5.447220167999999
lamf-test-709c216f-6a83-488b-bc0b-72ed1c83abc3,"{<resource_manager.instance.OnPremInstance object at 0x1285afb60>: [(4, 24318.576, None)]}",66.23572922815853,36911.94447499301,24318.576,22856.74560814001,1,71.08909696554872,24318.576,31534.157000000003,True,76.2769609095749,87.9835195239749,11.706558614400002
lamf-test-be2bbdb1-c4fd-4c6f-98ba-e30fc22c630e,"{<resource_manager.instance.CloudOnDemandInstance object at 0x12879d590>: [(1, 24378.576, None)], <resource_manager.instance.CloudOnDemandInstance object at 0x12879d090>: [(2, 24378.576, None)], <resource_manager.instance.CloudOnDemandInstance object at 0x1285afcb0>: [(1, 24378.576, None)]}",51.26544011550611,36932.62634256005,24378.576,22863.93870365301,1,,24779.112,36948.02634256004,False,68.18927607442515,,
lamf-test-b395ec81-f5cf-4d31-b896-54e96e62d931,"{<resource_manager.instance.OnPremInstance object at 0x1285afb60>: [(6, 24809.112, None)]}",60.66671241836613,36974.89337946667,24809.112,22846.378330870008,3,,24809.112,26525.481,True,15.66387405886378,19.840829657263775,4.1769555983999975
lamf-test-af430514-5203-4847-a3dd-4d540698c45d,"{<resource_manager.instance.OnPremInstance object at 0x1285afb60>: [(2, 24839.112, None)]}",43.871600174569394,36992.97225445061,24839.112,22851.74560814001,3,,24839.112,33141.382999999994,True,25.255976880371108,31.9907791155711,6.734802235199995
lamf-test-ac6005c9-5daa-4585-b9e3-32cefa81cdb6,"{<resource_manager.instance.OnPremInstance object at 0x1285afb60>: [(2, 24869.112, None)]}",56.43144675229202,36993.15647362187,24869.112,22844.22182298001,3,,24869.112,33179.083,True,25.279400714883252,32.02044919008325,6.741048475199998
lamf-test-2044ce9f-358f-4536-9714-09641c49ba86,"{<resource_manager.instance.CloudOnDemandInstance object at 0x1285ea8b0>: [(2, 24899.112, None)], <resource_manager.instance.CloudOnDemandInstance object at 0x12879d090>: [(1, 24899.112, None)]}",48.79729657189927,37027.28906185641,24899.112,22884.23491987251,2,,25299.648,37042.68906185641,False,48.51050569015326,,
lamf-test-fce34ab6-8bce-4303-a50f-d59fbea8d614,"{<resource_manager.instance.OnPremInstance object at 0x1285afb60>: [(2, 25329.648, None)]}",47.41181351390231,37027.31463980983,25329.648,22843.22182298001,3,,25329.648,31370.085000000003,True,18.375350216746522,23.275352711146525,4.900002494400002
lamf-test-4efeb549-c3cf-448a-a777-1713f6f5a77e,"{<resource_manager.instance.OnPremInstance object at 0x1285afb60>: [(6, 25359.648, None)]}",68.3929603445819,37053.82802200464,25359.648,22857.78385147301,2,,25359.648,27979.258665538506,True,11.321563994142128,17.69664850979663,6.375084515654505
lamf-test-ead8fa92-dd65-4aea-b802-324a84d102bb,"{<resource_manager.instance.OnPremInstance object at 0x1285afb60>: [(4, 25389.648, None)]}",64.57300483587817,37071.358952744515,25389.648,22898.40945457951,1,,25389.648,31507.865,True,64.67656574644461,74.60276100724461,9.9261952608
lamf-test-b87c5197-7932-482c-81b3-61882a5ae41e,"{<resource_manager.instance.OnPremInstance object at 0x1285afb60>: [(2, 25419.648, None)]}",46.96697712554091,37116.793132207604,25419.648,22899.40945457951,3,,25419.648,34740.61,True,28.35489238725378,35.91605676165378,7.5611643744
lamf-test-c6c963f9-b511-4173-9da1-afb01f8ea9e8,"{<resource_manager.instance.OnPremInstance object at 0x1285afb60>: [(5, 25449.648, None)]}",55.16582208546895,37119.62638781887,25449.648,22867.463261411507,2,,25449.648,28530.18837016239,True,12.327701061173764,18.575036931863085,6.247335870689321
lamf-test-001a4b71-83f9-4df6-aec9-864db3283caa,"{<resource_manager.instance.OnPremInstance object at 0x1285afb60>: [(2, 25479.648, None)]}",48.99000092192328,37500.71891466916,25479.648,23489.781255532507,3,,25479.648,29144.537999999997,True,11.148802190280616,14.121760958280612,2.9729587679999967
lamf-test-f7a44344-fc5e-4a49-a1d7-2ef5e757b2cc,"{<resource_manager.instance.OnPremInstance object at 0x1285afb60>: [(5, 25629.648, None)]}",58.088742770112894,37643.72722315511,25629.648,23496.417590771507,1,,25629.648,27585.869000000002,True,25.73779245570007,29.705008643700072,3.9672161880000023
lamf-test-e53ad4a6-c56e-4dd1-b22c-a4f51924970e,"{<resource_manager.instance.CloudReservedInstance object at 0x12879d1d0>: [(4, 25869.648, None)]}",55.354429897570796,37700.4953891258,25869.648,23468.163942619507,3,,25869.648,37715.89538912579,False,36.0369530431996,,
lamf-test-6849d36d-a755-4e76-b818-c17b557c62c1,"{<resource_manager.instance.CloudOnDemandInstance object at 0x1285ea520>: [(3, 25899.648, None)]}",39.636907285102794,37756.85869280159,25899.648,23500.840801593506,2,,26300.184,36920.59683265691,True,35.55117864447792,80.44391161942258,44.89273297494466
lamf-test-d82e7cf7-6019-488e-8e11-17029d37b11e,"{<resource_manager.instance.OnPremInstance object at 0x1285afb60>: [(4, 26330.184, None)]}",58.17814683116276,38007.31294964279,26330.184,24064.86937258301,1,,26330.184,28387.692,True,21.750217659137554,25.08831863833755,3.3381009791999965
lamf-test-bd57b50e-03ca-4810-aec9-f7f4669d252f,"{<resource_manager.instance.OnPremInstance object at 0x1285afb60>: [(6, 26360.184, None)]}",70.84381642365693,38053.07456817128,26360.184,24054.885150114507,3,,26360.184,31042.327887384672,True,42.730037758472925,54.12450312281226,11.394465364339336
lamf-test-d25e5772-26d6-4d1a-8442-10078b0905a7,"{<resource_manager.instance.OnPremInstance object at 0x1285afb60>: [(3, 26390.184, None)]}",48.70139863364064,38092.75333964131,26390.184,24090.42484987351,2,19.171519344381394,26390.184,33444.585999999996,True,22.75596316977924,31.339759523379232,8.583796353599993
lamf-test-bb0f8113-f05a-4407-a64f-cf580915278f,"{<resource_manager.instance.OnPremInstance object at 0x1285afb60>: [(3, 26420.184, None)]}",55.45396955229691,38131.618688219445,26420.184,24065.86937258301,1,60.000301163586585,26420.184,36418.698,True,79.84211498973303,92.00830682493303,12.166191835199996
lamf-test-9b398170-0f91-43dd-888b-ca47a69e7be6,"{<resource_manager.instance.CloudOnDemandInstance object at 0x12879d590>: [(4, 26450.184, None)], <resource_manager.instance.CloudOnDemandInstance object at 0x12879d090>: [(1, 26450.184, None)]}",66.9431854355246,38160.873776105094,26450.184,24091.42484987351,1,52.266598524602635,26850.72,38176.27377610509,False,76.09904384827496,,
lamf-test-9887e099-b361-4b4e-9635-a15f075166e7,"{<resource_manager.instance.OnPremInstance object at 0x1285afb60>: [(2, 26880.72, None)]}",35.564787144994426,38180.61500998616,26880.72,24120.608160822507,3,,26880.72,35076.977999999996,True,24.93347935204196,31.582283841641956,6.648804489599995
lamf-test-9ae48453-c026-4d89-8443-e59c272cd1c1,"{<resource_manager.instance.OnPremInstance object at 0x1285afb60>: [(3, 26910.72, None)]}",49.958054880775016,38251.79331493353,26910.72,24079.93025974951,3,,26910.72,30441.771000000004,True,16.112484599589333,20.409067456389337,4.296582856800004
lamf-test-6b1442b6-bf8d-43ee-9a7c-ebfe1af3d782,"{<resource_manager.instance.OnPremInstance object at 0x1285afb60>: [(6, 26940.72, None)]}",47.933135757937364,38269.59742012252,26940.72,24062.86937258301,3,,26940.72,30820.61,True,35.40853296828655,44.85063327228655,9.442100303999998
lamf-test-4934301a-0ee3-435b-9029-b60facd69218,"{<resource_manager.instance.OnPremInstance object at 0x1285afb60>: [(4, 26970.72, None)]}",52.890558120332045,38382.43611011916,26970.72,24101.77251790851,1,,26970.72,29483.08,True,26.558524602631383,30.634577466631384,4.076052864000001
lamf-test-95560630-f5ce-4b54-af45-e19485ee5922,"{<resource_manager.instance.CloudOnDemandInstance object at 0x12879d090>: [(2, 27000.72, None)]}",59.57220196896465,38718.7467972494,27000.72,24665.493662490506,3,,27401.256,38734.1467972494,False,11.89791547874302,,
lamf-test-73046f72-e863-4f29-945a-1ed957c987ac,"{<resource_manager.instance.OnPremInstance object at 0x1285afb60>: [(2, 27431.256, None)]}",49.64802637292328,38732.393036744244,27431.256,24718.870146422003,2,,27431.256,30171.042000000005,True,7.448025389041132,9.670539792241135,2.222514403200003
lamf-test-a4b5dddb-c265-42fa-86a6-3769ba731a7d,"{<resource_manager.instance.OnPremInstance object at 0x1285afb60>: [(3, 27461.256, None)]}",52.551032993574616,38755.29179375598,27461.256,24709.835345639003,3,,27461.256,33607.706,True,28.04677161761349,35.52577197761349,7.479000359999997
lamf-test-5732e2ca-542b-4ef0-9ba8-d02986867ef0,"{<resource_manager.instance.OnPremInstance object at 0x1285afb60>: [(5, 27491.256, None)]}",47.97415618366852,38785.848611683046,27491.256,24717.870146422003,3,,27491.256,31174.235761201326,True,28.009580661657346,35.47866361737363,7.469082955716285
lamf-test-46c864e1-45db-4f91-aeb7-6635dbd4c402,"{<resource_manager.instance.OnPremInstance object at 0x1285afb60>: [(3, 27521.256, None)]}",52.404009574895966,38788.998699063275,27521.256,24670.801944132505,2,,27521.256,33341.967,True,18.77634491739043,25.858986062190425,7.082641144799995
lamf-test-fb68c73b-7616-477a-9624-12fe33c84899,"{<resource_manager.instance.OnPremInstance object at 0x1285afb60>: [(2, 27551.256, None)]}",57.07316459038334,38792.711658016065,27551.256,24668.493662490506,1,,27551.256,36437.492,True,47.98256567039317,55.19108031359317,7.208514643199997
lamf-test-f6694ce8-d10c-4d5c-8d02-a0790805227c,"{<resource_manager.instance.OnPremInstance object at 0x1285afb60>: [(4, 27611.256, None)]}",59.39258429217821,38881.00512127952,27611.256,24704.249997141003,3,25.62715947980835,27611.256,33514.473000000005,True,35.91583846680358,45.493217727603586,9.577379260800006
lamf-test-9a613963-6b08-48f7-a968-de04ae02d54b,"{<resource_manager.instance.OnPremInstance object at 0x1285afb60>: [(5, 27671.256, None)]}",60.09404415021537,38920.56440761449,27671.256,24720.870146422003,1,,27671.256,29615.051000000003,True,25.574304890105736,29.51632115010574,3.9420162600000035
lamf-test-dc05c32e-684f-4b3c-9aa4-d42d6979a3fe,"{<resource_manager.instance.CloudOnDemandInstance object at 0x12879d090>: [(2, 27701.256, None)]}",53.18730478197852,38954.59726735858,27701.256,24691.655186666,1,,28101.792,39173.82995574584,False,22.39430614729712,,
lamf-test-1d000706-26a3-4b4f-ad47-fa83618f238b,"{<resource_manager.instance.OnPremInstance object at 0x1285afb60>: [(6, 28131.792, None)]}",81.70373679543748,38964.38967457216,28131.792,24711.953376932004,3,,28131.792,29064.596,True,8.51292721879991,10.78299903319991,2.2700718144000005
lamf-test-2eec3224-ea88-4f7c-9564-fd5b3d3b7737,"{<resource_manager.instance.OnPremInstance object at 0x1285afb60>: [(2, 28161.792, None)]}",37.4151337220024,38992.34703974509,28161.792,24732.261157367004,3,,28161.792,34535.668000000005,True,19.389690470758243,24.560178681958245,5.170488211200003
lamf-test-db485ebb-20db-4f84-be49-680a38510307,"{<resource_manager.instance.OnPremInstance object at 0x1285afb60>: [(4, 28191.792, None)]}",34.692999599854716,39006.67312565723,28191.792,24719.870146422003,1,,28191.792,32405.121,True,44.53971640428928,51.375421373889274,6.8357049695999965
lamf-test-eb814bf1-bbb0-4b2f-bc01-f5e613979714,"{<resource_manager.instance.OnPremInstance object at 0x1285afb60>: [(2, 28221.792, None)]}",47.7909014064123,39051.608392047696,28221.792,24690.655186666,3,,28221.792,32439.847000000005,True,12.831561335462784,16.253247551462785,3.421686216000003
lamf-test-e255d1b1-9398-4d26-ab74-bb5794234e47,"{<resource_manager.instance.OnPremInstance object at 0x1285afb60>: [(2, 28251.792, None)]}",52.18465366625499,39530.651849096306,28251.792,25330.779083802005,3,,28251.792,31219.004,True,9.026426344208682,11.433428718608681,2.4070023743999998
lamf-test-baf1e374-4927-43ba-aa7b-5acc143a9325,"{<resource_manager.instance.CloudOnDemandInstance object at 0x1285ea520>: [(3, 28281.792, None)]}",54.82249465439443,40177.704753424274,28281.792,25924.021692234,1,,28682.328,34686.38993395398,True,51.143264359659874,77.23175358382801,26.08848922416813
lamf-test-e8a77b29-caaa-4f0e-91f9-2b96865ed1ae,"{<resource_manager.instance.OnPremInstance object at 0x1285afb60>: [(3, 28712.328, None)]}",74.9679267745451,40545.54722099655,28712.328,26480.971505175,1,,28712.328,32248.105,True,28.234587040839596,32.53692049443959,4.302333453599998
lamf-test-dd64f63e-d0c8-4966-b4ae-6daebbc14d2f,"{<resource_manager.instance.OnPremInstance object at 0x1285afb60>: [(5, 28742.328, None)]}",50.48192034153112,40582.86894584498,28742.328,26479.971505175,1,,28742.328,30584.836,True,24.241682561411487,27.978288785411483,3.7366062239999955
lamf-test-7f94fa02-84ad-49c5-b83e-515b628c4152,"{<resource_manager.instance.OnPremInstance object at 0x1285afb60>: [(5, 28772.328, None)]}",70.77056876301576,40594.00998288362,28772.328,26506.350949301,2,21.49609149199976,28772.328,35498.01699999999,True,26.91485046763207,40.55454775963205,13.639697291999981
lamf-test-c6b79105-5602-4776-b975-272c1194b070,"{<resource_manager.instance.CloudOnDemandInstance object at 0x1285ea520>: [(6, 28802.328, None)]}",67.523143913155,40729.09313738716,28802.328,26492.933685558997,3,,29202.864,34471.07931280335,True,51.73398414604924,97.91616734119553,46.182183195146294
lamf-test-3f24393a-2ab1-4481-a2f9-eb1ac8cef898,"{<resource_manager.instance.OnPremInstance object at 0x1285afb60>: [(2, 29232.864, None)]}",48.75501181450081,41213.34637547797,29232.864,27114.301353252995,1,,29232.864,38111.399999999994,True,47.940988364134114,55.14325676733411,7.202268403199994
lamf-test-98a6ab80-499b-4f3a-95f7-4dd7df820566,"{<resource_manager.instance.OnPremInstance object at 0x1285afb60>: [(2, 29262.864, None)]}",105.87093398460661,42018.983647563065,29262.864,10845.489014664,1,,29262.864,38130.02,True,47.879540345273384,55.07257729247338,7.193036947199996
lamf-test-6fdb4590-cea7-4d20-bffa-249d0757fa2a,"{<resource_manager.instance.OnPremInstance object at 0x1285afb60>: [(6, 29292.864, None)]}",88.08906902383775,42471.45521918066,29292.864,11424.108689137,1,38.42048459958933,29292.864,34781.31462863496,True,86.40271352402739,99.75940697387342,13.356693449846032
lamf-test-724d0d5f-301b-4490-8457-7773ef64d695,"{<resource_manager.instance.CloudOnDemandInstance object at 0x1285afcb0>: [(5, 29322.864, None)]}",109.55462846539683,42519.114445687366,29322.864,11407.879294449,2,27.494452428035075,29723.4,42534.51444568736,False,44.55554427191788,,
lamf-test-ecaffeb0-92d2-4398-a844-9e4844c48df5,"{<resource_manager.instance.OnPremInstance object at 0x1285afb60>: [(3, 29753.4, None)]}",106.56838267415606,42606.42804998483,29753.4,11445.339494462001,1,,29753.4,34471.10599999999,True,37.67276066621029,43.41326532701028,5.7405046607999894
lamf-test-38f0df60-c850-46c3-8ecc-b21d5524ac44,"{<resource_manager.instance.OnPremInstance object at 0x1285afb60>: [(6, 29783.4, None)]}",82.2505270696069,42715.122841624005,29783.4,11443.09304669,3,16.153319644079396,29783.4,36017.264,True,56.89129819758157,72.06202962798157,15.170731430400004
lamf-test-198ba68c-5a75-4dd3-95a5-23cb4a91c31d,"{<resource_manager.instance.OnPremInstance object at 0x1285afb60>: [(5, 29813.4, None)]}",75.79076386942039,43175.70752689563,29813.4,12007.054193050002,2,5.162319741998986,29813.4,33504.16584926636,True,14.769700315320458,22.254573457632638,7.48487314231218
lamf-test-6012bbf1-8566-4834-b341-39822809aef2,"{<resource_manager.instance.CloudReservedInstance object at 0x1285afe00>: [(5, 30023.4, None)]}",93.62462651407313,43254.33270563172,30023.4,12048.126525113003,1,20.702715035363905,30023.4,43269.732705631715,False,117.19446635398047,,
lamf-test-0ee69e3c-f7ac-4d00-b4dc-243374763ca6,"{<resource_manager.instance.OnPremInstance object at 0x1285afb60>: [(2, 30203.4, None)]}",95.71047451977611,43265.647431567115,30203.4,12036.564931439003,3,,30203.4,32429.792000000005,True,6.772810099627358,8.57885929002736,1.8060491904000027
lamf-test-6ca33400-5b63-4867-9fb5-39d7d8646a8a,"{<resource_manager.instance.OnPremInstance object at 0x1285afb60>: [(6, 30503.4, 31013.4), (2, 31013.4, None)]}",105.93846150050236,43289.773440518926,30503.4,12029.323329833003,1,8.028747433264886,30503.4,40150.224,True,57.36440063883185,66.01732826763185,8.6529276288
lamf-test-55d518fc-620c-44fe-a18a-2336d48b9fc1,"{<resource_manager.instance.OnPremInstance object at 0x1285afb60>: [(3, 30623.4, None)]}",83.99778340603386,43390.44464522191,30623.4,12025.172526530003,3,,30623.4,38876.443999999996,True,37.659338352726415,47.70164229192641,10.042303939199995
lamf-test-92b1912c-cdf4-4496-9665-6c2a64a15900,"{<resource_manager.instance.OnPremInstance object at 0x1285afb60>: [(5, 30863.4, None)]}",99.7921660649438,43394.69050941258,30863.4,12050.691023336003,3,,30863.4,36517.674,True,43.00155144877936,54.46841912077935,11.466867671999994
lamf-test-bf2ee2bb-aeee-4553-ba75-b56c3562dc59,"{<resource_manager.instance.OnPremInstance object at 0x1285afb60>: [(2, 30893.4, None)]}",94.73625576454592,43418.92235270662,30893.4,12054.963421965003,1,,30893.4,43434.322352706615,False,67.71659343236516,,
lamf-test-6e780daf-1fbc-4440-95e7-f6c9fbd1d74f,"{<resource_manager.instance.OnPremInstance object at 0x1285afb60>: [(4, 30983.4, None)]}",68.86514064514569,43637.56718799726,30983.4,29515.120438348993,1,,30983.4,39288.645,True,87.79595824777545,101.27038773577544,13.474429487999993
lamf-test-5c0e0bc7-fda1-478e-8de8-178b5b80a83c,"{<resource_manager.instance.OnPremInstance object at 0x1285afb60>: [(4, 31013.4, None)]}",109.02475346006189,43897.1542159348,31013.4,12646.931756795006,2,,31013.4,38306.776,True,26.563651140646982,38.396424363046975,11.832773222399995
lamf-test-58d64335-ff0b-41b5-93cb-bcafe6abca1b,"{<resource_manager.instance.OnPremInstance object at 0x1285afb60>: [(6, 31103.4, 31913.4), (2, 31913.4, None)]}",83.27713277836911,43918.20473361945,31103.4,12633.254222471503,2,3.5006983884645244,31103.4,41291.71399999999,True,28.995361394407226,38.57426571120722,9.578904316799992
lamf-test-3231937d-3960-4134-90c2-f2e92cf6e932,"{<resource_manager.instance.OnPremInstance object at 0x1285afb60>: [(2, 31223.4, None)]}",109.51414052886817,44206.32513385739,31223.4,13223.785440978007,2,,31223.4,43652.628,True,33.788480454378835,43.87107020797883,10.082589753599995
lamf-test-5e0241b4-8be0-4af4-bde6-0b42fa40fc67,"{<resource_manager.instance.OnPremInstance object at 0x1285afb60>: [(2, 31253.4, None)]}",98.3173256377796,44434.06055175036,31253.4,13229.688360327007,3,,31253.4,34166.926,True,8.863110502699818,11.226562793899816,2.3634522911999984
lamf-test-b18ea74a-e7ea-41d7-821c-d4f1a5e50746,"{<resource_manager.instance.OnPremInstance object at 0x1285afb60>: [(4, 31343.4, None)]}",93.66823018165961,44749.51600967605,31343.4,13831.483726395008,3,,31343.4,41548.726,True,62.090355160088215,78.64747606248821,16.5571209024
lamf-test-4d1918b0-1458-45e2-b527-a49166860d07,"{<resource_manager.instance.CloudReservedInstance object at 0x1287a4710>: [(2, 31403.4, None)], <resource_manager.instance.CloudOnDemandInstance object at 0x12879d090>: [(3, 31403.4, None)], <resource_manager.instance.CloudOnDemandInstance object at 0x1285afcb0>: [(1, 31403.4, None)]}",99.90881249240506,44977.89012389299,31403.4,13842.821329240009,2,,31403.4,44993.290123892984,False,87.75590229195393,,
lamf-test-50bd9009-28ec-4253-bcf7-ae2b62692323,"{<resource_manager.instance.OnPremInstance object at 0x1285afb60>: [(3, 31463.4, None)]}",96.71534015432012,44980.15093257264,31463.4,13801.161627992007,2,,31463.4,42127.036,True,34.398565331537974,47.37407761633797,12.975512284799999
lamf-test-4e05654b-8014-4960-848f-0c1b470c0ee8,"{<resource_manager.instance.OnPremInstance object at 0x1285afb60>: [(5, 31643.4, None)]}",119.66024806020059,45005.20195669256,31643.4,13803.806633754008,3,14.681998631074608,31643.4,35101.60883088789,True,26.30016602698219,33.31341353602283,7.013247509040637
lamf-test-e18205c9-e6f7-4d1b-94fe-6bdf96998c05,"{<resource_manager.instance.OnPremInstance object at 0x1285afb60>: [(6, 31703.4, None)]}",110.9772195614234,45080.73424596259,31703.4,13861.743810468508,1,,31703.4,36736.78,True,79.23869952087607,91.48793308887606,12.249233567999994
lamf-test-2f12deb2-00c6-45f2-bf9e-431fba73627e,"{<resource_manager.instance.OnPremInstance object at 0x1285afb60>: [(6, 31913.4, 32423.4), (2, 32423.4, None)]}",93.49967154984164,45095.191114761255,31913.4,13808.886506029008,1,8.028747433264886,31913.4,42182.03599999999,True,60.72196790630461,69.8793094295046,9.157341523199992
lamf-test-d81a676f-ccce-4b38-95bc-838588f989f1,"{<resource_manager.instance.OnPremInstance object at 0x1285afb60>: [(3, 31943.4, None)]}",93.67827368323229,45466.33190148088,31943.4,14416.022512793506,1,13.978726899383984,31943.4,38614.96399999999,True,53.27509468400632,61.39305375920631,8.11795907519999
lamf-test-6f91592c-afdd-4bec-8b7a-080c324249f5,"{<resource_manager.instance.OnPremInstance object at 0x1285afb60>: [(5, 32423.4, None)]}",112.19170754417485,45551.69636617623,32423.4,14406.380920781507,3,33.09459274469542,32423.4,40733.85913235516,True,63.20221410263258,80.05582522304884,16.853611120416257
lamf-test-2b83bd20-9a87-454f-8bc9-f6503da1f9d0,"{<resource_manager.instance.CloudReservedInstance object at 0x1287a4710>: [(3, 32453.4, None)]}",93.14423892083788,45558.83390251406,32453.4,14463.944359558505,2,,32453.4,45409.31203587131,True,41.79294816473279,84.25206308869025,42.45911492395746
lamf-test-396956b2-43cb-496d-8f0c-0ee7a61c67dd,"{<resource_manager.instance.OnPremInstance object at 0x1285afb60>: [(2, 32483.4, None)]}",82.48316532935924,45682.631550143116,32483.4,14462.944359558505,1,,32483.4,37607.918,True,27.67060445661265,31.827613458212646,4.157009001599997
lamf-test-33fae0e0-9739-4c13-8834-0589e7587a07,"{<resource_manager.instance.OnPremInstance object at 0x1285afb60>: [(2, 32513.4, None)]}",87.86109604520695,45690.93482472909,32513.4,14467.453104277505,2,,32513.4,39591.77599999999,True,19.24235110376477,24.98432971496476,5.7419786111999915
lamf-test-b2a69e4a-f75e-4751-ad43-b2adf397fd45,"{<resource_manager.instance.OnPremInstance object at 0x1285afb60>: [(5, 32603.4, None)]}",99.34731245959347,45737.543167688185,32603.4,14458.646818998506,1,,32603.4,36996.43354779911,True,57.798676992109364,66.70774902704596,8.909072034936594
lamf-test-fd51a7dd-bca8-4714-a851-595e00860b67,"{<resource_manager.instance.CloudOnDemandInstance object at 0x12879d090>: [(1, 32663.4, None)], <resource_manager.instance.CloudOnDemandInstance object at 0x1285afcb0>: [(2, 32663.4, None)]}",86.19568247701017,45744.65160731948,32663.4,14470.493036114505,3,,33063.936,45760.051607319474,False,33.20062769619862,,
lamf-test-f14e2551-1aeb-4008-9226-cf172ac76d45,"{<resource_manager.instance.OnPremInstance object at 0x1285afb60>: [(2, 33093.936, None)]}",113.07976716267329,46209.66456479344,33093.936,15017.135300163505,2,,33093.936,41331.58,True,22.393786105149186,29.076162917949187,6.6823768128
lamf-test-1bfc2de0-7e2f-450e-9736-96acfe81a2a7,"{<resource_manager.instance.OnPremInstance object at 0x1285afb60>: [(5, 33243.936, 33753.936), (2, 33753.936, None)]}",88.34113338193856,46323.03791407461,33243.936,15050.981433731506,1,6.710015970796258,33243.936,42153.792,True,52.06629979466119,59.91454298186119,7.8482431872
lamf-test-44149545-c52b-4763-ae20-c3268c37dc6f,"{<resource_manager.instance.OnPremInstance object at 0x1285afb60>: [(6, 33363.936, None)]}",109.24225266973586,46715.25997461352,33363.936,15639.202026253506,2,14.612485557632748,33363.936,38998.475999999995,True,24.351635923134417,38.0638524671344,13.712216543999986
lamf-test-a691c5b1-12d1-40f2-af64-e72afc904125,"{<resource_manager.instance.OnPremInstance object at 0x1285afb60>: [(5, 33483.936, None)]}",99.92248787916859,46772.75940455407,33483.936,15620.282302819505,3,,33483.936,37449.186,True,30.15628564909879,38.19781264909879,8.041526999999999
lamf-test-df81467a-4b45-4bf0-9c71-c38863eca94a,"{<resource_manager.instance.OnPremInstance object at 0x1285afb60>: [(3, 33543.936, None)]}",90.94794091988545,46819.10832033567,33543.936,15619.282302819505,2,,33543.936,38956.476,True,17.459674242403118,24.04565291440312,6.585978672000001
lamf-test-32172143-1bae-4833-a5f0-e53bac6ac6d4,"{<resource_manager.instance.OnPremInstance object at 0x1285afb60>: [(6, 33663.936, None)]}",101.07515126388836,46841.905682868346,33663.936,15658.498759565506,1,,33663.936,37307.866209544976,True,57.365088856628624,66.23295741457727,8.86786855794865
lamf-test-3b06725f-04eb-4610-a2d8-34a69a9c127f,"{<resource_manager.instance.CloudReservedInstance object at 0x12879cf50>: [(4, 33693.936, None)], <resource_manager.instance.CloudOnDemandInstance object at 0x1285afcb0>: [(1, 33693.936, None)]}",123.85755114021583,46872.532205788084,33693.936,15661.102911983506,3,,33693.936,46887.93220578808,False,40.13688099714983,,
lamf-test-bfb0cddb-1544-48a4-b06e-9eadc91468fd,"{<resource_manager.instance.OnPremInstance object at 0x1285afb60>: [(6, 33753.936, None)]}",95.51732021748852,46948.52397315224,33753.936,15668.940696993506,2,,33753.936,37260.17662863496,True,15.153445578063256,23.68623277190929,8.532787193846033
lamf-test-f542227f-df52-4f0c-ae96-9700636101a5,"{<resource_manager.instance.OnPremInstance object at 0x1285afb60>: [(6, 34083.936, None)]}",98.85116440229747,47441.54318896528,34083.936,16261.053935814005,3,23.73782340862423,34083.936,39388.274,True,48.40828656171568,61.316923518515665,12.908636956799992
lamf-test-9aa73522-f6c8-49a8-a56a-28cd17720766,"{<resource_manager.instance.CloudOnDemandInstance object at 0x1285ea520>: [(6, 34503.936, None)]}",99.02000673984057,47509.83181114661,34503.936,16272.090250524505,1,,34904.472,47525.2318111466,False,204.989598669659,,
lamf-test-79eb9a19-2e44-423f-814a-791df0f7734e,"{<resource_manager.instance.OnPremInstance object at 0x1285afb60>: [(2, 34934.472, None)]}",110.61449386789155,47918.450986216136,34934.472,16822.912187589503,3,,34934.472,41383.336,True,19.617808198342082,24.849126675142085,5.231318476800001
lamf-test-7f97cbae-fe7b-4dba-87f8-0ca2882583a5,"{<resource_manager.instance.OnPremInstance object at 0x1285afb60>: [(4, 34964.472, None)]}",101.33638951109616,47950.33483119575,34964.472,16836.597746778505,2,,34964.472,45762.34000000001,True,39.32757595587502,56.84603699907504,17.518461043200016
lamf-test-cf5ee26c-33df-418f-9253-bf22cfb1db3e,"{<resource_manager.instance.OnPremInstance object at 0x1285afb60>: [(3, 34994.472, None)]}",86.78911405093122,47958.003804115004,34994.472,16871.466650513506,3,,34994.472,38380.132000000005,True,15.449053159936131,19.568724247936135,4.119671088000005
lamf-test-6e9b564f-bd08-4a74-adb5-0f54b0e3a954,"{<resource_manager.instance.OnPremInstance object at 0x1285afb60>: [(2, 35024.472, None)]}",95.10170299612852,48051.427720610816,35024.472,16870.466650513506,2,,35024.472,48066.82772061081,False,35.455249621691266,,
lamf-test-0b008ed2-19e2-4099-a5b7-5ad49013ab38,"{<resource_manager.instance.OnPremInstance object at 0x1285afb60>: [(6, 35054.472, None)]}",98.70843455961634,48150.74529205197,35054.472,16876.720508319508,3,,35054.472,39714.556,True,42.52871549167232,53.86949591407231,11.34078042239999
lamf-test-6250b41b-6866-44ee-9930-467c8f1f7d45,"{<resource_manager.instance.OnPremInstance object at 0x1285afb60>: [(6, 35174.472, None)]}",92.1601820634213,48666.40542721975,35174.472,17446.49585078051,3,15.975687885010265,35174.472,38821.596,True,33.28427104722789,42.15991201362788,8.875640966399992
lamf-test-ea68f53d-4ebe-4fb8-83dd-aa5b6c6a2310,"{<resource_manager.instance.OnPremInstance object at 0x1285afb60>: [(4, 35234.472, None)]}",110.2774483129196,48676.746087879364,35234.472,17438.43305494751,3,,35234.472,42345.53,True,43.26447942809337,54.801459927293365,11.536980499199995
lamf-test-3caf5282-95cc-4847-bdc6-12864fd51ff6,"{<resource_manager.instance.CloudOnDemandInstance object at 0x1285ea520>: [(2, 35264.472, None)]}",88.21646259362132,49035.763983251454,35264.472,18063.90811180151,1,,35665.008,49051.16398325145,False,74.44331362163302,,
lamf-test-dfcd1cfc-af92-4194-9a51-c980d70402e7,"{<resource_manager.instance.OnPremInstance object at 0x1285afb60>: [(5, 35695.008, None)]}",104.89919658381315,49204.35382970883,35695.008,18059.24024850551,2,4.80215789953394,35695.008,40627.71400000001,True,19.73969423664874,29.74322200464875,10.00352776800001
lamf-test-69f3610c-edfc-431a-ac62-c6c3e7603585,"{<resource_manager.instance.OnPremInstance object at 0x1285afb60>: [(5, 36085.008, None)]}",101.55343618416583,49263.605810760106,36085.008,18037.71539823851,1,,36085.008,42848.628000000004,True,88.9882318047,102.70485316470001,13.716621360000005
lamf-test-5d4708b4-be70-4e57-95c0-9df21e198378,"{<resource_manager.instance.OnPremInstance object at 0x1285afb60>: [(5, 36505.008, None)]}",119.73047030526563,49287.65676168815,36505.008,18075.726741998507,1,,36505.008,40900.258,True,57.82783861890638,66.74140561890637,8.913566999999999
lamf-test-787e33de-2c34-4cf0-bd9d-1f6b1a5da962,"{<resource_manager.instance.CloudReservedInstance object at 0x1287a4710>: [(1, 36565.008, None)], <resource_manager.instance.CloudOnDemandInstance object at 0x1285ea520>: [(1, 36565.008, None)], <resource_manager.instance.CloudOnDemandInstance object at 0x1285afcb0>: [(1, 36565.008, None)]}",98.72547788684845,49450.34460465399,36565.008,18056.24024850551,1,,36565.008,49465.744604653984,False,97.78488211502881,,
lamf-test-70da499d-f492-45a5-857f-ba98849424d5,"{<resource_manager.instance.OnPremInstance object at 0x1285afb60>: [(4, 36625.008, None)]}",105.64492540905647,49728.31825582763,36625.008,18634.20124176351,3,,36625.008,44312.286,True,46.770266940451734,59.242106767651734,12.471839827199997
lamf-test-48887eaf-7764-41b1-8a24-eb297e7a4537,"{<resource_manager.instance.OnPremInstance object at 0x1285afb60>: [(6, 36805.008, None)]}",92.60848910013964,49769.72057898047,36805.008,18629.472483231508,1,,36805.008,39254.1,True,38.555178644763814,44.51528893596381,5.960110291199993
lamf-test-41153241-bf67-4ba2-bd57-821911347a85,"{<resource_manager.instance.CloudOnDemandInstance object at 0x1285ea520>: [(3, 36985.008, None)]}",99.23133172494114,49790.5382440853,36985.008,18642.45719626551,3,,37385.544,49805.93824408529,False,58.50298993422446,,
lamf-test-af303474-9c6d-4cd6-af46-9ee1b2d1d0c4,"{<resource_manager.instance.OnPremInstance object at 0x1285afb60>: [(6, 37415.544, None)]}",83.47238892971743,49815.41212913534,37415.544,18628.472483231508,3,,37415.544,42938.71852075492,True,50.40542569705605,63.84662321076522,13.441197513709168
lamf-test-1bd3ea85-4b86-41d6-88ae-4d09629a5e9f,"{<resource_manager.instance.OnPremInstance object at 0x1285afb60>: [(5, 37445.544, None)]}",91.30297666017438,49816.204627906256,37445.544,18674.48629797051,2,,37445.544,40366.770000000004,True,11.690157093519955,17.61440342151996,5.924246328000004
lamf-test-67a1a99a-4314-4946-83c9-ed2acd2c23fe,"{<resource_manager.instance.OnPremInstance object at 0x1285afb60>: [(2, 37475.544, None)]}",104.56386159081104,49873.89711950929,37475.544,18663.76327658751,2,,37475.544,44868.676,True,20.09800577144797,26.09531444984797,5.997308678399998
lamf-test-9638132b-b89e-4ce9-a020-504ebe7f7390,"{<resource_manager.instance.OnPremInstance object at 0x1285afb60>: [(3, 37505.544, None)]}",103.1682902438305,50229.54899902206,37505.544,19266.411003023513,2,,37505.544,45915.96600000001,True,27.13018811152261,37.36398960112262,10.233801489600008
lamf-test-0967a8c1-fdb4-4be1-a916-cc022480b089,"{<resource_manager.instance.OnPremInstance object at 0x1285afb60>: [(2, 37535.544, None)]}",89.68473907463206,50270.13995407554,37535.544,19279.780616855514,1,,37535.544,47826.801999999996,True,55.569192942429055,63.91746143202905,8.348268489599995
lamf-test-7632946b-5dae-4479-8ca8-d89d2df62bd6,"{<resource_manager.instance.OnPremInstance object at 0x1285afb60>: [(5, 37565.544, None)]}",62.53920946343962,50305.14594955651,37565.544,36135.398033654,2,,37565.544,40303.6264567208,True,10.95725358259756,16.510084804827333,5.552831222229774
lamf-test-b20c0974-09ea-4c80-b141-7811b8b20475,"{<resource_manager.instance.CloudOnDemandInstance object at 0x1285ea8b0>: [(2, 37595.544, None)]}",96.38631983638818,50323.970171525194,37595.544,19228.02060968851,1,,37996.08,48086.73530207652,True,56.648762829677764,103.43527956041822,46.78651673074045
lamf-test-428fc4b3-a829-4902-849a-b2c3bb41b1dd,"{<resource_manager.instance.CloudReservedInstance object at 0x12879d1d0>: [(4, 38026.08, None)], <resource_manager.instance.CloudOnDemandInstance object at 0x12879d590>: [(1, 38026.08, None)], <resource_manager.instance.CloudOnDemandInstance object at 0x12879d090>: [(1, 38026.08, None)]}",111.95659614535904,50378.066215459745,38026.08,19265.377951730512,3,,38026.08,50393.46621545974,False,53.2982395778679,,
lamf-test-faec5c90-186b-4555-954c-a8baf4f027a2,"{<resource_manager.instance.CloudOnDemandInstance object at 0x12879d090>: [(2, 38056.08, None)], <resource_manager.instance.CloudOnDemandInstance object at 0x1285afcb0>: [(2, 38056.08, None)]}",104.23072108364673,50493.26054694067,38056.08,19276.112105438515,3,,38456.616,50508.660546940664,False,37.881452724741536,,
lamf-test-04e82c6f-21eb-4e35-8244-b06d0737db1d,"{<resource_manager.instance.OnPremInstance object at 0x1285afb60>: [(5, 38486.616, None)]}",95.5159501731966,50656.656957620886,38486.616,19223.41158966651,2,,38486.616,48500.96652942063,True,40.07541041963263,60.38451329329766,20.30910287366503
lamf-test-5c066d18-4f49-4722-a66a-a3c4e7ab30cb,"{<resource_manager.instance.OnPremInstance object at 0x1285afb60>: [(3, 38516.616, None)]}",105.95282638563052,50967.87111000906,38516.616,19829.816573346514,3,,38516.616,46255.392,True,35.31268993839834,44.72923257519834,9.4165426368
lamf-test-ff254f04-4cb3-4cab-aa4a-5f045128d210,"{<resource_manager.instance.OnPremInstance object at 0x1285afb60>: [(3, 38546.616, None)]}",110.15545315677929,50969.73630213482,38546.616,19848.70909871951,3,,38546.616,45475.314,True,31.616235455167676,40.04707518156767,8.430839726399997
lamf-test-03f57a47-31b2-463e-9964-32e1833cfbcd,"{<resource_manager.instance.OnPremInstance object at 0x1285afb60>: [(6, 38666.616, None)]}",98.51981663568804,50995.24951989046,38666.616,19830.816573346514,1,,38666.616,39948.74,True,20.184019164955448,23.30419613135544,3.120176966399991
lamf-test-9a44ea70-cb8b-427c-9af4-a87498aeb7c6,"{<resource_manager.instance.CloudOnDemandInstance object at 0x12879d590>: [(2, 38696.616, None)]}",116.40460154918469,51248.672628896966,38696.616,19882.78536115151,3,,39097.152,51264.07262889696,False,19.115456124263375,,
lamf-test-ca1797e6-b093-4c70-86e8-71ffe0d25cca,"{<resource_manager.instance.OnPremInstance object at 0x1285afb60>: [(4, 39127.152, None)]}",87.62355008897632,51561.05158619852,39127.152,20457.29346805351,3,,39127.152,43142.324,True,24.428759601490597,30.942974654290595,6.514215052799997
lamf-test-947624f9-c308-44e1-a082-5eef08d3ec8d,"{<resource_manager.instance.OnPremInstance object at 0x1285afb60>: [(4, 39157.152, None)]}",93.19634223972996,51723.39686708606,39157.152,20431.95742795451,2,,39157.152,44753.804,True,20.383908807609007,29.463917012409,9.080008204799991
lamf-test-b37b6ec3-b4f6-4505-b5ff-6313155b88e1,"{<resource_manager.instance.OnPremInstance object at 0x1285afb60>: [(5, 39187.152, None)]}",92.20096869554938,51766.35715073066,39187.152,20442.44346310051,2,,39187.152,46372.984,True,28.756249919603125,43.32911721560311,14.57286729599999
lamf-test-720b43f5-e992-4463-8b62-736d9e2ae936,"{<resource_manager.instance.OnPremInstance object at 0x1285afb60>: [(2, 39217.152, None)]}",92.64800719218381,52178.7937122241,39217.152,21077.670036820007,2,,39217.152,50203.244,True,29.86535887924879,38.77727670964879,8.911917830399997
lamf-test-abc545e6-fca4-4495-82db-38cb26110a9d,"{<resource_manager.instance.CloudOnDemandInstance object at 0x12879d590>: [(2, 39247.152, None)], <resource_manager.instance.CloudOnDemandInstance object at 0x12879d090>: [(3, 39247.152, None)]}",106.90985136127853,52245.82177475921,39247.152,21096.253536857006,1,,39647.688,52261.22177475921,False,73.24063908526742,,
lamf-test-c4cd6d33-84be-4a0d-a794-48962ad9461f,"{<resource_manager.instance.OnPremInstance object at 0x1285afb60>: [(4, 39677.688, None)]}",92.44374551049617,52286.4764405694,39677.688,21044.87634593501,1,,39677.688,46887.626000000004,True,76.21730793216216,87.91471134336216,11.697403411200003
lamf-test-783eef72-16ea-4bd4-8850-a7549496bd66,"{<resource_manager.instance.OnPremInstance object at 0x1285afb60>: [(3, 39707.688, None)]}",99.85904399571011,52329.04848327169,39707.688,21059.907888404006,2,,39707.688,47265.89799999999,True,24.381137960305765,33.57796788830575,9.196829927999982
lamf-test-8a7888d4-6626-4d18-8e7e-6823cdaffb96,"{<resource_manager.instance.OnPremInstance object at 0x1285afb60>: [(6, 39737.688, None)]}",94.8282048828368,52341.838027508464,39737.688,21036.97862105701,3,,39737.688,44611.925682574976,True,44.4831182530228,56.34506307733726,11.861944824314458
lamf-test-59f36aea-6cbc-457b-81ba-431f79f73291,"{<resource_manager.instance.OnPremInstance object at 0x1285afb60>: [(2, 39767.688, None)]}",94.81833183066266,52355.85177128228,39767.688,21060.907888404006,3,,39767.688,46696.386000000006,True,21.07749030344514,26.698050121045142,5.620559817600003
lamf-test-b3a0db0a-ecb4-42b0-814b-3c34a8d7aaed,"{<resource_manager.instance.OnPremInstance object at 0x1285afb60>: [(4, 39797.688, None)]}",100.59507953151345,52605.33181261852,39797.688,21678.893721916007,2,,39797.688,43970.238,True,15.197099747346977,21.96664486734697,6.769545119999993
lamf-test-16723367-a744-4f94-a768-1e436a8648c3,"{<resource_manager.instance.OnPremInstance object at 0x1285afb60>: [(2, 39827.688, None)]}",100.67432907273152,52789.80412804811,39827.688,21700.797656379007,3,,39827.688,48222.70999999999,True,25.53813065632364,32.348172502723635,6.810041846399992
lamf-test-a7a41a4b-e265-4559-96d2-89c830b4e4f3,"{<resource_manager.instance.OnPremInstance object at 0x1285afb60>: [(5, 39857.688, None)]}",110.11661546722232,52881.813915714985,39857.688,21694.384311781007,3,,39857.688,51473.292,True,88.33830709559662,111.89475200759662,23.556444911999996
lamf-test-2be5e6dd-c6ce-4cb1-a0eb-f7b6d8f68bd8,"{<resource_manager.instance.OnPremInstance object at 0x1285afb60>: [(2, 39887.688, None)]}",93.23301746575929,52910.72810975072,39887.688,21696.67734417501,1,,39887.688,49384.356,True,51.27868491900524,58.982382000605234,7.703697081599998
lamf-test-ce4c822f-a3d7-44c8-9dba-10c2ea1d7fc0,"{<resource_manager.instance.OnPremInstance object at 0x1285afb60>: [(6, 39977.688, None)]}",86.88519768848549,52934.273783825854,39977.688,21656.01418269301,2,,39977.688,42718.39,True,11.844902561310482,18.514674948510475,6.669772387199995
lamf-test-ef36ad8e-1831-459d-b4cc-a917ad7c30ef,"{<resource_manager.instance.OnPremInstance object at 0x1285afb60>: [(5, 40337.688, None)]}",103.50768504869966,52939.35151055176,40337.688,21692.038304131005,1,69.37209217430983,40337.688,49534.99999999999,True,121.0080596243059,139.6602083603059,18.65214873599998
lamf-test-b3747e60-f13b-4587-ba76-a5026ef56274,"{<resource_manager.instance.OnPremInstance object at 0x1285afb60>: [(2, 40367.688, None)]}",92.20458272811517,53030.867538836326,40367.688,21687.534730579006,3,,40367.688,45707.206,True,16.24311506578446,20.574532067384453,4.331417001599997
lamf-test-801af7b0-7341-46d2-ba63-e3fe9d27ac0a,"{<resource_manager.instance.OnPremInstance object at 0x1285afb60>: [(6, 40697.688, None)]}",98.05192865733181,53422.9578618271,40697.688,22265.952198286006,1,,40697.688,47951.596,True,114.19567693360706,131.84878744240706,17.65311050879999
lamf-test-a45d60d7-4f78-42c1-a625-3f2365379d5f,"{<resource_manager.instance.OnPremInstance object at 0x1285afb60>: [(5, 40757.688, None)]}",84.78789055156865,53990.60526705077,40757.688,22900.40945457951,3,,40757.688,47491.88437868699,True,51.214513489139776,64.87146374511698,13.656950255977213
lamf-test-ca0646aa-2851-4f2a-8895-2a2c8b5e84b5,"{<resource_manager.instance.OnPremInstance object at 0x1285afb60>: [(2, 40787.688, None)]}",94.28001103179955,54021.483428458014,40787.688,22895.33872513851,1,,40787.688,50441.734,True,52.12847106243818,59.959833177638174,7.831362115199996
lamf-test-85ef9298-5c31-4c16-9153-df2b312fad0a,"{<resource_manager.instance.OnPremInstance object at 0x1285afb60>: [(3, 40817.688, None)]}",97.20592300310147,54036.915328544506,40817.688,22896.33872513851,3,,40817.688,53435.18200000001,True,57.57469313255763,72.92765983175764,15.352966699200008
lamf-test-163e5afc-c48a-4e5a-9de1-7c84bd3faaf7,"{<resource_manager.instance.OnPremInstance object at 0x1285afb60>: [(6, 40937.688, None)]}",100.39270820446175,54075.12407060947,40937.688,22890.51653723751,2,,40937.688,44043.315892119965,True,13.422057477919545,20.979913516182688,7.557856038263142
lamf-test-68ac11d3-bedc-4a83-9d98-64a41fc6b97b,"{<resource_manager.instance.CloudOnDemandInstance object at 0x1285ea8b0>: [(2, 40967.688, None)]}",92.68285924520144,54085.62397898542,40967.688,22901.40945457951,2,,41368.224,54101.02397898542,False,35.702576702812046,,
lamf-test-991152cd-8fe7-4378-a610-0074b2c690c7,"{<resource_manager.instance.OnPremInstance object at 0x1285afb60>: [(4, 41428.224, None)]}",88.26977600456904,54179.46431720654,41428.224,22877.435883384507,1,72.76914807209674,41428.224,49266.056,True,82.85486713818536,95.57096577498535,12.716098636799991
lamf-test-00d387e4-de4a-4f41-acfd-aaa44673560f,"{<resource_manager.instance.CloudOnDemandInstance object at 0x12879d090>: [(2, 41458.224, None)]}",98.67187509741939,54208.29324480613,41458.224,22886.49104757351,3,,41858.76,54223.69324480613,False,12.944425933334474,,
lamf-test-7e75828d-051b-4c5f-920b-c422e487e5af,"{<resource_manager.instance.OnPremInstance object at 0x1285afb60>: [(3, 41888.76, None)]}",99.15520505278813,54350.64845807987,41888.76,22889.02605282351,1,,41888.76,50613.937999999995,True,69.67402007757238,80.29081666797236,10.616796590399991
lamf-test-6620de74-3135-4711-a32d-634f822e03d2,"{<resource_manager.instance.CloudReservedInstance object at 0x1285ea3f0>: [(2, 41918.76, None)], <resource_manager.instance.CloudOnDemandInstance object at 0x12879d590>: [(2, 41918.76, None)]}",98.27879946704434,54646.75084585848,41918.76,23512.877693544506,3,,41918.76,54662.15084585847,False,58.149171096776044,,
lamf-test-e15b5aaf-9b3e-4030-9089-2acfa9cb2d3e,"{<resource_manager.instance.CloudOnDemandInstance object at 0x12879d590>: [(5, 41948.76, None)]}",97.31114029433286,54652.80522899305,41948.76,23484.226809127507,3,,42349.296,54668.20522899304,False,48.36658768344757,,
lamf-test-17816b27-b52b-478c-9ec4-0160430c532f,"{<resource_manager.instance.OnPremInstance object at 0x1285afb60>: [(3, 42379.296, None)]}",105.18873887331532,54655.54062104931,42379.296,23466.964849102507,1,,42379.296,50459.562000000005,True,64.52414099931556,74.35620866811557,9.832067668800004
lamf-test-2655d61c-0fa6-49c7-9b40-d21f2644dd36,"{<resource_manager.instance.OnPremInstance object at 0x1285afb60>: [(4, 42409.296, None)]}",98.54453325124068,54661.89871227565,42409.296,23504.643777525507,3,,42409.296,45637.578,True,19.6412320328542,24.8787967496542,5.237564716799999
lamf-test-61ec6a0a-d66e-4c08-8b27-302f072141f8,"{<resource_manager.instance.OnPremInstance object at 0x1285afb60>: [(5, 42439.296, None)]}",101.82362679709799,54692.08422079573,42439.296,23461.810977794506,1,,42439.296,47406.436,True,65.35213476309984,75.42549468309984,10.073359919999998
lamf-test-48a10b5f-21dc-470f-9659-627dfd23c08d,"{<resource_manager.instance.OnPremInstance object at 0x1285afb60>: [(3, 42499.296, None)]}",92.04085175874731,54784.56309366108,42499.296,23482.928409094508,1,,42499.296,49262.916,True,54.010198494182035,62.24017131018203,8.229972815999995
lamf-test-a4fb3475-0825-4c5b-85c8-d701cc8e051a,"{<resource_manager.instance.CloudOnDemandInstance object at 0x1285afcb0>: [(3, 42559.296, None)]}",101.67173585300391,55084.62169749106,42559.296,24055.885150114507,2,,42959.832,55100.02169749105,False,34.091583573284105,,
lamf-test-9a7f6ef4-eca1-47fa-bd17-e85ad4733068,"{<resource_manager.instance.OnPremInstance object at 0x1285afb60>: [(2, 42989.832, None)]}",78.08322369616431,55109.24666609916,42989.832,24074.02343853001,3,,42989.832,51319.53199999999,True,25.339417446193593,32.096470086193584,6.7570526399999915
lamf-test-2ac6e5ae-946b-4f89-bc34-4a9884f2cfe6,"{<resource_manager.instance.OnPremInstance object at 0x1285afb60>: [(5, 43019.832, None)]}",95.77075929852428,55151.51945949674,43019.832,24077.43525256051,2,,43019.832,47090.46898162152,True,16.289867947857296,24.545119746585726,8.255251798728432
lamf-test-fd191bba-3764-4aa2-81d0-45d1ba51f949,"{<resource_manager.instance.OnPremInstance object at 0x1285afb60>: [(4, 43049.832, None)]}",100.27899055090289,55256.33832263529,43049.832,24113.67031097151,3,,43049.832,46278.114,True,19.6412320328542,24.8787967496542,5.237564716799999
lamf-test-9e35d55c-f665-44e0-9363-3dbcea008e08,"{<resource_manager.instance.OnPremInstance object at 0x1285afb60>: [(5, 43079.832, None)]}",86.26069651046296,55370.551854258505,43079.832,24089.02582696951,1,,43079.832,45049.090000000004,True,25.90931888356531,29.902974107565313,3.993655224000003
lamf-test-69f48fe6-1e8c-4fc5-9c19-482eb942f9fa,"{<resource_manager.instance.OnPremInstance object at 0x1285afb60>: [(5, 43229.832, None)]}",98.65433601246767,55404.07306691599,43229.832,24081.93025974951,1,,43229.832,45456.224,True,29.292403680888278,33.80752665688828,4.515122975999999
lamf-test-5aa93d3d-910f-451f-93e3-8a493339688f,"{<resource_manager.instance.CloudOnDemandInstance object at 0x1285afcb0>: [(2, 43259.832, None)]}",113.0038570701071,55421.92125651281,43259.832,24092.42484987351,1,,43660.368,54203.27511347594,True,40.22610721864808,77.46883282242939,37.2427256037813
lamf-test-37c8ef81-42b5-4306-a9c3-b1cac47dcc55,"{<resource_manager.instance.OnPremInstance object at 0x1285afb60>: [(3, 43690.368, None)]}",94.44155216210058,55668.01444957965,43690.368,24683.012952081,3,,43690.368,48722.83,True,22.963550079853977,29.087049841453975,6.1234997616
lamf-test-7dd29e36-66af-4783-b073-b6c0b522e329,"{<resource_manager.instance.OnPremInstance object at 0x1285afb60>: [(2, 43720.368, None)]}",83.46710826795761,55753.408713110315,43720.368,24677.026956292502,3,,43720.368,55892.46199999999,False,37.028196821051,,
lamf-test-95bfd6d8-e883-4198-903e-cd0ba022b850,"{<resource_manager.instance.CloudReservedInstance object at 0x1285afe00>: [(3, 43750.368, None)]}",108.5127056419366,55800.05717115483,43750.368,24662.343318756506,3,,43750.368,55815.45717115483,False,36.702682093405805,,
lamf-test-82b7898a-b46e-4b11-b960-f79eca48e5a9,"{<resource_manager.instance.OnPremInstance object at 0x1285afb60>: [(6, 44110.368, None)]}",98.3988004891017,55835.06302738478,44110.368,24706.806729940003,3,38.892156057494866,44110.368,48938.19704772493,True,44.059585194843024,55.8085899653864,11.749004770543378
lamf-test-d810e1eb-4d17-4900-af04-d2b542e8cfec,"{<resource_manager.instance.OnPremInstance object at 0x1285afb60>: [(4, 44140.368, None)]}",84.1782634626678,55860.07954850712,44140.368,24707.806729940003,3,,44140.368,47368.65,True,19.6412320328542,24.8787967496542,5.237564716799999
lamf-test-806099cf-b277-4bb2-b9dd-8fe5f8178c51,"{<resource_manager.instance.OnPremInstance object at 0x1285afb60>: [(4, 44350.368, None)]}",111.44661170355707,55890.63529445183,44350.368,24728.414382392002,2,,44350.368,49587.59,True,19.074806804711752,27.571675777511743,8.49686897279999
lamf-test-173e9366-5762-42bc-86c2-633481cf4423,"{<resource_manager.instance.OnPremInstance object at 0x1285afb60>: [(3, 44650.368, None)]}",93.84380170129782,55894.58208866331,44650.368,24715.870146422003,2,30.140907249055452,44650.368,54684.492,True,32.367896837322,44.57741892052199,12.209522083199996
lamf-test-0c976fb6-216b-4050-8a58-4c7808a95db4,"{<resource_manager.instance.OnPremInstance object at 0x1285afb60>: [(4, 44770.368, None)]}",96.91256106343577,55906.40694875865,44770.368,24672.801944132505,2,,44770.368,49803.91999999999,True,18.333007831531745,26.499442596331725,8.166434764799982
lamf-test-555576d3-2284-4491-8498-d0f099444eff,"{<resource_manager.instance.OnPremInstance object at 0x1285afb60>: [(4, 44890.368, None)]}",94.23503159233334,55924.28105974381,44890.368,24689.655186666,3,,44890.368,47746.272,True,17.375642254163782,22.009060903763775,4.633418649599991
lamf-test-0e5529ab-179e-4c81-ab1e-a5b6748ed38f,"{<resource_manager.instance.CloudReservedInstance object at 0x1287a4710>: [(2, 45010.368, None)], <resource_manager.instance.CloudReservedInstance object at 0x1285afe00>: [(2, 45010.368, None)]}",90.40968795722229,55949.707802857505,45010.368,24679.587992686502,1,60.74406996729789,45010.368,52520.13643368977,True,68.15466573531413,95.41212124223449,27.257455506920373
lamf-test-8a05feee-4197-48d4-a52c-e2d3966c37bb,"{<resource_manager.instance.OnPremInstance object at 0x1285afb60>: [(6, 45070.368, None)]}",95.16517220690687,55956.60810643702,45070.368,24696.917302934,3,,45070.368,48089.65736514996,True,27.554545883184613,34.90228848221354,7.34774259902893
lamf-test-f2ffe8b3-b45a-4a58-abb1-8afdd7e300f5,"{<resource_manager.instance.CloudReservedInstance object at 0x1287a4710>: [(3, 45430.368, None)], <resource_manager.instance.CloudOnDemandInstance object at 0x12879d090>: [(2, 45430.368, None)]}",93.64754554289101,56022.03644713564,45430.368,24680.587992686502,1,,45430.368,54182.121296097976,True,86.96953613888016,131.27598734063983,44.30645120175967
lamf-test-c2ae55a6-cf55-4cbe-aa6e-24e58b9f12f6,"{<resource_manager.instance.OnPremInstance object at 0x1285afb60>: [(6, 45550.368, None)]}",91.82563906844803,56933.796654522004,45550.368,25909.397035155,1,,45550.368,49695.58494605998,True,65.25666650197088,75.34446646190244,10.087799959931559
lamf-test-a0395ef2-51d1-40c3-9888-b0d61a55c626,"{<resource_manager.instance.OnPremInstance object at 0x1285afb60>: [(2, 45580.368, None)]}",92.41754576857483,57066.55389173929,45580.368,25905.455188644002,2,,45580.368,56186.382000000005,True,28.832128329922703,37.435726886722705,8.603598556800002
lamf-test-a6c9693f-0d92-4afb-bfe4-52f7d289bf50,"{<resource_manager.instance.CloudOnDemandInstance object at 0x12879d090>: [(1, 45610.368, None)], <resource_manager.instance.CloudOnDemandInstance object at 0x1285afcb0>: [(1, 45610.368, None)]}",89.94496241994834,57563.12506469774,45610.368,26517.767497478,3,,46010.904,57578.52506469774,False,18.203904577835175,,
lamf-test-dbb0850f-8e0f-49b0-9c09-4303fd5a9eef,"{<resource_manager.instance.OnPremInstance object at 0x1285afb60>: [(5, 46040.904, None)]}",108.07778601288287,57619.10596081358,46040.904,26508.442386733997,1,,46040.904,47637.784,True,21.009980987147276,24.24845362714727,3.2384726399999946
lamf-test-466a331a-ad26-47a4-b179-e35d1a0c5537,"{<resource_manager.instance.OnPremInstance object at 0x1285afb60>: [(4, 46070.904, None)]}",97.90328572452589,57764.50237635628,46070.904,26520.395888711,2,,46070.904,51095.666000000005,True,18.30099323451578,26.453167103315785,8.152173868800004
lamf-test-a0f19f32-a3f4-4c78-acaf-fde1ac3637c6,"{<resource_manager.instance.OnPremInstance object at 0x1285afb60>: [(3, 46100.904, None)]}",107.04597303714239,57786.20466165331,46100.904,26478.971505175,2,,46100.904,52856.82400000001,True,21.793125299348578,30.013728755348588,8.220603456000008
lamf-test-55af92f6-5c1e-4d8c-8aae-c07ea4fdcdce,"{<resource_manager.instance.OnPremInstance object at 0x1285afb60>: [(4, 46280.904, None)]}",70.67215333655905,57794.001238115685,46280.904,26494.039378912,2,24.596301342675265,46280.904,57174.24,True,39.6752858020553,57.34863412845529,17.673348326399992
lamf-test-3930d2af-5fdf-4edf-821d-dfe945829644,"{<resource_manager.instance.OnPremInstance object at 0x1285afb60>: [(4, 46340.904, None)]}",97.22721355921198,58220.63319608969,46340.904,27086.211993070996,1,,46340.904,49901.17800000001,True,37.63617659137582,43.41236512897583,5.7761885376000075
lamf-test-30b3bc1a-2d98-405b-81ea-06c96187cb9a,"{<resource_manager.instance.OnPremInstance object at 0x1285afb60>: [(4, 46400.904, None)]}",105.68868119220394,60695.52451309108,46400.904,29489.329196758994,3,,46400.904,53544.602,True,43.46306487185335,55.05300050705334,11.589935635199994
lamf-test-26bbd872-e5de-48b0-8f8f-e6417ce7af20,"{<resource_manager.instance.CloudOnDemandInstance object at 0x12879d090>: [(1, 46430.904, None)], <resource_manager.instance.CloudOnDemandInstance object at 0x1285afcb0>: [(1, 46430.904, None)]}",298.1380358381042,137473.9986850202,46430.904,10234.155618289002,2,,46831.44,137489.39868502022,False,271.919803807608,,
lamf-test-cfb32c98-2421-4b31-9da7-090b5212bb9a,"{<resource_manager.instance.OnPremInstance object at 0x1285afb60>: [(6, 46921.44, None)]}",311.65623815536327,137699.77355411937,46921.44,10189.808284866001,1,,46921.44,58451.339693719885,True,181.51108347402965,209.57024736866634,28.059163894636708
lamf-test-9d2ced27-20c6-49c1-84d1-76444fddb91f,"{<resource_manager.instance.CloudReservedInstance object at 0x12879d1d0>: [(2, 46951.44, None)], <resource_manager.instance.CloudReservedInstance object at 0x12879cf50>: [(1, 46951.44, None)]}",313.4023701696379,137874.078853453,46951.44,10211.166072084001,2,,46951.44,130388.07778892024,True,275.78417602720043,365.3617503573852,89.57757433018477
lamf-test-c1ff5343-c068-4179-8505-1de35f1c5237,"{<resource_manager.instance.CloudReservedInstance object at 0x12879cf50>: [(4, 46981.44, None)]}",328.6266875432299,137875.75020844952,46981.44,10200.999293078,2,120.0142498555415,46981.44,137437.24280399983,True,207.22895040079905,353.11606916309,145.88711876229095
lamf-test-2e0bd3ff-93cb-46df-ab43-ee2f13d4c7e1,"{<resource_manager.instance.CloudReservedInstance object at 0x12879cf50>: [(1, 47011.44, None)], <resource_manager.instance.CloudOnDemandInstance object at 0x1285afcb0>: [(2, 47011.44, None)]}",316.2487464140096,137902.27532710397,47011.44,10198.999293078,1,,47011.44,137917.675327104,False,433.24897309036305,,
lamf-test-34f82a8b-288c-437f-910d-553d4a2c7dfc,"{<resource_manager.instance.OnPremInstance object at 0x1285afb60>: [(2, 47101.44, None)]}",332.1651620956545,137979.77083522204,47101.44,10185.39482544,1,,47101.44,56756.210999999996,True,52.13238580880672,59.964336044006714,7.831950235199995
lamf-test-6323d458-f602-48c5-98a5-f5c1a1584292,"{<resource_manager.instance.OnPremInstance object at 0x1285afb60>: [(5, 47281.44, None)]}",313.6595923894348,138185.49844352336,47281.44,10218.1789827805,1,,47281.44,55227.884,True,104.55052186478053,120.66591029678052,16.11538843199999
lamf-test-032ba352-18f7-47d0-a6f0-b7f2f4956a0a,"{<resource_manager.instance.OnPremInstance object at 0x1285afb60>: [(6, 47401.44, 50403.048), (1, 50403.048, None)]}",307.62274626708137,138228.34800400768,47401.44,10240.392283750001,3,27.39318275154004,47401.44,56363.301999999996,True,36.458897254544055,46.181089505744055,9.722192251199997
lamf-test-75f66efa-1a77-47ea-a0c6-c0317f11e7c2,"{<resource_manager.instance.OnPremInstance object at 0x1285afb60>: [(5, 47461.44, 54144.12), (1, 54144.12, None)]}",323.850834844211,138255.33152714916,47461.44,10199.999293078,3,50.8227241615332,47461.44,59114.746999999996,True,58.38318807513879,73.95174942633878,15.568561351199996
lamf-test-d2eb5728-b98d-4dc8-9b54-d5b61be5f0ce,"{<resource_manager.instance.OnPremInstance object at 0x1285afb60>: [(4, 47521.44, None)]}",294.31398108778467,138414.61036005698,47521.44,10789.311111658,2,,47521.44,65632.833,True,65.96461300269668,95.34853700589667,29.383924003199994
lamf-test-1393ec0f-c39a-48b5-8afc-5e45c5c5f7c7,"{<resource_manager.instance.CloudOnDemandInstance object at 0x1285ea520>: [(6, 47581.44, None)]}",354.69102159935267,138460.4471159471,47581.44,10844.37227226,3,394.3906913073236,47981.976,105198.30945404847,True,525.821304622847,995.2144166910891,469.39311206824203
lamf-test-a3da9951-7484-4541-a43a-d268b07d7f2b,"{<resource_manager.instance.OnPremInstance object at 0x1285afb60>: [(4, 48011.976, None)]}",322.8627978188001,138516.22034332194,48011.976,10818.059292569,2,,48011.976,62833.837,True,53.983607160684045,78.03059444708404,24.046987286399993
lamf-test-3babe4ac-4db5-41c5-ad0c-7fee914c7ec7,"{<resource_manager.instance.OnPremInstance object at 0x1285afb60>: [(3, 48041.976, None)]}",293.72278396528714,138577.37524855224,48041.976,10806.430977368,2,57.23747626031193,48041.976,67988.81799999998,True,64.34416438209867,88.61548172769865,24.27131734559998
lamf-test-3058457a-d1e2-4d92-baae-1c4c74ce602b,"{<resource_manager.instance.OnPremInstance object at 0x1285afb60>: [(5, 48071.976, 50583.048), (2, 50583.048, None)]}",296.32729201787157,138588.0505220805,48071.976,10803.58480759,2,10.048803534248743,48071.976,108936.16500000001,True,168.67998748280792,221.1084900092079,52.4285025264
lamf-test-151fcd56-358d-466c-9e97-a24b8c315d14,"{<resource_manager.instance.OnPremInstance object at 0x1285afb60>: [(4, 48101.976, 53784.12), (1, 53784.12, None)]}",286.90020368365816,138677.11526378678,48101.976,11398.270027215,1,60.0667743554643,48101.976,65907.791,True,94.18159882880826,108.31767021200827,14.136071383199997
lamf-test-efb02442-ed88-49c8-bf51-dea5e65f914e,"{<resource_manager.instance.OnPremInstance object at 0x1285afb60>: [(2, 48131.976, None)]}",304.7860416350407,138756.9562845211,48131.976,10816.782660677,3,,48131.976,93334.477,True,137.5085588257662,174.17682763696618,36.668268811199994
lamf-test-2674780b-0edf-4613-bd86-e3e24ce33fcb,"{<resource_manager.instance.OnPremInstance object at 0x1285afb60>: [(5, 48251.976, 59605.728), (1, 59605.728, None)]}",302.61464185285956,138890.97420992318,48251.976,11408.879294449,1,149.38011225188228,48251.976,98696.77600000001,True,259.3784981367405,298.25923626154054,38.880738124800004
lamf-test-e4ed1a21-f292-441c-946a-d7b9f0990c7d,"{<resource_manager.instance.OnPremInstance object at 0x1285afb60>: [(2, 48281.976, None)]}",297.2172710903451,139040.05796560668,48281.976,11440.692643258,1,,48281.976,84628.224,True,196.2570239561944,225.74110033379438,29.484076377599997
lamf-test-0479ea03-d843-4f1c-b0bd-6f829a2c5a10,"{<resource_manager.instance.OnPremInstance object at 0x1285afb60>: [(5, 48551.976, None)]}",326.10114994784385,139157.75839102207,48551.976,11402.011554681,3,,48551.976,56993.629,True,64.19996197429461,81.3196342582946,17.119672283999996
lamf-test-3c60492c-5568-42f7-a13b-d4f3117a23dc,"{<resource_manager.instance.OnPremInstance object at 0x1285afb60>: [(6, 48791.976, 54264.12), (1, 54264.12, None)]}",288.51703100665657,139189.10040917085,48791.976,11446.339494462001,2,23.64978479289607,48791.976,58244.047000000006,True,31.725201730150463,46.656469759750465,14.931268029600004
lamf-test-0b319882-7fad-4ae3-8912-b51a1940b68d,"{<resource_manager.instance.CloudOnDemandInstance object at 0x1285ea8b0>: [(2, 48821.976, None)]}",309.96889456321867,139404.65842724522,48821.976,11393.409269115,3,,49222.512,139420.05842724524,False,275.60447920676927,,
lamf-test-8fdaa8c6-0ab8-4102-bf2c-7c6a5957696b,"{<resource_manager.instance.OnPremInstance object at 0x1285afb60>: [(3, 49252.512, None)]}",305.80076715201267,139405.4582431699,49252.512,12010.090814311003,3,,49252.512,65567.7,True,74.44758384668032,94.29990460508031,19.852320758399994
lamf-test-20e1ba49-4666-4d28-9ab3-d9b988f76cc5,"{<resource_manager.instance.OnPremInstance object at 0x1285afb60>: [(6, 49342.512, 51853.584), (1, 51853.584, None)]}",285.6765311197183,139432.0913872891,49342.512,12046.359469490002,1,39.530907597535936,49342.512,90720.659,True,148.89905536542702,170.774485804627,21.8754304392
lamf-test-c777b76c-0cc3-4d24-b87d-dcc762dd2026,"{<resource_manager.instance.CloudOnDemandInstance object at 0x1285ea520>: [(2, 49372.512, None)]}",310.2741421688458,139595.62397955064,49372.512,11441.692643258,1,,49773.048,139611.02397955066,False,487.25639596532795,,
lamf-test-d457b8b2-16f3-450b-ba2f-e7b966006e63,"{<resource_manager.instance.OnPremInstance object at 0x1285afb60>: [(6, 49803.048, 57655.728), (1, 57655.728, None)]}",308.6020686022321,139626.17192567408,49803.048,12020.300857433003,1,123.62193018480494,49803.048,70771.273,True,160.52779108677467,184.95773818677466,24.4299471
lamf-test-87976d93-8677-4270-9b15-bf91d2c51eaa,"{<resource_manager.instance.OnPremInstance object at 0x1285afb60>: [(3, 49833.048, 52333.584), (1, 52333.584, None)]}",311.39111778496914,139791.97051122252,49833.048,12038.564931439003,2,8.066184082039433,49833.048,86471.80500000001,True,77.33387870838142,94.22299335078142,16.889114642400003
lamf-test-b6b347a8-b100-462f-bbd1-cdcde8345e59,"{<resource_manager.instance.OnPremInstance object at 0x1285afb60>: [(4, 49863.048, None)]}",310.4633474601291,139795.4338044148,49863.048,12004.739864984502,1,172.4437234770705,49863.048,82965.533,True,349.93120503460335,403.6366766986033,53.70547166399999
lamf-test-3d2e4ca8-d6e8-4002-a809-14108f6da5be,"{<resource_manager.instance.OnPremInstance object at 0x1285afb60>: [(5, 49893.048, 54384.12), (1, 54384.12, None)]}",306.2018292174168,139811.38157184105,49893.048,12052.300427459004,2,17.972364068479745,49893.048,77403.04299999999,True,64.67859779376025,83.12296697856024,18.444369184799996
lamf-test-95f36198-5f8e-46dc-93db-fc5d6a810881,"{<resource_manager.instance.OnPremInstance object at 0x1285afb60>: [(3, 49923.048, None)]}",312.84764381313755,139814.16400667577,49923.048,12023.172526530003,2,,49923.048,74384.28,True,78.90660249861372,108.67102959621371,29.7644270976
lamf-test-64282f81-8a38-42e2-8686-39f8e7fadae5,"{<resource_manager.instance.CloudReservedInstance object at 0x1287a4710>: [(1, 49953.048, None)], <resource_manager.instance.CloudOnDemandInstance object at 0x1285ea520>: [(4, 49953.048, None)]}",308.1387838586121,139849.62987228064,49953.048,12026.998333658003,2,,49953.048,81921.53086558476,True,181.29958503560528,389.849179857534,208.54959482192874
lamf-test-6ffd71d7-ab96-484d-939d-8341469b380b,"{<resource_manager.instance.OnPremInstance object at 0x1285afb60>: [(3, 49983.048, None)]}",291.65416309527114,139887.38171932215,49983.048,12044.945336795003,3,78.9535934291581,49983.048,80106.579,True,137.4562217659137,174.11053428671372,36.6543125208
lamf-test-68fc4f1f-0368-4356-8862-a5c873470b2b,"{<resource_manager.instance.OnPremInstance object at 0x1285afb60>: [(4, 50013.048, None)]}",313.35740939256686,139901.02617848595,50013.048,12043.945336795003,2,54.05943331486795,50013.048,66543.236,True,60.205609490215416,87.02418650141541,26.818577011200002
lamf-test-e1a8ae4a-b274-4245-9dc7-b8b20b25f60b,"{<resource_manager.instance.OnPremInstance object at 0x1285afb60>: [(4, 50403.048, None)]}",307.3714712616934,139906.75959055766,50403.048,12031.702279679002,3,,50403.048,80104.279,True,180.70564149364964,228.89291866804962,48.18727717439999
lamf-test-0aaede3d-34d4-43d5-b971-8a2a954407b0,"{<resource_manager.instance.OnPremInstance object at 0x1285afb60>: [(2, 50433.048, None)]}",291.4038438976179,140169.8676236427,50433.048,12641.850008507005,1,,50433.048,85796.57800000001,True,190.95069054680968,219.6375860828097,28.686895536000005
lamf-test-4cc1e286-0e7f-464c-8240-c10883a7da2a,"{<resource_manager.instance.OnPremInstance object at 0x1285afb60>: [(4, 50463.048, None)]}",316.2330750787407,140231.40470699914,50463.048,12640.850008507005,3,,50463.048,67265.745,True,102.22950490531593,129.49020051811593,27.26069561279999
lamf-test-59fd6bbc-b1e0-4afd-a720-743bb563c136,"{<resource_manager.instance.CloudReservedInstance object at 0x12879d1d0>: [(2, 50493.048, None)]}",321.20760313523465,140314.39063735385,50493.048,12635.482399348004,2,,50493.048,131007.7825557899,True,163.36733089083464,217.34440893703618,53.977078046201555
lamf-test-a7598ecc-5cec-4bf9-9a0f-c71ca0dbae0e,"{<resource_manager.instance.OnPremInstance object at 0x1285afb60>: [(6, 50583.048, 53094.12), (1, 53094.12, None)]}",294.2224632206372,140369.65027024574,50583.048,12644.181072554005,3,22.9164681724846,50583.048,63511.582,True,38.76172180393946,49.09798921033946,10.336267406400001
lamf-test-398c2e41-0ba6-4e76-8602-21bfa67e2257,"{<resource_manager.instance.CloudReservedInstance object at 0x12879d1d0>: [(2, 50613.048, None)], <resource_manager.instance.CloudOnDemandInstance object at 0x12879d590>: [(1, 50613.048, None)], <resource_manager.instance.CloudOnDemandInstance object at 0x12879d090>: [(2, 50613.048, None)]}",308.43937206382503,140482.1679406129,50613.048,12612.511976466003,2,,50613.048,140497.56794061293,False,472.20124944328717,,
lamf-test-404ab15a-5fdc-47da-96ca-6bf36dbfc057,"{<resource_manager.instance.CloudOnDemandInstance object at 0x12879d090>: [(1, 50643.048, None)], <resource_manager.instance.CloudOnDemandInstance object at 0x1285afcb0>: [(3, 50643.048, None)]}",285.63536765098837,140516.28074262905,50643.048,12611.020261082504,2,,51043.584,140531.68074262905,False,359.08225458856685,,
lamf-test-19917d27-b721-40ad-a37a-4370c7a734bc,"{<resource_manager.instance.OnPremInstance object at 0x1285afb60>: [(2, 51073.584, None)]}",301.1069329229973,140565.3267933187,51073.584,13204.007613615006,2,,51073.584,70624.835,True,53.14948460774515,69.00945941894516,15.859974811200003
lamf-test-68ff13a7-de65-4a50-8bee-581fe346b072,"{<resource_manager.instance.OnPremInstance object at 0x1285afb60>: [(4, 51133.584, 54114.12), (1, 54114.12, None)]}",316.0799972187193,140733.06879112966,51133.584,13209.349282215006,1,31.507681496691763,51133.584,61065.864,True,51.06920921743098,58.724458190230976,7.655248972799999
lamf-test-c5f3d318-ed60-437f-9c1e-4a6f0f18365e,"{<resource_manager.instance.OnPremInstance object at 0x1285afb60>: [(5, 51493.584, 56955.192), (1, 56955.192, None)]}",302.37657057421836,140827.93869143512,51493.584,13208.237037381006,2,21.856253334464803,51493.584,75742.11600000001,True,59.97560684735863,78.67172424575863,18.696117398400002
lamf-test-cd918581-b0d1-458e-92b2-5c59b3bd83b5,"{<resource_manager.instance.OnPremInstance object at 0x1285afb60>: [(3, 51523.584, None)]}",301.10787935133226,140861.33209900977,51523.584,13220.514024324006,2,51.71620193980971,51523.584,69266.89,True,57.236037561528704,78.8260923023287,21.5900547408
lamf-test-499e704f-e77f-4d06-942d-f6729f7df6df,"{<resource_manager.instance.OnPremInstance object at 0x1285afb60>: [(3, 51853.584, None)]}",295.12516285873096,140896.69431966505,51853.584,13239.141851296008,2,,51853.584,72625.65299999999,True,67.0061668053668,92.28162036456679,25.27545355919999
lamf-test-f9efe039-70ce-49b9-a1a8-bee3de1d2b34,"{<resource_manager.instance.CloudOnDemandInstance object at 0x12879d590>: [(4, 52333.584, None)], <resource_manager.instance.CloudOnDemandInstance object at 0x12879d090>: [(1, 52333.584, 87066.264)]}",307.9037058422363,140954.01497943702,52333.584,13811.563590397009,3,123.26856795193548,52734.12,87078.34909533853,False,123.30533149391901,,
lamf-test-893ff824-f1d2-4433-939e-c7c4d678a42b,"{<resource_manager.instance.OnPremInstance object at 0x1285afb60>: [(2, 52764.12, None)]}",291.47945752946964,140954.5624303057,52764.12,13246.272344293007,1,,52764.12,87632.441,True,188.27673518898777,216.56191718418776,28.285181995200002
lamf-test-9ad3c991-d587-4e6c-87f0-aa8b942b2b5d,"{<resource_manager.instance.CloudReservedInstance object at 0x1287a4710>: [(2, 52794.12, None)], <resource_manager.instance.CloudReservedInstance object at 0x1285afe00>: [(2, 52794.12, None)], <resource_manager.instance.CloudOnDemandInstance object at 0x12879d090>: [(2, 52794.12, 61345.728)]}",294.2702271699325,141088.03099447198,52794.12,13247.272344293007,2,57.46120610139555,52794.12,61358.288764155935,False,57.52412813448892,,
lamf-test-e3ac6e81-3f29-40d1-91c8-119f86b94741,"{<resource_manager.instance.OnPremInstance object at 0x1285afb60>: [(2, 52824.12, None)]}",292.3170995981352,141119.9211838991,52824.12,13211.249679651006,2,,52824.12,82022.44200000001,True,79.37475539089476,103.06043419729477,23.685678806400006
lamf-test-95c3a7f0-6def-4a58-8473-af92a11ec586,"{<resource_manager.instance.OnPremInstance object at 0x1285afb60>: [(3, 52884.12, None)]}",312.05091942501133,141175.05036952897,52884.12,13196.754393617006,1,,52884.12,88742.859,True,286.3463073237508,329.9792209389508,43.632913615199996
lamf-test-308f236e-0576-4952-874f-b146870f6d77,"{<resource_manager.instance.OnPremInstance object at 0x1285afb60>: [(3, 53094.12, None)]}",296.126707886245,141383.68829600164,53094.12,13848.815620136009,3,,53094.12,65512.844999999994,True,56.667693360711795,71.77879794071178,15.11110457999999
lamf-test-55230e23-b521-4f16-a8cb-73a7c6580475,"{<resource_manager.instance.OnPremInstance object at 0x1285afb60>: [(4, 53484.12, 56985.192), (1, 56985.192, None)]}",312.3489385286271,141429.22445271866,53484.12,13863.575753223507,2,12.751468623897528,53484.12,125020.20700000001,True,150.79699369442176,184.07213499122176,33.2751412968
lamf-test-2b6c6b3a-28c9-458c-9ffa-76aefcc26451,"{<resource_manager.instance.OnPremInstance object at 0x1285afb60>: [(5, 53604.12, 60565.728), (1, 60565.728, None)]}",317.28833254019617,141478.00883412408,53604.12,13804.806633754008,1,91.59313894592745,53604.12,111267.05500000001,True,234.26171442695264,268.94431368215265,34.6825992552
lamf-test-416bbbfd-81e6-4f7c-9a56-8c0e7175f623,"{<resource_manager.instance.OnPremInstance object at 0x1285afb60>: [(3, 53784.12, None)]}",318.1012839054559,141512.89198293333,53784.12,13855.218559473507,2,,53784.12,63926.399999999994,True,32.71678451803407,45.05791082203406,12.34112630399999
lamf-test-7c801ce0-8eb2-4e0d-9312-eaf55e74d22a,"{<resource_manager.instance.OnPremInstance object at 0x1285afb60>: [(2, 54114.12, None)]}",282.54429039316733,141547.30102746678,54114.12,13839.52923313301,2,,54114.12,95907.66699999999,True,113.61449366997397,147.51741899637395,33.90292532639999
lamf-test-3e7fd149-2562-452d-b778-aa63ebe3ca13,"{<resource_manager.instance.OnPremInstance object at 0x1285afb60>: [(2, 54144.12, None)]}",306.14407437283273,141567.1413469394,54144.12,13858.807641054507,2,,54144.12,73207.86200000001,True,51.824206133665044,67.28871364406504,15.464507510400004
lamf-test-3d742955-a0c8-4cdc-8c38-f5e5804b4cff,"{<resource_manager.instance.OnPremInstance object at 0x1285afb60>: [(4, 54264.12, None)]}",303.65987588610506,141661.04687117343,54264.12,13821.558279639008,1,,54264.12,67377.654,True,138.62508373260317,159.90048129420316,21.275397561599988
lamf-test-17fee575-0b26-45f7-83d5-67d080c53e61,"{<resource_manager.instance.CloudReservedInstance object at 0x1287a4710>: [(3, 54294.12, None)], <resource_manager.instance.CloudOnDemandInstance object at 0x1285ea8b0>: [(2, 54294.12, None)]}",339.37001802300927,141674.10308515778,54294.12,13852.067063021508,3,,54294.12,84347.91067454577,True,228.56331792946813,461.0834856202938,232.52016769082567
lamf-test-821bad57-9b5b-4590-ab6a-b75593f800f8,"{<resource_manager.instance.OnPremInstance object at 0x1285afb60>: [(4, 54324.12, 58795.728), (1, 58795.728, None)]}",293.93899056747387,141679.9006579165,54324.12,13819.558279639008,3,27.205767738991558,54324.12,140423.968,True,151.3646239257738,191.72777488897378,40.36315096319999
lamf-test-c8945c61-1ea7-4681-928a-edc22713889d,"{<resource_manager.instance.CloudOnDemandInstance object at 0x12879d090>: [(4, 54384.12, None)], <resource_manager.instance.CloudOnDemandInstance object at 0x1285afcb0>: [(1, 54384.12, None)]}",305.7727422550137,141681.74566618065,54384.12,13854.218559473507,2,,54784.656,141697.14566618064,False,349.3285393357072,,
lamf-test-12047e13-b691-4e4d-bcc8-16e2900e16aa,"{<resource_manager.instance.OnPremInstance object at 0x1285afb60>: [(3, 54814.656, None)]}",306.19560311302496,141839.91721868468,54814.656,14436.708458246507,1,167.6220670773443,54814.656,83460.26,True,228.74655258955048,263.6025235367505,34.85597094719999
lamf-test-28862540-93f6-42de-8ec4-72cbed9815ad,"{<resource_manager.instance.CloudReservedInstance object at 0x1285ea3f0>: [(2, 54844.656, None)], <resource_manager.instance.CloudOnDemandInstance object at 0x12879d590>: [(4, 54844.656, 93196.79999999999)]}",315.0001679546882,141846.76668651166,54844.656,14427.226648885508,3,233.33877253023033,54844.656,93207.74108148272,False,233.37205591750762,,
lamf-test-2148cf4d-7170-4032-92ad-bc67bc5cec9e,"{<resource_manager.instance.OnPremInstance object at 0x1285afb60>: [(3, 54874.656, None)]}",290.5571510371029,141846.9750517648,54874.656,14405.380920781507,3,64.43564681724845,54874.656,83792.76900000001,True,131.95579739904178,167.1433572974418,35.18755989840002
lamf-test-5fc71200-6539-46cf-9073-1ac0b6be235f,"{<resource_manager.instance.CloudOnDemandInstance object at 0x12879d590>: [(3, 55144.656, None)], <resource_manager.instance.CloudOnDemandInstance object at 0x1285afcb0>: [(2, 55144.656, None)]}",298.6298021940167,141883.89393847695,55144.656,14413.406521730507,2,,55545.192,141899.29393847697,False,407.62797172566036,,
lamf-test-e050ad2a-f776-4985-ad86-c1f9e8bbb5cd,"{<resource_manager.instance.OnPremInstance object at 0x1285afb60>: [(3, 55575.192, None)]}",326.0139069441622,141928.73990742405,55575.192,14437.708458246507,3,,55575.192,93134.55799999999,True,171.3865662788044,217.08880282760438,45.70223654879999
lamf-test-927fb6c3-ba3c-488b-96a5-466be1c02fa9,"{<resource_manager.instance.OnPremInstance object at 0x1285afb60>: [(6, 55935.192, 60415.728), (1, 60415.728, None)]}",330.8093779162473,141973.35052229266,55935.192,14410.544220457507,1,70.53547433264887,55935.192,101980.62000000001,True,187.4950152863336,215.2575678911336,27.762552604800007
lamf-test-8aea85bd-3d6c-4aba-b7de-dd2346b0e93e,"{<resource_manager.instance.OnPremInstance object at 0x1285afb60>: [(6, 56775.192, 60745.728), (2, 60745.728, None)]}",302.51103083949494,142056.8674933766,56775.192,14423.199022550507,1,62.506726899383985,56775.192,90435.395,True,222.82054217050728,256.5674964505073,33.746954280000004
lamf-test-8d46ff55-9a1d-4004-b52e-0bb94df560fe,"{<resource_manager.instance.CloudReservedInstance object at 0x1285afe00>: [(3, 56805.192, None)]}",314.6188735020299,142110.45278001553,56805.192,14434.602292591508,1,,56805.192,108175.59053387446,True,277.3821808430365,388.71210854564924,111.32992770261274
lamf-test-56207b5b-5fb7-4cc8-b917-b36e1b064de2,"{<resource_manager.instance.OnPremInstance object at 0x1285afb60>: [(5, 56985.192, 63955.728), (1, 63955.728, None)]}",317.0752713451876,142120.34310236404,56985.192,14404.380920781507,2,27.894678763654763,56985.192,82024.14199999999,True,64.55614929940182,86.02094502580182,21.464795726399995
lamf-test-232b6ce2-ea24-476c-b62f-210ae1decc5b,"{<resource_manager.instance.OnPremInstance object at 0x1285afb60>: [(4, 57015.192, 62005.728), (1, 62005.728, None)]}",311.1617610976437,142155.8087678723,57015.192,14426.226648885508,2,18.17633662501973,57015.192,92951.04000000001,True,80.96550252012821,101.61356667372822,20.648064153600004
lamf-test-62c9483c-2445-4359-99d9-4d8c66a14529,"{<resource_manager.instance.OnPremInstance object at 0x1285afb60>: [(3, 57045.192, None)]}",345.02192360533996,142171.87824980152,57045.192,14446.579977757507,2,,57045.192,68673.099,True,37.50909339071099,51.657930628310986,14.1488372376
lamf-test-5c2155b4-aa4a-428b-9192-860339f49ef5,"{<resource_manager.instance.CloudOnDemandInstance object at 0x1285afcb0>: [(2, 57075.192, None)]}",326.1375748222798,142204.54647867254,57075.192,14429.836904044507,3,,57475.728,142219.94647867256,False,172.67676523674305,,
lamf-test-1e5c4d41-c6bb-47f9-a0f9-f492c659a647,"{<resource_manager.instance.OnPremInstance object at 0x1285afb60>: [(6, 57655.728, 60145.728), (1, 60145.728, None)]}",295.19389174920065,142211.70715129699,57655.728,14412.406521730507,3,22.724161533196437,57655.728,73535.516,True,43.09040687504753,54.58096888784753,11.490562012800002
lamf-test-58f4bde2-1252-4878-b4ed-54f9ec3d6ddb,"{<resource_manager.instance.OnPremInstance object at 0x1285afb60>: [(3, 57685.728, None)]}",306.6623561408906,142242.52468498787,57685.728,14407.380920781507,3,,57685.728,80871.333,True,105.79787816563994,134.01012232963996,28.212244163999998
lamf-test-e5f8465a-4435-4b7a-801a-354ef982dcda,"{<resource_manager.instance.OnPremInstance object at 0x1285afb60>: [(3, 58525.728, None)]}",304.6031866584939,142264.9018169401,58525.728,14468.453104277505,1,71.38945927446954,58525.728,85040.70499999999,True,211.73264772986528,243.99607174346525,32.26342401359998
lamf-test-1f9296c3-4641-4962-ac2a-3bdd3909621e,"{<resource_manager.instance.OnPremInstance object at 0x1285afb60>: [(2, 58555.728, None)]}",333.675220822951,142280.21234016563,58555.728,14447.579977757507,2,,58555.728,66997.381,True,22.94837840235518,29.79624731595517,6.847868913599993
lamf-test-62ab7363-ee6e-4e41-9bd6-da86db171176,"{<resource_manager.instance.OnPremInstance object at 0x1285afb60>: [(6, 59185.728, 62185.728), (1, 62185.728, None)]}",317.6880653321237,142316.53139780194,59185.728,14443.827380985507,3,27.37850787132101,59185.728,116355.754,True,109.7726458285801,139.0448083741801,29.272162545599997
lamf-test-e000b273-6e93-45bd-85e3-de8e007da692,"{<resource_manager.instance.OnPremInstance object at 0x1285afb60>: [(3, 59605.728, None)]}",284.69120725614476,142376.3711748678,59605.728,14445.579977757507,3,134.25084188911697,59605.728,94193.84,True,157.82848277435542,199.91529745595543,42.086814681599996
lamf-test-79b31340-0554-44ef-87de-f4504dbdfc60,"{<resource_manager.instance.OnPremInstance object at 0x1285afb60>: [(6, 60145.728, 62635.728), (1, 62635.728, None)]}",304.54338810954675,142472.94747196866,60145.728,15022.667151611506,1,39.19917864476386,60145.728,89123.65000000001,True,113.73360057799074,130.53676574119075,16.803165163200003
lamf-test-9655ffad-b7de-4846-8625-1393b7fdfd45,"{<resource_manager.instance.OnPremInstance object at 0x1285afb60>: [(3, 60415.728, None)]}",323.69507710357215,142734.28957206395,60415.728,15059.011363179505,1,,60415.728,85149.46899999998,True,197.5087691079168,227.6047851567168,30.096016048799978
lamf-test-9c4c82a6-08d5-47bd-9589-83ce8af6f468,"{<resource_manager.instance.OnPremInstance object at 0x1285afb60>: [(6, 60565.728, 65545.728), (1, 65545.728, None)]}",291.9040113839834,142773.7298190952,60565.728,15066.901605945504,3,45.448323066392874,60565.728,81905.515,True,70.33202068598371,89.0868782931837,18.7548576072
lamf-test-56707fec-34cd-4c0e-a454-d4551f611032,"{<resource_manager.instance.OnPremInstance object at 0x1285afb60>: [(4, 60745.728, 66205.728), (1, 66205.728, None)]}",312.7950515260771,142833.73989658908,60745.728,15016.135300163505,3,33.219256217202826,60745.728,84276.351,True,60.70518366415695,76.89293235295695,16.1877486888
lamf-test-e846f77b-9785-4a57-980e-5e6be4c30da6,"{<resource_manager.instance.CloudReservedInstance object at 0x1287a4710>: [(2, 61345.728, None)], <resource_manager.instance.CloudReservedInstance object at 0x1285afe00>: [(1, 61345.728, None)]}",318.0816768556553,142923.95920048383,61345.728,15036.987054011506,3,273.9987527568635,61345.728,134542.36622277892,True,296.89107196097615,509.688338602239,212.79726664126284
lamf-test-3bd57c11-f664-4998-9d53-96c6dc4f87c4,"{<resource_manager.instance.CloudReservedInstance object at 0x1285afe00>: [(1, 61375.728, None)], <resource_manager.instance.CloudOnDemandInstance object at 0x12879d090>: [(2, 61375.728, None)], <resource_manager.instance.CloudOnDemandInstance object at 0x1285afcb0>: [(1, 61375.728, None)]}",326.99178124993756,143027.01210157957,61375.728,15018.135300163505,1,,61375.728,143042.4121015796,False,478.2367233874537,,
lamf-test-6f2e770b-ffa0-4b22-be2e-700e1acc453c,"{<resource_manager.instance.OnPremInstance object at 0x1285afb60>: [(6, 62185.728, 64195.728), (1, 64195.728, None)]}",314.03861715723247,143158.08664520291,62185.728,15651.645883559506,3,18.343600273785075,62185.728,77808.00700000001,True,39.04826070423607,49.46093706663608,10.412676362400004
lamf-test-08f07093-2907-4ba0-a255-32c22f0fcc78,"{<resource_manager.instance.OnPremInstance object at 0x1285afb60>: [(3, 62215.728, 65215.728), (1, 65215.728, None)]}",298.09142219625704,143313.550020838,62215.728,15622.319966929006,3,13.689253935660505,62215.728,68206.336,True,18.238053083884694,23.10144368868469,4.8633906047999975
lamf-test-dd9abd19-48be-42ba-b1bc-fa915a5dcef1,"{<resource_manager.instance.OnPremInstance object at 0x1285afb60>: [(4, 62635.728, None)]}",320.9475259671587,143327.29646022726,62635.728,15650.645883559506,2,78.01509306974694,62635.728,85083.56999999999,True,81.75865932983069,118.17803819063067,36.41937886079998
lamf-test-3e227187-9182-4a9b-bf09-75d5b5a39b59,"{<resource_manager.instance.OnPremInstance object at 0x1285afb60>: [(2, 62905.728, None)]}",320.9833484047092,143459.54533620403,62905.728,15671.197496352506,2,,62905.728,104426.766,True,112.87368619422875,146.55555221982877,33.6818660256
lamf-test-9329565e-0cc9-410e-9937-6b7537e158ae,"{<resource_manager.instance.OnPremInstance object at 0x1285afb60>: [(6, 63955.728, 68425.728), (2, 68425.728, None)]}",289.93639360238836,143871.34836858918,63955.728,16257.128176020506,1,70.36960985626283,63955.728,77359.471,True,118.60869670697392,136.73394102857392,18.1252443216
lamf-test-a0961e5f-36f8-49a0-be25-041d077e1525,"{<resource_manager.instance.OnPremInstance object at 0x1285afb60>: [(2, 63985.728, None)]}",302.7913218356865,143982.56335039577,63985.728,16242.109954485506,2,,63985.728,78312.38,True,38.94657021970212,50.56835032210212,11.6217801024
lamf-test-20435df7-63e4-419e-8d22-d33076e8dcf2,"{<resource_manager.instance.OnPremInstance object at 0x1285afb60>: [(2, 64015.728, None)]}",307.8323914198774,144001.3194603559,64015.728,16273.134369639505,2,,64015.728,87486.54199999999,True,63.80469809447223,82.84422241127221,19.039524316799987
lamf-test-e9e3c180-3644-4ec5-bd7f-fb857cf9758f,"{<resource_manager.instance.OnPremInstance object at 0x1285afb60>: [(5, 64195.728, None)]}",277.1468078662494,144005.6852634245,64195.728,16254.282271971506,1,,64195.728,68675.709,True,58.94263540953684,68.02803687753683,9.085401467999999
lamf-test-f86b8860-b2ed-456c-9f30-6f6a9139ebf4,"{<resource_manager.instance.OnPremInstance object at 0x1285afb60>: [(5, 65545.728, None)]}",305.1378797801942,144311.8584514783,65545.728,16225.989844920507,3,191.5816563997261,65545.728,92920.705,True,208.19056201992547,263.70701537592544,55.51645335599999
lamf-test-4f1fe545-8677-4a84-8abf-5cf06961f85c,"{<resource_manager.instance.OnPremInstance object at 0x1285afb60>: [(6, 65575.728, 67585.728), (2, 67585.728, None)]}",310.3840944895742,144434.6554062087,65575.728,16866.576360172505,2,8.686918223226783,65575.728,85654.88799999999,True,57.80738326635285,77.35662185835284,19.54923859199999
lamf-test-0c64519c-480b-40a3-83cb-e32930215173,"{<resource_manager.instance.OnPremInstance object at 0x1285afb60>: [(4, 65605.728, None)]}",305.2027703895845,144511.22887699213,65605.728,16850.309685202505,3,240.6397079625825,65605.728,110808.22899999999,True,275.0171176515323,348.3536552739323,73.33653762239999
lamf-test-4b6bc7a8-825f-4ed7-a11d-b9402493f256,"{<resource_manager.instance.OnPremInstance object at 0x1285afb60>: [(2, 65665.728, None)]}",315.0940754980354,144526.94119706165,65665.728,16849.309685202505,2,,65665.728,82748.634,True,46.43936336874593,60.29701671594593,13.857653347200001
lamf-test-d80357f1-4d3d-475b-a1da-53fbb3ddaa84,"{<resource_manager.instance.OnPremInstance object at 0x1285afb60>: [(6, 66205.728, 71185.728), (1, 71185.728, None)]}",308.2995677163823,144677.40335525188,66205.728,16875.224029836507,1,78.39835728952772,66205.728,126124.308,True,232.99014830025098,267.39256434825097,34.402416048
lamf-test-6c201a0a-e193-4746-b7c6-ff82b4d5eeef,"{<resource_manager.instance.OnPremInstance object at 0x1285afb60>: [(6, 67045.728, 71515.728), (1, 71515.728, None)]}",319.4947582934635,144683.85842771133,67045.728,16838.945142504504,2,19.318668884489412,67045.728,121724.70900000002,True,121.19452127315981,152.43747596675982,31.242954693600005
lamf-test-545db71e-0ac4-4fd9-bae7-0ae698ee188a,"{<resource_manager.instance.OnPremInstance object at 0x1285afb60>: [(5, 67405.728, None)]}",303.0498265026395,144692.54938760516,67405.728,16860.216479572504,2,,67405.728,74576.754,True,28.696999294719387,43.23984002271938,14.542840727999994
lamf-test-ed127e72-be6f-436a-8fe9-27a8ad06a858,"{<resource_manager.instance.OnPremInstance object at 0x1285afb60>: [(6, 67585.728, 76525.728), (1, 76525.728, None)]}",328.19458272409565,145355.5387491168,67585.728,17439.79438966451,3,81.58795345653661,67585.728,95806.332,True,110.91429614419346,140.49089312659345,29.576596982399998
lamf-test-870691de-e40a-44a6-b524-758dc9ee2699,"{<resource_manager.instance.OnPremInstance object at 0x1285afb60>: [(6, 68425.728, None)]}",318.593861795503,145557.46586426187,68425.728,18049.37356658051,3,45.448323066392874,68425.728,74430.415,True,54.79979009810623,69.41279638130621,14.61300628319998
lamf-test-f73d4880-234f-4ef4-b427-8c893deb0ab7,"{<resource_manager.instance.OnPremInstance object at 0x1285afb60>: [(5, 68725.728, 71725.728), (1, 71725.728, None)]}",289.55899307824876,145600.3215781753,68725.728,18047.884106249512,2,12.005394748834851,68725.728,102670.74,True,74.7939519330094,93.4292488002094,18.6352968672
lamf-test-816ecb3f-0729-4858-99cd-1237c929b94a,"{<resource_manager.instance.OnPremInstance object at 0x1285afb60>: [(6, 68785.728, 72775.728), (1, 72775.728, None)]}",325.447174391888,145700.98985723895,68785.728,18069.44136877051,1,62.813141683778234,68785.728,80718.844,True,85.16429325423985,98.09608510383985,12.9317918496
lamf-test-95b7467a-1a49-4273-9a59-d080cf448191,"{<resource_manager.instance.OnPremInstance object at 0x1285afb60>: [(6, 70705.728, 73705.728), (1, 73705.728, None)]}",303.1008089718593,145747.92752093464,70705.728,18057.24024850551,1,47.227926078028744,70705.728,90784.88799999999,True,95.28701194007147,109.51511923607146,14.228107295999996
lamf-test-7c4919b0-6563-4e4b-a109-6e7eddf9dab2,"{<resource_manager.instance.OnPremInstance object at 0x1285afb60>: [(4, 71185.728, None)]}",284.9077105670405,145763.83451238414,71185.728,18030.23091383951,3,123.33148984713657,71185.728,101012.90599999999,True,181.47191725606498,229.86353084326495,48.39161358719998
lamf-test-9e038649-678e-4ec1-8038-665a8a0ccdab,"{<resource_manager.instance.OnPremInstance object at 0x1285afb60>: [(6, 71515.728, 73525.728), (1, 73525.728, None)]}",305.1144082584737,145805.66396725853,71515.728,18068.44136877051,1,31.642710472279262,71515.728,135841.38,True,206.9928605977641,237.1596250489641,30.166764451200002
lamf-test-fe21cf99-74f2-4c6e-92c0-836166b37c9b,"{<resource_manager.instance.OnPremInstance object at 0x1285afb60>: [(3, 71725.728, None)]}",306.6266107573227,145888.45579770018,71725.728,18079.39490009951,3,,71725.728,85845.08,True,64.42779831165866,81.60822582525867,17.1804275136
lamf-test-6557112d-0dd1-4a4f-956a-4810ab29fb87,"{<resource_manager.instance.OnPremInstance object at 0x1285afb60>: [(5, 72685.728, 74185.728), (1, 74185.728, None)]}",284.1643475390076,145931.08538584437,72685.728,18643.52424100251,3,11.407711613050422,72685.728,140958.052,True,112.97030040307246,143.09515501747245,30.124854614399993
lamf-test-ecb2683b-9e41-48ec-91a2-6a6d38c45b39,"{<resource_manager.instance.OnPremInstance object at 0x1285afb60>: [(2, 72775.728, None)]}",329.9077900544537,145995.15976332882,72775.728,18036.59778603251,3,,72775.728,119959.06500000002,True,143.53437371663247,181.80949669103248,38.27512297440001
lamf-test-4b6ef0de-0d6b-4c17-a583-0b04e2222603,"{<resource_manager.instance.OnPremInstance object at 0x1285afb60>: [(6, 73525.728, None)]}",304.5800255914627,146015.7073470245,73525.728,18058.24024850551,2,,73525.728,85441.54400000001,True,51.498367738814586,80.4966975564146,28.998329817600016
lamf-test-56573715-8535-4ef6-86b5-dcb681b21f75,"{<resource_manager.instance.OnPremInstance object at 0x1285afb60>: [(2, 73555.728, None)]}",309.32301155717374,146047.82585023242,73555.728,18024.15614189651,2,,73555.728,111610.303,True,103.4502113556203,134.3200825956203,30.86987124
lamf-test-2b8a61cc-a82b-4153-b888-886b130ebdcb,"{<resource_manager.instance.OnPremInstance object at 0x1285afb60>: [(6, 73705.728, 81655.728), (1, 81655.728, None)]}",288.0380279745152,146057.93254292588,73705.728,18032.73309496451,1,125.15400410677618,73705.728,96753.842,True,167.63862027530612,193.10953531370612,25.4709150384
lamf-test-9dd25f94-b2d8-4857-adb4-87c377066854,"{<resource_manager.instance.OnPremInstance object at 0x1285afb60>: [(3, 74185.728, None)]}",304.2337725718405,146132.57000478022,74185.728,18070.44136877051,2,,74185.728,89998.007,True,51.006965374850175,70.24734646205017,19.240381087199996
lamf-test-05011c3e-5178-4e8c-a944-565636c84b62,"{<resource_manager.instance.OnPremInstance object at 0x1285afb60>: [(2, 74215.728, None)]}",311.6110618417853,146740.82887577158,74215.728,19252.82804970051,2,,74215.728,93717.17,True,53.01408034748438,68.83365009788437,15.819569750399996
lamf-test-5704a2cc-027b-4370-a7eb-9804c4d8380a,"{<resource_manager.instance.OnPremInstance object at 0x1285afb60>: [(5, 74485.728, None)]}",328.518781280289,146767.47733320307,74485.728,19268.411003023513,3,51.79101072324892,74485.728,91984.53848673437,True,133.0809224027254,168.5685100698227,35.48758766709729
lamf-test-64767f79-cec9-4cb3-b8c5-46b3e86d20f8,"{<resource_manager.instance.OnPremInstance object at 0x1285afb60>: [(4, 74515.728, 77005.728), (1, 77005.728, None)]}",283.87618715962776,146825.34702166726,74515.728,19262.790180778513,2,9.0689814072675,74515.728,146840.74702166728,False,150.76678024153108,,
lamf-test-4f40bb80-4246-4e5c-807f-5b2f111e8553,"{<resource_manager.instance.OnPremInstance object at 0x1285afb60>: [(4, 74605.728, None)]}",300.28901978300945,146829.50976957165,74605.728,19264.377951730512,3,90.29475701574255,74605.728,91822.28099999999,True,104.74745151722554,132.6795871044255,27.932135587199976
lamf-test-e42daae1-319e-4d66-892f-ff458cefa185,"{<resource_manager.instance.OnPremInstance object at 0x1285afb60>: [(5, 76525.728, 80905.728), (1, 80905.728, None)]}",331.8539601540227,146939.32938013444,76525.728,19261.790180778513,3,33.31051791010723,76525.728,142995.28330974007,True,127.75048339758166,161.81664703121223,34.066163633630566
lamf-test-902ad2da-a958-4f6f-a105-0cf09133c223,"{<resource_manager.instance.OnPremInstance object at 0x1285afb60>: [(4, 77005.728, None)]}",319.6161610919672,146950.01260133137,77005.728,19287.965673867515,3,,77005.728,87148.008,True,61.706776180698135,78.16161125269814,16.454835071999998
lamf-test-1945932c-936e-4e58-b59b-8fc5fe0a5a90,"{<resource_manager.instance.OnPremInstance object at 0x1285afb60>: [(4, 77425.728, 80425.728), (1, 80425.728, None)]}",307.9539703217035,146988.00785974693,77425.728,19249.78298153151,1,31.713438284280173,77425.728,91339.68,True,62.42423180469995,71.71813073589995,9.293898931199996
lamf-test-fb5bb86a-097c-4cce-b52f-faf7de14091c,"{<resource_manager.instance.OnPremInstance object at 0x1285afb60>: [(5, 80185.728, 82195.728), (2, 82195.728, None)]}",310.7135837098068,147032.93302855274,80185.728,19236.13129765851,2,8.04361448171935,80185.728,94322.37999999999,True,41.00955123008809,54.92297133248808,13.91342010239999
lamf-test-ab19fe1e-973b-44c8-a2b5-9c88f8dd630c,"{<resource_manager.instance.OnPremInstance object at 0x1285afb60>: [(5, 80245.728, 82735.728), (1, 82735.728, None)]}",310.22675767562004,147048.01188358106,80245.728,19232.89975832251,3,18.9368012776637,80245.728,121331.366,True,77.64185565442237,98.34596642722236,20.704110772799996
lamf-test-b4f2a445-161d-42de-8bf2-99cedcdf1a1d,"{<resource_manager.instance.OnPremInstance object at 0x1285afb60>: [(2, 80425.728, None)]}",317.30210148260704,147056.38137527503,80425.728,19285.122146192516,2,,80425.728,98714.052,True,49.7162557495403,64.5517441783403,14.835488428799994
lamf-test-ffa00229-4854-4a3b-9050-ac62a552280b,"{<resource_manager.instance.OnPremInstance object at 0x1285afb60>: [(2, 80455.728, None)]}",328.09484391630104,147080.60218750392,80455.728,19238.97976745751,3,,80455.728,112567.795,True,97.68671990265418,123.73602865305418,26.049308750399994
lamf-test-38119ffa-10d5-4f96-9e4f-d7aa2d684f4c,"{<resource_manager.instance.OnPremInstance object at 0x1285afb60>: [(5, 80905.728, None)]}",315.0920376046709,147089.5878812367,80905.728,19233.89975832251,2,34.65986276936013,80905.728,96416.00248673437,True,62.06898929200933,93.52382595110663,31.454836659097303
lamf-test-4bdc3b38-4b50-41c5-90d1-8319dfa6ef3f,"{<resource_manager.instance.CloudReservedInstance object at 0x1285ea3f0>: [(3, 80965.728, None)], <resource_manager.instance.CloudReservedInstance object at 0x1285afe00>: [(1, 80965.728, None)], <resource_manager.instance.CloudOnDemandInstance object at 0x12879d090>: [(1, 80965.728, None)]}",321.16833722466623,147112.35644130345,80965.728,19270.178622775515,2,,80965.728,147127.75644130347,False,410.99800495696843,,
lamf-test-10d63afb-c09f-4af6-a622-71a25fae2fdf,"{<resource_manager.instance.OnPremInstance object at 0x1285afb60>: [(4, 81655.728, 84655.728), (1, 84655.728, None)]}",310.7244065884292,147193.89364935574,81655.728,19843.05679245551,2,10.926483623213857,81655.728,147209.29364935576,False,137.84994818185066,,
lamf-test-068fc1f2-6deb-41a2-ae15-564e581e4490,"{<resource_manager.instance.OnPremInstance object at 0x1285afb60>: [(3, 81685.728, None)]}",318.6864958169501,147232.99404648173,81685.728,19870.45466311451,1,,81685.728,95309.871,True,108.7942060232717,125.3720632256717,16.577857202399997
lamf-test-8af4e2ac-cf32-4cee-877b-e9f4b759f7f3,"{<resource_manager.instance.CloudReservedInstance object at 0x1287a4710>: [(1, 82045.728, None)], <resource_manager.instance.CloudOnDemandInstance object at 0x1285ea520>: [(3, 82045.728, None)]}",289.77114078776196,147234.19248731463,82045.728,19859.42965631051,3,,82045.728,104290.64730740283,True,135.340599634362,250.25340379254354,114.91280415818153
lamf-test-f3dda1e4-5862-4683-8e1d-465d2dca42c3,"{<resource_manager.instance.OnPremInstance object at 0x1285afb60>: [(4, 82105.728, 83605.728), (1, 83605.728, None)]}",305.16980399325007,147442.71852456246,82105.728,19873.595223389508,1,15.856719142140086,82105.728,146688.88900000002,True,193.3665645296221,221.38669463122213,28.020130101600007
lamf-test-b284ea68-a93a-41ac-9d3b-a2d0c0674e21,"{<resource_manager.instance.OnPremInstance object at 0x1285afb60>: [(2, 82195.728, None)]}",312.0323931368153,147453.62898780045,82195.728,19831.816573346514,1,,82195.728,100499.452,True,98.83370628945168,113.68168719825168,14.847980908800002
lamf-test-bc23b10d-c69c-4408-9782-8739fbb3209f,"{<resource_manager.instance.OnPremInstance object at 0x1285afb60>: [(3, 82735.728, 86286.264), (1, 86286.264, None)]}",310.0193593332558,147492.38921687496,82735.728,19849.85161167851,1,28.35244353182746,82735.728,144912.844,True,193.32190584835348,221.42113890115348,28.099233052799995
lamf-test-274e2f12-b4e9-499b-9b88-36da25e54e24,"{<resource_manager.instance.OnPremInstance object at 0x1285afb60>: [(5, 82825.728, None)]}",331.60036141298406,147583.11094665123,82825.728,19836.115567655514,1,200.67084280173358,82825.728,102734.32322124288,True,261.9352782169761,302.30990932565663,40.37463110868056
lamf-test-88d97e0c-88fe-4c62-bc84-030e5f7776f1,"{<resource_manager.instance.OnPremInstance object at 0x1285afb60>: [(3, 83005.728, None)]}",304.4592028444548,147663.31782900557,83005.728,20478.54873006051,1,,83005.728,98100.098,True,120.5345539584759,138.9013833744759,18.366829415999995
lamf-test-5168b562-8a76-449b-98c0-cc2731c9ca3c,"{<resource_manager.instance.OnPremInstance object at 0x1285afb60>: [(2, 83545.728, None)]}",309.5107801118846,147674.00803419072,83545.728,19846.95273002051,1,,83545.728,101346.54299999999,True,96.11817362537069,110.55819475337067,14.440021127999989
lamf-test-9bda5a96-e4e1-4b91-bbbb-1dacf1ed28b2,"{<resource_manager.instance.OnPremInstance object at 0x1285afb60>: [(6, 83845.728, 87826.79999999999), (2, 87826.79999999999, None)]}",334.4551264679061,147679.97707959713,83845.728,19884.39516843851,3,36.331937029431764,83845.728,128633.229,True,160.46739676020982,203.2579087842098,42.79051202399998
lamf-test-72ac3048-5fdb-4c21-afcd-eed6fe82e6d1,"{<resource_manager.instance.OnPremInstance object at 0x1285afb60>: [(3, 84325.728, None)]}",305.99164294117367,147719.56143790454,84325.728,19889.268851108507,1,,84325.728,87815.29100000001,True,27.86554985169982,32.11165011009983,4.246100258400012
lamf-test-f483d0b8-ba08-4711-99f9-47af2ee222a5,"{<resource_manager.instance.CloudReservedInstance object at 0x1287a4710>: [(3, 84385.728, None)]}",312.7927875459608,147805.902822605,84385.728,19838.383876982512,2,,84385.728,137122.13798194862,True,170.1161633906888,342.9439261835308,172.82776279284198
lamf-test-9f4c8a2a-2fe4-4712-9592-1f90f46792d9,"{<resource_manager.instance.OnPremInstance object at 0x1285afb60>: [(5, 84685.728, None)]}",322.9477688777042,147913.17750035803,84685.728,20483.67318104801,1,133.43206205795087,84685.728,96181.75613274574,True,151.25202425773912,174.56596931094748,23.313945053208347
lamf-test-fd42a6f7-5546-4968-b0ee-4f887fda9461,"{<resource_manager.instance.OnPremInstance object at 0x1285afb60>: [(5, 85165.728, None)]}",313.44017426263486,148002.14776116997,85165.728,20438.26407570551,1,221.1955975359339,85165.728,117765.30399999999,True,428.9091678454633,495.02110797346324,66.11194012799997
lamf-test-d2030552-fada-4868-9884-3081a3d5e562,"{<resource_manager.instance.OnPremInstance object at 0x1285afb60>: [(4, 85225.728, None)]}",335.70235460840024,148082.2318606019,85225.728,20448.83239416351,3,99.3666073465661,85225.728,106723.406,True,130.7942991862499,165.6721319734499,34.8778327872
lamf-test-a7dc0f00-a53e-4f14-ba21-5c93f2b6c280,"{<resource_manager.instance.OnPremInstance object at 0x1285afb60>: [(4, 85525.728, None)]}",278.74097160023985,148097.93599506622,85525.728,20477.54873006051,2,85.52770614972373,85525.728,112678.005,True,98.89296999115544,142.94482419595545,44.0518542048
lamf-test-292ff255-562b-496c-972f-f8340f6cddab,"{<resource_manager.instance.OnPremInstance object at 0x1285afb60>: [(2, 85555.728, None)]}",321.5271161172489,148230.82656717897,85555.728,20486.300181551007,1,,85555.728,118427.81299999998,True,177.49775914518204,204.16359449718203,26.66583535199998
lamf-test-ea317cde-8e65-4009-bbcb-6720d6ab3fc4,"{<resource_manager.instance.OnPremInstance object at 0x1285afb60>: [(5, 85825.728, None)]}",322.00845242777757,148275.34078009182,85825.728,20444.44346310051,2,38.66380598283351,85825.728,98711.62735398863,True,51.56676947946316,77.6993733693521,26.132603889888937
lamf-test-a13d6194-2358-4887-a070-b00cd35c865e,"{<resource_manager.instance.CloudOnDemandInstance object at 0x1285ea8b0>: [(2, 85855.728, None)], <resource_manager.instance.CloudOnDemandInstance object at 0x1285ea520>: [(1, 85855.728, None)]}",302.61921821621866,148354.4401254902,85855.728,20451.68098635751,2,,86256.264,137606.97658493562,True,245.68937383340824,546.7470873514127,301.05771351800445
lamf-test-7bd8b2d3-250f-4731-829c-d7a0653ffcb3,"{<resource_manager.instance.OnPremInstance object at 0x1285afb60>: [(4, 86286.264, None)]}",301.8009690341694,148383.4549503245,86286.264,20458.29346805351,3,,86286.264,92466.87199999999,True,37.603516617233204,47.63093503643319,10.027418419199988
lamf-test-1e1b6610-69b2-4869-80ff-74a807042404,"{<resource_manager.instance.CloudReservedInstance object at 0x1285ea650>: [(1, 86706.264, None)], <resource_manager.instance.CloudOnDemandInstance object at 0x1285ea8b0>: [(4, 86706.264, None)]}",310.82543279392,148394.34827398817,86706.264,20439.26407570551,3,,86706.264,148409.7482739882,False,422.33733247082955,,
lamf-test-8b57f8ca-98cc-4c1b-8aa2-5b91c1f45b09,"{<resource_manager.instance.OnPremInstance object at 0x1285afb60>: [(2, 86736.264, None)]}",306.9047417051023,148427.2448232596,86736.264,20450.68098635751,2,,86736.264,108268.35099999998,True,58.5343273726642,76.00115634706418,17.466828974399988
lamf-test-9953a2a0-1d7c-4068-bf98-538acafc2ac3,"{<resource_manager.instance.CloudOnDemandInstance object at 0x1285ea8b0>: [(1, 87126.264, None)], <resource_manager.instance.CloudOnDemandInstance object at 0x12879d590>: [(4, 87126.264, None)], <resource_manager.instance.CloudOnDemandInstance object at 0x12879d090>: [(1, 87126.264, None)]}",299.47595690366575,148449.14465599327,87126.264,21052.998046940007,2,363.0189591935233,87526.79999999999,148464.5446559933,False,369.48845728433605,,
lamf-test-aa0c06ad-8e28-471d-8a21-4c2106849993,"{<resource_manager.instance.OnPremInstance object at 0x1285afb60>: [(4, 87556.79999999999, 90556.79999999999), (1, 90556.79999999999, None)]}",297.7430444733612,148479.72016240374,87556.79999999999,20443.44346310051,1,31.713438284280173,87556.79999999999,148495.12016240376,False,194.74620473107763,,
lamf-test-8c42c6bf-e604-4e96-bc18-75bc6db194f5,"{<resource_manager.instance.OnPremInstance object at 0x1285afb60>: [(2, 87586.79999999999, None)]}",304.5244415439068,148494.07703205867,87586.79999999999,21042.87634593501,2,,87586.79999999999,93560.10799999998,True,16.23825716335596,21.08380461295595,4.845547449599992
lamf-test-72359355-373b-4aa6-9d80-111deeae4206,"{<resource_manager.instance.OnPremInstance object at 0x1285afb60>: [(4, 87826.79999999999, None)]}",293.68085416171726,148561.57357543835,87826.79999999999,21098.881615253005,3,130.33148072096722,87826.79999999999,121574.38599999997,True,205.3241219864627,260.07620551286266,54.75208352639997
lamf-test-aa966776-8b52-45e3-81e8-3d502aee1701,"{<resource_manager.instance.OnPremInstance object at 0x1285afb60>: [(3, 87856.79999999999, None)]}",277.6854198628887,148609.49847610533,87856.79999999999,21099.927074930005,1,100.78428473648175,87856.79999999999,104667.19699999999,True,134.23771275382157,154.69260382342156,20.4548910696
lamf-test-096a164d-3416-42b7-999a-d92269a9a7ca,"{<resource_manager.instance.OnPremInstance object at 0x1285afb60>: [(6, 89176.79999999999, 94167.33599999998), (1, 94167.33599999998, None)]}",310.89137174012484,148655.58693435724,89176.79999999999,20480.54873006051,3,45.54447638603689,89176.79999999999,148670.98693435726,False,128.44606728170544,,
lamf-test-6a7cd0bb-34c7-4263-9cc7-17fa07eb0a15,"{<resource_manager.instance.OnPremInstance object at 0x1285afb60>: [(4, 90496.79999999999, 94467.33599999998), (1, 94467.33599999998, None)]}",298.21973828332,148679.9155612287,90496.79999999999,21087.162825443007,1,41.97311613050414,90496.79999999999,116993.677,True,105.36003658072853,120.93851809672853,15.578481515999993
lamf-test-9805f54e-1cae-487c-b904-2cb93c2a7afb,"{<resource_manager.instance.OnPremInstance object at 0x1285afb60>: [(3, 90556.79999999999, None)]}",328.01417674151406,148719.8123110261,90556.79999999999,21074.672869422007,3,21.129527720739183,90556.79999999999,98223.03499999999,True,34.98167921514944,44.30995396314944,9.328274748000002
lamf-test-e0a17229-9bf9-416c-a5a2-49e15e4b17e7,"{<resource_manager.instance.OnPremInstance object at 0x1285afb60>: [(2, 90796.79999999999, None)]}",300.8789137634496,148722.29577842797,90796.79999999999,20494.46670818401,3,,90796.79999999999,110850.95999999998,True,61.00588637919229,77.27382097119228,16.267934591999992
lamf-test-47c1fe4b-c260-4538-9b53-fe9eeae00c5f,"{<resource_manager.instance.OnPremInstance object at 0x1285afb60>: [(2, 91396.79999999999, None)]}",307.40827687661385,148766.85698189057,91396.79999999999,21084.426871420008,3,,91396.79999999999,133405.347,True,127.79237052247323,161.86970384887326,34.077333326400016
lamf-test-8f5d07e8-2d0c-4ca5-874d-d1e790990809,"{<resource_manager.instance.OnPremInstance object at 0x1285afb60>: [(6, 92056.79999999999, 94047.33599999998), (1, 94047.33599999998, None)]}",302.97405507839164,148858.6716971899,92056.79999999999,21040.87634593501,1,31.3362956878849,92056.79999999999,148874.0716971899,False,185.61336776910989,,
lamf-test-9293cd6c-713f-41c3-8b50-410b94532b8e,"{<resource_manager.instance.OnPremInstance object at 0x1285afb60>: [(4, 92536.79999999999, 95037.33599999998), (1, 95037.33599999998, None)]}",276.94819521132933,148879.791278024,92536.79999999999,21088.517820035006,2,9.107355217752202,92536.79999999999,148934.108,False,118.46586995235366,,
lamf-test-fd11e4ea-cdef-4f38-a062-f8e8f6529d33,"{<resource_manager.instance.OnPremInstance object at 0x1285afb60>: [(6, 92956.79999999999, 96937.87199999997), (2, 96937.87199999997, None)]}",323.9849795842166,148983.40564064667,92956.79999999999,21041.87634593501,1,62.6725913757698,92956.79999999999,122937.83999999998,True,203.06332283823846,233.84283369903844,30.779510860799974
lamf-test-ca0b2ac7-3ce2-4e8c-a6e1-096d01ef9a8a,"{<resource_manager.instance.OnPremInstance object at 0x1285afb60>: [(6, 93196.79999999999, None)]}",322.6901850057595,149049.7163293799,93196.79999999999,21079.88638249301,1,171.29682135523592,93196.79999999999,108839.84799999998,True,246.26290485968508,284.3318264724851,38.06892161279999
lamf-test-2ef3ba74-0be9-4758-9e8b-663933377574,"{<resource_manager.instance.CloudReservedInstance object at 0x1285ea3f0>: [(2, 93226.79999999999, None)], <resource_manager.instance.CloudOnDemandInstance object at 0x12879d590>: [(2, 93226.79999999999, None)]}",315.97195408362086,149058.82535566846,93226.79999999999,21090.758311973004,3,,93226.79999999999,149074.2253556685,False,254.83652911553042,,
lamf-test-f6c3e1ca-41d1-4659-a1c2-f6d7cca0c5e7,"{<resource_manager.instance.CloudOnDemandInstance object at 0x12879d590>: [(2, 93256.79999999999, None)]}",330.89870791023526,149236.61232725164,93256.79999999999,21642.666178153508,2,,93657.33599999998,149252.01232725166,False,113.6163266393187,,
lamf-test-692078cb-d4fe-44db-acc1-5eececdc7c24,"{<resource_manager.instance.OnPremInstance object at 0x1285afb60>: [(3, 93687.33599999998, None)]}",293.9568407519619,149429.24861225608,93687.33599999998,21684.587647630007,2,,93687.33599999998,115185.01399999998,True,69.34682327485359,95.50519786525359,26.1583745904
lamf-test-dc701733-214d-4503-9e86-a7c5623aa494,"{<resource_manager.instance.OnPremInstance object at 0x1285afb60>: [(2, 93747.33599999998, None)]}",290.04127710324553,149462.56396949675,93747.33599999998,21663.91966430701,2,,93747.33599999998,109352.31499999999,True,42.42166351220627,55.08042247700628,12.658758964800006
lamf-test-5ccd4315-8d5b-4044-a8be-038248a6e5e8,"{<resource_manager.instance.OnPremInstance object at 0x1285afb60>: [(6, 94047.33599999998, 97537.87199999997), (1, 97537.87199999997, None)]}",316.3732896893923,149493.7770589254,94047.33599999998,21699.797656379007,1,54.95025872689927,94047.33599999998,124520.88499999998,True,130.8778183131796,150.3166967955796,19.438878482399986
lamf-test-cb995d16-8bd4-4a69-981f-1cf758860367,"{<resource_manager.instance.OnPremInstance object at 0x1285afb60>: [(5, 94167.33599999998, None)]}",320.1908267325743,149611.49740377025,94167.33599999998,21672.52825860401,3,34.07510837326027,94167.33599999998,103319.19799999999,True,69.60120161228997,88.16117774828999,18.559976136000014
lamf-test-2744811c-a0e4-4a9d-a448-520fba53466a,"{<resource_manager.instance.OnPremInstance object at 0x1285afb60>: [(2, 94227.33599999998, None)]}",316.8459168651483,149617.68772655944,94227.33599999998,21647.08005161701,2,,94227.33599999998,105855.24299999999,True,31.61011354806873,41.04267170646873,9.432558158400004
lamf-test-c609bf72-d17c-450a-8e65-16fe23e38281,"{<resource_manager.instance.OnPremInstance object at 0x1285afb60>: [(2, 94407.33599999998, None)]}",326.56864801291823,149700.07987939878,94407.33599999998,21695.384311781007,3,,94407.33599999998,136638.58299999998,True,128.46983648946687,162.72782405586688,34.257987566400004
lamf-test-0111158b-0edf-40ea-8c3c-c453441d9f4b,"{<resource_manager.instance.OnPremInstance object at 0x1285afb60>: [(2, 94467.33599999998, None)]}",288.9103792556111,149847.05080416112,94467.33599999998,21668.94012204701,3,,94467.33599999998,132306.911,True,115.11012244277134,145.80558568277135,30.69546324000001
lamf-test-aa81efdb-fc5d-4cd5-94a6-0293c55ec5bf,"{<resource_manager.instance.OnPremInstance object at 0x1285afb60>: [(3, 95037.33599999998, None)]}",315.17534780850235,149860.91273861853,95037.33599999998,22250.217009120006,1,,95037.33599999998,113820.86899999998,True,149.99398927675105,172.84979223115104,22.855802954399998
lamf-test-9997ef6b-f372-462c-b591-ebc6c42f345e,"{<resource_manager.instance.OnPremInstance object at 0x1285afb60>: [(6, 95847.33599999998, 99337.87199999997), (1, 99337.87199999997, None)]}",309.99816308035867,149865.10585620478,95847.33599999998,22252.691186977005,3,31.855222450376385,95847.33599999998,137710.69199999998,True,90.22136436230886,114.27994856390885,24.058584201599984
lamf-test-d878f6cc-ec52-4963-a36e-567d3077f66a,"{<resource_manager.instance.OnPremInstance object at 0x1285afb60>: [(6, 96267.33599999998, 99247.87199999997), (1, 99247.87199999997, None)]}",318.40559881515793,149872.27234935868,96267.33599999998,22281.220626827006,2,12.88142910118577,96267.33599999998,131132.957,True,77.57742866469434,97.76345155029433,20.186022885599993
lamf-test-e95a3924-2808-4cd5-8af6-82985caaa091,"{<resource_manager.instance.OnPremInstance object at 0x1285afb60>: [(4, 96447.33599999998, None)]}",315.57124577879193,149943.0984413319,96447.33599999998,22284.285979619006,1,,96447.33599999998,133016.28399999999,True,386.57569183968366,445.9051530748837,59.32946123520001
lamf-test-b6e7251f-5c74-4bdc-b21f-2dc66654db99,"{<resource_manager.instance.CloudOnDemandInstance object at 0x1285ea8b0>: [(3, 96477.33599999998, None)]}",320.3340679876566,149951.00344264024,96477.33599999998,22257.402862801006,3,,96877.87199999997,149966.40344264026,False,244.0751423346579,,
lamf-test-df1d19ca-065c-450e-a725-063e1023eff0,"{<resource_manager.instance.OnPremInstance object at 0x1285afb60>: [(5, 96937.87199999997, None)]}",308.41567960151576,150009.80271876254,96937.87199999997,22278.379016006005,2,60.549352480485524,96937.87199999997,116189.24217699427,True,77.04009947692107,116.0818781958655,39.041778718944435
lamf-test-468c807d-fae3-4ffc-8fac-cef2c72bf30d,"{<resource_manager.instance.OnPremInstance object at 0x1285afb60>: [(6, 97537.87199999997, 99037.87199999997), (1, 99037.87199999997, None)]}",313.1968318342145,150139.36615582602,97537.87199999997,22251.691186977005,2,6.482774793452823,97537.87199999997,105989.52499999998,True,20.58793209360313,27.05792255040313,6.469990456800002
lamf-test-a0b5829d-4134-40de-ab3a-fd1ed034a5b9,"{<resource_manager.instance.OnPremInstance object at 0x1285afb60>: [(3, 98167.87199999997, None)]}",283.38611537295816,150205.02512490522,98167.87199999997,22902.40945457951,1,,98167.87199999997,116736.40499999998,True,148.27712867898708,170.8713196333871,22.594190954400013
lamf-test-8433fa81-6093-4f66-8fcd-c8019d82fc62,"{<resource_manager.instance.OnPremInstance object at 0x1285afb60>: [(2, 98287.87199999997, None)]}",289.2015979209701,150246.83758075075,98287.87199999997,22290.799463633008,1,,98287.87199999997,121033.07699999998,True,122.8161498973306,141.2670601933306,18.450910296
lamf-test-b7f32954-df1d-496f-a3cc-c6c4fa4f08d9,"{<resource_manager.instance.OnPremInstance object at 0x1285afb60>: [(5, 98767.87199999997, None)]}",304.69312328634965,150286.0583983455,98767.87199999997,22854.74560814001,1,279.9857577002052,98767.87199999997,129881.82099999997,True,409.3629307932161,472.46201936521607,63.099088571999985
lamf-test-3f74eedf-69e6-447f-8faf-d6b3b1a74541,"{<resource_manager.instance.OnPremInstance object at 0x1285afb60>: [(2, 98797.87199999997, None)]}",300.3151945622659,150294.6155551976,98797.87199999997,22277.379016006005,3,,98797.87199999997,123251.404,True,74.38902426040009,94.22572941880011,19.836705158400015
lamf-test-ffd1b71e-c754-457f-beb0-15002780a4cd,"{<resource_manager.instance.OnPremInstance object at 0x1285afb60>: [(2, 98827.87199999997, None)]}",333.17802435465063,150423.24436793217,98827.87199999997,22881.94038844251,3,,98827.87199999997,123066.40399999997,True,73.73498212791844,93.39727928631844,19.662297158399994
lamf-test-a7d1927a-cf2d-4926-967f-138bb5393300,"{<resource_manager.instance.OnPremInstance object at 0x1285afb60>: [(6, 99037.87199999997, 100537.87199999997), (1, 100537.87199999997, None)]}",312.0843911485237,150423.90604317174,99037.87199999997,22858.78385147301,2,6.482774793452823,99037.87199999997,110955.98799999997,True,27.621511860911816,35.49749971051182,7.875987849599998
lamf-test-a9c2f748-704b-4cdc-85cd-14af26c3a0f5,"{<resource_manager.instance.OnPremInstance object at 0x1285afb60>: [(4, 99247.87199999997, None)]}",318.66785267265954,150429.989419771,99247.87199999997,22855.74560814001,2,101.54540667014143,99247.87199999997,129528.99499999998,True,110.28873151734152,159.41682547254152,49.12809395520001
lamf-test-fd3332ce-df25-4a32-8132-74451e729842,"{<resource_manager.instance.OnPremInstance object at 0x1285afb60>: [(5, 99337.87199999997, 100837.87199999997), (1, 100837.87199999997, None)]}",314.3128283614734,150462.68525388773,99337.87199999997,22874.163562286507,1,19.735341090577226,99337.87199999997,147083.927,True,149.86721689862352,171.66661680662352,21.799399908000005
lamf-test-d13deae5-f303-4855-93f8-a16639da1c4e,"{<resource_manager.instance.OnPremInstance object at 0x1285afb60>: [(6, 100537.87199999997, None)]}",299.620254990436,150486.55019618667,100537.87199999997,22845.378330870008,2,49.573934432128745,100537.87199999997,113618.58711714984,True,56.53288682786431,88.36611513696023,31.833228309095926
lamf-test-790ebc9f-5e2e-4113-9df6-6e81d9cf4244,"{<resource_manager.instance.OnPremInstance object at 0x1285afb60>: [(3, 100837.87199999997, 102337.87199999997), (1, 102337.87199999997, None)]}",301.00617936440153,150500.3670602133,100837.87199999997,22850.74560814001,1,11.978097193702943,100837.87199999997,106318.27099999998,True,23.178550688265283,26.618200522665283,3.439649834400002
lamf-test-301ed0a6-99cf-4eba-bab7-e5dbbca6ce7c,"{<resource_manager.instance.OnPremInstance object at 0x1285afb60>: [(4, 101047.87199999997, None)]}",322.7128466056759,150516.35728247365,101047.87199999997,22865.74894592651,3,88.40542094455847,101047.87199999997,127152.32299999996,True,158.82242604000294,201.17428734240292,42.351861302399975
lamf-test-218a245a-408e-4403-969e-14eebe33638f,"{<resource_manager.instance.OnPremInstance object at 0x1285afb60>: [(2, 101077.87199999997, None)]}",310.9184525812873,150522.5508985454,101077.87199999997,22848.245067915508,3,,101077.87199999997,143094.119,True,127.8157943569854,161.89937392338544,34.083579566400026
lamf-test-ad16e952-0cca-41c7-9fd4-aa3d76092c2a,"{<resource_manager.instance.OnPremInstance object at 0x1285afb60>: [(2, 101407.87199999997, None)]}",295.4536471781582,150525.34004195503,101407.87199999997,22875.163562286507,1,,101407.87199999997,142218.701,True,220.36419948285055,253.46994396765058,33.10574448480002
lamf-test-f110d8f3-23dd-42e9-8429-8b28407ddd7e,"{<resource_manager.instance.OnPremInstance object at 0x1285afb60>: [(6, 102787.87199999997, None)]}",301.2291020786883,150528.32765606488,102787.87199999997,22853.74560814001,1,,102787.87199999997,112715.15199999997,True,156.2816153319644,180.4406439399644,24.159028608
lamf-test-8293fc83-5d58-4550-955e-87592cc2b6b3,"{<resource_manager.instance.OnPremInstance object at 0x1285afb60>: [(6, 103387.87199999997, None)]}",333.7462784146,150641.21070700808,103387.87199999997,22852.74560814001,3,97.01607118412039,103387.87199999997,115327.01754057979,True,108.95866338653724,138.01376797409227,29.05510458755505
lamf-test-f16665ee-edca-44bc-8667-81b0b7135bf5,"{<resource_manager.instance.OnPremInstance object at 0x1285afb60>: [(3, 103417.87199999997, None)]}",311.6491108609515,150732.070579533,103417.87199999997,22862.93870365301,2,98.06550258371273,103417.87199999997,137510.775,True,109.97627368256829,151.46051805296833,41.48424437040003
lamf-test-392c05ba-10be-4e78-a3a0-52bfeef6fc2d,"{<resource_manager.instance.CloudReservedInstance object at 0x1287a4710>: [(1, 104347.87199999997, None)], <resource_manager.instance.CloudOnDemandInstance object at 0x1285ea520>: [(2, 104347.87199999997, None)]}",321.5347583668584,150773.00420921427,104347.87199999997,22908.52250219951,1,,104347.87199999997,150788.4042092143,False,381.44174299149336,,
lamf-test-f4699487-e2f2-4f73-9c8b-3bed156050c7,"{<resource_manager.instance.OnPremInstance object at 0x1285afb60>: [(3, 104707.87199999997, None)]}",295.77899706678875,150776.15351207484,104707.87199999997,22861.93870365301,2,,104707.87199999997,116335.77899999998,True,37.50909339071101,51.65793062831102,14.14883723760001
lamf-test-d2d7cb5f-b6d4-4643-85b6-7c5def471a4e,"{<resource_manager.instance.CloudReservedInstance object at 0x1285ea3f0>: [(1, 105247.87199999997, None)], <resource_manager.instance.CloudOnDemandInstance object at 0x1285ea520>: [(3, 105247.87199999997, None)]}",304.94728314192844,150861.28258054407,105247.87199999997,22860.93870365301,1,,105247.87199999997,150876.6825805441,False,492.7592290240524,,
lamf-test-48b882cf-9036-46be-bc48-393458a804a5,"{<resource_manager.instance.CloudOnDemandInstance object at 0x1285ea520>: [(3, 105277.87199999997, None)]}",302.75177020472233,150877.60992434493,105277.87199999997,23490.781255532507,1,,105678.40799999997,150893.00992434495,False,364.2550370413129,,
lamf-test-99025f0c-24c1-4390-aabb-11e1215ca402,"{<resource_manager.instance.OnPremInstance object at 0x1285afb60>: [(4, 105918.40799999997, None)]}",311.1930919467007,150925.1277726146,105918.40799999997,23505.767430837506,1,70.40383299110199,105918.40799999997,115770.85999999997,True,104.15170948361097,120.13632760841098,15.984618124800008
lamf-test-3db3ef42-5e5e-4b66-b377-23e8be44e0c4,"{<resource_manager.instance.OnPremInstance object at 0x1285afb60>: [(3, 106758.40799999997, None)]}",310.51400717904033,150945.355088271,106758.40799999997,23450.58554786951,2,51.967348425159756,106758.40799999997,135684.221,True,93.30836763823815,128.50529689663819,35.19692925840003
lamf-test-0c9d7093-d308-489f-9f7c-949564b43da8,"{<resource_manager.instance.OnPremInstance object at 0x1285afb60>: [(3, 106788.40799999997, None)]}",341.93839758920444,150972.86275339898,106788.40799999997,23456.708545895508,3,,106788.40799999997,131737.14899999998,True,113.8432169746749,144.20084502347493,30.357628048800013
lamf-test-8add939b-0d3e-460d-9871-cabe0ac805f6,"{<resource_manager.instance.CloudReservedInstance object at 0x1285afe00>: [(2, 108198.40799999997, None)]}",308.8827630823316,150988.60558891553,108198.40799999997,23464.964849102507,1,,108198.40799999997,151004.00558891555,False,157.34559409822697,,
lamf-test-8d9e2b15-af68-4d53-96f3-d2ed88fe313d,"{<resource_manager.instance.OnPremInstance object at 0x1285afb60>: [(6, 108918.40799999997, 111918.40799999997), (2, 111918.40799999997, None)]}",290.64783908667005,151009.43467929278,108918.40799999997,23455.35506779151,3,27.37850787132101,108918.40799999997,151024.8346792928,False,146.34246461112733,,
lamf-test-b3e3f869-98f2-4ec8-bbf6-0c042404572c,"{<resource_manager.instance.OnPremInstance object at 0x1285afb60>: [(4, 108978.40799999997, None)]}",313.64851936596733,151075.9608759719,108978.40799999997,23477.421314867508,2,,108978.40799999997,122091.94199999997,True,47.7616048311527,69.0370023927527,21.2753975616
lamf-test-be918503-1360-4f36-b485-22f30f9e797e,"{<resource_manager.instance.CloudReservedInstance object at 0x1285afe00>: [(1, 109008.40799999997, None)], <resource_manager.instance.CloudOnDemandInstance object at 0x1285ea520>: [(1, 109008.40799999997, None)]}",285.4277316494616,151138.9829767419,109008.40799999997,22887.862898424508,3,,109008.40799999997,151154.38297674194,False,106.84202848566929,,
lamf-test-8638fd62-6efe-4c20-99a4-4066fa449bb7,"{<resource_manager.instance.OnPremInstance object at 0x1285afb60>: [(2, 109398.40799999997, None)]}",298.8839218054394,151184.81898453558,109398.40799999997,23454.007682834508,3,,109398.40799999997,133134.03099999996,True,72.20510457068976,91.45944194828975,19.25433737759999
lamf-test-ef516eeb-4aa2-4149-84fb-f2df08d8e508,"{<resource_manager.instance.OnPremInstance object at 0x1285afb60>: [(2, 110838.40799999997, None)]}",311.8946764585727,151194.2462581576,110838.40799999997,23469.163942619507,3,,110838.40799999997,144213.402,True,101.52861510381027,128.6024102366103,27.07379513280003
lamf-test-126e2855-07db-43fa-b439-d9b840b19bc8,"{<resource_manager.instance.OnPremInstance object at 0x1285afb60>: [(5, 111018.40799999997, 113028.40799999997), (2, 113028.40799999997, None)]}",318.1127601463231,151235.67827200776,111018.40799999997,23481.928409094508,2,8.04361448171935,111018.40799999997,119492.76099999995,True,25.6167626282257,34.93692578182569,9.32016315359999
lamf-test-41abfa7b-4d2e-4f8d-8223-ac01154402e5,"{<resource_manager.instance.OnPremInstance object at 0x1285afb60>: [(5, 111918.40799999997, None)]}",281.0110578746165,151305.6832829239,111918.40799999997,23493.282502031507,1,82.09901893680127,111918.40799999997,121833.0533539886,True,130.44593856871492,150.55283934660386,20.106900777888935
lamf-test-82c4ab04-3ecb-433b-af0f-ca823445bb19,"{<resource_manager.instance.OnPremInstance object at 0x1285afb60>: [(2, 111948.40799999997, None)]}",315.22781690787207,151341.2587076841,111948.40799999997,23478.421314867508,2,,111948.40799999997,144835.89299999995,True,89.40363344498766,116.08196127698764,26.678327831999987
lamf-test-5092ef74-6b46-43b7-99dd-8d0710db91b8,"{<resource_manager.instance.OnPremInstance object at 0x1285afb60>: [(2, 112638.40799999997, None)]}",322.80175063254035,151349.74668815618,112638.40799999997,23508.427631271505,2,,112638.40799999997,124761.52399999996,True,32.956324239298475,42.79059593849847,9.834271699199995
lamf-test-66cd8497-ae77-462b-b793-0f387087c6da,"{<resource_manager.instance.OnPremInstance object at 0x1285afb60>: [(6, 112758.40799999997, None)]}",301.4980639885899,151382.19578972584,112758.40799999997,23486.509037857508,2,46.546323016991266,112758.40799999997,126130.45665772964,True,57.791986650103034,90.33420426355396,32.54221761345092
lamf-test-19bc22b3-fa83-4e8f-80ba-b5e9bf28dfd3,"{<resource_manager.instance.OnPremInstance object at 0x1285afb60>: [(3, 112788.40799999997, None)]}",295.4218339024769,151406.05976901398,112788.40799999997,23499.840801593506,3,,112788.40799999997,151330.49199999997,True,175.87079169518594,222.76879950638596,46.8980078112
lamf-test-149ce9f5-0d8c-4297-a44f-d357e4f39148,"{<resource_manager.instance.OnPremInstance object at 0x1285afb60>: [(2, 113028.40799999997, None)]}",300.3994249069391,151519.2113175772,113028.40799999997,24080.93025974951,2,,113028.40799999997,149167.356,True,98.24263728526137,127.5585519028614,29.315914617600026
lamf-test-cfddfdef-fe2e-45ad-8560-6fe3d62d6b0a,"{<resource_manager.instance.OnPremInstance object at 0x1285afb60>: [(2, 113058.40799999997, None)]}",315.13941756268656,151568.64207985092,113058.40799999997,23465.964849102507,3,,113058.40799999997,122705.47899999996,True,29.346934367632507,37.1726383628325,7.825703995199997
lamf-test-69086cac-7446-4f6a-8081-52b2794b57e0,"{<resource_manager.instance.OnPremInstance object at 0x1285afb60>: [(5, 113658.40799999997, None)]}",305.46905892401105,151578.43570482096,113658.40799999997,24093.60739910151,1,,113658.40799999997,138895.058,True,332.03593048901087,383.21585668901093,51.17992620000005
lamf-test-bf71bbb6-9331-40ad-a925-11646e59f2d1,"{<resource_manager.instance.OnPremInstance object at 0x1285afb60>: [(3, 113898.40799999997, None)]}",282.21590282196104,151579.64574986201,113898.40799999997,24097.30925102151,1,131.99863107460644,113898.40799999997,145730.26599999997,True,254.19005932010046,292.92306413450046,38.73300481440001
lamf-test-7ebc6423-600b-435f-a9e9-a2b0849ab334,"{<resource_manager.instance.OnPremInstance object at 0x1285afb60>: [(2, 115218.40799999997, None)]}",316.11199289564274,151604.81032657315,115218.40799999997,23513.894012007506,3,,115218.40799999997,142428.194,True,82.77370446421787,104.84628286741788,22.072578403200016
lamf-test-b5a60c8a-d1f9-478b-ae9a-509c17955932,"{<resource_manager.instance.OnPremInstance object at 0x1285afb60>: [(2, 115248.40799999997, None)]}",324.40240962171197,151677.0482330809,115248.40799999997,24066.86937258301,3,,115248.40799999997,137498.40399999998,True,67.68574340254015,85.73494015774017,18.04919675520001
lamf-test-40d5168b-a00e-400f-be31-0989d001eb8a,"{<resource_manager.instance.OnPremInstance object at 0x1285afb60>: [(5, 115398.40799999997, None)]}",309.100009518621,151745.685487642,115398.40799999997,24084.26609506251,1,298.39835728952767,115398.40799999997,143726.60748673437,True,372.7111195684122,430.16070812750957,57.449588559097364
lamf-test-e78e1cc2-6e29-4c61-bc91-985e5bc2f3d3,"{<resource_manager.instance.OnPremInstance object at 0x1285afb60>: [(2, 115818.40799999997, None)]}",302.016014841831,151805.59360944357,115818.40799999997,24056.885150114507,2,,115818.40799999997,138068.40399999998,True,60.48594127937857,78.53513803457858,18.04919675520001
lamf-test-5bc1a782-dd52-49ae-bc07-d0663fcf61e7,"{<resource_manager.instance.OnPremInstance object at 0x1285afb60>: [(2, 115848.40799999997, None)]}",301.43918655680113,151829.06964125327,115848.40799999997,24109.30432888251,3,,115848.40799999997,142282.77599999998,True,80.41483915126629,101.8583984728663,21.443559321600013
lamf-test-1427c66a-6963-488b-ab08-8c64fb5d9b94,"{<resource_manager.instance.OnPremInstance object at 0x1285afb60>: [(2, 116238.40799999997, None)]}",298.2879652023477,151834.65678544733,116238.40799999997,24075.02343853001,3,,116238.40799999997,142185.267,True,78.9318092630619,99.97990128386192,21.04809202080002
lamf-test-d45fbec7-9b0f-4259-abad-f034f5395e54,"{<resource_manager.instance.OnPremInstance object at 0x1285afb60>: [(6, 116358.40799999997, None)]}",280.99105703286153,151839.91884680785,116358.40799999997,24114.97915874151,3,,116358.40799999997,132243.596,True,144.97091489847156,183.62910841527162,38.65819351680006
lamf-test-24897bbd-5428-45bb-8605-42c32b3705e5,"{<resource_manager.instance.OnPremInstance object at 0x1285afb60>: [(4, 116778.40799999997, None)]}",286.04299928912167,151890.08369005576,116778.40799999997,24085.26609506251,1,123.99954369153548,116778.40799999997,131446.273,True,155.05614381321794,178.85328798921796,23.79714417600003
lamf-test-c274bdfc-8db1-4605-b2d9-a7aecde8c778,"{<resource_manager.instance.OnPremInstance object at 0x1285afb60>: [(6, 117798.40799999997, None)]}",265.46601281858847,151949.6634626452,117798.40799999997,24063.86937258301,1,136.48870636550308,117798.40799999997,129649.01499999997,True,186.5598637919234,215.39950098712342,28.839637195200012
lamf-test-40e901f4-82e9-4267-8389-b0ffba33f220,"{<resource_manager.instance.OnPremInstance object at 0x1285afb60>: [(2, 118458.40799999997, None)]}",288.17880631872265,151977.33995785448,118458.40799999997,24061.378770449508,3,,118458.40799999997,151992.7399578545,False,102.013330163068,,
lamf-test-02fe1a43-a736-43c9-9c85-be0376b7fc19,"{<resource_manager.instance.OnPremInstance object at 0x1285afb60>: [(5, 120018.40799999997, None)]}",308.8536180971014,151996.97609924755,120018.40799999997,24106.54146870951,1,213.93109742185715,120018.40799999997,139477.71984072294,True,256.0241043763841,295.4875887893703,39.4634844129862
lamf-test-f8986cb1-d053-4850-bf13-41d00a98cf1e,"{<resource_manager.instance.OnPremInstance object at 0x1285afb60>: [(4, 121638.40799999997, None)]}",287.57775868831527,152084.75445633178,121638.40799999997,24117.525695136508,1,258.59289801505787,121638.40799999997,148222.83299999998,True,281.02784052019183,324.15841164019184,43.13057112000003
lamf-test-b58f906b-2d05-4446-a3bc-51167f13e3e6,"{<resource_manager.instance.OnPremInstance object at 0x1285afb60>: [(6, 121878.40799999997, None)]}",316.2032012612325,152190.25703557715,121878.40799999997,24663.942197328506,3,87.88501026694044,121878.40799999997,133885.597,True,109.5796395163134,138.80033466671352,29.220695150400104
lamf-test-1283a5be-14de-41ee-87aa-766aaeeafbd0,"{<resource_manager.instance.OnPremInstance object at 0x1285afb60>: [(2, 121908.40799999997, None)]}",301.49919325008074,152218.26972067985,121908.40799999997,24698.060772518,1,,121908.40799999997,152233.66972067987,False,163.74580440856897,,
lamf-test-f0315257-5d66-421d-9c01-8e16991d06a5,"{<resource_manager.instance.OnPremInstance object at 0x1285afb60>: [(2, 122118.40799999997, None)]}",305.3642818037283,152240.24134771826,122118.40799999997,24726.350338759003,2,,122118.40799999997,147842.567,True,69.93034833513676,90.79778611593679,20.867437780800035
lamf-test-e6e8ad32-a552-476d-b1c5-243e186072d9,"{<resource_manager.instance.OnPremInstance object at 0x1285afb60>: [(5, 122778.40799999997, None)]}",301.57276338943484,152248.16502932835,122778.40799999997,24733.261157367004,3,61.60164271047228,122778.40799999997,132597.29757523153,True,74.67404042308586,94.58674848165546,19.9127080585696
lamf-test-dc2541ca-2f35-4ff7-a081-304448699c5d,"{<resource_manager.instance.OnPremInstance object at 0x1285afb60>: [(4, 123138.40799999997, None)]}",302.5926540431739,152261.6565007529,123138.40799999997,24688.159517352,2,70.73857944790032,123138.40799999997,148237.206,True,91.41386843645104,132.1341583116511,40.72028987520006
lamf-test-9f0d95ee-6854-40c8-8565-0f4dd00f352a,"{<resource_manager.instance.OnPremInstance object at 0x1285afb60>: [(6, 125058.40799999997, None)]}",320.55973978326983,152272.03811191756,125058.40799999997,24666.493662490506,2,18.151769421667904,125058.40799999997,130373.21027028986,True,22.969777460014086,35.90388026499156,12.934102804977474
lamf-test-839b9375-daf1-448d-ba2a-4e7b8a8c32c7,"{<resource_manager.instance.OnPremInstance object at 0x1285afb60>: [(5, 126258.40799999997, None)]}",301.3962656663327,152275.2409196412,126258.40799999997,24686.159517352,2,77.72350186290466,126258.40799999997,149360.9572212429,True,92.45174103513615,139.3037108558168,46.851969820680644
lamf-test-428a5c4f-d275-462f-92b2-ce62eba8c360,"{<resource_manager.instance.OnPremInstance object at 0x1285afb60>: [(3, 127218.40799999997, None)]}",317.27331098542436,152291.77207437064,127218.40799999997,24684.012952081,2,,127218.40799999997,133894.22499999998,True,21.534730481788035,29.65786460738805,8.123134125600012
lamf-test-56deb4eb-b644-4e7e-85a7-0b42646d64fc,"{<resource_manager.instance.OnPremInstance object at 0x1285afb60>: [(6, 129558.40799999997, None)]}",306.28440469326864,152313.98994196978,129558.40799999997,24703.249997141003,1,117.59753593429159,129558.40799999997,145345.83299999998,True,248.5357802874746,286.95605776747465,38.420277480000046
lamf-test-2bdcc975-2bba-4e1b-b91b-cbf27bbd3d9e,"{<resource_manager.instance.OnPremInstance object at 0x1285afb60>: [(3, 129588.40799999997, None)]}",305.14777040330046,152342.19770065424,129588.40799999997,24667.493662490506,2,6.483821870550658,129588.40799999997,142429.43299999996,True,41.42234762949638,57.04730684949637,15.624959219999994
lamf-test-148cba0e-a0fd-4d8a-bdee-4b95ab96aac5,"{<resource_manager.instance.OnPremInstance object at 0x1285afb60>: [(2, 129678.40799999997, None)]}",312.0707447319161,152369.19835966954,129678.40799999997,24674.895798147503,2,,129678.40799999997,152384.59835966956,False,61.72609185068465,,
lamf-test-83f17b85-900c-4e31-a217-dd0b4f586b8a,"{<resource_manager.instance.OnPremInstance object at 0x1285afb60>: [(5, 129918.40799999997, None)]}",288.7334571232547,152388.28232229286,129918.40799999997,24699.060772518,2,48.02801388692469,129918.40799999997,143980.25099999996,True,56.27265870371334,84.79007630771332,28.517417603999984
lamf-test-7a3c0981-c912-40bd-abf1-e641ec485e3c,"{<resource_manager.instance.OnPremInstance object at 0x1285afb60>: [(4, 129948.40799999997, None)]}",284.5214240267859,152412.23189682278,129948.40799999997,24682.012952081,1,70.72096737394479,129948.40799999997,142931.78999999998,True,137.24922792607816,158.31346688287817,21.06423895680002
lamf-test-f7210e1f-cff9-45ee-8bc0-a8175fe8ebd6,"{<resource_manager.instance.OnPremInstance object at 0x1285afb60>: [(5, 130398.40799999997, None)]}",326.41616010620436,152415.2505177284,130398.40799999997,24675.895798147503,3,33.99498060689026,130398.40799999997,136978.46922124288,True,50.04229387210367,63.3866580287843,13.344364156680623
lamf-test-4074e8ae-38e4-47d8-96f0-2b516c5dbf1c,"{<resource_manager.instance.CloudReservedInstance object at 0x12879d1d0>: [(4, 131058.40799999997, None)], <resource_manager.instance.CloudReservedInstance object at 0x12879cf50>: [(1, 131058.40799999997, None)]}",310.48405344969365,152417.1415078894,131058.40799999997,24673.895798147503,2,73.15236368871892,131058.40799999997,152432.54150788943,False,85.38423397611803,,
lamf-test-abcbfaf9-4394-4781-ad4d-3fb7fa5ff51e,"{<resource_manager.instance.OnPremInstance object at 0x1285afb60>: [(2, 131178.40799999997, None)]}",309.876487988864,152420.20736928523,131178.40799999997,24700.060772518,2,,131178.40799999997,140825.479,True,26.225270783149675,34.0509747783497,7.82570399520002
lamf-test-fcfa61f8-fb72-4399-968e-6a610b0ab0bf,"{<resource_manager.instance.OnPremInstance object at 0x1285afb60>: [(2, 131478.40799999997, None)]}",313.1978271806075,152442.35226199593,131478.40799999997,24671.801944132505,3,,131478.40799999997,152457.75226199595,False,63.82034911246781,,
lamf-test-5fe98500-df89-4426-8e51-1b37ee4edaf5,"{<resource_manager.instance.OnPremInstance object at 0x1285afb60>: [(4, 131778.40799999997, None)]}",303.76251598622537,152493.74278889678,131778.40799999997,24687.159517352,3,46.242518822724115,131778.40799999997,142070.74499999997,True,62.61973990417521,79.31802745297522,16.6982875488
lamf-test-4ba33463-237c-4203-b07d-0e82e6721170,"{<resource_manager.instance.OnPremInstance object at 0x1285afb60>: [(3, 132318.40799999997, None)]}",300.31933938422,152511.00316936965,132318.40799999997,25291.157616969005,3,48.51537303216961,132318.40799999997,152526.40316936967,False,92.21079246803424,,
lamf-test-9ad89462-a613-4c9d-9a32-fabf39e2e806,"{<resource_manager.instance.OnPremInstance object at 0x1285afb60>: [(4, 132348.40799999997, None)]}",296.81691444265005,152617.98781326294,132348.40799999997,24716.870146422003,2,,132348.40799999997,146955.26899999997,True,53.20054250102041,76.89871378742042,23.698171286400008
lamf-test-12a002f4-7e1c-496b-9a4e-a93d4e06b741,"{<resource_manager.instance.OnPremInstance object at 0x1285afb60>: [(4, 132618.40799999997, None)]}",314.11889639051043,152633.74497787253,132618.40799999997,24727.414382392002,3,55.67941592516527,132618.40799999997,152649.14497787255,False,121.8692644482323,,
lamf-test-9ffee495-f8cb-44fb-b137-e305b7d85839,"{<resource_manager.instance.OnPremInstance object at 0x1285afb60>: [(6, 133038.40799999997, None)]}",307.10562435897356,152645.58214213492,133038.40799999997,24705.249997141003,3,,133038.40799999997,138013.59799999997,True,45.40442619210588,57.51204857610588,12.107622384000006
lamf-test-7ba8094d-b37b-4d4a-94ab-43b835082051,"{<resource_manager.instance.OnPremInstance object at 0x1285afb60>: [(5, 133458.40799999997, None)]}",332.19054549183284,152904.08547197765,133458.40799999997,24701.060772518,1,146.59600821355198,133458.40799999997,151549.2345309829,True,238.0190881329416,274.707284337775,36.68819620483341
lamf-test-d212c24c-f064-4abc-b718-e3f5047c2ba0,"{<resource_manager.instance.OnPremInstance object at 0x1285afb60>: [(2, 133938.40799999997, None)]}",293.3563284527143,153297.50944447846,133938.40799999997,25897.007561166003,1,,133938.40799999997,143593.17899999997,True,52.132385808806795,59.9643360440068,7.831950235200006
lamf-test-0cd37ffc-60a0-45ac-a12c-e91d25ec64ae,"{<resource_manager.instance.OnPremInstance object at 0x1285afb60>: [(4, 133968.40799999997, None)]}",319.43122695892134,153541.82829805455,133968.40799999997,25926.950477602,2,51.39870343481179,133968.40799999997,153557.22829805457,False,71.34564139492427,,
lamf-test-41484c5d-dab9-4fc2-841b-978aca5bdeb2,"{<resource_manager.instance.OnPremInstance object at 0x1285afb60>: [(2, 133998.40799999997, None)]}",313.1753681024487,153748.06359913287,133998.40799999997,25875.119694261004,3,,133998.40799999997,142662.76099999997,True,26.357450756711543,33.38597391031155,7.028523153600002
lamf-test-65c75674-6d61-48c2-8e2f-0deaa2e53c50,"{<resource_manager.instance.OnPremInstance object at 0x1285afb60>: [(5, 135918.40799999997, None)]}",310.9138494061531,153767.8173699632,135918.40799999997,25925.950477602,3,50.97075062742392,135918.40799999997,144709.70522124285,True,66.8590556030336,84.68780636771417,17.828750764680574
lamf-test-312a9c71-c247-4c60-8584-abd787ddbb55,"{<resource_manager.instance.CloudReservedInstance object at 0x1287a4710>: [(2, 135948.40799999997, None)]}",292.183210394434,153996.64086476117,135948.40799999997,26487.776345379996,2,,135948.40799999997,154012.0408647612,False,49.10543969312173,,
lamf-test-645d6243-57db-44a7-8643-adaa04af4482,"{<resource_manager.instance.OnPremInstance object at 0x1285afb60>: [(2, 136698.40799999997, None)]}",322.6425482972228,154097.36069570528,136698.40799999997,26483.248217910997,2,,136698.40799999997,153773.61399999997,True,46.418431151596266,60.26983825879627,13.851407107200004
lamf-test-9b31ccd0-de9d-4a37-a3f7-8fd2b636291f,"{<resource_manager.instance.OnPremInstance object at 0x1285afb60>: [(3, 136998.40799999997, None)]}",327.6403585971007,154143.25105714073,136998.40799999997,26482.248217910997,3,,136998.40799999997,154158.65105714076,False,78.30364160228514,,
lamf-test-04b92d0c-09b8-4d57-b497-ad0e8c94db20,"{<resource_manager.instance.CloudReservedInstance object at 0x1287a4710>: [(3, 137178.40799999997, None)], <resource_manager.instance.CloudReservedInstance object at 0x1285afe00>: [(1, 137178.40799999997, None)]}",288.85732232610275,154158.5348524535,137178.40799999997,26495.039378912,2,64.76717585413111,137178.40799999997,154173.93485245353,False,83.88509350198183,,
lamf-test-77e5d9c6-171e-477d-8afc-4f99278cdf05,"{<resource_manager.instance.CloudReservedInstance object at 0x12879cf50>: [(4, 137478.40799999997, None)]}",322.5604323889228,154205.09270588568,137478.40799999997,26526.351414763998,1,34.340022815423126,137478.40799999997,154220.4927058857,False,61.540859440602105,,
lamf-test-23584a84-c1ab-462f-856d-dbafc172fc72,"{<resource_manager.instance.OnPremInstance object at 0x1285afb60>: [(3, 137598.40799999997, None)]}",302.5519454321837,154211.1232638401,137598.40799999997,26515.514362877,2,43.78077815794165,137598.40799999997,154226.52326384012,False,53.63867533021096,,
lamf-test-cde41d2e-d3b7-483c-acf5-fce25843f6ec,"{<resource_manager.instance.CloudReservedInstance object at 0x12879cf50>: [(1, 137958.40799999997, None)], <resource_manager.instance.CloudOnDemandInstance object at 0x1285ea8b0>: [(2, 137958.40799999997, None)], <resource_manager.instance.CloudOnDemandInstance object at 0x12879d090>: [(1, 137958.40799999997, None)], <resource_manager.instance.CloudOnDemandInstance object at 0x1285ea520>: [(1, 137958.40799999997, None)], <resource_manager.instance.CloudOnDemandInstance object at 0x1285afcb0>: [(1, 137958.40799999997, None)]}",306.0420948865999,154316.7388133935,137958.40799999997,26533.718042339,3,,137958.40799999997,154332.1388133935,False,107.92126173048194,,
lamf-test-45c4a9c4-2171-4eea-b952-821722a13bda,"{<resource_manager.instance.OnPremInstance object at 0x1285afb60>: [(2, 137988.40799999997, None)]}",298.1165366351332,154405.4452047468,137988.40799999997,26538.060905200997,1,,137988.40799999997,154420.84520474682,False,88.72941223948789,,
lamf-test-c13983c3-88d3-4223-81f1-3d841bb80c73,"{<resource_manager.instance.OnPremInstance object at 0x1285afb60>: [(2, 138018.40799999997, None)]}",305.7706698908458,154442.9359880432,138018.40799999997,26477.55410818,2,,138018.40799999997,154458.33598804323,False,44.69144708709144,,
lamf-test-78bf4bff-956c-4436-83bb-3c669d0a9c53,"{<resource_manager.instance.OnPremInstance object at 0x1285afb60>: [(6, 138078.40799999997, None)]}",306.11726586615526,154518.42164725767,138078.40799999997,27135.355557288993,3,49.93971252566708,138078.40799999997,154533.8216472577,False,150.17489068909626,,
lamf-test-e33fe393-b630-4b60-808f-c6f040f082e2,"{<resource_manager.instance.CloudOnDemandInstance object at 0x1285afcb0>: [(2, 138108.40799999997, None)]}",327.52562812519227,154560.119324273,138108.40799999997,26476.529165035,2,,138508.94399999996,154575.51932427302,False,37.72518832491443,,
lamf-test-a7c97e24-903a-4dca-ba7e-7021d2a7a153,"{<resource_manager.instance.OnPremInstance object at 0x1285afb60>: [(5, 138928.94399999996, None)]}",272.31748586313887,154560.2862297237,138928.94399999996,27096.164524483993,2,18.854904647256003,138928.94399999996,147830.7341769943,True,35.623168348705846,53.675998827650375,18.052830478944525
lamf-test-d2f5cd50-cfbe-4991-819e-7c0f2710b47f,"{<resource_manager.instance.OnPremInstance object at 0x1285afb60>: [(5, 139528.94399999996, None)]}",311.4299673200502,154686.6449757617,139528.94399999996,27087.793760542994,3,,139528.94399999996,147970.59699999998,True,64.19996197429478,81.31963425829483,17.11967228400004
lamf-test-dc511cd7-1e75-49c2-8aa3-d524b909408f,"{<resource_manager.instance.CloudOnDemandInstance object at 0x1285ea8b0>: [(2, 139648.94399999996, None)], <resource_manager.instance.CloudOnDemandInstance object at 0x1285ea520>: [(2, 139648.94399999996, None)]}",314.927009218563,154711.954687574,139648.94399999996,27098.164524483993,2,,140049.47999999995,154727.35468757403,False,81.9804069569234,,
lamf-test-b990cc86-2c21-4994-9a3c-749243831b25,"{<resource_manager.instance.CloudReservedInstance object at 0x12879d1d0>: [(2, 140589.47999999995, None)], <resource_manager.instance.CloudOnDemandInstance object at 0x12879d590>: [(1, 140589.47999999995, None)], <resource_manager.instance.CloudOnDemandInstance object at 0x12879d090>: [(3, 140589.47999999995, None)]}",310.5105298170665,154733.230030767,140589.47999999995,27112.008750753994,1,,140589.47999999995,154748.63003076703,False,101.22139348179371,,
lamf-test-c5b0481f-991f-4411-b1f4-57a207573df6,"{<resource_manager.instance.OnPremInstance object at 0x1285afb60>: [(2, 140619.47999999995, None)]}",313.8720815034799,154763.82850610177,140619.47999999995,27116.386368561994,1,,140619.47999999995,154779.2285061018,False,76.45768833624082,,
lamf-test-fc29d004-f407-4101-a296-9bd4c445802f,"{<resource_manager.instance.CloudOnDemandInstance object at 0x1285afcb0>: [(3, 140649.47999999995, None)]}",287.35046195532897,154794.8829717959,140649.47999999995,27138.797772603994,1,66.04350992470903,141050.01599999995,154810.2829717959,False,76.46338208209849,,
lamf-test-805d6c2e-fd88-4e3f-a058-f7e8f540eed7,"{<resource_manager.instance.CloudOnDemandInstance object at 0x12879d590>: [(3, 141980.01599999995, None)], <resource_manager.instance.CloudOnDemandInstance object at 0x12879d090>: [(3, 141980.01599999995, None)]}",301.5658399516932,154795.5466098024,141980.01599999995,27139.797772603994,2,,142380.55199999994,154810.94660980243,False,56.92731426205709,,
lamf-test-d6fa2a21-a6b8-4090-9263-4f50b3edb3c2,"{<resource_manager.instance.OnPremInstance object at 0x1285afb60>: [(2, 142410.55199999994, None)]}",330.4100477007284,154905.22786466664,142410.55199999994,27083.616973267995,3,,142410.55199999994,154920.62786466666,False,38.05635672573343,,
lamf-test-7979bb4a-71ea-47f3-84d7-1d24a91cba4c,"{<resource_manager.instance.OnPremInstance object at 0x1285afb60>: [(5, 142440.55199999994, None)]}",311.8838093943903,155121.7508941045,142440.55199999994,27097.164524483993,1,149.5938854665754,142440.55199999994,155137.15089410453,False,167.04780657693323,,
lamf-test-c6476f48-7d2c-41f6-9b97-5a54f98dd980,"{<resource_manager.instance.OnPremInstance object at 0x1285afb60>: [(2, 142470.55199999994, None)]}",292.9421630666556,164003.1254556017,142470.55199999994,36127.373795932996,3,,142470.55199999994,164018.52545560172,False,65.5501512072455,,
