,instances,budget,deadline,sched_start_time,submit_time,exec_start_time,finish_time,complete,cost
lamf-test-ce4837ee-c9b5-4728-816b-793fbe63012e,"{<resource_manager.instance.OnPremInstance object at 0x11406b620>: [(5, 30, 390), (2, 390, None), (3, 3840, None), (1, 5580, None)]}",64.81020493737797,14109.368596154949,30,1.0,30,6281.701999999999,True,8.765101987199998
lamf-test-fdbe52b3-5ac4-4817-bbd7-3ee39ada2008,"{<resource_manager.instance.OnPremInstance object at 0x11406b620>: [(3, 60, 3540), (1, 3540, None), (4, 10500, None), (-1, 15474.288, None), (-2, 17556.432, None), (3, 21546.432, None)]}",309.54978900857253,127525.4419064621,60,40.204237381,60,27010.186,True,34.84054760160001
lamf-test-312a25ed-966e-4a84-89af-21712bfc7175,"{<resource_manager.instance.OnPremInstance object at 0x11406b620>: [(4, 1230, 5700), (1, 5700, None)]}",330.5774711754339,128565.9932075668,1230,1208.038145524,1230,22061.878,True,13.888505716800001
lamf-test-6d60a076-8aec-42f5-ae5c-3923b3793c72,"{<resource_manager.instance.OnPremInstance object at 0x11406b620>: [(5, 1260, 6720), (2, 6720, None), (0, 20616.432, None)]}",295.26855467250385,128861.91929939418,1260,1242.250563421,1260,26576.858999999997,True,27.180764020799998
lamf-test-f42e0220-9054-4dba-814a-9d6b93e25e15,"{<resource_manager.instance.OnPremInstance object at 0x11406b620>: [(2, 6600, 9600), (1, 9600, None), (2, 18546.432, None), (2, 24016.968, None)]}",293.5168981771201,134385.7834422982,6600,6598.939651639,6600,26016.650999999998,True,16.774178147999994
lamf-test-c2212f64-c788-46d9-9572-57170e08d2ac,"{<resource_manager.instance.OnPremInstance object at 0x11406b620>: [(4, 6630, None), (1, 7890, None)]}",57.825321252479114,20765.663184348043,6630,6602.919913975,6630,8363.795,True,3.00508026
lamf-test-0aa73555-99c3-40be-a09f-6bf3df006265,"{<resource_manager.instance.OnPremInstance object at 0x11406b620>: [(6, 6660, None)]}",310.4901833144852,134460.25815736497,6660,6608.840102383,6660,22545.188000000002,True,38.658193516800004
lamf-test-761a035c-9b31-431d-b128-35fe1a248496,"{<resource_manager.instance.OnPremInstance object at 0x11406b620>: [(4, 6690, 19806.432), (2, 19806.432, None), (2, 28898.04, None), (-1, 31398.576, None), (-1, 33888.576, None)]}",281.9460745575701,134579.7076595806,6690,6618.433228387,6690,37371.649,True,38.567382110400004
lamf-test-c947c209-c0e1-414b-aa78-1430406df6ae,"{<resource_manager.instance.OnPremInstance object at 0x11406b620>: [(2, 6720, 7380), (1, 7380, None), (1, 9780, None), (2, 10440, None)]}",91.00759406898061,37682.48871948364,6720,6637.67222023,6720,15716.989999999998,True,10.605612575999997
lamf-test-1b5247ff-56d3-4066-aafc-ee4137f1169c,"{<resource_manager.instance.OnPremInstance object at 0x11406b620>: [(3, 7230, 8190), (2, 8190, None), (1, 12471.072, None), (1, 18066.432, None)]}",98.97570184637311,38564.063113104756,7230,7207.249619884,7230,19352.25,True,13.5354787776
lamf-test-a35e3102-219f-4336-95ce-4d87e6b5e69c,"{<resource_manager.instance.OnPremInstance object at 0x11406b620>: [(6, 7260, 8550), (1, 8550, None), (1, 9990, None), (1, 11280, None)]}",88.24903114605627,38449.585269548734,7260,7241.162494,7260,13823.698000000002,True,7.865027726400004
lamf-test-8d2ae00d-f906-47ac-81a5-138a54772bef,"{<resource_manager.instance.OnPremInstance object at 0x11406b620>: [(2, 7290, 9300), (1, 9300, None), (3, 46689.648, None), (-2, 50679.648, None)]}",310.3508838593914,135061.42032888744,7290,7252.884394726,7290,52680.219,True,24.891992423999998
lamf-test-b41bc5e6-51fb-4710-b8ea-caebbe600cb8,"{<resource_manager.instance.OnPremInstance object at 0x11406b620>: [(6, 7830, 9840), (2, 9840, None)]}",308.5846884800438,135914.00948481914,7830,7813.795728688,7830,15313.935,True,9.331992072
lamf-test-8a5bf643-d5be-430a-ac2f-d8a1f25fa6d3,"{<resource_manager.instance.OnPremInstance object at 0x11406b620>: [(3, 7860, 9870), (1, 9870, None), (1, 12901.608, None)]}",322.3613792231315,135531.58878401035,7860,7824.4299202,7860,26288.533,True,14.534861764799999
lamf-test-cbef53e7-aa65-412f-b9a4-02aefd0bda1b,"{<resource_manager.instance.OnPremInstance object at 0x11406b620>: [(2, 7890, None), (2, 10110, None), (-1, 11550, None), (0, 12040.536, None)]}",89.7921856815224,39074.15894798527,7890,7825.4299202,7890,16057.8,True,9.62221104
lamf-test-decf70b3-3bab-4cf4-b55a-9508b27560e7,"{<resource_manager.instance.OnPremInstance object at 0x11406b620>: [(3, 7920, 11400), (2, 11400, None), (0, 18846.432, None), (0, 21846.432, None), (2, 26836.968, None)]}",317.6420201174764,135423.98751543765,7920,7854.923359046,7920,32301.441,True,25.6224934368
lamf-test-1faee22d-4d95-436a-a021-6148365dd51b,"{<resource_manager.instance.OnPremInstance object at 0x11406b620>: [(2, 8430, None), (3, 18366.432, None), (-1, 23836.968, None)]}",300.8642397517245,135823.6669710621,8430,8408.230614161,8430,27816.651,True,25.611318345600004
lamf-test-585c2356-1279-476b-b41a-cbdb8ebd0ee3,"{<resource_manager.instance.OnPremInstance object at 0x11406b620>: [(4, 8460, 10950), (1, 10950, None), (1, 20886.432, None), (0, 30338.04, None)]}",290.6639501784463,135984.13994257693,8460,8410.254214196,8460,35307.486,True,19.768351823999996
lamf-test-17aa2292-304e-4763-ab73-533f31d66f3d,"{<resource_manager.instance.OnPremInstance object at 0x11406b620>: [(5, 8490, 9780), (2, 9780, None), (2, 11370, None)]}",100.9864715008785,39587.716401169484,8490,8417.983911221001,8490,12805.006000000001,True,6.234081734400003
lamf-test-17be3ad6-6cd4-4c64-93c6-3fc4d170d157,"{<resource_manager.instance.OnPremInstance object at 0x11406b620>: [(2, 8520, 8880), (2, 8880, None), (1, 10050, None), (2, 10770, None), (1, 11980.536, None)]}",64.77903730143166,22404.44129803635,8520,8430.069278621002,8520,13023.581000000002,True,7.110553320000005
lamf-test-410c24b3-e037-404b-8fa3-3b9be7b4adaa,"{<resource_manager.instance.OnPremInstance object at 0x11406b620>: [(5, 8550, 9990), (1, 9990, None)]}",105.56808496111117,39587.726103745284,8550,8431.069278621002,8550,11583.282,True,3.5665551791999994
lamf-test-dbfc6e86-f385-4c1b-a2d1-36902c12232e,"{<resource_manager.instance.OnPremInstance object at 0x11406b620>: [(2, 8580, None), (4, 45189.648, None), (-4, 46689.648, None)]}",332.81097832014945,136235.57733097603,8580,8435.473738779003,8580,51659.174,True,37.3794259488
lamf-test-ee649544-0852-4484-9313-a2ec39aaf5e5,"{<resource_manager.instance.OnPremInstance object at 0x11406b620>: [(4, 8610, 10200), (2, 10200, None), (0, 13051.608, None), (1, 14953.752, None)]}",94.51083597672981,39476.5390002489,8610,8446.186419114003,8610,15445.753999999999,True,7.034527655999999
lamf-test-3e8d9edc-8d07-4ff0-a6aa-1b9473f39dae,"{<resource_manager.instance.OnPremInstance object at 0x11406b620>: [(5, 9030, 9960), (1, 9960, None), (2, 10680, None)]}",46.55013787044631,23204.358777449386,9030,9017.480917770003,9030,13657.294000000002,True,5.800843339200002
lamf-test-8daeea4f-cbbf-4fb6-b9f3-5857c1ab865e,"{<resource_manager.instance.OnPremInstance object at 0x11406b620>: [(4, 9060, 9660), (2, 9660, None), (3, 11980.536, None)]}",56.56222725445129,23238.870020153423,9060,9018.480917770003,9060,12452.464,True,3.8129287872
lamf-test-665b3cd3-6953-4941-a220-b425974f248a,"{<resource_manager.instance.OnPremInstance object at 0x11406b620>: [(3, 9090, 22206.432), (1, 22206.432, None)]}",295.24467469152273,136594.7384080643,9090,9020.802459535003,9090,25195.188,True,17.1723138912
lamf-test-7b6d3b7a-f2bc-4206-bf5c-c8e1aaff27be,"{<resource_manager.instance.OnPremInstance object at 0x11406b620>: [(3, 9120, 9930), (2, 9930, None)]}",57.77199384513077,23202.13613335947,9120,9025.293924655003,9120,10631.369000000002,True,1.554558532800002
lamf-test-e86f1528-c4b7-428d-9220-137c2eee5f81,"{<resource_manager.instance.OnPremInstance object at 0x11406b620>: [(5, 9150, 19806.432), (1, 19806.432, None), (4, 28898.04, None), (-3, 32388.576, None), (1, 34878.576, None)]}",291.443531643958,136974.39112661307,9150,9035.362633906003,9150,38361.022,True,38.63493560159999
lamf-test-905b51bb-7f4b-480b-babc-216c95cb3e5c,"{<resource_manager.instance.OnPremInstance object at 0x11406b620>: [(4, 9180, None), (-2, 10470, None), (1, 11280, None)]}",76.07511246679637,23181.160802526156,9180,9044.249419696003,9180,11868.899000000001,True,3.466540303200002
lamf-test-d53de693-fd3a-47ec-b96e-28dcf292d471,"{<resource_manager.instance.OnPremInstance object at 0x11406b620>: [(4, 9210, 10500), (2, 10500, None), (2, 12901.608, None), (-1, 16605.36, None)]}",82.04480128359563,40211.72616051922,9210,9048.909896794003,9210,18356.075999999997,True,12.180318883199996
lamf-test-d608e81f-e921-488f-9511-ac29f6be8717,"{<resource_manager.instance.OnPremInstance object at 0x11406b620>: [(4, 9600, None)]}",290.8535591080783,137632.0755607205,9600,9597.930019513002,9600,18536.862,True,14.499164908800001
lamf-test-794e981d-7b48-479b-88a9-08c76168b3f4,"{<resource_manager.instance.OnPremInstance object at 0x11406b620>: [(2, 9630, None), (0, 10890, None)]}",55.43753343799916,23777.61050807988,9630,9599.870491453003,9630,13638.055,True,3.251334216
lamf-test-d89dd74a-ca32-43e3-9fdb-057b16e15c3a,"{<resource_manager.instance.OnPremInstance object at 0x11406b620>: [(2, 9660, None), (2, 10830, None), (-2, 12901.608, None)]}",52.589033620058174,23811.245714258017,9660,9603.341079694002,9660,15075.585000000001,True,6.0736109616
lamf-test-9d73df9e-a4e9-43ed-b3cd-731892da568c,"{<resource_manager.instance.OnPremInstance object at 0x11406b620>: [(6, 9690, 11130), (1, 11130, None), (0, 12471.072, None)]}",116.24356079750007,40732.68110556184,9690,9616.830326743002,9690,14379.761999999999,True,4.8224874672
lamf-test-700b88cb-1fe1-443f-85f3-4e83586778d7,"{<resource_manager.instance.OnPremInstance object at 0x11406b620>: [(2, 9720, None)]}",323.88597973304996,136898.2559632897,9720,9620.493344335002,9720,41378.967,True,25.681754030399997
lamf-test-cacf2328-5a7f-4177-ad3a-d6767db7f233,"{<resource_manager.instance.OnPremInstance object at 0x11406b620>: [(5, 9750, 12901.608), (2, 12901.608, 18876.432), (2, 18876.432, None), (1, 23866.968, None), (1, 29828.04, None)]}",299.34289693362723,137553.62096358454,9750,9629.130503485001,9750,31825.396,True,25.78050384
lamf-test-76901c5b-cc70-4a21-8b6a-aa4aa3dedd24,"{<resource_manager.instance.OnPremInstance object at 0x11406b620>: [(2, 9780, None)]}",295.82083300729096,136935.26421371568,9780,9631.505025448001,9780,19427.071,True,7.8257039952
lamf-test-c0570041-d32e-4e8b-8d2d-a250dfe399fc,"{<resource_manager.instance.OnPremInstance object at 0x11406b620>: [(5, 9810, 20946.432), (1, 20946.432, None), (0, 26926.968, None)]}",309.1917473885502,137469.44872179706,9810,9637.468910779002,9810,49228.762265491474,True,34.055997251683344
lamf-test-ca7252f0-85f2-4005-896c-fb17b2f26952,"{<resource_manager.instance.OnPremInstance object at 0x11406b620>: [(6, 9840, 19956.432), (2, 19956.432, None)]}",304.02222934164064,137635.93899508374,9840,9639.284882245001,9840,36317.022999999994,True,37.891060334399995
lamf-test-0ae28a41-e363-4bde-bdce-50f826df3b42,"{<resource_manager.instance.OnPremInstance object at 0x11406b620>: [(4, 9870, 11460), (1, 11460, None), (5, 16665.36, None), (-4, 17646.432, None), (0, 18936.432, None)]}",87.69850691765791,40923.783334658234,9870,9645.990942229002,9870,21474.793999999998,True,10.184014089599996
lamf-test-9da27dae-e6dc-4f47-b706-a6e8a3713464,"{<resource_manager.instance.OnPremInstance object at 0x11406b620>: [(6, 9900, None)]}",296.9549680882063,137411.64216349772,9900,9646.990942229002,9900,14875.189999999999,True,12.107622383999997
lamf-test-50c28631-c9b3-47d9-9e36-b5f64438ea4d,"{<resource_manager.instance.OnPremInstance object at 0x11406b620>: [(6, 9930, 10740), (2, 10740, None), (1, 13972.68, None)]}",57.792712238435485,23544.653108090337,9930,9653.912383733003,9930,14561.007,True,5.3094423096
lamf-test-6ea3ccb6-5ec7-474a-bd76-4c0b7e74a8fd,"{<resource_manager.instance.OnPremInstance object at 0x11406b620>: [(4, 10230, None)]}",318.43627200467716,137707.42636488017,10230,10211.684199521003,10230,19877.071,True,15.6514079904
lamf-test-f6a7b87b-3fe2-4927-871e-a0cac1bfa236,"{<resource_manager.instance.OnPremInstance object at 0x11406b620>: [(3, 10260, 11980.536), (2, 11980.536, None)]}",80.84812600328213,41523.082835506764,10260,10216.972648841003,10260,21662.26,True,9.947362713599999
lamf-test-01aed4d0-4ac3-4934-b29d-300b9eb1cf38,"{<resource_manager.instance.OnPremInstance object at 0x11406b620>: [(6, 10290, None)]}",48.38806555130056,24594.961325106073,10290,10231.370094281003,10290,11222.804,True,2.2700718144000005
lamf-test-f035cec5-13b9-4feb-9d16-93fce26c2cc2,"{<resource_manager.instance.OnPremInstance object at 0x11406b620>: [(3, 10320, 11130), (2, 11130, None), (2, 17556.432, None), (-2, 18936.432, None)]}",59.50673849065216,24439.895260810794,10320,10232.885928542002,10320,19293.388000000003,True,8.727204345600002
lamf-test-7dc86417-03bf-4f7d-b2cc-4f303d7c708b,"{<resource_manager.instance.OnPremInstance object at 0x11406b620>: [(4, 10350, 12901.608), (2, 12901.608, None)]}",122.20824587768153,41573.93874770342,10350,10235.280876146002,10350,16226.408,True,6.836806579199999
lamf-test-6e11c3c3-b9bf-4aa2-897f-6c03a891a9cd,"{<resource_manager.instance.OnPremInstance object at 0x11406b620>: [(5, 10380, 14893.752), (1, 14893.752, 19866.432), (1, 19866.432, None), (0, 28898.04, None)]}",323.10613238146993,137875.44520589744,10380,10240.851446753002,10380,44762.920999999995,True,21.2688240024
lamf-test-c5a6ffed-1196-4516-a2cc-67f21c8eb5f5,"{<resource_manager.instance.OnPremInstance object at 0x11406b620>: [(2, 10410, 15474.288), (2, 15474.288, None)]}",321.906162634098,137942.43696650682,10410,10243.086055649002,10410,21432.698,True,8.9416126176
lamf-test-6718dd63-82fd-49d3-b154-c2385c7724e4,"{<resource_manager.instance.CloudReservedInstance object at 0x11426c3b0>: [(4, 10440, None)]}",53.92864783453742,24349.850200842302,10440,10247.091059081002,10440,15614.123339336895,True,22.608849343566494
lamf-test-93fc33e5-0604-48d1-8efe-1dfc9145e379,"{<resource_manager.instance.CloudReservedInstance object at 0x11426c3b0>: [(2, 10470, None), (-3, 21936.432, None)], <resource_manager.instance.CloudReservedInstance object at 0x114265310>: [(3, 10470, None)]}",318.63019504491797,137964.11582213803,10470,10248.884778896001,10470,33390.65273022569,True,35.58827829341641
lamf-test-561c40aa-4fd2-4142-aa20-b41c53e185e4,"{<resource_manager.instance.CloudReservedInstance object at 0x114265310>: [(2, 10500, None)], <resource_manager.instance.CloudOnDemandInstance object at 0x11406bb60>: [(1, 16605.36, None)], <resource_manager.instance.CloudReservedInstance object at 0x11426c3b0>: [(-1, 33048.576, None)]}",92.22367706149063,41527.73637306012,10500,10250.481179114002,10500,38467.114123048384,True,50.029903078252715
lamf-test-d81c27cf-4838-43c5-ac8d-f0f7d5a86a71,"{<resource_manager.instance.CloudReservedInstance object at 0x114265310>: [(1, 10830, None)], <resource_manager.instance.CloudReservedInstance object at 0x114265090>: [(3, 10830, 20016.432), (1, 20016.432, None)], <resource_manager.instance.CloudReservedInstance object at 0x11426c3b0>: [(2, 92861.256, None), (2, 100331.256, None), (-4, 111521.256, None)]}",313.16578296695053,138519.69170153968,10830,10808.591069693002,10830,119931.70929727844,True,153.18492090991037
lamf-test-92b10550-cff6-47f7-a077-4b4db1587046,"{<resource_manager.instance.CloudReservedInstance object at 0x114265090>: [(3, 10860, None), (1, 20046.432, None)], <resource_manager.instance.CloudReservedInstance object at 0x1140823f0>: [(1, 10860, 12961.608)], <resource_manager.instance.CloudReservedInstance object at 0x114265310>: [(1, 20046.432, None)], <resource_manager.instance.CloudOnDemandInstance object at 0x11406bb60>: [(1, 20046.432, None)], <resource_manager.instance.CloudReservedInstance object at 0x11406be00>: [(1, 21696.432, None)]}",81.64667311738593,41957.011445352706,10860,10824.876839045002,10860,24955.72250994919,True,32.61658983109786
lamf-test-29b14cf4-c2e0-462e-a5b2-16a34ab23f1f,"{<resource_manager.instance.CloudReservedInstance object at 0x1140823f0>: [(2, 10890, None)]}",89.42960233211319,41916.34133979696,10890,10835.931038393002,10890,25034.7263549733,True,16.600250850196662
lamf-test-0ee3ab93-6383-46f5-aeca-265dafdbd84c,"{<resource_manager.instance.CloudReservedInstance object at 0x1140823f0>: [(3, 10920, None)], <resource_manager.instance.CloudReservedInstance object at 0x11406be00>: [(2, 10920, 11980.536)]}",39.66592451958817,24975.629902582245,10920,10846.725240101003,10920,14853.299315474018,True,8.45644252776046
lamf-test-3484ce7d-9fee-4f95-9c2d-f871cc58413f,"{<resource_manager.instance.OnPremInstance object at 0x11406b620>: [(3, 10950, 12471.072), (2, 12471.072, None)]}",280.48808000057255,138578.60690093215,10950,10848.903456794003,10950,41944.157999999996,True,25.759407772799996
lamf-test-0ab21652-7e84-40ef-afc1-d04cb7c18425,"{<resource_manager.instance.CloudReservedInstance object at 0x11406be00>: [(2, 10980, 13051.608), (2, 13051.608, None)]}",99.9394489602227,42118.56977495851,10980,10849.903456794003,10980,17190.98426808556,True,8.97363007053002
lamf-test-107c896d-ee0f-4ca2-89f1-19c67b8002a2,"{<resource_manager.instance.OnPremInstance object at 0x11406b620>: [(2, 11400, None)]}",98.1671155759394,42625.70195326623,11400,11398.072671519003,11400,14321.226000000002,True,2.369698531200002
lamf-test-34f82a8b-288c-437f-910d-553d4a2c7dfc,"{<resource_manager.instance.OnPremInstance object at 0x11406b620>: [(2, 11430, None)]}",332.1651620956545,139198.88118384604,11430,11404.505174064003,11430,21084.771,True,7.831950235200001
lamf-test-aa879c60-c521-40a2-972a-cf0714098824,"{<resource_manager.instance.OnPremInstance object at 0x11406b620>: [(2, 11460, None)]}",56.99333448866139,25625.993051533922,11460,11408.618873799003,11460,19315.119,True,6.372072532799999
lamf-test-cfb32c98-2421-4b31-9da7-090b5212bb9a,"{<resource_manager.instance.OnPremInstance object at 0x11406b620>: [(6, 11490, 15474.288), (1, 15474.288, None), (1, 19446.432, None), (1, 29858.04, None)]}",311.65623815536327,138934.78750517635,11490,11424.822235923004,11490,34333.113999999994,True,25.19843133599999
lamf-test-2e0bd3ff-93cb-46df-ab43-ee2f13d4c7e1,"{<resource_manager.instance.CloudReservedInstance object at 0x11406be00>: [(2, 11520, None)], <resource_manager.instance.CloudReservedInstance object at 0x114082650>: [(1, 11520, None)]}",316.2487464140096,139137.21214553597,11520,11433.936111510004,11520,36457.65569599012,True,63.271820031866135
lamf-test-75f66efa-1a77-47ea-a0c6-c0317f11e7c2,"{<resource_manager.instance.CloudOnDemandInstance object at 0x1140828b0>: [(5, 11550, None)], <resource_manager.instance.CloudReservedInstance object at 0x11426c3b0>: [(-4, 49839.648, None)]}",323.850834844211,139490.26834558113,11550,11434.936111510004,11950.536,56957.57201181866,True,475.1465395977234
lamf-test-c1ff5343-c068-4179-8505-1de35f1c5237,"{<resource_manager.instance.CloudReservedInstance object at 0x1140823f0>: [(3, 11980.536, None)], <resource_manager.instance.CloudReservedInstance object at 0x11406be00>: [(1, 11980.536, None)], <resource_manager.instance.CloudReservedInstance object at 0x11426c3b0>: [(-3, 27616.968, None), (-1, 51819.648, None)], <resource_manager.instance.CloudOnDemandInstance object at 0x11406bb60>: [(2, 40449.648, None)], <resource_manager.instance.CloudOnDemandInstance object at 0x1140828b0>: [(1, 57770.184, None)]}",328.6266875432299,139110.6870268815,11980.536,11435.936111510004,11980.536,78760.83130933896,True,145.94846411824557
lamf-test-c8383b87-eaaf-4727-8a38-364a265a9c1b,"{<resource_manager.instance.OnPremInstance object at 0x11406b620>: [(2, 12010.536, 13542.144), (2, 13542.144, None), (0, 20406.432, None), (1, 24736.968, None)]}",87.74670802746411,42454.6364388233,12010.536,11439.490283891004,12010.536,25382.054,True,11.108622283199999
lamf-test-a5bf6748-f8d5-4a59-badc-d9816f45493a,"{<resource_manager.instance.CloudOnDemandInstance object at 0x1140828b0>: [(2, 12040.536, 15594.288), (1, 15594.288, None)]}",54.40376906069801,26159.48465212257,12040.536,12003.095046026005,12441.072,15603.68755955793,False,
lamf-test-9d2ced27-20c6-49c1-84d1-76444fddb91f,"{<resource_manager.instance.CloudOnDemandInstance object at 0x1140828b0>: [(3, 12471.072, None)], <resource_manager.instance.CloudReservedInstance object at 0x11426c3b0>: [(-1, 34188.576, None)]}",313.4023701696379,139670.82380110797,12471.072,12007.911019739005,12871.608,84122.14770129946,True,424.755272069773
lamf-test-6323d458-f602-48c5-98a5-f5c1a1584292,"{<resource_manager.instance.OnPremInstance object at 0x11406b620>: [(5, 12901.608, None)]}",313.6595923894348,139976.23048048187,12901.608,12008.911019739005,12901.608,20848.052,True,16.115388432
lamf-test-48feb4fc-2742-45dc-808f-e652fe900563,"{<resource_manager.instance.OnPremInstance object at 0x11406b620>: [(3, 12931.608, None)]}",41.254966979320166,25980.525610578858,12931.608,12015.594057357006,12931.608,16467.385000000002,True,4.302333453600003
lamf-test-bbc839c8-f836-4f9a-a8e0-6cb8342496f2,"{<resource_manager.instance.OnPremInstance object at 0x11406b620>: [(3, 12961.608, 14433.216), (2, 14433.216, None), (0, 19416.432, None), (2, 23686.968, None), (-2, 24196.968, None)]}",114.4912360012796,43244.142236631385,12961.608,12016.594057357006,12961.608,25316.236,True,11.032670438400002
lamf-test-d4b58a16-b6c8-4064-88b0-a3ec8e4212ba,"{<resource_manager.instance.OnPremInstance object at 0x11406b620>: [(2, 12991.608, None), (4, 13972.68, None)]}",56.907858453854786,26401.27013732744,12991.608,12026.820851191505,12991.608,15014.116000000002,True,3.330284256000004
lamf-test-26bbd872-e5de-48b0-8f8f-e6417ce7af20,"{<resource_manager.instance.CloudReservedInstance object at 0x114265090>: [(2, 13021.608, None)], <resource_manager.instance.CloudOnDemandInstance object at 0x11406bb60>: [(1, 26086.968, None)], <resource_manager.instance.CloudReservedInstance object at 0x11426c3b0>: [(-1, 41019.648, None)]}",298.1380358381042,139272.2599721347,13021.608,12032.416905403505,13021.608,119665.39513613623,True,159.31798738991444
lamf-test-032ba352-18f7-47d0-a6f0-b7f2f4956a0a,"{<resource_manager.instance.CloudReservedInstance object at 0x114265090>: [(1, 13051.608, None)], <resource_manager.instance.CloudOnDemandInstance object at 0x1140828b0>: [(2, 13051.608, None)], <resource_manager.instance.CloudOnDemandInstance object at 0x1142656d0>: [(3, 13051.608, None)], <resource_manager.instance.CloudReservedInstance object at 0x11426c3b0>: [(-5, 80081.256, None)]}",307.62274626708137,140024.98898833216,13051.608,12037.033268074505,13051.608,102438.46558832524,True,505.8454731580701
lamf-test-05c2e1a5-42c3-4e97-863b-94fa07e33793,"{<resource_manager.instance.OnPremInstance object at 0x11406b620>: [(4, 13081.608, None), (-1, 17886.432, None), (-1, 19656.432, None), (3, 21096.432, None)]}",91.04820322006628,43312.10385951429,13081.608,12038.651877265505,13081.608,23947.134000000002,True,16.8984341136
lamf-test-d2eb5728-b98d-4dc8-9b54-d5b61be5f0ce,"{<resource_manager.instance.CloudOnDemandInstance object at 0x1142656d0>: [(4, 13111.608, None)], <resource_manager.instance.CloudReservedInstance object at 0x11426c3b0>: [(-3, 105011.256, None), (1, 139361.256, None)]}",294.31398108778467,139665.3809940015,13111.608,12040.081745602505,13512.144,139680.7809940015,False,
lamf-test-3058457a-d1e2-4d92-baae-1c4c74ce602b,"{<resource_manager.instance.CloudOnDemandInstance object at 0x1142656d0>: [(5, 13542.144, None)], <resource_manager.instance.CloudReservedInstance object at 0x11426c3b0>: [(-3, 71141.256, None)]}",296.32729201787157,139825.54746009302,13542.144,12041.081745602505,13942.68,139840.947460093,False,
lamf-test-7a641bba-d417-49ff-88d9-3fe54ccc21c1,"{<resource_manager.instance.OnPremInstance object at 0x11406b620>: [(5, 13972.68, None)]}",72.4727596207448,26199.35219209526,13972.68,12042.406257818506,13972.68,15132.910000000002,True,2.3529464400000024
lamf-test-3babe4ac-4db5-41c5-ad0c-7fee914c7ec7,"{<resource_manager.instance.CloudOnDemandInstance object at 0x1142651d0>: [(3, 14002.68, None)], <resource_manager.instance.CloudReservedInstance object at 0x11426c3b0>: [(-1, 31188.576, None)]}",293.72278396528714,139814.68910977876,14002.68,12043.744838594506,14403.216,139830.08910977878,False,
lamf-test-efb02442-ed88-49c8-bf51-dea5e65f914e,"{<resource_manager.instance.OnPremInstance object at 0x11406b620>: [(2, 14433.216, 17916.432), (2, 17916.432, None), (1, 23896.968, None), (2, 29378.04, None), (-1, 34368.576, None)]}",304.7860416350407,139991.6856875256,14433.216,12051.512063681506,14433.216,38842.356999999996,True,31.725433334399987
lamf-test-a3da9951-7484-4541-a43a-d268b07d7f2b,"{<resource_manager.instance.CloudOnDemandInstance object at 0x1142651d0>: [(4, 14463.216, None)], <resource_manager.instance.CloudReservedInstance object at 0x11426c3b0>: [(-2, 81911.256, None)]}",322.8627978188001,139754.43807563744,14463.216,12056.277024884506,14863.752,139769.83807563747,False,
lamf-test-a4d8ead1-b39f-46fe-9cfa-58d32f343ff0,"{<resource_manager.instance.OnPremInstance object at 0x11406b620>: [(4, 14893.752, None), (0, 18936.432, None), (1, 22116.432, None), (-2, 23086.968, None)]}",84.41713409588449,43255.16958380267,14893.752,12057.277024884506,14893.752,24680.332,True,15.625128355199996
lamf-test-1393ec0f-c39a-48b5-8afc-5e45c5c5f7c7,"{<resource_manager.instance.CloudReservedInstance object at 0x11406be00>: [(1, 14923.752, None)], <resource_manager.instance.CloudOnDemandInstance object at 0x1142651d0>: [(5, 14923.752, None)], <resource_manager.instance.CloudReservedInstance object at 0x11426c3b0>: [(-5, 38538.576, 54309.648)]}",354.69102159935267,139676.13079719164,14923.752,12060.055953504507,14923.752,67435.03767576868,True,186.174055557685
lamf-test-98a6ab80-499b-4f3a-95f7-4dd7df820566,"{<resource_manager.instance.OnPremInstance object at 0x11406b620>: [(2, 14953.752, None), (0, 20766.432, None)]}",105.87093398460661,43234.55058640357,14953.752,12061.055953504507,14953.752,23615.908,True,7.0267409471999995
lamf-test-0b319882-7fad-4ae3-8912-b51a1940b68d,"{<resource_manager.instance.OnPremInstance object at 0x11406b620>: [(2, 14983.752, 20466.432), (2, 20466.432, None), (4, 33858.576, None), (-1, 38838.576, None)]}",309.96889456321867,140634.70058601574,14983.752,12623.451427885506,14983.752,45302.700999999994,True,40.539830728799984
lamf-test-151fcd56-358d-466c-9e97-a24b8c315d14,"{<resource_manager.instance.OnPremInstance object at 0x11406b620>: [(4, 15013.752, 16605.36), (1, 16605.36, None), (1, 35658.576, None)]}",286.90020368365816,139911.21595855927,15013.752,12632.370721987505,15013.752,38151.866,True,12.3327660768
lamf-test-0479ea03-d843-4f1c-b0bd-6f829a2c5a10,"{<resource_manager.instance.CloudOnDemandInstance object at 0x114082520>: [(5, 15043.752, None)]}",326.10114994784385,140394.31928137655,15043.752,12638.572445035505,15444.288,136072.89658985302,True,821.666862620512
lamf-test-724d0d5f-301b-4490-8457-7773ef64d695,"{<resource_manager.instance.OnPremInstance object at 0x11406b620>: [(5, 15474.288, 16605.36), (1, 16605.36, None), (3, 17886.432, None)]}",109.55462846539683,43755.49689243887,15474.288,12644.261741200504,15474.288,19162.404,True,4.883553791999997
lamf-test-2674780b-0edf-4613-bd86-e3e24ce33fcb,"{<resource_manager.instance.OnPremInstance object at 0x11406b620>: [(5, 15504.288, 19476.432), (2, 19476.432, None), (-1, 23956.968, None), (1, 35868.576, None), (0, 38868.576, None), (1, 50769.648, None)]}",302.61464185285956,140135.52639169167,15504.288,12653.431476217504,15504.288,53759.28099999999,True,32.24700208079999
lamf-test-15ce12ce-cdd4-4322-97b9-e92908eec275,"{<resource_manager.instance.OnPremInstance object at 0x11406b620>: [(4, 15534.288, None), (1, 18156.432, None), (-2, 19086.432, None)]}",62.79223748275714,26925.977258683084,15534.288,12655.959987511504,15534.288,19446.604,True,6.578463715199998
lamf-test-6fdb4590-cea7-4d20-bffa-249d0757fa2a,"{<resource_manager.instance.OnPremInstance object at 0x11406b620>: [(6, 15564.288, 18006.432), (1, 18006.432, None), (0, 20856.432, None)]}",88.08906902383775,44250.291157527165,15564.288,13202.944627483503,15564.288,28742.784,True,10.2978660096
lamf-test-e4ed1a21-f292-441c-946a-d7b9f0990c7d,"{<resource_manager.instance.OnPremInstance object at 0x11406b620>: [(2, 15594.288, 20076.432), (2, 20076.432, None), (0, 29018.04, None), (2, 34998.576, None)]}",297.2172710903451,140809.9534254412,15594.288,13210.588103092503,15594.288,45913.237,True,33.448704432
lamf-test-c777b76c-0cc3-4d24-b87d-dcc762dd2026,"{<resource_manager.instance.OnPremInstance object at 0x11406b620>: [(2, 15624.288, 18126.432), (1, 18126.432, None), (2, 25576.968, None), (1, 33528.576, None), (-2, 37998.576, None)]}",310.2741421688458,141368.88688577115,15624.288,13214.955549478504,15624.288,43462.191999999995,True,26.411406527999993
lamf-test-38f0df60-c850-46c3-8ecc-b21d5524ac44,"{<resource_manager.instance.CloudOnDemandInstance object at 0x1140828b0>: [(1, 15654.288, None)], <resource_manager.instance.CloudOnDemandInstance object at 0x114082520>: [(5, 15654.288, None)]}",82.2505270696069,44488.08470750751,15654.288,13216.054912573503,16054.824,44503.48470750751,False,
lamf-test-ecaffeb0-92d2-4398-a844-9e4844c48df5,"{<resource_manager.instance.OnPremInstance object at 0x11406b620>: [(3, 16084.824, 16605.36), (1, 16605.36, None), (1, 18216.432, None), (1, 21066.432, None)]}",106.56838267415606,44378.913337332335,16084.824,13217.824781809504,16084.824,22183.688000000002,True,4.958236108800001
lamf-test-3c60492c-5568-42f7-a13b-d4f3117a23dc,"{<resource_manager.instance.OnPremInstance object at 0x11406b620>: [(6, 16114.824, 21576.432), (1, 21576.432, None)]}",288.51703100665657,140969.38126481234,16114.824,13226.620350103503,16114.824,25556.895,True,14.905845021600001
lamf-test-04f3f31f-b20f-4cb7-a3dd-c0c2f380b4cc,"{<resource_manager.instance.CloudReservedInstance object at 0x11426c3b0>: [(4, 16144.824, None), (-1, 19236.432, None), (-1, 21696.432, None)], <resource_manager.instance.CloudReservedInstance object at 0x11406be00>: [(1, 20826.432, None)]}",63.69847192731158,27326.415365325065,16144.824,13227.620350103503,16144.824,22286.97117917614,True,23.91630581850087
lamf-test-b6b347a8-b100-462f-bbd1-cdcde8345e59,"{<resource_manager.instance.CloudOnDemandInstance object at 0x1140828b0>: [(1, 16174.824, None)], <resource_manager.instance.CloudOnDemandInstance object at 0x114082520>: [(2, 16174.824, None)], <resource_manager.instance.CloudOnDemandInstance object at 0x11406bb60>: [(1, 16174.824, 39318.576)]}",310.4633474601291,141031.6382584378,16174.824,13240.944319007504,16575.36,39327.47670441582,False,
lamf-test-d4113937-9912-4267-ad39-f41249bcbcef,"{<resource_manager.instance.OnPremInstance object at 0x11406b620>: [(2, 16605.36, None), (2, 18546.432, None), (-1, 19476.432, None), (2, 20196.432, None), (-2, 20916.432, None)]}",44.164232744169574,27574.012177900084,16605.36,13252.374472475503,16605.36,21502.78,True,6.133153852799998
lamf-test-198ba68c-5a75-4dd3-95a5-23cb4a91c31d,"{<resource_manager.instance.OnPremInstance object at 0x11406b620>: [(5, 16635.36, 17916.432), (1, 17916.432, None)]}",75.79076386942039,44426.55559987714,16635.36,13257.902266031504,16635.36,23820.791999999998,True,4.992822431999999
lamf-test-9bb4d80d-2aee-48e9-ac53-5a922312b6c8,"{<resource_manager.instance.CloudOnDemandInstance object at 0x11406bb60>: [(6, 16665.36, None)], <resource_manager.instance.CloudReservedInstance object at 0x11426c3b0>: [(-4, 22266.432, None)]}",62.348183689222225,28001.257243575732,16665.36,13804.622874686504,17065.896,28016.657243575733,False,
lamf-test-8fdaa8c6-0ab8-4102-bf2c-7c6a5957696b,"{<resource_manager.instance.OnPremInstance object at 0x11406b620>: [(3, 17095.896, 21576.432), (2, 21576.432, None), (1, 33228.576, None)]}",305.80076715201267,141200.9903035454,17095.896,13805.622874686504,17095.896,34731.710999999996,True,16.733150085599995
lamf-test-c89d3402-a23f-46ae-8720-cd373edbf82e,"{<resource_manager.instance.CloudOnDemandInstance object at 0x11406bb60>: [(3, 17125.896, 22416.432), (2, 22416.432, None)]}",59.063695813800784,28036.24294629405,17125.896,13807.358562846504,17526.432,22428.459691323736,False,
lamf-test-d457b8b2-16f3-450b-ba2f-e7b966006e63,"{<resource_manager.instance.OnPremInstance object at 0x11406b620>: [(6, 17916.432, None), (-5, 23386.968, None), (1, 35298.576, None)]}",308.6020686022321,141427.61919895958,17916.432,13821.748130718504,17916.432,41759.96399999999,True,23.385922559999997
lamf-test-87f7683b-4f57-45f2-93ec-cd6117faec52,"{<resource_manager.instance.CloudReservedInstance object at 0x11406be00>: [(2, 17946.432, 18306.432), (2, 18306.432, None)]}",62.86965238334432,27887.15230827981,17946.432,13823.677644894504,17946.432,20052.44591411447,True,3.042768903112584
lamf-test-95f36198-5f8e-46dc-93db-fc5d6a810881,"{<resource_manager.instance.OnPremInstance object at 0x11406b620>: [(3, 18006.432, 24976.968), (2, 24976.968, None), (2, 29948.04, None), (1, 34428.576, None)]}",312.84764381313755,141624.47260865328,18006.432,13833.481128507503,18006.432,35930.155999999995,True,22.828707657599992
lamf-test-067d037c-dcca-41c3-b8b9-a8b36009d0a4,"{<resource_manager.instance.OnPremInstance object at 0x11406b620>: [(4, 19086.432, None), (1, 20346.432, None), (0, 20706.432, None)]}",61.80548621708826,28123.595657475773,19086.432,13834.481128507503,19086.432,23228.874,True,7.889816375999998
lamf-test-55d518fc-620c-44fe-a18a-2336d48b9fc1,"{<resource_manager.instance.OnPremInstance object at 0x11406b620>: [(3, 19206.432, None), (1, 21606.432, None), (-1, 22566.432, None), (-1, 23536.968, None), (0, 24346.968, None)]}",83.99778340603386,45209.26126180842,19206.432,13843.989143116503,19206.432,26727.098,True,8.246605660800002
lamf-test-64282f81-8a38-42e2-8686-39f8e7fadae5,"{<resource_manager.instance.OnPremInstance object at 0x11406b620>: [(5, 19386.432, None)]}",308.1387838586121,141667.62068173915,19386.432,13844.989143116503,19386.432,23866.413,True,9.085401467999999
lamf-test-6ca33400-5b63-4867-9fb5-39d7d8646a8a,"{<resource_manager.instance.OnPremInstance object at 0x11406b620>: [(6, 19476.432, 19986.432), (2, 19986.432, None), (2, 24286.968, None), (1, 25096.968, None)]}",105.93846150050236,45106.439253802426,19476.432,13845.989143116503,19476.432,26057.829999999998,True,7.992502939199994
lamf-test-e1a8ae4a-b274-4245-9dc7-b8b20b25f60b,"{<resource_manager.instance.OnPremInstance object at 0x11406b620>: [(4, 19566.432, 22056.432), (2, 22056.432, None), (0, 33978.576, None), (1, 43899.648, None), (1, 46899.648, None)]}",307.3714712616934,141722.04645399516,19566.432,13846.989143116503,19566.432,57821.42499999999,True,43.12888382399998
lamf-test-5f552717-b86e-4e0e-9794-6b12cd0fea27,"{<resource_manager.instance.OnPremInstance object at 0x11406b620>: [(2, 19596.432, None), (0, 20856.432, None), (3, 21576.432, None), (-1, 23536.968, None)]}",43.981392744961866,28084.970959569982,19596.432,13847.989143116503,19596.432,24692.645370162387,True,7.457113973351455
lamf-test-0ee69e3c-f7ac-4d00-b4dc-243374763ca6,"{<resource_manager.instance.OnPremInstance object at 0x11406b620>: [(2, 19806.432, None)]}",95.71047451977611,45080.75958934812,19806.432,13851.677089220004,19806.432,22032.824000000004,True,1.8060491904000027
lamf-test-60d40a4b-09c7-4a73-b379-b1d85406ff0e,"{<resource_manager.instance.OnPremInstance object at 0x11406b620>: [(4, 19836.432, None), (0, 20556.432, None), (0, 22416.432, None), (-1, 24046.968, None), (0, 24526.968, None)]}",57.165191884420324,28153.116912682002,19836.432,13854.932289725504,19836.432,27624.103000000003,True,11.183831474400003
lamf-test-87976d93-8677-4270-9b15-bf91d2c51eaa,"{<resource_manager.instance.OnPremInstance object at 0x11406b620>: [(3, 19926.432, 22416.432), (1, 22416.432, None), (1, 25426.968, None), (2, 32868.576, None)]}",311.39111778496914,141614.953175947,19926.432,13861.547596163504,19926.432,36847.038,True,16.742194559999998
lamf-test-68fc4f1f-0368-4356-8862-a5c873470b2b,"{<resource_manager.instance.OnPremInstance object at 0x11406b620>: [(4, 19956.432, 23926.968), (2, 23926.968, None), (1, 37338.576, None)]}",313.35740939256686,141721.39936954246,19956.432,13864.318527851503,19956.432,40333.50099999999,True,20.965518755999987
lamf-test-6ffd71d7-ab96-484d-939d-8341469b380b,"{<resource_manager.instance.OnPremInstance object at 0x11406b620>: [(3, 19986.432, 23956.968), (2, 23956.968, None), (4, 34398.576, None), (-4, 37398.576, None), (0, 42879.648, None)]}",291.65416309527114,141707.75491037866,19986.432,13865.318527851503,19986.432,53296.63499999999,True,33.498886075199984
lamf-test-20e1ba49-4666-4d28-9ab3-d9b988f76cc5,"{<resource_manager.instance.OnPremInstance object at 0x11406b620>: [(6, 20916.432, None), (-5, 23416.968, None), (0, 29378.04, None)]}",285.6765311197183,141792.3732523906,20916.432,14406.641334591503,20916.432,62079.579,True,21.766859431200004
lamf-test-6012bbf1-8566-4834-b341-39822809aef2,"{<resource_manager.instance.OnPremInstance object at 0x11406b620>: [(5, 21576.432, None), (-3, 23026.968, None), (3, 23986.968, None), (-1, 25126.968, None), (0, 26896.968, None)]}",93.62462651407313,45614.15540462022,21576.432,14407.949224101503,21576.432,31645.146,True,16.6074509952
lamf-test-92b1912c-cdf4-4496-9665-6c2a64a15900,"{<resource_manager.instance.OnPremInstance object at 0x11406b620>: [(5, 21726.432, 22536.432), (2, 22536.432, None), (4, 24916.968, None)]}",99.7921660649438,45752.94871017808,21726.432,14408.949224101503,21726.432,26351.194,True,7.064103196799997
lamf-test-3d2e4ca8-d6e8-4002-a809-14108f6da5be,"{<resource_manager.instance.OnPremInstance object at 0x11406b620>: [(5, 22206.432, 26686.968), (1, 26686.968, None), (3, 34638.576, None)]}",306.2018292174168,142176.19113649253,22206.432,14417.109992110503,22206.432,39607.247,True,20.372871043200004
lamf-test-a7986f20-c88c-442a-a9bb-9d4e408bd120,"{<resource_manager.instance.OnPremInstance object at 0x11406b620>: [(4, 22236.432, None), (-1, 23386.968, None), (1, 24106.968, None)]}",50.00049139574834,28524.566581506348,22236.432,14419.375337470503,22236.432,24695.205,True,3.697081315200002
lamf-test-bf2ee2bb-aeee-4553-ba75-b56c3562dc59,"{<resource_manager.instance.CloudReservedInstance object at 0x11426c3b0>: [(2, 22326.432, None)]}",94.73625576454592,45786.98124484912,22326.432,14423.022314107502,22326.432,37034.10076966608,True,32.13331472796645
lamf-test-404ab15a-5fdc-47da-96ca-6bf36dbfc057,"{<resource_manager.instance.CloudReservedInstance object at 0x11426c3b0>: [(2, 22416.432, None)], <resource_manager.instance.CloudReservedInstance object at 0x11406be00>: [(1, 22416.432, None)], <resource_manager.instance.CloudOnDemandInstance object at 0x11406bb60>: [(1, 22416.432, 43749.648)]}",285.63536765098837,142329.28279565406,22416.432,14424.022314107502,22416.432,43761.45391038984,False,
lamf-test-398c2e41-0ba6-4e76-8602-21bfa67e2257,"{<resource_manager.instance.OnPremInstance object at 0x11406b620>: [(5, 22536.432, None)]}",308.43937206382503,142299.6824396114,22536.432,14430.026475464501,22536.432,38628.92,True,32.63556566399999
lamf-test-58d64335-ff0b-41b5-93cb-bcafe6abca1b,"{<resource_manager.instance.OnPremInstance object at 0x11406b620>: [(6, 22566.432, 23386.968), (2, 23386.968, None), (3, 27346.968, None)]}",83.27713277836911,45715.976986612455,22566.432,14431.026475464501,22566.432,29097.43,True,8.759145345599999
lamf-test-78749043-3668-43d0-99ce-4ee040f7f664,"{<resource_manager.instance.CloudOnDemandInstance object at 0x11406bb60>: [(2, 22596.432, None)]}",57.07835905715178,28553.87537670842,22596.432,14433.9780885545,22996.968,28409.624204078653,True,19.783455708920467
lamf-test-59fd6bbc-b1e0-4afd-a720-743bb563c136,"{<resource_manager.instance.OnPremInstance object at 0x11406b620>: [(2, 23026.968, None), (2, 31698.576, None)]}",321.20760313523465,142114.16463756136,23026.968,14435.256399555501,23026.968,36173.202,True,14.294041631999994
lamf-test-4cc1e286-0e7f-464c-8240-c10883a7da2a,"{<resource_manager.instance.OnPremInstance object at 0x11406b620>: [(4, 23086.968, 27556.968), (2, 27556.968, None), (0, 34998.576, None)]}",316.2330750787407,142026.81109804765,23086.968,14436.256399555501,23086.968,45417.172999999995,True,21.740326295999996
lamf-test-0aaede3d-34d4-43d5-b971-8a2a954407b0,"{<resource_manager.instance.OnPremInstance object at 0x11406b620>: [(2, 23296.968, None), (-1, 25786.968, None), (1, 40659.648, None), (0, 51579.648, None), (2, 59030.184, None)]}",291.4038438976179,141966.6049226632,23296.968,14438.587307527501,23296.968,61026.75199999999,True,26.193657734399988
lamf-test-a7598ecc-5cec-4bf9-9a0f-c71ca0dbae0e,"{<resource_manager.instance.OnPremInstance object at 0x11406b620>: [(6, 23386.968, 25876.968), (1, 25876.968, None)]}",294.2224632206372,142167.85531763724,23386.968,14442.3861199455,23386.968,36295.50199999999,True,10.285421390399996
lamf-test-5c0e0bc7-fda1-478e-8de8-178b5b80a83c,"{<resource_manager.instance.OnPremInstance object at 0x11406b620>: [(4, 23416.968, 24556.968), (2, 24556.968, None), (0, 26956.968, None), (1, 32178.576, None)]}",109.02475346006189,45700.9255285133,23416.968,14450.7030693735,23416.968,32668.392,True,8.628192518399999
lamf-test-95c3a7f0-6def-4a58-8473-af92a11ec586,"{<resource_manager.instance.OnPremInstance object at 0x11406b620>: [(3, 23446.968, 32928.576), (-1, 28928.04, 32928.576), (1, 32928.576, None), (3, 47799.648, None), (1, 53769.648, None), (-2, 59240.184, None)]}",312.05091942501133,142432.22616129296,23446.968,14453.930185381,23446.968,63217.588,True,41.5659902112
lamf-test-225e7631-1dba-46ce-9a30-f911bc78acd8,"{<resource_manager.instance.OnPremInstance object at 0x11406b620>: [(5, 23476.968, None), (-3, 24736.968, None), (2, 26026.968, None)]}",48.6051907309817,28855.738396323894,23476.968,14457.3467265555,23476.968,26385.593000000004,True,4.183561200000005
lamf-test-19917d27-b721-40ad-a37a-4370c7a734bc,"{<resource_manager.instance.OnPremInstance object at 0x11406b620>: [(2, 23656.968, None)]}",301.1069329229973,141819.66590625918,23656.968,14458.3467265555,23656.968,43208.219,True,15.859974811199997
lamf-test-c5f3d318-ed60-437f-9c1e-4a6f0f18365e,"{<resource_manager.instance.OnPremInstance object at 0x11406b620>: [(5, 23956.968, None), (-4, 29438.04, None), (1, 34428.576, None), (1, 37428.576, None)]}",302.37657057421836,142079.51416207862,23956.968,14459.812508024499,23956.968,39922.155999999995,True,18.60756356159999
lamf-test-68ff13a7-de65-4a50-8bee-581fe346b072,"{<resource_manager.instance.OnPremInstance object at 0x11406b620>: [(4, 24016.968, None), (-3, 27016.968, None)]}",316.0799972187193,141989.25430734415,24016.968,14465.534798429499,24016.968,33969.24799999999,True,7.687044767999996
lamf-test-e3ac6e81-3f29-40d1-91c8-119f86b94741,"{<resource_manager.instance.OnPremInstance object at 0x11406b620>: [(2, 24556.968, None), (2, 36468.576, None)]}",292.3170995981352,142375.2063026776,24556.968,14466.534798429499,24556.968,44911.737,True,23.360880815999998
lamf-test-cd918581-b0d1-458e-92b2-5c59b3bd83b5,"{<resource_manager.instance.OnPremInstance object at 0x11406b620>: [(3, 24736.968, 26236.968), (2, 26236.968, None), (0, 32208.576, None), (2, 38178.576, None)]}",301.10787935133226,142651.23540008024,24736.968,15010.4173253945,24736.968,41214.144,True,16.4371379328
lamf-test-3231937d-3960-4134-90c2-f2e92cf6e932,"{<resource_manager.instance.OnPremInstance object at 0x11406b620>: [(2, 24766.968, None), (2, 26836.968, None), (0, 30338.04, None)]}",109.51414052886817,45996.60222409738,24766.968,15014.062531218,24766.968,33501.257999999994,True,12.49132809599999
lamf-test-5e0241b4-8be0-4af4-bde6-0b42fa40fc67,"{<resource_manager.instance.OnPremInstance object at 0x11406b620>: [(2, 24796.968, None), (0, 26536.968, None)]}",98.3173256377796,46231.60761964285,24796.968,15027.2354282195,24796.968,27500.494000000002,True,2.1931002912000013
lamf-test-d56ac58c-44ed-4cac-88e0-685510119191,"{<resource_manager.instance.OnPremInstance object at 0x11406b620>: [(2, 24826.968, None), (3, 27016.968, None)]}",70.70390367140996,29091.182657557343,24826.968,15029.1842398295,24826.968,29106.582657557345,False,
lamf-test-093fc8c1-409b-4af5-91bd-f1586aa318b7,"{<resource_manager.instance.CloudReservedInstance object at 0x114265310>: [(1, 25096.968, None)], <resource_manager.instance.CloudReservedInstance object at 0x114265090>: [(1, 25096.968, None)], <resource_manager.instance.CloudReservedInstance object at 0x1140823f0>: [(3, 25096.968, None)], <resource_manager.instance.CloudReservedInstance object at 0x11406be00>: [(1, 25096.968, None)], <resource_manager.instance.CloudReservedInstance object at 0x11426c3b0>: [(-3, 26206.968, None)]}",48.98947611555658,29197.551744472665,25096.968,15043.146714540499,25096.968,29212.951744472666,False,
lamf-test-412a625e-1641-430d-83ff-ad06d8ff7ded,"{<resource_manager.instance.OnPremInstance object at 0x11406b620>: [(5, 25456.968, None), (-2, 26506.968, None)]}",48.58977843534464,29332.34426602877,25456.968,15050.655129768498,25456.968,27319.476,True,3.1180597343999974
lamf-test-499e704f-e77f-4d06-942d-f6729f7df6df,"{<resource_manager.instance.OnPremInstance object at 0x11406b620>: [(3, 25876.968, None), (-1, 33348.576, None), (3, 45249.648, None)]}",295.12516285873096,142709.33670559953,25876.968,15051.784237230499,25876.968,50220.708999999995,True,28.82691392879999
lamf-test-b31f9afe-254c-4126-a484-8628eb9333c1,"{<resource_manager.instance.OnPremInstance object at 0x11406b620>: [(6, 26056.968, None), (-1, 26776.968, None), (-2, 27376.968, None), (-1, 27736.968, None)]}",58.325064065435534,29230.556734001984,26056.968,15052.784237230499,26056.968,28664.854,True,4.159741123199999
lamf-test-893ff824-f1d2-4433-939e-c7c4d678a42b,"{<resource_manager.instance.OnPremInstance object at 0x11406b620>: [(2, 26116.968, None), (-1, 30098.04, None), (1, 43479.648, None), (3, 47949.648, None), (-2, 51939.648, None)]}",291.47945752946964,143325.12725722019,26116.968,15616.837171207499,26116.968,54432.781,True,23.408454045600003
lamf-test-9ad3c991-d587-4e6c-87f0-aa8b942b2b5d,"{<resource_manager.instance.OnPremInstance object at 0x11406b620>: [(6, 26356.968, None), (-5, 29348.04, None), (1, 34338.576, None)]}",294.2702271699325,143462.01053375946,26356.968,15621.251883580499,26356.968,50705.708999999995,True,22.5802525104
lamf-test-50bd9009-28ec-4253-bcf7-ae2b62692323,"{<resource_manager.instance.OnPremInstance object at 0x11406b620>: [(3, 26416.968, None), (1, 28006.968, None), (0, 29918.04, None), (0, 32778.576, None)]}",96.71534015432012,46801.24118816113,26416.968,15622.251883580499,26416.968,35163.958,True,13.546212575999999
lamf-test-65b278d1-c75b-4135-b5aa-f825706c680d,"{<resource_manager.instance.OnPremInstance object at 0x11406b620>: [(4, 26476.968, None), (2, 27736.968, None), (-3, 28898.04, None), (-1, 29708.04, None)]}",46.808209305960055,29857.19068646283,26476.968,15630.895318487499,26476.968,29872.59068646283,False,
lamf-test-4e05654b-8014-4960-848f-0c1b470c0ee8,"{<resource_manager.instance.OnPremInstance object at 0x11406b620>: [(5, 26506.968, None), (-3, 28467.504, None)]}",119.66024806020059,46842.672147246056,26506.968,15641.276824307499,26506.968,30060.084,True,5.267867903999998
lamf-test-2b6c6b3a-28c9-458c-9ffa-76aefcc26451,"{<resource_manager.instance.OnPremInstance object at 0x11406b620>: [(5, 26686.968, None), (-4, 33648.576, None), (5, 44079.648, None), (-2, 46089.648, None), (-1, 50079.648, None)]}",317.28833254019617,143322.13709293757,26686.968,15648.934892567499,26686.968,54057.363000000005,True,34.5539794392
lamf-test-2f12deb2-00c6-45f2-bf9e-431fba73627e,"{<resource_manager.instance.OnPremInstance object at 0x11406b620>: [(6, 27376.968, None), (-4, 27886.968, None), (2, 29498.04, None), (-2, 33468.576, None)]}",93.49967154984164,46938.32564939875,27376.968,15652.0210406665,27376.968,34590.17799999999,True,9.899678755199997
lamf-test-f9efe039-70ce-49b9-a1a8-bee3de1d2b34,"{<resource_manager.instance.OnPremInstance object at 0x11406b620>: [(5, 27556.968, 29078.04), (2, 29078.04, None), (1, 38028.576, None), (-1, 44499.648, None), (0, 48489.648, None)]}",307.9037058422363,142801.93986485052,27556.968,15659.4884758105,27556.968,51480.90000000001,True,23.882600851200007
lamf-test-8f4c62d4-1881-4ae7-91f8-3b9d5e4e648b,"{<resource_manager.instance.OnPremInstance object at 0x11406b620>: [(6, 27856.968, None), (-4, 28898.04, None)]}",53.33256697567134,29789.54194600621,27856.968,15661.4868489325,27856.968,29804.941946006213,False,
lamf-test-920c97be-abc7-45c8-bf90-73719c07896c,"{<resource_manager.instance.OnPremInstance object at 0x11406b620>: [(3, 27886.968, None), (3, 30308.04, None)]}",49.27955402462038,30416.82232611625,27886.968,16211.8167373315,27886.968,30432.22232611625,False,
lamf-test-915cb3ce-20ce-43ae-8b31-7f523a6333eb,"{<resource_manager.instance.CloudOnDemandInstance object at 0x11406bb60>: [(2, 28036.968, None)]}",71.69092063889612,30254.659416082966,28036.968,16217.312101256499,28437.504,30270.059416082968,False,
lamf-test-eb592d2c-c121-4645-b005-4e7f00d8eb14,"{<resource_manager.instance.CloudOnDemandInstance object at 0x11406bb60>: [(5, 28467.504, None)]}",65.43723826831173,30556.891827010317,28467.504,16223.0787590485,28868.04,30572.29182701032,False,
lamf-test-821bad57-9b5b-4590-ab6a-b75593f800f8,"{<resource_manager.instance.OnPremInstance object at 0x11406b620>: [(4, 28898.04, 33378.576), (1, 33378.576, None), (0, 38358.576, None), (2, 42849.648, None), (-1, 53769.648, None), (3, 56769.648, None)]}",293.93899056747387,144087.23207756502,28898.04,16226.8896992875,28898.04,67683.242,True,48.96451304159999
lamf-test-2ec8c349-ada1-458e-a7a4-ab9b6322b2cf,"{<resource_manager.instance.OnPremInstance object at 0x11406b620>: [(4, 28928.04, None), (-2, 29528.04, None)]}",57.00450481534605,30401.474946402643,28928.04,16245.2913509155,28928.04,29885.844,True,1.2636906047999998
lamf-test-3d742955-a0c8-4cdc-8c38-f5e5804b4cff,"{<resource_manager.instance.OnPremInstance object at 0x11406b620>: [(4, 29108.04, None), (-2, 34098.576, None)]}",303.65987588610506,144090.99694233492,29108.04,16251.508350800501,29108.04,46003.246,True,17.7537139104
lamf-test-b18ea74a-e7ea-41d7-821c-d4f1a5e50746,"{<resource_manager.instance.OnPremInstance object at 0x11406b620>: [(4, 29138.04, None), (2, 31758.576, None), (-4, 33528.576, None), (1, 35298.576, None)]}",93.66823018165961,47740.75870384654,29138.04,16822.7264205655,29138.04,37528.218,True,12.707881991999999
lamf-test-cf4eee4f-df46-4434-9c29-6bf0f44daf4d,"{<resource_manager.instance.CloudReservedInstance object at 0x114265310>: [(1, 29228.04, None)], <resource_manager.instance.CloudReservedInstance object at 0x114265090>: [(1, 29228.04, None)], <resource_manager.instance.CloudReservedInstance object at 0x1140823f0>: [(3, 29228.04, None)], <resource_manager.instance.CloudReservedInstance object at 0x11406be00>: [(1, 29228.04, None)], <resource_manager.instance.CloudReservedInstance object at 0x11426c3b0>: [(-1, 30548.04, None)]}",53.667029478259835,30931.284832936813,29228.04,16831.3026533365,29228.04,30946.684832936815,False,
lamf-test-7c801ce0-8eb2-4e0d-9312-eaf55e74d22a,"{<resource_manager.instance.OnPremInstance object at 0x11406b620>: [(2, 29258.04, None), (0, 33738.576, None), (0, 53589.648, None), (2, 59570.184, None)]}",282.54429039316733,144543.24224584128,29258.04,16835.470451507503,29258.04,65034.288,True,33.4541735424
lamf-test-4d1918b0-1458-45e2-b527-a49166860d07,"{<resource_manager.instance.OnPremInstance object at 0x11406b620>: [(6, 29348.04, None), (-3, 32838.576, None), (2, 33978.576, None)]}",99.90881249240506,47975.389836753486,29348.04,16840.321042100502,29348.04,35567.9,True,13.104869481600002
lamf-test-4fd50982-b738-4cdf-bdb5-50cd3dff6874,"{<resource_manager.instance.OnPremInstance object at 0x11406b620>: [(2, 29438.04, None), (2, 29918.04, None)]}",66.98837614575113,31082.60389731769,29438.04,16847.9655891145,29438.04,31098.003897317692,False,
lamf-test-308f236e-0576-4952-874f-b146870f6d77,"{<resource_manager.instance.OnPremInstance object at 0x11406b620>: [(3, 29708.04, None)]}",296.126707886245,144384.47111632614,29708.04,16849.5984404605,29708.04,42126.76499999999,True,15.11110457999999
lamf-test-17fee575-0b26-45f7-83d5-67d080c53e61,"{<resource_manager.instance.OnPremInstance object at 0x11406b620>: [(5, 30488.04, 35958.576), (2, 35958.576, None)]}",339.37001802300927,144687.51825209378,30488.04,16865.4822299575,30488.04,50834.709,True,23.1617660976
lamf-test-c8945c61-1ea7-4681-928a-edc22713889d,"{<resource_manager.instance.CloudOnDemandInstance object at 0x11406bb60>: [(5, 30608.04, None)], <resource_manager.instance.CloudReservedInstance object at 0x11426c3b0>: [(-3, 103121.256, None)]}",305.7727422550137,144698.66055546462,30608.04,16871.1334487575,31008.576,124114.6630744894,True,726.7547554532392
lamf-test-416bbbfd-81e6-4f7c-9a56-8c0e7175f623,"{<resource_manager.instance.CloudReservedInstance object at 0x114265310>: [(1, 31038.576, None)], <resource_manager.instance.CloudReservedInstance object at 0x114265090>: [(1, 31038.576, None)], <resource_manager.instance.CloudReservedInstance object at 0x1140823f0>: [(1, 31038.576, None)], <resource_manager.instance.CloudOnDemandInstance object at 0x114082520>: [(1, 44799.648, None)]}",318.1012839054559,145077.98534463232,31038.576,17420.3119211725,31038.576,64679.64434705238,True,71.57420281354153
lamf-test-3e7fd149-2562-452d-b778-aa63ebe3ca13,"{<resource_manager.instance.CloudReservedInstance object at 0x1140823f0>: [(2, 31068.576, None)], <resource_manager.instance.CloudOnDemandInstance object at 0x114082520>: [(2, 45279.648, None)], <resource_manager.instance.CloudOnDemandInstance object at 0x11406bb60>: [(1, 45279.648, None)], <resource_manager.instance.CloudReservedInstance object at 0x11426c3b0>: [(-4, 79361.256, None)]}",306.14407437283273,145132.6103276524,31068.576,17424.276621767498,31068.576,85057.13278134605,True,214.17737283097978
lamf-test-e18205c9-e6f7-4d1b-94fe-6bdf96998c05,"{<resource_manager.instance.OnPremInstance object at 0x11406b620>: [(6, 31398.576, None), (-2, 32838.576, None), (-1, 34278.576, None), (1, 35238.576, None)]}",110.9772195614234,48644.787739606574,31398.576,17425.797304112497,31398.576,36198.416,True,8.566012415999994
lamf-test-55230e23-b521-4f16-a8cb-73a7c6580475,"{<resource_manager.instance.CloudReservedInstance object at 0x11406be00>: [(1, 31428.576, None)], <resource_manager.instance.CloudOnDemandInstance object at 0x11406bb60>: [(3, 31428.576, None)], <resource_manager.instance.CloudReservedInstance object at 0x11426c3b0>: [(-3, 68160.72, None)], <resource_manager.instance.CloudReservedInstance object at 0x114265310>: [(1, 83921.256, None)]}",312.3489385286271,144999.04303132664,31428.576,17433.394331831496,31428.576,145014.44303132666,False,
lamf-test-56207b5b-5fb7-4cc8-b917-b36e1b064de2,"{<resource_manager.instance.OnPremInstance object at 0x11406b620>: [(5, 32358.576, 39318.576), (1, 39318.576, None), (3, 49239.648, None)]}",317.0752713451876,145167.25875013403,32358.576,17451.296568551497,32358.576,51240.018000000004,True,21.3842670912
lamf-test-2148cf4d-7170-4032-92ad-bc67bc5cec9e,"{<resource_manager.instance.OnPremInstance object at 0x11406b620>: [(3, 32388.576, None), (-1, 40449.648, None), (3, 53859.648, None)]}",290.5571510371029,144894.84957357083,32388.576,17453.2554425875,32388.576,58830.853,True,30.768508149600006
lamf-test-6f91592c-afdd-4bec-8b7a-080c324249f5,"{<resource_manager.instance.OnPremInstance object at 0x11406b620>: [(5, 32718.576, 33678.576), (2, 33678.576, None), (3, 37008.576, None), (-1, 37968.576, None), (1, 40449.648, None)]}",112.19170754417485,48608.27180758322,32718.576,17462.9563621885,32718.576,41728.004,True,13.2128531808
lamf-test-58f4bde2-1252-4878-b4ed-54f9ec3d6ddb,"{<resource_manager.instance.OnPremInstance object at 0x11406b620>: [(3, 32928.576, None), (-1, 37398.576, None), (0, 41889.648, None), (0, 47859.648, None), (2, 53829.648, None)]}",306.6623561408906,145847.04904585687,32928.576,18011.9052816505,32928.576,56324.598999999995,True,22.81579010879999
lamf-test-9fd69545-924f-4ce5-9308-d2123ccec4dc,"{<resource_manager.instance.OnPremInstance object at 0x11406b620>: [(3, 33378.576, None)]}",61.631240803228884,32137.653931812143,33378.576,18015.725910551,33378.576,33393.975999999995,False,
lamf-test-927fb6c3-ba3c-488b-96a5-466be1c02fa9,"{<resource_manager.instance.OnPremInstance object at 0x11406b620>: [(6, 33498.576, 37998.576), (1, 37998.576, None), (0, 47919.648, None), (5, 52389.648, None)]}",330.8093779162473,145579.53221238614,33498.576,18016.725910551,33498.576,56864.59899999999,True,27.678459556799965
lamf-test-1e5c4d41-c6bb-47f9-a0f9-f492c659a647,"{<resource_manager.instance.OnPremInstance object at 0x11406b620>: [(6, 33558.576, 36048.576), (1, 36048.576, None)]}",295.19389174920065,145828.74114002447,33558.576,18029.440510458,33558.576,49438.364,True,11.490562012800002
lamf-test-5fc71200-6539-46cf-9073-1ac0b6be235f,"{<resource_manager.instance.CloudReservedInstance object at 0x11426c3b0>: [(2, 33588.576, None)], <resource_manager.instance.CloudReservedInstance object at 0x114265310>: [(3, 33588.576, 47349.648)], <resource_manager.instance.CloudReservedInstance object at 0x114265090>: [(2, 113711.256, None)]}",298.6298021940167,145500.92792720444,33588.576,18030.440510458,33588.576,132026.75273997048,True,243.6754791157997
lamf-test-d81a676f-ccce-4b38-95bc-838588f989f1,"{<resource_manager.instance.OnPremInstance object at 0x11406b620>: [(3, 33648.576, None), (-1, 35388.576, None), (2, 36048.576, None), (-1, 36558.576, None), (1, 37368.576, None)]}",93.67827368323229,49090.81936370037,33648.576,18040.509975013,33648.576,39273.005999999994,True,7.555403231999989
lamf-test-bff6c6c8-6ce7-4a14-8d30-c8d69887c972,"{<resource_manager.instance.OnPremInstance object at 0x11406b620>: [(4, 33678.576, None)]}",62.55972404682857,32076.636771539725,33678.576,18042.06261868,33678.576,33693.975999999995,False,
lamf-test-8aea85bd-3d6c-4aba-b7de-dd2346b0e93e,"{<resource_manager.instance.OnPremInstance object at 0x11406b620>: [(6, 35598.576, 44259.648), (1, 44259.648, None), (3, 55179.648, None), (1, 58160.184, None)]}",302.51103083949494,145678.3528066901,35598.576,18044.684335864,35598.576,61150.435,True,36.4065874536
lamf-test-f3f23406-4146-4e8a-b0d6-831939b9a4ea,"{<resource_manager.instance.OnPremInstance object at 0x11406b620>: [(5, 35958.576, None)]}",57.3172776265575,32079.079450168247,35958.576,18045.751200748,35958.576,35973.975999999995,False,
lamf-test-232b6ce2-ea24-476c-b62f-210ae1decc5b,"{<resource_manager.instance.OnPremInstance object at 0x11406b620>: [(4, 35988.576, 40959.648), (1, 40959.648, None), (3, 55839.648, None)]}",311.1617610976437,145779.0394802938,35988.576,18049.457361307,35988.576,59819.408,True,20.557157836800002
lamf-test-28862540-93f6-42de-8ec4-72cbed9815ad,"{<resource_manager.instance.OnPremInstance object at 0x11406b620>: [(6, 36048.576, None), (-5, 40539.648, None), (2, 50949.648, None), (-1, 54939.648, None)]}",315.0001679546882,145470.19108610216,36048.576,18050.651048476,36048.576,57433.763000000006,True,22.03002690720001
lamf-test-5c2155b4-aa4a-428b-9192-860339f49ef5,"{<resource_manager.instance.OnPremInstance object at 0x11406b620>: [(2, 36078.576, None), (3, 50199.648, None)]}",326.1375748222798,145833.02910593853,36078.576,18058.3195313105,36078.576,58146.272000000004,True,27.57076707840001
lamf-test-8d46ff55-9a1d-4004-b52e-0bb94df560fe,"{<resource_manager.instance.OnPremInstance object at 0x11406b620>: [(3, 36198.576, None), (-1, 40689.648, None), (1, 51609.648, None)]}",314.6188735020299,146290.84290953,36198.576,18614.992422106,36198.576,55587.527,True,19.163323576800003
lamf-test-b036c054-ee21-47f6-aca9-95247c096cfe,"{<resource_manager.instance.OnPremInstance object at 0x11406b620>: [(6, 36318.576, None)]}",40.69689972228568,32855.291018347016,36318.576,18617.913703078,36318.576,36333.975999999995,False,
lamf-test-12047e13-b691-4e4d-bcc8-16e2900e16aa,"{<resource_manager.instance.OnPremInstance object at 0x11406b620>: [(3, 36438.576, 41409.648), (2, 41409.648, None), (4, 53319.648, None), (-4, 56319.648, None), (1, 60320.184, None)]}",306.19560311302496,146033.60529973116,36438.576,18630.396539293,36438.576,65289.598,True,32.30301016799999
lamf-test-e050ad2a-f776-4985-ad86-c1f9e8bbb5cd,"{<resource_manager.instance.OnPremInstance object at 0x11406b620>: [(3, 36468.576, None), (-1, 38478.576, None), (2, 51879.648, None), (1, 55869.648, None), (-2, 58850.184, None), (3, 62840.184, None)]}",326.0139069441622,146122.42798847056,36468.576,18631.396539293,36468.576,66820.225,True,40.37548039200002
lamf-test-5a75690c-b8ed-48d0-b610-f947c287d86c,"{<resource_manager.instance.OnPremInstance object at 0x11406b620>: [(5, 36918.576, None)]}",56.45454017440447,32787.12559595237,36918.576,18635.082939767,36918.576,36933.975999999995,False,
lamf-test-62ab7363-ee6e-4e41-9bd6-da86db171176,"{<resource_manager.instance.OnPremInstance object at 0x11406b620>: [(6, 37398.576, None), (-5, 40449.648, None), (1, 43449.648, None), (0, 56859.648, None)]}",317.6880653321237,146533.22098077845,37398.576,18660.516963962,37398.576,70248.56999999999,True,30.3811743456
lamf-test-e000b273-6e93-45bd-85e3-de8e007da692,"{<resource_manager.instance.CloudReservedInstance object at 0x11426c3b0>: [(2, 37428.576, None), (-1, 55809.648, None), (2, 81611.256, None), (-5, 86891.256, None)], <resource_manager.instance.CloudReservedInstance object at 0x11406be00>: [(1, 37428.576, None)], <resource_manager.instance.CloudReservedInstance object at 0x1140823f0>: [(2, 81611.256, None)]}",284.69120725614476,147146.26614967827,37428.576,19215.474952567998,37428.576,91860.82037566896,True,126.14149652510677
lamf-test-62c9483c-2445-4359-99d9-4d8c66a14529,"{<resource_manager.instance.OnPremInstance object at 0x11406b620>: [(3, 37578.576, 42069.648), (2, 42069.648, None)]}",345.02192360533996,146941.77322461203,37578.576,19216.474952567998,37578.576,49021.48299999999,True,11.104064961599994
lamf-test-1f9296c3-4641-4962-ac2a-3bdd3909621e,"{<resource_manager.instance.CloudReservedInstance object at 0x11406be00>: [(1, 37608.576, None)], <resource_manager.instance.CloudReservedInstance object at 0x114082650>: [(1, 37608.576, None)]}",333.675220822951,147053.4047900101,37608.576,19220.772427601998,37608.576,59916.75741220168,True,40.48488762686361
lamf-test-9673f22e-b964-4aa7-bb78-d1e21e110802,"{<resource_manager.instance.OnPremInstance object at 0x11406b620>: [(3, 37998.576, None)]}",52.254300807909324,33380.59975092915,37998.576,19225.969906895996,37998.576,38013.975999999995,False,
lamf-test-5f1a507d-a26f-433c-85e6-51ac89f0d432,"{<resource_manager.instance.OnPremInstance object at 0x11406b620>: [(4, 38028.576, None)]}",64.02975273459877,33504.86192895662,38028.576,19229.087548358995,38028.576,38043.975999999995,False,
lamf-test-b2a69e4a-f75e-4751-ad43-b2adf397fd45,"{<resource_manager.instance.OnPremInstance object at 0x11406b620>: [(5, 38118.576, 38628.576), (2, 38628.576, None), (1, 41019.648, None), (-1, 41529.648, None)]}",99.34731245959347,50513.18556474468,38118.576,19234.289216054996,38118.576,42963.416000000005,True,4.7575582080000025
lamf-test-396956b2-43cb-496d-8f0c-0ee7a61c67dd,"{<resource_manager.instance.OnPremInstance object at 0x11406b620>: [(2, 38148.576, None), (2, 40539.648, None)]}",82.48316532935924,50457.24520128161,38148.576,19237.558010696997,38148.576,41819.07,True,4.015371859199998
lamf-test-2b83bd20-9a87-454f-8bc9-f6503da1f9d0,"{<resource_manager.instance.OnPremInstance object at 0x11406b620>: [(3, 38418.576, None), (3, 43869.648, None), (-3, 44379.648, None), (-1, 45969.648, None), (2, 47109.648, None)]}",93.14423892083788,50339.49378715255,38418.576,19244.604244197,38418.576,47915.399999999994,True,12.04073245439999
lamf-test-33fae0e0-9739-4c13-8834-0589e7587a07,"{<resource_manager.instance.CloudReservedInstance object at 0x114265310>: [(2, 38538.576, None), (1, 48279.648, None)], <resource_manager.instance.CloudReservedInstance object at 0x11426c3b0>: [(2, 48279.648, None)]}",87.86109604520695,50469.08596464858,38538.576,19245.604244197,38538.576,50681.47817072675,False,
lamf-test-e5f8465a-4435-4b7a-801a-354ef982dcda,"{<resource_manager.instance.OnPremInstance object at 0x11406b620>: [(3, 38628.576, 47559.648), (1, 47559.648, None), (1, 58490.184, None), (0, 63470.184, None), (1, 72401.256, None)]}",304.6031866584939,147044.39492451158,38628.576,19247.946211848997,38628.576,77368.778,True,32.62989618720001
lamf-test-fd51a7dd-bca8-4714-a851-595e00860b67,"{<resource_manager.instance.OnPremInstance object at 0x11406b620>: [(3, 38658.576, None), (1, 39899.112, None), (-1, 41649.648, None), (1, 42609.648, None)]}",86.19568247701017,50524.54504925798,38658.576,19250.386478053,38658.576,45147.195999999996,True,9.634599686399994
lamf-test-56707fec-34cd-4c0e-a454-d4551f611032,"{<resource_manager.instance.OnPremInstance object at 0x11406b620>: [(4, 38838.576, None), (-3, 44319.648, None), (2, 48309.648, None)]}",312.7950515260771,147076.20468495556,38838.576,19258.600088529998,38838.576,55261.273,True,18.9695725128
lamf-test-f14e2551-1aeb-4008-9226-cf172ac76d45,"{<resource_manager.instance.OnPremInstance object at 0x11406b620>: [(2, 38898.576, None), (0, 41019.648, None), (1, 43239.648, None)]}",113.07976716267329,50455.69588727693,38898.576,19263.166622646997,38898.576,44990.062,True,5.651381361599996
lamf-test-3bd57c11-f664-4998-9d53-96c6dc4f87c4,"{<resource_manager.instance.OnPremInstance object at 0x11406b620>: [(4, 39318.576, 44289.648), (2, 44289.648, None), (3, 60650.184, None), (-3, 62660.184, None), (2, 72821.256, None)]}",326.99178124993756,147273.60592371706,39318.576,19264.729122300996,39318.576,75812.733,True,38.5090479072
lamf-test-43098e09-15cf-41fe-b455-41529b19decc,"{<resource_manager.instance.OnPremInstance object at 0x11406b620>: [(4, 39348.576, None)]}",67.69762432994189,33321.22067348132,39348.576,19265.903254356996,39348.576,39363.975999999995,False,
lamf-test-79b31340-0554-44ef-87de-f4504dbdfc60,"{<resource_manager.instance.OnPremInstance object at 0x11406b620>: [(6, 39438.576, 41949.648), (1, 41949.648, None), (2, 50889.648, None)]}",304.54338810954675,146721.20693646814,39438.576,19270.926616110995,39438.576,57842.109,True,18.196763363999995
lamf-test-e846f77b-9785-4a57-980e-5e6be4c30da6,"{<resource_manager.instance.CloudOnDemandInstance object at 0x1140828b0>: [(1, 39468.576, None)], <resource_manager.instance.CloudOnDemandInstance object at 0x114082520>: [(2, 39468.576, None)], <resource_manager.instance.CloudReservedInstance object at 0x11426c3b0>: [(-1, 54789.648, None), (2, 111821.256, None), (-2, 130151.256, None)], <resource_manager.instance.CloudReservedInstance object at 0x114265310>: [(1, 111821.256, None)]}",318.0816768556553,147158.89876258333,39468.576,19271.926616110995,39869.112,147174.29876258335,False,
lamf-test-1bfc2de0-7e2f-450e-9736-96acfe81a2a7,"{<resource_manager.instance.OnPremInstance object at 0x11406b620>: [(5, 39989.112, 40479.648), (2, 40479.648, None), (1, 41769.648, None), (2, 42579.648, None), (-1, 43089.648, None)]}",88.34113338193856,50544.983096454096,39989.112,19272.926616110995,39989.112,44836.652,True,6.895482297600001
lamf-test-ff8adf42-1018-4980-bdfd-c498e4f1b637,"{<resource_manager.instance.CloudOnDemandInstance object at 0x11406bb60>: [(2, 40019.112, None)]}",50.99968955238831,33920.30789242251,40019.112,19825.375667708995,40419.648,40435.047999999995,False,
lamf-test-9655ffad-b7de-4846-8625-1393b7fdfd45,"{<resource_manager.instance.OnPremInstance object at 0x11406b620>: [(3, 40449.648, 43449.648), (2, 43449.648, None), (0, 48429.648, None), (2, 59360.184, None)]}",323.69507710357215,147501.65387659342,40449.648,19826.375667708995,40449.648,64823.388999999996,True,25.420530595199992
lamf-test-d1831f12-882c-4e14-bb62-b9776ced5649,"{<resource_manager.instance.OnPremInstance object at 0x11406b620>: [(3, 40479.648, None)]}",62.263052342770514,33956.88768679087,40479.648,19827.375667708995,40479.648,40495.047999999995,False,
lamf-test-9c4c82a6-08d5-47bd-9589-83ce8af6f468,"{<resource_manager.instance.OnPremInstance object at 0x11406b620>: [(6, 40509.648, None), (-5, 45489.648, None)]}",291.9040113839834,147537.60805445467,40509.648,19830.779841304997,40509.648,61849.435000000005,True,18.75485760720001
lamf-test-0d7701be-3ce7-49c1-9391-e93bc28aface,"{<resource_manager.instance.OnPremInstance object at 0x11406b620>: [(2, 40539.648, None)]}",74.93798997685712,34015.8928553087,40539.648,19838.457696376998,40539.648,40555.047999999995,False,
lamf-test-df81467a-4b45-4bf0-9c71-c38863eca94a,"{<resource_manager.instance.OnPremInstance object at 0x11406b620>: [(3, 40569.648, None), (2, 42009.648, None), (-2, 42669.648, None), (3, 43329.648, None), (-4, 43839.648, None)]}",90.94794091988545,51041.91487601816,40569.648,19842.088858501997,40569.648,44330.542,True,5.533109212800001
lamf-test-a691c5b1-12d1-40f2-af64-e72afc904125,"{<resource_manager.instance.OnPremInstance object at 0x11406b620>: [(5, 40959.648, None)]}",99.92248787916859,50995.56596023656,40959.648,19843.088858501997,40959.648,44924.898,True,8.041526999999999
lamf-test-08f07093-2907-4ba0-a255-32c22f0fcc78,"{<resource_manager.instance.OnPremInstance object at 0x11406b620>: [(3, 41229.648, None), (-2, 44229.648, None)]}",298.09142219625704,147535.318912411,41229.648,19844.088858501997,41229.648,47220.255999999994,True,4.8633906047999975
lamf-test-2809816c-7bfc-46e3-bb73-0ce9925ea853,"{<resource_manager.instance.OnPremInstance object at 0x11406b620>: [(2, 41409.648, None)]}",50.90207279429441,34014.68545515594,41409.648,19850.902600284997,41409.648,41425.047999999995,False,
lamf-test-327a626d-9865-47f8-8ba0-52996ec1940c,"{<resource_manager.instance.OnPremInstance object at 0x11406b620>: [(4, 41469.648, None)]}",74.39841740073138,33994.029985788,41469.648,19854.718705026997,41469.648,41485.047999999995,False,
lamf-test-44149545-c52b-4763-ae20-c3268c37dc6f,"{<resource_manager.instance.OnPremInstance object at 0x11406b620>: [(6, 41649.648, None), (-1, 43089.648, None), (-1, 44859.648, None), (-1, 45819.648, None)]}",109.24225266973586,50949.083157411005,41649.648,19873.025209050997,41649.648,47256.378,True,10.399661063999996
lamf-test-457a1c73-20e1-45f7-a144-19901295fb3b,"{<resource_manager.instance.OnPremInstance object at 0x11406b620>: [(4, 41769.648, None)]}",49.05334152829353,34583.92712878443,41769.648,20422.089768993996,41769.648,41785.047999999995,False,
lamf-test-dd9abd19-48be-42ba-b1bc-fa915a5dcef1,"{<resource_manager.instance.OnPremInstance object at 0x11406b620>: [(4, 41889.648, 45369.648), (2, 45369.648, None), (2, 64730.184, None), (-2, 69720.72, None)]}",320.9475259671587,148099.74034566173,41889.648,20423.089768993996,41889.648,71223.179,True,30.6666591504
lamf-test-6f2e770b-ffa0-4b22-be2e-700e1acc453c,"{<resource_manager.instance.OnPremInstance object at 0x11406b620>: [(6, 41949.648, None), (-5, 43959.648, None), (2, 49929.648, None)]}",314.03861715723247,147941.3805041594,41949.648,20434.939742515995,41949.648,52424.837,True,10.349113975200002
lamf-test-32172143-1bae-4833-a5f0-e53bac6ac6d4,"{<resource_manager.instance.OnPremInstance object at 0x11406b620>: [(6, 42069.648, None), (-4, 43209.648, None), (2, 43719.648, None)]}",101.07515126388836,51619.628314265836,42069.648,20436.221390962994,42069.648,46264.976,True,7.317556147200003
lamf-test-3b06725f-04eb-4610-a2d8-34a69a9c127f,"{<resource_manager.instance.OnPremInstance object at 0x11406b620>: [(5, 43209.648, None), (-3, 44499.648, None), (1, 46419.648, None), (3, 46929.648, None)]}",123.85755114021583,51648.65068476757,43209.648,20437.221390962994,43209.648,48676.700000000004,True,9.045817747200008
lamf-test-73802176-7b43-45cb-be2f-758b39305344,"{<resource_manager.instance.OnPremInstance object at 0x11406b620>: [(4, 43269.648, None)]}",57.80879755607951,34596.328485142876,43269.648,20439.059012771995,43269.648,43285.047999999995,False,
lamf-test-bfb0cddb-1544-48a4-b06e-9eadc91468fd,"{<resource_manager.instance.OnPremInstance object at 0x11406b620>: [(6, 44259.648, None), (-3, 45999.648, None), (-1, 46509.648, None)]}",95.51732021748852,51719.64228893073,44259.648,20440.059012771995,44259.648,47945.142,True,6.019504732799999
lamf-test-3e227187-9182-4a9b-bf09-75d5b5a39b59,"{<resource_manager.instance.OnPremInstance object at 0x11406b620>: [(2, 44289.648, None), (0, 46779.648, None), (1, 67340.18400000001, None), (1, 71321.256, None)]}",320.9833484047092,148235.83983205952,44289.648,20447.491992207993,44289.648,76291.924,True,31.607174975999996
lamf-test-0fdcad07-bf2d-4d92-8354-0c4ee7d909cf,"{<resource_manager.instance.OnPremInstance object at 0x11406b620>: [(6, 44349.648, None)]}",57.46774388158159,34544.53155335281,44349.648,20448.491992207993,44349.648,44365.047999999995,False,
lamf-test-f86b8860-b2ed-456c-9f30-6f6a9139ebf4,"{<resource_manager.instance.OnPremInstance object at 0x11406b620>: [(5, 44409.648, None), (-3, 48879.648, None), (1, 62270.184, None), (3, 64280.184, None), (-3, 66290.18400000001, None), (1, 71261.256, None)]}",305.1378797801942,148535.44664817277,44409.648,20449.578041614994,44409.648,73260.67,True,36.5575164864
lamf-test-a37f5b70-4c4f-44b3-a817-99539c326610,"{<resource_manager.instance.OnPremInstance object at 0x11406b620>: [(4, 44439.648, None)]}",57.694188998700625,34538.18027943659,44439.648,20451.479578291994,44439.648,44455.047999999995,False,
lamf-test-a0961e5f-36f8-49a0-be25-041d077e1525,"{<resource_manager.instance.OnPremInstance object at 0x11406b620>: [(2, 44469.648, 48939.648), (2, 48939.648, None), (2, 53439.648, None)]}",302.7913218356865,148192.96540399425,44469.648,20452.512008083995,44469.648,55935.255,True,11.325336796799993
lamf-test-e9e3c180-3644-4ec5-bd7f-fb857cf9758f,"{<resource_manager.instance.OnPremInstance object at 0x11406b620>: [(5, 44499.648, None)]}",277.1468078662494,148207.133237888,44499.648,20455.730246434996,44499.648,48979.62899999999,True,9.085401467999985
lamf-test-9329565e-0cc9-410e-9937-6b7537e158ae,"{<resource_manager.instance.CloudReservedInstance object at 0x11426c3b0>: [(2, 44529.648, None), (-4, 68160.72, None)], <resource_manager.instance.CloudReservedInstance object at 0x11406be00>: [(1, 44529.648, None)], <resource_manager.instance.CloudOnDemandInstance object at 0x1140828b0>: [(1, 44529.648, None)], <resource_manager.instance.CloudOnDemandInstance object at 0x114082520>: [(2, 44529.648, None)]}",289.93639360238836,148071.11391838666,44529.648,20456.893725817998,44529.648,80956.8697003298,True,230.1343453934487
lamf-test-f542227f-df52-4f0c-ae96-9700636101a5,"{<resource_manager.instance.OnPremInstance object at 0x11406b620>: [(6, 44889.648, None), (-1, 45399.648, None), (-2, 47169.648, None), (3, 49869.648, None)]}",98.85116440229747,51644.55880323227,44889.648,20464.069550080996,44889.648,50676.456,True,10.079503948799994
lamf-test-9aa73522-f6c8-49a8-a56a-28cd17720766,"{<resource_manager.instance.OnPremInstance object at 0x11406b620>: [(6, 45009.648, None), (-2, 46599.648, None)]}",99.02000673984057,51706.733821524096,45009.648,20468.992260901996,45009.648,47560.796,True,5.428790515200003
lamf-test-20435df7-63e4-419e-8d22-d33076e8dcf2,"{<resource_manager.instance.OnPremInstance object at 0x11406b620>: [(2, 45039.648, 48039.648), (2, 48039.648, None), (1, 53019.648, None)]}",307.8323914198774,148198.1773516184,45039.648,20469.992260901996,45039.648,60472.327,True,15.541795807199996
lamf-test-79eb9a19-2e44-423f-814a-791df0f7734e,"{<resource_manager.instance.OnPremInstance object at 0x11406b620>: [(2, 45069.648, None), (2, 46359.648, None), (-2, 47019.648, None), (1, 48309.648, None)]}",110.61449386789155,52116.46162175463,45069.648,21020.922823127996,45069.648,49427.354,True,4.523704660799998
lamf-test-7f97cbae-fe7b-4dba-87f8-0ca2882583a5,"{<resource_manager.instance.OnPremInstance object at 0x11406b620>: [(4, 45369.648, None), (0, 46959.648, None), (-2, 48249.648, None), (1, 49539.648, None)]}",101.33638951109616,52136.52544390124,45369.648,21022.788359483995,45369.648,52151.92544390124,False,
lamf-test-6c201a0a-e193-4746-b7c6-ff82b4d5eeef,"{<resource_manager.instance.OnPremInstance object at 0x11406b620>: [(6, 45429.648, 49899.648), (1, 49899.648, None), (2, 57440.184, None), (0, 68370.72, None), (-1, 73361.256, None)]}",319.4947582934635,148868.70164469082,45429.648,21023.788359483995,45429.648,75853.59699999998,True,35.33118083039998
lamf-test-4b6bc7a8-825f-4ed7-a11d-b9402493f256,"{<resource_manager.instance.OnPremInstance object at 0x11406b620>: [(2, 45969.648, 52449.648), (2, 52449.648, None)]}",315.0940754980354,148702.83913761063,45969.648,21025.207625751496,45969.648,62867.554,True,13.707581347199994
lamf-test-0c64519c-480b-40a3-83cb-e32930215173,"{<resource_manager.instance.OnPremInstance object at 0x11406b620>: [(4, 45999.648, None), (-2, 49989.648, None), (3, 63380.184, None), (1, 71321.256, None), (-3, 80261.256, None)]}",305.2027703895845,148694.8967909606,45999.648,21033.977599170998,45999.648,85725.268,True,61.845266620799975
lamf-test-545db71e-0ac4-4fd9-bae7-0ae698ee188a,"{<resource_manager.instance.OnPremInstance object at 0x11406b620>: [(5, 46029.648, 50019.648), (2, 50019.648, None)]}",303.0498265026395,148873.32877270266,46029.648,21040.995864669996,46029.648,54496.301,True,11.723180913599997
lamf-test-4f1fe545-8677-4a84-8abf-5cf06961f85c,"{<resource_manager.instance.OnPremInstance object at 0x11406b620>: [(6, 46089.648, 48099.648), (2, 48099.648, None)]}",310.3840944895742,148618.0280284852,46089.648,21049.948982448997,46089.648,66168.808,True,19.549238592000002
lamf-test-6e9b564f-bd08-4a74-adb5-0f54b0e3a954,"{<resource_manager.instance.OnPremInstance object at 0x11406b620>: [(2, 46329.648, None), (0, 50619.648, None)]}",95.10170299612852,52235.22479633031,46329.648,21054.263726233,46329.648,52250.6247963303,False,
lamf-test-cf5ee26c-33df-418f-9253-bf22cfb1db3e,"{<resource_manager.instance.OnPremInstance object at 0x11406b620>: [(3, 47289.648, None), (1, 48879.648, None)]}",86.78911405093122,52144.6201454095,47289.648,21058.082991807998,47289.648,49683.418,True,3.238748447999995
lamf-test-20bd965c-e3af-463e-ad6b-f7ce4b078baa,"{<resource_manager.instance.OnPremInstance object at 0x11406b620>: [(5, 47559.648, None)]}",49.20241958092055,35254.57278008239,47559.648,21059.121144309996,47559.648,47575.047999999995,False,
lamf-test-d80357f1-4d3d-475b-a1da-53fbb3ddaa84,"{<resource_manager.instance.OnPremInstance object at 0x11406b620>: [(6, 47649.648, None), (-5, 52629.648, None), (0, 62570.184, None), (5, 77441.256, None)]}",308.2995677163823,148862.3004697254,47649.648,21060.121144309996,47649.648,82412.77799999999,True,34.281612144
lamf-test-0b008ed2-19e2-4099-a5b7-5ad49013ab38,"{<resource_manager.instance.OnPremInstance object at 0x11406b620>: [(6, 48099.648, None), (-1, 51609.648, None)]}",98.70843455961634,52342.351739991966,48099.648,21068.326956259498,48099.648,52357.75173999196,False,
lamf-test-e31740c1-403e-4c71-8a7f-0330adf6a272,"{<resource_manager.instance.OnPremInstance object at 0x11406b620>: [(5, 48729.648, None)]}",51.6673689623557,35150.15825026845,48729.648,21071.249758568,48729.648,48745.047999999995,False,
lamf-test-ff97215d-d288-4a40-9a08-b29190e7eee1,"{<resource_manager.instance.OnPremInstance object at 0x11406b620>: [(4, 48789.648, None)]}",50.90199713640601,35126.17957737191,48789.648,21073.915103290998,48789.648,48805.047999999995,False,
lamf-test-0b722e5a-870b-4bb2-acf4-7c5f987aee07,"{<resource_manager.instance.OnPremInstance object at 0x11406b620>: [(4, 48849.648, None)]}",60.84882595404457,35211.685878178425,48849.648,21074.915103290998,48849.648,48865.047999999995,False,
lamf-test-86bee4c0-8211-4364-b2b2-315ff254f448,"{<resource_manager.instance.OnPremInstance object at 0x11406b620>: [(4, 48879.648, None)]}",60.879551145103115,35229.997652736616,48879.648,21077.764354353,48879.648,48895.047999999995,False,
lamf-test-1fb51fa6-4d43-412b-9a86-c51ec772c644,"{<resource_manager.instance.OnPremInstance object at 0x11406b620>: [(5, 48969.648, None)]}",79.83864331738259,36024.40252363582,48969.648,21630.730173906,48969.648,48985.047999999995,False,
lamf-test-ea68f53d-4ebe-4fb8-83dd-aa5b6c6a2310,"{<resource_manager.instance.OnPremInstance object at 0x11406b620>: [(4, 49029.648, None), (0, 50769.648, None)]}",110.2774483129196,52870.04320683786,49029.648,21631.730173906,49029.648,52885.44320683785,False,
lamf-test-ed127e72-be6f-436a-8fe9-27a8ad06a858,"{<resource_manager.instance.OnPremInstance object at 0x11406b620>: [(6, 49089.648, None), (-5, 58040.184, None), (0, 61040.184, None), (1, 68010.72, None)]}",328.19458272409565,149548.4745333583,49089.648,21632.730173906,49089.648,72483.371,True,29.454288302400002
lamf-test-6250b41b-6866-44ee-9930-467c8f1f7d45,"{<resource_manager.instance.OnPremInstance object at 0x11406b620>: [(6, 49449.648, None), (-3, 51189.648, None), (1, 52329.648, None)]}",92.1601820634213,52867.71515994724,49449.648,21647.805583507998,49449.648,52883.115159947236,False,
lamf-test-4c84a4d8-5052-4c6f-afd2-7c5df767217c,"{<resource_manager.instance.OnPremInstance object at 0x11406b620>: [(6, 49899.648, None)]}",71.28909006291121,35749.27643752837,49899.648,21651.746465113996,49899.648,49915.047999999995,False,
lamf-test-e1378e61-db93-479c-b4b7-359d51f2c742,"{<resource_manager.instance.OnPremInstance object at 0x11406b620>: [(6, 49989.648, None)]}",52.48076757861521,35924.06246642695,49989.648,21661.736393929998,49989.648,50005.047999999995,False,
lamf-test-56573715-8535-4ef6-86b5-dcb681b21f75,"{<resource_manager.instance.OnPremInstance object at 0x11406b620>: [(2, 50019.648, 54009.648), (2, 54009.648, None), (2, 61460.184, None), (0, 63470.184, None), (2, 70440.72, None), (-4, 73451.256, None)]}",309.32301155717374,149686.4061022659,50019.648,21662.736393929998,50019.648,75944.416,True,33.199476211199986
lamf-test-a8f2c75b-6fbc-476d-891d-92f88bfed8de,"{<resource_manager.instance.OnPremInstance object at 0x11406b620>: [(6, 50049.648, None)]}",60.82789615796186,35909.23424383346,50049.648,21666.515410412998,50049.648,50065.047999999995,False,
lamf-test-7c4919b0-6563-4e4b-a109-6e7eddf9dab2,"{<resource_manager.instance.OnPremInstance object at 0x11406b620>: [(4, 50109.648, None), (-2, 53109.648, None), (1, 65030.184, None), (1, 70991.256, None), (-2, 73991.256, None), (3, 77981.256, None)]}",284.9077105670405,149401.26450030162,50109.648,21667.660901756997,50109.648,81466.715,True,36.9629700648
lamf-test-2b8a61cc-a82b-4153-b888-886b130ebdcb,"{<resource_manager.instance.OnPremInstance object at 0x11406b620>: [(6, 50289.648, 58250.184), (1, 58250.184, None), (3, 63230.184, None)]}",288.0380279745152,149695.02840979985,50289.648,21669.8289618385,50289.648,67210.254,True,27.849913977600004
lamf-test-ecb2683b-9e41-48ec-91a2-6a6d38c45b39,"{<resource_manager.instance.OnPremInstance object at 0x11406b620>: [(2, 50709.648, None), (0, 56169.648, None), (0, 63620.184, None), (4, 74051.256, None), (-3, 77051.256, None), (1, 79061.256, None)]}",329.9077900544537,149632.6995910473,50709.648,21674.137613750998,50709.648,84032.55099999998,True,36.746709417599966
lamf-test-69f3610c-edfc-431a-ac62-c6c3e7603585,"{<resource_manager.instance.OnPremInstance object at 0x11406b620>: [(5, 50739.648, None)]}",101.55343618416583,52903.02168869459,50739.648,21677.131276172997,50739.648,52918.42168869459,False,
lamf-test-db07f320-f70e-4581-b141-d95e0791351c,"{<resource_manager.instance.CloudReservedInstance object at 0x11426c3b0>: [(2, 50769.648, None)], <resource_manager.instance.CloudReservedInstance object at 0x114265310>: [(2, 50769.648, None)]}",67.5503798079176,36272.27607275662,50769.648,22223.170568276997,50769.648,50785.047999999995,False,
lamf-test-f73d4880-234f-4ef4-b427-8c893deb0ab7,"{<resource_manager.instance.CloudReservedInstance object at 0x11426c3b0>: [(2, 50889.648, None)], <resource_manager.instance.CloudReservedInstance object at 0x114265310>: [(3, 50889.648, 64640.184), (1, 82961.256, None)]}",289.55899307824876,149777.49436309678,50889.648,22225.056891170996,50889.648,144732.91419392533,True,239.5621668086918
lamf-test-870691de-e40a-44a6-b524-758dc9ee2699,"{<resource_manager.instance.OnPremInstance object at 0x11406b620>: [(6, 51309.648, None), (-5, 56289.648, None)]}",318.593861795503,149738.80964574087,51309.648,22230.717348059497,51309.648,60766.719,True,13.935227997600002
lamf-test-787e33de-2c34-4cf0-bd9d-1f6b1a5da962,"{<resource_manager.instance.OnPremInstance object at 0x11406b620>: [(3, 51549.648, None), (2, 52509.648, None)]}",98.72547788684845,53631.12884043148,51549.648,22237.024484282996,51549.648,53646.52884043147,False,
lamf-test-95b7467a-1a49-4273-9a59-d080cf448191,"{<resource_manager.instance.OnPremInstance object at 0x11406b620>: [(6, 52269.648, None), (-5, 55269.648, None), (0, 61250.184, None)]}",303.1008089718593,149933.35098546612,52269.648,22242.663713036996,52269.648,72163.80799999999,True,14.153071296
lamf-test-4b6ef0de-0d6b-4c17-a583-0b04e2222603,"{<resource_manager.instance.OnPremInstance object at 0x11406b620>: [(6, 52629.648, None)]}",304.5800255914627,150209.17306303096,52629.648,22251.705964511995,52629.648,64545.46399999999,True,28.99832981759998
lamf-test-dfcd1cfc-af92-4194-9a51-c980d70402e7,"{<resource_manager.instance.OnPremInstance object at 0x11406b620>: [(5, 52929.648, None)]}",104.89919658381315,53399.872960922316,52929.648,22254.759379718995,52929.648,53415.27296092231,False,
lamf-test-3caf5282-95cc-4847-bdc6-12864fd51ff6,"{<resource_manager.instance.OnPremInstance object at 0x11406b620>: [(2, 52989.648, None)]}",88.21646259362132,53230.64047091994,52989.648,22258.784599469996,52989.648,53246.040470919936,False,
lamf-test-76f31f64-e074-4b6a-9579-e22c37b55e69,"{<resource_manager.instance.OnPremInstance object at 0x11406b620>: [(5, 53049.648, None)]}",57.885218243385175,37068.80175651976,53049.648,22823.476458779496,53049.648,53065.047999999995,False,
lamf-test-9e038649-678e-4ec1-8038-665a8a0ccdab,"{<resource_manager.instance.OnPremInstance object at 0x11406b620>: [(6, 53109.648, 55119.648), (1, 55119.648, None), (1, 68520.72, None), (0, 71531.256, None), (1, 81971.256, None), (1, 87431.256, None)]}",305.1144082584737,150562.206924096,53109.648,22824.984325607995,53109.648,89924.014,True,31.926064185599994
lamf-test-816ecb3f-0729-4858-99cd-1237c929b94a,"{<resource_manager.instance.OnPremInstance object at 0x11406b620>: [(6, 53469.648, 57440.184), (1, 57440.184, None)]}",325.447174391888,150457.53281407646,53469.648,22825.984325607995,53469.648,65382.764,True,12.8842068576
lamf-test-9dd25f94-b2d8-4857-adb4-87c377066854,"{<resource_manager.instance.OnPremInstance object at 0x11406b620>: [(3, 53709.648, None), (0, 66350.18400000001, None)]}",304.2337725718405,150891.5367555977,53709.648,22829.408119587995,53709.648,69336.927,True,19.015273087199994
lamf-test-5d4708b4-be70-4e57-95c0-9df21e198378,"{<resource_manager.instance.OnPremInstance object at 0x11406b620>: [(5, 54489.648, None)]}",119.73047030526563,54042.33813927764,54489.648,22830.408119587995,54489.648,54505.047999999995,False,
lamf-test-fe21cf99-74f2-4c6e-92c0-836166b37c9b,"{<resource_manager.instance.OnPremInstance object at 0x11406b620>: [(3, 54549.648, None)]}",306.6266107573227,150641.87358617666,54549.648,22832.812688575996,54549.648,68668.99999999999,True,17.180427513599984
lamf-test-af303474-9c6d-4cd6-af46-9ee1b2d1d0c4,"{<resource_manager.instance.OnPremInstance object at 0x11406b620>: [(6, 54939.648, None)]}",83.47238892971743,54026.84615872883,54939.648,22839.906512824997,54939.648,54955.047999999995,False,
lamf-test-48887eaf-7764-41b1-8a24-eb297e7a4537,"{<resource_manager.instance.OnPremInstance object at 0x11406b620>: [(6, 54969.648, None)]}",92.60848910013964,53985.59705161396,54969.648,22845.348955864996,54969.648,54985.047999999995,False,
lamf-test-70da499d-f492-45a5-857f-ba98849424d5,"{<resource_manager.instance.OnPremInstance object at 0x11406b620>: [(4, 55029.648, None)]}",105.64492540905647,53941.03137207712,55029.648,22846.914358012997,55029.648,55045.047999999995,False,
lamf-test-41153241-bf67-4ba2-bd57-821911347a85,"{<resource_manager.instance.OnPremInstance object at 0x11406b620>: [(3, 55089.648, None)]}",99.23133172494114,53997.77032381279,55089.648,22849.689275992998,55089.648,55105.047999999995,False,
lamf-test-6557112d-0dd1-4a4f-956a-4810ab29fb87,"{<resource_manager.instance.OnPremInstance object at 0x11406b620>: [(5, 55119.648, None), (-4, 56619.648, None), (0, 71501.256, None), (3, 79451.256, None), (1, 82931.256, None), (-3, 87401.256, None)]}",284.1643475390076,150146.14914808885,55119.648,22858.588003246998,55119.648,90883.596,True,29.8384864128
lamf-test-9c88980c-fc13-42ba-ae80-9214e850b23c,"{<resource_manager.instance.OnPremInstance object at 0x11406b620>: [(3, 55149.648, None)]}",56.88278421553064,36909.19993922766,55149.648,22859.588003246998,55149.648,55165.047999999995,False,
lamf-test-599db447-ffc5-4f67-bbdb-15246291d10d,"{<resource_manager.instance.OnPremInstance object at 0x11406b620>: [(4, 55269.648, None)]}",58.09494942769889,36769.10305737532,55269.648,22867.020281175,55269.648,55285.047999999995,False,
lamf-test-67a1a99a-4314-4946-83c9-ed2acd2c23fe,"{<resource_manager.instance.OnPremInstance object at 0x11406b620>: [(2, 55299.648, None)]}",104.56386159081104,54078.15412409678,55299.648,22868.020281175,55299.648,55315.047999999995,False,
lamf-test-1bd3ea85-4b86-41d6-88ae-4d09629a5e9f,"{<resource_manager.instance.OnPremInstance object at 0x11406b620>: [(5, 55329.648, None)]}",91.30297666017438,54013.085106568244,55329.648,22871.366776632498,55329.648,55345.047999999995,False,
lamf-test-04e82c6f-21eb-4e35-8244-b06d0737db1d,"{<resource_manager.instance.OnPremInstance object at 0x11406b620>: [(5, 55449.648, None)]}",95.5159501731966,54306.72184793737,55449.648,22873.476479982997,55449.648,55465.047999999995,False,
lamf-test-227b9038-f251-4152-94eb-43a9fb1d09b6,"{<resource_manager.instance.OnPremInstance object at 0x11406b620>: [(5, 55509.648, None)]}",66.25196628808428,37105.155532130935,55509.648,22876.523579694996,55509.648,55525.047999999995,False,
lamf-test-b20c0974-09ea-4c80-b141-7811b8b20475,"{<resource_manager.instance.OnPremInstance object at 0x11406b620>: [(2, 55569.648, None)]}",96.38631983638818,53973.47314153168,55569.648,22877.523579694996,55569.648,55585.047999999995,False,
lamf-test-ab19fe1e-973b-44c8-a2b5-9c88f8dd630c,"{<resource_manager.instance.OnPremInstance object at 0x11406b620>: [(5, 55629.648, None), (-4, 58130.184, None), (3, 64100.184, None), (1, 69090.72, None)]}",310.22675767562004,150693.63570495354,55629.648,22878.523579694996,55629.648,71584.836,True,20.647231862399988
lamf-test-38119ffa-10d5-4f96-9e4f-d7aa2d684f4c,"{<resource_manager.instance.OnPremInstance object at 0x11406b620>: [(5, 55689.648, 60170.184), (2, 60170.184, None), (0, 71591.256, None)]}",315.0920376046709,150737.4588567332,55689.648,22881.770733818998,55689.648,79037.971,True,24.392075822400002
lamf-test-0edb2b7d-ea79-4551-a1d6-40e8f4f75204,"{<resource_manager.instance.OnPremInstance object at 0x11406b620>: [(2, 55749.648, None)]}",49.09599477194767,36876.04816878322,55749.648,22883.637227126997,55749.648,55765.047999999995,False,
lamf-test-fb5bb86a-097c-4cce-b52f-faf7de14091c,"{<resource_manager.instance.OnPremInstance object at 0x11406b620>: [(5, 56289.648, None), (-3, 58280.184, None), (0, 63260.184, None)]}",310.7135837098068,150681.43895802123,56289.648,22884.637227126997,56289.648,70211.3,True,13.7153283072
lamf-test-ffa00229-4854-4a3b-9050-ac62a552280b,"{<resource_manager.instance.OnPremInstance object at 0x11406b620>: [(2, 56319.648, None), (0, 61790.184, None), (0, 64790.184, None), (2, 71771.256, None), (-1, 76751.256, None)]}",328.09484391630104,150727.2596471734,56319.648,22885.637227126997,56319.648,79738.37099999998,True,24.24861794159998
lamf-test-404b381d-5a0f-4cbc-ae4f-02ebbbeb7a4d,"{<resource_manager.instance.OnPremInstance object at 0x11406b620>: [(6, 56349.648, None)]}",54.32250531179826,37099.73067330759,56349.648,22886.637227126997,56349.648,56365.047999999995,False,
lamf-test-1945932c-936e-4e58-b59b-8fc5fe0a5a90,"{<resource_manager.instance.OnPremInstance object at 0x11406b620>: [(4, 56379.648, None), (-3, 59360.184, None)]}",307.9539703217035,151175.1122468744,56379.648,23436.887368658998,56379.648,70273.59999999999,True,9.262103135999995
lamf-test-05011c3e-5178-4e8c-a944-565636c84b62,"{<resource_manager.instance.OnPremInstance object at 0x11406b620>: [(2, 56409.648, 58400.184), (2, 58400.184, 61400.184), (1, 61400.184, None), (2, 67370.18400000001, None)]}",311.6110618417853,150929.52594585007,56409.648,23441.525119779,56409.648,72339.836,True,12.516827356799986
lamf-test-01d3dab5-d631-4e94-b48f-123fd1e6d0ca,"{<resource_manager.instance.OnPremInstance object at 0x11406b620>: [(3, 56439.648, None)]}",62.28353144846482,37546.82875524228,56439.648,23447.229845015998,56439.648,56455.047999999995,False,
lamf-test-e42daae1-319e-4d66-892f-ff458cefa185,"{<resource_manager.instance.OnPremInstance object at 0x11406b620>: [(5, 56619.648, None), (-4, 58130.184, None), (1, 65090.184, None), (1, 69570.72, None), (2, 73061.256, None)]}",331.8539601540227,151126.06973228292,56619.648,23448.530532926998,56619.648,81503.99799999999,True,30.890118791999985
lamf-test-64767f79-cec9-4cb3-b8c5-46b3e86d20f8,"{<resource_manager.instance.OnPremInstance object at 0x11406b620>: [(4, 56889.648, None), (-3, 59390.184, None), (1, 68340.72, None), (2, 77291.256, None), (2, 81281.256, None), (-1, 85271.256, None)]}",283.87618715962776,151012.51716486673,56889.648,23449.960323977997,56889.648,90242.551,True,41.21310807120001
lamf-test-4f40bb80-4246-4e5c-807f-5b2f111e8553,"{<resource_manager.instance.CloudOnDemandInstance object at 0x1140828b0>: [(4, 57009.648, None)], <resource_manager.instance.CloudReservedInstance object at 0x11426c3b0>: [(-3, 77321.256, None)], <resource_manager.instance.CloudReservedInstance object at 0x1140823f0>: [(1, 90131.256, None)]}",300.28901978300945,151016.15965622113,57009.648,23451.027838379996,57410.184,124212.28433502684,True,465.72122336681514
lamf-test-428fc4b3-a829-4902-849a-b2c3bb41b1dd,"{<resource_manager.instance.OnPremInstance object at 0x11406b620>: [(6, 57500.184, None)]}",111.95659614535904,54567.73298085523,57500.184,23455.044717125995,57500.184,57515.583999999995,False,
lamf-test-9638132b-b89e-4ce9-a020-504ebe7f7390,"{<resource_manager.instance.OnPremInstance object at 0x11406b620>: [(3, 57560.184, None)]}",103.1682902438305,54421.546501125544,57560.184,23458.408505126994,57560.184,57575.583999999995,False,
lamf-test-6ebb2b55-7f25-4fcc-998e-d62668ae8460,"{<resource_manager.instance.OnPremInstance object at 0x11406b620>: [(6, 57620.184, None)]}",60.69367071554156,37801.53431444298,57620.184,23467.579234823996,57620.184,57635.583999999995,False,
lamf-test-5704a2cc-027b-4370-a7eb-9804c4d8380a,"{<resource_manager.instance.OnPremInstance object at 0x11406b620>: [(5, 57680.184, None), (-4, 63140.184, None), (1, 66140.18400000001, None), (1, 70140.72, None), (2, 79091.256, None)]}",328.518781280289,150968.90677442556,57680.184,23469.840444245994,57680.184,82081.625,True,32.49039534
lamf-test-4bdc3b38-4b50-41c5-90d1-8319dfa6ef3f,"{<resource_manager.instance.OnPremInstance object at 0x11406b620>: [(5, 57860.184, None)]}",321.16833722466623,151313.01826277393,57860.184,23470.840444245994,57860.184,72754.954,True,30.20659355999999
lamf-test-cbaeac35-da39-4580-bb48-6f69d435e1ef,"{<resource_manager.instance.OnPremInstance object at 0x11406b620>: [(6, 58040.184, None)]}",59.97502759856391,37750.777294761596,58040.184,23475.926354829993,58040.184,58055.583999999995,False,
lamf-test-faec5c90-186b-4555-954c-a8baf4f027a2,"{<resource_manager.instance.OnPremInstance object at 0x11406b620>: [(4, 58100.184, None)]}",104.23072108364673,54694.07479633215,58100.184,23476.926354829993,58100.184,58115.583999999995,False,
lamf-test-0967a8c1-fdb4-4be1-a916-cc022480b089,"{<resource_manager.instance.OnPremInstance object at 0x11406b620>: [(2, 58130.184, None)]}",89.68473907463206,54468.28569205002,58130.184,23477.926354829993,58130.184,58145.583999999995,False,
lamf-test-d392fb46-3ada-4299-920d-04b5ae462e49,"{<resource_manager.instance.OnPremInstance object at 0x11406b620>: [(4, 58160.184, None)]}",53.88118833696197,37601.58777444485,58160.184,23478.926354829993,58160.184,58175.583999999995,False,
lamf-test-b4f2a445-161d-42de-8bf2-99cedcdf1a1d,"{<resource_manager.instance.OnPremInstance object at 0x11406b620>: [(2, 58190.184, 60200.184), (2, 60200.184, None), (2, 67160.18400000001, None)]}",317.30210148260704,151251.54441008653,58190.184,23480.285181003994,58190.184,71636.62700000001,True,14.539045123200005
lamf-test-c7f36b6d-6d0e-497a-bed2-ab51e4200e00,"{<resource_manager.instance.OnPremInstance object at 0x11406b620>: [(6, 58220.184, None)]}",67.30455789142538,37586.667872548125,58220.184,23487.451633650995,58220.184,58235.583999999995,False,
lamf-test-902ad2da-a958-4f6f-a105-0cf09133c223,"{<resource_manager.instance.OnPremInstance object at 0x11406b620>: [(4, 58250.184, None), (-2, 61250.184, None)]}",319.6161610919672,151151.12034777386,58250.184,23489.073420309996,58250.184,71668.927,True,13.318884321599993
lamf-test-5c066d18-4f49-4722-a66a-a3c4e7ab30cb,"{<resource_manager.instance.OnPremInstance object at 0x11406b620>: [(3, 58280.184, None)]}",105.95282638563052,55169.33779098955,58280.184,24031.283254326998,58280.184,58295.583999999995,False,
lamf-test-03f57a47-31b2-463e-9964-32e1833cfbcd,"{<resource_manager.instance.OnPremInstance object at 0x11406b620>: [(6, 58310.184, None)]}",98.51981663568804,55196.71620087094,58310.184,24032.283254326998,58310.184,58325.583999999995,False,
lamf-test-b284ea68-a93a-41ac-9d3b-a2d0c0674e21,"{<resource_manager.instance.OnPremInstance object at 0x11406b620>: [(2, 58340.184, None), (0, 60830.184, None), (1, 72251.256, None)]}",312.0323931368153,151655.09566878094,58340.184,24033.283254326998,58340.184,74248.072,True,13.714387315200002
lamf-test-274e2f12-b4e9-499b-9b88-36da25e54e24,"{<resource_manager.instance.OnPremInstance object at 0x11406b620>: [(5, 58370.184, 65840.18400000001), (1, 65840.18400000001, None), (1, 82211.256, None), (2, 84701.256, None)]}",331.60036141298406,151781.2786333227,58370.184,24034.283254326998,58370.184,89174.34199999999,True,31.066289529600006
lamf-test-f483d0b8-ba08-4711-99f9-47af2ee222a5,"{<resource_manager.instance.OnPremInstance object at 0x11406b620>: [(3, 58400.184, 60410.184), (1, 60410.184, None), (2, 71321.256, None), (2, 73331.256, None), (1, 77321.256, None)]}",312.7927875459608,152006.3912700005,58400.184,24038.872324377997,58400.184,86755.997,True,40.36917250080002
lamf-test-10d63afb-c09f-4af6-a622-71a25fae2fdf,"{<resource_manager.instance.OnPremInstance object at 0x11406b620>: [(4, 58430.184, 61430.184), (1, 61430.184, None), (2, 66410.18400000001, None), (1, 75341.256, None)]}",310.7244065884292,151394.3573056992,58430.184,24043.520448798998,58430.184,84282.252,True,32.26028831999999
lamf-test-5168b562-8a76-449b-98c0-cc2731c9ca3c,"{<resource_manager.instance.OnPremInstance object at 0x11406b620>: [(2, 58460.184, None), (0, 59960.184, None), (1, 65930.18400000001, None), (-1, 68430.72, None)]}",309.5107801118846,151874.2063951942,58460.184,24047.151091024,58460.184,73399.95399999998,True,13.133358825599982
lamf-test-ff254f04-4cb3-4cab-aa4a-5f045128d210,"{<resource_manager.instance.OnPremInstance object at 0x11406b620>: [(3, 58520.184, None)]}",110.15545315677929,55169.178294439305,58520.184,24048.151091024,58520.184,58535.583999999995,False,
lamf-test-bc23b10d-c69c-4408-9782-8739fbb3209f,"{<resource_manager.instance.OnPremInstance object at 0x11406b620>: [(3, 58550.184, None), (-2, 62030.184, None), (3, 68010.72, None), (-2, 72491.256, None), (3, 75971.256, None)]}",310.0193593332558,151699.11593800897,58550.184,24056.5783328125,58550.184,81435.998,True,27.83486378400002
lamf-test-8ac2f925-7afc-41fe-bb28-31766fc5fb67,"{<resource_manager.instance.OnPremInstance object at 0x11406b620>: [(2, 58580.184, None)]}",78.91788247204538,38104.170592503084,58580.184,24057.5783328125,58580.184,58595.583999999995,False,
lamf-test-8af4e2ac-cf32-4cee-877b-e9f4b759f7f3,"{<resource_manager.instance.OnPremInstance object at 0x11406b620>: [(4, 58850.184, 60860.184), (2, 60860.184, None)]}",289.77114078776196,151433.34116381663,58850.184,24058.5783328125,58850.184,65336.001,True,6.891806750399996
lamf-test-068fc1f2-6deb-41a2-ae15-564e581e4490,"{<resource_manager.instance.OnPremInstance object at 0x11406b620>: [(3, 58880.184, None), (-1, 61370.184, None), (1, 67340.18400000001, None)]}",318.6864958169501,151428.10683906073,58880.184,24065.5674556935,58880.184,74300.16299999999,True,16.34159844719998
lamf-test-f3dda1e4-5862-4683-8e1d-465d2dca42c3,"{<resource_manager.instance.OnPremInstance object at 0x11406b620>: [(4, 59360.184, None), (-3, 60860.184, None), (3, 65840.18400000001, None), (0, 68340.72, None), (2, 74321.256, None)]}",305.16980399325007,151635.69075686645,59360.184,24066.5674556935,59360.184,79784.95299999998,True,31.509632231999944
lamf-test-9a44ea70-cb8b-427c-9af4-a87498aeb7c6,"{<resource_manager.instance.OnPremInstance object at 0x11406b620>: [(2, 59390.184, None)]}",116.40460154918469,55433.454723438954,59390.184,24067.5674556935,59390.184,59405.583999999995,False,
lamf-test-9bda5a96-e4e1-4b91-bbbb-1dacf1ed28b2,"{<resource_manager.instance.OnPremInstance object at 0x11406b620>: [(6, 60170.184, None), (-4, 64160.184, None), (3, 73601.256, None), (-2, 77591.256, None)]}",334.4551264679061,151864.44910981413,60170.184,24068.867198655502,60170.184,87025.37000000001,True,36.93981152160003
lamf-test-e68a5a0e-948d-450e-bd18-14ba76978e62,"{<resource_manager.instance.OnPremInstance object at 0x11406b620>: [(2, 60200.184, None)]}",61.643354936762066,38197.23632789524,60200.184,24073.3285911245,60200.184,60215.583999999995,False,
lamf-test-72ac3048-5fdb-4c21-afcd-eed6fe82e6d1,"{<resource_manager.instance.OnPremInstance object at 0x11406b620>: [(3, 60410.184, None)]}",305.99164294117367,151906.98212298052,60410.184,24076.6895361845,60410.184,63899.746999999996,True,4.246100258399994
lamf-test-947624f9-c308-44e1-a082-5eef08d3ec8d,"{<resource_manager.instance.OnPremInstance object at 0x11406b620>: [(4, 60860.184, None)]}",93.19634223972996,55369.12897531605,60860.184,24077.6895361845,60860.184,60875.583999999995,False,
lamf-test-fd42a6f7-5546-4968-b0ee-4f887fda9461,"{<resource_manager.instance.OnPremInstance object at 0x11406b620>: [(5, 60920.184, 65900.18400000001), (2, 65900.18400000001, None), (2, 77801.256, None), (2, 85751.256, None)]}",313.44017426263486,151651.37271606596,60920.184,24087.4890306015,60920.184,91214.133,True,45.946127073600024
lamf-test-1e1b6610-69b2-4869-80ff-74a807042404,"{<resource_manager.instance.OnPremInstance object at 0x11406b620>: [(5, 61100.184, None), (-4, 66560.18400000001, None)]}",310.82543279392,152045.19803577414,61100.184,24090.1138374915,61100.184,79951.22600000001,True,16.504286635200017
lamf-test-aba1aa4f-f6ce-4af2-b868-ea5768a9b8b8,"{<resource_manager.instance.OnPremInstance object at 0x11406b620>: [(5, 61220.184, None)]}",55.6474329845016,38775.12071848305,61220.184,24635.156268001498,61220.184,61235.583999999995,False,
lamf-test-b37b6ec3-b4f6-4505-b5ff-6313155b88e1,"{<resource_manager.instance.OnPremInstance object at 0x11406b620>: [(5, 61280.184, None)]}",92.20096869554938,55960.25812421365,61280.184,24636.3444365835,61280.184,61295.583999999995,False,
lamf-test-aa0c06ad-8e28-471d-8a21-4c2106849993,"{<resource_manager.instance.OnPremInstance object at 0x11406b620>: [(4, 61340.184, 64340.184), (1, 64340.184, None), (1, 70320.72, None), (4, 72821.256, None), (-3, 77801.256, None), (1, 82781.256, None)]}",297.7430444733612,152673.62113588673,61340.184,24637.3444365835,61340.184,87750.16099999998,True,35.561883676799965
lamf-test-ea317cde-8e65-4009-bbcb-6720d6ab3fc4,"{<resource_manager.instance.OnPremInstance object at 0x11406b620>: [(5, 61400.184, 64880.184), (2, 64880.184, None)]}",322.00845242777757,152471.30370297784,61400.184,24640.4063859865,61400.184,77782.88100000001,True,17.524107806400004
lamf-test-d2030552-fada-4868-9884-3081a3d5e562,"{<resource_manager.instance.OnPremInstance object at 0x11406b620>: [(4, 62030.184, None), (-2, 66500.18400000001, None), (0, 72461.256, None), (4, 77441.256, None), (-3, 79931.256, None), (1, 81941.256, None)]}",335.70235460840024,152277.62154441787,62030.184,24644.2220779795,62030.184,84928.69799999999,True,29.479783507199993
lamf-test-8b57f8ca-98cc-4c1b-8aa2-5b91c1f45b09,"{<resource_manager.instance.CloudReservedInstance object at 0x11406be00>: [(1, 62060.184, None)], <resource_manager.instance.CloudReservedInstance object at 0x114082650>: [(1, 62060.184, None)]}",306.9047417051023,152623.60745012556,62060.184,24647.043613223497,62060.184,118666.43110145132,True,102.72901723971384
lamf-test-a13d6194-2358-4887-a070-b00cd35c865e,"{<resource_manager.instance.OnPremInstance object at 0x11406b620>: [(3, 63140.184, None), (-1, 68130.72, None)]}",302.61921821621866,152551.29460747016,63140.184,24648.535468337497,63140.184,78549.76299999999,True,14.524411886399996
lamf-test-ca1797e6-b093-4c70-86e8-71ffe0d25cca,"{<resource_manager.instance.OnPremInstance object at 0x11406b620>: [(4, 64340.184, None)]}",87.62355008897632,55754.81105845151,64340.184,24651.052940306497,64340.184,64355.583999999995,False,
lamf-test-7bd8b2d3-250f-4731-829c-d7a0653ffcb3,"{<resource_manager.instance.OnPremInstance object at 0x11406b620>: [(4, 64400.184, None), (-2, 66410.18400000001, None)]}",301.8009690341694,152577.2903114855,64400.184,24652.128829214496,64400.184,72371.628,True,8.096947372800003
lamf-test-d11d15e3-c05e-424a-bab1-f5785ed94bc2,"{<resource_manager.instance.OnPremInstance object at 0x11406b620>: [(4, 64580.184, None)]}",65.13660288894543,38794.11496137533,64580.184,24662.584315814496,64580.184,64595.583999999995,False,
lamf-test-a7dc0f00-a53e-4f14-ba21-5c93f2b6c280,"{<resource_manager.instance.OnPremInstance object at 0x11406b620>: [(4, 64640.184, None), (-2, 69630.72, None), (1, 83021.256, None)]}",278.74097160023985,152283.9715808202,64640.184,24663.584315814496,64640.184,95434.34200000002,True,34.06329145440003
lamf-test-88d97e0c-88fe-4c62-bc84-030e5f7776f1,"{<resource_manager.instance.CloudReservedInstance object at 0x11426c3b0>: [(2, 64670.184, None)], <resource_manager.instance.CloudReservedInstance object at 0x114265310>: [(1, 64670.184, None)], <resource_manager.instance.CloudReservedInstance object at 0x114265090>: [(1, 87581.256, None)]}",304.4592028444548,151849.99300784356,64670.184,24665.223908898497,64670.184,110473.38946045138,True,124.65418597159146
lamf-test-2586faa0-8afe-4587-9352-3a45415e951c,"{<resource_manager.instance.CloudReservedInstance object at 0x114265310>: [(2, 64760.184, None)], <resource_manager.instance.CloudReservedInstance object at 0x114265090>: [(1, 64760.184, None)]}",52.1878736324701,38852.50562458873,64760.184,24668.835239061496,64760.184,64775.583999999995,False,
lamf-test-096a164d-3416-42b7-999a-d92269a9a7ca,"{<resource_manager.instance.OnPremInstance object at 0x11406b620>: [(6, 64880.184, None), (-5, 69870.72, None), (3, 75851.256, None), (-2, 82331.256, None), (3, 84341.256, None)]}",310.89137174012484,152844.87344335823,64880.184,24669.835239061496,64880.184,88318.90699999999,True,34.781014039199995
lamf-test-debb5ae3-8ca9-424a-a1fe-ae626817d5d4,"{<resource_manager.instance.CloudReservedInstance object at 0x114265310>: [(2, 64910.184, None)], <resource_manager.instance.CloudReservedInstance object at 0x114265090>: [(1, 64910.184, None)], <resource_manager.instance.CloudReservedInstance object at 0x1140823f0>: [(1, 64910.184, None)]}",50.08229655297103,38896.823845720384,64910.184,24670.971695947497,64910.184,64925.583999999995,False,
lamf-test-9f4c8a2a-2fe4-4712-9592-1f90f46792d9,"{<resource_manager.instance.CloudReservedInstance object at 0x114265310>: [(2, 65000.184, None)], <resource_manager.instance.CloudReservedInstance object at 0x114265090>: [(1, 65000.184, None)], <resource_manager.instance.CloudReservedInstance object at 0x1140823f0>: [(1, 65000.184, None)], <resource_manager.instance.CloudOnDemandInstance object at 0x114082520>: [(1, 65000.184, 82061.256)]}",322.9477688777042,152101.4760152575,65000.184,24671.971695947497,65000.184,150194.28418107273,True,164.62180750225315
lamf-test-81195703-aa5f-481d-abd3-346d6a96d7d8,"{<resource_manager.instance.OnPremInstance object at 0x11406b620>: [(2, 65060.184, None)]}",57.90728747613712,38876.158384208815,65060.184,24673.192938509495,65060.184,65075.583999999995,False,
lamf-test-292ff255-562b-496c-972f-f8340f6cddab,"{<resource_manager.instance.OnPremInstance object at 0x11406b620>: [(2, 65120.184, None), (0, 67130.18400000001, None), (1, 76061.256, None), (2, 81521.256, None)]}",321.5271161172489,152419.65595714247,65120.184,24675.129571514495,65120.184,85007.044,True,22.588303670399995
lamf-test-3943f80b-7a33-4e35-a8a4-f3b6aa99c52d,"{<resource_manager.instance.OnPremInstance object at 0x11406b620>: [(3, 65360.184, None)]}",31.751233670300554,38767.71517912385,65360.184,24676.129571514495,65360.184,65375.583999999995,False,
lamf-test-03badbdc-4aa8-4cd2-98f8-bfe0e4080cef,"{<resource_manager.instance.OnPremInstance object at 0x11406b620>: [(2, 65420.184, None)]}",46.039696363479905,38705.520738314335,65420.184,24681.299885694494,65420.184,65435.583999999995,False,
lamf-test-e0a17229-9bf9-416c-a5a2-49e15e4b17e7,"{<resource_manager.instance.OnPremInstance object at 0x11406b620>: [(2, 65480.184, None), (0, 67980.72, None)]}",300.8789137634496,152913.44054687544,65480.184,24685.611476631493,65480.184,85339.344,True,16.109750591999997
lamf-test-0b1411aa-7440-4517-bbd4-2bffa1461af4,"{<resource_manager.instance.OnPremInstance object at 0x11406b620>: [(2, 65510.184, None)]}",54.09958144079154,38991.06466144174,65510.184,24686.611476631493,65510.184,65525.583999999995,False,
lamf-test-8a7888d4-6626-4d18-8e7e-6823cdaffb96,"{<resource_manager.instance.OnPremInstance object at 0x11406b620>: [(6, 65840.18400000001, None)]}",94.8282048828368,55992.47088308295,65840.18400000001,24687.611476631493,65840.18400000001,65855.584,False,
lamf-test-8f5d07e8-2d0c-4ca5-874d-d1e790990809,"{<resource_manager.instance.OnPremInstance object at 0x11406b620>: [(6, 65900.18400000001, 67980.72), (1, 67980.72, None), (1, 73961.256, None), (4, 78941.256, None), (-1, 89861.256, None)]}",302.97405507839164,152507.5480589654,65900.18400000001,24689.752707710493,65900.18400000001,94335.99699999999,True,47.178360559199966
lamf-test-fd11e4ea-cdef-4f38-a062-f8e8f6529d33,"{<resource_manager.instance.OnPremInstance object at 0x11406b620>: [(6, 66290.18400000001, None), (-4, 70260.72, None), (1, 80201.256, None), (-1, 85661.256, None)]}",323.9849795842166,152632.28200242214,66290.18400000001,24690.752707710493,66290.18400000001,90628.925,True,28.39996030559999
lamf-test-8c42c6bf-e604-4e96-bc18-75bc6db194f5,"{<resource_manager.instance.OnPremInstance object at 0x11406b620>: [(2, 66860.18400000001, None)]}",304.5244415439068,152142.95339383415,66860.18400000001,24691.752707710493,66860.18400000001,72833.492,True,4.845547449599992
lamf-test-2ee801ff-df94-45c9-b634-a465808c37ee,"{<resource_manager.instance.OnPremInstance object at 0x11406b620>: [(4, 66890.18400000001, None)]}",44.045311418522864,38791.8077892555,66890.18400000001,24692.752707710493,66890.18400000001,66905.584,False,
lamf-test-c4cd6d33-84be-4a0d-a794-48962ad9461f,"{<resource_manager.instance.OnPremInstance object at 0x11406b620>: [(4, 66920.18400000001, None)]}",92.44374551049617,55936.72668309689,66920.18400000001,24695.12658846249,66920.18400000001,66935.584,False,
lamf-test-b19f4d76-0891-41df-b5fe-36ccd74b9a06,"{<resource_manager.instance.OnPremInstance object at 0x11406b620>: [(3, 66980.18400000001, None)]}",47.2527689810787,38798.89722846899,66980.18400000001,24696.12658846249,66980.18400000001,66995.584,False,
lamf-test-9953a2a0-1d7c-4068-bf98-538acafc2ac3,"{<resource_manager.instance.OnPremInstance object at 0x11406b620>: [(6, 67040.18400000001, None), (-4, 71021.256, None), (2, 79961.256, None), (-1, 81461.256, None), (1, 86441.256, None)]}",299.47595690366575,152096.36994927275,67040.18400000001,24700.22334021949,67040.18400000001,90916.41600000001,True,32.69422840319999
lamf-test-783eef72-16ea-4bd4-8850-a7549496bd66,"{<resource_manager.instance.OnPremInstance object at 0x11406b620>: [(3, 67100.18400000001, None)]}",99.85904399571011,55970.363935087174,67100.18400000001,24701.22334021949,67100.18400000001,67115.584,False,
lamf-test-59f36aea-6cbc-457b-81ba-431f79f73291,"{<resource_manager.instance.OnPremInstance object at 0x11406b620>: [(2, 67160.18400000001, None)]}",94.81833183066266,56546.47706865276,67160.18400000001,25251.53318577449,67160.18400000001,67175.584,False,
lamf-test-55529a16-b241-4348-bd90-45ddc000d26d,"{<resource_manager.instance.OnPremInstance object at 0x11406b620>: [(3, 67280.18400000001, None)]}",53.211716625419925,39368.414254544376,67280.18400000001,25252.53318577449,67280.18400000001,67295.584,False,
lamf-test-b86de886-591a-45ec-903b-6a80c96225dd,"{<resource_manager.instance.CloudReservedInstance object at 0x11406be00>: [(1, 67460.18400000001, None)], <resource_manager.instance.CloudOnDemandInstance object at 0x1142651d0>: [(5, 67460.18400000001, None)]}",41.149547064693905,39841.01086861633,67460.18400000001,25857.31782363199,67460.18400000001,67475.584,False,
lamf-test-9805f54e-1cae-487c-b904-2cb93c2a7afb,"{<resource_manager.instance.CloudReservedInstance object at 0x11406be00>: [(1, 67520.18400000001, None)], <resource_manager.instance.CloudOnDemandInstance object at 0x1142651d0>: [(2, 67520.18400000001, None)], <resource_manager.instance.CloudReservedInstance object at 0x11426c3b0>: [(-1, 102941.256, None)]}",328.01417674151406,153517.1385350576,67520.18400000001,25871.99909345349,67520.18400000001,118687.88253387445,True,111.11571620367519
lamf-test-65e3ea29-e28c-4094-b1d4-e102c2738358,"{<resource_manager.instance.CloudOnDemandInstance object at 0x1142651d0>: [(3, 67550.18400000001, None)]}",53.51848203740168,39997.89851445044,67550.18400000001,25877.695914854492,67950.72,67966.12,False,
lamf-test-720b43f5-e992-4463-8b62-736d9e2ae936,"{<resource_manager.instance.OnPremInstance object at 0x11406b620>: [(2, 67980.72, None)]}",92.64800719218381,56988.96338646109,67980.72,25887.839711056993,67980.72,67996.12,False,
lamf-test-ca0b2ac7-3ce2-4e8c-a6e1-096d01ef9a8a,"{<resource_manager.instance.OnPremInstance object at 0x11406b620>: [(6, 68010.72, None), (-4, 73001.256, None), (2, 77471.256, None), (-1, 81461.256, None), (3, 83471.256, None)]}",322.6901850057595,153871.2207626684,68010.72,25901.390815781495,68010.72,86954.86200000001,True,33.16787997120002
lamf-test-47c1fe4b-c260-4538-9b53-fe9eeae00c5f,"{<resource_manager.instance.OnPremInstance object at 0x11406b620>: [(2, 68040.72, None), (3, 82661.256, None)]}",307.40827687661385,154132.63390999255,68040.72,26450.203799521994,68040.72,91606.743,True,30.00162643920001
lamf-test-18cbb634-7aef-4481-9ee7-fe1e8a16d0ba,"{<resource_manager.instance.OnPremInstance object at 0x11406b620>: [(5, 69360.72, None)]}",52.226498354671556,40571.2382181212,69360.72,26451.203799521994,69360.72,69376.12,False,
lamf-test-6a7cd0bb-34c7-4263-9cc7-17fa07eb0a15,"{<resource_manager.instance.OnPremInstance object at 0x11406b620>: [(4, 69420.72, None), (-3, 73391.256, None), (4, 88271.256, None)]}",298.21973828332,154045.8134712577,69420.72,26453.060735471994,69420.72,89775.089,True,15.526898930400012
lamf-test-9293cd6c-713f-41c3-8b50-410b94532b8e,"{<resource_manager.instance.OnPremInstance object at 0x11406b620>: [(4, 69720.72, None), (-3, 72221.256, None), (2, 79181.256, None), (-1, 81671.256, None), (4, 86141.256, None)]}",276.94819521132933,154253.95583511298,69720.72,26462.682377123994,69720.72,93594.65199999999,True,31.674326111999967
lamf-test-2ef3ba74-0be9-4758-9e8b-663933377574,"{<resource_manager.instance.OnPremInstance object at 0x11406b620>: [(4, 69870.72, None), (-2, 72371.256, None), (4, 84281.256, None), (-4, 86771.256, None), (1, 88781.256, None)]}",315.97195408362086,154431.74942081945,69870.72,26463.682377123994,69870.72,90780.69799999999,True,23.841358631999984
lamf-test-abc545e6-fca4-4495-82db-38cb26110a9d,"{<resource_manager.instance.OnPremInstance object at 0x11406b620>: [(5, 70260.72, None)]}",106.90985136127853,57614.250615026205,70260.72,26464.682377123994,70260.72,70276.12,False,
lamf-test-72359355-373b-4aa6-9d80-111deeae4206,"{<resource_manager.instance.OnPremInstance object at 0x11406b620>: [(4, 70440.72, None), (-3, 75431.256, None), (4, 82391.256, None), (-2, 86891.256, None), (-1, 91871.256, None), (4, 97361.256, None)]}",293.68085416171726,153942.4813467033,70440.72,26479.789386517994,70440.72,101837.787,True,41.452859447999984
lamf-test-aa966776-8b52-45e3-81e8-3d502aee1701,"{<resource_manager.instance.CloudOnDemandInstance object at 0x1142651d0>: [(3, 70470.72, None)], <resource_manager.instance.CloudReservedInstance object at 0x11426c3b0>: [(1, 143501.256, None)]}",277.6854198628887,153990.36078769335,70470.72,26480.789386517994,70871.256,154005.76078769338,False,
lamf-test-40afb271-d458-48d9-adbe-b89134d80114,"{<resource_manager.instance.OnPremInstance object at 0x11406b620>: [(3, 71021.256, None)]}",57.83325208385016,40711.891207585344,71021.256,26481.855377750995,71021.256,71036.65599999999,False,
lamf-test-f6c3e1ca-41d1-4659-a1c2-f6d7cca0c5e7,"{<resource_manager.instance.OnPremInstance object at 0x11406b620>: [(2, 71051.256, None), (-1, 74051.256, None)]}",330.89870791023526,154079.73343372112,71051.256,26485.787284622995,71051.256,85955.62599999999,True,7.262012471999997
lamf-test-81297157-09b4-4bfd-81e5-a8bf0f0cf407,"{<resource_manager.instance.OnPremInstance object at 0x11406b620>: [(6, 71711.256, None)]}",69.1210403049402,40729.916570042726,71711.256,26492.070855131995,71711.256,71726.65599999999,False,
lamf-test-2744811c-a0e4-4a9d-a448-520fba53466a,"{<resource_manager.instance.OnPremInstance object at 0x11406b620>: [(2, 71741.256, 73241.256), (1, 73241.256, None)]}",316.8459168651483,154475.1316415154,71741.256,26504.523966572993,71741.256,88116.253,True,7.250098783200001
lamf-test-ce4c822f-a3d7-44c8-9dba-10c2ea1d7fc0,"{<resource_manager.instance.OnPremInstance object at 0x11406b620>: [(6, 71831.256, None)]}",86.88519768848549,58328.03622899984,71831.256,27049.77662786699,71831.256,71846.65599999999,False,
lamf-test-5471ed7c-c241-4b43-b3db-c6a0ff681a3a,"{<resource_manager.instance.OnPremInstance object at 0x11406b620>: [(2, 71891.256, None)]}",59.30424416492866,41219.15371677562,71891.256,27050.77662786699,71891.256,71906.65599999999,False,
lamf-test-dc701733-214d-4503-9e86-a7c5623aa494,"{<resource_manager.instance.OnPremInstance object at 0x11406b620>: [(2, 71921.256, None), (0, 75401.256, None)]}",290.04127710324553,154871.35108097474,71921.256,27072.70677578499,71921.256,87321.235,True,12.492462964800005
lamf-test-9b9326a1-51bc-46fd-a2cb-1abf1c9c75f6,"{<resource_manager.instance.OnPremInstance object at 0x11406b620>: [(5, 71951.256, None)]}",57.78982021342063,41342.181869815424,71951.256,27080.99703240399,71951.256,71966.65599999999,False,
lamf-test-0111158b-0edf-40ea-8c3c-c453441d9f4b,"{<resource_manager.instance.OnPremInstance object at 0x11406b620>: [(2, 72011.256, None), (0, 76001.256, None), (4, 89411.256, None), (-3, 91901.256, None), (-1, 97391.256, None)]}",288.9103792556111,155260.5745564481,72011.256,27082.46387433399,72011.256,98896.442,True,28.0757828832
lamf-test-cb995d16-8bd4-4a69-981f-1cf758860367,"{<resource_manager.instance.OnPremInstance object at 0x11406b620>: [(5, 72221.256, None), (-4, 76691.256, None)]}",320.1908267325743,155025.76007383224,72221.256,27086.79092866599,72221.256,90081.87999999999,True,14.496397094399995
lamf-test-b3a0db0a-ecb4-42b0-814b-3c34a8d7aaed,"{<resource_manager.instance.OnPremInstance object at 0x11406b620>: [(4, 72371.256, None)]}",100.59507953151345,58018.3457622515,72371.256,27091.90767154899,72371.256,72386.65599999999,False,
lamf-test-692078cb-d4fe-44db-acc1-5eececdc7c24,"{<resource_manager.instance.OnPremInstance object at 0x11406b620>: [(3, 72431.256, None), (-1, 73931.256, None), (1, 78401.256, None), (2, 82391.256, None), (1, 84881.256, None), (-3, 87881.256, None)]}",293.9568407519619,154846.67711830707,72431.256,27102.01615368099,72431.256,89387.262,True,24.489324100800015
lamf-test-b3747e60-f13b-4587-ba76-a5026ef56274,"{<resource_manager.instance.OnPremInstance object at 0x11406b620>: [(2, 72491.256, None)]}",92.20458272811517,60794.250090590314,72491.256,29450.91728233299,72491.256,72506.65599999999,False,
lamf-test-ef36ad8e-1831-459d-b4cc-a917ad7c30ef,"{<resource_manager.instance.OnPremInstance object at 0x11406b620>: [(5, 72551.256, None)]}",103.50768504869966,60749.89364037075,72551.256,29502.58043394999,72551.256,72566.65599999999,False,
lamf-test-a7a41a4b-e265-4559-96d2-89c830b4e4f3,"{<resource_manager.instance.OnPremInstance object at 0x11406b620>: [(5, 72671.256, None)]}",110.11661546722232,67235.76464500895,72671.256,36048.335041074984,72671.256,72686.65599999999,False,
lamf-test-c609bf72-d17c-450a-8e65-16fe23e38281,"{<resource_manager.instance.OnPremInstance object at 0x11406b620>: [(2, 72701.256, None), (0, 75191.256, None), (0, 78191.256, None), (1, 82181.256, None), (3, 87641.256, None)]}",326.56864801291823,164072.76130017874,72701.256,36068.065732560986,72701.256,94599.35199999998,True,31.26712642559998
