,instances,budget,deadline,sched_start_time,submit_time,software_id,license_cost,exec_start_time,finish_time,complete,cost,hardware_cost
lamf-test-ce4837ee-c9b5-4728-816b-793fbe63012e,"{<resource_manager.instance.OnPremInstance object at 0x11bd1f770>: [(5, 30, None)]}",64.81020493737797,14109.368596154949,30,1.0,1,42.79413993459578,30,3282.602,True,49.39041679059578,6.596276855999999
lamf-test-fdbe52b3-5ac4-4817-bbd7-3ee39ada2008,"{<resource_manager.instance.OnPremInstance object at 0x11bd1f770>: [(3, 60, None)]}",309.54978900857253,127518.24926107311,60,33.011591992,1,199.35783595710703,60,25025.297000000002,True,229.73560934670704,30.377773389600005
lamf-test-312a25ed-966e-4a84-89af-21712bfc7175,"{<resource_manager.instance.OnPremInstance object at 0x11bd1f770>: [(4, 1230.4, None)]}",330.5774711754339,128572.7482091878,1230.4,1214.793147145,1,105.04843866453723,1230.4,11167.68,True,121.17068173653723,16.122243072
lamf-test-6d60a076-8aec-42f5-ae5c-3923b3793c72,"{<resource_manager.instance.OnPremInstance object at 0x11bd1f770>: [(5, 1260.4, None)]}",295.26855467250385,128857.54910365818,1260.4,1237.880367685,1,228.7452470149821,1260.4,18646.361,True,264.00397592298214,35.258728907999995
lamf-test-f42e0220-9054-4dba-814a-9d6b93e25e15,"{<resource_manager.instance.OnPremInstance object at 0x11bd1f770>: [(2, 6600.999999999999, None)]}",293.5168981771201,134384.1728510842,6600.999999999999,6597.3290604250005,3,42.916477298653874,6600.999999999999,20708.718999999997,True,54.36065895145387,11.444181652799998
lamf-test-c2212f64-c788-46d9-9572-57170e08d2ac,"{<resource_manager.instance.OnPremInstance object at 0x11bd1f770>: [(4, 6630.999999999999, None)]}",57.825321252479114,20778.264847479044,6630.999999999999,6615.521577106,3,9.453707506274235,6630.999999999999,8184.834999999998,True,11.974649410274234,2.5209419039999985
lamf-test-0aa73555-99c3-40be-a09f-6bf3df006265,"{<resource_manager.instance.OnPremInstance object at 0x11bd1f770>: [(6, 6660.999999999999, None)]}",310.4901833144852,134486.66016650997,6660.999999999999,6635.242111528,3,144.97091489847134,6660.999999999999,22546.188,True,183.62910841527133,38.6581935168
lamf-test-761a035c-9b31-431d-b128-35fe1a248496,"{<resource_manager.instance.OnPremInstance object at 0x11bd1f770>: [(4, 6690.999999999999, None)]}",281.9460745575701,134597.5165427216,6690.999999999999,6636.242111528,1,291.2921062438207,6690.999999999999,34246.39499999999,True,335.99797909182064,44.705872847999984
lamf-test-c947c209-c0e1-414b-aa78-1430406df6ae,"{<resource_manager.instance.OnPremInstance object at 0x11bd1f770>: [(2, 6721.199999999999, None)]}",91.00759406898061,37690.82739322964,6721.199999999999,6646.010893976,3,13.371699749030347,6721.199999999999,11116.812,True,16.937420203430346,3.5657204544000005
lamf-test-1b5247ff-56d3-4066-aafc-ee4137f1169c,"{<resource_manager.instance.OnPremInstance object at 0x11bd1f770>: [(3, 7261.399999999999, None)]}",98.97570184637311,38590.60857028326,7261.399999999999,7233.7950770625,3,26.998996121378045,7261.399999999999,13178.229999999998,True,34.19859486537804,7.199598743999999
lamf-test-a35e3102-219f-4336-95ce-4d87e6b5e69c,"{<resource_manager.instance.OnPremInstance object at 0x11bd1f770>: [(6, 7291.399999999999, None)]}",88.24903114605627,38452.520494149736,7291.399999999999,7244.097718601,3,43.50698608259184,7291.399999999999,12058.678,True,55.10863382339184,11.601647740800004
lamf-test-8d2ae00d-f906-47ac-81a5-138a54772bef,"{<resource_manager.instance.OnPremInstance object at 0x11bd1f770>: [(2, 7321.399999999999, None)]}",310.3508838593914,135063.50887423145,7321.399999999999,7254.972940070001,3,37.434037569396914,7321.399999999999,19626.904,True,47.416262414196915,9.982224844800001
lamf-test-b41bc5e6-51fb-4710-b8ea-caebbe600cb8,"{<resource_manager.instance.OnPremInstance object at 0x11bd1f770>: [(6, 7831.799999999998, None)]}",308.5846884800438,135930.04979421714,7831.799999999998,7829.836038086,2,24.04287864712174,7831.799999999998,13394.899,True,37.58123637352174,13.538357726400003
lamf-test-8a5bf643-d5be-430a-ac2f-d8a1f25fa6d3,"{<resource_manager.instance.OnPremInstance object at 0x11bd1f770>: [(3, 7861.799999999998, None)]}",322.3613792231315,135544.50805790434,7861.799999999998,7837.349194094,2,25.755108201405882,7861.799999999998,15845.944,True,35.47021462060589,9.715106419200001
lamf-test-cbef53e7-aa65-412f-b9a4-02aefd0bda1b,"{<resource_manager.instance.OnPremInstance object at 0x11bd1f770>: [(2, 7892.199999999998, None)]}",89.7921856815224,39097.198843306265,7892.199999999998,7848.469815521,1,32.774160535226564,7892.199999999998,13961.882209544985,True,37.69788674360946,4.923726208382893
lamf-test-decf70b3-3bab-4cf4-b55a-9508b27560e7,"{<resource_manager.instance.OnPremInstance object at 0x11bd1f770>: [(3, 7922.199999999998, None)]}",317.6420201174764,135422.64347518663,7922.199999999998,7853.579318795,2,75.3414391723802,7922.199999999998,31278.223,True,103.76104795878021,28.41960878640001
lamf-test-1faee22d-4d95-436a-a021-6148365dd51b,"{<resource_manager.instance.OnPremInstance object at 0x11bd1f770>: [(2, 8402.399999999998, None)]}",300.8642397517245,135813.17299821513,8402.399999999998,8397.736641314,3,104.18410829720891,8402.399999999998,42650.320999999996,True,131.9660218124089,27.781913515200003
lamf-test-585c2356-1279-476b-b41a-cbdb8ebd0ee3,"{<resource_manager.instance.OnPremInstance object at 0x11bd1f770>: [(4, 8432.399999999998, None)]}",290.6639501784463,135973.7162590399,8432.399999999998,8399.830530659001,2,53.554414883964206,8432.399999999998,23136.420999999995,True,77.4102185543642,23.855803670399993
lamf-test-17aa2292-304e-4763-ab73-533f31d66f3d,"{<resource_manager.instance.OnPremInstance object at 0x11bd1f770>: [(5, 8462.399999999998, None)]}",100.9864715008785,39574.22092166248,8462.399999999998,8404.488431714,2,14.098799441978688,8462.399999999998,11985.516,True,21.24367868997869,7.144879248000003
lamf-test-17be3ad6-6cd4-4c64-93c6-3fc4d170d157,"{<resource_manager.instance.OnPremInstance object at 0x11bd1f770>: [(2, 8492.399999999998, None)]}",64.77903730143166,22380.27343469835,8492.399999999998,8405.901415283,2,15.704327954793428,8492.399999999998,14269.3,True,20.39054923479343,4.686221280000001
lamf-test-410c24b3-e037-404b-8fa3-3b9be7b4adaa,"{<resource_manager.instance.OnPremInstance object at 0x11bd1f770>: [(5, 8522.399999999998, None)]}",105.56808496111117,39583.22365150528,8522.399999999998,8426.566826381,3,17.08412807057571,8522.399999999998,10768.791999999998,True,21.63981104657571,4.555682975999999
lamf-test-dbfc6e86-f385-4c1b-a2d1-36902c12232e,"{<resource_manager.instance.OnPremInstance object at 0x11bd1f770>: [(2, 8552.599999999999, None)]}",332.81097832014945,136234.95196725303,8552.599999999999,8434.848375056,3,84.4204433319635,8552.599999999999,36303.7102342997,True,106.93214395402742,22.51170062206392
lamf-test-ee649544-0852-4484-9313-a2ec39aaf5e5,"{<resource_manager.instance.OnPremInstance object at 0x11bd1f770>: [(4, 8582.8, None)]}",94.51083597672981,39481.021357049896,8582.8,8450.668775915,1,35.27310259335311,8582.8,11919.534,True,40.686619834953106,5.4135172416
lamf-test-3e8d9edc-8d07-4ff0-a6aa-1b9473f39dae,"{<resource_manager.instance.OnPremInstance object at 0x11bd1f770>: [(5, 9033.0, None)]}",46.55013787044631,23202.805973584385,9033.0,9015.928113905,1,59.77941387177734,9033.0,13576.581000000002,True,68.99379613977734,9.214382268000003
lamf-test-8daeea4f-cbbf-4fb6-b9f3-5857c1ab865e,"{<resource_manager.instance.OnPremInstance object at 0x11bd1f770>: [(4, 9063.0, None)]}",56.56222725445129,23237.317216288422,9063.0,9016.928113905,1,21.330881435850657,9063.0,11080.840000000002,True,24.60462505185066,3.273743616000003
lamf-test-665b3cd3-6953-4941-a220-b425974f248a,"{<resource_manager.instance.OnPremInstance object at 0x11bd1f770>: [(3, 9093.400000000001, None)]}",295.24467469152273,136593.97070593928,9093.400000000001,9020.03475741,3,66.73310974218572,9093.400000000001,23717.961000000003,True,84.52827556698571,17.7951658248
lamf-test-7b6d3b7a-f2bc-4206-bf5c-c8e1aaff27be,"{<resource_manager.instance.OnPremInstance object at 0x11bd1f770>: [(3, 9123.400000000001, None)]}",57.77199384513077,23210.591946897464,9123.400000000001,9033.749738192999,2,3.339523099356362,9123.400000000001,10158.660000000003,True,4.599227467356364,1.2597043680000026
lamf-test-e86f1528-c4b7-428d-9220-137c2eee5f81,"{<resource_manager.instance.OnPremInstance object at 0x11bd1f770>: [(5, 9153.400000000001, None)]}",291.443531643958,136977.01246593706,9153.400000000001,9037.983973229999,2,99.6808206121635,9153.400000000001,34062.407,True,150.1962868081635,50.51546619599999
lamf-test-905b51bb-7f4b-480b-babc-216c95cb3e5c,"{<resource_manager.instance.OnPremInstance object at 0x11bd1f770>: [(4, 9183.400000000001, None)]}",76.07511246679637,23181.91908341615,9183.400000000001,9045.007700585998,3,15.964523537911631,9183.400000000001,11807.369000000002,True,20.221650843511632,4.257127305600002
lamf-test-d53de693-fd3a-47ec-b96e-28dcf292d471,"{<resource_manager.instance.OnPremInstance object at 0x11bd1f770>: [(4, 9213.600000000002, None)]}",82.04480128359563,40218.57143459922,9213.600000000002,9055.755170874,2,30.900773128433418,9213.600000000002,17697.786,True,44.66551649483341,13.764743366399996
lamf-test-d608e81f-e921-488f-9511-ac29f6be8717,"{<resource_manager.instance.OnPremInstance object at 0x11bd1f770>: [(4, 9634.400000000005, None)]}",290.8535591080783,137642.2100047435,9634.400000000005,9608.064463535999,3,54.372877024868814,9634.400000000005,18571.262000000006,True,68.87204193366881,14.499164908800001
lamf-test-794e981d-7b48-479b-88a9-08c76168b3f4,"{<resource_manager.instance.OnPremInstance object at 0x11bd1f770>: [(2, 9664.600000000006, None)]}",55.43753343799916,23790.434233819877,9664.600000000006,9612.694217192999,3,12.831561335462773,9664.600000000006,13882.655000000006,True,16.253247551462774,3.4216862160000003
lamf-test-d89dd74a-ca32-43e3-9fdb-057b16e15c3a,"{<resource_manager.instance.OnPremInstance object at 0x11bd1f770>: [(2, 9694.600000000006, None)]}",52.589033620058174,23821.59885175701,9694.600000000006,9613.694217192999,1,35.68629872994145,9694.600000000006,16303.602000000006,True,41.047521152341446,5.3612224224
lamf-test-9d73df9e-a4e9-43ed-b3cd-731892da568c,"{<resource_manager.instance.OnPremInstance object at 0x11bd1f770>: [(6, 9724.600000000006, None)]}",116.24356079750007,40730.544996011835,9724.600000000006,9614.694217192999,3,28.254455852156052,9724.600000000006,12820.582000000006,True,35.788837647356054,7.534381795200001
lamf-test-700b88cb-1fe1-443f-85f3-4e83586778d7,"{<resource_manager.instance.OnPremInstance object at 0x11bd1f770>: [(2, 9754.800000000007, None)]}",323.88597973304996,136893.61187176668,9754.800000000007,9615.849252811999,1,59.23758027226406,9754.800000000007,20725.433000000008,True,68.13695776186407,8.8993774896
lamf-test-cacf2328-5a7f-4177-ad3a-d6767db7f233,"{<resource_manager.instance.OnPremInstance object at 0x11bd1f770>: [(5, 9784.800000000007, None)]}",299.34289693362723,137544.10627738453,9784.800000000007,9619.615817285,2,48.90030586038387,9784.800000000007,22004.383000000005,True,73.68162018438386,24.781314323999997
lamf-test-76901c5b-cc70-4a21-8b6a-aa4aa3dedd24,"{<resource_manager.instance.OnPremInstance object at 0x11bd1f770>: [(2, 9814.800000000007, None)]}",295.82083300729096,136925.86045871966,9814.800000000007,9622.101270452,2,17.91850798171781,9814.800000000007,16406.195000000007,True,23.26544760571781,5.346939624
lamf-test-c0570041-d32e-4e8b-8d2d-a250dfe399fc,"{<resource_manager.instance.CloudReservedInstance object at 0x11bf2c290>: [(5, 9845.000000000007, None)]}",309.1917473885502,137457.91141651408,9845.000000000007,9625.931605496,1,571.2057822403324,9845.000000000007,53259.94121779267,True,808.3381911719159,237.1324089315835
lamf-test-ca7252f0-85f2-4005-896c-fb17b2f26952,"{<resource_manager.instance.CloudReservedInstance object at 0x11bf2c290>: [(1, 9875.200000000008, None)], <resource_manager.instance.CloudReservedInstance object at 0x11bf25450>: [(5, 9875.200000000008, None)]}",304.02222934164064,137623.58571833474,9875.200000000008,9626.931605496,1,761.7730868867395,9875.200000000008,90007.63455578992,True,983.6117187109883,221.83863182424878
lamf-test-0ae28a41-e363-4bde-bdce-50f826df3b42,"{<resource_manager.instance.OnPremInstance object at 0x11bd1f770>: [(4, 9905.200000000008, None)]}",87.69850691765791,40921.911150246735,9905.200000000008,9644.1187578175,3,48.1097695642254,9905.200000000008,17812.642000000007,True,60.9388034650254,12.829033900799999
lamf-test-9da27dae-e6dc-4f47-b706-a6e8a3713464,"{<resource_manager.instance.CloudReservedInstance object at 0x11bf25450>: [(1, 9935.60000000001, None)], <resource_manager.instance.CloudReservedInstance object at 0x11bf251d0>: [(5, 9935.60000000001, None)]}",296.9549680882063,137411.10536051472,9935.60000000001,9646.454139246,3,75.45402324458993,9935.60000000001,32831.25273022569,True,129.28628194389657,53.832258699306635
lamf-test-50c28631-c9b3-47d9-9e36-b5f64438ea4d,"{<resource_manager.instance.OnPremInstance object at 0x11bd1f770>: [(6, 9966.200000000012, None)]}",57.792712238435485,23548.695269610333,9966.200000000012,9657.954545253,3,40.19957107004335,9966.200000000012,14371.068000000012,True,50.91925783484335,10.719686764800002
lamf-test-6ea3ccb6-5ec7-474a-bd76-4c0b7e74a8fd,"{<resource_manager.instance.OnPremInstance object at 0x11bd1f770>: [(4, 10207.000000000015, None)]}",318.43627200467716,137696.49882817315,10207.000000000015,10200.756662814,3,58.693868735265035,10207.000000000015,19854.071000000014,True,74.34527672566503,15.6514079904
lamf-test-f6a7b87b-3fe2-4927-871e-a0cac1bfa236,"{<resource_manager.instance.CloudReservedInstance object at 0x11bf251d0>: [(1, 10237.000000000015, None)], <resource_manager.instance.CloudReservedInstance object at 0x11bd422c0>: [(2, 10237.000000000015, None)]}",80.84812600328213,41513.23418329476,10237.000000000015,10207.123996629,3,61.79219075757312,10237.000000000015,27647.832491528494,True,89.24559143021523,27.453400672642104
lamf-test-01aed4d0-4ac3-4934-b29d-300b9eb1cf38,"{<resource_manager.instance.CloudReservedInstance object at 0x11bd422c0>: [(4, 10267.000000000015, None)], <resource_manager.instance.CloudReservedInstance object at 0x11bd1fcb0>: [(2, 10267.000000000015, None)]}",48.38806555130056,24574.73406178607,10267.000000000015,10211.142830961,3,7.173109849102051,10267.000000000015,11151.242700679792,True,10.526158170079764,3.353048320977714
lamf-test-f035cec5-13b9-4feb-9d16-93fce26c2cc2,"{<resource_manager.instance.CloudReservedInstance object at 0x11bd1fcb0>: [(3, 10297.000000000015, None)]}",59.50673849065216,24425.827975295793,10297.000000000015,10218.818643027,2,15.824095285978222,10297.000000000015,16117.956892947814,True,28.439273064374696,12.615177778396472
lamf-test-7dc86417-03bf-4f7d-b2cc-4f303d7c708b,"{<resource_manager.instance.CloudReservedInstance object at 0x11bd1fcb0>: [(1, 10327.200000000015, None)], <resource_manager.instance.CloudReservedInstance object at 0x11bd42520>: [(1, 10327.200000000015, None)], <resource_manager.instance.CloudOnDemandInstance object at 0x11bd42780>: [(2, 10327.200000000015, None)]}",122.20824587768153,41574.13844809842,10327.200000000015,10235.480576541,2,104.39418163559449,10327.200000000015,27893.536188648184,True,214.61240141764856,110.21821978205406
lamf-test-6e11c3c3-b9bf-4aa2-897f-6c03a891a9cd,"{<resource_manager.instance.CloudOnDemandInstance object at 0x11bd42780>: [(5, 10357.200000000015, None)]}",323.10613238146993,137871.07433568547,10357.200000000015,10236.480576541,3,246.22647247383648,10757.736000000015,42733.518865584774,False,,
lamf-test-c5a6ffed-1196-4516-a2cc-67f21c8eb5f5,"{<resource_manager.instance.CloudOnDemandInstance object at 0x11bd42780>: [(2, 10788.736000000019, None)]}",321.906162634098,137938.18279998482,10788.736000000019,10238.831889127001,2,78.37221060341274,11189.272000000019,39618.2678805198,True,206.94039097777875,128.56818037436602
lamf-test-6718dd63-82fd-49d3-b154-c2385c7724e4,"{<resource_manager.instance.OnPremInstance object at 0x11bd1f770>: [(4, 11220.672000000024, None)]}",53.92864783453742,24345.0217196093,11220.672000000024,10242.262577848001,1,23.87908791543085,11220.672000000024,13479.565000000026,True,27.543915918630855,3.664828003200003
lamf-test-93fc33e5-0604-48d1-8efe-1dfc9145e379,"{<resource_manager.instance.OnPremInstance object at 0x11bd1f770>: [(5, 11250.872000000025, None)]}",318.63019504491797,137958.49362109002,11250.872000000025,10243.262577848001,1,51.26767967145789,11250.872000000025,15147.512000000024,True,59.17006559145789,7.902385919999999
lamf-test-561c40aa-4fd2-4142-aa20-b41c53e185e4,"{<resource_manager.instance.OnPremInstance object at 0x11bd1f770>: [(2, 11281.072000000026, None)]}",92.22367706149063,41527.97836031113,11281.072000000026,10250.723166365002,2,22.576287853996675,11281.072000000026,19585.850000000024,True,29.31312376759667,6.7368359135999984
lamf-test-d81c27cf-4838-43c5-ac8d-f0f7d5a86a71,"{<resource_manager.instance.OnPremInstance object at 0x11bd1f770>: [(4, 11311.072000000026, None)]}",313.16578296695053,138523.42635169768,11311.072000000026,10812.325719851002,3,103.80251578066773,11311.072000000026,28372.313000000027,True,131.48267317906775,27.680157398400002
lamf-test-92b10550-cff6-47f7-a077-4b4db1587046,"{<resource_manager.instance.OnPremInstance object at 0x11bd1f770>: [(4, 11341.072000000026, None)]}",81.64667311738593,41950.9548226747,11341.072000000026,10818.820216367001,2,26.83709731980155,11341.072000000026,18709.526000000027,True,38.79167708940155,11.954579769600002
lamf-test-29b14cf4-c2e0-462e-a5b2-16a34ab23f1f,"{<resource_manager.instance.OnPremInstance object at 0x11bd1f770>: [(2, 11371.272000000026, None)]}",89.42960233211319,41907.85056184296,11371.272000000026,10827.440260439002,3,25.673301391740807,11371.272000000026,19810.728000000025,True,32.51938809894081,6.846086707199999
lamf-test-0ee3ab93-6383-46f5-aeca-265dafdbd84c,"{<resource_manager.instance.CloudReservedInstance object at 0x11bd422c0>: [(3, 11401.472000000027, None)], <resource_manager.instance.CloudReservedInstance object at 0x11bd1fcb0>: [(1, 11401.472000000027, None)], <resource_manager.instance.CloudOnDemandInstance object at 0x11bd42780>: [(1, 11401.472000000027, None)]}",39.66592451958817,24960.61244197024,11401.472000000027,10831.707779489001,3,23.384199535206026,11401.472000000027,14695.888139518856,True,38.90946503430246,15.525265499096434
lamf-test-3484ce7d-9fee-4f95-9c2d-f871cc58413f,"{<resource_manager.instance.OnPremInstance object at 0x11bd1f770>: [(3, 11431.672000000028, None)]}",280.48808000057255,138567.33713563913,11431.672000000028,10837.633691501002,3,98.26531599361167,11431.672000000028,32966.516000000025,True,124.46891417281167,26.2035981792
lamf-test-0ab21652-7e84-40ef-afc1-d04cb7c18425,"{<resource_manager.instance.CloudOnDemandInstance object at 0x11bf25810>: [(2, 11461.672000000028, None)]}",99.9394489602227,42121.10030481051,11461.672000000028,10852.433986646001,3,40.082639965354026,11862.208000000028,37814.00364522204,True,78.07216126510608,37.98952129975205
lamf-test-107c896d-ee0f-4ca2-89f1-19c67b8002a2,"{<resource_manager.instance.OnPremInstance object at 0x11bd1f770>: [(2, 11893.808000000034, None)]}",98.1671155759394,42630.76499455223,11893.808000000034,11403.135712805002,3,6.626700129287401,11893.808000000034,14072.170000000035,True,8.393787383687402,1.7670872544000007
lamf-test-34f82a8b-288c-437f-910d-553d4a2c7dfc,"{<resource_manager.instance.OnPremInstance object at 0x11bd1f770>: [(2, 11923.808000000034, None)]}",332.1651620956545,139204.86665191402,11923.808000000034,11410.490642132003,1,50.998459274469546,11923.808000000034,21368.579000000034,True,58.66005750966955,7.6615982352000005
lamf-test-aa879c60-c521-40a2-972a-cf0714098824,"{<resource_manager.instance.OnPremInstance object at 0x11bd1f770>: [(2, 11953.808000000034, None)]}",56.99333448866139,25631.73775886492,11953.808000000034,11414.363581130003,2,12.908688994027933,11953.808000000034,16702.321000000033,True,16.76068273962793,3.8519937455999993
lamf-test-cfb32c98-2421-4b31-9da7-090b5212bb9a,"{<resource_manager.instance.CloudOnDemandInstance object at 0x11bf25810>: [(6, 11983.808000000034, None)]}",311.65623815536327,138934.59406429637,11983.808000000034,11424.628795043003,1,880.1441064745416,12384.344000000034,122202.99710508333,False,,
lamf-test-2e0bd3ff-93cb-46df-ab43-ee2f13d4c7e1,"{<resource_manager.instance.OnPremInstance object at 0x11bd1f770>: [(3, 12415.144000000037, None)]}",316.2487464140096,139141.68484316196,12415.144000000037,11438.408809136003,1,75.38032968286562,12415.144000000037,21854.915000000037,True,86.86664303566562,11.486313352800002
lamf-test-75f66efa-1a77-47ea-a0c6-c0317f11e7c2,"{<resource_manager.instance.CloudOnDemandInstance object at 0x11bf25810>: [(4, 12445.144000000037, None)], <resource_manager.instance.CloudOnDemandInstance object at 0x11bf25310>: [(1, 12445.144000000037, None)]}",323.850834844211,139497.95089629616,12445.144000000037,11442.618662225002,3,358.88355316802347,12845.680000000037,113565.71201299306,False,,
lamf-test-c1ff5343-c068-4179-8505-1de35f1c5237,"{<resource_manager.instance.CloudOnDemandInstance object at 0x11bf25310>: [(4, 12876.080000000038, None)]}",328.6266875432299,139118.36957759652,12876.080000000038,11443.618662225002,2,188.6786115174801,13276.616000000038,95234.62712263151,False,,
lamf-test-c8383b87-eaaf-4727-8a38-364a265a9c1b,"{<resource_manager.instance.CloudReservedInstance object at 0x11bd422c0>: [(1, 13308.616000000045, None)], <resource_manager.instance.CloudReservedInstance object at 0x11bd1fcb0>: [(1, 13308.616000000045, None)]}",87.74670802746411,42463.9133549643,13308.616000000045,11448.767200032002,2,83.74866306005022,13308.616000000045,35707.472913664395,True,113.07324653141958,29.324583471369365
lamf-test-a5bf6748-f8d5-4a59-badc-d9816f45493a,"{<resource_manager.instance.CloudOnDemandInstance object at 0x11bd42780>: [(1, 13338.616000000045, None)], <resource_manager.instance.CloudOnDemandInstance object at 0x11bf25310>: [(1, 13338.616000000045, None)]}",54.40376906069801,26162.653595851567,13338.616000000045,12006.263989755002,2,42.438355761439595,13739.152000000046,26178.05359585157,False,,
lamf-test-9d2ced27-20c6-49c1-84d1-76444fddb91f,"{<resource_manager.instance.OnPremInstance object at 0x11bd1f770>: [(3, 13770.15200000005, None)]}",313.4023701696379,139677.25911484598,13770.15200000005,12014.346333477002,2,36.53996524533126,13770.15200000005,25097.62700000005,True,50.323236825331264,13.783271580000005
lamf-test-6323d458-f602-48c5-98a5-f5c1a1584292,"{<resource_manager.instance.CloudOnDemandInstance object at 0x11bf25310>: [(5, 13800.15200000005, None)]}",313.6595923894348,139987.93341524387,13800.15200000005,12020.613954501003,1,572.6764892977577,14200.68800000005,140003.3334152439,False,,
lamf-test-48feb4fc-2742-45dc-808f-e652fe900563,"{<resource_manager.instance.OnPremInstance object at 0x11bd1f770>: [(3, 14231.488000000052, None)]}",41.254966979320166,25995.549928065855,14231.488000000052,12030.618374844003,1,28.234587040839624,14231.488000000052,17767.265000000054,True,32.53692049443963,4.302333453600003
lamf-test-bbc839c8-f836-4f9a-a8e0-6cb8342496f2,"{<resource_manager.instance.OnPremInstance object at 0x11bd1f770>: [(3, 14261.488000000052, None)]}",114.4912360012796,43259.943001556385,14261.488000000052,12032.394822282004,3,44.5429158110883,14261.488000000052,24023.068000000054,True,56.4208063550883,11.877890544000003
lamf-test-d4b58a16-b6c8-4064-88b0-a3ec8e4212ba,"{<resource_manager.instance.OnPremInstance object at 0x11bd1f770>: [(2, 14291.488000000052, None)]}",56.907858453854786,26408.716040239935,14291.488000000052,12034.266754104003,2,11.157529610454182,14291.488000000052,18395.830000000053,True,14.486971840854181,3.3294422304
lamf-test-26bbd872-e5de-48b0-8f8f-e6417ce7af20,"{<resource_manager.instance.OnPremInstance object at 0x11bd1f770>: [(2, 14321.688000000053, None)]}",298.1380358381042,139275.7159309432,14321.688000000053,12035.872864212002,2,69.7761512934271,14321.688000000053,39989.12500000005,True,90.5975761878271,20.8214248944
lamf-test-032ba352-18f7-47d0-a6f0-b7f2f4956a0a,"{<resource_manager.instance.CloudOnDemandInstance object at 0x11bd42780>: [(1, 14351.688000000053, None)], <resource_manager.instance.CloudOnDemandInstance object at 0x11bd423f0>: [(5, 14351.688000000053, None)]}",307.62274626708137,140024.82858446968,14351.688000000053,12036.872864212002,3,315.2517550228039,14752.224000000053,48895.39905662379,True,626.7945763002821,311.5428212774782
lamf-test-05c2e1a5-42c3-4e97-863b-94fa07e33793,"{<resource_manager.instance.OnPremInstance object at 0x11bd1f770>: [(4, 14782.624000000054, None)]}",91.04820322006628,43311.32484646079,14782.624000000054,12037.872864212002,2,35.21882476013614,14782.624000000054,24452.384000000053,True,50.90704338413613,15.688218623999997
lamf-test-d2eb5728-b98d-4dc8-9b54-d5b61be5f0ce,"{<resource_manager.instance.CloudReservedInstance object at 0x11bd422c0>: [(2, 14812.624000000054, None)], <resource_manager.instance.CloudOnDemandInstance object at 0x11bd423f0>: [(2, 14812.624000000054, None)]}",294.31398108778467,139666.467954473,14812.624000000054,12041.168706074002,2,401.76641625023245,14812.624000000054,88708.31749026307,True,689.1615473725633,287.3951311223309
lamf-test-3058457a-d1e2-4d92-baae-1c4c74ce602b,"{<resource_manager.instance.CloudReservedInstance object at 0x11bf2c290>: [(3, 14842.824000000055, None)], <resource_manager.instance.CloudOnDemandInstance object at 0x11bd423f0>: [(2, 14842.824000000055, None)]}",296.32729201787157,139827.16371631454,14842.824000000055,12042.698001824003,2,380.32968509019736,14842.824000000055,78825.59237124519,True,763.7656193853952,383.43593429519785
lamf-test-7a641bba-d417-49ff-88d9-3fe54ccc21c1,"{<resource_manager.instance.CloudOnDemandInstance object at 0x11bd423f0>: [(2, 14872.824000000055, None)], <resource_manager.instance.CloudOnDemandInstance object at 0x11bd1fb60>: [(3, 14872.824000000055, None)]}",72.4727596207448,26203.461690581757,14872.824000000055,12046.515756305003,1,61.160103583453434,15273.360000000055,20536.16345083688,True,105.44968342477773,44.289579841324304
lamf-test-3babe4ac-4db5-41c5-ad0c-7fee914c7ec7,"{<resource_manager.instance.OnPremInstance object at 0x11bd1f770>: [(3, 15304.76000000006, None)]}",293.72278396528714,139818.53523946524,15304.76000000006,12047.590968281003,2,47.75528032003867,15304.76000000006,30109.009000000064,True,65.76909050323867,18.013810183200004
lamf-test-efb02442-ed88-49c8-bf51-dea5e65f914e,"{<resource_manager.instance.OnPremInstance object at 0x11bd1f770>: [(2, 15334.76000000006, None)]}",304.7860416350407,139990.0206542431,15334.76000000006,12049.847030399003,3,82.04658605217125,15334.76000000006,42305.524000000056,True,103.92526980897125,21.878683756799997
lamf-test-a3da9951-7484-4541-a43a-d268b07d7f2b,"{<resource_manager.instance.OnPremInstance object at 0x11bd1f770>: [(4, 15364.76000000006, None)]}",322.8627978188001,139749.00808115193,15364.76000000006,12050.847030399003,2,52.563164289666254,15364.76000000006,29796.62100000006,True,75.97741557606625,23.414251286400003
lamf-test-a4d8ead1-b39f-46fe-9cfa-58d32f343ff0,"{<resource_manager.instance.OnPremInstance object at 0x11bd1f770>: [(4, 15394.76000000006, None)]}",84.41713409588449,43252.96821435117,15394.76000000006,12055.075655433004,1,126.08470225872689,15394.76000000006,27322.01000000006,True,145.4354726587269,19.3507704
lamf-test-1393ec0f-c39a-48b5-8afc-5e45c5c5f7c7,"{<resource_manager.instance.CloudOnDemandInstance object at 0x11bd1fb60>: [(6, 15424.76000000006, None)]}",354.69102159935267,139675.7794054601,15424.76000000006,12059.704561773004,3,146.1519784263193,15825.29600000006,39446.664554095965,False,,
lamf-test-98a6ab80-499b-4f3a-95f7-4dd7df820566,"{<resource_manager.instance.OnPremInstance object at 0x11bd1f770>: [(2, 15886.496000000065, None)]}",105.87093398460661,43234.19919467207,15886.496000000065,12060.704561773004,1,44.82873800288995,15886.496000000065,24188.652000000064,True,51.56344695008995,6.734708947199999
lamf-test-0b319882-7fad-4ae3-8912-b51a1940b68d,"{<resource_manager.instance.OnPremInstance object at 0x11bd1f770>: [(2, 15916.696000000065, None)]}",309.96889456321867,140620.41879176872,15916.696000000065,12609.169633638503,3,161.62008669860822,15916.696000000065,69045.25900000006,True,204.71797700420822,43.0978903056
lamf-test-151fcd56-358d-466c-9e97-a24b8c315d14,"{<resource_manager.instance.OnPremInstance object at 0x11bd1f770>: [(4, 15946.896000000066, None)]}",286.90020368365816,139889.01487021026,15946.896000000066,12610.169633638503,1,121.07458156513805,15946.896000000066,27400.203000000067,True,139.65642684193804,18.5818452768
lamf-test-0479ea03-d843-4f1c-b0bd-6f829a2c5a10,"{<resource_manager.instance.CloudReservedInstance object at 0x11bd422c0>: [(1, 16157.096000000067, None)], <resource_manager.instance.CloudReservedInstance object at 0x11bd1fcb0>: [(4, 16157.096000000067, None)]}",326.10114994784385,140378.02143258456,16157.096000000067,12622.274596243504,3,134.65471082600783,16157.096000000067,40301.297717970665,True,218.58961367836082,83.93490285235299
lamf-test-724d0d5f-301b-4490-8457-7773ef64d695,"{<resource_manager.instance.OnPremInstance object at 0x11bd1f770>: [(5, 16337.496000000068, None)]}",109.55462846539683,43740.58958696987,16337.496000000068,12629.354435731504,2,16.63798845293625,16337.496000000068,20495.12400000007,True,25.069658036936247,8.431669584
lamf-test-2674780b-0edf-4613-bd86-e3e24ce33fcb,"{<resource_manager.instance.OnPremInstance object at 0x11bd1f770>: [(5, 16457.69600000007, None)]}",302.61464185285956,140115.79220547268,16457.69600000007,12633.697289998505,1,275.4748113164499,16457.69600000007,37395.37400000007,True,317.9364223004499,42.461610984
lamf-test-15ce12ce-cdd4-4322-97b9-e92908eec275,"{<resource_manager.instance.OnPremInstance object at 0x11bd1f770>: [(4, 16758.09600000007, None)]}",62.79223748275714,26925.170365876085,16758.09600000007,12655.153094704505,2,17.617206605052633,16758.09600000007,21595.11600000007,True,25.464787853052634,7.847581248000001
lamf-test-6fdb4590-cea7-4d20-bffa-249d0757fa2a,"{<resource_manager.instance.OnPremInstance object at 0x11bd1f770>: [(6, 17449.696000000076, None)]}",88.08906902383775,44251.84512499216,17449.696000000076,13204.498594948505,1,135.93037782340858,17449.696000000076,26084.230000000072,True,156.94337976580857,21.013001942399992
lamf-test-e4ed1a21-f292-441c-946a-d7b9f0990c7d,"{<resource_manager.instance.OnPremInstance object at 0x11bd1f770>: [(2, 17630.096000000078, None)]}",297.2172710903451,140804.8639172972,17630.096000000078,13205.498594948505,1,193.04423210890562,17630.096000000078,53381.34400000008,True,222.0456444865056,29.001412377599998
lamf-test-c777b76c-0cc3-4d24-b87d-dcc762dd2026,"{<resource_manager.instance.OnPremInstance object at 0x11bd1f770>: [(2, 17660.29600000008, None)]}",310.2741421688458,141361.64543687514,17660.29600000008,13207.714100582505,1,96.19796425583695,17660.29600000008,35475.88800000008,True,110.64997248623695,14.4520082304
lamf-test-38f0df60-c850-46c3-8ecc-b21d5524ac44,"{<resource_manager.instance.OnPremInstance object at 0x11bd1f770>: [(6, 17720.29600000008, None)]}",82.2505270696069,44483.839762615506,17720.29600000008,13211.809967681505,3,81.58147387634037,17720.29600000008,26659.586000000076,True,103.33613002034036,21.754656143999995
lamf-test-ecaffeb0-92d2-4398-a844-9e4844c48df5,"{<resource_manager.instance.OnPremInstance object at 0x11bd1f770>: [(3, 17900.69600000008, None)]}",106.56838267415606,44374.25411370133,17900.69600000008,13213.165558178505,1,38.71803331051791,17900.69600000008,22749.30000000008,True,44.61781465771791,5.899781347199999
lamf-test-3c60492c-5568-42f7-a13b-d4f3117a23dc,"{<resource_manager.instance.OnPremInstance object at 0x11bd1f770>: [(6, 18682.096000000085, None)]}",288.51703100665657,140958.95149762434,18682.096000000085,13216.190582915506,2,32.354383703909534,18682.096000000085,26168.331000000086,True,50.572885199909535,18.218501496000002
lamf-test-04f3f31f-b20f-4cb7-a3dd-c0c2f380b4cc,"{<resource_manager.instance.OnPremInstance object at 0x11bd1f770>: [(4, 18712.096000000085, None)]}",63.69847192731158,27316.001613369066,18712.096000000085,13217.206598147506,3,30.19808654650544,18712.096000000085,23675.529000000086,True,38.25076024570544,8.052673699200001
lamf-test-b6b347a8-b100-462f-bbd1-cdcde8345e59,"{<resource_manager.instance.OnPremInstance object at 0x11bd1f770>: [(4, 19674.296000000093, None)]}",310.4633474601291,141010.3098942718,19674.296000000093,13219.615954841505,1,345.51327994524297,19674.296000000093,52358.858000000095,True,398.54071333404295,53.0274333888
lamf-test-d4113937-9912-4267-ad39-f41249bcbcef,"{<resource_manager.instance.OnPremInstance object at 0x11bd1f770>: [(2, 19704.696000000095, None)]}",44.164232744169574,27555.474754809584,19704.696000000095,13233.837049385005,3,10.233821583390363,19704.696000000095,23068.809000000092,True,12.96279004899036,2.728968465599998
lamf-test-198ba68c-5a75-4dd3-95a5-23cb4a91c31d,"{<resource_manager.instance.OnPremInstance object at 0x11bd1f770>: [(5, 19734.696000000095, None)]}",75.79076386942039,44419.67578901614,19734.696000000095,13251.022455170505,2,14.289373078221676,19734.696000000095,23305.434000000092,True,21.53082974222167,7.241456663999995
lamf-test-9bb4d80d-2aee-48e9-ac53-5a922312b6c8,"{<resource_manager.instance.OnPremInstance object at 0x11bd1f770>: [(6, 20005.496000000097, None)]}",62.348183689222225,28000.220063562734,20005.496000000097,13803.585694673506,2,32.60449347729078,20005.496000000097,27549.602000000094,True,50.963829838890774,18.359336361599993
lamf-test-8fdaa8c6-0ab8-4102-bf2c-7c6a5957696b,"{<resource_manager.instance.OnPremInstance object at 0x11bd1f770>: [(3, 20035.496000000097, None)]}",305.80076715201267,141203.7484810594,20035.496000000097,13808.381052200506,3,72.69079625827058,20035.496000000097,35965.684000000096,True,92.07464901667058,19.3838527584
lamf-test-c89d3402-a23f-46ae-8720-cd373edbf82e,"{<resource_manager.instance.OnPremInstance object at 0x11bd1f770>: [(3, 20125.696000000098, None)]}",59.063695813800784,28038.26543564805,20125.696000000098,13809.381052200506,3,14.248204426192082,20125.696000000098,23248.190000000093,True,18.047655125392076,3.7994506991999946
lamf-test-d457b8b2-16f3-450b-ba2f-e7b966006e63,"{<resource_manager.instance.OnPremInstance object at 0x11bd1f770>: [(6, 20847.096000000103, None)]}",308.6020686022321,141417.87521925458,20847.096000000103,13812.004151013505,1,250.70453388090337,20847.096000000103,36772.284000000094,True,289.46007139770336,38.75553751679998
lamf-test-87f7683b-4f57-45f2-93ec-cd6117faec52,"{<resource_manager.instance.OnPremInstance object at 0x11bd1f770>: [(2, 20877.096000000103, None)]}",62.86965238334432,27881.98991065881,20877.096000000103,13818.515247273504,1,9.133697239333788,20877.096000000103,22568.631000000103,True,10.505870431333788,1.3721731919999998
lamf-test-95f36198-5f8e-46dc-93db-fc5d6a810881,"{<resource_manager.instance.CloudOnDemandInstance object at 0x11bd423f0>: [(2, 20907.296000000104, None)], <resource_manager.instance.CloudOnDemandInstance object at 0x11bd1fb60>: [(1, 20907.296000000104, None)]}",312.84764381313755,141610.64132432325,20907.296000000104,13819.649844177504,2,534.59134040725,21307.832000000104,141626.04132432328,False,,
lamf-test-067d037c-dcca-41c3-b8b9-a8b36009d0a4,"{<resource_manager.instance.OnPremInstance object at 0x11bd1f770>: [(4, 21550.832000000115, None)]}",61.80548621708826,28110.485615027774,21550.832000000115,13821.371086059504,2,12.374679762634617,21550.832000000115,24948.452000000114,True,17.886978450634615,5.512298687999999
lamf-test-55d518fc-620c-44fe-a18a-2336d48b9fc1,"{<resource_manager.instance.OnPremInstance object at 0x11bd1f770>: [(3, 21610.832000000115, None)]}",83.99778340603386,45189.17309141342,21610.832000000115,13823.900972721503,3,31.444919005247556,21610.832000000115,28501.986000000117,True,39.83007519244756,8.385156187200003
lamf-test-64282f81-8a38-42e2-8686-39f8e7fadae5,"{<resource_manager.instance.OnPremInstance object at 0x11bd1f770>: [(5, 21641.032000000116, None)]}",308.1387838586121,141647.53251134415,21641.032000000116,13824.900972721503,2,17.9279801240933,21641.032000000116,26121.013000000115,True,27.013381592093296,9.085401467999999
lamf-test-6ca33400-5b63-4867-9fb5-39d7d8646a8a,"{<resource_manager.instance.OnPremInstance object at 0x11bd1f770>: [(6, 22573.432000000124, None)]}",105.93846150050236,45087.33280959242,22573.432000000124,13826.882698906504,1,134.01012183435998,22573.432000000124,31085.98800000012,True,154.72627811595999,20.716156281599993
lamf-test-e1a8ae4a-b274-4245-9dc7-b8b20b25f60b,"{<resource_manager.instance.OnPremInstance object at 0x11bd1f770>: [(4, 22603.432000000124, None)]}",307.3714712616934,141705.70453843716,22603.432000000124,13830.647227558504,3,143.5234861966689,22603.432000000124,46193.31100000012,True,181.79570588626888,38.272219689599986
lamf-test-5f552717-b86e-4e0e-9794-6b12cd0fea27,"{<resource_manager.instance.OnPremInstance object at 0x11bd1f770>: [(2, 22633.432000000124, None)]}",43.981392744961866,28070.90014360498,22633.432000000124,13833.918327151503,2,11.722791901467005,22633.432000000124,26945.708000000122,True,15.220910192667002,3.498118291199998
lamf-test-0ee69e3c-f7ac-4d00-b4dc-243374763ca6,"{<resource_manager.instance.OnPremInstance object at 0x11bd1f770>: [(2, 22814.032000000127, None)]}",95.71047451977611,45066.96528253761,22814.032000000127,13837.882782409502,3,6.772810099627358,22814.032000000127,25040.42400000013,True,8.57885929002736,1.8060491904000027
lamf-test-60d40a4b-09c7-4a73-b379-b1d85406ff0e,"{<resource_manager.instance.OnPremInstance object at 0x11bd1f770>: [(4, 23114.83200000013, None)]}",57.165191884420324,28151.160739002,23114.83200000013,13852.976116045502,3,30.735287787675848,23114.83200000013,28166.560739002,False,,
lamf-test-87976d93-8677-4270-9b15-bf91d2c51eaa,"{<resource_manager.instance.OnPremInstance object at 0x11bd1f770>: [(3, 23174.83200000013, None)]}",311.39111778496914,141607.381695829,23174.83200000013,13853.976116045502,2,62.63388378440265,23174.83200000013,42591.48300000013,True,86.26006472120265,23.626180936800004
lamf-test-68fc4f1f-0368-4356-8862-a5c873470b2b,"{<resource_manager.instance.OnPremInstance object at 0x11bd1f770>: [(4, 23205.03200000013, None)]}",313.35740939256686,141712.08118761945,23205.03200000013,13855.000345928502,2,57.96568034745655,23205.03200000013,39120.220000000125,True,83.78648135865654,25.82080101119999
lamf-test-6ffd71d7-ab96-484d-939d-8341469b380b,"{<resource_manager.instance.OnPremInstance object at 0x11bd1f770>: [(3, 23235.03200000013, None)]}",291.65416309527114,141700.54811952065,23235.03200000013,13858.111736993502,3,134.6727401323294,23235.03200000013,52748.563000000126,True,170.5848046531294,35.912064520799994
lamf-test-20e1ba49-4666-4d28-9ab3-d9b988f76cc5,"{<resource_manager.instance.OnPremInstance object at 0x11bd1f770>: [(6, 23295.03200000013, None)]}",285.6765311197183,141793.9097641116,23295.03200000013,14408.177846312501,1,242.47256468172478,23295.03200000013,38697.311000000125,True,279.9555508561248,37.48298617439999
lamf-test-6012bbf1-8566-4834-b341-39822809aef2,"{<resource_manager.instance.OnPremInstance object at 0x11bd1f770>: [(5, 23445.23200000013, None)]}",93.62462651407313,45615.38402683122,23445.23200000013,14409.177846312501,1,120.36202981215295,23445.23200000013,32593.442000000126,True,138.91459969215293,18.55256987999999
lamf-test-92b1912c-cdf4-4496-9665-6c2a64a15900,"{<resource_manager.instance.OnPremInstance object at 0x11bd1f770>: [(5, 23565.632000000132, None)]}",99.7921660649438,45754.17733238908,23565.632000000132,14410.177846312501,3,20.963054224655874,23565.632000000132,26322.064000000133,True,26.553098320655874,5.590044096000001
lamf-test-3d2e4ca8-d6e8-4002-a809-14108f6da5be,"{<resource_manager.instance.OnPremInstance object at 0x11bd1f770>: [(5, 23775.832000000133, None)]}",306.2018292174168,142173.58959100855,23775.832000000133,14414.508446626502,2,43.952142351712844,23775.832000000133,34758.93000000013,True,66.22586509571283,22.273722743999993
lamf-test-a7986f20-c88c-442a-a9bb-9d4e408bd120,"{<resource_manager.instance.OnPremInstance object at 0x11bd1f770>: [(4, 24167.43200000014, None)]}",50.00049139574834,28523.729974023343,24167.43200000014,14418.538729987502,1,23.8254922047304,24167.43200000014,26421.25500000014,True,27.4820946399304,3.6566024352000004
lamf-test-bf2ee2bb-aeee-4553-ba75-b56c3562dc59,"{<resource_manager.instance.OnPremInstance object at 0x11bd1f770>: [(2, 24197.43200000014, None)]}",94.73625576454592,45783.497660729125,24197.43200000014,14419.538729987502,1,66.72177078104795,24197.43200000014,36554.11600000013,True,76.74551284184794,10.023742060799995
lamf-test-404ab15a-5fdc-47da-96ca-6bf36dbfc057,"{<resource_manager.instance.OnPremInstance object at 0x11bd1f770>: [(4, 24889.032000000145, None)]}",285.63536765098837,142329.28285581604,24889.032000000145,14424.022374269502,2,70.60093124937637,24889.032000000145,44273.38300000014,True,102.05010231177636,31.44917106239999
lamf-test-398c2e41-0ba6-4e76-8602-21bfa67e2257,"{<resource_manager.instance.OnPremInstance object at 0x11bd1f770>: [(5, 24979.232000000145, None)]}",308.43937206382503,142300.2700883384,24979.232000000145,14430.614124191501,2,63.558512677877516,24979.232000000145,40861.72000000015,True,95.76819834187751,32.209685664
lamf-test-58d64335-ff0b-41b5-93cb-bcafe6abca1b,"{<resource_manager.instance.OnPremInstance object at 0x11bd1f770>: [(6, 25219.632000000147, None)]}",83.27713277836911,45717.035117001455,25219.632000000147,14432.0846058535,2,37.76989928311617,25219.632000000147,33958.92200000014,True,59.03783542711615,21.26793614399998
lamf-test-78749043-3668-43d0-99ce-4ee040f7f664,"{<resource_manager.instance.OnPremInstance object at 0x11bd1f770>: [(2, 25249.632000000147, None)]}",57.07835905715178,28554.82042501642,25249.632000000147,14434.9231368625,2,7.557106706618723,25249.632000000147,28029.544000000147,True,9.812171321018724,2.2550646144
lamf-test-59fd6bbc-b1e0-4afd-a720-743bb563c136,"{<resource_manager.instance.OnPremInstance object at 0x11bd1f770>: [(2, 26091.832000000155, None)]}",321.20760313523465,142114.83137486834,26091.832000000155,14435.9231368625,2,47.296249503230236,26091.832000000155,43489.94700000015,True,61.409600391230235,14.113350887999998
lamf-test-4cc1e286-0e7f-464c-8240-c10883a7da2a,"{<resource_manager.instance.OnPremInstance object at 0x11bd1f770>: [(4, 26181.832000000155, None)]}",316.2330750787407,142033.30411737165,26181.832000000155,14442.7494188795,3,69.2083899916343,26181.832000000155,37557.09600000015,True,87.6636183052343,18.455228313599992
lamf-test-0aaede3d-34d4-43d5-b971-8a2a954407b0,"{<resource_manager.instance.OnPremInstance object at 0x11bd1f770>: [(2, 26211.832000000155, None)]}",291.4038438976179,141973.16209445818,26211.832000000155,14445.1444793225,1,187.84589170279105,26211.832000000155,61000.36200000015,True,216.06634723879105,28.220455535999992
lamf-test-a7598ecc-5cec-4bf9-9a0f-c71ca0dbae0e,"{<resource_manager.instance.OnPremInstance object at 0x11bd1f770>: [(6, 26362.232000000156, None)]}",294.2224632206372,142171.77829970623,26362.232000000156,14446.3091020145,3,54.67130276066621,26362.232000000156,32352.840000000157,True,69.2500463894662,14.578743628800002
lamf-test-5c0e0bc7-fda1-478e-8de8-178b5b80a83c,"{<resource_manager.instance.CloudOnDemandInstance object at 0x11bd42780>: [(2, 26392.232000000156, None)], <resource_manager.instance.CloudOnDemandInstance object at 0x11bf25310>: [(1, 26392.232000000156, None)], <resource_manager.instance.CloudOnDemandInstance object at 0x11bd1fb60>: [(1, 26392.232000000156, None)]}",109.02475346006189,45706.460283133296,26392.232000000156,14456.2378239935,2,110.26934270937949,26792.768000000156,45721.8602831333,False,,
lamf-test-95c3a7f0-6def-4a58-8473-af92a11ec586,"{<resource_manager.instance.OnPremInstance object at 0x11bd1f770>: [(3, 26823.36800000016, None)]}",312.05091942501133,142435.53379990545,26823.36800000016,14457.2378239935,1,188.19590760222198,26823.36800000016,50390.872657729844,True,216.87284726974747,28.676939667525485
lamf-test-225e7631-1dba-46ce-9a30-f911bc78acd8,"{<resource_manager.instance.OnPremInstance object at 0x11bd1f770>: [(5, 26853.36800000016, None)]}",48.6051907309817,28858.979072022896,26853.36800000016,14460.587402254501,1,26.590228569467925,26853.36800000016,28874.379072022897,False,,
lamf-test-19917d27-b721-40ad-a37a-4370c7a734bc,"{<resource_manager.instance.OnPremInstance object at 0x11bd1f770>: [(2, 26883.56800000016, None)]}",301.1069329229973,141823.8645994792,26883.56800000016,14462.5454197755,2,52.605790655805734,26883.56800000016,46234.819000000156,True,68.30352546700573,15.697734811199997
lamf-test-c5f3d318-ed60-437f-9c1e-4a6f0f18365e,"{<resource_manager.instance.OnPremInstance object at 0x11bd1f770>: [(5, 27003.56800000016, None)]}",302.37657057421836,142083.37051642162,27003.56800000016,14463.6688623675,2,49.44459044031352,27003.56800000016,39359.16100000015,True,74.50173304431351,25.057142603999985
lamf-test-68ff13a7-de65-4a50-8bee-581fe346b072,"{<resource_manager.instance.OnPremInstance object at 0x11bd1f770>: [(4, 27033.56800000016, None)]}",316.0799972187193,141988.38837128214,27033.56800000016,14464.6688623675,1,68.61537478135214,27033.56800000016,33524.385000000155,True,79.14607628215214,10.530701500799992
lamf-test-e3ac6e81-3f29-40d1-91c8-119f86b94741,"{<resource_manager.instance.OnPremInstance object at 0x11bd1f770>: [(2, 27304.968000000164, None)]}",292.3170995981352,142374.5707086306,27304.968000000164,14465.8992043825,2,51.57969880806859,27304.968000000164,46278.76700000016,True,66.97124455686858,15.391545748799995
lamf-test-cd918581-b0d1-458e-92b2-5c59b3bd83b5,"{<resource_manager.instance.OnPremInstance object at 0x11bd1f770>: [(3, 27334.968000000164, None)]}",301.10787935133226,142657.70470228326,27334.968000000164,15016.8866275975,2,45.379107990455005,27334.968000000164,41402.598000000165,True,62.49660017445501,17.117492184000003
lamf-test-3231937d-3960-4134-90c2-f2e92cf6e932,"{<resource_manager.instance.OnPremInstance object at 0x11bd1f770>: [(2, 27364.968000000164, None)]}",109.51414052886817,46005.471174103885,27364.968000000164,15022.9314812245,2,12.90822413569903,27364.968000000164,32113.310000000165,True,16.76007916609903,3.8518550304000003
lamf-test-5e0241b4-8be0-4af4-bde6-0b42fa40fc67,"{<resource_manager.instance.OnPremInstance object at 0x11bd1f770>: [(2, 27425.168000000165, None)]}",98.3173256377796,46228.91879740485,27425.168000000165,15024.546605981499,3,6.223019241006921,27425.168000000165,29470.830000000165,True,7.882460255406921,1.6594410144000002
lamf-test-d56ac58c-44ed-4cac-88e0-685510119191,"{<resource_manager.instance.OnPremInstance object at 0x11bd1f770>: [(2, 27455.168000000165, None)]}",70.70390367140996,29095.774237566344,27455.168000000165,15033.775819838498,2,4.5018028786932165,27455.168000000165,29111.174237566345,False,,
lamf-test-093fc8c1-409b-4af5-91bd-f1586aa318b7,"{<resource_manager.instance.CloudReservedInstance object at 0x11bf251d0>: [(1, 27665.168000000165, None)], <resource_manager.instance.CloudReservedInstance object at 0x11bd422c0>: [(2, 27665.168000000165, None)], <resource_manager.instance.CloudOnDemandInstance object at 0x11bf25310>: [(1, 27665.168000000165, None)], <resource_manager.instance.CloudOnDemandInstance object at 0x11bd423f0>: [(2, 27665.168000000165, None)]}",48.98947611555658,29189.180849770666,27665.168000000165,15034.775819838498,1,19.980717902058387,27665.168000000165,29204.580849770668,False,,
lamf-test-412a625e-1641-430d-83ff-ad06d8ff7ded,"{<resource_manager.instance.CloudReservedInstance object at 0x11bd1fcb0>: [(1, 27905.968000000168, None)], <resource_manager.instance.CloudReservedInstance object at 0x11bd42520>: [(1, 27905.968000000168, None)], <resource_manager.instance.CloudOnDemandInstance object at 0x11bd42780>: [(2, 27905.968000000168, None)], <resource_manager.instance.CloudOnDemandInstance object at 0x11bd1fb60>: [(1, 27905.968000000168, None)]}",48.58977843534464,29318.462109774766,27905.968000000168,15036.772973514499,1,15.456455113792023,27905.968000000168,29333.862109774767,False,,
lamf-test-499e704f-e77f-4d06-942d-f6729f7df6df,"{<resource_manager.instance.OnPremInstance object at 0x11bd1f770>: [(3, 28266.96800000017, None)]}",295.12516285873096,142698.19557830555,28266.96800000017,15040.643109936498,2,65.69972508518126,28266.96800000017,48634.03700000017,True,90.48237464438125,24.782649559200003
lamf-test-b31f9afe-254c-4126-a484-8628eb9333c1,"{<resource_manager.instance.OnPremInstance object at 0x11bd1f770>: [(6, 28566.96800000017, None)]}",58.325064065435534,29230.403305078984,28566.96800000017,15052.630808307498,1,10.686661202472768,28566.96800000017,29245.803305078985,False,,
lamf-test-893ff824-f1d2-4433-939e-c7c4d678a42b,"{<resource_manager.instance.OnPremInstance object at 0x11bd1f770>: [(2, 28597.168000000172, None)]}",291.47945752946964,143320.69711551018,28597.168000000172,15612.407029497499,1,186.14387337440107,28597.168000000172,63070.48900000017,True,214.10863136960106,27.964757995199996
lamf-test-9ad3c991-d587-4e6c-87f0-aa8b942b2b5d,"{<resource_manager.instance.OnPremInstance object at 0x11bd1f770>: [(6, 28988.168000000176, None)]}",294.2702271699325,143457.35099771546,28988.168000000176,15616.5923475365,2,94.55211744508243,28988.168000000176,50865.864000000176,True,147.79367843068243,53.2415609856
lamf-test-50bd9009-28ec-4253-bcf7-ae2b62692323,"{<resource_manager.instance.OnPremInstance object at 0x11bd1f770>: [(3, 29018.368000000177, None)]}",96.71534015432012,46798.13472507113,29018.368000000177,15619.1454204905,2,19.931739394248368,29018.368000000177,35197.25400000017,True,27.450207879048357,7.51846848479999
lamf-test-65b278d1-c75b-4135-b5aa-f825706c680d,"{<resource_manager.instance.CloudReservedInstance object at 0x11bf251d0>: [(1, 29228.568000000178, None)], <resource_manager.instance.CloudReservedInstance object at 0x11bd422c0>: [(2, 29228.568000000178, None)], <resource_manager.instance.CloudOnDemandInstance object at 0x11bf25310>: [(1, 29228.568000000178, None)]}",46.808209305960055,29847.50307125983,29228.568000000178,15621.2077032845,1,4.8081270136293455,29228.568000000178,29862.903071259832,False,,
lamf-test-4e05654b-8014-4960-848f-0c1b470c0ee8,"{<resource_manager.instance.CloudReservedInstance object at 0x11bd1fcb0>: [(1, 29348.568000000178, None)], <resource_manager.instance.CloudReservedInstance object at 0x11bd42520>: [(1, 29348.568000000178, None)], <resource_manager.instance.CloudOnDemandInstance object at 0x11bd42780>: [(2, 29348.568000000178, None)], <resource_manager.instance.CloudOnDemandInstance object at 0x11bd423f0>: [(1, 29348.568000000178, None)]}",119.66024806020059,46831.581962740056,29348.568000000178,15630.1866398015,3,86.13879935765907,29348.568000000178,42940.23687304649,True,189.87313453052312,103.73433517286405
lamf-test-2b6c6b3a-28c9-458c-9ffa-76aefcc26451,"{<resource_manager.instance.OnPremInstance object at 0x11bd1f770>: [(5, 29648.96800000018, None)]}",317.28833254019617,143312.4477031476,29648.96800000018,15639.245502777501,1,273.7110901969732,29648.96800000018,50452.59300000018,True,315.9008416969732,42.18975150000001
lamf-test-2f12deb2-00c6-45f2-bf9e-431fba73627e,"{<resource_manager.instance.CloudReservedInstance object at 0x11bf251d0>: [(1, 29888.96800000018, None)], <resource_manager.instance.CloudReservedInstance object at 0x11bd422c0>: [(2, 29888.96800000018, None)], <resource_manager.instance.CloudOnDemandInstance object at 0x11bf25310>: [(1, 29888.96800000018, None)], <resource_manager.instance.CloudOnDemandInstance object at 0x11bd423f0>: [(1, 29888.96800000018, None)], <resource_manager.instance.CloudOnDemandInstance object at 0x11bd1fb60>: [(1, 29888.96800000018, None)]}",93.49967154984164,46939.01511859175,29888.96800000018,15652.710509859502,1,210.68453232829094,29888.96800000018,46954.41511859174,False,,
lamf-test-f9efe039-70ce-49b9-a1a8-bee3de1d2b34,"{<resource_manager.instance.OnPremInstance object at 0x11bd1f770>: [(5, 30009.16800000018, None)]}",307.9037058422363,142800.92551787154,30009.16800000018,15658.474128831502,3,131.53315080994759,30009.16800000018,47304.46200000019,True,166.6080070419476,35.074856232000016
lamf-test-8f4c62d4-1881-4ae7-91f8-3b9d5e4e648b,"{<resource_manager.instance.OnPremInstance object at 0x11bd1f770>: [(6, 30309.56800000018, None)]}",53.33256697567134,29791.981176461217,30309.56800000018,15663.926079387502,2,0.06655648787945527,30309.56800000018,30324.968000000183,False,,
lamf-test-920c97be-abc7-45c8-bf90-73719c07896c,"{<resource_manager.instance.OnPremInstance object at 0x11bd1f770>: [(3, 30369.56800000018, None)]}",49.27955402462038,30419.590189501254,30369.56800000018,16214.584600716502,2,0.2110377229384947,30369.56800000018,30434.990189501255,False,,
lamf-test-915cb3ce-20ce-43ae-8b31-7f523a6333eb,"{<resource_manager.instance.OnPremInstance object at 0x11bd1f770>: [(2, 30399.56800000018, None)]}",71.69092063889612,30274.45080209097,30399.56800000018,16237.103487264501,3,0.04684766902426482,30399.56800000018,30414.968000000183,False,,
lamf-test-eb592d2c-c121-4645-b005-4e7f00d8eb14,"{<resource_manager.instance.OnPremInstance object at 0x11bd1f770>: [(5, 31602.36800000019, None)]}",65.43723826831173,30571.916555226322,31602.36800000019,16238.103487264501,1,0.20261616852994535,31602.36800000019,31617.768000000193,False,,
lamf-test-821bad57-9b5b-4590-ab6a-b75593f800f8,"{<resource_manager.instance.OnPremInstance object at 0x11bd1f770>: [(4, 31632.36800000019, None)]}",293.93899056747387,144107.744301159,31632.36800000019,16247.401922881501,3,211.65734276370824,31632.36800000019,66420.89800000019,True,268.09825383570825,56.440911072
lamf-test-2ec8c349-ada1-458e-a7a4-ab9b6322b2cf,"{<resource_manager.instance.OnPremInstance object at 0x11bd1f770>: [(4, 31993.568000000196, None)]}",57.00450481534605,30419.634471248646,31993.568000000196,16263.450875761502,2,0.05608928259916977,31993.568000000196,32008.968000000197,False,,
lamf-test-3d742955-a0c8-4cdc-8c38-f5e5804b4cff,"{<resource_manager.instance.OnPremInstance object at 0x11bd1f770>: [(4, 32023.568000000196, None)]}",303.65987588610506,144106.17128257593,32023.568000000196,16266.682691041502,1,75.65961654878699,32023.568000000196,39180.7500000002,True,87.27142862558699,11.611812076800001
lamf-test-b18ea74a-e7ea-41d7-821c-d4f1a5e50746,"{<resource_manager.instance.OnPremInstance object at 0x11bd1f770>: [(4, 32053.568000000196, None)]}",93.66823018165961,47734.07171353255,32053.568000000196,16816.0394302515,3,76.04914746368547,32053.568000000196,44553.1960000002,True,96.32854393088547,20.279396467200005
lamf-test-cf4eee4f-df46-4434-9c29-6bf0f44daf4d,"{<resource_manager.instance.CloudReservedInstance object at 0x11bf25450>: [(1, 32895.3680000002, None)], <resource_manager.instance.CloudReservedInstance object at 0x11bf251d0>: [(5, 32895.3680000002, None)]}",53.667029478259835,30923.213635230815,32895.3680000002,16823.231455630503,2,0.062086735918330443,32895.3680000002,32910.76800000019,False,,
lamf-test-7c801ce0-8eb2-4e0d-9312-eaf55e74d22a,"{<resource_manager.instance.CloudOnDemandInstance object at 0x11bd423f0>: [(1, 32925.3680000002, None)], <resource_manager.instance.CloudOnDemandInstance object at 0x11bd1fb60>: [(1, 32925.3680000002, None)]}",282.54429039316733,144543.30531376626,32925.3680000002,16835.5335194325,2,417.3937441984423,33325.9040000002,144558.7053137663,False,,
lamf-test-4d1918b0-1458-45e2-b527-a49166860d07,"{<resource_manager.instance.OnPremInstance object at 0x11bd1f770>: [(6, 33416.50400000019, None)]}",99.90881249240506,47981.19097363748,33416.50400000019,16846.1221789845,2,33.020419664338995,33416.50400000019,41056.84800000019,True,51.61396082273899,18.593541158399994
lamf-test-4fd50982-b738-4cdf-bdb5-50cd3dff6874,"{<resource_manager.instance.CloudReservedInstance object at 0x11bf25450>: [(1, 33446.50400000019, None)], <resource_manager.instance.CloudReservedInstance object at 0x11bf251d0>: [(1, 33446.50400000019, None)]}",66.98837614575113,31083.439546089692,33446.50400000019,16848.8012378865,2,0.042977197288450286,33446.50400000019,33461.904000000184,False,,
lamf-test-308f236e-0576-4952-874f-b146870f6d77,"{<resource_manager.instance.CloudReservedInstance object at 0x11bf25450>: [(1, 33506.70400000019, None)], <resource_manager.instance.CloudReservedInstance object at 0x11bf251d0>: [(2, 33506.70400000019, None)]}",296.126707886245,144387.26235914414,33506.70400000019,16852.3896832785,3,101.53856383982291,33506.70400000019,90726.5858255644,True,166.860780931887,65.32221709206411
lamf-test-17fee575-0b26-45f7-83d5-67d080c53e61,"{<resource_manager.instance.OnPremInstance object at 0x11bd1f770>: [(5, 33987.10400000018, None)]}",339.37001802300927,144684.05347422778,33987.10400000018,16862.0174520915,3,62.44116662864093,33987.10400000018,42197.49300000018,True,79.09183552064091,16.650668891999988
lamf-test-c8945c61-1ea7-4681-928a-edc22713889d,"{<resource_manager.instance.OnPremInstance object at 0x11bd1f770>: [(5, 34107.504000000175, None)]}",305.7727422550137,144691.13245255864,34107.504000000175,16863.605345851498,2,30.678725804111288,34107.504000000175,41773.73900000017,True,46.225850384111276,15.547124579999986
lamf-test-416bbbfd-81e6-4f7c-9a56-8c0e7175f623,"{<resource_manager.instance.OnPremInstance object at 0x11bd1f770>: [(3, 34137.504000000175, None)]}",318.1012839054559,145075.9493546473,34137.504000000175,17418.275931187498,2,32.12001484338142,34137.504000000175,44094.784000000174,True,44.23603314738142,12.116018303999999
lamf-test-3e7fd149-2562-452d-b778-aa63ebe3ca13,"{<resource_manager.instance.CloudReservedInstance object at 0x11bf251d0>: [(1, 34167.70400000017, None)], <resource_manager.instance.CloudOnDemandInstance object at 0x11bd1fb60>: [(1, 34167.70400000017, None)]}",306.14407437283273,145136.5732040184,34167.70400000017,17428.2394981335,2,331.4223545214397,34167.70400000017,145151.97320401843,False,,
lamf-test-e18205c9-e6f7-4d1b-94fe-6bdf96998c05,"{<resource_manager.instance.OnPremInstance object at 0x11bd1f770>: [(6, 34407.90400000017, None)]}",110.9772195614234,48654.285014820576,34407.90400000017,17435.2945793265,1,90.58486242299784,34407.90400000017,40162.01200000016,True,104.58805965179783,14.003197228799984
lamf-test-55230e23-b521-4f16-a8cb-73a7c6580475,"{<resource_manager.instance.OnPremInstance object at 0x11bd1f770>: [(4, 34437.90400000017, None)]}",312.3489385286271,145003.18911800164,34437.90400000017,17437.540418506498,2,60.621052608376054,34437.90400000017,51082.157000000174,True,87.62468867557607,27.003636067200006
lamf-test-56207b5b-5fb7-4cc8-b917-b36e1b064de2,"{<resource_manager.instance.OnPremInstance object at 0x11bd1f770>: [(5, 34829.504000000146, None)]}",317.0752713451876,145159.52716661504,34829.504000000146,17443.5649850325,2,52.2215142798858,34829.504000000146,47879.01600000015,True,78.68592461588581,26.464410336000004
lamf-test-2148cf4d-7170-4032-92ad-bc67bc5cec9e,"{<resource_manager.instance.OnPremInstance object at 0x11bd1f770>: [(3, 34859.70400000014, None)]}",290.5571510371029,144896.2827143278,34859.70400000014,17454.688583344498,3,152.6817385352498,34859.70400000014,68319.90700000014,True,193.3961135456498,40.7143750104
lamf-test-6f91592c-afdd-4bec-8b7a-080c324249f5,"{<resource_manager.instance.OnPremInstance object at 0x11bd1f770>: [(5, 34889.70400000014, None)]}",112.19170754417485,48611.27083935922,34889.70400000014,17465.955393964497,3,61.643160182182356,34889.70400000014,42995.1631323553,True,78.08103130259862,16.437871120416258
lamf-test-58f4bde2-1252-4878-b4ed-54f9ec3d6ddb,"{<resource_manager.instance.OnPremInstance object at 0x11bd1f770>: [(3, 35249.90400000014, None)]}",306.6623561408906,145847.51418148886,35249.90400000014,18012.3704172825,3,87.66146475017108,35249.90400000014,54460.914000000135,True,111.03742171817107,23.375956967999997
lamf-test-9fd69545-924f-4ce5-9308-d2123ccec4dc,"{<resource_manager.instance.OnPremInstance object at 0x11bd1f770>: [(3, 35549.90400000014, None)]}",61.631240803228884,32136.298471901642,35549.90400000014,18014.370450640497,1,0.12297513118863707,35549.90400000014,35565.304000000135,False,,
lamf-test-927fb6c3-ba3c-488b-96a5-466be1c02fa9,"{<resource_manager.instance.OnPremInstance object at 0x11bd1f770>: [(6, 36121.50400000012, None)]}",330.8093779162473,145581.80757550665,36121.50400000012,18019.001273671496,1,285.36536440033746,36121.50400000012,54248.408234299815,True,329.4789985449292,44.11363414459175
lamf-test-1e5c4d41-c6bb-47f9-a0f9-f492c659a647,"{<resource_manager.instance.OnPremInstance object at 0x11bd1f770>: [(6, 36361.50400000012, None)]}",295.19389174920065,145820.31370252997,36361.50400000012,18021.013072963495,3,63.57313255760892,36361.50400000012,43327.530000000115,True,80.52565343120892,16.952520873599997
lamf-test-5fc71200-6539-46cf-9073-1ac0b6be235f,"{<resource_manager.instance.OnPremInstance object at 0x11bd1f770>: [(5, 36601.90400000011, None)]}",298.6298021940167,145492.50048970993,36601.90400000011,18022.013072963495,2,65.46559364451943,36601.90400000011,52960.94800000011,True,98.64173487651942,33.176141232
lamf-test-d81a676f-ccce-4b38-95bc-838588f989f1,"{<resource_manager.instance.CloudReservedInstance object at 0x11bd422c0>: [(1, 36631.90400000011, None)], <resource_manager.instance.CloudReservedInstance object at 0x11bd1fcb0>: [(1, 36631.90400000011, None)], <resource_manager.instance.CloudOnDemandInstance object at 0x11bd1fb60>: [(1, 36631.90400000011, None)]}",93.67827368323229,49086.77675947287,36631.90400000011,18036.467370785496,1,83.77372883261795,36631.90400000011,49102.176759472866,False,,
lamf-test-bff6c6c8-6ce7-4a14-8d30-c8d69887c972,"{<resource_manager.instance.OnPremInstance object at 0x11bd1f770>: [(4, 37562.7040000001, None)]}",62.55972404682857,32072.04152364522,37562.7040000001,18037.467370785496,2,0.05608928259914327,37562.7040000001,37578.104000000094,False,,
lamf-test-8aea85bd-3d6c-4aba-b7de-dd2346b0e93e,"{<resource_manager.instance.OnPremInstance object at 0x11bd1f770>: [(6, 37592.7040000001, None)]}",302.51103083949494,145673.64145163458,37592.7040000001,18039.972980808496,1,256.8646611909651,37592.7040000001,53909.1940000001,True,296.5724712549651,39.707810064
lamf-test-f3f23406-4146-4e8a-b0d6-831939b9a4ea,"{<resource_manager.instance.OnPremInstance object at 0x11bd1f770>: [(5, 37832.9040000001, None)]}",57.3172776265575,32077.56850470374,37832.9040000001,18044.240255283497,1,0.20261616852984965,37832.9040000001,37848.30400000009,False,,
lamf-test-232b6ce2-ea24-476c-b62f-210ae1decc5b,"{<resource_manager.instance.OnPremInstance object at 0x11bd1f770>: [(4, 37923.104000000094, None)]}",311.1617610976437,145774.8223742703,37923.104000000094,18045.240255283497,2,51.3969114914977,37923.104000000094,52034.756000000096,True,74.2916556962977,22.894744204800002
lamf-test-28862540-93f6-42de-8ec4-72cbed9815ad,"{<resource_manager.instance.CloudOnDemandInstance object at 0x11bd42780>: [(2, 38944.50400000007, None)], <resource_manager.instance.CloudOnDemandInstance object at 0x11bf25810>: [(2, 38944.50400000007, None)], <resource_manager.instance.CloudOnDemandInstance object at 0x11bd423f0>: [(1, 38944.50400000007, None)], <resource_manager.instance.CloudOnDemandInstance object at 0x11bd1fb60>: [(1, 38944.50400000007, None)]}",315.0001679546882,145475.82634642665,38944.50400000007,18056.286308800496,3,552.8419052611503,39345.04000000007,116830.05627441649,True,1250.7431849712862,697.9012797101358
lamf-test-5c2155b4-aa4a-428b-9192-860339f49ef5,"{<resource_manager.instance.OnPremInstance object at 0x11bd1f770>: [(2, 39375.44000000007, None)]}",326.1375748222798,145842.01875318852,39375.44000000007,18067.309178560496,3,62.485165411818386,39375.44000000007,59915.87600000007,True,79.14756709501839,16.662401683200002
lamf-test-8d46ff55-9a1d-4004-b52e-0bb94df560fe,"{<resource_manager.instance.OnPremInstance object at 0x11bd1f770>: [(3, 39405.44000000007, None)]}",314.6188735020299,146289.12808737552,39405.44000000007,18613.277599951496,1,91.55931325576087,39405.44000000007,50871.282000000065,True,105.51094980136087,13.951636545599998
lamf-test-b036c054-ee21-47f6-aca9-95247c096cfe,"{<resource_manager.instance.OnPremInstance object at 0x11bd1f770>: [(6, 39435.640000000065, None)]}",40.69689972228568,32874.33758069251,39435.640000000065,18636.960265423495,3,0.14054300707272807,39435.640000000065,39451.04000000006,False,,
lamf-test-12047e13-b691-4e4d-bcc8-16e2900e16aa,"{<resource_manager.instance.CloudOnDemandInstance object at 0x11bd1fb60>: [(3, 39466.04000000006, None)]}",306.19560311302496,146047.02502964067,39466.04000000006,18643.816269202496,1,575.5831878549308,39866.57600000006,146062.4250296407,False,,
lamf-test-e050ad2a-f776-4985-ad86-c1f9e8bbb5cd,"{<resource_manager.instance.OnPremInstance object at 0x11bd1f770>: [(3, 39897.576000000045, None)]}",326.0139069441622,146138.00817641904,39897.576000000045,18646.976727241497,3,148.3725849874515,39897.576000000045,72413.42800000004,True,187.9378737010515,39.565288713600005
lamf-test-5a75690c-b8ed-48d0-b610-f947c287d86c,"{<resource_manager.instance.CloudOnDemandInstance object at 0x11bd42780>: [(2, 39927.77600000004, None)], <resource_manager.instance.CloudOnDemandInstance object at 0x11bd1fb60>: [(3, 39927.77600000004, None)]}",56.45454017440447,32804.31981491787,39927.77600000004,18652.277158732497,3,2.5306015666590262,40328.31200000004,40343.712000000036,False,,
lamf-test-62ab7363-ee6e-4e41-9bd6-da86db171176,"{<resource_manager.instance.CloudReservedInstance object at 0x11bd422c0>: [(1, 40358.91200000003, None)], <resource_manager.instance.CloudReservedInstance object at 0x11bd1fcb0>: [(4, 40358.91200000003, None)], <resource_manager.instance.CloudOnDemandInstance object at 0x11bd423f0>: [(1, 40358.91200000003, None)]}",317.6880653321237,146539.18576512195,40358.91200000003,18666.481748305498,3,672.7570822842462,40358.91200000003,135138.37137452382,True,1130.939944792569,458.18286250832284
lamf-test-e000b273-6e93-45bd-85e3-de8e007da692,"{<resource_manager.instance.CloudOnDemandInstance object at 0x11bd42780>: [(2, 40388.91200000003, None)], <resource_manager.instance.CloudOnDemandInstance object at 0x11bd423f0>: [(1, 40388.91200000003, None)]}",284.69120725614476,147149.27156550877,40388.91200000003,19218.480368398497,3,487.2268289550935,40789.44800000003,147164.6715655088,False,,
lamf-test-62c9483c-2445-4359-99d9-4d8c66a14529,"{<resource_manager.instance.CloudOnDemandInstance object at 0x11bd423f0>: [(1, 40819.64800000003, None)], <resource_manager.instance.CloudOnDemandInstance object at 0x11bd1fb60>: [(2, 40819.64800000003, None)]}",345.02192360533996,146956.90832465753,40819.64800000003,19231.610052613498,2,253.2071156303906,41220.18400000003,99432.7057903997,True,532.2638837704835,279.05676814009286
lamf-test-1f9296c3-4641-4962-ac2a-3bdd3909621e,"{<resource_manager.instance.OnPremInstance object at 0x11bd1f770>: [(2, 41310.98400000002, None)]}",333.675220822951,147065.79758714262,41310.98400000002,19233.165224734497,2,22.9483784023552,41310.98400000002,49752.63700000002,True,29.7962473159552,6.847868913599998
lamf-test-9673f22e-b964-4aa7-bb78-d1e21e110802,"{<resource_manager.instance.OnPremInstance object at 0x11bd1f770>: [(3, 41340.98400000002, None)]}",52.254300807909324,33388.79506876765,41340.98400000002,19234.165224734497,1,0.12297513118863707,41340.98400000002,41356.38400000001,False,,
lamf-test-5f1a507d-a26f-433c-85e6-51ac89f0d432,"{<resource_manager.instance.OnPremInstance object at 0x11bd1f770>: [(4, 41460.98400000002, None)]}",64.02975273459877,33511.751759307124,41460.98400000002,19235.977378709496,3,0.09369533804848537,41460.98400000002,41476.38400000001,False,,
lamf-test-b2a69e4a-f75e-4751-ad43-b2adf397fd45,"{<resource_manager.instance.OnPremInstance object at 0x11bd1f770>: [(5, 41520.98400000002, None)]}",99.34731245959347,50519.68941186418,41520.98400000002,19240.793063174497,1,53.390018252338635,41520.98400000002,45578.93400000002,True,61.619540852338645,8.229522600000008
lamf-test-396956b2-43cb-496d-8f0c-0ee7a61c67dd,"{<resource_manager.instance.OnPremInstance object at 0x11bd1f770>: [(2, 41581.184000000016, None)]}",82.48316532935924,50461.48025375911,41581.184000000016,19241.793063174497,1,26.56367617309299,41581.184000000016,46500.70200000001,True,30.554389174692986,3.990713001599997
lamf-test-2b83bd20-9a87-454f-8bc9-f6503da1f9d0,"{<resource_manager.instance.OnPremInstance object at 0x11bd1f770>: [(3, 41791.58400000001, None)]}",93.14423892083788,50339.535462025044,41791.58400000001,19244.645919069495,2,21.16147201787592,41791.58400000001,48351.69000000001,True,29.14380899867592,7.9823369808
lamf-test-33fae0e0-9739-4c13-8834-0589e7587a07,"{<resource_manager.instance.OnPremInstance object at 0x11bd1f770>: [(2, 41821.58400000001, None)]}",87.86109604520695,50476.09439376808,41821.58400000001,19252.612673316497,2,11.350502904816013,41821.58400000001,45996.912000000004,True,14.737528978416009,3.387026073599995
lamf-test-e5f8465a-4435-4b7a-801a-354ef982dcda,"{<resource_manager.instance.OnPremInstance object at 0x11bd1f770>: [(3, 41851.58400000001, None)]}",304.6031866584939,147051.4394908961,41851.58400000001,19254.990778233496,1,201.48298996121372,41851.58400000001,67083.011,True,232.18459033481372,30.701600373599987
lamf-test-fd51a7dd-bca8-4714-a851-595e00860b67,"{<resource_manager.instance.OnPremInstance object at 0x11bd1f770>: [(3, 42122.184, None)]}",86.19568247701017,50532.18688255247,42122.184,19258.028311347494,3,18.016454483230646,42122.184,46070.49,True,22.820753224030643,4.804298740799997
lamf-test-56707fec-34cd-4c0e-a454-d4551f611032,"{<resource_manager.instance.OnPremInstance object at 0x11bd1f770>: [(4, 42242.184, None)]}",312.7950515260771,147078.24001881207,42242.184,19260.635422386495,3,87.77465054376756,42242.184,56669.045,True,111.18078983016756,23.406139286399995
lamf-test-f14e2551-1aeb-4008-9226-cf172ac76d45,"{<resource_manager.instance.OnPremInstance object at 0x11bd1f770>: [(2, 42272.184, None)]}",113.07976716267329,50457.272724455426,42272.184,19264.743459825495,2,12.468179998757364,42272.184,46858.654,True,16.188724462757364,3.720544464000001
lamf-test-3bd57c11-f664-4998-9d53-96c6dc4f87c4,"{<resource_manager.instance.OnPremInstance object at 0x11bd1f770>: [(4, 42302.184, None)]}",326.99178124993756,147276.72177459954,42302.184,19267.844973183495,1,378.6473322686135,42302.184,78121.132,True,436.7599935038135,58.112661235199994
lamf-test-43098e09-15cf-41fe-b455-41529b19decc,"{<resource_manager.instance.OnPremInstance object at 0x11bd1f770>: [(4, 42362.384, None)]}",67.69762432994189,33324.98985988782,42362.384,19269.672440763494,1,0.16279564985924336,42362.384,42377.78399999999,False,,
lamf-test-79b31340-0554-44ef-87de-f4504dbdfc60,"{<resource_manager.instance.OnPremInstance object at 0x11bd1f770>: [(6, 42422.384, None)]}",304.54338810954675,146720.95276112066,42422.384,19270.672440763494,1,274.1284360027378,42422.384,59835.498999999996,True,316.50499266673785,42.376556664
lamf-test-e846f77b-9785-4a57-980e-5e6be4c30da6,"{<resource_manager.instance.OnPremInstance object at 0x11bd1f770>: [(3, 42602.583999999995, None)]}",318.0816768556553,147158.8753858898,42602.583999999995,19271.903239417494,3,128.91517225644535,42602.583999999995,70854.344,True,163.29191382444534,34.37674156800001
lamf-test-1bfc2de0-7e2f-450e-9736-96acfe81a2a7,"{<resource_manager.instance.CloudOnDemandInstance object at 0x11bd42780>: [(3, 42722.78399999999, None)], <resource_manager.instance.CloudOnDemandInstance object at 0x11bd1fb60>: [(2, 42722.78399999999, None)]}",88.34113338193856,50544.95971976059,42722.78399999999,19272.903239417494,1,91.39566585772994,43123.31999999999,50560.359719760585,False,,
lamf-test-ff8adf42-1018-4980-bdfd-c498e4f1b637,"{<resource_manager.instance.OnPremInstance object at 0x11bd1f770>: [(2, 43154.31999999998, None)]}",50.99968955238831,33908.43583225801,43154.31999999998,19813.503607544495,1,0.08315461251803077,43154.31999999998,43169.71999999997,False,,
lamf-test-9655ffad-b7de-4846-8625-1393b7fdfd45,"{<resource_manager.instance.OnPremInstance object at 0x11bd1f770>: [(3, 43184.31999999998, None)]}",323.69507710357215,147490.69030766992,43184.31999999998,19815.412098785495,1,103.77852954597304,43184.31999999998,56180.356999999975,True,119.59210736757304,15.813577821599997
lamf-test-d1831f12-882c-4e14-bb62-b9776ced5649,"{<resource_manager.instance.OnPremInstance object at 0x11bd1f770>: [(3, 43214.519999999975, None)]}",62.263052342770514,33948.35247911937,43214.519999999975,19818.840460037496,3,0.07027150353636404,43214.519999999975,43229.91999999997,False,,
lamf-test-9c4c82a6-08d5-47bd-9589-83ce8af6f468,"{<resource_manager.instance.CloudReservedInstance object at 0x11bf25450>: [(3, 44206.71999999994, None)], <resource_manager.instance.CloudReservedInstance object at 0x11bd42520>: [(1, 44206.71999999994, None)], <resource_manager.instance.CloudOnDemandInstance object at 0x11bd42780>: [(1, 44206.71999999994, None)], <resource_manager.instance.CloudOnDemandInstance object at 0x11bd423f0>: [(1, 44206.71999999994, None)]}",291.9040113839834,147531.60573302218,44206.71999999994,19824.777519872496,3,431.6113071028953,44206.71999999994,115147.43346369958,True,834.9518275721059,403.3405204692107
lamf-test-0d7701be-3ce7-49c1-9391-e93bc28aface,"{<resource_manager.instance.OnPremInstance object at 0x11bd1f770>: [(2, 44236.71999999994, None)]}",74.93798997685712,34003.409994914204,44236.71999999994,19825.974835982495,3,0.046847669024242686,44236.71999999994,44252.11999999994,False,,
lamf-test-df81467a-4b45-4bf0-9c71-c38863eca94a,"{<resource_manager.instance.OnPremInstance object at 0x11bd1f770>: [(3, 44327.11999999994, None)]}",90.94794091988545,51031.45698383867,44327.11999999994,19831.630966322497,2,11.120960950471776,44327.11999999994,47774.643999999935,True,15.315908153671774,4.194947203199997
lamf-test-a691c5b1-12d1-40f2-af64-e72afc904125,"{<resource_manager.instance.CloudReservedInstance object at 0x11bd422c0>: [(1, 45799.9199999999, None)], <resource_manager.instance.CloudOnDemandInstance object at 0x11bd42780>: [(3, 45799.9199999999, None)], <resource_manager.instance.CloudOnDemandInstance object at 0x11bf25310>: [(1, 45799.9199999999, None)]}",99.92248787916859,50992.878147781055,45799.9199999999,19840.401046046496,3,34.32892535359088,45799.9199999999,51008.27814778105,False,,
lamf-test-08f07093-2907-4ba0-a255-32c22f0fcc78,"{<resource_manager.instance.CloudOnDemandInstance object at 0x11bf25310>: [(1, 45890.11999999989, None)], <resource_manager.instance.CloudOnDemandInstance object at 0x11bd1fb60>: [(2, 45890.11999999989, None)]}",298.09142219625704,147536.50409248148,45890.11999999989,19845.274038572497,3,114.38262680092944,46290.65599999989,91010.63479416253,True,308.21539510002475,193.8327682990953
lamf-test-2809816c-7bfc-46e3-bb73-0ce9925ea853,"{<resource_manager.instance.OnPremInstance object at 0x11bd1f770>: [(2, 46321.855999999876, None)]}",50.90207279429441,34017.07599594744,46321.855999999876,19853.293141076498,1,0.08315461251803077,46321.855999999876,46337.25599999987,False,,
lamf-test-327a626d-9865-47f8-8ba0-52996ec1940c,"{<resource_manager.instance.OnPremInstance object at 0x11bd1f770>: [(4, 46351.855999999876, None)]}",74.39841740073138,34000.76229257251,46351.855999999876,19861.4510118115,1,0.16279564985924336,46351.855999999876,46367.25599999987,False,,
lamf-test-44149545-c52b-4763-ae20-c3268c37dc6f,"{<resource_manager.instance.OnPremInstance object at 0x11bd1f770>: [(6, 46381.855999999876, None)]}",109.24225266973586,50938.55437037851,46381.855999999876,19862.4964220185,2,19.759922712451523,46381.855999999876,50953.9543703785,False,,
lamf-test-457a1c73-20e1-45f7-a144-19901295fb3b,"{<resource_manager.instance.OnPremInstance object at 0x11bd1f770>: [(4, 46412.05599999987, None)]}",49.05334152829353,34578.22716984093,46412.05599999987,20416.3898100505,1,0.16279564985924336,46412.05599999987,46427.45599999987,False,,
lamf-test-dd9abd19-48be-42ba-b1bc-fa915a5dcef1,"{<resource_manager.instance.OnPremInstance object at 0x11bd1f770>: [(4, 46442.05599999987, None)]}",320.9475259671587,148095.49211859226,46442.05599999987,20418.8415419245,2,50.02881011919627,46442.05599999987,60178.07899999987,True,72.31413383439626,22.28532371519999
lamf-test-6f2e770b-ffa0-4b22-be2e-700e1acc453c,"{<resource_manager.instance.OnPremInstance object at 0x11bd1f770>: [(6, 46472.45599999987, None)]}",314.03861715723247,147929.3949101239,46472.45599999987,20422.954148480498,3,91.53529545973073,46472.45599999987,56502.43599999986,True,115.94425478773073,24.40895932799999
lamf-test-32172143-1bae-4833-a5f0-e53bac6ac6d4,"{<resource_manager.instance.OnPremInstance object at 0x11bd1f770>: [(6, 46502.45599999987, None)]}",101.07515126388836,51607.361071783336,46502.45599999987,20423.954148480498,1,53.50039288158787,46502.45599999987,49900.89399999986,True,61.77083159838786,8.270438716799987
lamf-test-3b06725f-04eb-4610-a2d8-34a69a9c127f,"{<resource_manager.instance.OnPremInstance object at 0x11bd1f770>: [(5, 46532.45599999987, None)]}",123.85755114021583,51636.38344228508,46532.45599999987,20424.954148480498,3,38.933207409576426,46532.45599999987,51651.78344228507,False,,
lamf-test-73802176-7b43-45cb-be2f-758b39305344,"{<resource_manager.instance.OnPremInstance object at 0x11bd1f770>: [(4, 46562.45599999987, None)]}",57.80879755607951,34583.65094997338,46562.45599999987,20426.3814776025,3,0.09369533804848537,46562.45599999987,46577.85599999986,False,,
lamf-test-bfb0cddb-1544-48a4-b06e-9eadc91468fd,"{<resource_manager.instance.OnPremInstance object at 0x11bd1f770>: [(6, 46592.45599999987, None)]}",95.51732021748852,51711.51047320523,46592.45599999987,20431.927197046498,2,15.949760985725916,46592.45599999987,50282.949999999866,True,24.930947184125912,8.981186198399998
lamf-test-3e227187-9182-4a9b-bf09-75d5b5a39b59,"{<resource_manager.instance.OnPremInstance object at 0x11bd1f770>: [(2, 46622.45599999987, None)]}",320.9833484047092,148223.32385063602,46622.45599999987,20434.9760107845,2,50.51581751220193,46622.45599999987,65204.90199999987,True,65.58989770740193,15.074080195200002
lamf-test-0fdcad07-bf2d-4d92-8354-0c4ee7d909cf,"{<resource_manager.instance.OnPremInstance object at 0x11bd1f770>: [(6, 46893.255999999856, None)]}",57.46774388158159,34532.86976374332,46893.255999999856,20436.8302025985,1,0.24243668720045594,46893.255999999856,46908.65599999985,False,,
lamf-test-f86b8860-b2ed-456c-9f30-6f6a9139ebf4,"{<resource_manager.instance.OnPremInstance object at 0x11bd1f770>: [(5, 46923.255999999856, None)]}",305.1378797801942,148529.5375950203,46923.255999999856,20443.6689884625,3,167.39327705528933,46923.255999999856,68933.79799999985,True,212.0306562312893,44.63737917599998
lamf-test-a37f5b70-4c4f-44b3-a817-99539c326610,"{<resource_manager.instance.OnPremInstance object at 0x11bd1f770>: [(4, 47284.45599999984, None)]}",57.694188998700625,34534.65015617709,47284.45599999984,20447.9494550325,3,0.09369533804848537,47284.45599999984,47299.85599999983,False,,
lamf-test-a0961e5f-36f8-49a0-be25-041d077e1525,"{<resource_manager.instance.OnPremInstance object at 0x11bd1f770>: [(2, 47314.45599999984, None)]}",302.7913218356865,148191.02688914875,47314.45599999984,20450.5734932385,2,38.43006096535967,47314.45599999984,61451.10799999983,True,49.89771306775967,11.467652102399995
lamf-test-e9e3c180-3644-4ec5-bd7f-fb857cf9758f,"{<resource_manager.instance.OnPremInstance object at 0x11bd1f770>: [(5, 47344.45599999984, None)]}",277.1468078662494,148214.12857530446,47344.45599999984,20462.725583851498,1,58.94263540953675,47344.45599999984,51824.43699999983,True,68.02803687753674,9.085401467999985
lamf-test-9329565e-0cc9-410e-9937-6b7537e158ae,"{<resource_manager.instance.OnPremInstance object at 0x11bd1f770>: [(6, 47404.45599999984, None)]}",289.93639360238836,148082.13418945015,47404.45599999984,20467.913996881496,1,142.65764955509914,47404.45599999984,56466.31799999983,True,164.71059691829913,22.052947363199987
lamf-test-f542227f-df52-4f0c-ae96-9700636101a5,"{<resource_manager.instance.OnPremInstance object at 0x11bd1f770>: [(6, 47705.05599999983, None)]}",98.85116440229747,51651.19796861577,47705.05599999983,20470.708715464498,3,36.15370265677332,47705.05599999983,51666.597968615766,False,,
lamf-test-9aa73522-f6c8-49a8-a56a-28cd17720766,"{<resource_manager.instance.OnPremInstance object at 0x11bd1f770>: [(6, 47825.455999999824, None)]}",99.02000673984057,51709.4956749776,47825.455999999824,20471.7541143555,1,40.24052292950036,47825.455999999824,50381.603999999825,True,46.46116470230036,6.220641772800003
lamf-test-20435df7-63e4-419e-8d22-d33076e8dcf2,"{<resource_manager.instance.OnPremInstance object at 0x11bd1f770>: [(2, 47945.65599999982, None)]}",307.8323914198774,148202.68816810488,47945.65599999982,20474.503077388497,2,32.16788101795402,47945.65599999982,59778.73999999981,True,41.76687875875402,9.598997740799991
lamf-test-79eb9a19-2e44-423f-814a-791df0f7734e,"{<resource_manager.instance.OnPremInstance object at 0x11bd1f770>: [(2, 47975.65599999982, None)]}",110.61449386789155,52111.21872640963,47975.65599999982,21015.679927782996,3,12.627462853174542,47975.65599999982,52126.61872640962,False,,
lamf-test-7f97cbae-fe7b-4dba-87f8-0ca2882583a5,"{<resource_manager.instance.OnPremInstance object at 0x11bd1f770>: [(4, 48366.25599999981, None)]}",101.33638951109616,52130.41701220024,48366.25599999981,21016.679927782996,2,13.765770500915167,48366.25599999981,52145.817012200234,False,,
lamf-test-6c201a0a-e193-4746-b7c6-ff82b4d5eeef,"{<resource_manager.instance.OnPremInstance object at 0x11bd1f770>: [(6, 48486.45599999981, None)]}",319.4947582934635,148862.5932129898,48486.45599999981,21017.679927782996,2,94.01001917315419,48486.45599999981,70238.71999999981,True,146.9463288435542,52.936309670400014
lamf-test-4b6bc7a8-825f-4ed7-a11d-b9402493f256,"{<resource_manager.instance.OnPremInstance object at 0x11bd1f770>: [(2, 48666.45599999981, None)]}",315.0940754980354,148699.46245002915,48666.45599999981,21021.830938169995,2,27.035127390791157,48666.45599999981,58611.435999999805,True,35.10249516679115,8.067367775999996
lamf-test-0c64519c-480b-40a3-83cb-e32930215173,"{<resource_manager.instance.CloudReservedInstance object at 0x11bd422c0>: [(1, 48906.8559999998, None)], <resource_manager.instance.CloudOnDemandInstance object at 0x11bd42780>: [(1, 48906.8559999998, None)], <resource_manager.instance.CloudOnDemandInstance object at 0x11bd423f0>: [(2, 48906.8559999998, None)]}",305.2027703895845,148683.7888525846,48906.8559999998,21022.869660794993,3,607.1478156671067,48906.8559999998,148699.18885258463,False,,
lamf-test-545db71e-0ac4-4fd9-bae7-0ae698ee188a,"{<resource_manager.instance.OnPremInstance object at 0x11bd1f770>: [(5, 48937.0559999998, None)]}",303.0498265026395,148856.20256882763,48937.0559999998,21023.869660794993,2,19.325760231103644,48937.0559999998,53766.3249999998,True,29.119517763103644,9.793757531999999
lamf-test-4f1fe545-8677-4a84-8abf-5cf06961f85c,"{<resource_manager.instance.CloudReservedInstance object at 0x11bf251d0>: [(2, 50139.85599999976, None)], <resource_manager.instance.CloudReservedInstance object at 0x11bd422c0>: [(1, 50139.85599999976, None)], <resource_manager.instance.CloudReservedInstance object at 0x11bd1fcb0>: [(2, 50139.85599999976, None)], <resource_manager.instance.CloudOnDemandInstance object at 0x11bd423f0>: [(1, 50139.85599999976, None)]}",310.3840944895742,148599.4016454052,50139.85599999976,21031.322599368992,2,346.9971390900235,50139.85599999976,93197.22838569508,True,527.6572621459239,180.66012305590044
lamf-test-6e9b564f-bd08-4a74-adb5-0f54b0e3a954,"{<resource_manager.instance.OnPremInstance object at 0x11bd1f770>: [(2, 50169.85599999976, None)]}",95.10170299612852,52214.8197671573,50169.85599999976,21033.858697059994,2,5.601036594993086,50169.85599999976,52230.219767157294,False,,
lamf-test-cf5ee26c-33df-418f-9253-bf22cfb1db3e,"{<resource_manager.instance.OnPremInstance object at 0x11bd1f770>: [(3, 50409.85599999976, None)]}",86.78911405093122,52133.34732611949,50409.85599999976,21046.810172517995,3,7.934708309923445,50409.85599999976,52148.74732611948,False,,
lamf-test-20bd965c-e3af-463e-ad6b-f7ce4b078baa,"{<resource_manager.instance.OnPremInstance object at 0x11bd1f770>: [(5, 50469.85599999976, None)]}",49.20241958092055,35245.14309932539,50469.85599999976,21049.691463552994,2,0.06162769304399561,50469.85599999976,50485.255999999754,False,,
lamf-test-d80357f1-4d3d-475b-a1da-53fbb3ddaa84,"{<resource_manager.instance.OnPremInstance object at 0x11bd1f770>: [(6, 50590.05599999976, None)]}",308.2995677163823,148853.6019634994,50590.05599999976,21051.422638083994,1,274.56450718685824,50590.05599999976,68030.87099999975,True,317.0084745708582,42.44396738399999
lamf-test-0b008ed2-19e2-4099-a5b7-5ad49013ab38,"{<resource_manager.instance.OnPremInstance object at 0x11bd1f770>: [(6, 51041.25599999974, None)]}",98.70843455961634,52336.515381738456,51041.25599999974,21062.490598005992,3,11.961299399851343,51041.25599999974,52351.91538173845,False,,
lamf-test-e31740c1-403e-4c71-8a7f-0330adf6a272,"{<resource_manager.instance.CloudReservedInstance object at 0x11bd422c0>: [(1, 51071.25599999974, None)], <resource_manager.instance.CloudOnDemandInstance object at 0x11bd42780>: [(4, 51071.25599999974, None)]}",51.6673689623557,35143.41135899944,51071.25599999974,21064.502867298994,1,0.20612974370666787,51071.25599999974,51086.65599999973,False,,
lamf-test-ff97215d-d288-4a40-9a08-b29190e7eee1,"{<resource_manager.instance.CloudOnDemandInstance object at 0x11bd42780>: [(2, 51101.25599999974, None)], <resource_manager.instance.CloudOnDemandInstance object at 0x11bf25310>: [(1, 51101.25599999974, None)], <resource_manager.instance.CloudOnDemandInstance object at 0x11bd1fb60>: [(1, 51101.25599999974, None)]}",50.90199713640601,35120.308029537904,51101.25599999974,21068.043555456992,1,3.5112096737393994,51501.79199999974,51517.19199999973,False,,
lamf-test-0b722e5a-870b-4bb2-acf4-7c5f987aee07,"{<resource_manager.instance.CloudReservedInstance object at 0x11bd422c0>: [(1, 51532.39199999973, None)], <resource_manager.instance.CloudOnDemandInstance object at 0x11bd42780>: [(3, 51532.39199999973, None)]}",60.84882595404457,35208.39862958342,51532.39199999973,21071.62785469599,3,0.09369533804848537,51532.39199999973,51547.791999999725,False,,
lamf-test-86bee4c0-8211-4364-b2b2-315ff254f448,"{<resource_manager.instance.CloudOnDemandInstance object at 0x11bd42780>: [(3, 51562.39199999973, None)], <resource_manager.instance.CloudOnDemandInstance object at 0x11bf25310>: [(1, 51562.39199999973, None)]}",60.879551145103115,35226.07877717561,51562.39199999973,21073.84547879199,1,3.774814003599715,51962.92799999973,51978.327999999725,False,,
lamf-test-1fb51fa6-4d43-412b-9a86-c51ec772c644,"{<resource_manager.instance.OnPremInstance object at 0x11bd1f770>: [(5, 51993.72799999972, None)]}",79.83864331738259,36015.211057654815,51993.72799999972,21621.538707924992,3,0.11711917256060674,51993.72799999972,52009.12799999971,False,,
lamf-test-ea68f53d-4ebe-4fb8-83dd-aa5b6c6a2310,"{<resource_manager.instance.OnPremInstance object at 0x11bd1f770>: [(4, 52023.72799999972, None)]}",110.2774483129196,52867.12258751285,52023.72799999972,21628.809554580992,3,5.225003194239113,52023.72799999972,52882.522587512845,False,,
lamf-test-ed127e72-be6f-436a-8fe9-27a8ad06a858,"{<resource_manager.instance.CloudReservedInstance object at 0x11bd422c0>: [(1, 52053.72799999972, None)], <resource_manager.instance.CloudOnDemandInstance object at 0x11bd42780>: [(5, 52053.72799999972, None)]}",328.19458272409565,149549.1364205583,52053.72799999972,21633.39206110599,3,889.900145293713,52053.72799999972,149564.53642055832,False,,
lamf-test-6250b41b-6866-44ee-9930-467c8f1f7d45,"{<resource_manager.instance.OnPremInstance object at 0x11bd1f770>: [(6, 52143.72799999972, None)]}",92.1601820634213,52856.566444962235,52143.72799999972,21636.65686852299,3,6.646027332534881,52143.72799999972,52871.96644496223,False,,
lamf-test-4c84a4d8-5052-4c6f-afd2-7c5df767217c,"{<resource_manager.instance.OnPremInstance object at 0x11bd1f770>: [(6, 52324.12799999971, None)]}",71.28909006291121,35735.18684093737,52324.12799999971,21637.65686852299,1,0.24243668720045594,52324.12799999971,52339.52799999971,False,,
lamf-test-e1378e61-db93-479c-b4b7-359d51f2c742,"{<resource_manager.instance.OnPremInstance object at 0x11bd1f770>: [(6, 52384.12799999971, None)]}",52.48076757861521,35900.98294101994,52384.12799999971,21638.65686852299,1,0.24243668720045594,52384.12799999971,52399.52799999971,False,,
lamf-test-56573715-8535-4ef6-86b5-dcb681b21f75,"{<resource_manager.instance.CloudOnDemandInstance object at 0x11bd42780>: [(1, 52414.12799999971, None)], <resource_manager.instance.CloudOnDemandInstance object at 0x11bf25310>: [(1, 52414.12799999971, None)]}",309.32301155717374,149665.6463138919,52414.12799999971,21641.976605555992,2,201.21327124654022,52814.66399999971,113289.84274610424,True,391.2970817841042,190.08381053756395
lamf-test-a8f2c75b-6fbc-476d-891d-92f88bfed8de,"{<resource_manager.instance.OnPremInstance object at 0x11bd1f770>: [(6, 52844.66399999971, None)]}",60.82789615796186,35888.900739169454,52844.66399999971,21646.181905748992,2,0.06655648787942382,52844.66399999971,52860.06399999971,False,,
lamf-test-7c4919b0-6563-4e4b-a109-6e7eddf9dab2,"{<resource_manager.instance.OnPremInstance object at 0x11bd1f770>: [(4, 52874.66399999971, None)]}",284.9077105670405,149385.4415482516,52874.66399999971,21651.83794970699,3,157.14913681648795,52874.66399999971,78704.08899999972,True,199.05479593648795,41.90565912
lamf-test-2b8a61cc-a82b-4153-b888-886b130ebdcb,"{<resource_manager.instance.OnPremInstance object at 0x11bd1f770>: [(6, 52904.66399999971, None)]}",288.0380279745152,149678.03739766835,52904.66399999971,21652.83794970699,1,258.4217186858316,52904.66399999971,69320.06099999971,True,298.3702288250316,39.948510139199996
lamf-test-ecb2683b-9e41-48ec-91a2-6a6d38c45b39,"{<resource_manager.instance.OnPremInstance object at 0x11bd1f770>: [(2, 52935.06399999971, None)]}",329.9077900544537,149613.4391260513,52935.06399999971,21654.87714875499,3,94.57997718457672,52935.06399999971,84025.8669999997,True,119.8008365781767,25.220859393599987
lamf-test-69f3610c-edfc-431a-ac62-c6c3e7603585,"{<resource_manager.instance.OnPremInstance object at 0x11bd1f770>: [(5, 52965.263999999705, None)]}",101.55343618416583,52885.852844587585,52965.263999999705,21659.96243206599,1,0.20261616852984965,52965.263999999705,52980.6639999997,False,,
lamf-test-db07f320-f70e-4581-b141-d95e0791351c,"{<resource_manager.instance.OnPremInstance object at 0x11bd1f770>: [(4, 52995.263999999705, None)]}",67.5503798079176,36267.227775876614,52995.263999999705,22218.12227139699,2,0.05608928259914327,52995.263999999705,53010.6639999997,False,,
lamf-test-f73d4880-234f-4ef4-b427-8c893deb0ab7,"{<resource_manager.instance.OnPremInstance object at 0x11bd1f770>: [(5, 53025.263999999705, None)]}",289.55899307824876,149771.55974332278,53025.263999999705,22219.12227139699,2,73.64722614606961,53025.263999999705,71428.7969999997,True,110.96959107006961,37.32236492399999
lamf-test-870691de-e40a-44a6-b524-758dc9ee2699,"{<resource_manager.instance.OnPremInstance object at 0x11bd1f770>: [(6, 53055.263999999705, None)]}",318.593861795503,149733.38783650837,53055.263999999705,22225.29553882699,3,59.236294775268036,53055.263999999705,59546.0809999997,True,75.03234702646803,15.79605225119999
lamf-test-787e33de-2c34-4cf0-bd9d-1f6b1a5da962,"{<resource_manager.instance.OnPremInstance object at 0x11bd1f770>: [(3, 53115.4639999997, None)]}",98.72547788684845,53620.399894975475,53115.4639999997,22226.29553882699,1,4.155089282261434,53115.4639999997,53635.79989497547,False,,
lamf-test-95b7467a-1a49-4273-9a59-d080cf448191,"{<resource_manager.instance.OnPremInstance object at 0x11bd1f770>: [(6, 53145.4639999997, None)]}",303.1008089718593,149919.5952705901,53145.4639999997,22228.90799816099,1,180.18409377138929,53145.4639999997,64591.07099999969,True,208.03812296658927,27.854029195199974
lamf-test-4b6ef0de-0d6b-4c17-a583-0b04e2222603,"{<resource_manager.instance.OnPremInstance object at 0x11bd1f770>: [(6, 53836.06399999969, None)]}",304.5800255914627,150198.56980755198,53836.06399999969,22241.10270903299,2,51.49836773881452,53836.06399999969,65751.87999999968,True,80.4966975564145,28.99832981759998
lamf-test-dfcd1cfc-af92-4194-9a51-c980d70402e7,"{<resource_manager.instance.OnPremInstance object at 0x11bd1f770>: [(5, 53866.06399999969, None)]}",104.89919658381315,53407.98575058232,53866.06399999969,22262.872169378992,2,0.06162769304399561,53866.06399999969,53881.46399999969,False,,
lamf-test-3caf5282-95cc-4847-bdc6-12864fd51ff6,"{<resource_manager.instance.OnPremInstance object at 0x11bd1f770>: [(2, 53896.06399999969, None)]}",88.21646259362132,53242.64902350593,53896.06399999969,22270.79315205599,1,0.08315461251803077,53896.06399999969,53911.46399999969,False,,
lamf-test-76f31f64-e074-4b6a-9579-e22c37b55e69,"{<resource_manager.instance.OnPremInstance object at 0x11bd1f770>: [(5, 53956.06399999969, None)]}",57.885218243385175,37065.98961645725,53956.06399999969,22820.66431871699,3,0.11711917256060674,53956.06399999969,53971.46399999969,False,,
lamf-test-9e038649-678e-4ec1-8038-665a8a0ccdab,"{<resource_manager.instance.OnPremInstance object at 0x11bd1f770>: [(6, 53986.26399999969, None)]}",305.1144082584737,150559.1342301,53986.26399999969,22821.91163161199,1,399.3838856947293,53986.26399999969,79355.82299999967,True,461.1232444771293,61.739358782399954
lamf-test-816ecb3f-0729-4858-99cd-1237c929b94a,"{<resource_manager.instance.OnPremInstance object at 0x11bd1f770>: [(6, 54016.26399999969, None)]}",325.447174391888,150454.78984657244,54016.26399999969,22823.24135810399,1,125.57030253251203,54016.26399999969,61992.70799999969,True,144.98177665091202,19.411474118400008
lamf-test-9dd25f94-b2d8-4857-adb4-87c377066854,"{<resource_manager.instance.OnPremInstance object at 0x11bd1f770>: [(3, 54046.46399999969, None)]}",304.2337725718405,150889.2847027837,54046.46399999969,22827.15606677399,2,42.80781133195206,54046.46399999969,67316.98599999968,True,58.95538250155206,16.1475711696
lamf-test-5d4708b4-be70-4e57-95c0-9df21e198378,"{<resource_manager.instance.OnPremInstance object at 0x11bd1f770>: [(5, 54076.46399999969, None)]}",119.73047030526563,54042.39349708163,54076.46399999969,22830.46347739199,1,0.20261616852984965,54076.46399999969,54091.86399999968,False,,
lamf-test-fe21cf99-74f2-4c6e-92c0-836166b37c9b,"{<resource_manager.instance.OnPremInstance object at 0x11bd1f770>: [(3, 54106.46399999969, None)]}",306.6266107573227,150640.52437499267,54106.46399999969,22831.46347739199,3,40.59739447866758,54106.46399999969,63003.38299999969,True,51.42316551786759,10.825771039200003
lamf-test-af303474-9c6d-4cd6-af46-9ee1b2d1d0c4,"{<resource_manager.instance.OnPremInstance object at 0x11bd1f770>: [(6, 54136.46399999969, None)]}",83.47238892971743,54019.46047801782,54136.46399999969,22832.52083211399,3,0.14054300707272807,54136.46399999969,54151.86399999968,False,,
lamf-test-48887eaf-7764-41b1-8a24-eb297e7a4537,"{<resource_manager.instance.OnPremInstance object at 0x11bd1f770>: [(6, 54256.46399999969, None)]}",92.60848910013964,53975.56311340295,54256.46399999969,22835.31501765399,1,0.24243668720045594,54256.46399999969,54271.86399999968,False,,
lamf-test-70da499d-f492-45a5-857f-ba98849424d5,"{<resource_manager.instance.OnPremInstance object at 0x11bd1f770>: [(4, 54286.46399999969, None)]}",105.64492540905647,53930.99451189311,54286.46399999969,22836.877497828988,3,0.09369533804848537,54286.46399999969,54301.86399999968,False,,
lamf-test-41153241-bf67-4ba2-bd57-821911347a85,"{<resource_manager.instance.OnPremInstance object at 0x11bd1f770>: [(3, 54316.46399999969, None)]}",99.23133172494114,53986.97076512977,54316.46399999969,22838.889717309987,3,0.07027150353636404,54316.46399999969,54331.86399999968,False,,
lamf-test-6557112d-0dd1-4a4f-956a-4810ab29fb87,"{<resource_manager.instance.OnPremInstance object at 0x11bd1f770>: [(5, 54376.46399999969, None)]}",284.1643475390076,150128.90557641885,54376.46399999969,22841.34443157699,3,177.96919157350376,54376.46399999969,77777.6329999997,True,225.4267623055038,47.457570732000015
lamf-test-9c88980c-fc13-42ba-ae80-9214e850b23c,"{<resource_manager.instance.CloudReservedInstance object at 0x11bf2c290>: [(2, 54406.46399999969, None)], <resource_manager.instance.CloudOnDemandInstance object at 0x11bd1fb60>: [(1, 54406.46399999969, None)]}",56.88278421553064,36894.57420900166,54406.46399999969,22844.96227302099,2,0.06819741722920111,54406.46399999969,54421.86399999968,False,,
lamf-test-599db447-ffc5-4f67-bbdb-15246291d10d,"{<resource_manager.instance.OnPremInstance object at 0x11bd1f770>: [(4, 54436.46399999969, None)]}",58.09494942769889,36748.04504922131,54436.46399999969,22845.96227302099,3,0.09369533804848537,54436.46399999969,54451.86399999968,False,,
lamf-test-67a1a99a-4314-4946-83c9-ed2acd2c23fe,"{<resource_manager.instance.OnPremInstance object at 0x11bd1f770>: [(2, 54466.46399999969, None)]}",104.56386159081104,54057.09611594277,54466.46399999969,22846.96227302099,2,0.04186443429931751,54466.46399999969,54481.86399999968,False,,
lamf-test-1bd3ea85-4b86-41d6-88ae-4d09629a5e9f,"{<resource_manager.instance.OnPremInstance object at 0x11bd1f770>: [(5, 54616.46399999969, None)]}",91.30297666017438,53990.272702080736,54616.46399999969,22848.554372144987,2,0.06162769304399561,54616.46399999969,54631.86399999968,False,,
lamf-test-04e82c6f-21eb-4e35-8244-b06d0737db1d,"{<resource_manager.instance.OnPremInstance object at 0x11bd1f770>: [(5, 54676.46399999969, None)]}",95.5159501731966,54283.20076755536,54676.46399999969,22849.955399600985,2,0.06162769304399561,54676.46399999969,54691.86399999968,False,,
lamf-test-227b9038-f251-4152-94eb-43a9fb1d09b6,"{<resource_manager.instance.OnPremInstance object at 0x11bd1f770>: [(5, 54706.46399999969, None)]}",66.25196628808428,37079.58735203692,54706.46399999969,22850.955399600985,2,0.06162769304399561,54706.46399999969,54721.86399999968,False,,
lamf-test-b20c0974-09ea-4c80-b141-7811b8b20475,"{<resource_manager.instance.OnPremInstance object at 0x11bd1f770>: [(2, 54736.46399999969, None)]}",96.38631983638818,53949.51461837017,54736.46399999969,22853.565056533484,1,0.08315461251803077,54736.46399999969,54751.86399999968,False,,
lamf-test-ab19fe1e-973b-44c8-a2b5-9c88f8dd630c,"{<resource_manager.instance.OnPremInstance object at 0x11bd1f770>: [(5, 54796.46399999969, None)]}",310.22675767562004,150669.67718179204,54796.46399999969,22854.565056533484,3,174.0673359190813,54796.46399999969,77684.57799999969,True,220.4844311110813,46.417095192
lamf-test-38119ffa-10d5-4f96-9e4f-d7aa2d684f4c,"{<resource_manager.instance.OnPremInstance object at 0x11bd1f770>: [(5, 54856.46399999969, None)]}",315.0920376046709,150712.92852884368,54856.46399999969,22857.240405929482,2,74.04051487444497,54856.46399999969,73358.27499999969,True,111.56218758244496,37.521672708
lamf-test-0edb2b7d-ea79-4551-a1d6-40e8f4f75204,"{<resource_manager.instance.CloudReservedInstance object at 0x11bf2c290>: [(2, 54886.46399999969, None)]}",49.09599477194767,36850.65134758571,54886.46399999969,22858.240405929482,3,0.046847669024242686,54886.46399999969,54901.86399999968,False,,
lamf-test-fb5bb86a-097c-4cce-b52f-faf7de14091c,"{<resource_manager.instance.OnPremInstance object at 0x11bd1f770>: [(5, 54916.46399999969, None)]}",310.7135837098068,150669.7854425137,54916.46399999969,22872.983711619483,2,31.930924492599036,54916.46399999969,62895.60799999969,True,48.11262852459903,16.181704032
lamf-test-ffa00229-4854-4a3b-9050-ac62a552280b,"{<resource_manager.instance.OnPremInstance object at 0x11bd1f770>: [(2, 54946.663999999684, None)]}",328.09484391630104,150718.2341812189,54946.663999999684,22876.611761172484,3,82.23759373336374,54946.663999999684,81980.21699999968,True,104.16721192696374,21.9296181936
lamf-test-404b381d-5a0f-4cbc-ae4f-02ebbbeb7a4d,"{<resource_manager.instance.CloudReservedInstance object at 0x11bf2c290>: [(2, 56118.663999999655, None)], <resource_manager.instance.CloudReservedInstance object at 0x11bd1fcb0>: [(3, 56118.663999999655, None)], <resource_manager.instance.CloudOnDemandInstance object at 0x11bd423f0>: [(1, 56118.663999999655, None)]}",54.32250531179826,37090.70520735308,56118.663999999655,22877.611761172484,1,0.20964331888348603,56118.663999999655,56134.06399999965,False,,
lamf-test-1945932c-936e-4e58-b59b-8fc5fe0a5a90,"{<resource_manager.instance.OnPremInstance object at 0x11bd1f770>: [(4, 56148.86399999965, None)]}",307.9539703217035,151161.08226495588,56148.86399999965,23422.857386740485,1,89.55508152711222,56148.86399999965,64620.51699999964,True,103.29949135431221,13.744409827199986
lamf-test-05011c3e-5178-4e8c-a944-565636c84b62,"{<resource_manager.instance.OnPremInstance object at 0x11bd1f770>: [(2, 56178.86399999965, None)]}",311.6110618417853,150911.85821281155,56178.86399999965,23423.857386740485,2,51.47814493325559,56178.86399999965,75115.30599999965,True,66.83938668365559,15.361241750399996
lamf-test-01d3dab5-d631-4e94-b48f-123fd1e6d0ca,"{<resource_manager.instance.CloudReservedInstance object at 0x11bf2c290>: [(2, 56209.06399999965, None)], <resource_manager.instance.CloudReservedInstance object at 0x11bd1fcb0>: [(1, 56209.06399999965, None)]}",62.28353144846482,37524.97526945876,56209.06399999965,23425.376359232483,1,0.11321520014191983,56209.06399999965,56224.46399999964,False,,
lamf-test-e42daae1-319e-4d66-892f-ff458cefa185,"{<resource_manager.instance.OnPremInstance object at 0x11bd1f770>: [(5, 56239.06399999965, None)]}",331.8539601540227,151111.1169183974,56239.06399999965,23433.577719041485,3,150.82452657996797,56239.06399999965,76070.98099999964,True,191.04365425596794,40.21912767599997
lamf-test-64767f79-cec9-4cb3-b8c5-46b3e86d20f8,"{<resource_manager.instance.CloudReservedInstance object at 0x11bd1fcb0>: [(2, 56269.263999999646, None)], <resource_manager.instance.CloudOnDemandInstance object at 0x11bd423f0>: [(1, 56269.263999999646, None)], <resource_manager.instance.CloudOnDemandInstance object at 0x11bd1fb60>: [(1, 56269.263999999646, None)]}",283.87618715962776,150998.69921349324,56269.263999999646,23436.142372604485,2,571.3030073356013,56269.263999999646,151014.09921349326,False,,
lamf-test-4f40bb80-4246-4e5c-807f-5b2f111e8553,"{<resource_manager.instance.OnPremInstance object at 0x11bd1f770>: [(4, 57290.46399999963, None)]}",300.28901978300945,151006.6708534166,57290.46399999963,23441.539035575486,3,112.13770172636697,57290.46399999963,75721.69699999962,True,142.04053414556697,29.90283241919999
lamf-test-428fc4b3-a829-4902-849a-b2c3bb41b1dd,"{<resource_manager.instance.OnPremInstance object at 0x11bd1f770>: [(6, 57741.26399999962, None)]}",111.95659614535904,54556.655087398714,57741.26399999962,23443.966823669485,3,0.14054300707272807,57741.26399999962,57756.66399999961,False,,
lamf-test-9638132b-b89e-4ce9-a020-504ebe7f7390,"{<resource_manager.instance.OnPremInstance object at 0x11bd1f770>: [(3, 57801.26399999962, None)]}",103.1682902438305,54420.10278074703,57801.26399999962,23456.964784748485,2,0.049677043187284775,57801.26399999962,57816.66399999961,False,,
lamf-test-6ebb2b55-7f25-4fcc-998e-d62668ae8460,"{<resource_manager.instance.OnPremInstance object at 0x11bd1f770>: [(6, 57861.26399999962, None)]}",60.69367071554156,37791.97340880147,57861.26399999962,23458.018329182483,2,0.06655648787942382,57861.26399999962,57876.66399999961,False,,
lamf-test-5704a2cc-027b-4370-a7eb-9804c4d8380a,"{<resource_manager.instance.OnPremInstance object at 0x11bd1f770>: [(5, 57921.26399999962, None)]}",328.518781280289,150958.08465936204,57921.26399999962,23459.018329182483,3,197.58487337440107,57921.26399999962,83901.69899999961,True,250.27319555440107,52.68832217999999
lamf-test-4bdc3b38-4b50-41c5-90d1-8319dfa6ef3f,"{<resource_manager.instance.OnPremInstance object at 0x11bd1f770>: [(5, 58011.463999999614, None)]}",321.16833722466623,151302.19614771043,58011.463999999614,23460.018329182483,2,59.60586451436758,58011.463999999614,72906.2339999996,True,89.81245807436756,30.206593559999977
lamf-test-cbaeac35-da39-4580-bb48-6f69d435e1ef,"{<resource_manager.instance.OnPremInstance object at 0x11bd1f770>: [(6, 58523.06399999959, None)]}",59.97502759856391,37735.86926911408,58523.06399999959,23461.018329182483,2,0.06655648787942382,58523.06399999959,58538.463999999585,False,,
lamf-test-faec5c90-186b-4555-954c-a8baf4f027a2,"{<resource_manager.instance.OnPremInstance object at 0x11bd1f770>: [(4, 58583.06399999959, None)]}",104.23072108364673,54687.924367455635,58583.06399999959,23470.775925953483,3,0.09369533804848537,58583.06399999959,58598.463999999585,False,,
lamf-test-0967a8c1-fdb4-4be1-a916-cc022480b089,"{<resource_manager.instance.OnPremInstance object at 0x11bd1f770>: [(2, 58613.06399999959, None)]}",89.68473907463206,54469.68784341951,58613.06399999959,23479.328506199483,1,0.08315461251803077,58613.06399999959,58628.463999999585,False,,
lamf-test-d392fb46-3ada-4299-920d-04b5ae462e49,"{<resource_manager.instance.OnPremInstance object at 0x11bd1f770>: [(4, 58643.06399999959, None)]}",53.88118833696197,37602.98992581434,58643.06399999959,23480.328506199483,2,0.05608928259914327,58643.06399999959,58658.463999999585,False,,
lamf-test-b4f2a445-161d-42de-8bf2-99cedcdf1a1d,"{<resource_manager.instance.OnPremInstance object at 0x11bd1f770>: [(2, 58673.26399999959, None)]}",317.30210148260704,151252.58773528202,58673.26399999959,23481.328506199483,2,48.696829589653944,58673.26399999959,76586.58799999958,True,63.22811801845394,14.531288428799995
lamf-test-c7f36b6d-6d0e-497a-bed2-ab51e4200e00,"{<resource_manager.instance.OnPremInstance object at 0x11bd1f770>: [(6, 58703.26399999959, None)]}",67.30455789142538,37581.68096460462,58703.26399999959,23482.464725707483,2,0.06655648787942382,58703.26399999959,58718.66399999958,False,,
lamf-test-902ad2da-a958-4f6f-a105-0cf09133c223,"{<resource_manager.instance.OnPremInstance object at 0x11bd1f770>: [(4, 58733.26399999959, None)]}",319.6161610919672,151145.51165317133,58733.26399999959,23483.464725707483,3,60.58121530154383,58733.26399999959,68690.54399999959,True,76.73590637354383,16.154691072
lamf-test-5c066d18-4f49-4722-a66a-a3c4e7ab30cb,"{<resource_manager.instance.OnPremInstance object at 0x11bd1f770>: [(3, 58763.26399999959, None)]}",105.95282638563052,55175.380894751026,58763.26399999959,24037.32635808848,3,0.07027150353636404,58763.26399999959,58778.66399999958,False,,
lamf-test-03f57a47-31b2-463e-9964-32e1833cfbcd,"{<resource_manager.instance.OnPremInstance object at 0x11bd1f770>: [(6, 58883.66399999958, None)]}",98.51981663568804,55202.98618612642,58883.66399999958,24038.55323958248,1,0.24243668720045594,58883.66399999958,58899.06399999958,False,,
lamf-test-b284ea68-a93a-41ac-9d3b-a2d0c0674e21,"{<resource_manager.instance.OnPremInstance object at 0x11bd1f770>: [(2, 58943.66399999958, None)]}",312.0323931368153,151661.3656540364,58943.66399999958,24039.55323958248,1,96.75484097650013,58943.66399999958,76862.38799999958,True,111.29050988530014,14.535668908800002
lamf-test-274e2f12-b4e9-499b-9b88-36da25e54e24,"{<resource_manager.instance.OnPremInstance object at 0x11bd1f770>: [(5, 59003.66399999958, None)]}",331.60036141298406,151792.8654506002,59003.66399999958,24045.87007160448,1,320.2577605141074,59003.66399999958,83345.10499999957,True,369.62220286210743,49.36444234799998
lamf-test-f483d0b8-ba08-4711-99f9-47af2ee222a5,"{<resource_manager.instance.OnPremInstance object at 0x11bd1f770>: [(3, 59033.66399999958, None)]}",312.7927875459608,152014.389017227,59033.66399999958,24046.87007160448,2,105.91111414243652,59033.66399999958,91866.35799999959,True,145.86193620163652,39.95082205920001
lamf-test-10d63afb-c09f-4af6-a622-71a25fae2fdf,"{<resource_manager.instance.OnPremInstance object at 0x11bd1f770>: [(4, 59964.06399999958, None)]}",310.7244065884292,151407.0523966847,59964.06399999958,24056.21553978448,2,95.74125128516782,59964.06399999958,86250.99799999957,True,138.3891730067678,42.64792172159999
lamf-test-5168b562-8a76-449b-98c0-cc2731c9ca3c,"{<resource_manager.instance.OnPremInstance object at 0x11bd1f770>: [(2, 59994.06399999958, None)]}",309.5107801118846,151885.5216979377,59994.06399999958,24058.46639376748,1,94.01231006160158,59994.06399999958,77404.87899999956,True,108.13596318960157,14.12365312799999
lamf-test-ff254f04-4cb3-4cab-aa4a-5f045128d210,"{<resource_manager.instance.OnPremInstance object at 0x11bd1f770>: [(3, 60445.463999999556, None)]}",110.15545315677929,55183.61212644379,60445.463999999556,24062.58492302848,3,0.07027150353636404,60445.463999999556,60460.86399999955,False,,
lamf-test-bc23b10d-c69c-4408-9782-8739fbb3209f,"{<resource_manager.instance.OnPremInstance object at 0x11bd1f770>: [(3, 60475.66399999955, None)]}",310.0193593332558,151706.62831587894,60475.66399999955,24064.09071068248,1,281.5335078713209,60475.66399999955,95731.70299999954,True,324.4330561265209,42.89954825519999
lamf-test-8ac2f925-7afc-41fe-bb28-31766fc5fb67,"{<resource_manager.instance.OnPremInstance object at 0x11bd1f770>: [(2, 60505.66399999955, None)]}",78.91788247204538,38111.68297037307,60505.66399999955,24065.09071068248,1,0.08315461251803077,60505.66399999955,60521.06399999955,False,,
lamf-test-8af4e2ac-cf32-4cee-877b-e9f4b759f7f3,"{<resource_manager.instance.OnPremInstance object at 0x11bd1f770>: [(4, 60535.66399999955, None)]}",289.77114078776196,151440.8535416866,60535.66399999955,24066.09071068248,3,30.421720282911213,60535.66399999955,65535.85399999955,True,38.5340285389112,8.112308255999992
lamf-test-068fc1f2-6deb-41a2-ae15-564e581e4490,"{<resource_manager.instance.OnPremInstance object at 0x11bd1f770>: [(3, 60866.863999999536, None)]}",318.6864958169501,151430.6140963767,60866.863999999536,24068.074713009482,1,84.35348961898235,60866.863999999536,71430.33099999953,True,97.20711626458234,12.853626645599988
lamf-test-f3dda1e4-5862-4683-8e1d-465d2dca42c3,"{<resource_manager.instance.OnPremInstance object at 0x11bd1f770>: [(4, 62398.66399999951, None)]}",305.16980399325007,151638.19801418245,62398.66399999951,24069.074713009482,1,247.37563289984016,62398.66399999951,85799.6869999995,True,285.3414526150401,37.96581971519998
lamf-test-9a44ea70-cb8b-427c-9af4-a87498aeb7c6,"{<resource_manager.instance.OnPremInstance object at 0x11bd1f770>: [(2, 62428.66399999951, None)]}",116.40460154918469,55437.36827710393,62428.66399999951,24071.481009358482,3,0.046847669024242686,62428.66399999951,62444.063999999504,False,,
lamf-test-9bda5a96-e4e1-4b91-bbbb-1dacf1ed28b2,"{<resource_manager.instance.OnPremInstance object at 0x11bd1f770>: [(6, 62488.66399999951, None)]}",334.4551264679061,151870.05600611412,62488.66399999951,24074.474094955483,3,261.2343874058865,62488.66399999951,91113.42199999953,True,330.8955984746865,69.66121106880004
lamf-test-e68a5a0e-948d-450e-bd18-14ba76978e62,"{<resource_manager.instance.CloudReservedInstance object at 0x11bd1fcb0>: [(1, 62518.66399999951, None)], <resource_manager.instance.CloudOnDemandInstance object at 0x11bd423f0>: [(1, 62518.66399999951, None)]}",61.643354936762066,38199.38183172623,62518.66399999951,24075.474094955483,2,0.057580144205371955,62518.66399999951,62534.063999999504,False,,
lamf-test-72ac3048-5fdb-4c21-afcd-eed6fe82e6d1,"{<resource_manager.instance.OnPremInstance object at 0x11bd1f770>: [(3, 62969.063999999504, None)]}",305.99164294117367,151908.4582057885,62969.063999999504,24078.165618992483,1,27.865549851699704,62969.063999999504,66458.6269999995,True,32.111650110099696,4.246100258399994
lamf-test-947624f9-c308-44e1-a082-5eef08d3ec8d,"{<resource_manager.instance.OnPremInstance object at 0x11bd1f770>: [(4, 63059.2639999995, None)]}",93.19634223972996,55372.93146306803,63059.2639999995,24081.492023936484,2,0.05608928259914327,63059.2639999995,63074.663999999495,False,,
lamf-test-fd42a6f7-5546-4968-b0ee-4f887fda9461,"{<resource_manager.instance.OnPremInstance object at 0x11bd1f770>: [(5, 63089.2639999995, None)]}",313.44017426263486,151647.00942139592,63089.2639999995,24083.125735931484,1,238.73335576849937,63089.2639999995,81234.37899999949,True,275.53164898849934,36.79829321999998
lamf-test-1e1b6610-69b2-4869-80ff-74a807042404,"{<resource_manager.instance.OnPremInstance object at 0x11bd1f770>: [(5, 63209.4639999995, None)]}",310.82543279392,152043.61723067914,63209.4639999995,24088.533032396484,3,75.61244201079928,63209.4639999995,73151.7439999995,True,95.77538585079928,20.162943839999997
lamf-test-aba1aa4f-f6ce-4af2-b868-ea5768a9b8b8,"{<resource_manager.instance.OnPremInstance object at 0x11bd1f770>: [(5, 64471.663999999466, None)]}",55.6474329845016,38771.342177171035,64471.663999999466,24631.377726689483,3,0.11711917256060674,64471.663999999466,64487.06399999946,False,,
lamf-test-b37b6ec3-b4f6-4505-b5ff-6313155b88e1,"{<resource_manager.instance.OnPremInstance object at 0x11bd1f770>: [(5, 64501.663999999466, None)]}",92.20096869554938,55957.44554613964,64501.663999999466,24633.531858509483,2,0.06162769304399561,64501.663999999466,64517.06399999946,False,,
lamf-test-aa0c06ad-8e28-471d-8a21-4c2106849993,"{<resource_manager.instance.OnPremInstance object at 0x11bd1f770>: [(4, 64531.663999999466, None)]}",297.7430444733612,152670.8085578127,64531.663999999466,24634.531858509483,1,223.86117552665579,64531.663999999466,85708.28699999944,True,258.2181286818558,34.35695315519996
lamf-test-ea317cde-8e65-4009-bbcb-6720d6ab3fc4,"{<resource_manager.instance.OnPremInstance object at 0x11bd1f770>: [(5, 64561.663999999466, None)]}",322.00845242777757,152466.42917550082,64561.663999999466,24635.531858509483,2,36.488112312283015,64561.663999999466,73679.59299999947,True,54.979272324283016,18.491160012000005
lamf-test-d2030552-fada-4868-9884-3081a3d5e562,"{<resource_manager.instance.OnPremInstance object at 0x11bd1f770>: [(4, 64681.663999999466, None)]}",335.70235460840024,152270.18820026488,64681.663999999466,24636.788733826485,3,119.1294729637235,64681.663999999466,84262.08199999947,True,150.8967431269235,31.767270163200006
lamf-test-8b57f8ca-98cc-4c1b-8aa2-5b91c1f45b09,"{<resource_manager.instance.OnPremInstance object at 0x11bd1f770>: [(2, 65222.463999999454, None)]}",306.9047417051023,152614.35257072857,65222.463999999454,24637.788733826485,2,58.03141046712027,65222.463999999454,86569.55099999944,True,75.34816744152025,17.316756974399986
lamf-test-a13d6194-2358-4887-a070-b00cd35c865e,"{<resource_manager.instance.OnPremInstance object at 0x11bd1f770>: [(3, 65582.66399999945, None)]}",302.61921821621866,152543.04640912317,65582.66399999945,24640.287269990484,2,38.5097600069506,65582.66399999945,77520.77999999945,True,53.0360595557506,14.526299548799994
lamf-test-ca1797e6-b093-4c70-86e8-71ffe0d25cca,"{<resource_manager.instance.OnPremInstance object at 0x11bd1f770>: [(4, 65762.86399999945, None)]}",87.62355008897632,55746.19303100649,65762.86399999945,24642.434912861485,3,0.09369533804848537,65762.86399999945,65778.26399999944,False,,
lamf-test-7bd8b2d3-250f-4731-829c-d7a0653ffcb3,"{<resource_manager.instance.OnPremInstance object at 0x11bd1f770>: [(4, 65822.86399999945, None)]}",301.8009690341694,152568.59639513248,65822.86399999945,24643.434912861485,3,36.447535173777425,65822.86399999945,71813.47199999944,True,46.166697592977414,9.719162419199987
lamf-test-d11d15e3-c05e-424a-bab1-f5785ed94bc2,"{<resource_manager.instance.OnPremInstance object at 0x11bd1f770>: [(4, 66484.26399999943, None)]}",65.13660288894543,38776.21173150932,66484.26399999943,24644.681085948487,1,0.16279564985924336,66484.26399999943,66499.66399999942,False,,
lamf-test-a7dc0f00-a53e-4f14-ba21-5c93f2b6c280,"{<resource_manager.instance.OnPremInstance object at 0x11bd1f770>: [(4, 66604.46399999943, None)]}",278.74097160023985,152266.06835095419,66604.46399999943,24645.681085948487,2,95.97924102496508,66604.46399999943,92956.74099999943,True,138.7331752297651,42.753934204800004
lamf-test-88d97e0c-88fe-4c62-bc84-030e5f7776f1,"{<resource_manager.instance.OnPremInstance object at 0x11bd1f770>: [(3, 66634.46399999943, None)]}",304.4592028444548,151831.65878494855,66634.46399999943,24646.889686003487,1,119.05725530458587,66634.46399999943,81543.83399999942,True,137.19897672058585,18.141721415999996
lamf-test-2586faa0-8afe-4587-9352-3a45415e951c,"{<resource_manager.instance.OnPremInstance object at 0x11bd1f770>: [(3, 67144.66399999942, None)]}",52.1878736324701,38833.68482057573,67144.66399999942,24650.014435048488,2,0.049677043187284775,67144.66399999942,67160.06399999942,False,,
lamf-test-096a164d-3416-42b7-999a-d92269a9a7ca,"{<resource_manager.instance.OnPremInstance object at 0x11bd1f770>: [(6, 67324.86399999942, None)]}",310.89137174012484,152826.70385131522,67324.86399999942,24651.665647018486,3,151.3011270819073,67324.86399999942,83903.68499999942,True,191.6473458675073,40.346218785599994
lamf-test-debb5ae3-8ca9-424a-a1fe-ae626817d5d4,"{<resource_manager.instance.OnPremInstance object at 0x11bd1f770>: [(4, 67354.86399999942, None)]}",50.08229655297103,38878.71679692737,67354.86399999942,24652.864647154485,3,0.09369533804848537,67354.86399999942,67370.26399999941,False,,
lamf-test-9f4c8a2a-2fe4-4712-9592-1f90f46792d9,"{<resource_manager.instance.OnPremInstance object at 0x11bd1f770>: [(5, 67384.86399999942, None)]}",322.9477688777042,152086.4888910105,67384.86399999942,24656.984571700486,1,84.64058879002204,67384.86399999942,73818.03799999942,True,97.68706566202204,13.046476871999998
lamf-test-81195703-aa5f-481d-abd3-346d6a96d7d8,"{<resource_manager.instance.OnPremInstance object at 0x11bd1f770>: [(2, 67414.86399999942, None)]}",57.90728747613712,38861.6389638108,67414.86399999942,24658.673518111485,2,0.04186443429931751,67414.86399999942,67430.26399999941,False,,
lamf-test-292ff255-562b-496c-972f-f8340f6cddab,"{<resource_manager.instance.OnPremInstance object at 0x11bd1f770>: [(2, 67444.86399999942, None)]}",321.5271161172489,152404.19990373944,67444.86399999942,24659.673518111485,1,94.25656323674798,67444.86399999942,84900.91399999941,True,108.41691099674797,14.16034775999999
lamf-test-3943f80b-7a33-4e35-a8a4-f3b6aa99c52d,"{<resource_manager.instance.OnPremInstance object at 0x11bd1f770>: [(3, 67625.46399999941, None)]}",31.751233670300554,38752.93150105884,67625.46399999941,24661.345893449485,1,0.12297513118863707,67625.46399999941,67640.8639999994,False,,
lamf-test-03badbdc-4aa8-4cd2-98f8-bfe0e4080cef,"{<resource_manager.instance.OnPremInstance object at 0x11bd1f770>: [(2, 67685.66399999941, None)]}",46.039696363479905,38688.28593003133,67685.66399999941,24664.065077411484,2,0.04186443429931751,67685.66399999941,67701.0639999994,False,,
lamf-test-e0a17229-9bf9-416c-a5a2-49e15e4b17e7,"{<resource_manager.instance.OnPremInstance object at 0x11bd1f770>: [(2, 67745.8639999994, None)]}",300.8789137634496,152893.48120757745,67745.8639999994,24665.652137333484,3,60.38226481101225,67745.8639999994,87595.02399999941,True,76.48390340301225,16.101638592000004
lamf-test-0b1411aa-7440-4517-bbd4-2bffa1461af4,"{<resource_manager.instance.OnPremInstance object at 0x11bd1f770>: [(2, 67776.0639999994, None)]}",54.09958144079154,38972.51485172173,67776.0639999994,24668.061666911482,1,0.08315461251803077,67776.0639999994,67791.4639999994,False,,
lamf-test-8a7888d4-6626-4d18-8e7e-6823cdaffb96,"{<resource_manager.instance.OnPremInstance object at 0x11bd1f770>: [(6, 67806.0639999994, None)]}",94.8282048828368,55974.07276680494,67806.0639999994,24669.213360353482,3,0.14054300707272807,67806.0639999994,67821.4639999994,False,,
lamf-test-8f5d07e8-2d0c-4ca5-874d-d1e790990809,"{<resource_manager.instance.OnPremInstance object at 0x11bd1f770>: [(6, 67866.4639999994, None)]}",302.97405507839164,152488.74502751537,67866.4639999994,24670.949676260483,1,384.42179534565327,67866.4639999994,92285.60499999937,True,443.8482168832532,59.42642153759994
lamf-test-fd11e4ea-cdef-4f38-a062-f8e8f6529d33,"{<resource_manager.instance.OnPremInstance object at 0x11bd1f770>: [(6, 69067.26399999938, None)]}",323.9849795842166,152613.47897097212,69067.26399999938,24671.949676260483,1,305.74809924709075,69067.26399999938,88488.91499999937,True,353.0126291206907,47.26452987359996
lamf-test-8c42c6bf-e604-4e96-bc18-75bc6db194f5,"{<resource_manager.instance.OnPremInstance object at 0x11bd1f770>: [(2, 69367.46399999938, None)]}",304.5244415439068,152125.41665524914,69367.46399999938,24674.215969125482,2,16.238257163356,69367.46399999938,75340.77199999939,True,21.083804612956,4.845547449600003
lamf-test-2ee801ff-df94-45c9-b634-a465808c37ee,"{<resource_manager.instance.OnPremInstance object at 0x11bd1f770>: [(4, 69698.06399999937, None)]}",44.045311418522864,38774.27105067049,69698.06399999937,24675.215969125482,3,0.09369533804848537,69698.06399999937,69713.46399999937,False,,
lamf-test-c4cd6d33-84be-4a0d-a794-48962ad9461f,"{<resource_manager.instance.OnPremInstance object at 0x11bd1f770>: [(4, 69728.06399999937, None)]}",92.44374551049617,55920.12274571988,69728.06399999937,24678.52265108548,1,0.16279564985924336,69728.06399999937,69743.46399999937,False,,
lamf-test-b19f4d76-0891-41df-b5fe-36ccd74b9a06,"{<resource_manager.instance.OnPremInstance object at 0x11bd1f770>: [(3, 69758.06399999937, None)]}",47.2527689810787,38786.42201796098,69758.06399999937,24683.65137795448,3,0.07027150353636404,69758.06399999937,69773.46399999937,False,,
lamf-test-9953a2a0-1d7c-4068-bf98-538acafc2ac3,"{<resource_manager.instance.OnPremInstance object at 0x11bd1f770>: [(6, 69788.06399999937, None)]}",299.47595690366575,152080.83395170874,69788.06399999937,24684.68734265548,2,75.2907778990165,69788.06399999937,87209.02499999938,True,117.68642858861654,42.395650689600025
lamf-test-783eef72-16ea-4bd4-8850-a7549496bd66,"{<resource_manager.instance.CloudReservedInstance object at 0x11bf251d0>: [(1, 69818.06399999937, None)], <resource_manager.instance.CloudOnDemandInstance object at 0x11bd423f0>: [(1, 69818.06399999937, None)], <resource_manager.instance.CloudOnDemandInstance object at 0x11bd1fb60>: [(1, 69818.06399999937, None)]}",99.85904399571011,55960.72695843717,69818.06399999937,24691.58636356948,2,0.0772347980481009,69818.06399999937,69833.46399999937,False,,
lamf-test-59f36aea-6cbc-457b-81ba-431f79f73291,"{<resource_manager.instance.OnPremInstance object at 0x11bd1f770>: [(2, 69848.06399999937, None)]}",94.81833183066266,56553.52206549575,69848.06399999937,25258.57818261748,3,0.046847669024242686,69848.06399999937,69863.46399999937,False,,
lamf-test-55529a16-b241-4348-bd90-45ddc000d26d,"{<resource_manager.instance.OnPremInstance object at 0x11bd1f770>: [(3, 69878.26399999937, None)]}",53.211716625419925,39380.777837620364,69878.26399999937,25264.896768850478,2,0.049677043187284775,69878.26399999937,69893.66399999936,False,,
lamf-test-b86de886-591a-45ec-903b-6a80c96225dd,"{<resource_manager.instance.OnPremInstance object at 0x11bd1f770>: [(6, 70028.26399999937, None)]}",41.149547064693905,39820.109513520816,70028.26399999937,25836.416468536478,3,0.14054300707272807,70028.26399999937,70043.66399999936,False,,
lamf-test-9805f54e-1cae-487c-b904-2cb93c2a7afb,"{<resource_manager.instance.CloudReservedInstance object at 0x11bf251d0>: [(1, 70058.26399999937, None)], <resource_manager.instance.CloudOnDemandInstance object at 0x11bd423f0>: [(1, 70058.26399999937, None)], <resource_manager.instance.CloudOnDemandInstance object at 0x11bd1fb60>: [(1, 70058.26399999937, None)]}",328.01417674151406,153511.16305550258,70058.26399999937,25866.023613898476,3,220.9537699916778,70058.26399999937,142691.29204051365,True,472.45289288476255,251.49912289308475
lamf-test-65e3ea29-e28c-4094-b1d4-e102c2738358,"{<resource_manager.instance.OnPremInstance object at 0x11bd1f770>: [(3, 70088.26399999937, None)]}",53.51848203740168,39992.83527216543,70088.26399999937,25872.632672569478,1,0.12297513118863707,70088.26399999937,70103.66399999936,False,,
lamf-test-720b43f5-e992-4463-8b62-736d9e2ae936,"{<resource_manager.instance.OnPremInstance object at 0x11bd1f770>: [(2, 70118.26399999937, None)]}",92.64800719218381,56978.78005827357,70118.26399999937,25877.656382869478,2,0.04186443429931751,70118.26399999937,70133.66399999936,False,,
lamf-test-ca0b2ac7-3ce2-4e8c-a6e1-096d01ef9a8a,"{<resource_manager.instance.OnPremInstance object at 0x11bd1f770>: [(6, 70148.26399999937, None)]}",322.6901850057595,153859.7039531314,70148.26399999937,25889.874006244478,1,306.18417043121167,70148.26399999937,89597.61499999938,True,353.5161110248117,47.331940593600024
lamf-test-47c1fe4b-c260-4538-9b53-fe9eeae00c5f,"{<resource_manager.instance.OnPremInstance object at 0x11bd1f770>: [(2, 70208.46399999937, None)]}",307.40827687661385,154120.62752649304,70208.46399999937,26438.197416022478,3,46.96229066849186,70208.46399999937,85646.14299999936,True,59.48533587329185,12.523045204799992
lamf-test-18cbb634-7aef-4481-9ee7-fe1e8a16d0ba,"{<resource_manager.instance.OnPremInstance object at 0x11bd1f770>: [(5, 70269.06399999936, None)]}",52.226498354671556,40561.391108659685,70269.06399999936,26441.35669006048,3,0.11711917256060674,70269.06399999936,70284.46399999935,False,,
lamf-test-6a7cd0bb-34c7-4263-9cc7-17fa07eb0a15,"{<resource_manager.instance.OnPremInstance object at 0x11bd1f770>: [(4, 70299.06399999936, None)]}",298.21973828332,154035.98755122517,70299.06399999936,26443.23481543948,1,103.74585147159473,70299.06399999936,80113.12299999935,True,119.66818079319472,15.922329321599989
lamf-test-9293cd6c-713f-41c3-8b50-410b94532b8e,"{<resource_manager.instance.OnPremInstance object at 0x11bd1f770>: [(4, 70329.06399999936, None)]}",276.94819521132933,154244.91590816848,70329.06399999936,26453.64245017948,2,83.36365779356696,70329.06399999936,93217.57799999934,True,120.49798290716693,37.13432511359997
lamf-test-2ef3ba74-0be9-4758-9e8b-663933377574,"{<resource_manager.instance.OnPremInstance object at 0x11bd1f770>: [(4, 71530.66399999933, None)]}",315.97195408362086,154441.96022537994,71530.66399999933,26473.893181684478,3,90.95697619590841,71530.66399999933,86480.57999999933,True,115.2117199143084,24.254743718399997
lamf-test-abc545e6-fca4-4495-82db-38cb26110a9d,"{<resource_manager.instance.OnPremInstance object at 0x11bd1f770>: [(5, 72312.8639999993, None)]}",106.90985136127853,57627.47212697869,72312.8639999993,26477.90388907648,1,0.20261616852984965,72312.8639999993,72328.2639999993,False,,
lamf-test-72359355-373b-4aa6-9d80-111deeae4206,"{<resource_manager.instance.OnPremInstance object at 0x11bd1f770>: [(4, 72342.8639999993, None)]}",293.68085416171726,153947.5953521668,72342.8639999993,26484.90339198148,3,157.28778766446112,72342.8639999993,98195.0779999993,True,199.23041965806112,41.94263199359999
lamf-test-aa966776-8b52-45e3-81e8-3d502aee1701,"{<resource_manager.instance.OnPremInstance object at 0x11bd1f770>: [(3, 72372.8639999993, None)]}",277.6854198628887,153996.74318438984,72372.8639999993,26487.17178321448,1,96.51857289527723,72372.8639999993,84459.7469999993,True,111.22589212967723,14.707319234400003
lamf-test-40afb271-d458-48d9-adbe-b89134d80114,"{<resource_manager.instance.OnPremInstance object at 0x11bd1f770>: [(3, 72402.8639999993, None)]}",57.83325208385016,40718.20761304883,72402.8639999993,26488.17178321448,3,0.07027150353636404,72402.8639999993,72418.2639999993,False,,
lamf-test-f6c3e1ca-41d1-4659-a1c2-f6d7cca0c5e7,"{<resource_manager.instance.OnPremInstance object at 0x11bd1f770>: [(2, 72432.8639999993, None)]}",330.89870791023526,154083.1179323126,72432.8639999993,26489.17178321448,2,14.112517113123799,72432.8639999993,77624.2099999993,True,18.32373698832379,4.211219875199992
lamf-test-81297157-09b4-4bfd-81e5-a8bf0f0cf407,"{<resource_manager.instance.OnPremInstance object at 0x11bd1f770>: [(6, 72492.8639999993, None)]}",69.1210403049402,40729.98509602821,72492.8639999993,26492.13938111748,3,0.14054300707272807,72492.8639999993,72508.2639999993,False,,
lamf-test-2744811c-a0e4-4a9d-a448-520fba53466a,"{<resource_manager.instance.OnPremInstance object at 0x11bd1f770>: [(2, 72552.8639999993, None)]}",316.8459168651483,154464.64650927891,72552.8639999993,26494.03883433648,2,11.509231635614986,72552.8639999993,76786.5809999993,True,14.943622866014989,3.4343912304000033
lamf-test-ce4c822f-a3d7-44c8-9dba-10c2ea1d7fc0,"{<resource_manager.instance.OnPremInstance object at 0x11bd1f770>: [(6, 73784.26399999928, None)]}",86.88519768848549,58328.11188424833,73784.26399999928,27049.85228311548,2,0.06655648787942382,73784.26399999928,73799.66399999928,False,,
lamf-test-5471ed7c-c241-4b43-b3db-c6a0ff681a3a,"{<resource_manager.instance.OnPremInstance object at 0x11bd1f770>: [(2, 73874.26399999928, None)]}",59.30424416492866,41232.65557808911,73874.26399999928,27064.27848918048,2,0.04186443429931751,73874.26399999928,73889.66399999928,False,,
lamf-test-dc701733-214d-4503-9e86-a7c5623aa494,"{<resource_manager.instance.OnPremInstance object at 0x11bd1f770>: [(2, 73904.26399999928, None)]}",290.04127710324553,154873.60977377422,73904.26399999928,27074.96546858448,2,41.864377211468394,73904.26399999928,89304.24299999929,True,54.3568401762684,12.492462964800005
lamf-test-9b9326a1-51bc-46fd-a2cb-1abf1c9c75f6,"{<resource_manager.instance.OnPremInstance object at 0x11bd1f770>: [(5, 73994.26399999928, None)]}",57.78982021342063,41339.885204148915,73994.26399999928,27078.70036673748,1,0.20261616852984965,73994.26399999928,74009.66399999928,False,,
lamf-test-0111158b-0edf-40ea-8c3c-c453441d9f4b,"{<resource_manager.instance.OnPremInstance object at 0x11bd1f770>: [(2, 74054.66399999928, None)]}",288.9103792556111,155257.81104885158,74054.66399999928,27079.70036673748,3,48.42355768499505,74054.66399999928,89972.69799999928,True,61.336266865795054,12.9127091808
lamf-test-cb995d16-8bd4-4a69-981f-1cf758860367,"{<resource_manager.instance.OnPremInstance object at 0x11bd1f770>: [(5, 74295.06399999927, None)]}",320.1908267325743,155022.02041191972,74295.06399999927,27083.051266753482,3,68.08017339721658,74295.06399999927,83246.92599999928,True,86.2345495332166,18.154376136000014
lamf-test-b3a0db0a-ecb4-42b0-814b-3c34a8d7aaed,"{<resource_manager.instance.OnPremInstance object at 0x11bd1f770>: [(4, 75375.86399999926, None)]}",100.59507953151345,58014.96230878299,75375.86399999926,27088.52421808048,2,0.05608928259914327,75375.86399999926,75391.26399999925,False,,
lamf-test-692078cb-d4fe-44db-acc1-5eececdc7c24,"{<resource_manager.instance.OnPremInstance object at 0x11bd1f770>: [(3, 75706.46399999925, None)]}",293.9568407519619,154834.65332471655,75706.46399999925,27089.99236009048,2,46.31200092634628,75706.46399999925,90063.29299999926,True,63.781390453546294,17.469389527200015
lamf-test-b3747e60-f13b-4587-ba76-a5026ef56274,"{<resource_manager.instance.OnPremInstance object at 0x11bd1f770>: [(2, 75796.46399999925, None)]}",92.20458272811517,60806.5203795898,75796.46399999925,29463.18757133248,3,0.046847669024242686,75796.46399999925,75811.86399999924,False,,
lamf-test-ef36ad8e-1831-459d-b4cc-a917ad7c30ef,"{<resource_manager.instance.OnPremInstance object at 0x11bd1f770>: [(5, 76096.46399999925, None)]}",103.50768504869966,60725.32041321424,76096.46399999925,29478.00720679348,1,0.20261616852984965,76096.46399999925,76111.86399999924,False,,
lamf-test-a7a41a4b-e265-4559-96d2-89c830b4e4f3,"{<resource_manager.instance.OnPremInstance object at 0x11bd1f770>: [(5, 76156.46399999925, None)]}",110.11661546722232,67253.25850580545,76156.46399999925,36065.82890187148,3,0.11711917256060674,76156.46399999925,76171.86399999924,False,,
lamf-test-c609bf72-d17c-450a-8e65-16fe23e38281,"{<resource_manager.instance.OnPremInstance object at 0x11bd1f770>: [(2, 76186.46399999925, None)]}",326.56864801291823,164084.86321145724,76186.46399999925,36080.16764383948,3,50.701811544604176,76186.46399999925,92853.41699999926,True,64.22204381820418,13.520232273600007
