,instances,budget,deadline,sched_start_time,submit_time,software_id,current_license_cost,exec_start_time,finish_time,complete,license_cost,cost,hardware_cost
lamf-test-ce4837ee-c9b5-4728-816b-793fbe63012e,"{<resource_manager.instance.OnPremInstance object at 0x1291e7770>: [(5, 30, 390), (2, 390, None), (8, 3840, None)]}",64.81020493737797,14109.368596154949,30,1.0,1,57.310061601642715,30,6016.852000000001,True,80.64649722412352,93.00452893612352,12.358031712000002
lamf-test-fdbe52b3-5ac4-4817-bbd7-3ee39ada2008,"{<resource_manager.instance.OnPremInstance object at 0x1291e7770>: [(3, 60, 3540), (1, 3540, None)]}",309.54978900857253,127534.1026836131,60,48.865014532,1,135.1400720967374,60,68942.742,True,211.82610495094684,242.58792110614684,30.7618161552
lamf-test-312a25ed-966e-4a84-89af-21712bfc7175,"{<resource_manager.instance.OnPremInstance object at 0x1291e7770>: [(4, 1230, 5700), (1, 5700, None)]}",330.5774711754339,128570.56240875281,1230,1212.60734671,1,47.25302304357746,1230,22061.878,True,93.29374750931629,107.18225322611629,13.888505716800001
lamf-test-6d60a076-8aec-42f5-ae5c-3923b3793c72,"{<resource_manager.instance.OnPremInstance object at 0x1291e7770>: [(5, 1260, 6720), (2, 6720, None)]}",295.26855467250385,128843.05992579619,1260,1223.391189823,1,146.88119552817705,1260,26576.858999999997,True,179.0567335158567,206.2374975366567,27.180764020799998
lamf-test-f42e0220-9054-4dba-814a-9d6b93e25e15,"{<resource_manager.instance.OnPremInstance object at 0x1291e7770>: [(2, 6630, 9630), (1, 9630, None)]}",293.5168981771201,134396.3350784362,6630,6609.491287777,3,47.6236732831394,6630,44864.59299999999,True,62.71897939006767,79.44373031086766,16.724750920799995
lamf-test-c2212f64-c788-46d9-9572-57170e08d2ac,"{<resource_manager.instance.OnPremInstance object at 0x1291e7770>: [(4, 6660, None), (6, 7920, None)]}",57.825321252479114,20778.467689521043,6660,6615.724419148,3,7.665982203969882,6660,8213.835000000001,True,12.13529545973079,15.371314219730793,3.236018760000004
lamf-test-0aa73555-99c3-40be-a09f-6bf3df006265,"{<resource_manager.instance.OnPremInstance object at 0x1291e7770>: [(6, 6690, None)]}",310.4901833144852,134470.43144693397,6690,6619.013391952,3,,6690,22575.188000000002,True,144.97091489847136,183.62910841527136,38.658193516800004
lamf-test-761a035c-9b31-431d-b128-35fe1a248496,"{<resource_manager.instance.OnPremInstance object at 0x1291e7770>: [(4, 6720, 11791.608), (2, 11791.608, None), (4, 37610.184, None)]}",281.9460745575701,134597.2895583256,6720,6636.015127132,1,215.06368605977642,6720,41291.4569640098,True,251.81684770264337,289.94779925825765,38.130951555614246
lamf-test-c947c209-c0e1-414b-aa78-1430406df6ae,"{<resource_manager.instance.OnPremInstance object at 0x1291e7770>: [(2, 6750, 7410), (1, 7410, None), (3, 9810, None)]}",91.00759406898061,37681.83162638564,6750,6637.015127132,3,8.213552361396303,6750,15504.349999999999,True,40.30329302608562,51.050638466085616,10.747345439999998
lamf-test-1b5247ff-56d3-4066-aafc-ee4137f1169c,"{<resource_manager.instance.OnPremInstance object at 0x1291e7770>: [(3, 6780, 7740), (2, 7740, None), (8, 15625.896, None)]}",98.97570184637311,38007.730151842756,6780,6650.916658622,3,43.292283823864935,6780,17955.661892119966,True,63.80629845798106,80.82099575161963,17.01469729363858
lamf-test-a35e3102-219f-4336-95ce-4d87e6b5e69c,"{<resource_manager.instance.OnPremInstance object at 0x1291e7770>: [(6, 7230, 8520), (1, 8520, None), (5, 9960, None)]}",88.24903114605627,38415.24096926724,7230,7206.8181937185,3,13.963039014373715,7230,12578.626,True,37.861063198722334,47.957159432322335,10.0960962336
lamf-test-8d2ae00d-f906-47ac-81a5-138a54772bef,"{<resource_manager.instance.OnPremInstance object at 0x1291e7770>: [(2, 7260, 9270), (1, 9270, None), (7, 13783.752, 19257.504), (1, 19257.504, None)]}",310.3508838593914,135049.48906933446,7260,7240.953135173,3,79.58592744695414,7260,27204.559999999998,True,103.76132025249066,131.43049238049065,27.669172128
lamf-test-b41bc5e6-51fb-4710-b8ea-caebbe600cb8,"{<resource_manager.instance.OnPremInstance object at 0x1291e7770>: [(6, 7290, 9300), (2, 9300, None)]}",308.5846884800438,135343.68609307913,7290,7243.472336948,2,8.686918223226783,7290,14773.935,True,23.567644987273614,32.899637059273616,9.331992072
lamf-test-8a5bf643-d5be-430a-ac2f-d8a1f25fa6d3,"{<resource_manager.instance.OnPremInstance object at 0x1291e7770>: [(3, 7830, 9840), (1, 9840, None), (7, 12922.68, None)]}",322.3613792231315,135518.43798166534,7830,7811.279117855,2,12.738691943327208,7830,17399.771,True,42.47273423899626,60.696102123796265,18.223367884800002
lamf-test-cbef53e7-aa65-412f-b9a4-02aefd0bda1b,"{<resource_manager.instance.OnPremInstance object at 0x1291e7770>: [(2, 7860, None), (6, 10080, None)]}",89.7921856815224,39066.07590268926,7860,7817.346874903999,1,81.19051243440566,7860,13924.682209544986,True,93.27261801304329,107.54870684657486,14.27608883353157
lamf-test-decf70b3-3bab-4cf4-b55a-9508b27560e7,"{<resource_manager.instance.OnPremInstance object at 0x1291e7770>: [(3, 7890, None)]}",317.6420201174764,135395.69567026364,7890,7826.631513871999,2,40.76756226512141,7890,31441.023000000005,True,75.97046666728438,104.62735145368438,28.656884786400006
lamf-test-1faee22d-4d95-436a-a021-6148365dd51b,"{<resource_manager.instance.OnPremInstance object at 0x1291e7770>: [(2, 7920, None)]}",300.8642397517245,135262.6438947381,7920,7847.207537836999,3,80.00664385124344,7920,42162.921,True,104.16889801505818,131.94675553025817,27.7778575152
lamf-test-585c2356-1279-476b-b41a-cbdb8ebd0ee3,"{<resource_manager.instance.OnPremInstance object at 0x1291e7770>: [(4, 7950, None)]}",290.6639501784463,135430.49958579792,7950,7856.613857416999,2,,7950,21466.760999999995,True,49.23022256846524,71.15981561486522,21.92959304639999
lamf-test-17aa2292-304e-4763-ab73-533f31d66f3d,"{<resource_manager.instance.OnPremInstance object at 0x1291e7770>: [(5, 8430, 9720), (2, 9720, None), (6, 11361.072, None)]}",100.9864715008785,39569.107680892484,8430,8399.375190944,2,9.623524347484413,8430,12237.816,True,15.796082334154177,22.58829887175418,6.7922165376000025
lamf-test-17be3ad6-6cd4-4c64-93c6-3fc4d170d157,"{<resource_manager.instance.OnPremInstance object at 0x1291e7770>: [(2, 8460, None)]}",64.77903730143166,22374.912159981846,8460,8400.5401405665,2,4.648583289081818,8460,18139.527000000002,True,26.313501437670336,34.16553374007034,7.852032302400001
lamf-test-410c24b3-e037-404b-8fa3-3b9be7b4adaa,"{<resource_manager.instance.OnPremInstance object at 0x1291e7770>: [(5, 8490, 9930), (1, 9930, None)]}",105.56808496111117,39564.87543003028,8490,8408.218604906,3,10.951403148528405,8490,11523.282,True,13.374830025096964,16.941385204296964,3.5665551791999994
lamf-test-dbfc6e86-f385-4c1b-a2d1-36902c12232e,"{<resource_manager.instance.OnPremInstance object at 0x1291e7770>: [(2, 8520, None), (8, 28580.184, None)]}",332.81097832014945,136216.86137114404,8520,8416.757778947,3,132.6646406570842,8520,35910.39813326626,True,172.51883691940463,218.52300670473258,46.004169785327946
lamf-test-ee649544-0852-4484-9313-a2ec39aaf5e5,"{<resource_manager.instance.OnPremInstance object at 0x1291e7770>: [(4, 8550, 10140), (2, 10140, None), (4, 15165.36, None)]}",94.51083597672981,39448.468198910894,8550,8418.115617776,1,43.94330823636779,8550,15470.023999999998,True,48.8090349075975,56.206653249997494,7.397618342399992
lamf-test-3e8d9edc-8d07-4ff0-a6aa-1b9473f39dae,"{<resource_manager.instance.OnPremInstance object at 0x1291e7770>: [(5, 8580, 9510), (1, 9510, None)]}",46.55013787044631,22611.27196722738,8580,8424.394107548,1,26.684804015514487,8580,18755.518,True,38.25189489695034,43.88791699775034,5.6360221008
lamf-test-8daeea4f-cbbf-4fb6-b9f3-5857c1ab865e,"{<resource_manager.instance.OnPremInstance object at 0x1291e7770>: [(4, 8610, 9210), (2, 9210, None)]}",56.56222725445129,22653.624721350418,8610,8433.235618966999,1,6.342687656856034,8610,12982.168,True,26.71107521484523,30.744497896445232,4.033422681599999
lamf-test-665b3cd3-6953-4941-a220-b425974f248a,"{<resource_manager.instance.OnPremInstance object at 0x1291e7770>: [(3, 8640, 14214.288), (2, 14214.288, 18207.504), (1, 18207.504, None)]}",295.24467469152273,136023.84125243127,8640,8449.905303901998,3,53.451937029431896,8640,31628.113999999998,True,57.99666286409612,73.46215273769613,15.4654898736
lamf-test-7b6d3b7a-f2bc-4206-bf5c-c8e1aaff27be,"{<resource_manager.instance.OnPremInstance object at 0x1291e7770>: [(3, 8670, 9480), (2, 9480, None)]}",57.77199384513077,22631.693306672463,8670,8454.851097967998,2,2.612883440371161,8670,10181.369000000002,True,4.519533857260072,6.074092390060073,1.554558532800002
lamf-test-e86f1528-c4b7-428d-9220-137c2eee5f81,"{<resource_manager.instance.OnPremInstance object at 0x1291e7770>: [(5, 9000, 19808.04), (1, 19808.04, None), (9, 28760.184, None)]}",291.443531643958,136937.77622558706,9000,8998.747732879998,2,85.25001834777414,9000,34958.51737637318,True,105.77987446571396,156.47000936668357,50.69013490096961
lamf-test-905b51bb-7f4b-480b-babc-216c95cb3e5c,"{<resource_manager.instance.OnPremInstance object at 0x1291e7770>: [(4, 9030, None)]}",76.07511246679637,23157.22325056915,9030,9020.311867738998,3,7.848505589778689,9030,11798.969000000001,True,16.846719902654197,21.3390952082542,4.492375305600001
lamf-test-d53de693-fd3a-47ec-b96e-28dcf292d471,"{<resource_manager.instance.OnPremInstance object at 0x1291e7770>: [(4, 9060, 10350), (2, 10350, None), (4, 18177.504, None)]}",82.04480128359563,40185.57055210621,9060,9022.754288380998,2,25.97722087588903,9060,19247.216000000004,True,32.78126414932579,43.8270825173258,11.045818368000008
lamf-test-d608e81f-e921-488f-9511-ac29f6be8717,"{<resource_manager.instance.OnPremInstance object at 0x1291e7770>: [(4, 9090, None)]}",290.8535591080783,137057.8998295885,9090,9023.754288380998,3,,9090,18026.862,True,54.372877024868814,68.87204193366881,14.499164908800001
lamf-test-794e981d-7b48-479b-88a9-08c76168b3f4,"{<resource_manager.instance.OnPremInstance object at 0x1291e7770>: [(2, 9120, None)]}",55.43753343799916,23203.66686015788,9120,9025.926843530999,3,,9120,13338.055,True,12.831561335462773,16.253247551462774,3.4216862160000003
lamf-test-d89dd74a-ca32-43e3-9fdb-057b16e15c3a,"{<resource_manager.instance.OnPremInstance object at 0x1291e7770>: [(2, 9150, None)]}",52.589033620058174,23238.698156362014,9150,9030.793521798,1,27.345383527264435,9150,15369.002,True,33.580435166172336,38.625289588572336,5.0448544224
lamf-test-9d73df9e-a4e9-43ed-b3cd-731892da568c,"{<resource_manager.instance.OnPremInstance object at 0x1291e7770>: [(6, 9180, 10780.536), (1, 10780.536, None)]}",116.24356079750007,40150.47477567084,9180,9034.623996851999,3,14.606762491444215,9180,14169.761999999999,True,19.761870864704537,25.031605339904537,5.2697344752
lamf-test-700b88cb-1fe1-443f-85f3-4e83586778d7,"{<resource_manager.instance.OnPremInstance object at 0x1291e7770>: [(2, 9210, None)]}",323.88597973304996,136329.30341638767,9210,9051.540797433,1,113.66362947752681,9210,40678.967,True,169.92141280705758,195.44903883745758,25.527626030399997
lamf-test-cacf2328-5a7f-4177-ad3a-d6767db7f233,"{<resource_manager.instance.OnPremInstance object at 0x1291e7770>: [(5, 9240, 12372.144), (2, 12372.144, None), (8, 23519.112, None)]}",299.34289693362723,136983.47371095355,9240,9058.983250853998,2,42.836903797041344,9240,26580.819693719885,True,66.10030268431365,93.9129975636415,27.81269487932785
lamf-test-76901c5b-cc70-4a21-8b6a-aa4aa3dedd24,"{<resource_manager.instance.OnPremInstance object at 0x1291e7770>: [(2, 9630, 15165.36), (1, 15165.36, None)]}",295.82083300729096,136904.79373920965,9630,9601.034550941999,2,15.04770876903622,9630,21127.907,True,27.14593394577321,34.05462704097321,6.9086930952
lamf-test-c0570041-d32e-4e8b-8d2d-a250dfe399fc,"{<resource_manager.instance.OnPremInstance object at 0x1291e7770>: [(5, 9660, 15625.896), (2, 15625.896, None)]}",309.1917473885502,137434.09505358007,9660,9602.115242561998,1,134.83416655258955,9660,39449.79126549147,True,207.13336161304238,238.55814254040905,31.42478092736668
lamf-test-ca7252f0-85f2-4005-896c-fb17b2f26952,"{<resource_manager.instance.OnPremInstance object at 0x1291e7770>: [(6, 9690, 17146.968), (1, 17146.968, None)]}",304.02222934164064,137603.98548465973,9690,9607.331371821,1,155.05143874058865,9690,57783.773,True,231.74037272796414,266.36993816076415,34.62956543280001
lamf-test-0ae28a41-e363-4bde-bdce-50f826df3b42,"{<resource_manager.instance.OnPremInstance object at 0x1291e7770>: [(4, 9720, 11361.072), (1, 11361.072, None)]}",87.69850691765791,40886.41843509123,9720,9608.626042662,3,30.484946383755418,9720,29893.205999999995,True,38.172365959388536,48.351474722588534,10.179108763199997
lamf-test-9da27dae-e6dc-4f47-b706-a6e8a3713464,"{<resource_manager.instance.OnPremInstance object at 0x1291e7770>: [(6, 9750, None)]}",296.9549680882063,137374.2772639307,9750,9609.626042662,3,,9750,14725.189999999999,True,45.404426192105845,57.51204857610584,12.107622383999997
lamf-test-50c28631-c9b3-47d9-9e36-b5f64438ea4d,"{<resource_manager.instance.OnPremInstance object at 0x1291e7770>: [(6, 9780, 11361.072), (1, 11361.072, None), (5, 15165.36, None)]}",57.792712238435485,23505.594750466335,9780,9614.854026108998,3,20.2155601186402,9780,15527.048000000003,True,23.516386036961002,29.78730598576101,6.270919948800006
lamf-test-6ea3ccb6-5ec7-474a-bd76-4c0b7e74a8fd,"{<resource_manager.instance.OnPremInstance object at 0x1291e7770>: [(4, 9810, 11361.072), (2, 11361.072, None)]}",318.43627200467716,137115.15330869617,9810,9619.411143336998,3,9.43689710244125,9810,23263.743,True,45.64549395391283,57.817399881912834,12.171905927999997
lamf-test-f6a7b87b-3fe2-4927-871e-a0cac1bfa236,"{<resource_manager.instance.OnPremInstance object at 0x1291e7770>: [(3, 9840, None)]}",80.84812600328213,40927.127617695754,9840,9621.017431029997,3,21.924818617385352,9840,18124.7,True,37.803787360255534,47.88461032025553,10.08082296
lamf-test-01aed4d0-4ac3-4934-b29d-300b9eb1cf38,"{<resource_manager.instance.OnPremInstance object at 0x1291e7770>: [(6, 9870, None)]}",48.38806555130056,23985.60866185507,9870,9622.017431029997,3,,9870,10802.804,True,8.51292721879991,10.78299903319991,2.2700718144000005
lamf-test-f035cec5-13b9-4feb-9d16-93fce26c2cc2,"{<resource_manager.instance.OnPremInstance object at 0x1291e7770>: [(3, 9900, 10780.536), (2, 10780.536, None), (10, 17176.968, None)]}",59.50673849065216,23833.00465882679,9900,9625.995326557997,2,24.19246163348416,9900,18032.292929570613,True,27.13996108526316,37.56322042566924,10.423259340406082
lamf-test-7dc86417-03bf-4f7d-b2cc-4f303d7c708b,"{<resource_manager.instance.OnPremInstance object at 0x1291e7770>: [(4, 9930, 12372.144), (2, 12372.144, None)]}",122.20824587768153,40966.18142546942,9930,9627.523553911997,2,8.894682140509994,9930,15696.408,True,17.931593297759278,24.59037068015928,6.6587773824
lamf-test-6e11c3c3-b9bf-4aa2-897f-6c03a891a9cd,"{<resource_manager.instance.CloudReservedInstance object at 0x1294344d0>: [(5, 9960, 19077.504), (1, 19077.504, None)], <resource_manager.instance.CloudOnDemandInstance object at 0x129429310>: [(2, 31880.184, None)]}",323.10613238146993,137265.35445229243,9960,9630.760693147997,3,88.81314168377824,9960,54612.9811883193,True,146.441851568736,275.6472951413375,129.20544357260152
lamf-test-c5a6ffed-1196-4516-a2cc-67f21c8eb5f5,"{<resource_manager.instance.OnPremInstance object at 0x1291e7770>: [(2, 9990, None)]}",321.906162634098,137335.16216661583,9990,9635.811255757997,2,,9990,21122.698,True,30.263902856838936,39.294747474438935,9.0308446176
lamf-test-6718dd63-82fd-49d3-b154-c2385c7724e4,"{<resource_manager.instance.CloudReservedInstance object at 0x1294344d0>: [(1, 10020, None)], <resource_manager.instance.CloudReservedInstance object at 0x129429450>: [(3, 10020, None)]}",53.92864783453742,23744.413684806295,10020,9641.654543044997,1,,10020,15868.441007332183,True,40.475179227867415,52.745208461250336,12.270029233382921
lamf-test-93fc33e5-0604-48d1-8efe-1dfc9145e379,"{<resource_manager.instance.CloudReservedInstance object at 0x129429450>: [(3, 10050, None)], <resource_manager.instance.CloudReservedInstance object at 0x1294291d0>: [(2, 10050, 21498.576)]}",318.63019504491797,137363.244536239,10050,9648.013492996997,1,69.36420168834132,10050,49437.42561146448,True,184.10280378881146,232.94293067010014,48.84012688128869
lamf-test-561c40aa-4fd2-4142-aa20-b41c53e185e4,"{<resource_manager.instance.CloudReservedInstance object at 0x1294291d0>: [(2, 10080, None)]}",92.22367706149063,40929.30414477312,10080,9652.048950826997,2,17.608968281257212,10080,28209.833141359046,True,31.00081731384586,45.620714759037796,14.619897445191937
lamf-test-d81c27cf-4838-43c5-ac8d-f0f7d5a86a71,"{<resource_manager.instance.CloudReservedInstance object at 0x1294291d0>: [(2, 10230, None)], <resource_manager.instance.CloudReservedInstance object at 0x12920e2c0>: [(2, 10230, 17697.504)], <resource_manager.instance.CloudOnDemandInstance object at 0x12920e3f0>: [(1, 73267.15199999997, None)], <resource_manager.instance.CloudReservedInstance object at 0x1291e7cb0>: [(1, 84637.15199999997, None)]}",313.16578296695053,137918.02676127566,10230,10206.926129428997,3,176.01177884249742,10230,114674.45333757617,True,222.06527105383591,392.9749211620833,170.90965010824743
lamf-test-92b10550-cff6-47f7-a077-4b4db1587046,"{<resource_manager.instance.CloudReservedInstance object at 0x12920e2c0>: [(4, 10260, 11851.608), (1, 11851.608, None)]}",81.64667311738593,41341.2092793457,10260,10209.074673037998,2,27.0144621070023,10260,32008.394392266615,True,46.695747148964486,62.259571701546534,15.56382455258205
lamf-test-29b14cf4-c2e0-462e-a5b2-16a34ab23f1f,"{<resource_manager.instance.CloudReservedInstance object at 0x1291e7cb0>: [(2, 10290, None)]}",89.42960233211319,41290.48497444196,10290,10210.074673037998,3,23.461507338961137,10290,24147.04924751872,True,28.102617177516606,48.12328193033166,20.020664752815048
lamf-test-0ee3ab93-6383-46f5-aeca-265dafdbd84c,"{<resource_manager.instance.CloudReservedInstance object at 0x1291e7cb0>: [(4, 10320, None)], <resource_manager.instance.CloudReservedInstance object at 0x12920e520>: [(1, 10320, None)]}",39.66592451958817,24345.415254338237,10320,10216.510591856997,3,,10320,14331.704968283035,True,19.322735416477215,35.29734460018026,15.974609183703045
lamf-test-3484ce7d-9fee-4f95-9c2d-f871cc58413f,"{<resource_manager.instance.CloudOnDemandInstance object at 0x12920e780>: [(3, 10350, 17176.968), (2, 17176.968, None)]}",280.48808000057255,137952.69885057813,10350,10222.995406439997,3,31.152032854209445,10750.536,17185.01257311695,False,31.176504899587645,,
lamf-test-0ab21652-7e84-40ef-afc1-d04cb7c18425,"{<resource_manager.instance.OnPremInstance object at 0x1291e7770>: [(2, 10780.536, None)]}",99.9394489602227,41496.75821501251,10780.536,10228.091896847996,3,,10780.536,14795.708,True,12.214379800745304,15.471487327145304,3.2571075264000005
lamf-test-107c896d-ee0f-4ca2-89f1-19c67b8002a2,"{<resource_manager.instance.OnPremInstance object at 0x1291e7770>: [(2, 10810.536, None)]}",98.1671155759394,41459.99126200022,10810.536,10232.361980252996,3,,10810.536,13731.762000000002,True,8.88653433721196,11.256232868411963,2.369698531200002
lamf-test-34f82a8b-288c-437f-910d-553d4a2c7dfc,"{<resource_manager.instance.OnPremInstance object at 0x1291e7770>: [(2, 10840.536, None)]}",332.1651620956545,138040.40278443304,10840.536,10246.026774650996,1,,10840.536,20495.307,True,52.13238580880676,59.96433604400676,7.831950235200001
lamf-test-aa879c60-c521-40a2-972a-cf0714098824,"{<resource_manager.instance.OnPremInstance object at 0x1291e7770>: [(2, 10870.536, None), (6, 14214.288, None)]}",56.99333448866139,24465.337580131913,10870.536,10247.963402396996,2,9.089888695926263,10870.536,15799.049,True,20.247112660404788,28.10179677560479,7.854684115200001
lamf-test-cfb32c98-2421-4b31-9da7-090b5212bb9a,"{<resource_manager.instance.OnPremInstance object at 0x1291e7770>: [(6, 10900.536, 19808.04), (1, 19808.04, None)]}",311.65623815536327,137758.92867165036,10900.536,10248.963402396996,1,140.22764681724848,10900.536,33197.58769371988,True,177.9045245013032,205.01262678027598,27.108102278972787
lamf-test-2e0bd3ff-93cb-46df-ab43-ee2f13d4c7e1,"{<resource_manager.instance.CloudOnDemandInstance object at 0x12920e780>: [(3, 10930.536, None)]}",316.2487464140096,137954.08184319598,10930.536,10250.805809169995,1,,11331.072,51826.02362974069,True,326.56675040860694,600.1330253589942,273.56627495038737
lamf-test-75f66efa-1a77-47ea-a0c6-c0317f11e7c2,"{<resource_manager.instance.CloudOnDemandInstance object at 0x12920e780>: [(5, 11361.072, 22428.576), (2, 22428.576, None)]}",323.850834844211,138310.80270683614,11361.072,10255.470472764995,3,84.169929272188,11761.608,22440.46895519492,False,84.20610831301215,,
lamf-test-c1ff5343-c068-4179-8505-1de35f1c5237,"{<resource_manager.instance.OnPremInstance object at 0x1291e7770>: [(4, 11791.608, 25910.184), (1, 25910.184, None)]}",328.6266875432299,137933.4886841855,11791.608,10258.737768813995,2,63.53547740107254,11791.608,51704.528,True,103.75979390425397,137.12795753305397,33.3681636288
lamf-test-c8383b87-eaaf-4727-8a38-364a265a9c1b,"{<resource_manager.instance.OnPremInstance object at 0x1291e7770>: [(2, 11821.608, None), (4, 24659.112, None)]}",87.74670802746411,41835.20688022929,11821.608,10820.060725296995,2,34.89836641398889,11821.608,25060.486,True,37.45135830791211,48.84192531911211,11.3905670112
lamf-test-a5bf6748-f8d5-4a59-badc-d9816f45493a,"{<resource_manager.instance.OnPremInstance object at 0x1291e7770>: [(2, 11851.608, None), (8, 15625.896, None)]}",54.40376906069801,24987.11770198156,11851.608,10830.728095884995,2,13.759522122275813,11851.608,16827.333,True,19.389019521499385,27.323750419099376,7.934730897599993
lamf-test-9d2ced27-20c6-49c1-84d1-76444fddb91f,"{<resource_manager.instance.OnPremInstance object at 0x1291e7770>: [(3, 11881.608, 16846.968), (2, 16846.968, None)]}",313.4023701696379,138495.65826859997,11881.608,10832.745487230995,2,36.27559714530394,11881.608,34221.812999999995,True,63.25015974831881,83.38648406031881,20.136324311999996
lamf-test-6323d458-f602-48c5-98a5-f5c1a1584292,"{<resource_manager.instance.CloudReservedInstance object at 0x12920e2c0>: [(3, 11911.608, None)], <resource_manager.instance.CloudOnDemandInstance object at 0x12920e780>: [(1, 11911.608, None)], <resource_manager.instance.CloudOnDemandInstance object at 0x129429810>: [(1, 11911.608, None)]}",313.6595923894348,138803.28980113287,11911.608,10835.970340389995,1,,11911.608,57339.13476323878,True,559.6820545778904,773.6911331595084,214.00907858161787
lamf-test-48feb4fc-2742-45dc-808f-e652fe900563,"{<resource_manager.instance.CloudOnDemandInstance object at 0x129429810>: [(3, 11941.608, None)], <resource_manager.instance.CloudOnDemandInstance object at 0x1291e7b60>: [(1, 16936.968, None)]}",41.254966979320166,24808.328040643843,11941.608,10843.396487421995,1,20.514825462012322,12342.144,24823.728040643844,False,68.29883057555399,,
lamf-test-bbc839c8-f836-4f9a-a8e0-6cb8342496f2,"{<resource_manager.instance.OnPremInstance object at 0x1291e7770>: [(3, 12372.144, None), (5, 20468.04, None)]}",114.4912360012796,42074.62518284137,12372.144,10847.077003566994,3,40.59272644307552,12372.144,21662.489999999998,True,51.47659593885463,65.20343355165463,13.726837612799992
lamf-test-d4b58a16-b6c8-4064-88b0-a3ec8e4212ba,"{<resource_manager.instance.OnPremInstance object at 0x1291e7770>: [(2, 12402.144, None)]}",56.907858453854786,25230.112258967925,12402.144,10855.662972831993,2,2.5854604712945166,12402.144,16441.486,True,10.980829076073878,14.257543306473877,3.2767142304000005
lamf-test-26bbd872-e5de-48b0-8f8f-e6417ce7af20,"{<resource_manager.instance.OnPremInstance object at 0x1291e7770>: [(2, 12432.144, None), (6, 22098.576, None)]}",298.1380358381042,138649.5004782632,12432.144,11409.657411531993,2,39.86949355794228,12432.144,28199.48,True,69.23021721929837,96.86784015689837,27.6376229376
lamf-test-032ba352-18f7-47d0-a6f0-b7f2f4956a0a,"{<resource_manager.instance.OnPremInstance object at 0x1291e7770>: [(6, 12462.144, None)]}",307.62274626708137,139399.03122770967,12462.144,11411.075507451993,3,,12462.144,16757.494000000002,True,39.20009126169292,49.65325502169293,10.453163760000006
lamf-test-05c2e1a5-42c3-4e97-863b-94fa07e33793,"{<resource_manager.instance.CloudOnDemandInstance object at 0x129429810>: [(4, 12492.144, None)]}",91.04820322006628,42686.312972607775,12492.144,11412.860990358993,2,42.26687656255888,12892.68,42701.71297260777,False,82.12379970551407,,
lamf-test-d2eb5728-b98d-4dc8-9b54-d5b61be5f0ce,"{<resource_manager.instance.CloudOnDemandInstance object at 0x129429810>: [(4, 12922.68, None)]}",294.31398108778467,139039.72905744996,12922.68,11414.429809050993,2,249.89681150769312,13323.216,139055.12905745,False,342.88724847919633,,
lamf-test-3058457a-d1e2-4d92-baae-1c4c74ce602b,"{<resource_manager.instance.CloudOnDemandInstance object at 0x129429310>: [(5, 13353.216, None)]}",296.32729201787157,139203.04122781052,13353.216,11418.575513319993,2,118.2352977838993,13753.752,139218.44122781054,False,316.82232573642784,,
lamf-test-7a641bba-d417-49ff-88d9-3fe54ccc21c1,"{<resource_manager.instance.CloudOnDemandInstance object at 0x129429310>: [(5, 13783.752, None)]}",72.4727596207448,25589.238442141745,13783.752,11432.292507864993,1,,14184.288,20918.48797199104,True,32.37553524948401,64.2210725236674,31.8455372741834
lamf-test-3babe4ac-4db5-41c5-ad0c-7fee914c7ec7,"{<resource_manager.instance.CloudOnDemandInstance object at 0x129429310>: [(2, 14214.288, None)], <resource_manager.instance.CloudOnDemandInstance object at 0x12920e3f0>: [(1, 14214.288, 31400.184)]}",293.72278396528714,139209.16766062423,14214.288,11438.223389439992,2,64.25755649213632,14614.824,31409.05354781099,False,64.272722833117,,
lamf-test-efb02442-ed88-49c8-bf51-dea5e65f914e,"{<resource_manager.instance.OnPremInstance object at 0x1291e7770>: [(2, 14644.824, None), (4, 24299.112, None)]}",304.7860416350407,139380.89395442608,14644.824,11440.720330581993,3,106.22101756787588,14644.824,37378.15499999999,True,148.73044946383746,188.39116693423745,39.66071747039997
lamf-test-a3da9951-7484-4541-a43a-d268b07d7f2b,"{<resource_manager.instance.CloudReservedInstance object at 0x1291e7cb0>: [(4, 14674.824, 26510.184), (2, 26510.184, None)], <resource_manager.instance.CloudOnDemandInstance object at 0x1291e7b60>: [(1, 46202.328, None)]}",322.8627978188001,139139.88138133494,14674.824,11441.720330581993,2,81.4405989405655,14674.824,65885.22253387446,True,160.18940812403162,284.77033339261425,124.5809252685826
lamf-test-a4d8ead1-b39f-46fe-9cfa-58d32f343ff0,"{<resource_manager.instance.CloudReservedInstance object at 0x12920e520>: [(1, 14704.824, None)], <resource_manager.instance.CloudOnDemandInstance object at 0x12920e3f0>: [(3, 14704.824, None)]}",84.41713409588449,42657.46874255716,14704.824,11459.576183638994,1,,14704.824,42672.868742557155,False,265.87615733665257,,
lamf-test-1393ec0f-c39a-48b5-8afc-5e45c5c5f7c7,"{<resource_manager.instance.CloudOnDemandInstance object at 0x12920e3f0>: [(6, 14734.824, None)]}",354.69102159935267,139617.85165686312,14734.824,12001.776813175993,3,394.51619438740585,15135.36,72351.69345404848,True,525.8213046228472,995.2144166910892,469.3931120682421
lamf-test-98a6ab80-499b-4f3a-95f7-4dd7df820566,"{<resource_manager.instance.OnPremInstance object at 0x1291e7770>: [(2, 15165.36, None)]}",105.87093398460661,43184.70338873906,15165.36,12011.208755839993,1,4.9734665754049745,15165.36,24032.516,True,47.8795403452734,55.0725772924734,7.1930369471999995
lamf-test-0b319882-7fad-4ae3-8912-b51a1940b68d,"{<resource_manager.instance.CloudOnDemandInstance object at 0x12920e3f0>: [(2, 15195.36, None)]}",309.96889456321867,140023.59902068521,15195.36,12012.349862554993,3,330.04141455623983,15595.896,140038.99902068524,False,379.78139484579884,,
lamf-test-151fcd56-358d-466c-9e97-a24b8c315d14,"{<resource_manager.instance.OnPremInstance object at 0x1291e7770>: [(4, 15625.896, 17146.968), (1, 17146.968, None), (3, 29060.184, None)]}",286.90020368365816,139297.12566997376,15625.896,12018.280433401993,1,70.33675564681725,15625.896,32558.027000000002,True,87.37635607270516,100.35104417830516,12.974688105600002
lamf-test-0479ea03-d843-4f1c-b0bd-6f829a2c5a10,"{<resource_manager.instance.CloudOnDemandInstance object at 0x1291e7b60>: [(5, 15655.896, None)]}",326.10114994784385,139775.02726974306,15655.896,12019.280433401993,3,,16056.432,127504.93906100844,True,567.0851677491746,1518.6968261122345,951.6116583630599
lamf-test-724d0d5f-301b-4490-8457-7773ef64d695,"{<resource_manager.instance.OnPremInstance object at 0x1291e7770>: [(5, 16086.432, 17056.968), (1, 17056.968, None)]}",109.55462846539683,43139.02069252336,16086.432,12027.785541284993,2,6.461853116525897,16086.432,23381.62,True,16.71683868516783,21.250364544367827,4.533525859199999
lamf-test-2674780b-0edf-4613-bd86-e3e24ce33fcb,"{<resource_manager.instance.OnPremInstance object at 0x1291e7770>: [(5, 16116.432, 20108.04), (2, 20108.04, 24599.112), (1, 24599.112, None), (3, 36500.184, None)]}",302.61464185285956,139510.8804567592,16116.432,12028.785541284993,1,214.0602637462925,16116.432,49287.492999999995,True,248.3498241691383,285.66116772433827,37.31134355519999
lamf-test-15ce12ce-cdd4-4322-97b9-e92908eec275,"{<resource_manager.instance.CloudReservedInstance object at 0x1294344d0>: [(1, 16146.432, None)], <resource_manager.instance.CloudReservedInstance object at 0x129429450>: [(3, 16146.432, None)], <resource_manager.instance.CloudOnDemandInstance object at 0x12920e780>: [(1, 17697.504, None)]}",62.79223748275714,26299.802812456575,16146.432,12029.785541284993,2,34.75604471835727,16146.432,22882.293052524336,True,40.40529100038531,66.09817011790012,25.692879117514813
lamf-test-6fdb4590-cea7-4d20-bffa-249d0757fa2a,"{<resource_manager.instance.CloudOnDemandInstance object at 0x1291e7b60>: [(6, 16176.432, None)]}",88.08906902383775,43078.81681027565,16176.432,12031.470280231993,1,259.87843394934976,16576.968,43094.21681027565,False,284.55183577673705,,
lamf-test-e4ed1a21-f292-441c-946a-d7b9f0990c7d,"{<resource_manager.instance.OnPremInstance object at 0x1291e7770>: [(2, 16606.968, None), (8, 30230.184, None)]}",297.2172710903451,139631.8356025807,16606.968,12032.470280231993,1,102.7689053159936,16606.968,34541.295999999995,True,187.00228823484662,215.5393113260466,28.537023091199977
lamf-test-c777b76c-0cc3-4d24-b87d-dcc762dd2026,"{<resource_manager.instance.OnPremInstance object at 0x1291e7770>: [(2, 16816.968, 19317.504), (1, 19317.504, None), (7, 26780.184, None)]}",310.2741421688458,140187.55707618463,16816.968,12033.625739891993,1,137.25281131644994,16816.968,36005.007486734365,True,229.53518482866784,264.5231898896235,34.988005060955665
lamf-test-38f0df60-c850-46c3-8ecc-b21d5524ac44,"{<resource_manager.instance.OnPremInstance object at 0x1291e7770>: [(6, 16846.968, 18597.504), (2, 18597.504, None)]}",82.2505270696069,43308.764367086,16846.968,12036.734572151994,3,40.04650695870408,16846.968,29835.463999999996,True,50.16219636474255,63.538533926342545,13.376337561599996
lamf-test-ecaffeb0-92d2-4398-a844-9e4844c48df5,"{<resource_manager.instance.OnPremInstance object at 0x1291e7770>: [(3, 16876.968, 18387.504), (2, 18387.504, None), (4, 21378.576, None)]}",106.56838267415606,43202.46755654833,16876.968,12041.379001025494,1,28.212973762263292,16876.968,22065.572,True,39.18484690851014,45.12109818531014,5.936251276799998
lamf-test-3c60492c-5568-42f7-a13b-d4f3117a23dc,"{<resource_manager.instance.OnPremInstance object at 0x1291e7770>: [(6, 16906.968, 22368.576), (1, 22368.576, None)]}",288.51703100665657,139787.21248265382,16906.968,12044.451567944994,2,23.604249782746855,16906.968,26349.039,True,31.680754283536544,46.586599305136545,14.905845021600001
lamf-test-04f3f31f-b20f-4cb7-a3dd-c0c2f380b4cc,"{<resource_manager.instance.OnPremInstance object at 0x1291e7770>: [(4, 17056.968, None), (8, 17667.504, None)]}",63.69847192731158,26146.746684924554,17056.968,12047.951669702994,3,44.427068218115444,17056.968,20405.090327692524,True,53.681922476705864,67.99683625725092,14.314913780545048
lamf-test-b6b347a8-b100-462f-bbd1-cdcde8345e59,"{<resource_manager.instance.OnPremInstance object at 0x1291e7770>: [(4, 17146.968, 33470.184), (1, 33470.184, None), (7, 70646.61599999998, None)]}",310.4633474601291,139842.87916061727,17146.968,12052.185221186994,1,277.1659447866757,17146.968,72835.223,True,323.4381134687051,372.10125191990517,48.663138451200055
lamf-test-d4113937-9912-4267-ad39-f41249bcbcef,"{<resource_manager.instance.CloudOnDemandInstance object at 0x12920e780>: [(2, 17236.968, 19077.504), (1, 19077.504, None)]}",44.164232744169574,26376.707774818577,17236.968,12055.070069393994,3,5.599014373716632,17637.504,19086.18379979906,False,5.612216594112188,,
lamf-test-198ba68c-5a75-4dd3-95a5-23cb4a91c31d,"{<resource_manager.instance.OnPremInstance object at 0x1291e7770>: [(5, 18027.504, 19317.504), (1, 19317.504, None)]}",75.79076386942039,43224.72340323962,18027.504,12056.070069393994,2,14.783215188830273,18027.504,25022.935999999998,True,16.73884921280414,21.669092432004142,4.930243219199999
lamf-test-9bb4d80d-2aee-48e9-ac53-5a922312b6c8,"{<resource_manager.instance.OnPremInstance object at 0x1291e7770>: [(6, 18147.504, None)]}",62.348183689222225,26256.691852250224,18147.504,12060.057483360994,2,21.011139865365728,18147.504,23676.125,True,23.89386990756929,37.34832197316929,13.454452065599998
lamf-test-8fdaa8c6-0ab8-4102-bf2c-7c6a5957696b,"{<resource_manager.instance.OnPremInstance object at 0x1291e7770>: [(3, 18177.504, 29810.184), (2, 29810.184, None)]}",305.80076715201267,139456.4249122199,18177.504,12061.057483360994,3,66.67889573351586,18177.504,37268.945999999996,True,75.77087839379419,95.97607115219418,20.205192758399996
lamf-test-c89d3402-a23f-46ae-8720-cd373edbf82e,"{<resource_manager.instance.OnPremInstance object at 0x1291e7770>: [(3, 18207.504, None), (5, 19958.04, None)]}",59.063695813800784,26292.27061825154,18207.504,12063.386234803993,3,12.368405201916495,18207.504,20746.482999999997,True,17.581796334321947,22.270188385521934,4.688392051199986
lamf-test-d457b8b2-16f3-450b-ba2f-e7b966006e63,"{<resource_manager.instance.OnPremInstance object at 0x1291e7770>: [(6, 18267.504, 23729.112), (1, 23729.112, None)]}",308.6020686022321,139670.45028353107,18267.504,12064.579215289992,1,147.4448131416838,18267.504,48563.753,True,155.86239052399424,179.22669014239423,23.364299618399997
lamf-test-87f7683b-4f57-45f2-93ec-cd6117faec52,"{<resource_manager.instance.CloudReservedInstance object at 0x1294291d0>: [(2, 18297.504, None)]}",62.86965238334432,26673.724039676297,18297.504,12610.249376290993,1,0.8198342079245571,18297.504,21093.521989356595,True,5.457788556302324,7.712497462919482,2.254708906617158
lamf-test-95f36198-5f8e-46dc-93db-fc5d6a810881,"{<resource_manager.instance.OnPremInstance object at 0x1291e7770>: [(3, 18597.504, None), (7, 39680.184, None)]}",312.84764381313755,140406.13302105074,18597.504,12615.141540904993,2,68.00813018598058,18597.504,40511.979,True,74.5278400746286,103.5550056186286,29.027165543999995
lamf-test-067d037c-dcca-41c3-b8b9-a8b36009d0a4,"{<resource_manager.instance.CloudReservedInstance object at 0x1294344d0>: [(4, 19077.504, None)], <resource_manager.instance.CloudOnDemandInstance object at 0x12920e780>: [(1, 23129.112, None)]}",61.80548621708826,26935.077106975263,19077.504,12645.962578006993,2,30.018210700241365,19077.504,26368.791079075672,True,33.12946988017228,72.21331431142426,39.08384443125198
lamf-test-55d518fc-620c-44fe-a18a-2336d48b9fc1,"{<resource_manager.instance.OnPremInstance object at 0x1291e7770>: [(3, 19107.504, None), (5, 21498.576, None)]}",83.99778340603386,44016.28482719741,19107.504,12651.012708505492,3,37.68728268309377,19107.504,24709.364419089976,True,49.980262153349756,63.30808482521291,13.327822671863151
lamf-test-64282f81-8a38-42e2-8686-39f8e7fadae5,"{<resource_manager.instance.OnPremInstance object at 0x1291e7770>: [(5, 19257.504, None)]}",308.1387838586121,140475.14407222564,19257.504,12652.512533602992,2,,19257.504,23737.485,True,17.9279801240933,27.013381592093296,9.085401467999999
lamf-test-6ca33400-5b63-4867-9fb5-39d7d8646a8a,"{<resource_manager.instance.OnPremInstance object at 0x1291e7770>: [(6, 19287.504, 19808.04), (2, 19808.04, None)]}",105.93846150050236,43918.97357049291,19287.504,12658.523459806993,1,40.658086242299795,19287.504,28669.327999999998,True,56.04246710776483,64.49752034296483,8.455053235199998
lamf-test-e1a8ae4a-b274-4245-9dc7-b8b20b25f60b,"{<resource_manager.instance.OnPremInstance object at 0x1291e7770>: [(4, 19317.504, 21828.576), (2, 21828.576, None), (6, 59065.008, None)]}",307.3714712616934,140535.01723832666,19317.504,12659.959927447993,3,128.55297284964635,19317.504,62069.613,True,165.11368469085096,209.14318384605096,44.02949915519999
lamf-test-5f552717-b86e-4e0e-9794-6b12cd0fea27,"{<resource_manager.instance.OnPremInstance object at 0x1291e7770>: [(2, 19347.504, None)]}",43.981392744961866,27451.288932240474,19347.504,13214.307115786993,2,5.521407811767244,19347.504,27466.688932240475,False,22.071758711683017,,
lamf-test-0ee69e3c-f7ac-4d00-b4dc-243374763ca6,"{<resource_manager.instance.CloudOnDemandInstance object at 0x12920e780>: [(2, 19377.504, None)]}",95.71047451977611,44452.2408908611,19377.504,13223.158390732993,3,,19778.04,24909.872378854492,True,16.829776800835017,41.50192682317451,24.67215002233949
lamf-test-60d40a4b-09c7-4a73-b379-b1d85406ff0e,"{<resource_manager.instance.OnPremInstance object at 0x1291e7770>: [(4, 19808.04, None), (8, 20528.04, None)]}",57.165191884420324,27535.423601748495,19808.04,13237.238978791993,3,51.85620807665982,19808.04,24137.3768806157,True,70.25940005686877,88.9948925222015,18.735492465332722
lamf-test-87976d93-8677-4270-9b15-bf91d2c51eaa,"{<resource_manager.instance.OnPremInstance object at 0x1291e7770>: [(3, 19838.04, 22338.576), (1, 22338.576, None), (7, 25389.648, 27890.184), (1, 27890.184, None)]}",311.39111778496914,140994.28051980652,19838.04,13240.874940022994,2,30.86391879587464,19838.04,35833.227999999996,True,63.09737033956213,81.93467385316214,18.8373035136
lamf-test-68fc4f1f-0368-4356-8862-a5c873470b2b,"{<resource_manager.instance.OnPremInstance object at 0x1291e7770>: [(4, 19868.04, 23849.112), (2, 23849.112, None), (4, 37250.184, None)]}",313.35740939256686,141098.95578171394,19868.04,13241.874940022994,2,56.273044995778875,19868.04,39117.849,True,62.809642818927884,84.68463318212788,21.874990363200002
lamf-test-6ffd71d7-ab96-484d-939d-8341469b380b,"{<resource_manager.instance.OnPremInstance object at 0x1291e7770>: [(3, 20468.04, 24449.112), (2, 24449.112, None)]}",291.65416309527114,141085.73946775915,20468.04,13243.303085231993,3,93.64917180013688,20468.04,59680.751,True,125.34260247927595,158.76667644567596,33.424073966399995
lamf-test-20e1ba49-4666-4d28-9ab3-d9b988f76cc5,"{<resource_manager.instance.OnPremInstance object at 0x1291e7770>: [(6, 20768.04, 23279.112), (1, 23279.112, None), (7, 29240.184, None)]}",285.6765311197183,140630.03500303108,20768.04,13244.303085231993,1,56.30478120009126,20768.04,34704.691999999995,True,171.83700600806134,198.0969971888613,26.259991180799982
lamf-test-6012bbf1-8566-4834-b341-39822809aef2,"{<resource_manager.instance.CloudOnDemandInstance object at 0x129429310>: [(5, 20948.04, None)]}",93.62462651407313,44455.91219826321,20948.04,13249.706017744493,1,72.61347570157426,21348.576,44471.31219826321,False,106.74235616115583,,
lamf-test-92b1912c-cdf4-4496-9665-6c2a64a15900,"{<resource_manager.instance.CloudReservedInstance object at 0x129429450>: [(3, 21498.576, None)], <resource_manager.instance.CloudReservedInstance object at 0x1294291d0>: [(2, 21498.576, None)], <resource_manager.instance.CloudReservedInstance object at 0x1294344d0>: [(1, 27920.184, None)]}",99.7921660649438,44594.70550382107,21498.576,13250.706017744493,3,21.162801733972163,21498.576,32797.00206149545,True,44.65243165980011,70.45261573360749,25.80018407380738
lamf-test-3d2e4ca8-d6e8-4002-a809-14108f6da5be,"{<resource_manager.instance.OnPremInstance object at 0x1291e7770>: [(5, 21738.576, 26240.184), (1, 26240.184, None)]}",306.2018292174168,141014.68988059353,21738.576,13255.608736211492,2,34.145366764203004,21738.576,49063.571,True,64.32401106952298,82.71043786072298,18.3864267912
lamf-test-a7986f20-c88c-442a-a9bb-9d4e408bd120,"{<resource_manager.instance.OnPremInstance object at 0x1291e7770>: [(4, 22158.576, None)]}",50.00049139574834,27369.593089936337,22158.576,13264.401845900493,1,12.162484143280858,22158.576,24792.349000000002,True,27.841999163434494,32.1150324786345,4.273033315200002
lamf-test-bf2ee2bb-aeee-4553-ba75-b56c3562dc59,"{<resource_manager.instance.OnPremInstance object at 0x1291e7770>: [(2, 22338.576, None), (8, 23939.112, None)]}",94.73625576454592,44629.36077664211,22338.576,13265.401845900493,1,92.08525119780971,22338.576,28341.515047724934,True,124.48623549416888,143.6407370589412,19.154501564772325
lamf-test-404ab15a-5fdc-47da-96ca-6bf36dbfc057,"{<resource_manager.instance.OnPremInstance object at 0x1291e7770>: [(4, 22368.576, 29840.184), (1, 29840.184, None), (3, 36800.184, None)]}",285.63536765098837,141172.86538949204,22368.576,13267.604907945493,2,55.68054891189048,22368.576,41656.32,True,66.85300763784682,89.67651550344681,22.823507865599996
lamf-test-398c2e41-0ba6-4e76-8602-21bfa67e2257,"{<resource_manager.instance.CloudOnDemandInstance object at 0x12920e780>: [(5, 22518.576, None)]}",308.43937206382503,141685.0068344574,22518.576,13815.350870310493,2,172.22526321099116,22919.112,108352.59964155934,True,343.4904455659143,1300.4539751456593,956.9635295797451
lamf-test-58d64335-ff0b-41b5-93cb-bcafe6abca1b,"{<resource_manager.instance.OnPremInstance object at 0x1291e7770>: [(6, 22949.112, 23759.112), (2, 23759.112, None)]}",83.27713277836911,45101.30138145844,22949.112,13816.350870310493,2,14.323122231640859,22949.112,32952.42599999999,True,28.49244448886329,37.92127680566328,9.428832316799994
lamf-test-78749043-3668-43d0-99ce-4ee040f7f664,"{<resource_manager.instance.CloudReservedInstance object at 0x1294344d0>: [(1, 22979.112, None)], <resource_manager.instance.CloudReservedInstance object at 0x129429450>: [(1, 22979.112, None)]}",57.07835905715178,27937.248158464412,22979.112,13817.350870310493,2,3.1891385876043685,22979.112,27952.648158464413,False,17.623662310893838,,
lamf-test-59fd6bbc-b1e0-4afd-a720-743bb563c136,"{<resource_manager.instance.CloudReservedInstance object at 0x129429450>: [(2, 23009.112, None)], <resource_manager.instance.CloudOnDemandInstance object at 0x129429310>: [(1, 62125.008, None)]}",321.20760313523465,141499.81600823134,23009.112,13820.907770225493,2,79.36757861998,23009.112,103313.84655578992,True,215.50956856164956,306.1147268982192,90.60515833656966
lamf-test-4cc1e286-0e7f-464c-8240-c10883a7da2a,"{<resource_manager.instance.OnPremInstance object at 0x1291e7770>: [(4, 23279.112, 27770.184), (2, 27770.184, None), (8, 35240.184, None)]}",316.2330750787407,141412.46246871763,23279.112,13821.907770225493,3,50.04835044490075,23279.112,37160.420999999995,True,79.25569701117945,100.39015749597942,21.134460484799973
lamf-test-0aaede3d-34d4-43d5-b971-8a2a954407b0,"{<resource_manager.instance.OnPremInstance object at 0x1291e7770>: [(2, 23309.112, 25820.184), (1, 25820.184, None), (3, 40700.184, None)]}",291.4038438976179,141353.93837919418,23309.112,13825.920764058492,1,122.62457677389918,23309.112,53881.231,True,197.77586021750702,227.23310047670702,29.4572402592
lamf-test-a7598ecc-5cec-4bf9-9a0f-c71ca0dbae0e,"{<resource_manager.instance.OnPremInstance object at 0x1291e7770>: [(6, 23729.112, 26240.184), (1, 26240.184, None)]}",294.2224632206372,141552.38996175022,23729.112,13826.920764058492,3,22.9164681724846,23729.112,36657.64599999999,True,38.76172180393945,49.09798921033945,10.336267406399998
lamf-test-5c0e0bc7-fda1-478e-8de8-178b5b80a83c,"{<resource_manager.instance.OnPremInstance object at 0x1291e7770>: [(4, 23759.112, 24899.112), (2, 24899.112, None), (8, 27290.184, None)]}",109.02475346006189,45078.14322319828,23759.112,13827.920764058492,2,18.858152535160322,23759.112,28866.480000000003,True,22.629097696855453,32.81172787925546,10.182630182400008
lamf-test-95c3a7f0-6def-4a58-8473-af92a11ec586,"{<resource_manager.instance.OnPremInstance object at 0x1291e7770>: [(3, 23789.112, 29270.184), (2, 29270.184, 33260.184), (1, 33260.184, None), (5, 93257.68799999997, None)]}",312.05091942501133,141808.02142638195,23789.112,13829.725450469992,1,234.1402546201231,23789.112,95449.264,True,269.1414684006392,308.71593178623925,39.574463385600055
lamf-test-225e7631-1dba-46ce-9a30-f911bc78acd8,"{<resource_manager.instance.OnPremInstance object at 0x1291e7770>: [(5, 24209.112, None)]}",48.6051907309817,28229.117120238385,24209.112,13830.725450469992,1,30.669667351129362,24209.112,27106.871674642924,True,38.12551705173211,44.002173671907954,5.876656620175846
lamf-test-19917d27-b721-40ad-a37a-4370c7a734bc,"{<resource_manager.instance.OnPremInstance object at 0x1291e7770>: [(2, 24239.112, None)]}",301.1069329229973,141198.19668622068,24239.112,13836.877506516992,2,12.20884342062179,24239.112,43790.363,True,53.14948460774513,69.00945941894513,15.859974811199997
lamf-test-c5f3d318-ed60-437f-9c1e-4a6f0f18365e,"{<resource_manager.instance.OnPremInstance object at 0x1291e7770>: [(5, 24749.112, 30230.184), (1, 30230.184, None), (5, 35210.184, 36710.184)]}",302.37657057421836,141465.6271140831,24749.112,13845.925460028991,2,41.08499788308027,24749.112,44155.76299999999,True,56.19234903908527,75.99817789748528,19.805828858399998
lamf-test-68ff13a7-de65-4a50-8bee-581fe346b072,"{<resource_manager.instance.OnPremInstance object at 0x1291e7770>: [(4, 24869.112, None)]}",316.0799972187193,141370.64496894364,24869.112,13846.925460028991,1,31.619059091946156,24869.112,29978.959,True,54.016939158871374,62.30715493167137,8.290215772799996
lamf-test-e3ac6e81-3f29-40d1-91c8-119f86b94741,"{<resource_manager.instance.OnPremInstance object at 0x1291e7770>: [(2, 24899.112, None), (6, 36830.184, None)]}",292.3170995981352,141756.71472521411,24899.112,13848.043220965992,2,45.95167210700504,24899.112,41685.811,True,66.61942447797466,92.05344857397466,25.434024096
lamf-test-cd918581-b0d1-458e-92b2-5c59b3bd83b5,"{<resource_manager.instance.CloudReservedInstance object at 0x1291e7cb0>: [(2, 24929.112, None)], <resource_manager.instance.CloudOnDemandInstance object at 0x129429810>: [(1, 24929.112, 32810.184)], <resource_manager.instance.CloudReservedInstance object at 0x1294344d0>: [(1, 90737.68799999997, None)], <resource_manager.instance.CloudOnDemandInstance object at 0x12920e3f0>: [(1, 90737.68799999997, None)]}",301.10787935133226,141490.26177278775,24929.112,13849.443698101992,2,229.43063670565598,24929.112,105399.42765554725,True,255.78668836360936,413.655071624366,157.86838326075662
lamf-test-3231937d-3960-4134-90c2-f2e92cf6e932,"{<resource_manager.instance.CloudOnDemandInstance object at 0x129429810>: [(2, 24959.112, None)], <resource_manager.instance.CloudReservedInstance object at 0x1294291d0>: [(1, 39440.184, None)]}",109.51414052886817,44836.87419912738,24959.112,13854.334506247991,2,29.382622871826605,25359.648,44852.27419912737,False,47.27127317826826,,
lamf-test-5e0241b4-8be0-4af4-bde6-0b42fa40fc67,"{<resource_manager.instance.CloudOnDemandInstance object at 0x12920e780>: [(2, 25389.648, None)]}",98.3173256377796,45068.07009195834,25389.648,13863.697900534991,3,13.538781656399724,25790.184,32231.744745751887,True,20.814044401100873,51.32705904845598,30.51301464735511
lamf-test-d56ac58c-44ed-4cac-88e0-685510119191,"{<resource_manager.instance.OnPremInstance object at 0x1291e7770>: [(2, 25910.184, None)]}",70.70390367140996,27926.69631826284,25910.184,13864.697900534991,2,,25910.184,27942.09631826284,False,5.523692191553293,,
lamf-test-093fc8c1-409b-4af5-91bd-f1586aa318b7,"{<resource_manager.instance.OnPremInstance object at 0x1291e7770>: [(6, 26240.184, None)]}",48.98947611555658,28020.45631494116,26240.184,13866.05128500899,1,9.445585215605751,26240.184,28035.85631494116,False,28.268626450134605,,
lamf-test-412a625e-1641-430d-83ff-ad06d8ff7ded,"{<resource_manager.instance.OnPremInstance object at 0x1291e7770>: [(5, 26270.184, None)]}",48.58977843534464,28148.74042126926,26270.184,13867.05128500899,1,13.81473876340406,26270.184,28164.14042126926,False,24.91858398962522,,
lamf-test-499e704f-e77f-4d06-942d-f6729f7df6df,"{<resource_manager.instance.CloudReservedInstance object at 0x1294344d0>: [(3, 26480.184, 37160.184), (2, 37160.184, None)]}",295.12516285873096,141528.29970320003,26480.184,13870.747234830991,2,80.86437342537198,26480.184,65088.14343870171,True,110.37266521275167,206.39016699442715,96.01750178167548
lamf-test-b31f9afe-254c-4126-a484-8628eb9333c1,"{<resource_manager.instance.OnPremInstance object at 0x1291e7770>: [(6, 26660.184, None)]}",58.325064065435534,28591.83830577248,26660.184,14414.065809000991,1,30.2258726899384,26660.184,28808.396,False,33.81853251197809,,
lamf-test-893ff824-f1d2-4433-939e-c7c4d678a42b,"{<resource_manager.instance.OnPremInstance object at 0x1291e7770>: [(2, 26690.184, None)]}",291.47945752946964,142123.59044808368,26690.184,14415.300362070991,1,160.38697513118868,26690.184,61363.505,True,187.2238034071032,215.35080140230318,28.126997995199996
lamf-test-9ad3c991-d587-4e6c-87f0-aa8b942b2b5d,"{<resource_manager.instance.OnPremInstance object at 0x1291e7770>: [(6, 27890.184, 30890.184), (1, 30890.184, None), (3, 55703.4, None)]}",294.2702271699325,142257.05901224996,27890.184,14416.300362070991,2,63.312469204816104,27890.184,58163.87899999999,True,76.24183970302612,97.5987612422261,21.356921539199988
lamf-test-50bd9009-28ec-4253-bcf7-ae2b62692323,"{<resource_manager.instance.CloudReservedInstance object at 0x1291e7cb0>: [(2, 27920.184, None)], <resource_manager.instance.CloudOnDemandInstance object at 0x12920e780>: [(1, 27920.184, None)], <resource_manager.instance.CloudReservedInstance object at 0x1294344d0>: [(1, 37970.184, None)]}",96.71534015432012,45597.591917888625,27920.184,14418.602613307992,2,73.12916536928196,27920.184,45612.99191788862,False,91.94007541271382,,
lamf-test-65b278d1-c75b-4135-b5aa-f825706c680d,"{<resource_manager.instance.OnPremInstance object at 0x1291e7770>: [(4, 28100.184, None)]}",46.808209305960055,28651.063327300322,28100.184,14424.767959324992,1,,28100.184,28666.463327300324,False,5.9862214993341585,,
lamf-test-4e05654b-8014-4960-848f-0c1b470c0ee8,"{<resource_manager.instance.OnPremInstance object at 0x1291e7770>: [(5, 28130.184, None)]}",119.66024806020059,45627.163282263544,28130.184,14425.767959324992,3,14.60187086470454,28130.184,31588.39283088789,True,26.30016602698219,33.31341353602283,7.013247509040637
lamf-test-2b6c6b3a-28c9-458c-9ffa-76aefcc26451,"{<resource_manager.instance.OnPremInstance object at 0x1291e7770>: [(5, 28220.184, 35180.184), (1, 35180.184, None), (7, 57503.4, None)]}",317.28833254019617,142101.6733050781,28220.184,14428.471104707993,1,200.72294592744694,28220.184,62297.95438743977,True,255.7551990043544,294.481745490319,38.72654648596456
lamf-test-2f12deb2-00c6-45f2-bf9e-431fba73627e,"{<resource_manager.instance.OnPremInstance object at 0x1291e7770>: [(6, 28280.184, 28790.184), (2, 28790.184, None), (6, 34190.184, None)]}",93.49967154984164,45718.86080522924,28280.184,14432.556196496993,1,55.58065252110427,28280.184,35956.85799999999,True,74.53839622784986,85.89251602304984,11.354119795199974
lamf-test-f9efe039-70ce-49b9-a1a8-bee3de1d2b34,"{<resource_manager.instance.CloudReservedInstance object at 0x1294344d0>: [(1, 28340.184, None)], <resource_manager.instance.CloudReservedInstance object at 0x129429450>: [(1, 28340.184, None)], <resource_manager.instance.CloudReservedInstance object at 0x1294291d0>: [(2, 28340.184, None)], <resource_manager.instance.CloudOnDemandInstance object at 0x1291e7b60>: [(1, 28340.184, 35240.184), (1, 102298.22399999996, None)]}",307.9037058422363,141577.323138483,28340.184,14434.871749442993,3,250.72997186097783,28340.184,141592.723138483,False,420.07275720693866,,
lamf-test-8f4c62d4-1881-4ae7-91f8-3b9d5e4e648b,"{<resource_manager.instance.OnPremInstance object at 0x1291e7770>: [(6, 28400.184, None)]}",53.33256697567134,28567.057776613707,28400.184,14439.002679539994,2,,28400.184,28582.457776613708,False,0.7877598963591936,,
lamf-test-920c97be-abc7-45c8-bf90-73719c07896c,"{<resource_manager.instance.OnPremInstance object at 0x1291e7770>: [(3, 28430.184, None)]}",49.27955402462038,28645.008268324746,28430.184,14440.002679539994,2,,28430.184,28660.408268324747,False,0.7426533065151795,,
lamf-test-915cb3ce-20ce-43ae-8b31-7f523a6333eb,"{<resource_manager.instance.OnPremInstance object at 0x1291e7770>: [(2, 28460.184, None)]}",71.69092063889612,28478.34999436646,28460.184,14441.002679539994,3,,28460.184,28493.749994366462,False,0.1021096489967644,,
lamf-test-eb592d2c-c121-4645-b005-4e7f00d8eb14,"{<resource_manager.instance.OnPremInstance object at 0x1291e7770>: [(5, 28820.184, None)]}",65.43723826831173,28778.264669901815,28820.184,14444.451601939994,1,,28820.184,28835.584000000003,False,0.20261616852994535,,
lamf-test-821bad57-9b5b-4590-ab6a-b75593f800f8,"{<resource_manager.instance.OnPremInstance object at 0x1291e7770>: [(4, 28880.184, 33350.184), (1, 33350.184, None)]}",293.93899056747387,142311.6800327525,28880.184,14451.337654474994,3,100.41367100159702,28880.184,114190.03199999999,True,150.15567419575632,190.1964445445563,40.040770348799995
lamf-test-2ec8c349-ada1-458e-a7a4-ab9b6322b2cf,"{<resource_manager.instance.OnPremInstance object at 0x1291e7770>: [(4, 28940.184, None)]}",57.00450481534605,28608.521249962134,28940.184,14452.337654474994,2,,28940.184,28955.584000000003,False,0.05608928259916977,,
lamf-test-3d742955-a0c8-4cdc-8c38-f5e5804b4cff,"{<resource_manager.instance.OnPremInstance object at 0x1291e7770>: [(4, 29000.184, 33980.184), (2, 33980.184, None)]}",303.65987588610506,142294.3259377824,29000.184,14454.837346247994,1,52.64430755190509,29000.184,45885.39,True,116.92825507643165,134.66531018363165,17.7370551072
lamf-test-b18ea74a-e7ea-41d7-821c-d4f1a5e50746,"{<resource_manager.instance.OnPremInstance object at 0x1291e7770>: [(4, 29030.184, None), (8, 31640.184, None)]}",93.66823018165961,45373.86962952904,29030.184,14455.837346247994,3,68.44626967830253,29030.184,35977.68972817171,True,95.04915771246559,120.39512959262294,25.345971880157343
lamf-test-cf4eee4f-df46-4434-9c29-6bf0f44daf4d,"{<resource_manager.instance.OnPremInstance object at 0x1291e7770>: [(6, 29060.184, None)]}",53.667029478259835,28557.27616036831,29060.184,14457.293980767994,2,,29060.184,29075.584000000003,False,0.06655648787945527,,
lamf-test-7c801ce0-8eb2-4e0d-9312-eaf55e74d22a,"{<resource_manager.instance.OnPremInstance object at 0x1291e7770>: [(2, 29120.184, None), (10, 53633.4, None)]}",282.54429039316733,142166.38693165276,29120.184,14458.615137318993,2,75.60725132149358,29120.184,59104.79748673437,True,110.84740160859675,157.36290827523027,46.51550666663353
lamf-test-4d1918b0-1458-45e2-b527-a49166860d07,"{<resource_manager.instance.OnPremInstance object at 0x1291e7770>: [(6, 30020.184, None)]}",99.90881249240506,45598.082568232974,30020.184,14463.013773579993,2,15.169693016679606,30020.184,35199.784,True,22.38545354677882,34.99052810677882,12.605074559999997
lamf-test-4fd50982-b738-4cdf-bdb5-50cd3dff6874,"{<resource_manager.instance.OnPremInstance object at 0x1291e7770>: [(2, 30050.184, None)]}",66.98837614575113,28698.870681696186,30050.184,14464.232373492992,2,,30050.184,30065.584000000003,False,0.04186443429933729,,
lamf-test-308f236e-0576-4952-874f-b146870f6d77,"{<resource_manager.instance.OnPremInstance object at 0x1291e7770>: [(3, 30140.184, None)]}",296.126707886245,142000.10504935862,30140.184,14465.232373492992,3,,30140.184,42558.90899999999,True,56.667693360711795,71.77879794071178,15.11110457999999
lamf-test-17fee575-0b26-45f7-83d5-67d080c53e61,"{<resource_manager.instance.OnPremInstance object at 0x1291e7770>: [(5, 32600.184, 38060.184), (2, 38060.184, None)]}",339.37001802300927,142288.26839562927,32600.184,14466.232373492992,3,41.52407027150354,32600.184,52936.853,True,86.7797368621188,109.9205707549188,23.1408338928
lamf-test-c8945c61-1ea7-4681-928a-edc22713889d,"{<resource_manager.instance.CloudReservedInstance object at 0x12920e2c0>: [(1, 32810.184, None)], <resource_manager.instance.CloudReservedInstance object at 0x1291e7cb0>: [(1, 32810.184, None)], <resource_manager.instance.CloudOnDemandInstance object at 0x12920e780>: [(2, 32810.184, None)], <resource_manager.instance.CloudOnDemandInstance object at 0x12920e3f0>: [(1, 32810.184, None)]}",305.7727422550137,142294.75948020013,32810.184,14467.232373492992,2,367.2689766450141,32810.184,87658.66637331885,True,465.4703627061147,856.3535571878087,390.8831944816941
lamf-test-416bbbfd-81e6-4f7c-9a56-8c0e7175f623,"{<resource_manager.instance.CloudReservedInstance object at 0x1294344d0>: [(1, 32840.184, None)], <resource_manager.instance.CloudReservedInstance object at 0x129429450>: [(2, 32840.184, 46592.328), (1, 46592.328, None)]}",318.1012839054559,142128.8918886638,32840.184,14471.218465203992,2,55.807202785961294,32840.184,78633.38946045138,True,169.34429777632647,239.32839656046684,69.98409878414037
lamf-test-3e7fd149-2562-452d-b778-aa63ebe3ca13,"{<resource_manager.instance.CloudReservedInstance object at 0x129429450>: [(1, 32870.184, None)], <resource_manager.instance.CloudReservedInstance object at 0x1294291d0>: [(1, 32870.184, None)]}",306.14407437283273,142180.5521710889,32870.184,14472.218465203992,2,63.88871822074536,32870.184,120031.6843748576,True,243.24396088110416,307.604012757899,64.36005187679486
lamf-test-e18205c9-e6f7-4d1b-94fe-6bdf96998c05,"{<resource_manager.instance.OnPremInstance object at 0x1291e7770>: [(6, 33350.184, None)]}",110.9772195614234,45695.37796139807,33350.184,14476.387525903992,1,60.92402464065709,33350.184,38383.564,True,79.23869952087607,91.48793308887606,12.249233567999994
lamf-test-55230e23-b521-4f16-a8cb-73a7c6580475,"{<resource_manager.instance.OnPremInstance object at 0x1291e7770>: [(4, 33470.184, 36950.184), (1, 36950.184, None), (9, 42920.184, None)]}",312.3489385286271,142585.28386644414,33470.184,15019.635166948992,2,77.48199820071727,33470.184,53525.56535398863,True,100.69519816630307,151.77800893808097,51.08281077177789
lamf-test-56207b5b-5fb7-4cc8-b917-b36e1b064de2,"{<resource_manager.instance.OnPremInstance object at 0x1291e7770>: [(5, 34580.184, 41540.184), (1, 41540.184, None)]}",317.0752713451876,142737.71542533752,34580.184,15021.753243754993,2,48.0254883492609,34580.184,59424.134,True,64.13970217398393,85.50831229398393,21.36861012
lamf-test-2148cf4d-7170-4032-92ad-bc67bc5cec9e,"{<resource_manager.instance.OnPremInstance object at 0x1291e7770>: [(3, 34610.184, 42560.184), (2, 42560.184, None)]}",290.5571510371029,142464.4881385233,34610.184,15022.894007539993,3,77.08028291124799,34610.184,70846.641,True,122.32552133242072,154.94505525082073,32.6195339184
lamf-test-6f91592c-afdd-4bec-8b7a-080c324249f5,"{<resource_manager.instance.OnPremInstance object at 0x1291e7770>: [(5, 34760.184, None)]}",112.19170754417485,46171.58290408872,34760.184,15026.267458693994,3,46.31530914898472,34760.184,42865.64313235516,True,61.643160182182356,78.08103130259862,16.437871120416258
lamf-test-58f4bde2-1252-4878-b4ed-54f9ec3d6ddb,"{<resource_manager.instance.OnPremInstance object at 0x1291e7770>: [(3, 34790.184, 39260.184), (2, 39260.184, None), (6, 55883.4, None)]}",306.6623561408906,142876.63615806436,34790.184,15041.492393857994,3,70.96574948665297,34790.184,57257.65699999999,True,87.68801886074975,111.07105679354973,23.383037932799972
lamf-test-9fd69545-924f-4ce5-9308-d2123ccec4dc,"{<resource_manager.instance.OnPremInstance object at 0x1291e7770>: [(3, 35000.184, None)]}",61.631240803228884,29171.78976028214,35000.184,15049.861739020995,1,,35000.184,35015.583999999995,False,0.12297513118863707,,
lamf-test-927fb6c3-ba3c-488b-96a5-466be1c02fa9,"{<resource_manager.instance.OnPremInstance object at 0x1291e7770>: [(6, 35030.184, 39530.184), (1, 39530.184, None)]}",330.8093779162473,142613.66804085614,35030.184,15050.861739020995,1,111.4555473420032,35030.184,80720.612,True,186.7477249980987,214.4057625948987,27.658037596799996
lamf-test-1e5c4d41-c6bb-47f9-a0f9-f492c659a647,"{<resource_manager.instance.OnPremInstance object at 0x1291e7770>: [(6, 35180.184, 37670.184), (1, 37670.184, None)]}",295.19389174920065,142851.16236858745,35180.184,15051.861739020995,3,22.724161533196437,35180.184,51059.972,True,43.09040687504753,54.58096888784753,11.490562012800002
lamf-test-5fc71200-6539-46cf-9073-1ac0b6be235f,"{<resource_manager.instance.OnPremInstance object at 0x1291e7770>: [(5, 35960.184, 38960.184), (2, 38960.184, None), (6, 53363.4, None)]}",298.6298021940167,142528.0514189524,35960.184,15057.564002205994,2,51.1601018872184,35960.184,55555.691,True,66.59453123164987,91.47596588764986,24.88143465599999
lamf-test-d81a676f-ccce-4b38-95bc-838588f989f1,"{<resource_manager.instance.OnPremInstance object at 0x1291e7770>: [(3, 35990.184, None), (7, 40370.184, None)]}",93.67827368323229,46114.69679200137,35990.184,15064.387403313995,1,34.9760438056126,35990.184,40961.02,True,50.52317712373553,58.24919193973551,7.726014815999983
lamf-test-bff6c6c8-6ce7-4a14-8d30-c8d69887c972,"{<resource_manager.instance.OnPremInstance object at 0x1291e7770>: [(4, 36020.184, None)]}",62.55972404682857,29658.204994862717,36020.184,15623.630842002995,2,,36020.184,36035.583999999995,False,0.05608928259914327,,
lamf-test-8aea85bd-3d6c-4aba-b7de-dd2346b0e93e,"{<resource_manager.instance.OnPremInstance object at 0x1291e7770>: [(6, 36080.184, 40070.184), (2, 40070.184, None)]}",302.51103083949494,143262.8055120611,36080.184,15629.137041234995,1,172.83006342687656,36080.184,69375.387,True,221.0509858544376,254.53343052803763,33.4824446736
lamf-test-f3f23406-4146-4e8a-b0d6-831939b9a4ea,"{<resource_manager.instance.OnPremInstance object at 0x1291e7770>: [(5, 36110.184, None)]}",57.3172776265575,29665.590263875238,36110.184,15632.262014454995,1,,36110.184,36125.583999999995,False,0.20261616852984965,,
lamf-test-232b6ce2-ea24-476c-b62f-210ae1decc5b,"{<resource_manager.instance.OnPremInstance object at 0x1291e7770>: [(4, 36140.184, 41120.184), (1, 41120.184, None)]}",311.1617610976437,143363.3171392708,36140.184,15633.735020283995,2,48.33655051908724,36140.184,71866.032,True,80.52240898388658,101.07247693268658,20.550067948800002
lamf-test-28862540-93f6-42de-8ec4-72cbed9815ad,"{<resource_manager.instance.OnPremInstance object at 0x1291e7770>: [(6, 36170.184, 40670.184), (1, 40670.184, None), (3, 62995.008, None)]}",315.0001679546882,143054.27505791016,36170.184,15634.735020283995,3,75.02444900752909,36170.184,64370.165,True,83.39105939615179,105.62826272735178,22.237203331199996
lamf-test-5c2155b4-aa4a-428b-9192-860339f49ef5,"{<resource_manager.instance.OnPremInstance object at 0x1291e7770>: [(2, 36200.184, 40190.184), (1, 40190.184, None)]}",326.1375748222798,143413.715973879,36200.184,15639.006399250995,3,57.41338809034903,36200.184,94733.346,True,95.09949349760439,120.45888800480438,25.3593945072
lamf-test-8d46ff55-9a1d-4004-b52e-0bb94df560fe,"{<resource_manager.instance.OnPremInstance object at 0x1291e7770>: [(3, 36230.184, 40700.184), (2, 40700.184, None)]}",314.6188735020299,143317.831360389,36230.184,15641.980872964996,1,94.72448277435547,36230.184,59575.807,True,137.61649045554793,158.36749183314794,20.751001377599998
lamf-test-b036c054-ee21-47f6-aca9-95247c096cfe,"{<resource_manager.instance.OnPremInstance object at 0x1291e7770>: [(6, 36260.184, None)]}",40.69689972228568,29885.37143588601,36260.184,15647.994120616995,3,,36260.184,36275.583999999995,False,0.14054300707272807,,
lamf-test-12047e13-b691-4e4d-bcc8-16e2900e16aa,"{<resource_manager.instance.CloudReservedInstance object at 0x1294344d0>: [(1, 36290.184, None)], <resource_manager.instance.CloudReservedInstance object at 0x129429450>: [(1, 36290.184, None)], <resource_manager.instance.CloudReservedInstance object at 0x1294291d0>: [(1, 36290.184, None)], <resource_manager.instance.CloudOnDemandInstance object at 0x129429310>: [(1, 59185.008, None)]}",306.19560311302496,143062.51584279016,36290.184,15659.307082351996,1,488.93905361624417,36290.184,138266.03887762313,True,639.4229541295698,896.7151946936676,257.29224056409777
lamf-test-e050ad2a-f776-4985-ad86-c1f9e8bbb5cd,"{<resource_manager.instance.OnPremInstance object at 0x1291e7770>: [(3, 36320.184, 38330.184), (2, 38330.184, None), (8, 59665.008, None)]}",326.0139069441622,143151.76917371954,36320.184,15660.737724541996,3,148.61207392197124,36320.184,68735.70135398864,True,212.0413438890963,268.5846533616742,56.54330947257792
lamf-test-5a75690c-b8ed-48d0-b610-f947c287d86c,"{<resource_manager.instance.OnPremInstance object at 0x1291e7770>: [(5, 36710.184, None)]}",56.45454017440447,29817.350598292367,36710.184,15665.307942106996,3,,36710.184,36725.583999999995,False,0.11711917256060674,,
lamf-test-62ab7363-ee6e-4e41-9bd6-da86db171176,"{<resource_manager.instance.OnPremInstance object at 0x1291e7770>: [(6, 37220.184, 40220.184), (1, 40220.184, None), (11, 67436.61599999998, None)]}",317.6880653321237,143550.66307183143,37220.184,15677.959055014997,3,68.77546885694726,37220.184,69897.41500000001,True,113.69080538444035,144.00779109644049,30.316985712000132
lamf-test-e000b273-6e93-45bd-85e3-de8e007da692,"{<resource_manager.instance.OnPremInstance object at 0x1291e7770>: [(3, 37340.184, None), (7, 51452.328, None)]}",284.69120725614476,144150.17074118077,37340.184,16219.379544070496,3,143.6567830253251,37340.184,59275.98313326626,True,183.3949096245533,232.29931166428122,48.90440203972794
lamf-test-62c9483c-2445-4359-99d9-4d8c66a14529,"{<resource_manager.instance.OnPremInstance object at 0x1291e7770>: [(3, 37400.184, 41870.184), (2, 41870.184, None)]}",345.02192360533996,143945.83662248202,37400.184,16220.538350437997,2,14.419245652418628,37400.184,48823.091,True,33.320513073904,44.399807232304,11.0792941584
lamf-test-1f9296c3-4641-4962-ac2a-3bdd3909621e,"{<resource_manager.instance.OnPremInstance object at 0x1291e7770>: [(2, 37430.184, None)]}",333.675220822951,144058.3935916011,37430.184,16225.761229192996,2,,37430.184,45871.837,True,22.9483784023552,29.7962473159552,6.847868913599998
lamf-test-9673f22e-b964-4aa7-bb78-d1e21e110802,"{<resource_manager.instance.OnPremInstance object at 0x1291e7770>: [(3, 38060.184, None)]}",52.254300807909324,30390.21357014915,38060.184,16235.583726115996,1,,38060.184,38075.583999999995,False,0.12297513118863707,,
lamf-test-5f1a507d-a26f-433c-85e6-51ac89f0d432,"{<resource_manager.instance.OnPremInstance object at 0x1291e7770>: [(4, 38120.184, None)]}",64.02975273459877,30518.666975369622,38120.184,16242.892594771996,3,,38120.184,38135.583999999995,False,0.09369533804848537,,
lamf-test-b2a69e4a-f75e-4751-ad43-b2adf397fd45,"{<resource_manager.instance.OnPremInstance object at 0x1291e7770>: [(5, 38180.184, 38690.184), (2, 38690.184, None), (4, 41090.184, None)]}",99.34731245959347,47524.270266939675,38180.184,16245.373918249996,1,24.460415240702716,38180.184,42645.770628634964,True,44.513133471240565,51.279969090686606,6.766835619446045
lamf-test-396956b2-43cb-496d-8f0c-0ee7a61c67dd,"{<resource_manager.instance.OnPremInstance object at 0x1291e7770>: [(2, 38420.184, None)]}",82.48316532935924,47489.49672286861,38420.184,16269.809532283996,1,12.959160392425279,38420.184,43354.702,True,26.644670925545647,30.647551927145642,4.002881001599997
lamf-test-2b83bd20-9a87-454f-8bc9-f6503da1f9d0,"{<resource_manager.instance.OnPremInstance object at 0x1291e7770>: [(3, 38450.184, None)]}",93.14423892083788,47919.81383736255,38450.184,16824.924294406996,2,29.36153250552311,38450.184,47935.21383736254,False,30.59663875737154,,
lamf-test-33fae0e0-9739-4c13-8834-0589e7587a07,"{<resource_manager.instance.OnPremInstance object at 0x1291e7770>: [(2, 38480.184, None)]}",87.86109604520695,48063.14769552358,38480.184,16839.665975071995,2,7.747638815136363,38480.184,45348.55999999999,True,18.671472454228404,24.243099065428396,5.571626611199991
lamf-test-e5f8465a-4435-4b7a-801a-354ef982dcda,"{<resource_manager.instance.OnPremInstance object at 0x1291e7770>: [(3, 38690.184, 47642.328), (1, 47642.328, None), (5, 58574.472, None)]}",304.6031866584939,144642.70402901358,38690.184,16846.255316350995,1,167.09841113392653,38690.184,65553.42,True,213.70777458361846,246.01878886201845,32.311014278399995
lamf-test-fd51a7dd-bca8-4714-a851-595e00860b67,"{<resource_manager.instance.OnPremInstance object at 0x1291e7770>: [(3, 38960.184, None), (5, 40100.184, None)]}",86.19568247701017,48128.73027401597,38960.184,16854.571702810994,3,29.295003422313485,38960.184,43559.75441908997,True,47.29875025130392,59.91151634716706,12.612766095863137
lamf-test-56707fec-34cd-4c0e-a454-d4551f611032,"{<resource_manager.instance.OnPremInstance object at 0x1291e7770>: [(4, 39140.184, 44601.792), (1, 44601.792, None)]}",312.7950515260771,144673.17629923654,39140.184,16855.571702810994,3,39.31396760209902,39140.184,62485.80700000001,True,60.431130884477916,76.54580018767791,16.114669303200003
lamf-test-f14e2551-1aeb-4008-9226-cf172ac76d45,"{<resource_manager.instance.OnPremInstance object at 0x1291e7770>: [(2, 39170.184, None)]}",113.07976716267329,48049.33161499393,39170.184,16856.802350363992,2,5.301016031409091,39170.184,47027.827999999994,True,21.360767596464317,27.73488840926431,6.374120812799994
lamf-test-3bd57c11-f664-4998-9d53-96c6dc4f87c4,"{<resource_manager.instance.OnPremInstance object at 0x1291e7770>: [(4, 39530.184, 44571.792), (2, 44571.792, None), (6, 71876.61599999998, None)]}",326.99178124993756,144871.48439478606,39530.184,16862.607593369994,1,230.13119050878367,39530.184,75104.15800000001,True,268.96970811468606,309.7716144442861,40.80190632960008
lamf-test-43098e09-15cf-41fe-b455-41529b19decc,"{<resource_manager.instance.OnPremInstance object at 0x1291e7770>: [(4, 39560.184, None)]}",67.69762432994189,30925.75080446332,39560.184,16870.433385338994,1,,39560.184,39575.583999999995,False,0.16279564985924336,,
lamf-test-79b31340-0554-44ef-87de-f4504dbdfc60,"{<resource_manager.instance.OnPremInstance object at 0x1291e7770>: [(6, 40670.184, 43160.184), (1, 43160.184, None)]}",304.54338810954675,144321.71370569614,40670.184,16871.433385338994,1,39.19917864476386,40670.184,69648.106,True,113.73360057799073,130.53676574119072,16.8031651632
lamf-test-e846f77b-9785-4a57-980e-5e6be4c30da6,"{<resource_manager.instance.OnPremInstance object at 0x1291e7770>: [(3, 40700.184, None)]}",318.0816768556553,144765.72652120833,40700.184,16878.754374735996,3,142.39759069130722,40700.184,75098.29599999999,True,156.96149669176356,198.81711937336354,41.85562268159999
lamf-test-1bfc2de0-7e2f-450e-9736-96acfe81a2a7,"{<resource_manager.instance.OnPremInstance object at 0x1291e7770>: [(5, 41000.184, None)]}",88.34113338193856,48701.5808654171,41000.184,17429.524385073997,1,17.761806981519506,41000.184,45783.212,True,62.92979268385426,72.62977346785425,9.699980783999996
lamf-test-ff8adf42-1018-4980-bdfd-c498e4f1b637,"{<resource_manager.instance.OnPremInstance object at 0x1291e7770>: [(2, 41030.184, None)]}",50.99968955238831,31528.120523107515,41030.184,17433.188298393998,1,,41030.184,41045.583999999995,False,0.08315461251803077,,
lamf-test-9655ffad-b7de-4846-8625-1393b7fdfd45,"{<resource_manager.instance.OnPremInstance object at 0x1291e7770>: [(3, 41060.184, 44111.256), (2, 44111.256, None), (4, 49082.328, None)]}",323.69507710357215,145118.04021166943,41060.184,17442.762002785,1,51.20607437827972,41060.184,57755.81599999999,True,189.72858407483443,218.5814624876344,28.852878412799978
lamf-test-d1831f12-882c-4e14-bb62-b9776ced5649,"{<resource_manager.instance.OnPremInstance object at 0x1291e7770>: [(3, 41360.184, None)]}",62.263052342770514,31573.27402186687,41360.184,17443.762002785,3,,41360.184,41375.583999999995,False,0.07027150353636404,,
lamf-test-9c4c82a6-08d5-47bd-9589-83ce8af6f468,"{<resource_manager.instance.OnPremInstance object at 0x1291e7770>: [(6, 41420.184, 46412.328), (1, 46412.328, None)]}",291.9040113839834,145157.1109986037,41420.184,17450.282785453997,3,45.55915126625599,41420.184,62769.971000000005,True,70.43958780135372,89.22312944055372,18.783541639200003
lamf-test-0d7701be-3ce7-49c1-9391-e93bc28aface,"{<resource_manager.instance.OnPremInstance object at 0x1291e7770>: [(2, 41450.184, None)]}",74.93798997685712,31633.7898058907,41450.184,17456.354646958996,3,,41450.184,41465.583999999995,False,0.046847669024242686,,
lamf-test-df81467a-4b45-4bf0-9c71-c38863eca94a,"{<resource_manager.instance.OnPremInstance object at 0x1291e7770>: [(3, 41540.184, None), (9, 45032.328, None)]}",90.94794091988545,48658.52002849616,41540.184,17458.694010979998,2,13.77114391390306,41540.184,45831.50747735321,True,17.941370083985767,26.08037725535931,8.13900717137354
lamf-test-a691c5b1-12d1-40f2-af64-e72afc904125,"{<resource_manager.instance.OnPremInstance object at 0x1291e7770>: [(5, 41720.184, None)]}",99.92248787916859,48612.17111271456,41720.184,17459.694010979998,3,,41720.184,45685.434,True,30.15628564909879,38.19781264909879,8.041526999999999
lamf-test-08f07093-2907-4ba0-a255-32c22f0fcc78,"{<resource_manager.instance.OnPremInstance object at 0x1291e7770>: [(3, 41780.184, None)]}",298.09142219625704,145157.33097610198,41780.184,17466.100922192996,3,,41780.184,46475.16499999999,True,21.423595710700397,27.13644859150039,5.712852880799991
lamf-test-2809816c-7bfc-46e3-bb73-0ce9925ea853,"{<resource_manager.instance.OnPremInstance object at 0x1291e7770>: [(2, 41810.184, None)]}",50.90207279429441,32188.357255594936,41810.184,18024.574400723995,1,,41810.184,41825.583999999995,False,0.08315461251803077,,
lamf-test-327a626d-9865-47f8-8ba0-52996ec1940c,"{<resource_manager.instance.OnPremInstance object at 0x1291e7770>: [(4, 41840.184, None)]}",74.39841740073138,32165.760666074006,41840.184,18026.449385312997,1,,41840.184,41855.583999999995,False,0.16279564985924336,,
lamf-test-44149545-c52b-4763-ae20-c3268c37dc6f,"{<resource_manager.instance.OnPremInstance object at 0x1291e7770>: [(6, 41960.184, None)]}",109.24225266973586,49104.40623480201,41960.184,18028.348286441997,2,19.760119916824376,41960.184,47594.723999999995,True,24.351635923134417,38.0638524671344,13.712216543999986
lamf-test-457a1c73-20e1-45f7-a144-19901295fb3b,"{<resource_manager.instance.OnPremInstance object at 0x1291e7770>: [(4, 42200.184, None)]}",49.05334152829353,32196.456485446433,42200.184,18034.619125655998,1,,42200.184,42215.583999999995,False,0.16279564985924336,,
lamf-test-dd9abd19-48be-42ba-b1bc-fa915a5dcef1,"{<resource_manager.instance.OnPremInstance object at 0x1291e7770>: [(4, 42260.184, 45752.328), (2, 45752.328, None)]}",320.9475259671587,145720.79622502174,42260.184,18044.145648354,2,65.3300838575184,42260.184,76520.80500000001,True,96.3621256850666,126.9871686530666,30.625042968000006
lamf-test-6f2e770b-ffa0-4b22-be2e-700e1acc453c,"{<resource_manager.instance.OnPremInstance object at 0x1291e7770>: [(6, 42680.184, 46682.328), (1, 46682.328, None)]}",314.03861715723247,145553.0964902274,42680.184,18046.655728584,3,36.524243668720054,42680.184,54129.61554057982,True,47.85177814370647,60.61201560856564,12.760237464859175
lamf-test-32172143-1bae-4833-a5f0-e53bac6ac6d4,"{<resource_manager.instance.CloudReservedInstance object at 0x12920e520>: [(1, 42800.184, None)], <resource_manager.instance.CloudOnDemandInstance object at 0x129429810>: [(4, 42800.184, None)], <resource_manager.instance.CloudOnDemandInstance object at 0x12920e3f0>: [(1, 42800.184, None)]}",101.07515126388836,49243.82436453384,42800.184,18060.417441231,1,,42800.184,49259.22436453383,False,62.876048875224754,,
lamf-test-3b06725f-04eb-4610-a2d8-34a69a9c127f,"{<resource_manager.instance.OnPremInstance object at 0x1291e7770>: [(5, 43160.184, None), (7, 47162.328, None)]}",123.85755114021583,49272.84673503558,43160.184,18061.417441231,3,30.43686972393338,43160.184,48231.33739706547,True,49.948791185315464,63.26822175471253,13.31943056939706
lamf-test-73802176-7b43-45cb-be2f-758b39305344,"{<resource_manager.instance.CloudOnDemandInstance object at 0x12920e3f0>: [(2, 43190.184, None)], <resource_manager.instance.CloudOnDemandInstance object at 0x1291e7b60>: [(2, 43190.184, None)]}",57.80879755607951,32219.68691360188,43190.184,18062.417441231,3,,43590.72,43606.119999999995,False,2.108834638882522,,
lamf-test-bfb0cddb-1544-48a4-b06e-9eadc91468fd,"{<resource_manager.instance.OnPremInstance object at 0x1291e7770>: [(6, 43620.72, None)]}",95.51732021748852,49343.77794322573,43620.72,18064.194667066997,2,9.731111724757817,43620.72,47126.96062863496,True,15.153445578063256,23.68623277190929,8.532787193846033
lamf-test-3e227187-9182-4a9b-bf09-75d5b5a39b59,"{<resource_manager.instance.OnPremInstance object at 0x1291e7770>: [(2, 43650.72, None), (6, 56783.4, None)]}",320.9833484047092,145853.54250691851,43650.72,18065.194667066997,2,88.37747866159818,43650.72,67209.71374142841,True,109.10537466267186,153.58990750685876,44.484532844186894
lamf-test-0fdcad07-bf2d-4d92-8354-0c4ee7d909cf,"{<resource_manager.instance.CloudOnDemandInstance object at 0x12920e3f0>: [(2, 43680.72, None)], <resource_manager.instance.CloudOnDemandInstance object at 0x1291e7b60>: [(4, 43680.72, None)]}",57.46774388158159,32165.02910702982,43680.72,18068.989545884997,1,,44081.256,44096.655999999995,False,5.20882155803983,,
lamf-test-f86b8860-b2ed-456c-9f30-6f6a9139ebf4,"{<resource_manager.instance.OnPremInstance object at 0x1291e7770>: [(5, 44111.256, 48602.328), (2, 48602.328, None), (4, 62005.008, None)]}",305.1378797801942,146156.16423981977,44111.256,18070.295633261998,3,129.9724207164041,44111.256,70240.338,True,150.08396075747206,190.10560787747207,40.021647120000004
lamf-test-a37f5b70-4c4f-44b3-a817-99539c326610,"{<resource_manager.instance.CloudOnDemandInstance object at 0x12920e3f0>: [(2, 44141.256, None)], <resource_manager.instance.CloudOnDemandInstance object at 0x1291e7b60>: [(2, 44141.256, None)]}",57.694188998700625,32157.99633440659,44141.256,18071.295633261998,3,,44541.792,44557.191999999995,False,2.108834638882522,,
lamf-test-a0961e5f-36f8-49a0-be25-041d077e1525,"{<resource_manager.instance.OnPremInstance object at 0x1291e7770>: [(2, 44571.792, None)]}",302.7913218356865,145815.90230278624,44571.792,18075.448906875998,2,24.878369600600866,44571.792,58693.443999999996,True,38.38928391896422,49.84476802136422,11.455484102399996
lamf-test-e9e3c180-3644-4ec5-bd7f-fb857cf9758f,"{<resource_manager.instance.CloudOnDemandInstance object at 0x129429310>: [(5, 44601.792, None)]}",277.1468078662494,146378.98285632097,44601.792,18627.579864868,1,,45002.328,128794.57573905493,True,382.04447205847924,757.8347526385639,375.7902805800847
lamf-test-9329565e-0cc9-410e-9937-6b7537e158ae,"{<resource_manager.instance.CloudReservedInstance object at 0x1294291d0>: [(1, 45032.328, None)], <resource_manager.instance.CloudOnDemandInstance object at 0x129429810>: [(2, 45032.328, None)], <resource_manager.instance.CloudOnDemandInstance object at 0x12920e3f0>: [(2, 45032.328, None)], <resource_manager.instance.CloudOnDemandInstance object at 0x1291e7b60>: [(1, 45032.328, None)]}",289.93639360238836,146243.54459796665,45032.328,18629.324405397998,1,1131.8178270590913,45032.328,146258.94459796668,False,1139.3671957182346,,
lamf-test-f542227f-df52-4f0c-ae96-9700636101a5,"{<resource_manager.instance.CloudReservedInstance object at 0x1294344d0>: [(1, 45662.328, None)], <resource_manager.instance.CloudReservedInstance object at 0x1291e7cb0>: [(2, 45662.328, None)], <resource_manager.instance.CloudOnDemandInstance object at 0x12920e780>: [(1, 45662.328, None)], <resource_manager.instance.CloudOnDemandInstance object at 0x1291e7b60>: [(2, 45662.328, None)]}",98.85116440229747,49815.017304577275,45662.328,18634.528051425998,3,11.073085405734275,45662.328,49830.41730457727,False,29.58564669763569,,
lamf-test-9aa73522-f6c8-49a8-a56a-28cd17720766,"{<resource_manager.instance.OnPremInstance object at 0x1291e7770>: [(6, 45842.328, None)]}",99.02000673984057,49884.6119006151,45842.328,18646.870339993,1,25.03080082135524,45842.328,48598.476,True,43.38905133470227,50.09641310750228,6.707361772800003
lamf-test-20435df7-63e4-419e-8d22-d33076e8dcf2,"{<resource_manager.instance.OnPremInstance object at 0x1291e7770>: [(2, 45872.328, None), (4, 54053.4, None)]}",307.8323914198774,146383.40049187138,45872.328,18655.215401154997,2,41.32188973620837,45872.328,58364.35699999999,True,49.660403427383876,66.78803398898384,17.127630561599968
lamf-test-79eb9a19-2e44-423f-814a-791df0f7734e,"{<resource_manager.instance.OnPremInstance object at 0x1291e7770>: [(2, 45902.328, None)]}",110.61449386789155,49752.801658888624,45902.328,18657.262860262,3,11.68149669176363,45902.328,49957.9,False,12.337278880523233,,
lamf-test-7f97cbae-fe7b-4dba-87f8-0ca2882583a5,"{<resource_manager.instance.OnPremInstance object at 0x1291e7770>: [(4, 45932.328, None)]}",101.33638951109616,49773.573667494245,45932.328,18659.836583076998,2,14.095163873945875,45932.328,50007.376000000004,False,14.841981745270136,,
lamf-test-6c201a0a-e193-4746-b7c6-ff82b4d5eeef,"{<resource_manager.instance.OnPremInstance object at 0x1291e7770>: [(6, 45962.328, 50432.328), (1, 50432.328, None), (9, 57963.936, None)]}",319.4947582934635,147069.95487508283,45962.328,19225.041589875997,2,68.46282795867428,45962.328,64099.11118378298,True,78.51257900060318,117.32986175082695,38.81728275022377
lamf-test-4b6bc7a8-825f-4ed7-a11d-b9402493f256,"{<resource_manager.instance.OnPremInstance object at 0x1291e7770>: [(2, 45992.328, None)]}",315.0940754980354,146908.09839281815,45992.328,19230.466880958997,2,,45992.328,63075.234,True,46.43936336874591,60.2970167159459,13.857653347199996
lamf-test-0c64519c-480b-40a3-83cb-e32930215173,"{<resource_manager.instance.OnPremInstance object at 0x1291e7770>: [(4, 46022.328, 50012.328), (2, 50012.328, None), (4, 102148.22399999996, None)]}",305.2027703895845,146903.8765149476,46022.328,19242.957323157996,3,182.8759479808349,46022.328,105151.334,True,210.2828382386496,266.3572215698497,56.07438333120007
lamf-test-545db71e-0ac4-4fd9-bae7-0ae698ee188a,"{<resource_manager.instance.OnPremInstance object at 0x1291e7770>: [(5, 46412.328, 50402.328), (2, 50402.328, None)]}",303.0498265026395,147076.29023119065,46412.328,19243.957323157996,2,15.967175015950351,46412.328,54878.981,True,28.136820821107065,39.86000173470706,11.723180913599997
lamf-test-4f1fe545-8677-4a84-8abf-5cf06961f85c,"{<resource_manager.instance.OnPremInstance object at 0x1291e7770>: [(6, 46682.328, 48692.328), (2, 48692.328, None)]}",310.3840944895742,146813.0363691942,46682.328,19244.957323157996,2,8.686918223226783,46682.328,66761.488,True,57.80738326635287,77.35662185835287,19.549238591999995
lamf-test-6e9b564f-bd08-4a74-adb5-0f54b0e3a954,"{<resource_manager.instance.OnPremInstance object at 0x1291e7770>: [(2, 46712.328, None)]}",95.10170299612852,50427.15446177531,46712.328,19246.193391677996,2,,46712.328,50442.554461775304,False,10.140507833157585,,
lamf-test-cf5ee26c-33df-418f-9253-bf22cfb1db3e,"{<resource_manager.instance.CloudReservedInstance object at 0x1294344d0>: [(1, 46742.328, None)], <resource_manager.instance.CloudOnDemandInstance object at 0x1291e7b60>: [(2, 46742.328, None)]}",86.78911405093122,50335.13590804649,46742.328,19248.598754444996,3,,46742.328,50350.535908046484,False,12.80576741264247,,
lamf-test-20bd965c-e3af-463e-ad6b-f7ce4b078baa,"{<resource_manager.instance.OnPremInstance object at 0x1291e7770>: [(5, 47642.328, None)]}",49.20241958092055,33446.18995360839,47642.328,19250.738317835996,2,,47642.328,47657.727999999996,False,0.06162769304399561,,
lamf-test-d80357f1-4d3d-475b-a1da-53fbb3ddaa84,"{<resource_manager.instance.OnPremInstance object at 0x1291e7770>: [(6, 47702.328, 52793.4), (1, 52793.4, None), (11, 62725.008, None)]}",308.2995677163823,147053.9176432514,47702.328,19251.738317835996,1,151.8749185489391,47702.328,67039.583,True,243.93911704312106,281.35690950712103,37.41779246399999
lamf-test-0b008ed2-19e2-4099-a5b7-5ad49013ab38,"{<resource_manager.instance.OnPremInstance object at 0x1291e7770>: [(6, 47942.328, None)]}",98.70843455961634,50529.12295242646,47942.328,19255.098168693996,3,,47942.328,50544.52295242646,False,23.748071662573178,,
lamf-test-e31740c1-403e-4c71-8a7f-0330adf6a272,"{<resource_manager.instance.OnPremInstance object at 0x1291e7770>: [(5, 48242.328, None)]}",51.6673689623557,33336.82078564745,48242.328,19257.912293946996,1,,48242.328,48257.727999999996,False,0.20261616852984965,,
lamf-test-ff97215d-d288-4a40-9a08-b29190e7eee1,"{<resource_manager.instance.OnPremInstance object at 0x1291e7770>: [(4, 48272.328, None)]}",50.90199713640601,33313.66576342591,48272.328,19261.401289344994,1,,48272.328,48287.727999999996,False,0.16279564985924336,,
lamf-test-0b722e5a-870b-4bb2-acf4-7c5f987aee07,"{<resource_manager.instance.OnPremInstance object at 0x1291e7770>: [(4, 48302.328, None)]}",60.84882595404457,33401.69959442342,48302.328,19264.928819535995,3,,48302.328,48317.727999999996,False,0.09369533804848537,,
lamf-test-86bee4c0-8211-4364-b2b2-315ff254f448,"{<resource_manager.instance.OnPremInstance object at 0x1291e7770>: [(4, 48332.328, None)]}",60.879551145103115,33418.162117919615,48332.328,19265.928819535995,1,,48332.328,48347.727999999996,False,0.16279564985924336,,
lamf-test-1fb51fa6-4d43-412b-9a86-c51ec772c644,"{<resource_manager.instance.OnPremInstance object at 0x1291e7770>: [(5, 48422.328, None)]}",79.83864331738259,33661.76880340482,48422.328,19268.096453674996,3,,48422.328,48437.727999999996,False,0.11711917256060674,,
lamf-test-ea68f53d-4ebe-4fb8-83dd-aa5b6c6a2310,"{<resource_manager.instance.OnPremInstance object at 0x1291e7770>: [(4, 48482.328, None)]}",110.2774483129196,50508.932672168856,48482.328,19270.619639236997,3,10.586356376910791,48482.328,50524.33267216885,False,12.423786886722022,,
lamf-test-ed127e72-be6f-436a-8fe9-27a8ad06a858,"{<resource_manager.instance.OnPremInstance object at 0x1291e7770>: [(6, 48542.328, 57503.4), (1, 57503.4, None), (3, 67466.61599999998, None)]}",328.19458272409565,147187.36399868928,48542.328,19271.619639236997,3,96.93459274469538,48542.328,69927.66100000001,True,111.9078682789567,141.74941291575675,29.841544636800037
lamf-test-6250b41b-6866-44ee-9930-467c8f1f7d45,"{<resource_manager.instance.OnPremInstance object at 0x1291e7770>: [(6, 48602.328, None)]}",92.1601820634213,50492.529215676244,48602.328,19272.619639236997,3,15.879534565366185,48602.328,50571.585999999996,False,17.971781884553906,,
lamf-test-4c84a4d8-5052-4c6f-afd2-7c5df767217c,"{<resource_manager.instance.OnPremInstance object at 0x1291e7770>: [(6, 48662.328, None)]}",71.28909006291121,33371.14961165137,48662.328,19273.619639236997,1,,48662.328,48677.727999999996,False,0.24243668720045594,,
lamf-test-e1378e61-db93-479c-b4b7-359d51f2c742,"{<resource_manager.instance.OnPremInstance object at 0x1291e7770>: [(6, 48722.328, None)]}",52.48076757861521,33543.816376769944,48722.328,19281.490304272997,1,,48722.328,48737.727999999996,False,0.24243668720045594,,
lamf-test-56573715-8535-4ef6-86b5-dcb681b21f75,"{<resource_manager.instance.OnPremInstance object at 0x1291e7770>: [(2, 48752.328, None), (10, 64385.544, None)]}",309.32301155717374,147307.0495974959,48752.328,19283.379889159998,2,72.96873736622416,48752.328,69362.15646330862,True,82.709520505894,119.61335350650972,36.90383300061572
lamf-test-a8f2c75b-6fbc-476d-891d-92f88bfed8de,"{<resource_manager.instance.OnPremInstance object at 0x1291e7770>: [(6, 48782.328, None)]}",60.82789615796186,33529.44699634246,48782.328,19286.728162921998,2,,48782.328,48797.727999999996,False,0.06655648787942382,,
lamf-test-7c4919b0-6563-4e4b-a109-6e7eddf9dab2,"{<resource_manager.instance.OnPremInstance object at 0x1291e7770>: [(4, 48842.328, 51842.328), (2, 51842.328, None), (6, 72877.15199999997, None)]}",284.9077105670405,147562.8654476586,48842.328,19829.261849114,3,141.7440839607574,48842.328,81452.84535398862,True,186.5924326289591,236.34949165278147,49.75705902382236
lamf-test-2b8a61cc-a82b-4153-b888-886b130ebdcb,"{<resource_manager.instance.OnPremInstance object at 0x1291e7770>: [(6, 48902.328, 56843.4), (1, 56843.4, None)]}",288.0380279745152,147858.91602853936,48902.328,19833.716580578,1,139.0312114989733,48902.328,71745.442,True,166.946342535554,192.316003589954,25.369661054399998
lamf-test-ecb2683b-9e41-48ec-91a2-6a6d38c45b39,"{<resource_manager.instance.CloudReservedInstance object at 0x12920e520>: [(1, 49322.328, None)], <resource_manager.instance.CloudOnDemandInstance object at 0x129429810>: [(1, 49322.328, None), (2, 109528.22399999996, None)], <resource_manager.instance.CloudOnDemandInstance object at 0x129429310>: [(1, 109528.22399999996, None)], <resource_manager.instance.CloudOnDemandInstance object at 0x12920e780>: [(5, 109528.22399999996, None)]}",329.9077900544537,147793.73418114532,49322.328,19835.172203848997,3,91.57486652977406,49322.328,147809.13418114535,False,518.5680594139976,,
lamf-test-69f3610c-edfc-431a-ac62-c6c3e7603585,"{<resource_manager.instance.CloudReservedInstance object at 0x1294291d0>: [(2, 49442.328, None)], <resource_manager.instance.CloudOnDemandInstance object at 0x129429810>: [(3, 49442.328, None)]}",101.55343618416583,51067.85550389359,49442.328,19841.965091371996,1,,49442.328,51083.25550389358,False,9.941989845376476,,
lamf-test-db07f320-f70e-4581-b141-d95e0791351c,"{<resource_manager.instance.CloudReservedInstance object at 0x1294344d0>: [(1, 49862.328, None)], <resource_manager.instance.CloudReservedInstance object at 0x1291e7cb0>: [(2, 49862.328, None)], <resource_manager.instance.CloudOnDemandInstance object at 0x12920e780>: [(1, 49862.328, None)]}",67.5503798079176,33892.86881128662,49862.328,19843.763306806995,2,,49862.328,49877.727999999996,False,0.097774821283447,,
lamf-test-f73d4880-234f-4ef4-b427-8c893deb0ab7,"{<resource_manager.instance.CloudReservedInstance object at 0x1294344d0>: [(1, 49922.328, None)], <resource_manager.instance.CloudReservedInstance object at 0x1291e7cb0>: [(2, 49922.328, None)], <resource_manager.instance.CloudOnDemandInstance object at 0x12920e780>: [(1, 49922.328, None)], <resource_manager.instance.CloudOnDemandInstance object at 0x12920e3f0>: [(1, 49922.328, 65675.544)]}",289.55899307824876,147398.7681925388,49922.328,19846.330720612994,2,131.98124415583823,49922.328,65683.3737027306,False,132.03095505098034,,
lamf-test-870691de-e40a-44a6-b524-758dc9ee2699,"{<resource_manager.instance.OnPremInstance object at 0x1291e7770>: [(6, 50042.328, 55013.4), (1, 55013.4, None)]}",318.593861795503,147359.60290957236,50042.328,19851.510611890993,3,45.366844626967826,50042.328,59489.399,True,52.174965396608094,66.08803141020809,13.9130660136
lamf-test-787e33de-2c34-4cf0-bd9d-1f6b1a5da962,"{<resource_manager.instance.OnPremInstance object at 0x1291e7770>: [(3, 50072.328, None)]}",98.72547788684845,51257.93023523747,50072.328,19863.825879088992,1,7.665982203969884,50072.328,51273.33023523747,False,9.590481002352565,,
lamf-test-95b7467a-1a49-4273-9a59-d080cf448191,"{<resource_manager.instance.OnPremInstance object at 0x1291e7770>: [(6, 50432.328, 53423.4), (1, 53423.4, None), (3, 59395.008, None)]}",303.1008089718593,147556.11633454112,50432.328,19865.42906211199,1,63.89089664613279,50432.328,62398.37899999999,True,96.32520206859829,110.89902820299827,14.573826134399987
lamf-test-4b6ef0de-0d6b-4c17-a583-0b04e2222603,"{<resource_manager.instance.OnPremInstance object at 0x1291e7770>: [(6, 50582.328, None)]}",304.5800255914627,147824.69151346898,50582.328,19867.22441494999,2,,50582.328,62498.14399999999,True,51.49836773881452,80.4966975564145,28.99832981759998
lamf-test-dfcd1cfc-af92-4194-9a51-c980d70402e7,"{<resource_manager.instance.CloudReservedInstance object at 0x1294344d0>: [(1, 50612.328, None)], <resource_manager.instance.CloudOnDemandInstance object at 0x1291e7b60>: [(4, 50612.328, None)]}",104.89919658381315,51019.891039069305,50612.328,19874.77745786599,2,,50612.328,51035.2910390693,False,2.1564357186476872,,
lamf-test-3caf5282-95cc-4847-bdc6-12864fd51ff6,"{<resource_manager.instance.OnPremInstance object at 0x1291e7770>: [(2, 50642.328, None)]}",88.21646259362132,50847.63332931593,50642.328,19875.77745786599,1,,50642.328,50863.03332931593,False,1.1917315675283862,,
lamf-test-76f31f64-e074-4b6a-9579-e22c37b55e69,"{<resource_manager.instance.OnPremInstance object at 0x1291e7770>: [(5, 50672.328, None)]}",57.885218243385175,34123.03291700525,50672.328,19877.707619264987,3,,50672.328,50687.727999999996,False,0.11711917256060674,,
lamf-test-9e038649-678e-4ec1-8038-665a8a0ccdab,"{<resource_manager.instance.OnPremInstance object at 0x1291e7770>: [(6, 50702.328, 52793.4), (1, 52793.4, None), (7, 104578.22399999996, None)]}",305.1144082584737,147624.520072209,50702.328,19887.297473720988,1,178.6364280173396,50702.328,105951.295,True,207.66629629629702,238.21439451069713,30.54809821440011
lamf-test-816ecb3f-0729-4858-99cd-1237c929b94a,"{<resource_manager.instance.OnPremInstance object at 0x1291e7770>: [(6, 50762.328, 54743.4), (1, 54743.4, None)]}",325.447174391888,148061.15723482845,50762.328,20429.608746359987,1,62.67259137577002,50762.328,62685.444,True,85.02072644307552,97.93035630867553,12.909629865600003
lamf-test-9dd25f94-b2d8-4857-adb4-87c377066854,"{<resource_manager.instance.CloudReservedInstance object at 0x1294344d0>: [(1, 51062.328, None)], <resource_manager.instance.CloudOnDemandInstance object at 0x1291e7b60>: [(2, 51062.328, 66005.544), (1, 66005.544, None)]}",304.2337725718405,148494.4911336067,51062.328,20432.362497596987,2,64.55436321258853,51062.328,66015.57333727289,False,64.59186260781304,,
lamf-test-5d4708b4-be70-4e57-95c0-9df21e198378,"{<resource_manager.instance.CloudReservedInstance object at 0x1294291d0>: [(2, 51182.328, None)], <resource_manager.instance.CloudOnDemandInstance object at 0x129429810>: [(3, 51182.328, None)]}",119.73047030526563,51646.34832318264,51182.328,20434.41830349299,1,,51182.328,51661.74832318263,False,2.9046938231208737,,
lamf-test-fe21cf99-74f2-4c6e-92c0-836166b37c9b,"{<resource_manager.instance.OnPremInstance object at 0x1291e7770>: [(3, 51212.328, 53723.4), (2, 53723.4, None), (4, 64145.544, None)]}",306.6266107573227,148245.12365293267,51212.328,20436.06275533199,3,53.293032169746745,51212.328,66829.75300000001,True,67.65953000228163,85.70173664708165,18.042206644800025
lamf-test-af303474-9c6d-4cd6-af46-9ee1b2d1d0c4,"{<resource_manager.instance.CloudReservedInstance object at 0x1294291d0>: [(2, 51722.328, None)], <resource_manager.instance.CloudOnDemandInstance object at 0x129429810>: [(3, 51722.328, None)], <resource_manager.instance.CloudOnDemandInstance object at 0x1291e7b60>: [(1, 51722.328, None)]}",83.47238892971743,51624.332182942824,51722.328,20437.39253703899,3,,51722.328,51737.727999999996,False,0.06636753111767715,,
lamf-test-48887eaf-7764-41b1-8a24-eb297e7a4537,"{<resource_manager.instance.CloudReservedInstance object at 0x1294291d0>: [(2, 51842.328, None)], <resource_manager.instance.CloudOnDemandInstance object at 0x129429810>: [(3, 51842.328, None)], <resource_manager.instance.CloudOnDemandInstance object at 0x1291e7b60>: [(1, 51842.328, None)]}",92.60848910013964,51579.69440926795,51842.328,20439.44631351899,1,,51842.328,51857.727999999996,False,0.12336552843050574,,
lamf-test-70da499d-f492-45a5-857f-ba98849424d5,"{<resource_manager.instance.CloudOnDemandInstance object at 0x12920e780>: [(3, 51902.328, None)], <resource_manager.instance.CloudOnDemandInstance object at 0x1291e7b60>: [(1, 51902.328, None)]}",105.64492540905647,51537.46258321412,51902.328,20443.34556914999,3,,52302.864,52318.263999999996,False,2.319718102770774,,
lamf-test-41153241-bf67-4ba2-bd57-821911347a85,"{<resource_manager.instance.CloudReservedInstance object at 0x1294291d0>: [(2, 52332.864, None)], <resource_manager.instance.CloudOnDemandInstance object at 0x12920e780>: [(1, 52332.864, None)]}",99.23133172494114,51592.42661696978,52332.864,20444.34556914999,3,,52332.864,52348.263999999996,False,0.03903972418686891,,
lamf-test-6557112d-0dd1-4a4f-956a-4810ab29fb87,"{<resource_manager.instance.CloudOnDemandInstance object at 0x12920e780>: [(2, 52362.864, None)], <resource_manager.instance.CloudOnDemandInstance object at 0x129429810>: [(3, 52362.864, 63445.008)]}",284.1643475390076,147739.17760262985,52362.864,20451.61645778799,3,58.99688797627195,52763.4,63457.26095519491,False,59.03416215741093,,
lamf-test-9c88980c-fc13-42ba-ae80-9214e850b23c,"{<resource_manager.instance.OnPremInstance object at 0x1291e7770>: [(3, 52793.4, None)]}",56.88278421553064,34505.58110523766,52793.4,20455.96916925699,2,,52793.4,52808.799999999996,False,0.049677043187284775,,
lamf-test-599db447-ffc5-4f67-bbdb-15246291d10d,"{<resource_manager.instance.OnPremInstance object at 0x1291e7770>: [(4, 52823.4, None)]}",58.09494942769889,34361.01569926832,52823.4,20458.93292306799,3,,52823.4,52838.799999999996,False,0.09369533804848537,,
lamf-test-67a1a99a-4314-4946-83c9-ed2acd2c23fe,"{<resource_manager.instance.OnPremInstance object at 0x1291e7770>: [(2, 52853.4, None)]}",104.56386159081104,51673.42229116177,52853.4,20463.28844823999,2,,52853.4,52868.799999999996,False,0.04186443429931751,,
lamf-test-1bd3ea85-4b86-41d6-88ae-4d09629a5e9f,"{<resource_manager.instance.CloudReservedInstance object at 0x1294291d0>: [(2, 52883.4, None)], <resource_manager.instance.CloudOnDemandInstance object at 0x12920e780>: [(1, 52883.4, None)], <resource_manager.instance.CloudOnDemandInstance object at 0x1291e7b60>: [(2, 52883.4, None)]}",91.30297666017438,51608.56632405474,52883.4,20466.84799411899,2,,52883.4,52898.799999999996,False,0.09286064293784226,,
lamf-test-04e82c6f-21eb-4e35-8244-b06d0737db1d,"{<resource_manager.instance.OnPremInstance object at 0x1291e7770>: [(5, 52943.4, None)]}",95.5159501731966,51901.09336207337,52943.4,20467.84799411899,2,,52943.4,52958.799999999996,False,0.06162769304399561,,
lamf-test-227b9038-f251-4152-94eb-43a9fb1d09b6,"{<resource_manager.instance.CloudReservedInstance object at 0x1294291d0>: [(2, 53063.4, None)], <resource_manager.instance.CloudOnDemandInstance object at 0x12920e780>: [(1, 53063.4, None)], <resource_manager.instance.CloudOnDemandInstance object at 0x1291e7b60>: [(2, 53063.4, None)]}",66.25196628808428,34699.12111596693,53063.4,20470.48916353099,2,,53063.4,53078.799999999996,False,0.09286064293784226,,
lamf-test-b20c0974-09ea-4c80-b141-7811b8b20475,"{<resource_manager.instance.OnPremInstance object at 0x1291e7770>: [(2, 53093.4, None)]}",96.38631983638818,51567.438725367676,53093.4,20471.48916353099,1,,53093.4,53108.799999999996,False,0.08315461251803077,,
lamf-test-ab19fe1e-973b-44c8-a2b5-9c88f8dd630c,"{<resource_manager.instance.OnPremInstance object at 0x1291e7770>: [(5, 53183.4, 55673.4), (1, 55673.4, None), (9, 81487.15199999997, None)]}",310.22675767562004,148288.54831585553,53183.4,20473.43619059699,3,58.2002464065708,53183.4,82861.308,True,79.10154688569517,100.19490143289528,21.093354547200114
lamf-test-38119ffa-10d5-4f96-9e4f-d7aa2d684f4c,"{<resource_manager.instance.CloudReservedInstance object at 0x1294291d0>: [(2, 53243.4, None)], <resource_manager.instance.CloudOnDemandInstance object at 0x12920e780>: [(1, 53243.4, None)], <resource_manager.instance.CloudOnDemandInstance object at 0x1291e7b60>: [(2, 53243.4, None)]}",315.0920376046709,148330.1243135112,53243.4,20474.43619059699,2,439.2478695673062,53243.4,148345.5243135112,False,573.4574291240642,,
lamf-test-0edb2b7d-ea79-4551-a1d6-40e8f4f75204,"{<resource_manager.instance.OnPremInstance object at 0x1291e7770>: [(2, 53273.4, None)]}",49.09599477194767,34469.20703407322,53273.4,20476.79609241699,3,,53273.4,53288.799999999996,False,0.046847669024242686,,
lamf-test-fb5bb86a-097c-4cce-b52f-faf7de14091c,"{<resource_manager.instance.OnPremInstance object at 0x1291e7770>: [(5, 53423.4, 55433.4), (2, 55433.4, None)]}",310.7135837098068,148282.60055730122,53423.4,20485.79882640699,2,21.585965184383852,53423.4,67560.052,True,41.009551230088114,54.92297133248811,13.913420102399996
lamf-test-ffa00229-4854-4a3b-9050-ac62a552280b,"{<resource_manager.instance.OnPremInstance object at 0x1291e7770>: [(2, 53603.4, None), (6, 69236.61599999998, None)]}",328.09484391630104,148328.7537794934,53603.4,20487.13135944699,3,80.77638147387626,53603.4,73978.42954057983,True,105.25658274338547,133.32448413905897,28.06790139567349
lamf-test-404b381d-5a0f-4cbc-ae4f-02ebbbeb7a4d,"{<resource_manager.instance.OnPremInstance object at 0x1291e7770>: [(6, 54923.4, None)]}",54.32250531179826,35243.859702344584,54923.4,21030.76625616399,1,,54923.4,54938.799999999996,False,0.24243668720045594,,
lamf-test-1945932c-936e-4e58-b59b-8fc5fe0a5a90,"{<resource_manager.instance.OnPremInstance object at 0x1291e7770>: [(4, 54983.4, 57963.936), (1, 57963.936, None)]}",307.9539703217035,148771.7036129994,54983.4,21033.478734783992,1,31.507681496691763,54983.4,68877.352,True,62.2169667655335,71.4790699015335,9.262103136
lamf-test-05011c3e-5178-4e8c-a944-565636c84b62,"{<resource_manager.instance.OnPremInstance object at 0x1291e7770>: [(2, 55013.4, 60205.008), (1, 60205.008, None)]}",311.6110618417853,148523.72165640705,55013.4,21035.72083033599,2,14.113229352200866,55013.4,81242.768,True,56.79961114410127,69.54395900970127,12.744347865599998
lamf-test-01d3dab5-d631-4e94-b48f-123fd1e6d0ca,"{<resource_manager.instance.OnPremInstance object at 0x1291e7770>: [(3, 55043.4, None)]}",62.28353144846482,35139.78057526827,55043.4,21040.18166504199,1,,55043.4,55058.799999999996,False,0.12297513118863707,,
lamf-test-e42daae1-319e-4d66-892f-ff458cefa185,"{<resource_manager.instance.OnPremInstance object at 0x1291e7770>: [(5, 55103.4, 56603.4), (1, 56603.4, None), (9, 98188.22399999996, None)]}",331.8539601540227,148723.7318658689,55103.4,21046.19266651299,3,74.6594022359114,55103.4,101191.763,True,120.34407787664526,152.43523667504545,32.09115879840018
lamf-test-64767f79-cec9-4cb3-b8c5-46b3e86d20f8,"{<resource_manager.instance.OnPremInstance object at 0x1291e7770>: [(4, 55433.4, 57963.936), (1, 57963.936, None), (9, 124408.22399999996, None)]}",283.87618715962776,148611.86297827374,55433.4,21049.30613738499,2,144.03450206513884,55433.4,127141.34100000001,True,163.59655828415637,205.7374256553566,42.14086737120021
lamf-test-4f40bb80-4246-4e5c-807f-5b2f111e8553,"{<resource_manager.instance.OnPremInstance object at 0x1291e7770>: [(4, 55583.4, 59065.008), (1, 59065.008, None)]}",300.28901978300945,148618.89521551912,55583.4,21053.763397677987,3,34.782934063426836,55583.4,95978.82899999998,True,77.32945927446951,97.95026589126951,20.620806616799992
lamf-test-428fc4b3-a829-4902-849a-b2c3bb41b1dd,"{<resource_manager.instance.OnPremInstance object at 0x1291e7770>: [(6, 55673.4, None)]}",111.95659614535904,52167.45166140722,55673.4,21054.763397677987,3,,55673.4,55688.799999999996,False,0.14054300707272807,,
lamf-test-9638132b-b89e-4ce9-a020-504ebe7f7390,"{<resource_manager.instance.CloudReservedInstance object at 0x1294344d0>: [(1, 55703.4, None)], <resource_manager.instance.CloudOnDemandInstance object at 0x129429310>: [(2, 55703.4, None)]}",103.1682902438305,52021.81609774153,55703.4,21058.678101742986,2,,55703.4,55718.799999999996,False,0.057580144205371955,,
lamf-test-6ebb2b55-7f25-4fcc-998e-d62668ae8460,"{<resource_manager.instance.OnPremInstance object at 0x1291e7770>: [(6, 57323.4, None)]}",60.69367071554156,35396.36941928497,57323.4,21062.414339665986,2,,57323.4,57338.799999999996,False,0.06655648787942382,,
lamf-test-5704a2cc-027b-4370-a7eb-9804c4d8380a,"{<resource_manager.instance.OnPremInstance object at 0x1291e7770>: [(5, 57383.4, 62845.008), (1, 62845.008, None), (3, 65855.544, None)]}",328.518781280289,148562.48066984554,57383.4,21063.414339665986,3,114.02389231120222,57383.4,82976.415,True,150.28072096737392,190.35483650337392,40.074115535999994
lamf-test-4bdc3b38-4b50-41c5-90d1-8319dfa6ef3f,"{<resource_manager.instance.OnPremInstance object at 0x1291e7770>: [(5, 57413.4, None)]}",321.16833722466623,148915.23840383292,57413.4,21073.060585304986,2,,57413.4,72308.17,True,59.60586451436761,89.8124580743676,30.20659355999999
lamf-test-cbaeac35-da39-4580-bb48-6f69d435e1ef,"{<resource_manager.instance.CloudReservedInstance object at 0x1294344d0>: [(1, 57443.4, None)], <resource_manager.instance.CloudReservedInstance object at 0x12920e2c0>: [(3, 57443.4, None)], <resource_manager.instance.CloudOnDemandInstance object at 0x12920e780>: [(1, 57443.4, None)], <resource_manager.instance.CloudOnDemandInstance object at 0x129429810>: [(1, 57443.4, None)]}",59.97502759856391,35348.91152523659,57443.4,21074.060585304986,2,,57443.4,57458.799999999996,False,0.1354939091839828,,
lamf-test-faec5c90-186b-4555-954c-a8baf4f027a2,"{<resource_manager.instance.CloudReservedInstance object at 0x1294344d0>: [(1, 57503.4, None)], <resource_manager.instance.CloudReservedInstance object at 0x12920e2c0>: [(3, 57503.4, None)]}",104.23072108364673,52292.62240328314,57503.4,21075.473961780986,3,,57503.4,57518.799999999996,False,0.09369533804848537,,
lamf-test-0967a8c1-fdb4-4be1-a916-cc022480b089,"{<resource_manager.instance.CloudOnDemandInstance object at 0x12920e780>: [(1, 57533.4, None)], <resource_manager.instance.CloudOnDemandInstance object at 0x129429810>: [(1, 57533.4, None)]}",89.68473907463206,52070.34993095301,57533.4,21079.990593732986,1,,57933.936,57949.335999999996,False,1.8030536162445563,,
lamf-test-d392fb46-3ada-4299-920d-04b5ae462e49,"{<resource_manager.instance.CloudReservedInstance object at 0x1294344d0>: [(1, 57963.936, None)], <resource_manager.instance.CloudReservedInstance object at 0x12920e2c0>: [(3, 57963.936, None)]}",53.88118833696197,35203.65201334785,57963.936,21080.990593732986,2,,57963.936,57979.335999999996,False,0.08092420446277312,,
lamf-test-b4f2a445-161d-42de-8bf2-99cedcdf1a1d,"{<resource_manager.instance.OnPremInstance object at 0x1291e7770>: [(2, 57993.936, None)]}",317.30210148260704,148853.2498228155,57993.936,21081.990593732986,2,5.439853718976335,57993.936,76282.26,True,49.7162557495403,64.5517441783403,14.835488428799994
lamf-test-c7f36b6d-6d0e-497a-bed2-ab51e4200e00,"{<resource_manager.instance.CloudReservedInstance object at 0x1294344d0>: [(1, 58023.936, None)], <resource_manager.instance.CloudReservedInstance object at 0x12920e2c0>: [(3, 58023.936, None)], <resource_manager.instance.CloudOnDemandInstance object at 0x12920e780>: [(1, 58023.936, None)], <resource_manager.instance.CloudOnDemandInstance object at 0x129429810>: [(1, 58023.936, None)]}",67.30455789142538,35182.77896913612,58023.936,21083.562730238988,2,,58023.936,58039.335999999996,False,0.1354939091839828,,
lamf-test-902ad2da-a958-4f6f-a105-0cf09133c223,"{<resource_manager.instance.CloudReservedInstance object at 0x1294344d0>: [(1, 58083.936, None)], <resource_manager.instance.CloudReservedInstance object at 0x12920e2c0>: [(3, 58083.936, 66616.07999999999), (1, 66616.07999999999, None)]}",319.6161610919672,148750.07107266886,58083.936,21088.02414520499,3,51.91052703627643,58083.936,96432.02108148272,True,142.61230232407846,217.0197309913042,74.40742866722574
lamf-test-5c066d18-4f49-4722-a66a-a3c4e7ab30cb,"{<resource_manager.instance.CloudOnDemandInstance object at 0x12920e780>: [(1, 58113.936, None)], <resource_manager.instance.CloudOnDemandInstance object at 0x129429810>: [(1, 58113.936, None)], <resource_manager.instance.CloudOnDemandInstance object at 0x129429310>: [(1, 58113.936, None)]}",105.95282638563052,52227.29903429953,58113.936,21089.244497636988,3,,58514.472,58529.871999999996,False,1.159859051385387,,
lamf-test-03f57a47-31b2-463e-9964-32e1833cfbcd,"{<resource_manager.instance.OnPremInstance object at 0x1291e7770>: [(6, 58544.472, None)]}",98.51981663568804,52802.31060099493,58544.472,21637.87765445099,1,,58544.472,58559.871999999996,False,0.24243668720045594,,
lamf-test-b284ea68-a93a-41ac-9d3b-a2d0c0674e21,"{<resource_manager.instance.CloudOnDemandInstance object at 0x12920e780>: [(1, 58574.472, None)], <resource_manager.instance.CloudOnDemandInstance object at 0x129429810>: [(1, 58574.472, None)], <resource_manager.instance.CloudOnDemandInstance object at 0x12920e3f0>: [(1, 98998.22399999996, None)]}",312.0323931368153,149264.63730912394,58574.472,21642.82489466999,1,175.2341519507185,58975.008,107534.23099688363,True,236.25663713644101,392.3074923330145,156.0508551965735
lamf-test-274e2f12-b4e9-499b-9b88-36da25e54e24,"{<resource_manager.instance.OnPremInstance object at 0x1291e7770>: [(5, 59005.008, 66466.07999999999), (1, 66466.07999999999, None)]}",331.60036141298406,149393.0632352687,59005.008,21646.067856272988,1,144.23112936344944,59005.008,105855.85399999999,True,209.0035055137271,240.1110518641271,31.10754635039997
lamf-test-f483d0b8-ba08-4711-99f9-47af2ee222a5,"{<resource_manager.instance.OnPremInstance object at 0x1291e7770>: [(3, 59185.008, 61195.008), (1, 61195.008, None), (11, 97918.22399999996, None)]}",312.7927875459608,149614.5868018955,59185.008,21647.067856272988,2,97.66382705106074,59185.008,103318.69099999999,True,122.0974768130526,165.72333420505274,43.62585739200014
lamf-test-10d63afb-c09f-4af6-a622-71a25fae2fdf,"{<resource_manager.instance.OnPremInstance object at 0x1291e7770>: [(4, 59215.008, 62215.008), (1, 62215.008, None), (7, 94157.68799999997, None)]}",310.7244065884292,149002.4016418482,59215.008,21651.564784947986,2,88.56075995421337,59215.008,99282.81999999999,True,109.77727143043222,144.23045075203228,34.45317932160007
lamf-test-5168b562-8a76-449b-98c0-cc2731c9ca3c,"{<resource_manager.instance.OnPremInstance object at 0x1291e7770>: [(2, 59245.008, None), (4, 66916.07999999999, None)]}",309.5107801118846,149483.77431092918,59245.008,21656.719006758987,1,63.62907232489143,59245.008,71488.57223429972,True,114.44744704562646,131.79783775341826,17.350390707791814
lamf-test-ff254f04-4cb3-4cab-aa4a-5f045128d210,"{<resource_manager.instance.OnPremInstance object at 0x1291e7770>: [(3, 59305.008, None)]}",110.15545315677929,52780.178790780294,59305.008,21659.151587364988,3,,59305.008,59320.407999999996,False,0.07027150353636404,,
lamf-test-bc23b10d-c69c-4408-9782-8739fbb3209f,"{<resource_manager.instance.OnPremInstance object at 0x1291e7770>: [(3, 59335.008, 62815.008), (1, 62815.008, None), (7, 68786.61599999998, None)]}",310.0193593332558,149305.68556575544,59335.008,21663.14796055899,1,157.08103308236346,59335.008,79780.08130974005,True,277.01976211938097,319.34790656122556,42.328144441844586
lamf-test-8ac2f925-7afc-41fe-bb28-31766fc5fb67,"{<resource_manager.instance.OnPremInstance object at 0x1291e7770>: [(2, 59365.008, None)]}",78.91788247204538,35716.53801249957,59365.008,21669.945752808988,1,,59365.008,59380.407999999996,False,0.08315461251803077,,
lamf-test-8af4e2ac-cf32-4cee-877b-e9f4b759f7f3,"{<resource_manager.instance.OnPremInstance object at 0x1291e7770>: [(4, 59395.008, 61405.008), (2, 61405.008, None)]}",289.77114078776196,149045.7085838131,59395.008,21670.945752808988,3,12.229066849190051,59395.008,65880.825,True,25.8447547342003,32.736561484600294,6.891806750399996
lamf-test-068fc1f2-6deb-41a2-ae15-564e581e4490,"{<resource_manager.instance.OnPremInstance object at 0x1291e7770>: [(3, 59485.008, 61975.008), (2, 61975.008, None), (4, 77887.15199999997, None)]}",318.6864958169501,149036.8637358282,59485.008,21674.324352460986,1,105.80365229294989,59485.008,78992.23700000001,True,123.4527396760214,142.07983774482145,18.62709806880006
lamf-test-f3dda1e4-5862-4683-8e1d-465d2dca42c3,"{<resource_manager.instance.OnPremInstance object at 0x1291e7770>: [(4, 61405.008, 62905.008), (1, 62905.008, None), (7, 67886.61599999998, None)]}",305.16980399325007,149249.33373912494,61405.008,21680.210437951988,1,59.05084006388313,61405.008,78124.973,True,246.33681207696438,284.01237307536445,37.67556099840005
lamf-test-9a44ea70-cb8b-427c-9af4-a87498aeb7c6,"{<resource_manager.instance.OnPremInstance object at 0x1291e7770>: [(2, 62125.008, None)]}",116.40460154918469,53047.40996250844,62125.008,21681.52269476299,3,,62125.008,62140.407999999996,False,0.046847669024242686,,
lamf-test-9bda5a96-e4e1-4b91-bbbb-1dacf1ed28b2,"{<resource_manager.instance.OnPremInstance object at 0x1291e7770>: [(6, 62215.008, 70376.61599999998), (1, 70376.61599999998, None), (5, 108118.22399999996, None)]}",334.4551264679061,149481.9562474746,62215.008,21686.37433631599,3,131.8902669404515,62215.008,110581.62700000001,True,154.37169974903054,195.53672272343061,41.16502297440006
lamf-test-e68a5a0e-948d-450e-bd18-14ba76978e62,"{<resource_manager.instance.OnPremInstance object at 0x1291e7770>: [(2, 62245.008, None)]}",61.643354936762066,35814.88957956873,62245.008,21690.981842797988,2,,62245.008,62260.407999999996,False,0.04186443429931751,,
lamf-test-72ac3048-5fdb-4c21-afcd-eed6fe82e6d1,"{<resource_manager.instance.OnPremInstance object at 0x1291e7770>: [(3, 62365.008, None)]}",305.99164294117367,149523.351485435,62365.008,21693.05889863899,1,,62365.008,65854.571,True,27.865549851699704,32.111650110099696,4.246100258399994
lamf-test-947624f9-c308-44e1-a082-5eef08d3ec8d,"{<resource_manager.instance.OnPremInstance object at 0x1291e7770>: [(4, 62395.008, None)]}",93.19634223972996,53536.78616436754,62395.008,22245.346725235988,2,,62395.008,62410.407999999996,False,0.05608928259914327,,
lamf-test-fd42a6f7-5546-4968-b0ee-4f887fda9461,"{<resource_manager.instance.OnPremInstance object at 0x1291e7770>: [(5, 62425.008, 67406.61599999998), (2, 67406.61599999998, None)]}",313.44017426263486,149812.88411470244,62425.008,22249.00042923799,1,167.4907780059317,62425.008,111781.89899999999,True,305.1534928131415,351.2534234067415,46.099930593599964
lamf-test-1e1b6610-69b2-4869-80ff-74a807042404,"{<resource_manager.instance.OnPremInstance object at 0x1291e7770>: [(5, 62485.008, None)]}",310.82543279392,150215.99156893065,62485.008,22260.90737064799,3,41.53629933835256,62485.008,72627.288,True,77.13347022587268,97.70201406587267,20.568543839999997
lamf-test-aba1aa4f-f6ce-4af2-b868-ea5768a9b8b8,"{<resource_manager.instance.OnPremInstance object at 0x1291e7770>: [(5, 62605.008, None)]}",55.6474329845016,36401.87182112954,62605.008,22261.90737064799,3,,62605.008,62620.407999999996,False,0.11711917256060674,,
lamf-test-b37b6ec3-b4f6-4505-b5ff-6313155b88e1,"{<resource_manager.instance.OnPremInstance object at 0x1291e7770>: [(5, 62665.008, None)]}",92.20096869554938,53587.90075711015,62665.008,22263.98706947999,2,,62665.008,62680.407999999996,False,0.06162769304399561,,
lamf-test-aa0c06ad-8e28-471d-8a21-4c2106849993,"{<resource_manager.instance.OnPremInstance object at 0x1291e7770>: [(4, 62845.008, 65825.544), (1, 65825.544, None), (3, 71786.61599999998, None)]}",297.7430444733612,150302.68329738823,62845.008,22266.406598084992,1,170.53542322610065,62845.008,93233.525,True,279.89316647653817,321.9420640477382,42.04889757120001
lamf-test-ea317cde-8e65-4009-bbcb-6720d6ab3fc4,"{<resource_manager.instance.CloudOnDemandInstance object at 0x12920e780>: [(2, 63505.008, None)], <resource_manager.instance.CloudOnDemandInstance object at 0x129429810>: [(3, 63505.008, None)]}",322.00845242777757,150099.14676276833,63505.008,22268.249445776994,2,261.7581437339336,63905.544,126127.41754013053,True,321.01240308426236,735.6979990590067,414.6855959747444
lamf-test-d2030552-fada-4868-9884-3081a3d5e562,"{<resource_manager.instance.OnPremInstance object at 0x1291e7770>: [(4, 64145.544, None), (8, 75307.15199999997, None)]}",335.70235460840024,149915.09773188838,64145.544,22281.698265449995,3,117.1897969427331,64145.544,80474.62926549147,True,162.22702743310953,205.4867655989097,43.25973816580018
lamf-test-8b57f8ca-98cc-4c1b-8aa2-5b91c1f45b09,"{<resource_manager.instance.OnPremInstance object at 0x1291e7770>: [(2, 64175.544, None)]}",306.9047417051023,150259.31264881708,64175.544,22282.748811914997,2,13.513708905276275,64175.544,85707.631,True,58.53432737266422,76.00115634706421,17.466828974399995
lamf-test-a13d6194-2358-4887-a070-b00cd35c865e,"{<resource_manager.instance.OnPremInstance object at 0x1291e7770>: [(3, 64205.544, 69176.61599999998), (2, 69176.61599999998, None)]}",302.61921821621866,150192.40297536168,64205.544,22289.643836228995,2,16.035594703324307,64205.544,79595.123,True,44.35799092401558,58.858284212015576,14.500293287999995
lamf-test-ca1797e6-b093-4c70-86e8-71ffe0d25cca,"{<resource_manager.instance.CloudReservedInstance object at 0x1294344d0>: [(3, 65675.544, None)], <resource_manager.instance.CloudReservedInstance object at 0x1291e7cb0>: [(1, 65675.544, None)]}",87.62355008897632,53938.203523542004,65675.544,22834.445405396997,3,,65675.544,65690.94399999999,False,0.0858873932111116,,
lamf-test-7bd8b2d3-250f-4731-829c-d7a0653ffcb3,"{<resource_manager.instance.CloudReservedInstance object at 0x1294344d0>: [(3, 65765.544, None)], <resource_manager.instance.CloudReservedInstance object at 0x1291e7cb0>: [(1, 65765.544, 71036.61599999998)]}",301.8009690341694,150760.606887668,65765.544,22835.445405396997,3,29.397313864172098,65765.544,82410.55091978477,True,81.29754165237557,139.65438074269423,58.35683909031866
lamf-test-d11d15e3-c05e-424a-bab1-f5785ed94bc2,"{<resource_manager.instance.OnPremInstance object at 0x1291e7770>: [(4, 65945.544, None)]}",65.13660288894543,36973.800654495826,65945.544,22842.270008934996,1,,65945.544,65960.94399999999,False,0.16279564985924336,,
lamf-test-a7dc0f00-a53e-4f14-ba21-5c93f2b6c280,"{<resource_manager.instance.CloudReservedInstance object at 0x1294344d0>: [(1, 66005.544, None)], <resource_manager.instance.CloudReservedInstance object at 0x1291e7cb0>: [(3, 66005.544, 79147.15199999997), (1, 79147.15199999997, None), (1, 114568.22399999996, None)], <resource_manager.instance.CloudOnDemandInstance object at 0x12920e780>: [(3, 114568.22399999996, None)]}",278.74097160023985,150469.1399707847,66005.544,22848.752705778996,2,401.71947565989734,66005.544,147801.74679744148,True,483.11859311029514,896.8695614555689,413.7509683452738
lamf-test-88d97e0c-88fe-4c62-bc84-030e5f7776f1,"{<resource_manager.instance.CloudOnDemandInstance object at 0x12920e780>: [(1, 66035.544, None)], <resource_manager.instance.CloudOnDemandInstance object at 0x12920e3f0>: [(1, 66035.544, None)], <resource_manager.instance.CloudOnDemandInstance object at 0x1291e7b60>: [(1, 66035.544, 87757.15199999997)]}",304.4592028444548,150034.52180472406,66035.544,22849.752705778996,1,164.64524024640642,66436.07999999999,87768.40191038982,False,164.7085525415504,,
lamf-test-2586faa0-8afe-4587-9352-3a45415e951c,"{<resource_manager.instance.OnPremInstance object at 0x1291e7770>: [(3, 66466.07999999999, None)]}",52.1878736324701,37034.423091306235,66466.07999999999,22850.752705778996,2,,66466.07999999999,66481.47999999998,False,0.049677043187284775,,
lamf-test-096a164d-3416-42b7-999a-d92269a9a7ca,"{<resource_manager.instance.OnPremInstance object at 0x1291e7770>: [(6, 66496.07999999999, 71486.61599999998), (1, 71486.61599999998, None), (7, 87397.15199999997, None)]}",310.89137174012484,151029.06952913274,66496.07999999999,22854.031324835996,3,117.69418206707718,66496.07999999999,95500.4861769943,True,168.34804991399272,213.24003046270388,44.89198054871116
lamf-test-debb5ae3-8ca9-424a-a1fe-ae626817d5d4,"{<resource_manager.instance.CloudReservedInstance object at 0x1294344d0>: [(1, 66616.07999999999, None)], <resource_manager.instance.CloudReservedInstance object at 0x12920e2c0>: [(1, 66616.07999999999, None)], <resource_manager.instance.CloudOnDemandInstance object at 0x1291e7b60>: [(2, 66616.07999999999, None)]}",50.08229655297103,37082.79732239388,66616.07999999999,22856.945172620995,3,,66616.07999999999,66631.47999999998,False,0.07807944837373781,,
lamf-test-9f4c8a2a-2fe4-4712-9592-1f90f46792d9,"{<resource_manager.instance.OnPremInstance object at 0x1291e7770>: [(5, 66796.07999999999, 69776.61599999998), (2, 69776.61599999998, None)]}",322.9477688777042,150287.449491931,66796.07999999999,22857.945172620995,1,39.21459639516303,66796.07999999999,81688.15,True,103.53271290592438,119.23987629472438,15.707163388799996
lamf-test-81195703-aa5f-481d-abd3-346d6a96d7d8,"{<resource_manager.instance.CloudReservedInstance object at 0x1294344d0>: [(1, 66826.07999999999, None)], <resource_manager.instance.CloudReservedInstance object at 0x12920e2c0>: [(1, 66826.07999999999, None)]}",57.90728747613712,37064.08384198931,66826.07999999999,22861.118396289996,2,,66826.07999999999,66841.47999999998,False,0.06249432255097671,,
lamf-test-292ff255-562b-496c-972f-f8340f6cddab,"{<resource_manager.instance.OnPremInstance object at 0x1291e7770>: [(2, 66856.07999999999, None)]}",321.5271161172489,150609.03938848697,66856.07999999999,22864.513002858996,1,119.23295824777537,66856.07999999999,99353.16499999996,True,175.47289033386556,201.83452568586554,26.361635351999983
lamf-test-3943f80b-7a33-4e35-a8a4-f3b6aa99c52d,"{<resource_manager.instance.OnPremInstance object at 0x1291e7770>: [(3, 66886.07999999999, None)]}",31.751233670300554,36957.13267743535,66886.07999999999,22865.547069825996,1,,66886.07999999999,66901.47999999998,False,0.12297513118863707,,
lamf-test-03badbdc-4aa8-4cd2-98f8-bfe0e4080cef,"{<resource_manager.instance.CloudReservedInstance object at 0x1294344d0>: [(1, 66916.07999999999, None)], <resource_manager.instance.CloudReservedInstance object at 0x12920e2c0>: [(1, 66916.07999999999, None)]}",46.039696363479905,36890.76792244584,66916.07999999999,22866.547069825996,2,,66916.07999999999,66931.47999999998,False,0.06249432255097671,,
lamf-test-e0a17229-9bf9-416c-a5a2-49e15e4b17e7,"{<resource_manager.instance.CloudOnDemandInstance object at 0x1291e7b60>: [(2, 66946.07999999999, None)]}",300.8789137634496,151095.37614006994,66946.07999999999,22867.547069825996,3,27.421242680051684,67346.61599999998,151110.77614006997,False,170.68917005616646,,
lamf-test-0b1411aa-7440-4517-bbd4-2bffa1461af4,"{<resource_manager.instance.OnPremInstance object at 0x1291e7770>: [(2, 67376.61599999998, None)]}",54.09958144079154,37173.000254636245,67376.61599999998,22868.547069825996,1,,67376.61599999998,67392.01599999997,False,0.08315461251803077,,
lamf-test-8a7888d4-6626-4d18-8e7e-6823cdaffb96,"{<resource_manager.instance.OnPremInstance object at 0x1291e7770>: [(6, 67406.61599999998, None)]}",94.8282048828368,54175.04226543095,67406.61599999998,22870.182858979497,3,,67406.61599999998,67422.01599999997,False,0.14054300707272807,,
lamf-test-8f5d07e8-2d0c-4ca5-874d-d1e790990809,"{<resource_manager.instance.OnPremInstance object at 0x1291e7770>: [(6, 67526.61599999998, 69536.61599999998), (1, 69536.61599999998, None), (3, 75517.15199999997, None), (8, 78247.15199999997, None)]}",302.97405507839164,150689.01357528337,67526.61599999998,22871.218224028496,1,274.89389550536157,67526.61599999998,87358.8188108697,True,366.915726833423,423.01042493688817,56.09469810346517
lamf-test-fd11e4ea-cdef-4f38-a062-f8e8f6529d33,"{<resource_manager.instance.OnPremInstance object at 0x1291e7770>: [(6, 69446.61599999998, None)]}",323.9849795842166,150814.35351365115,69446.61599999998,22872.824218939495,1,194.74491991786437,69446.61599999998,85004.80123429968,True,244.92694071792823,282.78934030412,37.862399586191756
lamf-test-8c42c6bf-e604-4e96-bc18-75bc6db194f5,"{<resource_manager.instance.OnPremInstance object at 0x1291e7770>: [(2, 69476.61599999998, None)]}",304.5244415439068,150325.02490506315,69476.61599999998,22873.824218939495,2,,69476.61599999998,75449.92399999997,True,16.23825716335596,21.08380461295595,4.845547449599992
lamf-test-2ee801ff-df94-45c9-b634-a465808c37ee,"{<resource_manager.instance.OnPremInstance object at 0x1291e7770>: [(4, 69506.61599999998, None)]}",44.045311418522864,36974.7547783965,69506.61599999998,22875.699696851494,3,,69506.61599999998,69522.01599999997,False,0.09369533804848537,,
lamf-test-c4cd6d33-84be-4a0d-a794-48962ad9461f,"{<resource_manager.instance.OnPremInstance object at 0x1291e7770>: [(4, 69536.61599999998, None)]}",92.44374551049617,54118.299791485886,69536.61599999998,22876.699696851494,1,,69536.61599999998,69552.01599999997,False,0.16279564985924336,,
lamf-test-b19f4d76-0891-41df-b5fe-36ccd74b9a06,"{<resource_manager.instance.OnPremInstance object at 0x1291e7770>: [(3, 69566.61599999998, None)]}",47.2527689810787,36981.20768084099,69566.61599999998,22878.437040834495,3,,69566.61599999998,69582.01599999997,False,0.07027150353636404,,
lamf-test-9953a2a0-1d7c-4068-bf98-538acafc2ac3,"{<resource_manager.instance.OnPremInstance object at 0x1291e7770>: [(6, 69626.61599999998, 73597.15199999997), (2, 73597.15199999997, None), (4, 85537.15199999997, None)]}",299.47595690366575,150279.76339285175,69626.61599999998,22883.616783798494,2,67.05012754461664,69626.61599999998,92951.37499999999,True,96.77772580891478,134.1694033113148,37.391677502400015
lamf-test-783eef72-16ea-4bd4-8850-a7549496bd66,"{<resource_manager.instance.OnPremInstance object at 0x1291e7770>: [(3, 69686.61599999998, None)]}",99.85904399571011,54154.794197718176,69686.61599999998,22885.653602850492,2,,69686.61599999998,69702.01599999997,False,0.049677043187284775,,
lamf-test-59f36aea-6cbc-457b-81ba-431f79f73291,"{<resource_manager.instance.CloudReservedInstance object at 0x1294344d0>: [(1, 69716.61599999998, None)], <resource_manager.instance.CloudReservedInstance object at 0x12920e2c0>: [(1, 69716.61599999998, None)]}",94.81833183066266,54182.51555091177,69716.61599999998,22887.57166803349,3,,69716.61599999998,69732.01599999997,False,0.046847669024242686,,
lamf-test-55529a16-b241-4348-bd90-45ddc000d26d,"{<resource_manager.instance.OnPremInstance object at 0x1291e7770>: [(3, 69776.61599999998, None)]}",53.211716625419925,37004.45273680338,69776.61599999998,22888.57166803349,2,,69776.61599999998,69792.01599999997,False,0.049677043187284775,,
lamf-test-b86de886-591a-45ec-903b-6a80c96225dd,"{<resource_manager.instance.OnPremInstance object at 0x1291e7770>: [(6, 69926.61599999998, None)]}",41.149547064693905,36873.26471301782,69926.61599999998,22889.57166803349,3,,69926.61599999998,69942.01599999997,False,0.14054300707272807,,
lamf-test-9805f54e-1cae-487c-b904-2cb93c2a7afb,"{<resource_manager.instance.OnPremInstance object at 0x1291e7770>: [(3, 69986.61599999998, 74467.15199999997), (1, 74467.15199999997, None)]}",328.01417674151406,150537.0616475906,69986.61599999998,22891.92220598649,3,20.445065023956158,69986.61599999998,80429.10499999998,True,29.513363753897607,37.3834480954976,7.870084341599995
lamf-test-65e3ea29-e28c-4094-b1d4-e102c2738358,"{<resource_manager.instance.OnPremInstance object at 0x1291e7770>: [(3, 70016.61599999998, None)]}",53.51848203740168,37013.50606906544,70016.61599999998,22893.30346946949,1,,70016.61599999998,70032.01599999997,False,0.12297513118863707,,
lamf-test-720b43f5-e992-4463-8b62-736d9e2ae936,"{<resource_manager.instance.OnPremInstance object at 0x1291e7770>: [(2, 70046.61599999998, None)]}",92.64800719218381,53998.71173808159,70046.61599999998,22897.588062677492,2,,70046.61599999998,70062.01599999997,False,0.04186443429931751,,
lamf-test-ca0b2ac7-3ce2-4e8c-a6e1-096d01ef9a8a,"{<resource_manager.instance.OnPremInstance object at 0x1291e7770>: [(6, 70076.61599999998, 76747.15199999997), (2, 76747.15199999997, None)]}",322.6901850057595,150868.4180095644,70076.61599999998,22898.588062677492,1,169.5405740360482,70076.61599999998,99114.93799999998,True,225.7900797018784,260.1682441146784,34.37816441279999
lamf-test-47c1fe4b-c260-4538-9b53-fe9eeae00c5f,"{<resource_manager.instance.OnPremInstance object at 0x1291e7770>: [(2, 70106.61599999998, None), (8, 90707.68799999997, None)]}",307.40827687661385,151123.99975611805,70106.61599999998,23441.56964564749,3,91.87336527492579,70106.61599999998,94747.37099999997,True,124.11434177503995,157.21088562943996,33.096543854400004
lamf-test-18cbb634-7aef-4481-9ee7-fe1e8a16d0ba,"{<resource_manager.instance.OnPremInstance object at 0x1291e7770>: [(5, 70136.61599999998, None)]}",52.226498354671556,37562.6174096977,70136.61599999998,23442.58299109849,3,,70136.61599999998,70152.01599999997,False,0.11711917256060674,,
lamf-test-6a7cd0bb-34c7-4263-9cc7-17fa07eb0a15,"{<resource_manager.instance.OnPremInstance object at 0x1291e7770>: [(4, 70166.61599999998, None)]}",298.21973828332,151037.84619855118,70166.61599999998,23445.09346276549,1,96.83736436230883,70166.61599999998,82317.43199999997,True,128.44805110654792,148.1615349849479,19.713483878399988
lamf-test-9293cd6c-713f-41c3-8b50-410b94532b8e,"{<resource_manager.instance.OnPremInstance object at 0x1291e7770>: [(4, 70286.61599999998, 72877.15199999997), (1, 72877.15199999997, None), (5, 79837.15199999997, None)]}",276.94819521132933,151237.3669207545,70286.61599999998,23446.09346276549,2,31.879795274397804,70286.61599999998,91557.10781086971,True,94.23835953444922,129.7859056021818,35.54754606773258
lamf-test-2ef3ba74-0be9-4758-9e8b-663933377574,"{<resource_manager.instance.OnPremInstance object at 0x1291e7770>: [(4, 70316.61599999998, 72877.15199999997), (2, 72877.15199999997, None)]}",315.97195408362086,151419.34480584296,70316.61599999998,23451.27776214749,3,80.49770476842338,70316.61599999998,98199.51999999997,True,92.61066240778761,117.3063809357876,24.69571852799999
lamf-test-abc545e6-fca4-4495-82db-38cb26110a9d,"{<resource_manager.instance.OnPremInstance object at 0x1291e7770>: [(5, 70346.61599999998, None)]}",106.90985136127853,54601.8460000497,70346.61599999998,23452.27776214749,1,,70346.61599999998,70362.01599999997,False,0.20261616852984965,,
lamf-test-72359355-373b-4aa6-9d80-111deeae4206,"{<resource_manager.instance.OnPremInstance object at 0x1291e7770>: [(4, 70376.61599999998, 75367.15199999997), (1, 75367.15199999997, None), (9, 82327.15199999997, None)]}",293.68085416171726,150915.9697223328,70376.61599999998,23453.27776214749,3,182.56522016883395,70376.61599999998,96319.15878907866,True,253.77171175113978,321.44291289404293,67.67120114290316
lamf-test-aa966776-8b52-45e3-81e8-3d502aee1701,"{<resource_manager.instance.OnPremInstance object at 0x1291e7770>: [(3, 70406.61599999998, None), (5, 76867.15199999997, None)]}",277.6854198628887,150964.61562063484,70406.61599999998,23455.044219459487,1,86.47473420031935,70406.61599999998,81752.95535398861,True,154.88703417817635,178.60166910599867,23.714634927822324
lamf-test-40afb271-d458-48d9-adbe-b89134d80114,"{<resource_manager.instance.OnPremInstance object at 0x1291e7770>: [(3, 70436.61599999998, None)]}",57.83325208385016,37686.61605284284,70436.61599999998,23456.58022300849,3,,70436.61599999998,70452.01599999997,False,0.07027150353636404,,
lamf-test-f6c3e1ca-41d1-4659-a1c2-f6d7cca0c5e7,"{<resource_manager.instance.CloudReservedInstance object at 0x1294344d0>: [(1, 70466.61599999998, None)], <resource_manager.instance.CloudReservedInstance object at 0x12920e2c0>: [(1, 70466.61599999998, None)], <resource_manager.instance.CloudReservedInstance object at 0x129429450>: [(2, 78997.15199999997, None)]}",330.89870791023526,151052.90305203863,70466.61599999998,23458.95690294049,2,34.617536903696084,70466.61599999998,93678.41385401711,True,123.98398304921338,172.80355195261203,48.81956890339865
lamf-test-81297157-09b4-4bfd-81e5-a8bf0f0cf407,"{<resource_manager.instance.OnPremInstance object at 0x1291e7770>: [(6, 71546.61599999998, None)]}",69.1210403049402,37697.80261785122,71546.61599999998,23459.95690294049,3,,71546.61599999998,71562.01599999997,False,0.14054300707272807,,
lamf-test-2744811c-a0e4-4a9d-a448-520fba53466a,"{<resource_manager.instance.OnPremInstance object at 0x1291e7770>: [(2, 71576.61599999998, 73087.15199999997), (1, 73087.15199999997, None)]}",316.8459168651483,151435.60386220593,71576.61599999998,23464.99618726349,2,4.1063464369336025,71576.61599999998,87961.61299999998,True,34.287169927397095,41.54559811219709,7.258428184799998
lamf-test-ce4c822f-a3d7-44c8-9dba-10c2ea1d7fc0,"{<resource_manager.instance.OnPremInstance object at 0x1291e7770>: [(6, 71606.61599999998, None)]}",86.88519768848549,54748.28929186033,71606.61599999998,23470.02969072749,2,,71606.61599999998,71622.01599999997,False,0.06655648787942382,,
lamf-test-5471ed7c-c241-4b43-b3db-c6a0ff681a3a,"{<resource_manager.instance.OnPremInstance object at 0x1291e7770>: [(2, 71636.61599999998, None)]}",59.30424416492866,37647.93940622412,71636.61599999998,23479.56231731549,2,,71636.61599999998,71652.01599999997,False,0.04186443429931751,,
lamf-test-dc701733-214d-4503-9e86-a7c5623aa494,"{<resource_manager.instance.OnPremInstance object at 0x1291e7770>: [(2, 71666.61599999998, None)]}",290.04127710324553,151291.96531712223,71666.61599999998,23493.32101193249,2,9.488916561133601,71666.61599999998,87271.59499999999,True,42.42166351220627,55.08042247700628,12.658758964800006
lamf-test-9b9326a1-51bc-46fd-a2cb-1abf1c9c75f6,"{<resource_manager.instance.OnPremInstance object at 0x1291e7770>: [(5, 71726.61599999998, None)]}",57.78982021342063,37758.03316810692,71726.61599999998,23496.84833069549,1,,71726.61599999998,71742.01599999997,False,0.20261616852984965,,
lamf-test-0111158b-0edf-40ea-8c3c-c453441d9f4b,"{<resource_manager.instance.CloudReservedInstance object at 0x1294344d0>: [(2, 71756.61599999998, None)], <resource_manager.instance.CloudReservedInstance object at 0x12920e2c0>: [(2, 96868.22399999996, None)]}",288.9103792556111,151675.9590128096,71756.61599999998,23497.84833069549,3,187.3651471594797,71756.61599999998,117443.30836215256,True,201.57206395712274,325.535268437376,123.96320448025324
lamf-test-cb995d16-8bd4-4a69-981f-1cf758860367,"{<resource_manager.instance.CloudOnDemandInstance object at 0x12920e3f0>: [(5, 72446.61599999998, None)]}",320.1908267325743,151437.81747586172,72446.61599999998,23498.84833069549,3,488.7185945699291,72847.15199999997,151453.21747586175,False,600.8563501092233,,
lamf-test-b3a0db0a-ecb4-42b0-814b-3c34a8d7aaed,"{<resource_manager.instance.OnPremInstance object at 0x1291e7770>: [(4, 72877.15199999997, None)]}",100.59507953151345,54426.286421398,72877.15199999997,23499.84833069549,2,,72877.15199999997,72892.55199999997,False,0.05608928259914327,,
lamf-test-692078cb-d4fe-44db-acc1-5eececdc7c24,"{<resource_manager.instance.OnPremInstance object at 0x1291e7770>: [(3, 72907.15199999997, 74407.15199999997), (2, 74407.15199999997, None), (4, 78877.15199999997, None)]}",293.9568407519619,151245.82799583557,72907.15199999997,23501.16703120949,2,67.17561119663137,72907.15199999997,87782.34799999997,True,73.63289831224739,100.75584729784738,27.12294898559999
lamf-test-b3747e60-f13b-4587-ba76-a5026ef56274,"{<resource_manager.instance.OnPremInstance object at 0x1291e7770>: [(2, 72937.15199999997, None)]}",92.20458272811517,54847.16934261281,72937.15199999997,23503.83653435549,3,,72937.15199999997,72952.55199999997,False,0.046847669024242686,,
lamf-test-ef36ad8e-1831-459d-b4cc-a917ad7c30ef,"{<resource_manager.instance.OnPremInstance object at 0x1291e7770>: [(5, 72967.15199999997, None)]}",103.50768504869966,54752.14974077625,72967.15199999997,23504.83653435549,1,,72967.15199999997,72982.55199999997,False,0.20261616852984965,,
lamf-test-a7a41a4b-e265-4559-96d2-89c830b4e4f3,"{<resource_manager.instance.OnPremInstance object at 0x1291e7770>: [(5, 72997.15199999997, None)]}",110.11661546722232,55235.74876595946,72997.15199999997,24048.31916202549,3,,72997.15199999997,73012.55199999997,False,0.11711917256060674,,
lamf-test-c609bf72-d17c-450a-8e65-16fe23e38281,"{<resource_manager.instance.OnPremInstance object at 0x1291e7770>: [(2, 73027.15199999997, None)]}",326.56864801291823,152055.02753670124,73027.15199999997,24050.33196908349,3,85.39378507871315,73027.15199999997,114488.39899999996,True,126.1274530382538,159.7608166046538,33.63336356639999
lamf-test-2be5e6dd-c6ce-4cb1-a0eb-f7b6d8f68bd8,"{<resource_manager.instance.OnPremInstance object at 0x1291e7770>: [(2, 73057.15199999997, None)]}",93.23301746575929,55270.188115539204,73057.15199999997,24056.13734996349,1,,73057.15199999997,73072.55199999997,False,0.08315461251803077,,
lamf-test-5ccd4315-8d5b-4044-a8be-038248a6e5e8,"{<resource_manager.instance.OnPremInstance object at 0x1291e7770>: [(6, 73087.15199999997, 76567.15199999997), (1, 76567.15199999997, None)]}",316.3732896893923,151855.41484443287,73087.15199999997,24061.43544188649,1,74.36915354779832,73087.15199999997,103355.70099999997,True,130.16475115978403,149.49911463418402,19.3343634744
lamf-test-16723367-a744-4f94-a768-1e436a8648c3,"{<resource_manager.instance.OnPremInstance object at 0x1291e7770>: [(2, 73117.15199999997, None)]}",100.67432907273152,55152.22221217759,73117.15199999997,24063.21574050849,3,,73117.15199999997,73132.55199999997,False,0.046847669024242686,,
lamf-test-aa81efdb-fc5d-4cd5-94a6-0293c55ec5bf,"{<resource_manager.instance.OnPremInstance object at 0x1291e7770>: [(3, 73147.15199999997, None)]}",315.17534780850235,151674.911470007,73147.15199999997,24064.21574050849,1,77.13894592744697,73147.15199999997,91740.68499999997,True,148.47676363221535,171.10137458661535,22.624610954399998
lamf-test-468c807d-fae3-4ffc-8fac-cef2c72bf30d,"{<resource_manager.instance.OnPremInstance object at 0x1291e7770>: [(6, 73597.15199999997, 75097.15199999997), (1, 75097.15199999997, None)]}",313.1968318342145,151954.69263082652,73597.15199999997,24067.01766197749,2,6.482774793452823,73597.15199999997,82048.80499999998,True,20.58793209360313,27.05792255040313,6.469990456800002
lamf-test-9997ef6b-f372-462c-b591-ebc6c42f345e,"{<resource_manager.instance.OnPremInstance object at 0x1291e7770>: [(6, 73987.15199999997, 77467.15199999997), (1, 77467.15199999997, None)]}",309.99816308035867,151680.70102332727,73987.15199999997,24068.28635409949,3,48.38472279260779,73987.15199999997,115650.50799999997,True,89.83703095292417,113.79312814652417,23.9560971936
lamf-test-b6e7251f-5c74-4bdc-b21f-2dc66654db99,"{<resource_manager.instance.OnPremInstance object at 0x1291e7770>: [(3, 74017.15199999997, 76507.15199999997), (2, 76507.15199999997, None), (4, 83467.15199999997, None)]}",320.3340679876566,151762.88693393872,74017.15199999997,24069.28635409949,3,57.449235683321916,74017.15199999997,89395.86699999997,True,86.64125028519274,109.74515510919272,23.10390482399999
lamf-test-801af7b0-7341-46d2-ba63-e3fe9d27ac0a,"{<resource_manager.instance.OnPremInstance object at 0x1291e7770>: [(6, 75097.15199999997, None)]}",98.05192865733181,55227.61745449559,75097.15199999997,24070.611790954492,1,,75097.15199999997,75112.55199999997,False,0.24243668720045594,,
lamf-test-7741d198-baa3-4b02-8577-d94aba790819,"{<resource_manager.instance.OnPremInstance object at 0x1291e7770>: [(2, 75127.15199999997, None)]}",58.57374457030712,38273.72987990062,75127.15199999997,24071.73338152049,2,,75127.15199999997,75142.55199999997,False,0.04186443429931751,,
lamf-test-46c0ddc9-3e57-4092-abb9-12bad9e5fc70,"{<resource_manager.instance.OnPremInstance object at 0x1291e7770>: [(3, 75157.15199999997, None)]}",59.85312775121128,38239.327797527236,75157.15199999997,24072.89600868749,1,,75157.15199999997,75172.55199999997,False,0.12297513118863707,,
lamf-test-3f74eedf-69e6-447f-8faf-d6b3b1a74541,"{<resource_manager.instance.OnPremInstance object at 0x1291e7770>: [(2, 75187.15199999997, None)]}",300.3151945622659,152092.8070197601,75187.15199999997,24075.57048056849,3,59.534674880219,75187.15199999997,99230.684,True,73.14178112403991,92.64589428243993,19.504113158400017
lamf-test-df1d19ca-065c-450e-a725-063e1023eff0,"{<resource_manager.instance.OnPremInstance object at 0x1291e7770>: [(5, 75217.15199999997, 80677.15199999997), (1, 80677.15199999997, None), (3, 88187.68799999997, None), (8, 89297.68799999997, None)]}",308.41567960151576,151807.994183325,75217.15199999997,24076.57048056849,2,56.907464565313674,75217.15199999997,93913.40535398861,True,89.69992730237048,128.085564209304,38.38563690693352
lamf-test-d878f6cc-ec52-4963-a36e-567d3077f66a,"{<resource_manager.instance.OnPremInstance object at 0x1291e7770>: [(6, 75247.15199999997, 78247.15199999997), (1, 78247.15199999997, None), (3, 95638.22399999996, None)]}",318.40559881515793,151669.25672450417,75247.15199999997,24078.205001972492,2,59.760720970761156,75247.15199999997,100029.74899999997,True,71.3293352064738,92.80876416967381,21.47942896320001
lamf-test-e95a3924-2808-4cd5-8af6-82985caaa091,"{<resource_manager.instance.OnPremInstance object at 0x1291e7770>: [(4, 76567.15199999997, None), (6, 83737.15199999997, None)]}",315.57124577879193,151739.0838621254,76567.15199999997,24080.271400412494,1,359.4718576317589,76567.15199999997,96722.94038743972,True,417.5004017076701,481.80336740712573,64.30296569945563
lamf-test-8433fa81-6093-4f66-8fcd-c8019d82fc62,"{<resource_manager.instance.OnPremInstance object at 0x1291e7770>: [(2, 76597.15199999997, None)]}",289.2015979209701,152045.19374891324,76597.15199999997,24089.155631795493,1,57.506274241387175,76597.15199999997,99152.35699999997,True,121.7902163662636,140.0869986622636,18.296782296
lamf-test-fce34ab6-8bce-4303-a50f-d59fbea8d614,"{<resource_manager.instance.OnPremInstance object at 0x1291e7770>: [(2, 76627.15199999997, None)]}",47.41181351390231,38276.02438764931,76627.15199999997,24091.93157081949,3,,76627.15199999997,76642.55199999997,False,0.046847669024242686,,
lamf-test-ac6005c9-5daa-4585-b9e3-32cefa81cdb6,"{<resource_manager.instance.OnPremInstance object at 0x1291e7770>: [(2, 76657.15199999997, None)]}",56.43144675229202,38244.93555973735,76657.15199999997,24096.00090909549,3,,76657.15199999997,76672.55199999997,False,0.046847669024242686,,
lamf-test-d13deae5-f303-4855-93f8-a16639da1c4e,"{<resource_manager.instance.OnPremInstance object at 0x1291e7770>: [(6, 76747.15199999997, 83707.15199999997), (2, 83707.15199999997, None)]}",299.620254990436,151738.17277441215,76747.15199999997,24097.00090909549,2,38.235484320712004,76747.15199999997,96639.41199999998,True,65.23603277615986,92.66453808815987,27.428505312000006
lamf-test-b395ec81-f5cf-4d31-b896-54e96e62d931,"{<resource_manager.instance.OnPremInstance object at 0x1291e7770>: [(6, 78187.15199999997, None)]}",60.66671241836613,38226.933634335146,78187.15199999997,24098.41858573849,3,,78187.15199999997,78202.55199999997,False,0.14054300707272807,,
lamf-test-218a245a-408e-4403-969e-14eebe33638f,"{<resource_manager.instance.OnPremInstance object at 0x1291e7770>: [(2, 78247.15199999997, None), (4, 109738.22399999996, None)]}",310.9184525812873,151773.79882158135,78247.15199999997,24099.49299095149,3,95.79761806981514,78247.15199999997,112469.20899999999,True,120.72104950946863,152.91273221186867,32.19168270240006
lamf-test-790ebc9f-5e2e-4113-9df6-6e81d9cf4244,"{<resource_manager.instance.OnPremInstance object at 0x1291e7770>: [(3, 79027.15199999997, 80527.15199999997), (1, 80527.15199999997, None)]}",301.00617936440153,151753.05228870877,79027.15199999997,24103.43083663549,1,11.978097193702943,79027.15199999997,84507.55099999998,True,23.178550688265283,26.618200522665283,3.439649834400002
lamf-test-af430514-5203-4847-a3dd-4d540698c45d,"{<resource_manager.instance.CloudReservedInstance object at 0x1294344d0>: [(1, 79147.15199999997, None)], <resource_manager.instance.CloudReservedInstance object at 0x1291e7cb0>: [(1, 79147.15199999997, None)]}",43.871600174569394,38248.04589277209,79147.15199999997,24106.819246461488,3,,79147.15199999997,79162.55199999997,False,0.03903972418686891,,
lamf-test-8293fc83-5d58-4550-955e-87592cc2b6b3,"{<resource_manager.instance.OnPremInstance object at 0x1291e7770>: [(6, 79807.15199999997, 85267.15199999997), (1, 85267.15199999997, None), (5, 100198.22399999996, None)]}",333.7462784146,151896.28434532956,79807.15199999997,24107.819246461488,3,82.66951403148526,79807.15199999997,102608.91299999996,True,94.5398220396988,119.74997359329879,25.210151553599992
lamf-test-f110d8f3-23dd-42e9-8429-8b28407ddd7e,"{<resource_manager.instance.OnPremInstance object at 0x1291e7770>: [(6, 80527.15199999997, None)]}",301.2291020786883,152323.74148340538,80527.15199999997,24649.159435480487,1,,80527.15199999997,90454.43199999997,True,156.2816153319644,180.4406439399644,24.159028608
lamf-test-b7f32954-df1d-496f-a3cc-c6c4fa4f08d9,"{<resource_manager.instance.OnPremInstance object at 0x1291e7770>: [(5, 80557.15199999997, 85027.15199999997), (2, 85027.15199999997, None), (6, 101398.22399999996, None)]}",304.69312328634965,152081.47222568598,80557.15199999997,24650.159435480487,1,246.78957426420254,80557.15199999997,109802.29911714983,True,324.89078976102087,374.50570630754873,49.61491654652789
lamf-test-a9c2f748-704b-4cdc-85cd-14af26c3a0f5,"{<resource_manager.instance.OnPremInstance object at 0x1291e7770>: [(4, 80677.15199999997, 85147.15199999997), (1, 85147.15199999997, None), (9, 112948.22399999996, None)]}",318.66785267265954,152229.7821567065,80677.15199999997,24655.53834507549,2,112.84295448990589,80677.15199999997,120691.570706613,True,128.1122050230588,178.04746206828128,49.935257045222485
lamf-test-709c216f-6a83-488b-bc0b-72ed1c83abc3,"{<resource_manager.instance.OnPremInstance object at 0x1291e7770>: [(4, 80767.15199999997, None)]}",66.23572922815853,38711.737211928485,80767.15199999997,24656.53834507549,1,,80767.15199999997,80782.55199999997,False,0.16279564985924336,,
lamf-test-4efeb549-c3cf-448a-a777-1713f6f5a77e,"{<resource_manager.instance.OnPremInstance object at 0x1291e7770>: [(6, 81727.15199999997, None)]}",68.3929603445819,38853.85734239562,81727.15199999997,24657.81317186399,2,,81727.15199999997,81742.55199999997,False,0.06655648787942382,,
lamf-test-a7d1927a-cf2d-4926-967f-138bb5393300,"{<resource_manager.instance.OnPremInstance object at 0x1291e7770>: [(6, 81787.15199999997, 83287.15199999997), (1, 83287.15199999997, None)]}",312.0843911485237,152223.93536356272,81787.15199999997,24658.81317186399,2,6.482774793452823,81787.15199999997,93705.26799999997,True,27.621511860911816,35.49749971051182,7.875987849599998
lamf-test-d2d7cb5f-b6d4-4643-85b6-7c5def471a4e,"{<resource_manager.instance.OnPremInstance object at 0x1291e7770>: [(4, 81847.15199999997, 85327.15199999997), (2, 85327.15199999997, None), (8, 100198.22399999996, None)]}",304.94728314192844,152660.47449349004,81847.15199999997,24660.130616598988,1,293.9148309377138,81847.15199999997,109058.0489769029,True,350.2217319954684,403.8665477081867,53.64481571271829
lamf-test-f4699487-e2f2-4f73-9c8b-3bed156050c7,"{<resource_manager.instance.OnPremInstance object at 0x1291e7770>: [(3, 81877.15199999997, 86347.15199999997), (2, 86347.15199999997, None)]}",295.77899706678875,152575.34542502082,81877.15199999997,24661.130616598988,2,14.419245652418628,81877.15199999997,93300.05899999998,True,33.320513073904024,44.39980723230403,11.079294158400005
lamf-test-f16665ee-edca-44bc-8667-81b0b7135bf5,"{<resource_manager.instance.CloudReservedInstance object at 0x1294344d0>: [(2, 82447.15199999997, None), (1, 115258.22399999996, None)], <resource_manager.instance.CloudReservedInstance object at 0x1291e7cb0>: [(1, 82447.15199999997, 89027.68799999997), (2, 115258.22399999996, None)], <resource_manager.instance.CloudReservedInstance object at 0x12920e2c0>: [(3, 115258.22399999996, None)]}",311.6491108609515,152531.94874897896,82447.15199999997,24662.81687309899,2,310.4543287878041,82447.15199999997,139477.30414050224,True,349.0383908386063,582.4755652533981,233.4371744147919
lamf-test-be2bbdb1-c4fd-4c6f-98ba-e30fc22c630e,"{<resource_manager.instance.OnPremInstance object at 0x1291e7770>: [(4, 82927.15199999997, None)]}",51.26544011550611,38734.24774255803,82927.15199999997,24665.56010365099,1,,82927.15199999997,82942.55199999997,False,0.16279564985924336,,
lamf-test-301ed0a6-99cf-4eba-bab7-e5dbbca6ce7c,"{<resource_manager.instance.OnPremInstance object at 0x1291e7770>: [(4, 82987.15199999997, 86977.15199999997), (2, 86977.15199999997, None), (10, 107818.22399999996, None)]}",322.7128466056759,152317.16844019812,82987.15199999997,24666.56010365099,3,112.86355464293857,82987.15199999997,112053.10930974003,True,164.97188792589677,208.96357531186362,43.99168738596687
lamf-test-c6c963f9-b511-4173-9da1-afb01f8ea9e8,"{<resource_manager.instance.OnPremInstance object at 0x1291e7770>: [(5, 83047.15199999997, None)]}",55.16582208546895,38919.72323005836,83047.15199999997,24667.56010365099,2,,83047.15199999997,83062.55199999997,False,0.06162769304399561,,
lamf-test-fd3332ce-df25-4a32-8132-74451e729842,"{<resource_manager.instance.OnPremInstance object at 0x1291e7770>: [(5, 83107.15199999997, 84607.15199999997), (1, 84607.15199999997, None), (5, 106468.22399999996, None)]}",314.3128283614734,152257.4046478052,83107.15199999997,24668.88295620399,1,124.85053342459497,83107.15199999997,112100.15581086972,True,171.1966951313902,196.81141518952285,25.614720058132647
lamf-test-ad16e952-0cca-41c7-9fd4-aa3d76092c2a,"{<resource_manager.instance.OnPremInstance object at 0x1291e7770>: [(2, 83137.15199999997, None), (6, 88187.68799999997, None)]}",295.4536471781582,152320.37306606252,83137.15199999997,24670.19658639399,1,226.02000638831834,83137.15199999997,101760.89635398862,True,314.23986450747924,362.3792057777016,48.139341270222374
lamf-test-991152cd-8fe7-4378-a610-0074b2c690c7,"{<resource_manager.instance.OnPremInstance object at 0x1291e7770>: [(4, 83287.15199999997, None)]}",88.26977600456904,55973.22502021603,83287.15199999997,24671.19658639399,1,,83287.15199999997,83302.55199999997,False,0.16279564985924336,,
lamf-test-ffd1b71e-c754-457f-beb0-15002780a4cd,"{<resource_manager.instance.OnPremInstance object at 0x1291e7770>: [(2, 83347.15199999997, None), (4, 88817.68799999997, None)]}",333.17802435465063,152213.50056588367,83347.15199999997,24672.19658639399,3,53.87644992014599,83347.15199999997,96397.07865772964,True,85.81248147597235,108.69538538382326,22.882903907850924
lamf-test-2044ce9f-358f-4536-9714-09641c49ba86,"{<resource_manager.instance.OnPremInstance object at 0x1291e7770>: [(3, 83377.15199999997, None)]}",48.79729657189927,38818.1648528409,83377.15199999997,24675.110710856992,2,,83377.15199999997,83392.55199999997,False,0.049677043187284775,,
lamf-test-00d387e4-de4a-4f41-acfd-aaa44673560f,"{<resource_manager.instance.OnPremInstance object at 0x1291e7770>: [(2, 83407.15199999997, None)]}",98.67187509741939,55997.91290808961,83407.15199999997,24676.110710856992,3,,83407.15199999997,83422.55199999997,False,0.046847669024242686,,
lamf-test-be918503-1360-4f36-b485-22f30f9e797e,"{<resource_manager.instance.OnPremInstance object at 0x1291e7770>: [(2, 83707.15199999997, None), (10, 99808.22399999996, None)]}",285.4277316494616,152936.3850468854,83707.15199999997,24685.264968567993,3,74.16859685147155,83707.15199999997,101998.51247798515,True,88.95825649984369,112.68001818629318,23.721761686449497
lamf-test-7e75828d-051b-4c5f-920b-c422e487e5af,"{<resource_manager.instance.OnPremInstance object at 0x1291e7770>: [(3, 85027.15199999997, None)]}",99.15520505278813,56147.88737382436,85027.15199999997,24686.264968567993,1,,85027.15199999997,85042.55199999997,False,0.12297513118863707,,
lamf-test-163e5afc-c48a-4e5a-9de1-7c84bd3faaf7,"{<resource_manager.instance.OnPremInstance object at 0x1291e7770>: [(6, 85057.15199999997, None)]}",100.39270820446175,55871.87250193996,85057.15199999997,24687.264968567993,2,,85057.15199999997,85072.55199999997,False,0.06655648787942382,,
lamf-test-ca0646aa-2851-4f2a-8895-2a2c8b5e84b5,"{<resource_manager.instance.OnPremInstance object at 0x1291e7770>: [(2, 85087.15199999997, None)]}",94.28001103179955,55816.323923735996,85087.15199999997,24690.179220416492,1,,85087.15199999997,85102.55199999997,False,0.08315461251803077,,
lamf-test-85ef9298-5c31-4c16-9153-df2b312fad0a,"{<resource_manager.instance.OnPremInstance object at 0x1291e7770>: [(3, 85147.15199999997, None)]}",97.20592300310147,55831.75582382249,85147.15199999997,24691.179220416492,3,,85147.15199999997,85162.55199999997,False,0.07027150353636404,,
lamf-test-ead8fa92-dd65-4aea-b802-324a84d102bb,"{<resource_manager.instance.OnPremInstance object at 0x1291e7770>: [(4, 85177.15199999997, None)]}",64.57300483587817,38865.7332027345,85177.15199999997,24692.78370456949,1,,85177.15199999997,85192.55199999997,False,0.16279564985924336,,
lamf-test-b87c5197-7932-482c-81b3-61882a5ae41e,"{<resource_manager.instance.OnPremInstance object at 0x1291e7770>: [(2, 85207.15199999997, None)]}",46.96697712554091,38911.85658255259,85207.15199999997,24694.47290492449,3,,85207.15199999997,85222.55199999997,False,0.046847669024242686,,
lamf-test-a45d60d7-4f78-42c1-a625-3f2365379d5f,"{<resource_manager.instance.OnPremInstance object at 0x1291e7770>: [(5, 85267.15199999997, None)]}",84.78789055156865,55786.77617129775,85267.15199999997,24696.58035882649,3,,85267.15199999997,85282.55199999997,False,0.11711917256060674,,
lamf-test-68ac11d3-bedc-4a83-9d98-64a41fc6b97b,"{<resource_manager.instance.OnPremInstance object at 0x1291e7770>: [(2, 85297.15199999997, None)]}",92.68285924520144,55881.794883232404,85297.15199999997,24697.58035882649,2,,85297.15199999997,85312.55199999997,False,0.04186443429931751,,
lamf-test-a0b5829d-4134-40de-ab3a-fd1ed034a5b9,"{<resource_manager.instance.OnPremInstance object at 0x1291e7770>: [(3, 85327.15199999997, 89297.68799999997), (2, 89297.68799999997, None), (4, 104188.22399999996, None)]}",283.38611537295816,152003.80236791223,85327.15199999997,24701.18669758649,1,112.10999589322373,85327.15199999997,106649.38499999998,True,151.4166967830256,174.31672920062564,22.900032417600038
lamf-test-392c05ba-10be-4e78-a3a0-52bfeef6fc2d,"{<resource_manager.instance.OnPremInstance object at 0x1291e7770>: [(3, 85357.15199999997, 88847.68799999997), (2, 88847.68799999997, None)]}",321.5347583668584,152566.66840460125,85357.15199999997,24702.18669758649,1,92.2400438056125,85357.15199999997,112669.44699999997,True,156.50248452353787,180.07397962913788,23.571495105599997
lamf-test-3db3ef42-5e5e-4b66-b377-23e8be44e0c4,"{<resource_manager.instance.OnPremInstance object at 0x1291e7770>: [(3, 85387.15199999997, 88877.68799999997), (1, 88877.68799999997, None), (5, 98818.22399999996, None)]}",310.51400717904033,152198.640699504,85387.15199999997,24703.87115910249,2,57.482624015329534,85387.15199999997,109903.16496400977,True,98.28086469796321,133.5363426343775,35.25547793641428
lamf-test-8638fd62-6efe-4c20-99a4-4066fa449bb7,"{<resource_manager.instance.OnPremInstance object at 0x1291e7770>: [(2, 85417.15199999997, None), (4, 101998.22399999996, None)]}",298.8839218054394,152435.68246080354,85417.15199999997,24704.87115910249,3,50.44055669632667,85417.15199999997,103915.34199999996,True,67.93650011407709,86.05256408527708,18.116063971199992
lamf-test-8d9e2b15-af68-4d53-96f3-d2ed88fe313d,"{<resource_manager.instance.OnPremInstance object at 0x1291e7770>: [(6, 85447.15199999997, 88427.68799999997), (2, 88427.68799999997, None), (6, 103318.22399999996, None)]}",290.64783908667005,152261.51262504375,85447.15199999997,24707.43301354249,3,182.74285192790316,85447.15199999997,116549.42739823718,True,233.49899640413372,295.76424040353385,62.26524399940013
lamf-test-0c9d7093-d308-489f-9f7c-949564b43da8,"{<resource_manager.instance.OnPremInstance object at 0x1291e7770>: [(3, 86977.15199999997, 90467.68799999997), (2, 90467.68799999997, None), (10, 99418.22399999996, None)]}",341.93839758920444,152224.82642008096,86977.15199999997,24708.67221257749,3,73.27200547570152,86977.15199999997,103074.5315405798,True,109.89181000373884,139.19574907324903,29.303939069510204
lamf-test-61ec6a0a-d66e-4c08-8b27-302f072141f8,"{<resource_manager.instance.OnPremInstance object at 0x1291e7770>: [(5, 87367.15199999997, None)]}",101.82362679709799,55942.210053082716,87367.15199999997,24711.93681008149,1,,87367.15199999997,87382.55199999997,False,0.20261616852984965,,
lamf-test-8add939b-0d3e-460d-9871-cabe0ac805f6,"{<resource_manager.instance.OnPremInstance object at 0x1291e7770>: [(2, 87397.15199999997, 90887.68799999997), (1, 90887.68799999997, None), (7, 99838.22399999996, None)]}",308.8827630823316,152237.3194014975,87397.15199999997,24713.67866168449,1,128.39135204198033,87397.15199999997,105527.8365045896,True,164.32505622297677,189.24857108266926,24.92351485969248
lamf-test-cfddfdef-fe2e-45ad-8560-6fe3d62d6b0a,"{<resource_manager.instance.OnPremInstance object at 0x1291e7770>: [(2, 87427.15199999997, None)]}",315.13941756268656,152818.69104883692,87427.15199999997,24716.01381808849,3,7.606771617613484,87427.15199999997,97074.22299999997,True,29.346934367632507,37.1726383628325,7.825703995199997
lamf-test-17816b27-b52b-478c-9ec4-0160430c532f,"{<resource_manager.instance.OnPremInstance object at 0x1291e7770>: [(3, 87457.15199999997, None)]}",105.18873887331532,55905.908562538294,87457.15199999997,24717.33279059149,1,,87457.15199999997,87472.55199999997,False,0.12297513118863707,,
lamf-test-e53ad4a6-c56e-4dd1-b22c-a4f51924970e,"{<resource_manager.instance.CloudReservedInstance object at 0x12920e2c0>: [(1, 87667.15199999997, None)], <resource_manager.instance.CloudReservedInstance object at 0x1291e7cb0>: [(1, 87667.15199999997, None)], <resource_manager.instance.CloudOnDemandInstance object at 0x12920e780>: [(2, 87667.15199999997, None)]}",55.354429897570796,38950.66423709778,87667.15199999997,24718.33279059149,3,,87667.15199999997,87682.55199999997,False,0.08588739321111159,,
lamf-test-ef516eeb-4aa2-4149-84fb-f2df08d8e508,"{<resource_manager.instance.OnPremInstance object at 0x1291e7770>: [(2, 87697.15199999997, None), (4, 103288.22399999996, None)]}",311.8946764585727,152444.41510612957,87697.15199999997,24719.33279059149,3,70.70065252110422,87697.15199999997,110013.21711714983,True,108.80234649463719,137.81576735093313,29.013420856295923
lamf-test-b3e3f869-98f2-4ec8-bbf6-0c042404572c,"{<resource_manager.instance.CloudReservedInstance object at 0x12920e2c0>: [(1, 87727.15199999997, None)], <resource_manager.instance.CloudReservedInstance object at 0x1291e7cb0>: [(1, 87727.15199999997, None)], <resource_manager.instance.CloudOnDemandInstance object at 0x12920e780>: [(2, 87727.15199999997, 110458.22399999996)]}",313.64851936596733,152867.7307731149,87727.15199999997,25269.19121201049,2,146.78453727276633,87727.15199999997,110469.76538161936,False,146.82769015705043,,
lamf-test-82c4ab04-3ecb-433b-af0f-ca823445bb19,"{<resource_manager.instance.CloudOnDemandInstance object at 0x12920e780>: [(1, 87757.15199999997, None)], <resource_manager.instance.CloudOnDemandInstance object at 0x12920e3f0>: [(1, 87757.15199999997, 93857.68799999997)]}",315.22781690787207,153175.1608315271,87757.15199999997,25312.32343871049,2,24.756419773895384,88157.68799999997,93867.26717610392,False,24.775856271337382,,
lamf-test-126e2855-07db-43fa-b439-d9b840b19bc8,"{<resource_manager.instance.OnPremInstance object at 0x1291e7770>: [(5, 90497.68799999997, 92507.68799999997), (2, 92507.68799999997, None)]}",318.1127601463231,153613.61673090476,90497.68799999997,25859.866867991488,2,8.04361448171935,90497.68799999997,98972.04099999995,True,25.6167626282257,34.93692578182569,9.32016315359999
lamf-test-48a10b5f-21dc-470f-9659-627dfd23c08d,"{<resource_manager.instance.OnPremInstance object at 0x1291e7770>: [(3, 90527.68799999997, None)]}",92.04085175874731,57165.31634555907,90527.68799999997,25863.68166099249,1,,90527.68799999997,90543.08799999996,False,0.12297513118863707,,
lamf-test-e15b5aaf-9b3e-4030-9089-2acfa9cb2d3e,"{<resource_manager.instance.OnPremInstance object at 0x1291e7770>: [(5, 91817.68799999997, None)]}",97.31114029433286,57034.17715209904,91817.68799999997,25865.59873223349,3,,91817.68799999997,91833.08799999996,False,0.11711917256060674,,
lamf-test-66cd8497-ae77-462b-b793-0f387087c6da,"{<resource_manager.instance.OnPremInstance object at 0x1291e7770>: [(6, 92507.68799999997, 97498.22399999996), (2, 97498.22399999996, None)]}",301.4980639885899,153771.73212035684,92507.68799999997,25876.045368488492,2,21.568347324412553,92507.68799999997,111892.03899999996,True,60.697498128585195,84.51872926618518,23.821231137599984
lamf-test-001a4b71-83f9-4df6-aec9-864db3283caa,"{<resource_manager.instance.OnPremInstance object at 0x1291e7770>: [(2, 92537.68799999997, None)]}",48.99000092192328,39919.021794508146,92537.68799999997,25908.084135371493,3,,92537.68799999997,92553.08799999996,False,0.046847669024242686,,
lamf-test-48b882cf-9036-46be-bc48-393458a804a5,"{<resource_manager.instance.OnPremInstance object at 0x1291e7770>: [(3, 93017.68799999997, None), (9, 111118.22399999996, None)]}",302.75177020472233,153300.73638637294,93017.68799999997,25913.907717560494,1,144.53998631074603,93017.68799999997,114122.90099999997,True,239.14309514031513,275.79219123951515,36.649096099200044
lamf-test-41abfa7b-4d2e-4f8d-8223-ac01154402e5,"{<resource_manager.instance.OnPremInstance object at 0x1291e7770>: [(5, 93047.68799999997, 96028.22399999996), (1, 96028.22399999996, None), (5, 103978.22399999996, None)]}",281.0110578746165,154274.7348837769,93047.68799999997,26462.334102884495,1,61.58511886835491,93047.68799999997,105898.57899999995,True,92.25471731690607,106.19714025290604,13.942422935999975
lamf-test-f7a44344-fc5e-4a49-a1d7-2ef5e757b2cc,"{<resource_manager.instance.CloudReservedInstance object at 0x1294344d0>: [(1, 93737.68799999997, None)], <resource_manager.instance.CloudReservedInstance object at 0x129429450>: [(2, 93737.68799999997, None)], <resource_manager.instance.CloudReservedInstance object at 0x12920e2c0>: [(1, 93737.68799999997, None)], <resource_manager.instance.CloudOnDemandInstance object at 0x1291e7b60>: [(1, 93737.68799999997, None)]}",58.088742770112894,40617.7250017891,93737.68799999997,26470.415369405495,1,,93737.68799999997,93753.08799999996,False,0.16006286916616255,,
lamf-test-19bc22b3-fa83-4e8f-80ba-b5e9bf28dfd3,"{<resource_manager.instance.CloudReservedInstance object at 0x1294344d0>: [(1, 93857.68799999997, None)], <resource_manager.instance.CloudReservedInstance object at 0x129429450>: [(2, 93857.68799999997, None), (1, 116758.22399999996, None)], <resource_manager.instance.CloudOnDemandInstance object at 0x12920e3f0>: [(1, 116758.22399999996, None)], <resource_manager.instance.CloudOnDemandInstance object at 0x129429310>: [(5, 130498.22399999996, None)], <resource_manager.instance.CloudOnDemandInstance object at 0x129429810>: [(2, 130498.22399999996, None)]}",295.4218339024769,154382.51667949898,93857.68799999997,26476.297712078496,3,336.1260506502395,93857.68799999997,154397.916679499,False,366.9822955209431,,
lamf-test-6849d36d-a755-4e76-b818-c17b557c62c1,"{<resource_manager.instance.CloudReservedInstance object at 0x12920e2c0>: [(1, 93887.68799999997, None)], <resource_manager.instance.CloudOnDemandInstance object at 0x12920e780>: [(1, 93887.68799999997, None)], <resource_manager.instance.CloudOnDemandInstance object at 0x1291e7b60>: [(1, 93887.68799999997, None)]}",39.636907285102794,40739.83201070958,93887.68799999997,26483.814119501498,2,,93887.68799999997,93903.08799999996,False,0.08882730548086032,,
lamf-test-2655d61c-0fa6-49c7-9b40-d21f2644dd36,"{<resource_manager.instance.CloudReservedInstance object at 0x12920e2c0>: [(1, 93977.68799999997, None)], <resource_manager.instance.CloudOnDemandInstance object at 0x12920e780>: [(1, 93977.68799999997, None)], <resource_manager.instance.CloudOnDemandInstance object at 0x12920e3f0>: [(1, 93977.68799999997, None)], <resource_manager.instance.CloudOnDemandInstance object at 0x1291e7b60>: [(1, 93977.68799999997, None)]}",98.54453325124068,57642.88576960964,93977.68799999997,26485.630834859498,3,,93977.68799999997,93993.08799999996,False,0.08588739321111158,,
lamf-test-99025f0c-24c1-4390-aabb-11e1215ca402,"{<resource_manager.instance.OnPremInstance object at 0x1291e7770>: [(4, 94037.68799999997, 98008.22399999996), (1, 98008.22399999996, None), (3, 106948.22399999996, None)]}",311.1930919467007,153905.9911766366,94037.68799999997,26486.630834859498,1,67.12940177960293,94037.68799999997,109950.41099999996,True,99.55092083048139,114.48953062568138,14.938609795199998
lamf-test-5092ef74-6b46-43b7-99dd-8d0710db91b8,"{<resource_manager.instance.OnPremInstance object at 0x1291e7770>: [(2, 94067.68799999997, None)]}",322.80175063254035,154328.94989174418,94067.68799999997,26487.630834859498,2,4.26945462251542,94067.68799999997,106190.80399999996,True,32.956324239298475,42.79059593849847,9.834271699199995
lamf-test-6620de74-3135-4711-a32d-634f822e03d2,"{<resource_manager.instance.OnPremInstance object at 0x1291e7770>: [(4, 94097.68799999997, None)]}",98.27879946704434,57624.15194540247,94097.68799999997,26490.2787930885,3,,94097.68799999997,94113.08799999996,False,0.09369533804848537,,
lamf-test-7ebc6423-600b-435f-a9e9-a2b0849ab334,"{<resource_manager.instance.OnPremInstance object at 0x1291e7770>: [(2, 94127.68799999997, None)]}",316.11199289564274,154582.57608003513,94127.68799999997,26491.6597654695,3,23.303782797170864,94127.68799999997,121127.47399999996,True,82.13487261388696,104.03709901708694,21.902226403199993
lamf-test-bd57b50e-03ca-4810-aec9-f7f4669d252f,"{<resource_manager.instance.OnPremInstance object at 0x1291e7770>: [(6, 94817.68799999997, None)]}",70.84381642365693,40499.685458759275,94817.68799999997,26501.4960407025,3,,94817.68799999997,94833.08799999996,False,0.14054300707272807,,
lamf-test-a4fb3475-0825-4c5b-85c8-d701cc8e051a,"{<resource_manager.instance.OnPremInstance object at 0x1291e7770>: [(3, 94847.68799999997, None)]}",101.67173585300391,57539.09551212405,94847.68799999997,26510.3589647475,2,,94847.68799999997,94863.08799999996,False,0.049677043187284775,,
lamf-test-e78e1cc2-6e29-4c61-bc91-985e5bc2f3d3,"{<resource_manager.instance.OnPremInstance object at 0x1291e7770>: [(2, 94877.68799999997, None), (6, 110968.22399999996, None)]}",302.016014841831,154260.06742407655,94877.68799999997,26511.3589647475,2,43.74163553331542,94877.68799999997,112614.16999999995,True,55.32962145386591,73.7230298378659,18.393408383999983
lamf-test-40e901f4-82e9-4267-8389-b0ffba33f220,"{<resource_manager.instance.OnPremInstance object at 0x1291e7770>: [(2, 94907.68799999997, None), (8, 107848.22399999996, None)]}",288.17880631872265,154429.94303411047,94907.68799999997,26513.981846705497,3,133.82169290440333,94907.68799999997,116723.60349328637,True,174.3628670360698,220.85876906403945,46.49590202796968
lamf-test-6b1442b6-bf8d-43ee-9a7c-ebfe1af3d782,"{<resource_manager.instance.OnPremInstance object at 0x1291e7770>: [(6, 94937.68799999997, None)]}",47.933135757937364,40723.873511479,94937.68799999997,26517.145463939498,3,,94937.68799999997,94953.08799999996,False,0.14054300707272807,,
lamf-test-c274bdfc-8db1-4605-b2d9-a7aecde8c778,"{<resource_manager.instance.OnPremInstance object at 0x1291e7770>: [(6, 94997.68799999997, 99478.22399999996), (2, 99478.22399999996, None), (6, 111388.22399999996, None)]}",265.46601281858847,154404.0080444927,94997.68799999997,26518.2139544305,1,134.84530778005922,94997.68799999997,113034.37899999997,True,169.648797779299,195.55546593289904,25.906668153600027
lamf-test-d82e7cf7-6019-488e-8e11-17029d37b11e,"{<resource_manager.instance.CloudReservedInstance object at 0x12920e2c0>: [(1, 95027.68799999997, None)], <resource_manager.instance.CloudOnDemandInstance object at 0x12920e780>: [(1, 95027.68799999997, None)], <resource_manager.instance.CloudOnDemandInstance object at 0x12920e3f0>: [(1, 95027.68799999997, None)], <resource_manager.instance.CloudOnDemandInstance object at 0x1291e7b60>: [(1, 95027.68799999997, None)]}",58.17814683116276,40461.65753149028,95027.68799999997,26519.2139544305,1,,95027.68799999997,95043.08799999996,False,0.16006286916616255,,
lamf-test-bb0f8113-f05a-4407-a64f-cf580915278f,"{<resource_manager.instance.CloudReservedInstance object at 0x12920e2c0>: [(1, 95117.68799999997, None)], <resource_manager.instance.CloudOnDemandInstance object at 0x12920e780>: [(1, 95117.68799999997, None)], <resource_manager.instance.CloudOnDemandInstance object at 0x12920e3f0>: [(1, 95117.68799999997, None)]}",55.45396955229691,41132.13469224394,95117.68799999997,27066.3853766075,1,,95117.68799999997,95133.08799999996,False,0.1300022815422735,,
lamf-test-b5a60c8a-d1f9-478b-ae9a-509c17955932,"{<resource_manager.instance.CloudReservedInstance object at 0x12920e2c0>: [(1, 95177.68799999997, None), (2, 126418.22399999996, None)], <resource_manager.instance.CloudOnDemandInstance object at 0x12920e780>: [(1, 95177.68799999997, None), (2, 126418.22399999996, None)], <resource_manager.instance.CloudOnDemandInstance object at 0x12920e3f0>: [(2, 126418.22399999996, None)]}",324.40240962171197,154682.5518712884,95177.68799999997,27072.3730107905,3,199.07380333105175,95177.68799999997,154697.95187128842,False,439.1495854746484,,
lamf-test-9a7f6ef4-eca1-47fa-bd17-e85ad4733068,"{<resource_manager.instance.CloudOnDemandInstance object at 0x12920e3f0>: [(1, 95207.68799999997, None)], <resource_manager.instance.CloudOnDemandInstance object at 0x1291e7b60>: [(1, 95207.68799999997, None)]}",78.08322369616431,58113.87970686265,95207.68799999997,27078.6564792935,3,,95608.22399999996,95623.62399999995,False,1.0544173194412425,,
lamf-test-1427c66a-6963-488b-ab08-8c64fb5d9b94,"{<resource_manager.instance.OnPremInstance object at 0x1291e7770>: [(2, 95638.22399999996, None), (4, 105298.22399999996, None)]}",298.2879652023477,154841.0221993878,95638.22399999996,27081.3888524705,3,56.764772986538894,95638.22399999996,109882.37899999997,True,71.22203969883653,90.21423130683655,18.99219160800003
lamf-test-2ac6e5ae-946b-4f89-bc34-4a9884f2cfe6,"{<resource_manager.instance.OnPremInstance object at 0x1291e7770>: [(5, 95668.22399999996, None)]}",95.77075929852428,58163.13290827773,95668.22399999996,27089.0487013415,2,,95668.22399999996,95683.62399999995,False,0.06162769304399561,,
lamf-test-9ae48453-c026-4d89-8443-e59c272cd1c1,"{<resource_manager.instance.OnPremInstance object at 0x1291e7770>: [(3, 95698.22399999996, None)]}",49.958054880775016,41268.53105144752,95698.22399999996,27096.6679962635,3,,95698.22399999996,95713.62399999995,False,0.07027150353636404,,
lamf-test-149ce9f5-0d8c-4297-a44f-d357e4f39148,"{<resource_manager.instance.OnPremInstance object at 0x1291e7770>: [(2, 95728.22399999996, None), (10, 100198.22399999996, None)]}",300.3994249069391,154539.02983602317,95728.22399999996,27100.7487781955,2,73.47886179560592,95728.22399999996,109573.8672113211,True,87.90688293275281,137.16607757089508,49.25919463814229
lamf-test-69f48fe6-1e8c-4fc5-9c19-482eb942f9fa,"{<resource_manager.instance.OnPremInstance object at 0x1291e7770>: [(5, 95788.22399999996, None)]}",98.65433601246767,58429.06441696998,95788.22399999996,27106.9216098035,1,,95788.22399999996,95803.62399999995,False,0.20261616852984965,,
lamf-test-40d5168b-a00e-400f-be31-0989d001eb8a,"{<resource_manager.instance.OnPremInstance object at 0x1291e7770>: [(5, 95848.22399999996, None), (7, 103018.22399999996, None)]}",309.100009518621,154770.370461793,95848.22399999996,27108.9510692135,1,264.3554642938626,95848.22399999996,111622.24541927892,True,365.2349887886142,421.6532418405287,56.41825305191453
lamf-test-24897bbd-5428-45bb-8605-42c32b3705e5,"{<resource_manager.instance.OnPremInstance object at 0x1291e7770>: [(4, 96028.22399999996, 99508.22399999996), (2, 99508.22399999996, None), (6, 103978.22399999996, None)]}",286.04299928912167,154922.01589112676,96028.22399999996,27117.1982961335,1,146.55030800821356,96028.22399999996,111998.50166372865,True,230.49107844829078,265.78729141155765,35.29621296326685
lamf-test-9e35d55c-f665-44e0-9363-3dbcea008e08,"{<resource_manager.instance.OnPremInstance object at 0x1291e7770>: [(5, 96388.22399999996, None)]}",86.26069651046296,60756.735076022494,96388.22399999996,29475.2090487335,1,,96388.22399999996,96403.62399999995,False,0.20261616852984965,,
lamf-test-d25e5772-26d6-4d1a-8442-10078b0905a7,"{<resource_manager.instance.OnPremInstance object at 0x1291e7770>: [(3, 96418.22399999996, None)]}",48.70139863364064,43478.5375385013,96418.22399999996,29476.2090487335,2,,96418.22399999996,96433.62399999995,False,0.049677043187284775,,
lamf-test-9b398170-0f91-43dd-888b-ca47a69e7be6,"{<resource_manager.instance.OnPremInstance object at 0x1291e7770>: [(5, 96448.22399999996, None)]}",66.9431854355246,50160.44265749209,96448.22399999996,36090.9937312605,1,,96448.22399999996,96463.62399999995,False,0.20261616852984965,,
lamf-test-5aa93d3d-910f-451f-93e3-8a493339688f,"{<resource_manager.instance.OnPremInstance object at 0x1291e7770>: [(2, 96478.22399999996, None)]}",113.0038570701071,67430.8352819798,96478.22399999996,36101.3388753405,1,,96478.22399999996,96493.62399999995,False,0.08315461251803077,,
