,instances,budget,deadline,sched_start_time,submit_time,software_id,current_license_cost,exec_start_time,finish_time,complete,license_cost,cost,hardware_cost
lamf-test-ce4837ee-c9b5-4728-816b-793fbe63012e,"{<resource_manager.instance.OnPremInstance object at 0x11227b770>: [(5, 30, 390), (2, 390, None), (3, 3840, None), (1, 5580, None)]}",64.81020493737797,14109.368596154949,30,1.0,1,46.65525895505362,30,6281.701999999999,True,58.022094912160604,66.7871968993606,8.765101987199998
lamf-test-fdbe52b3-5ac4-4817-bbd7-3ee39ada2008,"{<resource_manager.instance.OnPremInstance object at 0x11227b770>: [(3, 60, 3540), (1, 3540, None), (2, 25566.432, None)]}",309.54978900857253,127497.6250983131,60,12.387429232,1,156.79199817476615,60,44637.501000000004,True,246.41063472507417,282.78469630347416,36.3740615784
lamf-test-312a25ed-966e-4a84-89af-21712bfc7175,"{<resource_manager.instance.OnPremInstance object at 0x11227b770>: [(4, 1170, 5640), (1, 5640, None)]}",330.5774711754339,128526.8616466108,1170,1168.906584568,1,47.25302304357746,1170,22001.878,True,93.29374750931629,107.18225322611629,13.888505716800001
lamf-test-6d60a076-8aec-42f5-ae5c-3923b3793c72,"{<resource_manager.instance.OnPremInstance object at 0x11227b770>: [(5, 1230, 6690), (2, 6690, None), (2, 20586.432, None)]}",295.26855467250385,128829.02994107419,1230,1209.361205101,1,146.87251289071412,1230,23575.605,True,179.15348984713668,206.34878976073668,27.1952999136
lamf-test-f42e0220-9054-4dba-814a-9d6b93e25e15,"{<resource_manager.instance.OnPremInstance object at 0x11227b770>: [(2, 6570, 9570), (1, 9570, None), (1, 34876.968, None)]}",293.5168981771201,134346.13503742422,6570,6559.291246765,3,47.618781656399726,6570,40837.920999999995,True,65.75233705985244,83.28596835425243,17.533631294399996
lamf-test-c2212f64-c788-46d9-9572-57170e08d2ac,"{<resource_manager.instance.OnPremInstance object at 0x11227b770>: [(4, 6600, None), (1, 7860, None)]}",57.825321252479114,20734.541023290047,6600,6571.797752917,3,7.665982203969882,6600,8333.795,True,11.269260019773366,14.274340279773366,3.00508026
lamf-test-0aa73555-99c3-40be-a09f-6bf3df006265,"{<resource_manager.instance.OnPremInstance object at 0x11227b770>: [(6, 6630, None)]}",310.4901833144852,134427.01154979298,6630,6575.593494811,3,,6630,22515.188000000002,True,144.97091489847136,183.62910841527136,38.658193516800004
lamf-test-761a035c-9b31-431d-b128-35fe1a248496,"{<resource_manager.instance.OnPremInstance object at 0x11227b770>: [(4, 6660, 19776.432), (2, 19776.432, None)]}",281.9460745575701,134538.99317238462,6660,6577.718741191,1,213.81884919005248,6660,42138.739,True,259.4043535630086,298.8247562782086,39.4204027152
lamf-test-c947c209-c0e1-414b-aa78-1430406df6ae,"{<resource_manager.instance.OnPremInstance object at 0x11227b770>: [(2, 6690, 7350), (1, 7350, None), (1, 9750, None), (4, 10390.536, None)]}",91.00759406898061,37636.86695583914,6690,6592.0504565855,3,7.606771617613506,6690,12933.941999999997,True,30.818325347935176,39.03639299273517,8.218067644799994
lamf-test-1b5247ff-56d3-4066-aafc-ee4137f1169c,"{<resource_manager.instance.OnPremInstance object at 0x11227b770>: [(3, 6720, 7680), (2, 7680, None), (2, 20226.432, None)]}",98.97570184637311,37955.43780320776,6720,6598.624309987,3,42.547515400410674,6720,21512.675999999996,True,50.373169062286074,63.80576496628606,13.432595903999992
lamf-test-a35e3102-219f-4336-95ce-4d87e6b5e69c,"{<resource_manager.instance.OnPremInstance object at 0x11227b770>: [(6, 6750, 8040), (1, 8040, None), (1, 9480, None), (1, 10851.072, None)]}",88.24903114605627,37811.34095436873,6750,6602.918178819999,3,18.13391740816792,6750,13393.698000000002,True,29.736135067305508,37.66562399050551,7.929488923200003
lamf-test-8d2ae00d-f906-47ac-81a5-138a54772bef,"{<resource_manager.instance.OnPremInstance object at 0x11227b770>: [(2, 6780, 8790), (1, 8790, None), (3, 46169.112, None)]}",310.3508838593914,134412.46034502744,6780,6603.924410866,3,87.2002920374173,6780,51455.379,True,95.13146246862878,120.49938187662877,25.367919408
lamf-test-b41bc5e6-51fb-4710-b8ea-caebbe600cb8,"{<resource_manager.instance.OnPremInstance object at 0x11227b770>: [(6, 7170, 9180), (2, 9180, None)]}",308.5846884800438,135259.54865121015,7170,7159.334895079,2,8.686918223226783,7170,14653.935,True,23.567644987273614,32.899637059273616,9.331992072
lamf-test-8a5bf643-d5be-430a-ac2f-d8a1f25fa6d3,"{<resource_manager.instance.OnPremInstance object at 0x11227b770>: [(3, 7200, 9210), (1, 9210, None)]}",322.3613792231315,134884.87376615935,7200,7177.714902348999,2,6.483821870550658,7200,39164.176,True,67.26193669825952,81.85711848385952,14.595181785600001
lamf-test-cbef53e7-aa65-412f-b9a4-02aefd0bda1b,"{<resource_manager.instance.OnPremInstance object at 0x11227b770>: [(2, 7230, None), (2, 9450, None)]}",89.7921856815224,38446.471857426266,7230,7197.742829640999,1,27.441799680584076,7230,15555.16,True,77.91867974750932,89.62455533150931,11.705875584000001
lamf-test-decf70b3-3bab-4cf4-b55a-9508b27560e7,"{<resource_manager.instance.OnPremInstance object at 0x11227b770>: [(3, 7260, 10851.072), (2, 10851.072, None), (1, 21306.432, None)]}",317.6420201174764,134778.20914557064,7260,7209.144989178999,2,51.82788594869674,7260,34707.69499999999,True,103.62917475821905,132.78683601821905,29.15766125999999
lamf-test-1faee22d-4d95-436a-a021-6148365dd51b,"{<resource_manager.instance.OnPremInstance object at 0x11227b770>: [(2, 7770, None), (2, 17706.432, None)]}",300.8642397517245,135170.6292150971,7770,7755.192858195999,3,30.22718685831622,7770,32588.950000000004,True,120.7741060156666,152.9799368572666,32.205830841600005
lamf-test-585c2356-1279-476b-b41a-cbdb8ebd0ee3,"{<resource_manager.instance.OnPremInstance object at 0x11227b770>: [(4, 7800, 10360.536), (1, 10360.536, None), (1, 20286.432, None)]}",290.6639501784463,135334.91610254793,7800,7761.0303741669995,2,67.81467847611229,7800,34707.486,True,87.98757796276425,107.86609399156424,19.878516028799996
lamf-test-17aa2292-304e-4763-ab73-533f31d66f3d,"{<resource_manager.instance.OnPremInstance object at 0x11227b770>: [(5, 7830, 9120), (2, 9120, None), (2, 10851.072, None)]}",100.9864715008785,38932.79731507848,7830,7763.06482513,2,9.868186625857138,7830,12285.006000000001,True,17.66439905865977,24.011179186659774,6.346780128000002
lamf-test-17be3ad6-6cd4-4c64-93c6-3fc4d170d157,"{<resource_manager.instance.OnPremInstance object at 0x11227b770>: [(2, 7860, None), (1, 9570, None), (2, 10360.536, None), (1, 11431.608, None)]}",64.77903730143166,21748.016945367348,7860,7773.6449259519995,2,16.39825566497339,7860,12473.581000000002,True,26.29180223327159,33.348757946871594,7.056955713600005
lamf-test-410c24b3-e037-404b-8fa3-3b9be7b4adaa,"{<resource_manager.instance.OnPremInstance object at 0x11227b770>: [(5, 7890, 9330), (1, 9330, None)]}",105.56808496111117,38939.42006460228,7890,7782.763239477999,3,10.951403148528405,7890,10923.282,True,13.374830025096964,16.941385204296964,3.5665551791999994
lamf-test-dbfc6e86-f385-4c1b-a2d1-36902c12232e,"{<resource_manager.instance.OnPremInstance object at 0x11227b770>: [(2, 7920, None), (2, 44418.576, None)]}",332.81097832014945,135597.01098073102,7920,7796.907388533999,3,111.0307278120009,7920,50347.701,True,147.10419347478893,186.33125072598892,39.2270572512
lamf-test-ee649544-0852-4484-9313-a2ec39aaf5e5,"{<resource_manager.instance.OnPremInstance object at 0x11227b770>: [(4, 8370, None)]}",94.51083597672981,39387.3913187359,8370,8357.038737601,1,,8370,14246.974000000002,True,62.126350749106415,71.66115336670642,9.534802617600002
lamf-test-3e8d9edc-8d07-4ff0-a6aa-1b9473f39dae,"{<resource_manager.instance.OnPremInstance object at 0x11227b770>: [(5, 8400, 9330), (1, 9330, None), (2, 12993.216, None), (3, 13483.752, None)]}",46.55013787044631,22546.698124488386,8400,8359.820264809001,1,26.5728861510381,8400,14184.424000000003,True,37.9230371891399,43.5969171827399,5.673879993600006
lamf-test-8daeea4f-cbbf-4fb6-b9f3-5857c1ab865e,"{<resource_manager.instance.OnPremInstance object at 0x11227b770>: [(4, 8430, 9030), (2, 9030, None)]}",56.56222725445129,22581.716705840423,8430,8361.327603457,1,6.342687656856034,8430,12802.168,True,26.71107521484523,30.744497896445232,4.033422681599999
lamf-test-665b3cd3-6953-4941-a220-b425974f248a,"{<resource_manager.instance.OnPremInstance object at 0x11227b770>: [(3, 8460, 13974.288), (2, 13974.288, 17946.432), (1, 17946.432, None)]}",295.24467469152273,135939.95245355327,8460,8366.016505024001,3,53.12518366415697,8460,31373.113999999998,True,57.66801125560879,73.04586232600879,15.3778510704
lamf-test-7b6d3b7a-f2bc-4206-bf5c-c8e1aaff27be,"{<resource_manager.instance.OnPremInstance object at 0x11227b770>: [(3, 8490, 9300), (2, 9300, None)]}",57.77199384513077,22546.466177827468,8490,8369.623969123,2,2.612883440371161,8490,10001.369000000002,True,4.519533857260072,6.074092390060073,1.554558532800002
lamf-test-e86f1528-c4b7-428d-9220-137c2eee5f81,"{<resource_manager.instance.OnPremInstance object at 0x11227b770>: [(5, 8520, 13483.752), (2, 13483.752, None)]}",291.443531643958,136317.74214992006,8520,8378.713657213,2,100.83162030721151,8520,50216.456000000006,True,119.7206790810061,159.58473762180608,39.8640585408
lamf-test-905b51bb-7f4b-480b-babc-216c95cb3e5c,"{<resource_manager.instance.OnPremInstance object at 0x11227b770>: [(4, 8550, None)]}",76.07511246679637,22519.099262541153,8550,8382.187879711,3,7.848505589778689,8550,11318.969000000001,True,16.846719902654197,21.3390952082542,4.492375305600001
lamf-test-d53de693-fd3a-47ec-b96e-28dcf292d471,"{<resource_manager.instance.OnPremInstance object at 0x11227b770>: [(4, 8580, 9870), (2, 9870, None)]}",82.04480128359563,39546.004143436214,8580,8383.187879711,2,26.572370023439966,8580,21394.384000000002,True,36.02707736111756,47.46855366191757,11.441476300800002
lamf-test-d608e81f-e921-488f-9511-ac29f6be8717,"{<resource_manager.instance.OnPremInstance object at 0x11227b770>: [(4, 8610, None)]}",290.8535591080783,136429.1128986885,8610,8394.967357481,3,,8610,17546.862,True,54.372877024868814,68.87204193366881,14.499164908800001
lamf-test-794e981d-7b48-479b-88a9-08c76168b3f4,"{<resource_manager.instance.OnPremInstance object at 0x11227b770>: [(2, 8640, None), (2, 9900, None)]}",55.43753343799916,22573.70737410788,8640,8395.967357481,3,3.832991101984941,8640,11738.351,True,15.017726062818468,19.02237872521847,4.004652662400001
lamf-test-d89dd74a-ca32-43e3-9fdb-057b16e15c3a,"{<resource_manager.instance.OnPremInstance object at 0x11227b770>: [(2, 8670, None)]}",52.589033620058174,22621.800574132016,8670,8413.895939568001,1,6.317590691307323,8670,15094.002,True,34.68736344969199,39.898513872091996,5.2111504224
lamf-test-9d73df9e-a4e9-43ed-b3cd-731892da568c,"{<resource_manager.instance.OnPremInstance object at 0x11227b770>: [(6, 8700, 10851.072), (1, 10851.072, None)]}",116.24356079750007,39530.746718386836,8700,8414.895939568001,3,19.63104722792608,8700,12757.57294605998,True,22.53088895894742,28.539014561869347,6.008125602921928
lamf-test-700b88cb-1fe1-443f-85f3-4e83586778d7,"{<resource_manager.instance.OnPremInstance object at 0x11227b770>: [(2, 8970, None)]}",323.88597973304996,136240.9689207392,8970,8963.206301784501,1,113.5893734884782,8970,40423.967,True,169.8404180546049,195.3558760850049,25.515458030399998
lamf-test-cacf2328-5a7f-4177-ad3a-d6767db7f233,"{<resource_manager.instance.OnPremInstance object at 0x11227b770>: [(5, 9000, 11982.144), (2, 11982.144, None), (1, 32076.432, None)]}",299.34289693362723,136889.97275819854,9000,8965.482298099001,2,66.55965290993149,9000,36057.486,True,85.45973148198168,112.65215244678167,27.192420964799997
lamf-test-76901c5b-cc70-4a21-8b6a-aa4aa3dedd24,"{<resource_manager.instance.OnPremInstance object at 0x11227b770>: [(2, 9030, 14494.824), (1, 14494.824, None)]}",295.82083300729096,136273.59275066567,9030,8969.833562398002,2,14.855958786066234,9030,20452.907,True,26.94512634410622,33.79479003770622,6.8496636936
lamf-test-c0570041-d32e-4e8b-8d2d-a250dfe399fc,"{<resource_manager.instance.OnPremInstance object at 0x11227b770>: [(5, 9060, 15135.36), (2, 15135.36, None), (3, 25566.432, None)]}",309.1917473885502,136803.11203443108,9060,8971.132223413002,1,136.25700752908966,9060,30041.02926549147,True,196.14970801783397,226.00670695865068,29.8569989408167
lamf-test-ca7252f0-85f2-4005-896c-fb17b2f26952,"{<resource_manager.instance.OnPremInstance object at 0x11227b770>: [(6, 9090, 16536.432), (1, 16536.432, None), (4, 29946.432, None)]}",304.02222934164064,136972.28649648174,9090,8975.632383643002,1,154.9609418206708,9090,35409.577,True,228.08540147539733,262.7253924505973,34.63999097519999
lamf-test-0ae28a41-e363-4bde-bdce-50f826df3b42,"{<resource_manager.instance.OnPremInstance object at 0x11227b770>: [(4, 9120, 10851.072), (1, 10851.072, None), (5, 16116.432, None)]}",87.69850691765791,40264.69832148524,9120,8986.905929056002,3,37.70575404973762,9120,19695.415892119963,True,51.20321142705875,64.85714785572189,13.65393642866314
lamf-test-9da27dae-e6dc-4f47-b706-a6e8a3713464,"{<resource_manager.instance.OnPremInstance object at 0x11227b770>: [(6, 9150, None)]}",296.9549680882063,136752.55715032472,9150,8987.905929056002,3,,9150,14125.189999999999,True,45.404426192105845,57.51204857610584,12.107622383999997
lamf-test-50c28631-c9b3-47d9-9e36-b5f64438ea4d,"{<resource_manager.instance.OnPremInstance object at 0x11227b770>: [(6, 9180, None)]}",57.792712238435485,22879.646653413336,9180,8988.905929056002,3,24.47770020533881,9180,12770.606327692522,True,32.76848120184824,41.50658076092076,8.738099559072522
lamf-test-6ea3ccb6-5ec7-474a-bd76-4c0b7e74a8fd,"{<resource_manager.instance.OnPremInstance object at 0x11227b770>: [(4, 9210, 10851.072), (2, 10851.072, None)]}",318.43627200467716,136493.87975451117,9210,8998.137589152002,3,9.984467259867671,9210,22753.743,True,46.193064111339254,58.51098603933925,12.317921927999999
lamf-test-f6a7b87b-3fe2-4927-871e-a0cac1bfa236,"{<resource_manager.instance.OnPremInstance object at 0x11227b770>: [(3, 9240, 10851.072), (2, 10851.072, None), (4, 15135.36, None)]}",80.84812600328213,40305.24777581776,9240,8999.137589152002,3,20.38450376454483,9240,16884.944,True,36.35150353639059,46.04505799399058,9.693554457599998
lamf-test-01aed4d0-4ac3-4934-b29d-300b9eb1cf38,"{<resource_manager.instance.OnPremInstance object at 0x11227b770>: [(6, 9270, None)]}",48.38806555130056,23368.97840319207,9270,9005.387172367002,3,,9270,10202.804,True,8.51292721879991,10.78299903319991,2.2700718144000005
lamf-test-f035cec5-13b9-4feb-9d16-93fce26c2cc2,"{<resource_manager.instance.OnPremInstance object at 0x11227b770>: [(3, 9300, None), (2, 12442.68, None), (1, 13483.752, None)]}",59.50673849065216,23214.919329531796,9300,9007.909997263001,2,16.325994748950855,9300,14622.709665538505,True,25.40723249954659,34.1143069144011,8.707074414854505
lamf-test-7dc86417-03bf-4f7d-b2cc-4f303d7c708b,"{<resource_manager.instance.OnPremInstance object at 0x11227b770>: [(4, 9570, 11952.144), (2, 11952.144, None)]}",122.20824587768153,40895.67792871342,9570,9557.020057156002,2,8.676152468045718,9570,15276.408,True,17.713063625295003,24.274497007695004,6.5614333824
lamf-test-6e11c3c3-b9bf-4aa2-897f-6c03a891a9cd,"{<resource_manager.instance.OnPremInstance object at 0x11227b770>: [(5, 9600, 16176.432), (1, 16176.432, None), (1, 25116.432, None)]}",323.10613238146993,137193.58036276745,9600,9558.986603623001,3,63.61268537531372,9600,33057.56722124289,True,87.77006683776072,111.17498382523296,23.404916987472234
lamf-test-c5a6ffed-1196-4516-a2cc-67f21c8eb5f5,"{<resource_manager.instance.OnPremInstance object at 0x11227b770>: [(2, 9630, None)]}",321.906162634098,137259.63204928982,9630,9560.281138432001,2,13.551093301411688,9630,20762.698,True,30.263902856838936,39.294747474438935,9.0308446176
lamf-test-6718dd63-82fd-49d3-b154-c2385c7724e4,"{<resource_manager.instance.CloudReservedInstance object at 0x1124a44d0>: [(4, 9660, 10971.072), (2, 10971.072, None)]}",53.92864783453742,23665.1508923153,9660,9562.391750554001,1,13.85953365274926,9660,16353.059099095766,True,42.92038117239329,60.40780679769772,17.48742562530443
lamf-test-93fc33e5-0604-48d1-8efe-1dfc9145e379,"{<resource_manager.instance.CloudReservedInstance object at 0x1124a44d0>: [(2, 9690, None)], <resource_manager.instance.CloudReservedInstance object at 0x11249d310>: [(3, 9690, 21156.432)]}",318.63019504491797,137280.69247509903,9690,9565.461431857002,1,109.00479123887749,9690,55483.20546045137,True,294.35735916739276,405.9369984765869,111.57963930919414
lamf-test-561c40aa-4fd2-4142-aa20-b41c53e185e4,"{<resource_manager.instance.CloudReservedInstance object at 0x11249d310>: [(2, 9720, None)], <resource_manager.instance.CloudOnDemandInstance object at 0x11227bb60>: [(1, 15685.896, None)]}",92.22367706149063,40844.393181284126,9720,9567.137987338003,2,73.61308763642093,9720,37747.114123048384,True,94.59126203484628,150.92000810111705,56.32874606627077
lamf-test-d81c27cf-4838-43c5-ac8d-f0f7d5a86a71,"{<resource_manager.instance.CloudReservedInstance object at 0x11249d310>: [(1, 9750, None)], <resource_manager.instance.CloudReservedInstance object at 0x11249d090>: [(3, 9750, 18936.432), (1, 18936.432, None)], <resource_manager.instance.CloudReservedInstance object at 0x11227bcb0>: [(2, 91775.54399999997, None)], <resource_manager.instance.CloudOnDemandInstance object at 0x1122a2780>: [(1, 99245.54399999997, None)], <resource_manager.instance.CloudOnDemandInstance object at 0x11249d6d0>: [(1, 99245.54399999997, None)]}",313.16578296695053,137279.23861918467,9750,9568.137987338003,3,225.8005019393109,9750,127000.12882308141,True,292.6925530731847,519.4631450923202,226.7705920191355
lamf-test-92b10550-cff6-47f7-a077-4b4db1587046,"{<resource_manager.instance.CloudReservedInstance object at 0x11249d090>: [(3, 9780, None)], <resource_manager.instance.CloudReservedInstance object at 0x1122a22c0>: [(1, 9780, 11892.144)], <resource_manager.instance.CloudOnDemandInstance object at 0x1122a23f0>: [(1, 18996.432, None)], <resource_manager.instance.CloudOnDemandInstance object at 0x11227bb60>: [(1, 22176.432, None)]}",81.64667311738593,40704.3674063197,9780,9572.232800012003,2,35.89076538999621,9780,31667.283711830034,True,90.63406307055408,151.7024432747565,61.06838020420241
lamf-test-29b14cf4-c2e0-462e-a5b2-16a34ab23f1f,"{<resource_manager.instance.CloudReservedInstance object at 0x1122a22c0>: [(2, 9810, None)], <resource_manager.instance.CloudReservedInstance object at 0x1124a44d0>: [(2, 21636.432, None)]}",89.42960233211319,40653.89731409196,9810,9573.487012688003,3,35.97667351129363,9810,22707.11663535997,True,42.490839670605936,59.96612754519885,17.475287874592915
lamf-test-0ee3ab93-6383-46f5-aeca-265dafdbd84c,"{<resource_manager.instance.CloudReservedInstance object at 0x1122a22c0>: [(3, 9840, None)], <resource_manager.instance.CloudReservedInstance object at 0x11227bcb0>: [(2, 9840, 10851.072)]}",39.66592451958817,23704.729209376244,9840,9575.824546895003,3,16.02820594722032,9840,13888.299315474018,True,20.523224498322385,29.110647438882847,8.587422940560462
lamf-test-3484ce7d-9fee-4f95-9c2d-f871cc58413f,"{<resource_manager.instance.CloudReservedInstance object at 0x11227bcb0>: [(3, 9870, 13974.288), (2, 13974.288, None)]}",280.48808000057255,137306.62979165514,9870,9576.926347517003,3,110.90325347935203,9870,91571.20279744145,True,169.85493811431328,290.8617735672567,121.00683545294342
lamf-test-0ab21652-7e84-40ef-afc1-d04cb7c18425,"{<resource_manager.instance.CloudReservedInstance object at 0x11227bcb0>: [(1, 9900, None)], <resource_manager.instance.CloudReservedInstance object at 0x1122a2520>: [(1, 9900, None)]}",99.9394489602227,40846.59266568151,9900,9577.926347517003,3,,9900,19689.301557444454,True,17.371437853857373,35.137062320307564,17.765624466450195
lamf-test-107c896d-ee0f-4ca2-89f1-19c67b8002a2,"{<resource_manager.instance.CloudOnDemandInstance object at 0x1122a2780>: [(2, 9930, 14494.824), (1, 14494.824, None)]}",98.1671155759394,40811.52185787423,9930,9583.892576127002,3,13.886452201688341,10330.536,14502.6400119571,False,13.898340576404442,,
lamf-test-34f82a8b-288c-437f-910d-553d4a2c7dfc,"{<resource_manager.instance.OnPremInstance object at 0x11227b770>: [(2, 10360.536, None)]}",332.1651620956545,137379.26858590904,10360.536,9584.892576127002,1,,10360.536,20015.307,True,52.13238580880676,59.96433604400676,7.831950235200001
lamf-test-aa879c60-c521-40a2-972a-cf0714098824,"{<resource_manager.instance.OnPremInstance object at 0x11227b770>: [(2, 10390.536, None), (3, 15655.896, None)]}",56.99333448866139,23803.538321513923,10390.536,9586.164143779002,2,14.313721933918037,10390.536,16468.673,True,19.145073066850255,25.06464485485025,5.919571787999997
lamf-test-cfb32c98-2421-4b31-9da7-090b5212bb9a,"{<resource_manager.instance.CloudOnDemandInstance object at 0x1122a2780>: [(6, 10420.536, None)]}",311.65623815536327,137097.64549047337,10420.536,9587.680221220002,1,1105.3359835728954,10821.072,100026.74662662431,True,1410.6384972021624,2609.462067933644,1198.8235707314814
lamf-test-2e0bd3ff-93cb-46df-ab43-ee2f13d4c7e1,"{<resource_manager.instance.OnPremInstance object at 0x11227b770>: [(3, 10851.072, None)]}",316.2487464140096,137292.03916414798,10851.072,9588.763130122003,1,,10851.072,20290.843,True,75.38032968286562,86.86664303566562,11.486313352800002
lamf-test-75f66efa-1a77-47ea-a0c6-c0317f11e7c2,"{<resource_manager.instance.OnPremInstance object at 0x11227b770>: [(5, 10881.072, 12442.68), (2, 12442.68, None)]}",323.850834844211,137646.14856409415,10881.072,9590.816330023003,3,25.51607574720511,10881.072,25565.632999999998,True,51.79701270058558,65.60929319818558,13.812280497599998
lamf-test-c1ff5343-c068-4179-8505-1de35f1c5237,"{<resource_manager.instance.CloudReservedInstance object at 0x1122a22c0>: [(3, 10911.072, None)], <resource_manager.instance.CloudReservedInstance object at 0x11227bcb0>: [(1, 10911.072, 26556.432)]}",328.6266875432299,137277.4801291445,10911.072,9602.729213773002,2,378.9918263679217,10911.072,137292.88012914453,False,434.43269729435474,,
lamf-test-c8383b87-eaaf-4727-8a38-364a265a9c1b,"{<resource_manager.instance.OnPremInstance object at 0x11227b770>: [(2, 10941.072, None), (3, 16386.432, None)]}",87.74670802746411,40618.875368705296,10941.072,9603.729213773002,2,32.27914673811235,10941.072,20163.384,True,37.25420015794323,49.331134845943225,12.076934687999994
lamf-test-a5bf6748-f8d5-4a59-badc-d9816f45493a,"{<resource_manager.instance.CloudReservedInstance object at 0x1124a44d0>: [(2, 10971.072, None)], <resource_manager.instance.CloudOnDemandInstance object at 0x11227bb60>: [(3, 15655.896, None)]}",54.40376906069801,23764.521401277565,10971.072,9608.131795181002,2,12.735552373502598,10971.072,21681.01453853313,True,45.493757464686425,99.64986503837753,54.1561075736911
lamf-test-9d2ced27-20c6-49c1-84d1-76444fddb91f,"{<resource_manager.instance.CloudOnDemandInstance object at 0x1122a2780>: [(3, 11001.072, 32736.432), (2, 32736.432, None)]}",313.4023701696379,137273.58995755797,11001.072,9610.677176189001,2,70.1135335981552,11401.608,32748.929910389837,False,70.14750878960938,,
lamf-test-6323d458-f602-48c5-98a5-f5c1a1584292,"{<resource_manager.instance.CloudOnDemandInstance object at 0x1122a2780>: [(1, 11431.608, None)], <resource_manager.instance.CloudOnDemandInstance object at 0x11249d6d0>: [(4, 11431.608, None)]}",313.6595923894348,138129.36689864885,11431.608,10162.047437906002,1,,11832.144,68647.03576103956,True,469.94191179498614,762.4843939371814,292.54248214219524
lamf-test-48feb4fc-2742-45dc-808f-e652fe900563,"{<resource_manager.instance.OnPremInstance object at 0x11227b770>: [(3, 11862.144, None)]}",41.254966979320166,24128.676803210852,11862.144,10163.745249989002,1,,11862.144,15397.921000000002,True,28.234587040839624,32.53692049443963,4.302333453600003
lamf-test-bbc839c8-f836-4f9a-a8e0-6cb8342496f2,"{<resource_manager.instance.OnPremInstance object at 0x11227b770>: [(3, 11892.144, 13483.752), (2, 13483.752, None)]}",114.4912360012796,41392.90958083638,11892.144,10165.361401562002,3,35.348975587497144,11892.144,24788.906000000003,True,41.65355844550916,52.76096798470917,11.107409539200003
lamf-test-d4b58a16-b6c8-4064-88b0-a3ec8e4212ba,"{<resource_manager.instance.OnPremInstance object at 0x11227b770>: [(2, 11922.144, None), (4, 12903.216, None)]}",56.907858453854786,24540.810687697936,11922.144,10166.361401562002,2,2.667014564085426,11922.144,13944.652000000002,True,9.291204636286992,12.621488892286996,3.330284256000004
lamf-test-26bbd872-e5de-48b0-8f8f-e6417ce7af20,"{<resource_manager.instance.OnPremInstance object at 0x11227b770>: [(2, 11952.144, None), (2, 21606.432, None), (2, 25086.432, None)]}",298.1380358381042,137408.0444367892,11952.144,10168.201370058003,2,45.16543950689625,11952.144,29065.45,True,77.615959825766,100.776808456166,23.1608486304
lamf-test-032ba352-18f7-47d0-a6f0-b7f2f4956a0a,"{<resource_manager.instance.CloudReservedInstance object at 0x11249d090>: [(3, 11982.144, None)], <resource_manager.instance.CloudOnDemandInstance object at 0x11249d6d0>: [(3, 11982.144, 34356.432)]}",307.62274626708137,138167.29930833468,11982.144,10179.343588077003,3,85.07980835044489,11982.144,34365.98339708131,False,85.09433629489894,,
lamf-test-05c2e1a5-42c3-4e97-863b-94fa07e33793,"{<resource_manager.instance.CloudOnDemandInstance object at 0x11249d6d0>: [(4, 12012.144, None)], <resource_manager.instance.CloudOnDemandInstance object at 0x1122a23f0>: [(2, 27546.432, None)]}",91.04820322006628,41453.79557032579,12012.144,10180.343588077003,2,42.22949216642352,12412.68,41469.195570325785,False,117.92671564110604,,
lamf-test-d2eb5728-b98d-4dc8-9b54-d5b61be5f0ce,"{<resource_manager.instance.OnPremInstance object at 0x11227b770>: [(4, 12442.68, 17406.432), (1, 17406.432, None), (1, 24846.432, None), (3, 26856.432, None)]}",294.31398108778467,137806.64283647598,12442.68,10181.343588077003,2,41.33154265567531,12442.68,31329.122,True,73.90996770918532,95.68195027398532,21.771982564799995
lamf-test-3058457a-d1e2-4d92-baae-1c4c74ce602b,"{<resource_manager.instance.CloudOnDemandInstance object at 0x11249d6d0>: [(1, 12472.68, None)], <resource_manager.instance.CloudOnDemandInstance object at 0x11249d1d0>: [(4, 12472.68, None)]}",296.32729201787157,137976.37537799054,12472.68,10191.909663500002,2,219.1933391984079,12873.216,137991.77537799056,False,477.649405234261,,
lamf-test-7a641bba-d417-49ff-88d9-3fe54ccc21c1,"{<resource_manager.instance.OnPremInstance object at 0x11227b770>: [(5, 12903.216, None)]}",72.4727596207448,24353.155934165756,12903.216,10196.209999889003,1,,12903.216,14063.446000000002,True,15.265023195680296,17.6179696356803,2.3529464400000024
lamf-test-3babe4ac-4db5-41c5-ad0c-7fee914c7ec7,"{<resource_manager.instance.OnPremInstance object at 0x11227b770>: [(3, 12933.216, 14494.824), (2, 14494.824, None)]}",293.72278396528714,137968.15427107323,12933.216,10197.209999889003,2,17.193338141948836,12933.216,35556.521,True,62.292993399130175,81.27840661993018,18.9854132208
lamf-test-efb02442-ed88-49c8-bf51-dea5e65f914e,"{<resource_manager.instance.OnPremInstance object at 0x11227b770>: [(2, 12963.216, None), (1, 22626.432, None)]}",304.7860416350407,138144.34722846458,12963.216,10204.173604620502,3,99.71807437827971,12963.216,46971.327999999994,True,140.4838694957791,177.94553976777908,37.46167027199999
lamf-test-a3da9951-7484-4541-a43a-d268b07d7f2b,"{<resource_manager.instance.OnPremInstance object at 0x11227b770>: [(4, 12993.216, 17466.432), (2, 17466.432, None), (1, 24906.432, None)]}",322.8627978188001,137903.65772506944,12993.216,10205.496674316502,2,36.51758880117819,12993.216,29876.122,True,60.111222918859625,79.45101534925962,19.3397924304
lamf-test-a4d8ead1-b39f-46fe-9cfa-58d32f343ff0,"{<resource_manager.instance.OnPremInstance object at 0x11227b770>: [(4, 13023.216, 13974.288), (1, 13974.288, None), (4, 24426.432, None)]}",84.41713409588449,41404.389233234666,13023.216,10206.496674316502,1,73.59710517910108,13023.216,28767.781999999996,True,97.5744114381321,112.16107805733209,14.586666619199988
lamf-test-1393ec0f-c39a-48b5-8afc-5e45c5c5f7c7,"{<resource_manager.instance.CloudOnDemandInstance object at 0x11249d1d0>: [(6, 13053.216, None)]}",354.69102159935267,137827.36846389913,13053.216,10211.293620212002,3,171.8159069130732,13453.752,88376.01665693772,True,229.13621007510142,632.5756755857519,403.43946551065045
lamf-test-98a6ab80-499b-4f3a-95f7-4dd7df820566,"{<resource_manager.instance.OnPremInstance object at 0x11227b770>: [(2, 13483.752, None)]}",105.87093398460661,41387.60124506907,13483.752,10214.106612170002,1,31.386438512434406,13483.752,22145.908000000003,True,46.77261206175376,53.799353008953766,7.026740947200002
lamf-test-0b319882-7fad-4ae3-8912-b51a1940b68d,"{<resource_manager.instance.OnPremInstance object at 0x11227b770>: [(2, 13513.752, None), (1, 32586.432, None), (1, 42518.04, None)]}",309.96889456321867,138228.91093196423,13513.752,10217.661773834003,3,145.58550764316678,13513.752,55422.508,True,181.85117651532434,230.34392402892433,48.4927475136
lamf-test-151fcd56-358d-466c-9e97-a24b8c315d14,"{<resource_manager.instance.CloudOnDemandInstance object at 0x11249d1d0>: [(2, 13543.752, None)], <resource_manager.instance.CloudOnDemandInstance object at 0x1122a23f0>: [(2, 13543.752, 36316.968)]}",286.90020368365816,137497.81278346377,13543.752,10218.967546892003,1,167.420403072477,13944.288,36328.12739708131,False,167.4421860616843,,
lamf-test-0479ea03-d843-4f1c-b0bd-6f829a2c5a10,"{<resource_manager.instance.CloudReservedInstance object at 0x11227bcb0>: [(2, 13974.288, None)], <resource_manager.instance.CloudOnDemandInstance object at 0x1122a23f0>: [(3, 13974.288, None)]}",326.10114994784385,138518.95690325007,13974.288,10763.210066909003,3,,13974.288,80852.63223660506,True,440.8033437654908,809.8514229319248,369.04807916643404
lamf-test-724d0d5f-301b-4490-8457-7773ef64d695,"{<resource_manager.instance.OnPremInstance object at 0x11227b770>: [(5, 14004.288, 15135.36), (1, 15135.36, None)]}",109.55462846539683,41881.58289696037,14004.288,10770.347745722003,2,7.125663728325462,14004.288,21469.476,True,17.378474169896787,22.241405635496786,4.862931465599999
lamf-test-2674780b-0edf-4613-bd86-e3e24ce33fcb,"{<resource_manager.instance.OnPremInstance object at 0x11227b770>: [(5, 14034.288, 18006.432), (2, 18006.432, 22476.432), (1, 22476.432, None), (1, 34386.432, None), (1, 49281.792, None)]}",302.61464185285956,138253.71185034618,14034.288,10771.616934872003,1,193.7392616929044,14034.288,52269.28099999999,True,218.958767282683,251.18932796188298,32.23056067919998
lamf-test-15ce12ce-cdd4-4322-97b9-e92908eec275,"{<resource_manager.instance.CloudOnDemandInstance object at 0x1122a23f0>: [(4, 14064.288, 17436.432), (2, 17436.432, None)]}",62.79223748275714,25044.184673299584,14064.288,10774.167402128003,2,12.281892063706291,14464.824,17444.457932468624,False,12.303710318415613,,
lamf-test-6fdb4590-cea7-4d20-bffa-249d0757fa2a,"{<resource_manager.instance.OnPremInstance object at 0x11227b770>: [(6, 14494.824, 15135.36), (2, 15135.36, None)]}",88.08906902383775,41835.24712027267,14494.824,10787.900590229003,1,43.40535888660735,14494.824,26046.918,True,69.00232489162674,79.41258915082675,10.410264259200002
lamf-test-e4ed1a21-f292-441c-946a-d7b9f0990c7d,"{<resource_manager.instance.OnPremInstance object at 0x11227b770>: [(2, 14524.824, None), (1, 34116.432, None)]}",297.2172710903451,138393.26383343368,14524.824,10793.898511085003,1,105.78782934063427,14524.824,45028.773,True,195.41691352954598,224.587762467946,29.1708489384
lamf-test-c777b76c-0cc3-4d24-b87d-dcc762dd2026,"{<resource_manager.instance.OnPremInstance object at 0x11227b770>: [(2, 14554.824, 17046.432), (1, 17046.432, None), (3, 24486.432, None)]}",310.2741421688458,138948.82984737764,14554.824,10794.898511085003,1,125.7513246634725,14554.824,36140.24599999999,True,160.24228123811685,184.18828548131683,23.946004243199987
lamf-test-38f0df60-c850-46c3-8ecc-b21d5524ac44,"{<resource_manager.instance.OnPremInstance object at 0x11227b770>: [(6, 14584.824, 16326.432), (2, 16326.432, None)]}",82.2505270696069,42067.92830601901,14584.824,10795.898511085003,3,39.9872963723477,14584.824,27568.319999999996,True,50.092667122975115,63.450463897375116,13.357796774399997
lamf-test-ecaffeb0-92d2-4398-a844-9e4844c48df5,"{<resource_manager.instance.OnPremInstance object at 0x11227b770>: [(3, 14614.824, 15135.36), (1, 15135.36, None), (2, 16746.432, None)]}",106.56838267415606,41957.987066607835,14614.824,10796.898511085003,1,8.690086242299795,14614.824,19764.420000000006,True,33.47848870636554,38.43761551276555,4.959126806400006
lamf-test-3c60492c-5568-42f7-a13b-d4f3117a23dc,"{<resource_manager.instance.OnPremInstance object at 0x11227b770>: [(6, 14644.824, 20106.432), (1, 20106.432, None)]}",288.51703100665657,138555.26279208783,14644.824,10812.501877379003,2,23.604249782746855,14644.824,24086.895,True,31.680754283536544,46.586599305136545,14.905845021600001
lamf-test-04f3f31f-b20f-4cb7-a3dd-c0c2f380b4cc,"{<resource_manager.instance.OnPremInstance object at 0x11227b770>: [(4, 14674.824, 15165.36), (2, 15165.36, None), (2, 20436.432, None)]}",63.69847192731158,25460.540902736568,14674.824,11361.745887515004,3,23.399936116814963,14674.824,21813.804,True,27.399461556011854,34.705849101611854,7.3063875456
lamf-test-b6b347a8-b100-462f-bbd1-cdcde8345e59,"{<resource_manager.instance.CloudOnDemandInstance object at 0x1122a2780>: [(2, 14704.824, None)], <resource_manager.instance.CloudOnDemandInstance object at 0x1122a23f0>: [(2, 14704.824, None)]}",310.4633474601291,139158.68165184528,14704.824,11367.987712415004,1,824.5343554642935,15105.36,139174.0816518453,False,1344.1808948636424,,
lamf-test-d4113937-9912-4267-ad39-f41249bcbcef,"{<resource_manager.instance.OnPremInstance object at 0x11227b770>: [(2, 15135.36, None), (1, 17076.432, None), (2, 18696.432, None)]}",44.164232744169574,25692.459787512584,15135.36,11370.822082088005,3,18.77274925849874,15135.36,20187.78,True,24.638959616700873,31.209226967100868,6.570267350399996
lamf-test-198ba68c-5a75-4dd3-95a5-23cb4a91c31d,"{<resource_manager.instance.OnPremInstance object at 0x11227b770>: [(5, 15165.36, 16446.432), (1, 16446.432, None)]}",75.79076386942039,42543.32562936464,15165.36,11374.672295519005,2,14.74422444345183,15165.36,22150.791999999998,True,16.700946030961003,21.612648462961,4.9117024319999985
lamf-test-9bb4d80d-2aee-48e9-ac53-5a922312b6c8,"{<resource_manager.instance.OnPremInstance object at 0x11227b770>: [(6, 15195.36, None)]}",62.348183689222225,25572.59308842023,15195.36,11375.958719531005,2,20.965604855216515,15195.36,20723.981000000003,True,23.893869907569304,37.34832197316931,13.454452065600007
lamf-test-8fdaa8c6-0ab8-4102-bf2c-7c6a5957696b,"{<resource_manager.instance.CloudOnDemandInstance object at 0x1122a23f0>: [(1, 15225.36, None)], <resource_manager.instance.CloudOnDemandInstance object at 0x11227bb60>: [(2, 15225.36, None)]}",305.80076715201267,138779.0441303249,15225.36,11383.676701466005,3,279.2411529393869,15625.896,128186.57457174573,True,400.9067873360307,938.715129912112,537.8083425760814
lamf-test-c89d3402-a23f-46ae-8720-cd373edbf82e,"{<resource_manager.instance.OnPremInstance object at 0x11227b770>: [(3, 15655.896, None)]}",59.063695813800784,25614.41665866255,15655.896,11385.532275215006,3,13.32665297741273,15655.896,19274.498999999996,True,16.511991786447616,20.91510791684761,4.403116130399995
lamf-test-d457b8b2-16f3-450b-ba2f-e7b966006e63,"{<resource_manager.instance.CloudOnDemandInstance object at 0x11227bb60>: [(6, 15685.896, None)]}",308.6020686022321,138999.98759312707,15685.896,11394.116524886005,1,1253.9569609856255,16086.432,139015.3875931271,False,1303.7340734234285,,
lamf-test-87f7683b-4f57-45f2-93ec-cd6117faec52,"{<resource_manager.instance.OnPremInstance object at 0x11227b770>: [(2, 16176.432, None)]}",62.86965238334432,25459.140125516307,16176.432,11395.665462131004,1,1.9438740588637917,16176.432,18582.779,True,12.99343197201307,14.945460658413069,1.9520286863999983
lamf-test-95f36198-5f8e-46dc-93db-fc5d6a810881,"{<resource_manager.instance.OnPremInstance object at 0x11227b770>: [(3, 16326.432, 23286.432), (2, 23286.432, None), (1, 28266.432, None)]}",312.84764381313755,139187.65694227678,16326.432,11396.665462131004,2,78.3897420459761,16326.432,40187.664,True,92.58554520338154,119.60000430098154,27.014459097599996
lamf-test-067d037c-dcca-41c3-b8b9-a8b36009d0a4,"{<resource_manager.instance.OnPremInstance object at 0x11227b770>: [(4, 16446.432, None), (1, 19356.432, None)]}",61.80548621708826,25687.079325260274,16446.432,11397.964796292004,2,16.55344665142639,16446.432,20960.013,True,19.692913920035522,27.66616018803552,7.973246267999997
lamf-test-55d518fc-620c-44fe-a18a-2336d48b9fc1,"{<resource_manager.instance.OnPremInstance object at 0x11227b770>: [(3, 16506.432, None), (2, 22776.432, None)]}",83.99778340603386,42768.39945674891,16506.432,11403.127338057004,3,28.610540725530456,16506.432,24369.476000000002,True,40.725865084797334,51.58589431679734,10.860029232000004
lamf-test-64282f81-8a38-42e2-8686-39f8e7fadae5,"{<resource_manager.instance.OnPremInstance object at 0x11227b770>: [(5, 16536.432, None)]}",308.1387838586121,139234.81506856965,16536.432,11412.183529947004,2,,16536.432,21016.413,True,17.9279801240933,27.013381592093296,9.085401467999999
lamf-test-6ca33400-5b63-4867-9fb5-39d7d8646a8a,"{<resource_manager.instance.OnPremInstance object at 0x11227b770>: [(6, 16926.432, 17436.432), (2, 17436.432, None), (1, 23316.432, None)]}",105.93846150050236,42677.72646033992,16926.432,11417.276349654005,1,39.77869039470682,16926.432,25223.987999999998,True,55.446501483002486,63.77860762380248,8.332106140799995
lamf-test-e1a8ae4a-b274-4245-9dc7-b8b20b25f60b,"{<resource_manager.instance.OnPremInstance object at 0x11227b770>: [(4, 17436.432, 19926.432), (2, 19926.432, None), (2, 31836.432, None), (1, 36807.504, None)]}",307.3714712616934,139294.71008409667,17436.432,11419.652773218004,3,136.23388546657537,17436.432,49648.707999999984,True,179.28406418739053,227.0922611121905,47.80819692479996
lamf-test-5f552717-b86e-4e0e-9794-6b12cd0fea27,"{<resource_manager.instance.OnPremInstance object at 0x11227b770>: [(2, 17466.432, None), (2, 19446.432, None)]}",43.981392744961866,26200.091351947485,17466.432,11963.109535494004,2,16.637034929345454,17466.432,23498.224,True,27.411918173364192,35.59172151416419,8.179803340799996
lamf-test-0ee69e3c-f7ac-4d00-b4dc-243374763ca6,"{<resource_manager.instance.OnPremInstance object at 0x11227b770>: [(2, 17496.432, None)]}",95.71047451977611,43193.72255721112,17496.432,11964.640057083005,3,,17496.432,19722.824000000004,True,6.772810099627358,8.57885929002736,1.8060491904000027
lamf-test-60d40a4b-09c7-4a73-b379-b1d85406ff0e,"{<resource_manager.instance.CloudReservedInstance object at 0x1124a44d0>: [(2, 17526.432, None)], <resource_manager.instance.CloudOnDemandInstance object at 0x1122a23f0>: [(2, 17526.432, 19266.432)]}",57.165191884420324,26264.141124994505,17526.432,11965.956502038005,3,10.586356376910791,17526.432,19275.767759758874,False,10.614756284915575,,
lamf-test-87976d93-8677-4270-9b15-bf91d2c51eaa,"{<resource_manager.instance.OnPremInstance object at 0x11227b770>: [(3, 17586.432, 20076.432), (1, 20076.432, None), (2, 37947.504, None)]}",311.39111778496914,139724.20005090753,17586.432,11970.794471124005,2,44.29325366795202,17586.432,45886.845,True,81.98532433825685,101.92425327025684,19.938928932
lamf-test-68fc4f1f-0368-4356-8862-a5c873470b2b,"{<resource_manager.instance.OnPremInstance object at 0x11227b770>: [(4, 18006.432, 21996.432), (2, 21996.432, None)]}",313.35740939256686,139828.91662766194,18006.432,11971.835785971005,2,59.118041477487125,18006.432,41384.75499999999,True,67.23879298561164,89.43997660321163,22.20118361759999
lamf-test-6ffd71d7-ab96-484d-939d-8341469b380b,"{<resource_manager.instance.CloudReservedInstance object at 0x11249d310>: [(1, 18936.432, None)], <resource_manager.instance.CloudReservedInstance object at 0x11249d090>: [(1, 18936.432, None)], <resource_manager.instance.CloudOnDemandInstance object at 0x1122a23f0>: [(1, 18936.432, 48861.792)]}",291.65416309527114,139815.84145807015,18936.432,11973.405075543005,3,166.07103201764386,18936.432,139831.24145807017,False,198.75433044093361,,
lamf-test-20e1ba49-4666-4d28-9ab3-d9b988f76cc5,"{<resource_manager.instance.CloudReservedInstance object at 0x1124a44d0>: [(2, 19746.432, None)], <resource_manager.instance.CloudReservedInstance object at 0x11227bcb0>: [(1, 19746.432, None)], <resource_manager.instance.CloudReservedInstance object at 0x1122a2520>: [(1, 19746.432, None)], <resource_manager.instance.CloudOnDemandInstance object at 0x1122a23f0>: [(2, 19746.432, 26856.432)]}",285.6765311197183,139360.1369933421,19746.432,11974.405075543005,1,101.47615788272873,19746.432,26865.805970129946,False,101.55932997554899,,
lamf-test-6012bbf1-8566-4834-b341-39822809aef2,"{<resource_manager.instance.OnPremInstance object at 0x11227b770>: [(5, 19806.432, 21246.432), (2, 21246.432, None), (2, 22206.432, None)]}",93.62462651407313,43185.48843418172,19806.432,11979.282253663005,1,66.89482089892768,19806.432,30911.791999999998,True,118.14138869876034,135.96403676276032,17.822648063999992
lamf-test-92b1912c-cdf4-4496-9665-6c2a64a15900,"{<resource_manager.instance.OnPremInstance object at 0x11227b770>: [(5, 19866.432, 20676.432), (2, 20676.432, None)]}",99.7921660649438,43324.281739739585,19866.432,11980.282253663005,3,13.461099703399498,19866.432,27343.998,True,26.443276294775263,33.49468583397526,7.0514095392
lamf-test-3d2e4ca8-d6e8-4002-a809-14108f6da5be,"{<resource_manager.instance.OnPremInstance object at 0x11227b770>: [(5, 19926.432, 24426.432), (1, 24426.432, None)]}",306.2018292174168,139740.41495988404,19926.432,11981.333815502005,2,34.13893187261762,19926.432,47251.427,True,64.3208388685435,82.7046568405435,18.383817972000003
lamf-test-a7986f20-c88c-442a-a9bb-9d4e408bd120,"{<resource_manager.instance.OnPremInstance object at 0x11227b770>: [(4, 20076.432, None)]}",50.00049139574834,26087.525059537846,20076.432,11982.333815502005,1,12.368240930869268,20076.432,22710.205,True,27.841999163434494,32.1150324786345,4.273033315200002
lamf-test-bf2ee2bb-aeee-4553-ba75-b56c3562dc59,"{<resource_manager.instance.OnPremInstance object at 0x11227b770>: [(2, 20106.432, None), (2, 21696.432, None)]}",94.73625576454592,43349.19196259962,20106.432,11985.233031858004,1,74.35318275154003,20106.432,28849.528000000002,True,85.83387573199485,98.72886668239485,12.8949909504
lamf-test-404ab15a-5fdc-47da-96ca-6bf36dbfc057,"{<resource_manager.instance.OnPremInstance object at 0x11227b770>: [(4, 20226.432, 27696.432), (1, 27696.432, None), (1, 34816.968, None)]}",285.63536765098837,139892.39112203455,20226.432,11987.130640488005,2,41.65477128414048,20226.432,43262.246,True,75.92632500913183,97.78455192433182,21.8582269152
lamf-test-398c2e41-0ba6-4e76-8602-21bfa67e2257,"{<resource_manager.instance.OnPremInstance object at 0x11227b770>: [(5, 20286.432, 26256.432), (2, 26256.432, None)]}",308.43937206382503,139859.9153851009,20286.432,11990.259420954006,2,23.890735550181354,20286.432,41131.009999999995,True,64.32682603143516,88.50024370503516,24.173417673599992
lamf-test-58d64335-ff0b-41b5-93cb-bcafe6abca1b,"{<resource_manager.instance.OnPremInstance object at 0x11227b770>: [(6, 20766.432, 21576.432), (2, 21576.432, None), (3, 25536.432, None)]}",83.27713277836911,43276.209932101956,20766.432,11991.259420954006,2,14.265838636864524,20766.432,27287.43,True,24.674211623627265,33.40880356762726,8.734591943999998
lamf-test-78749043-3668-43d0-99ce-4ee040f7f664,"{<resource_manager.instance.OnPremInstance object at 0x11227b770>: [(2, 20796.432, None), (2, 21276.432, None)]}",57.07835905715178,26112.156709107927,20796.432,11992.259420954006,2,6.361219237690909,20796.432,22701.68,True,9.053852660791717,11.755551015991717,2.701698355199999
lamf-test-59fd6bbc-b1e0-4afd-a720-743bb563c136,"{<resource_manager.instance.OnPremInstance object at 0x11227b770>: [(2, 20826.432, None), (1, 29496.432, None)]}",321.20760313523465,139673.64531897285,20826.432,11994.737080967006,2,23.569132816572726,20826.432,38429.547,True,65.97915171939601,83.88207005139601,17.902918332
lamf-test-4cc1e286-0e7f-464c-8240-c10883a7da2a,"{<resource_manager.instance.OnPremInstance object at 0x11227b770>: [(4, 21006.432, 25476.432), (2, 25476.432, None), (3, 32946.432, None)]}",316.2330750787407,139588.49612276413,21006.432,11997.941424272007,3,49.920146018708635,21006.432,36428.710999999996,True,76.40336907749634,96.77722288949633,20.37385381199999
lamf-test-0aaede3d-34d4-43d5-b971-8a2a954407b0,"{<resource_manager.instance.OnPremInstance object at 0x11227b770>: [(2, 21036.432, 23526.432), (1, 23526.432, None), (1, 49311.792, None), (1, 54792.864, None), (1, 59772.864, None)]}",291.4038438976179,139529.2866218187,21036.432,12001.269006683007,1,158.88871001597082,21036.432,61772.47,True,181.3954928891931,207.6239932859931,26.228500396799998
lamf-test-a7598ecc-5cec-4bf9-9a0f-c71ca0dbae0e,"{<resource_manager.instance.OnPremInstance object at 0x11227b770>: [(6, 21066.432, 23556.432), (1, 23556.432, None)]}",294.2224632206372,139727.73820437473,21066.432,12002.269006683007,3,22.724161533196437,21066.432,33974.966,True,38.571045706897856,48.85646709729785,10.2854213904
lamf-test-5c0e0bc7-fda1-478e-8de8-178b5b80a83c,"{<resource_manager.instance.OnPremInstance object at 0x11227b770>: [(4, 21546.432, 22686.432), (2, 22686.432, None), (3, 25086.432, None)]}",109.02475346006189,43257.181060749805,21546.432,12006.958601610007,2,21.197716859272386,21546.432,27530.54,True,25.204784541451726,33.957851565451726,8.753067024
lamf-test-95c3a7f0-6def-4a58-8473-af92a11ec586,"{<resource_manager.instance.OnPremInstance object at 0x11227b770>: [(3, 21576.432, 27036.432), (2, 27036.432, 31026.432), (1, 31026.432, None), (2, 63972.864, None)]}",312.05091942501133,139989.28958930896,21576.432,12010.993613397008,1,157.85291535477984,21576.432,78854.367,True,280.082919461556,321.434221131156,41.35130166959999
lamf-test-225e7631-1dba-46ce-9a30-f911bc78acd8,"{<resource_manager.instance.CloudReservedInstance object at 0x1124a44d0>: [(2, 21726.432, None)], <resource_manager.instance.CloudReservedInstance object at 0x11249d310>: [(1, 21726.432, None)], <resource_manager.instance.CloudOnDemandInstance object at 0x11227bb60>: [(2, 21726.432, None)]}",48.6051907309817,26410.3852831654,21726.432,12011.993613397008,1,33.696859076735876,21726.432,26425.7852831654,False,49.79668092283666,,
lamf-test-19917d27-b721-40ad-a37a-4370c7a734bc,"{<resource_manager.instance.OnPremInstance object at 0x11227b770>: [(2, 21846.432, None)]}",301.1069329229973,139374.70925433168,21846.432,12013.390074628007,2,12.151559825845455,21846.432,41397.683,True,53.14948460774513,69.00945941894513,15.859974811199997
lamf-test-c5f3d318-ed60-437f-9c1e-4a6f0f18365e,"{<resource_manager.instance.OnPremInstance object at 0x11227b770>: [(5, 22026.432, 27486.432), (1, 27486.432, None)]}",302.37657057421836,139635.1688108151,22026.432,12015.467156761008,2,44.04965229423392,22026.432,45874.964,True,59.16082006779473,77.69208864699473,18.5312685792
lamf-test-68ff13a7-de65-4a50-8bee-581fe346b072,"{<resource_manager.instance.OnPremInstance object at 0x11227b770>: [(4, 22566.432, 25566.432), (1, 25566.432, None)]}",316.0799972187193,139540.18666567566,22566.432,12016.467156761008,1,31.713438284280173,22566.432,32518.712,True,51.27647425659745,58.96351902459745,7.687044767999999
lamf-test-e3ac6e81-3f29-40d1-91c8-119f86b94741,"{<resource_manager.instance.OnPremInstance object at 0x11227b770>: [(2, 22596.432, None)]}",292.3170995981352,139926.1386610091,22596.432,12017.467156761008,2,,22596.432,51794.754,True,79.37475539089475,103.06043419729474,23.6856788064
lamf-test-cd918581-b0d1-458e-92b2-5c59b3bd83b5,"{<resource_manager.instance.OnPremInstance object at 0x11227b770>: [(3, 22686.432, 24186.432), (2, 24186.432, None)]}",301.10787935133226,139659.28523144676,22686.432,12018.467156761008,2,37.815168322639806,22686.432,41790.574,True,52.6950007101357,68.80068070053571,16.1056799904
lamf-test-3231937d-3960-4134-90c2-f2e92cf6e932,"{<resource_manager.instance.OnPremInstance object at 0x11227b770>: [(2, 22746.432, None), (2, 24816.432, None)]}",109.51414052886817,43002.00684964039,22746.432,12019.467156761008,2,24.547781930063636,22746.432,31460.721999999998,True,41.75183528188667,54.210715377886665,12.458880095999994
lamf-test-5e0241b4-8be0-4af4-bde6-0b42fa40fc67,"{<resource_manager.instance.CloudReservedInstance object at 0x1124a44d0>: [(2, 22806.432, None)]}",98.3173256377796,43227.17119358636,22806.432,12022.799002163008,3,6.205795117499429,22806.432,26146.262372875943,True,10.159952461406773,17.45681386006613,7.296861398659357
lamf-test-d56ac58c-44ed-4cac-88e0-685510119191,"{<resource_manager.instance.CloudReservedInstance object at 0x1122a22c0>: [(2, 22836.432, None)]}",70.70390367140996,26087.043713693856,22836.432,12025.045295966009,2,5.5456783097818185,22836.432,26102.443713693858,False,8.878554078492828,,
lamf-test-093fc8c1-409b-4af5-91bd-f1586aa318b7,"{<resource_manager.instance.OnPremInstance object at 0x11227b770>: [(6, 22926.432, None)]}",48.98947611555658,26182.230517236178,22926.432,12027.82548730401,1,9.445585215605751,22926.432,25062.839,True,33.63269062286104,38.83185069806104,5.199160075199998
lamf-test-412a625e-1641-430d-83ff-ad06d8ff7ded,"{<resource_manager.instance.OnPremInstance object at 0x11227b770>: [(5, 23526.432, None)]}",48.58977843534464,26852.598051467277,23526.432,12570.90891520701,1,13.81473876340406,23526.432,25583.94,True,27.07041478439422,31.243041008394215,4.172626223999996
lamf-test-499e704f-e77f-4d06-942d-f6729f7df6df,"{<resource_manager.instance.OnPremInstance object at 0x11227b770>: [(3, 23556.432, 31026.432), (2, 31026.432, None), (3, 42938.04, None)]}",295.12516285873096,140233.55574882607,23556.432,12576.00328045701,2,56.47793786523187,23556.432,47910.172999999995,True,86.03354832497627,114.86922645857626,28.83567813359999
lamf-test-b31f9afe-254c-4126-a484-8628eb9333c1,"{<resource_manager.instance.OnPremInstance object at 0x11227b770>: [(6, 23586.432, None)]}",58.325064065435534,26754.845385363493,23586.432,12577.072888592009,1,30.2258726899384,23586.432,26315.949774769342,True,42.969821231824,49.61237568850267,6.64255445667867
lamf-test-893ff824-f1d2-4433-939e-c7c4d678a42b,"{<resource_manager.instance.OnPremInstance object at 0x11227b770>: [(2, 24186.432, 28176.432), (1, 28176.432, None), (4, 50721.792, None)]}",291.47945752946964,140287.5355361627,24186.432,12579.245450150009,1,138.2718831850331,24186.432,57399.126000000004,True,174.36148026465895,200.28419963265895,25.922719368000003
lamf-test-9ad3c991-d587-4e6c-87f0-aa8b942b2b5d,"{<resource_manager.instance.OnPremInstance object at 0x11227b770>: [(6, 25686.432, 28686.432), (1, 28686.432, None), (1, 33666.432, None)]}",294.2702271699325,140421.00410032898,25686.432,12580.245450150009,2,23.070151090281673,25686.432,50035.172999999995,True,89.49569523364423,112.09470593284422,22.599010699199997
lamf-test-50bd9009-28ec-4253-bcf7-ae2b62692323,"{<resource_manager.instance.OnPremInstance object at 0x11227b770>: [(3, 26106.432, None), (2, 27696.432, None)]}",96.71534015432012,43763.44391398264,26106.432,12584.454609402008,2,27.063282506071605,26106.432,32697.752,True,34.85809875657658,46.93548771657658,12.07738896
lamf-test-65b278d1-c75b-4135-b5aa-f825706c680d,"{<resource_manager.instance.CloudReservedInstance object at 0x1124a44d0>: [(2, 26226.432, None)], <resource_manager.instance.CloudReservedInstance object at 0x1122a22c0>: [(2, 26226.432, None)]}",46.808209305960055,26812.41342860584,26226.432,12586.118060630508,1,,26226.432,26827.81342860584,False,6.49449865860745,,
lamf-test-4e05654b-8014-4960-848f-0c1b470c0ee8,"{<resource_manager.instance.OnPremInstance object at 0x11227b770>: [(5, 26346.432, None)]}",119.66024806020059,43808.07322919156,26346.432,12606.677906253008,3,14.60187086470454,26346.432,29804.64083088789,True,26.30016602698219,33.31341353602283,7.013247509040637
lamf-test-2b6c6b3a-28c9-458c-9ffa-76aefcc26451,"{<resource_manager.instance.CloudReservedInstance object at 0x1124a44d0>: [(2, 26466.432, None)], <resource_manager.instance.CloudReservedInstance object at 0x11249d310>: [(1, 26466.432, None)], <resource_manager.instance.CloudOnDemandInstance object at 0x11227bb60>: [(2, 26466.432, None)]}",317.28833254019617,140280.9460600141,26466.432,12607.743859644008,1,807.237378355768,26466.432,121157.79819392531,True,1003.3967366101548,1564.272636850013,560.8759002398583
lamf-test-2f12deb2-00c6-45f2-bf9e-431fba73627e,"{<resource_manager.instance.CloudReservedInstance object at 0x1124a44d0>: [(2, 26856.432, None)], <resource_manager.instance.CloudReservedInstance object at 0x1122a22c0>: [(3, 26856.432, None)], <resource_manager.instance.CloudReservedInstance object at 0x11227bcb0>: [(1, 26856.432, 27666.432)], <resource_manager.instance.CloudOnDemandInstance object at 0x1122a23f0>: [(2, 36867.504, None)]}",93.49967154984164,43900.74487099726,26856.432,12614.440262265009,1,135.57979101072326,26856.432,43688.08265400662,True,263.7023043227344,349.21363987574165,85.51133555300727
lamf-test-f9efe039-70ce-49b9-a1a8-bee3de1d2b34,"{<resource_manager.instance.CloudReservedInstance object at 0x1124a44d0>: [(2, 26886.432, None)], <resource_manager.instance.CloudReservedInstance object at 0x1122a22c0>: [(2, 26886.432, None)], <resource_manager.instance.CloudReservedInstance object at 0x1122a2520>: [(1, 26886.432, 31176.432)]}",307.9037058422363,140315.68476778455,26886.432,13173.23337874451,3,614.5921241159019,26886.432,139060.56986737857,True,685.7427203125928,1067.154740926397,381.41202061380415
lamf-test-8f4c62d4-1881-4ae7-91f8-3b9d5e4e648b,"{<resource_manager.instance.OnPremInstance object at 0x11227b770>: [(6, 27306.432, None)]}",53.33256697567134,27302.377353406722,27306.432,13174.32225633301,2,,27306.432,27321.832000000002,False,0.06655648787945527,,
lamf-test-920c97be-abc7-45c8-bf90-73719c07896c,"{<resource_manager.instance.OnPremInstance object at 0x11227b770>: [(3, 27366.432, None)]}",49.27955402462038,27381.08788965376,27366.432,13176.08230086901,2,,27366.432,27396.487889653763,False,0.09695374859498562,,
lamf-test-915cb3ce-20ce-43ae-8b31-7f523a6333eb,"{<resource_manager.instance.OnPremInstance object at 0x11227b770>: [(2, 27396.432, None)]}",71.69092063889612,27217.259627981475,27396.432,13179.91231315501,3,,27396.432,27411.832000000002,False,0.04684766902426482,,
lamf-test-eb592d2c-c121-4645-b005-4e7f00d8eb14,"{<resource_manager.instance.OnPremInstance object at 0x11227b770>: [(5, 27486.432, None)]}",65.43723826831173,27515.03216807283,27486.432,13181.21910011101,1,,27486.432,27530.43216807283,False,0.578905549973364,,
lamf-test-821bad57-9b5b-4590-ab6a-b75593f800f8,"{<resource_manager.instance.OnPremInstance object at 0x11227b770>: [(4, 27516.432, 31986.432), (1, 31986.432, None), (1, 36957.504, None), (2, 39957.504, None), (2, 52722.864, None)]}",293.93899056747387,141050.53782407253,27516.432,13190.195445795009,3,121.54918548939082,27516.432,58186.448000000004,True,171.410778005932,217.119470895532,45.70869288960001
lamf-test-2ec8c349-ada1-458e-a7a4-ab9b6322b2cf,"{<resource_manager.instance.OnPremInstance object at 0x11227b770>: [(4, 27546.432, None)]}",57.00450481534605,27347.37904128215,27546.432,13191.195445795009,2,,27546.432,27561.832000000002,False,0.05608928259916977,,
lamf-test-3d742955-a0c8-4cdc-8c38-f5e5804b4cff,"{<resource_manager.instance.OnPremInstance object at 0x11227b770>: [(4, 27606.432, 32586.432), (2, 32586.432, None)]}",303.65987588610506,141032.19718042243,27606.432,13192.708588888008,1,52.64430755190509,27606.432,44491.638,True,116.92825507643165,134.66531018363165,17.7370551072
lamf-test-b18ea74a-e7ea-41d7-821c-d4f1a5e50746,"{<resource_manager.instance.OnPremInstance object at 0x11227b770>: [(4, 27666.432, None)]}",93.66823018165961,44111.74087216905,27666.432,13193.708588888008,3,48.98036960985626,27666.432,37676.757999999994,True,60.90395315233093,77.14470605473092,16.24075290239999
lamf-test-cf4eee4f-df46-4434-9c29-6bf0f44daf4d,"{<resource_manager.instance.OnPremInstance object at 0x11227b770>: [(6, 27726.432, None)]}",53.667029478259835,27295.474667869323,27726.432,13195.492488269008,2,,27726.432,27741.832000000002,False,0.06655648787945527,,
lamf-test-7c801ce0-8eb2-4e0d-9312-eaf55e74d22a,"{<resource_manager.instance.CloudReservedInstance object at 0x1124a44d0>: [(2, 27756.432, None)]}",282.54429039316733,140911.80911699877,27756.432,13204.037322665008,2,119.03354837681889,27756.432,87369.11595207854,True,162.05527861809836,292.29707051659955,130.2417918985012
lamf-test-4d1918b0-1458-45e2-b527-a49166860d07,"{<resource_manager.instance.OnPremInstance object at 0x11227b770>: [(6, 27846.432, None)]}",99.90881249240506,44350.893282272984,27846.432,13215.824487620008,2,15.169693016679606,27846.432,33026.03199999999,True,22.385453546778788,34.99052810677877,12.605074559999979
lamf-test-4fd50982-b738-4cdf-bdb5-50cd3dff6874,"{<resource_manager.instance.OnPremInstance object at 0x11227b770>: [(2, 27876.432, None)]}",66.98837614575113,27452.375939364698,27876.432,13217.737631161508,2,,27876.432,27891.832000000002,False,0.04186443429933729,,
lamf-test-308f236e-0576-4952-874f-b146870f6d77,"{<resource_manager.instance.OnPremInstance object at 0x11227b770>: [(3, 27906.432, None)]}",296.126707886245,140754.49378278962,27906.432,13219.621106924009,3,,27906.432,40325.157,True,56.66769336071183,71.77879794071183,15.11110458
lamf-test-17fee575-0b26-45f7-83d5-67d080c53e61,"{<resource_manager.instance.OnPremInstance object at 0x11227b770>: [(5, 28686.432, 34146.432), (2, 34146.432, None)]}",339.37001802300927,141047.1007411733,28686.432,13225.06471903701,3,41.52407027150354,28686.432,49023.100999999995,True,86.77973686211877,109.92057075491877,23.140833892799996
lamf-test-c8945c61-1ea7-4681-928a-edc22713889d,"{<resource_manager.instance.OnPremInstance object at 0x11227b770>: [(5, 28806.432, 34266.432), (2, 34266.432, None)]}",305.7727422550137,141053.78622083215,28806.432,13226.259114125009,2,21.849818442879428,28806.432,38248.503,True,32.67495803734569,46.978094032545684,14.303135995199996
lamf-test-416bbbfd-81e6-4f7c-9a56-8c0e7175f623,"{<resource_manager.instance.OnPremInstance object at 0x11227b770>: [(3, 28866.432, 31866.432), (2, 31866.432, None)]}",318.1012839054559,140884.93253758483,28866.432,13227.259114125009,2,9.677346075448744,28866.432,38818.712,True,28.576909016394787,37.86699855239479,9.290089536
lamf-test-3e7fd149-2562-452d-b778-aa63ebe3ca13,"{<resource_manager.instance.CloudReservedInstance object at 0x1122a22c0>: [(2, 28896.432, None)], <resource_manager.instance.CloudOnDemandInstance object at 0x1122a23f0>: [(1, 43118.04, None)]}",306.14407437283273,140938.03864262791,28896.432,13229.704936743008,2,200.52894448345637,28896.432,83089.98878134605,True,228.42808619393537,346.3035564878347,117.87547029389938
lamf-test-e18205c9-e6f7-4d1b-94fe-6bdf96998c05,"{<resource_manager.instance.OnPremInstance object at 0x11227b770>: [(6, 29106.432, None)]}",110.9772195614234,44993.63475795209,29106.432,13774.644322458009,1,60.92402464065709,29106.432,34139.812,True,79.23869952087607,91.48793308887606,12.249233567999994
lamf-test-55230e23-b521-4f16-a8cb-73a7c6580475,"{<resource_manager.instance.OnPremInstance object at 0x11227b770>: [(4, 29826.432, 33306.432), (1, 33306.432, None), (1, 39267.504, None), (2, 51171.792, None)]}",312.3489385286271,141342.20364073414,29826.432,13776.554941239008,2,140.30898936094914,29826.432,65277.471000000005,True,168.66615718089747,209.27173201929747,40.60557483840001
lamf-test-56207b5b-5fb7-4cc8-b917-b36e1b064de2,"{<resource_manager.instance.OnPremInstance object at 0x11227b770>: [(5, 30066.432, 37017.504), (1, 37017.504, None)]}",317.0752713451876,141494.86221107055,30066.432,13778.900029488008,2,27.81678776252432,30066.432,55085.382000000005,True,64.4771707347361,85.9022760675361,21.4251053328
lamf-test-2148cf4d-7170-4032-92ad-bc67bc5cec9e,"{<resource_manager.instance.OnPremInstance object at 0x11227b770>: [(3, 30966.432, 38907.504), (2, 38907.504, None)]}",290.5571510371029,141221.4941604713,30966.432,13779.900029488008,3,36.23578370978781,30966.432,67382.88900000001,True,122.85951174994297,155.62144047154297,32.76192872160001
lamf-test-6f91592c-afdd-4bec-8b7a-080c324249f5,"{<resource_manager.instance.OnPremInstance object at 0x11227b770>: [(5, 31386.432, None)]}",112.19170754417485,44926.21547488273,31386.432,13780.900029488008,3,46.247410449463835,31386.432,39491.89113235516,True,61.643160182182356,78.08103130259862,16.437871120416258
lamf-test-58f4bde2-1252-4878-b4ed-54f9ec3d6ddb,"{<resource_manager.instance.OnPremInstance object at 0x11227b770>: [(3, 31416.432, 35896.968), (2, 35896.968, None)]}",306.6623561408906,141617.04379369438,31416.432,13781.900029488008,3,34.07510837326032,31416.432,57678.49999999999,True,86.70571450300399,109.82680946620398,23.121094963199994
lamf-test-9fd69545-924f-4ce5-9308-d2123ccec4dc,"{<resource_manager.instance.CloudReservedInstance object at 0x1124a44d0>: [(2, 31446.432, None)], <resource_manager.instance.CloudReservedInstance object at 0x1122a22c0>: [(1, 31446.432, None)]}",61.631240803228884,27904.90364907115,31446.432,13782.975627810009,1,,31446.432,31461.832000000002,False,0.126488706365515,,
lamf-test-927fb6c3-ba3c-488b-96a5-466be1c02fa9,"{<resource_manager.instance.CloudReservedInstance object at 0x1124a44d0>: [(2, 31686.432, None)], <resource_manager.instance.CloudReservedInstance object at 0x1122a22c0>: [(2, 31686.432, None)], <resource_manager.instance.CloudOnDemandInstance object at 0x1122a23f0>: [(1, 31686.432, None)], <resource_manager.instance.CloudOnDemandInstance object at 0x11227bb60>: [(1, 31686.432, 44508.576)]}",330.8093779162473,141346.78192964516,31686.432,13783.975627810009,1,199.57909133774433,31686.432,44517.685146233904,False,199.70309599025543,,
lamf-test-1e5c4d41-c6bb-47f9-a0f9-f492c659a647,"{<resource_manager.instance.OnPremInstance object at 0x11227b770>: [(6, 31986.432, None)]}",295.19389174920065,141584.68268749348,31986.432,13785.382057927009,3,,31986.432,37144.068,True,47.06945927446952,59.62108224406952,12.551622969599997
lamf-test-5fc71200-6539-46cf-9073-1ac0b6be235f,"{<resource_manager.instance.OnPremInstance object at 0x11227b770>: [(5, 32646.432, 35656.968), (2, 35656.968, None), (2, 50061.792, None)]}",298.6298021940167,141256.86947467344,32646.432,13786.382057927009,2,51.2066361329499,32646.432,54041.619,True,72.84471482960092,97.09214639120091,24.2474315616
lamf-test-d81a676f-ccce-4b38-95bc-838588f989f1,"{<resource_manager.instance.OnPremInstance object at 0x11227b770>: [(3, 32706.432, None), (1, 37077.504, None)]}",93.67827368323229,44839.291742103385,32706.432,13788.982353416008,1,34.90475017111568,32706.432,38982.99599999999,True,55.4827305498516,63.89292118025159,8.410190630399986
lamf-test-bff6c6c8-6ce7-4a14-8d30-c8d69887c972,"{<resource_manager.instance.OnPremInstance object at 0x11227b770>: [(4, 33066.432, None)]}",62.55972404682857,27827.287543530732,33066.432,13792.713390671008,2,,33066.432,33081.831999999995,False,0.05608928259914327,,
lamf-test-8aea85bd-3d6c-4aba-b7de-dd2346b0e93e,"{<resource_manager.instance.OnPremInstance object at 0x11227b770>: [(6, 33186.432, 37167.504), (2, 37167.504, None), (2, 51561.792, None), (1, 54552.864, None)]}",302.51103083949494,141428.3096439531,33186.432,13794.641173127007,1,172.69819575633127,33186.432,57542.87299999999,True,213.40179382462532,245.6832305342253,32.28143670959998
lamf-test-f3f23406-4146-4e8a-b0d6-831939b9a4ea,"{<resource_manager.instance.OnPremInstance object at 0x11227b770>: [(5, 33306.432, None)]}",57.3172776265575,27828.969422547252,33306.432,13795.641173127007,1,,33306.432,33321.831999999995,False,0.20261616852984965,,
lamf-test-232b6ce2-ea24-476c-b62f-210ae1decc5b,"{<resource_manager.instance.OnPremInstance object at 0x11227b770>: [(4, 33366.432, 38337.504), (1, 38337.504, None)]}",311.1617610976437,141527.74430777883,33366.432,13798.162188792006,2,48.32867392243038,33366.432,69097.28,True,80.5181521882502,101.0593845466502,20.541232358400002
lamf-test-28862540-93f6-42de-8ec4-72cbed9815ad,"{<resource_manager.instance.OnPremInstance object at 0x11227b770>: [(6, 34206.432, 38697.504), (1, 38697.504, None), (5, 49131.792, None)]}",315.0001679546882,141218.70222641816,34206.432,13799.162188792006,3,75.20073009354323,34206.432,52841.95511714985,True,90.71670652201553,114.9073795159114,24.19067299389588
lamf-test-5c2155b4-aa4a-428b-9192-860339f49ef5,"{<resource_manager.instance.OnPremInstance object at 0x11227b770>: [(2, 34236.432, 38217.504), (1, 38217.504, None), (2, 53112.864, None), (1, 59082.864, None)]}",326.1375748222798,141575.82719235503,34236.432,13801.117617727006,3,62.00852384211726,34236.432,69004.562,True,122.37325423986616,155.00551669746616,32.63226245760001
lamf-test-8d46ff55-9a1d-4004-b52e-0bb94df560fe,"{<resource_manager.instance.OnPremInstance object at 0x11227b770>: [(3, 34266.432, 38757.504), (2, 38757.504, None), (1, 49671.792, None)]}",314.6188735020299,141477.96810515103,34266.432,13802.117617727006,1,94.79633493041297,34266.432,53650.383,True,127.47470043349306,146.63425679749307,19.159556364
lamf-test-b036c054-ee21-47f6-aca9-95247c096cfe,"{<resource_manager.instance.CloudReservedInstance object at 0x11249d090>: [(3, 34356.432, None)], <resource_manager.instance.CloudOnDemandInstance object at 0x1122a2780>: [(3, 34356.432, None)]}",40.69689972228568,28041.42621791902,34356.432,13804.048902650005,3,,34356.432,34371.831999999995,False,0.09369533804848537,,
lamf-test-12047e13-b691-4e4d-bcc8-16e2900e16aa,"{<resource_manager.instance.CloudOnDemandInstance object at 0x11249d6d0>: [(3, 34386.432, None)]}",306.19560311302496,141210.02774637018,34386.432,13806.818985932005,1,283.5303819301846,34786.968,141225.4277463702,False,438.7638429009043,,
lamf-test-e050ad2a-f776-4985-ad86-c1f9e8bbb5cd,"{<resource_manager.instance.OnPremInstance object at 0x11227b770>: [(3, 34816.968, 36807.504), (2, 36807.504, None), (2, 50211.792, None), (1, 54192.864, None), (1, 61362.864, None)]}",326.0139069441622,141300.60499395855,34816.968,13809.573544781004,3,128.60973762263288,34816.968,65343.617000000006,True,164.93876340406115,208.92161774806115,43.982854344
lamf-test-5a75690c-b8ed-48d0-b610-f947c287d86c,"{<resource_manager.instance.CloudReservedInstance object at 0x11249d090>: [(3, 34846.968, None)], <resource_manager.instance.CloudOnDemandInstance object at 0x1122a2780>: [(2, 34846.968, None)]}",56.45454017440447,27964.556354113374,34846.968,13812.513697928003,3,,34846.968,34862.367999999995,False,0.07027150353636402,,
lamf-test-62ab7363-ee6e-4e41-9bd6-da86db171176,"{<resource_manager.instance.CloudReservedInstance object at 0x11249d090>: [(3, 34936.968, None)], <resource_manager.instance.CloudOnDemandInstance object at 0x1122a2780>: [(3, 34936.968, None)]}",317.6880653321237,141687.13197378244,34936.968,13814.427956966003,3,308.63185945699274,34936.968,136151.14528686594,True,615.7984776750533,1415.2892640640075,799.4907863889541
lamf-test-e000b273-6e93-45bd-85e3-de8e007da692,"{<resource_manager.instance.OnPremInstance object at 0x11227b770>: [(3, 35476.968, 42428.04), (2, 42428.04, None), (3, 52842.864, None)]}",284.69120725614476,141746.21915407627,35476.968,13815.427956966003,3,135.4975496235455,35476.968,66307.31444248579,True,165.79985734645817,210.01233248221934,44.21247513576118
lamf-test-62c9483c-2445-4359-99d9-4d8c66a14529,"{<resource_manager.instance.OnPremInstance object at 0x11227b770>: [(3, 35596.968, 40077.504), (2, 40077.504, None)]}",345.02192360533996,141542.09741632402,35596.968,13816.799144280003,2,14.453232491835603,35596.968,47029.875,True,33.35304281352978,44.444722373529785,11.09167956
lamf-test-1f9296c3-4641-4962-ac2a-3bdd3909621e,"{<resource_manager.instance.OnPremInstance object at 0x11227b770>: [(2, 35656.968, None)]}",333.675220822951,141657.41643213312,35656.968,13824.784069725003,2,,35656.968,44098.621,True,22.9483784023552,29.7962473159552,6.847868913599998
lamf-test-9673f22e-b964-4aa7-bb78-d1e21e110802,"{<resource_manager.instance.OnPremInstance object at 0x11227b770>: [(3, 35896.968, None)]}",52.254300807909324,27980.41391375816,35896.968,13825.784069725003,1,,35896.968,35912.367999999995,False,0.12297513118863707,,
lamf-test-5f1a507d-a26f-433c-85e6-51ac89f0d432,"{<resource_manager.instance.OnPremInstance object at 0x11227b770>: [(4, 36076.968, None)]}",64.02975273459877,28102.558450322627,36076.968,13826.784069725003,3,,36076.968,36092.367999999995,False,0.09369533804848537,,
lamf-test-b2a69e4a-f75e-4751-ad43-b2adf397fd45,"{<resource_manager.instance.OnPremInstance object at 0x11227b770>: [(5, 36136.968, None), (1, 36747.504, None)]}",99.34731245959347,45110.206195920684,36136.968,13831.309847231003,1,29.114208532968288,36136.968,39313.77462863496,True,49.01814282556399,56.50158603541002,7.48344320984603
lamf-test-396956b2-43cb-496d-8f0c-0ee7a61c67dd,"{<resource_manager.instance.OnPremInstance object at 0x11227b770>: [(2, 36196.968, None), (2, 38577.504, None)]}",82.48316532935924,45052.02491416562,36196.968,13832.337723581002,1,12.85406160164271,36196.968,39852.462,True,26.622715947980822,30.62229861038082,3.999582662399998
lamf-test-2b83bd20-9a87-454f-8bc9-f6503da1f9d0,"{<resource_manager.instance.OnPremInstance object at 0x11227b770>: [(3, 36226.968, None), (1, 45348.576, None)]}",93.14423892083788,45475.10777135956,36226.968,14380.218228404003,2,29.42431912686062,36226.968,45490.50777135955,False,30.17014482070921,,
lamf-test-33fae0e0-9739-4c13-8834-0589e7587a07,"{<resource_manager.instance.CloudOnDemandInstance object at 0x11249d1d0>: [(2, 36316.968, None)]}",87.86109604520695,45605.67901985758,36316.968,14382.197299406003,2,,36717.504,45621.07901985758,False,15.909415367775592,,
lamf-test-e5f8465a-4435-4b7a-801a-354ef982dcda,"{<resource_manager.instance.OnPremInstance object at 0x11227b770>: [(3, 36747.504, None)]}",304.6031866584939,142179.64601206858,36747.504,14383.197299406003,1,,36747.504,63262.48100000001,True,211.73264772986545,243.99607174346545,32.26342401360001
lamf-test-fd51a7dd-bca8-4714-a851-595e00860b67,"{<resource_manager.instance.OnPremInstance object at 0x11227b770>: [(3, 37017.504, None), (2, 42608.04, None)]}",86.19568247701017,45660.37017598198,37017.504,14386.211604777003,3,25.51008898015058,37017.504,43883.257999999994,True,35.20830177199782,44.597008080797806,9.38870630879999
lamf-test-56707fec-34cd-4c0e-a454-d4551f611032,"{<resource_manager.instance.OnPremInstance object at 0x11227b770>: [(4, 37167.504, 42638.04), (1, 42638.04, None), (3, 46629.648, None)]}",312.7950515260771,142205.97484958256,37167.504,14388.370253157003,3,39.35470682181154,37167.504,50113.738,True,60.5523035972317,76.6992850244317,16.146981427199997
lamf-test-f14e2551-1aeb-4008-9226-cf172ac76d45,"{<resource_manager.instance.OnPremInstance object at 0x11227b770>: [(2, 37227.504, None), (2, 37887.504, None)]}",113.07976716267329,45581.89951778694,37227.504,14389.370253157003,2,12.5593302898,37227.504,41812.831999999995,True,23.13596097118354,30.03980511838353,6.90384414719999
lamf-test-3bd57c11-f664-4998-9d53-96c6dc4f87c4,"{<resource_manager.instance.OnPremInstance object at 0x11227b770>: [(4, 37257.504, 42248.04), (2, 42248.04, None), (3, 58632.864, None)]}",326.99178124993756,142399.24705457306,37257.504,14390.370253157003,1,257.6779228838695,37257.504,70518.68644248579,True,300.3203101283367,345.8127728768979,45.49246274856118
lamf-test-43098e09-15cf-41fe-b455-41529b19decc,"{<resource_manager.instance.OnPremInstance object at 0x11227b770>: [(4, 37707.504, None)]}",67.69762432994189,28446.73424963233,37707.504,14391.416830508004,1,,37707.504,37722.903999999995,False,0.16279564985924336,,
lamf-test-79b31340-0554-44ef-87de-f4504dbdfc60,"{<resource_manager.instance.OnPremInstance object at 0x11227b770>: [(6, 38337.504, 40827.504), (1, 40827.504, None)]}",304.54338810954675,141842.69715086516,38337.504,14392.416830508004,1,64.33939128450834,38337.504,67110.426,True,113.15675062742416,129.87676779062417,16.7200171632
lamf-test-e846f77b-9785-4a57-980e-5e6be4c30da6,"{<resource_manager.instance.CloudReservedInstance object at 0x11249d310>: [(2, 38367.504, None)], <resource_manager.instance.CloudOnDemandInstance object at 0x11227bb60>: [(1, 38367.504, None)], <resource_manager.instance.CloudOnDemandInstance object at 0x11249d6d0>: [(1, 70403.4, None)]}",318.0816768556553,142283.30155922333,38367.504,14396.329412751003,3,307.43041752224485,38367.504,142298.70155922335,False,318.1478642913031,,
lamf-test-1bfc2de0-7e2f-450e-9736-96acfe81a2a7,"{<resource_manager.instance.OnPremInstance object at 0x11227b770>: [(5, 38697.504, None)]}",88.34113338193856,45669.4146900661,38697.504,14397.358209723003,1,37.497148072096735,38697.504,43480.532,True,62.92979268385426,72.62977346785425,9.699980783999996
lamf-test-ff8adf42-1018-4980-bdfd-c498e4f1b637,"{<resource_manager.instance.OnPremInstance object at 0x11227b770>: [(2, 38757.504, None)]}",50.99968955238831,28493.857992804522,38757.504,14398.925768091003,1,,38757.504,38772.903999999995,False,0.08315461251803077,,
lamf-test-9655ffad-b7de-4846-8625-1393b7fdfd45,"{<resource_manager.instance.OnPremInstance object at 0x11227b770>: [(3, 38907.504, 41978.04), (2, 41978.04, None), (2, 58062.864, None)]}",323.69507710357215,142078.82839167345,38907.504,14403.550182789004,1,111.37187497148072,38907.504,63526.244999999995,True,170.37256719142135,196.02059395942135,25.64802676799999
lamf-test-d1831f12-882c-4e14-bb62-b9776ced5649,"{<resource_manager.instance.OnPremInstance object at 0x11227b770>: [(3, 39027.504, None)]}",62.263052342770514,28534.062201870875,39027.504,14404.550182789004,3,,39027.504,39042.903999999995,False,0.07027150353636404,,
lamf-test-9c4c82a6-08d5-47bd-9589-83ce8af6f468,"{<resource_manager.instance.OnPremInstance object at 0x11227b770>: [(6, 39087.504, None)]}",291.9040113839834,142112.6480489997,39087.504,14405.819835850003,3,,39087.504,47271.883,True,74.6920282911248,94.6095330255248,19.917504734400005
lamf-test-0d7701be-3ce7-49c1-9391-e93bc28aface,"{<resource_manager.instance.OnPremInstance object at 0x11227b770>: [(2, 39387.504, None)]}",74.93798997685712,28589.292223782708,39387.504,14411.857064851003,3,,39387.504,39402.903999999995,False,0.046847669024242686,,
lamf-test-df81467a-4b45-4bf0-9c71-c38863eca94a,"{<resource_manager.instance.OnPremInstance object at 0x11227b770>: [(3, 39417.504, None), (3, 42788.04, None)]}",90.94794091988545,45612.83914474517,39417.504,14413.013127229004,2,14.162912109572142,39417.504,43843.40220954499,True,17.681351335064317,24.350949013013008,6.669597677948689
lamf-test-a691c5b1-12d1-40f2-af64-e72afc904125,"{<resource_manager.instance.OnPremInstance object at 0x11227b770>: [(5, 39567.504, None)]}",99.92248787916859,45567.289111964565,39567.504,14414.812010230004,3,,39567.504,43532.754,True,30.15628564909879,38.19781264909879,8.041526999999999
lamf-test-08f07093-2907-4ba0-a255-32c22f0fcc78,"{<resource_manager.instance.OnPremInstance object at 0x11227b770>: [(3, 39597.504, 42578.04), (1, 42578.04, None)]}",298.09142219625704,142107.042064139,39597.504,14415.812010230004,3,13.60043805612594,39597.504,45568.111999999994,True,18.14842193322685,22.987911341226848,4.839489407999997
lamf-test-2809816c-7bfc-46e3-bb73-0ce9925ea853,"{<resource_manager.instance.OnPremInstance object at 0x11227b770>: [(2, 39927.504, None)]}",50.90207279429441,28580.594865100946,39927.504,14416.812010230004,1,,39927.504,39942.903999999995,False,0.08315461251803077,,
lamf-test-327a626d-9865-47f8-8ba0-52996ec1940c,"{<resource_manager.instance.OnPremInstance object at 0x11227b770>: [(4, 40227.504, None)]}",74.39841740073138,28560.023872847014,40227.504,14420.712592086003,1,,40227.504,40242.903999999995,False,0.16279564985924336,,
lamf-test-44149545-c52b-4763-ae20-c3268c37dc6f,"{<resource_manager.instance.OnPremInstance object at 0x11227b770>: [(6, 40287.504, None)]}",109.24225266973586,45500.36366506701,40287.504,14424.305716707004,2,19.66904989652595,40287.504,45515.763665067,False,22.595753313548304,,
lamf-test-457a1c73-20e1-45f7-a144-19901295fb3b,"{<resource_manager.instance.OnPremInstance object at 0x11227b770>: [(4, 40467.504, None)]}",49.05334152829353,28587.14307649744,40467.504,14425.305716707004,1,,40467.504,40482.903999999995,False,0.16279564985924336,,
lamf-test-dd9abd19-48be-42ba-b1bc-fa915a5dcef1,"{<resource_manager.instance.OnPremInstance object at 0x11227b770>: [(4, 40527.504, None)]}",320.9475259671587,142102.95629337474,40527.504,14426.305716707004,2,77.96177182966566,40527.504,62975.346000000005,True,81.75865932983075,118.17803819063076,36.41937886080001
lamf-test-6f2e770b-ffa0-4b22-be2e-700e1acc453c,"{<resource_manager.instance.OnPremInstance object at 0x11227b770>: [(6, 40827.504, 42818.04), (1, 42818.04, None), (2, 48861.792, None)]}",314.03861715723247,141933.7464783504,40827.504,14427.305716707004,3,27.358685831622175,40827.504,51357.693,True,38.74769336071183,49.080219918311826,10.332526557599998
lamf-test-32172143-1bae-4833-a5f0-e53bac6ac6d4,"{<resource_manager.instance.OnPremInstance object at 0x11227b770>: [(6, 41427.504, None)]}",101.07515126388836,45611.71264000984,41427.504,14428.305716707004,1,38.89276386036961,41427.504,45071.434209544976,True,57.365088856628624,66.23295741457727,8.86786855794865
lamf-test-3b06725f-04eb-4610-a2d8-34a69a9c127f,"{<resource_manager.instance.CloudOnDemandInstance object at 0x11249d6d0>: [(4, 41547.504, None)], <resource_manager.instance.CloudOnDemandInstance object at 0x1122a23f0>: [(1, 41547.504, None)]}",123.85755114021583,45640.73501051158,41547.504,14429.305716707004,3,,41948.04,45656.13501051157,False,18.74803107694077,,
lamf-test-73802176-7b43-45cb-be2f-758b39305344,"{<resource_manager.instance.OnPremInstance object at 0x11227b770>: [(4, 41978.04, None)]}",57.80879755607951,28588.918179225886,41978.04,14431.648706855003,3,,41978.04,41993.439999999995,False,0.09369533804848537,,
lamf-test-bfb0cddb-1544-48a4-b06e-9eadc91468fd,"{<resource_manager.instance.OnPremInstance object at 0x11227b770>: [(6, 42008.04, None)]}",95.51732021748852,45714.590222307736,42008.04,14435.006946149004,2,10.41797467967373,42008.04,45514.28062863496,True,15.153445578063256,23.68623277190929,8.532787193846033
lamf-test-3e227187-9182-4a9b-bf09-75d5b5a39b59,"{<resource_manager.instance.OnPremInstance object at 0x11227b770>: [(2, 42038.04, None), (1, 55152.864, None), (1, 69263.4, None)]}",320.9833484047092,142224.40053592753,42038.04,14436.052696076003,2,102.64210967996416,42038.04,74235.31599999999,True,136.33451051920335,172.20939247120333,35.87488195199999
lamf-test-0fdcad07-bf2d-4d92-8354-0c4ee7d909cf,"{<resource_manager.instance.OnPremInstance object at 0x11227b770>: [(6, 42428.04, None)]}",57.46774388158159,28533.092257220822,42428.04,14437.052696076003,1,,42428.04,42443.439999999995,False,0.24243668720045594,,
lamf-test-f86b8860-b2ed-456c-9f30-6f6a9139ebf4,"{<resource_manager.instance.OnPremInstance object at 0x11227b770>: [(5, 42488.04, 56112.864), (1, 56112.864, None), (1, 62082.864, None), (1, 68052.864, None), (1, 73043.4, None)]}",305.1378797801942,142524.8425754468,42488.04,14438.973968889004,3,153.63256217202823,42488.04,75040.52499999998,True,165.78329606814194,209.99135494494192,44.20805887679997
lamf-test-a37f5b70-4c4f-44b3-a817-99539c326610,"{<resource_manager.instance.OnPremInstance object at 0x11227b770>: [(4, 42818.04, None)]}",57.694188998700625,28526.675978386596,42818.04,14439.975277242003,3,,42818.04,42833.439999999995,False,0.09369533804848537,,
lamf-test-a0961e5f-36f8-49a0-be25-041d077e1525,"{<resource_manager.instance.OnPremInstance object at 0x11227b770>: [(2, 42848.04, None), (2, 52142.328, None)]}",302.7913218356865,142181.42867315226,42848.04,14440.975277242003,2,25.26624086591443,42848.04,54638.647,True,38.83857629002837,50.428130661228366,11.589554371199993
lamf-test-e9e3c180-3644-4ec5-bd7f-fb857cf9758f,"{<resource_manager.instance.OnPremInstance object at 0x11227b770>: [(5, 43508.04, None)]}",277.1468078662494,142193.37826869497,43508.04,14441.975277242003,1,,43508.04,47988.02099999999,True,58.94263540953675,68.02803687753674,9.085401467999985
lamf-test-9329565e-0cc9-410e-9937-6b7537e158ae,"{<resource_manager.instance.OnPremInstance object at 0x11227b770>: [(6, 43568.04, None)]}",289.93639360238836,142057.20818860366,43568.04,14442.987996035003,1,,43568.04,52719.901999999995,True,144.07448733744002,166.34645870064,22.271971363199988
lamf-test-f542227f-df52-4f0c-ae96-9700636101a5,"{<resource_manager.instance.OnPremInstance object at 0x11227b770>: [(6, 43868.04, None)]}",98.85116440229747,45624.47724918628,43868.04,14443.987996035003,3,5.024284736481862,43868.04,45639.87724918628,False,16.17008669118207,,
lamf-test-9aa73522-f6c8-49a8-a56a-28cd17720766,"{<resource_manager.instance.OnPremInstance object at 0x11227b770>: [(6, 43928.04, None)]}",99.02000673984057,46223.9779336361,43928.04,14986.236373014002,1,25.196665297741273,43928.04,46239.3779336361,False,36.38656569036976,,
lamf-test-20435df7-63e4-419e-8d22-d33076e8dcf2,"{<resource_manager.instance.CloudReservedInstance object at 0x1122a22c0>: [(1, 43958.04, None)], <resource_manager.instance.CloudReservedInstance object at 0x11227bcb0>: [(1, 43958.04, None)]}",307.8323914198774,142715.4214637304,43958.04,14987.236373014002,2,194.4919078912106,43958.04,106678.0676384459,True,234.50832701220742,316.6213871964608,82.11306018425336
lamf-test-79eb9a19-2e44-423f-814a-791df0f7734e,"{<resource_manager.instance.CloudOnDemandInstance object at 0x1122a23f0>: [(2, 43988.04, None)]}",110.61449386789155,46087.26081154363,43988.04,14991.722012917002,3,,44388.576,46102.660811543625,False,6.432795837078481,,
lamf-test-7f97cbae-fe7b-4dba-87f8-0ca2882583a5,"{<resource_manager.instance.CloudReservedInstance object at 0x1124a44d0>: [(2, 44508.576, None)], <resource_manager.instance.CloudReservedInstance object at 0x1122a22c0>: [(2, 44508.576, None)]}",101.33638951109616,46106.76485502925,44508.576,14993.027770612001,2,,44508.576,46122.164855029245,False,8.772985013962113,,
lamf-test-6c201a0a-e193-4746-b7c6-ff82b4d5eeef,"{<resource_manager.instance.OnPremInstance object at 0x11227b770>: [(6, 45078.576, 49551.792), (1, 49551.792, None), (3, 84374.47199999998, None)]}",319.4947582934635,142839.6162997508,45078.576,14994.703014544002,2,103.07355283140727,45078.576,88449.827,True,111.40430556946767,143.0262589870677,31.621953417600032
lamf-test-4b6bc7a8-825f-4ed7-a11d-b9402493f256,"{<resource_manager.instance.OnPremInstance object at 0x11227b770>: [(2, 45108.576, None)]}",315.0940754980354,142673.33452640314,45108.576,14995.703014544002,2,17.62442664158355,45108.576,62191.481999999996,True,46.43936336874591,60.2970167159459,13.857653347199996
lamf-test-0c64519c-480b-40a3-83cb-e32930215173,"{<resource_manager.instance.OnPremInstance object at 0x11227b770>: [(4, 45138.576, 49131.792), (2, 49131.792, None), (4, 62532.864, None)]}",305.2027703895845,142661.3135003166,45138.576,15000.394308527002,3,182.8857312343143,45138.576,78651.71399999999,True,212.16534793520407,268.74172454000404,56.576376604799975
lamf-test-545db71e-0ac4-4fd9-bae7-0ae698ee188a,"{<resource_manager.instance.OnPremInstance object at 0x11227b770>: [(5, 45558.576, 49551.792), (2, 49551.792, None)]}",303.0498265026395,142833.72721655967,45558.576,15001.394308527002,2,15.980044799121105,45558.576,54025.229,True,28.140948005530632,39.86804214793063,11.727094142399999
lamf-test-4f1fe545-8677-4a84-8abf-5cf06961f85c,"{<resource_manager.instance.OnPremInstance object at 0x11227b770>: [(6, 45618.576, 47700.72), (2, 47700.72, None), (4, 56652.864, None)]}",310.3840944895742,142574.8773073872,45618.576,15006.798261351001,2,33.33484650814536,45618.576,59640.227999999996,True,52.33636647754558,71.93550035914556,19.599133881599986
lamf-test-6e9b564f-bd08-4a74-adb5-0f54b0e3a954,"{<resource_manager.instance.CloudOnDemandInstance object at 0x1122a23f0>: [(1, 45648.576, None)], <resource_manager.instance.CloudOnDemandInstance object at 0x11227bb60>: [(1, 45648.576, None)]}",95.10170299612852,46191.644698600314,45648.576,15010.683628503,2,,46049.112,46207.04469860031,False,2.0880979350392366,,
lamf-test-cf5ee26c-33df-418f-9253-bf22cfb1db3e,"{<resource_manager.instance.OnPremInstance object at 0x11227b770>: [(3, 46079.112, None)]}",86.78911405093122,46100.8705968585,46079.112,15014.333443257,3,,46079.112,46116.27059685849,False,0.16955782276290832,,
lamf-test-20bd965c-e3af-463e-ad6b-f7ce4b078baa,"{<resource_manager.instance.OnPremInstance object at 0x11227b770>: [(5, 46109.112, None)]}",49.20241958092055,29219.513120292395,46109.112,15024.061484520002,2,,46109.112,46124.511999999995,False,0.06162769304399561,,
lamf-test-d80357f1-4d3d-475b-a1da-53fbb3ddaa84,"{<resource_manager.instance.OnPremInstance object at 0x11227b770>: [(6, 46139.112, 51111.792), (1, 51111.792, None)]}",308.2995677163823,142827.37254020438,46139.112,15025.193214789002,1,148.1005594341775,46139.112,105652.69200000001,True,231.7558795345654,265.9791826225654,34.22330308800001
lamf-test-0b008ed2-19e2-4099-a5b7-5ad49013ab38,"{<resource_manager.instance.CloudOnDemandInstance object at 0x11249d6d0>: [(4, 46169.112, None)], <resource_manager.instance.CloudOnDemandInstance object at 0x11249d1d0>: [(2, 46169.112, None)]}",98.70843455961634,46301.43911357347,46169.112,15027.414329841002,3,,46569.648,46585.047999999995,False,1.6870677111060175,,
lamf-test-e31740c1-403e-4c71-8a7f-0330adf6a272,"{<resource_manager.instance.OnPremInstance object at 0x11227b770>: [(5, 46599.648, None)]}",51.6673689623557,29112.813698703947,46599.648,15033.905207003501,1,,46599.648,46615.047999999995,False,0.20261616852984965,,
lamf-test-ff97215d-d288-4a40-9a08-b29190e7eee1,"{<resource_manager.instance.OnPremInstance object at 0x11227b770>: [(4, 46629.648, None)]}",50.90199713640601,29641.502666957917,46629.648,15589.238192877001,1,,46629.648,46645.047999999995,False,0.16279564985924336,,
lamf-test-0b722e5a-870b-4bb2-acf4-7c5f987aee07,"{<resource_manager.instance.CloudReservedInstance object at 0x1124a44d0>: [(2, 46659.648, None)], <resource_manager.instance.CloudReservedInstance object at 0x1122a22c0>: [(2, 46659.648, None)]}",60.84882595404457,29730.465898585433,46659.648,15593.695123698,3,,46659.648,46675.047999999995,False,0.09369533804848537,,
lamf-test-86bee4c0-8211-4364-b2b2-315ff254f448,"{<resource_manager.instance.OnPremInstance object at 0x11227b770>: [(4, 46689.648, None)]}",60.879551145103115,29746.92842208162,46689.648,15594.695123698,1,,46689.648,46705.047999999995,False,0.16279564985924336,,
lamf-test-1fb51fa6-4d43-412b-9a86-c51ec772c644,"{<resource_manager.instance.CloudOnDemandInstance object at 0x11249d6d0>: [(4, 46719.648, None)], <resource_manager.instance.CloudOnDemandInstance object at 0x11249d1d0>: [(1, 46719.648, None)]}",79.83864331738259,29991.71629536782,46719.648,15598.043945638,3,,47120.184,47135.583999999995,False,1.4761842472177653,,
lamf-test-ea68f53d-4ebe-4fb8-83dd-aa5b6c6a2310,"{<resource_manager.instance.OnPremInstance object at 0x11227b770>: [(4, 47150.184, None)]}",110.2774483129196,46840.46730462786,47150.184,15602.154271696001,3,,47150.184,47165.583999999995,False,0.09369533804848537,,
lamf-test-ed127e72-be6f-436a-8fe9-27a8ad06a858,"{<resource_manager.instance.OnPremInstance object at 0x11227b770>: [(6, 47180.184, 56142.864), (1, 56142.864, None), (1, 66102.864, None)]}",328.19458272409565,143528.7689149023,47180.184,15613.024555450002,3,96.94437599817476,47180.184,70578.907,True,110.56075138793827,140.04307151753827,29.482320129600005
lamf-test-6250b41b-6866-44ee-9930-467c8f1f7d45,"{<resource_manager.instance.OnPremInstance object at 0x11227b770>: [(6, 47210.184, None)]}",92.1601820634213,46837.27695226825,47210.184,15617.367375829002,3,,47210.184,47225.583999999995,False,0.14054300707272807,,
lamf-test-4c84a4d8-5052-4c6f-afd2-7c5df767217c,"{<resource_manager.instance.CloudReservedInstance object at 0x1124a44d0>: [(2, 47240.184, None)], <resource_manager.instance.CloudReservedInstance object at 0x1122a22c0>: [(2, 47240.184, None)], <resource_manager.instance.CloudOnDemandInstance object at 0x11249d6d0>: [(2, 47240.184, None)]}",71.28909006291121,29724.64693942438,47240.184,15627.116967010003,1,,47240.184,47255.583999999995,False,0.20964331888348603,,
lamf-test-e1378e61-db93-479c-b4b7-359d51f2c742,"{<resource_manager.instance.CloudOnDemandInstance object at 0x11249d6d0>: [(2, 47270.184, None)], <resource_manager.instance.CloudOnDemandInstance object at 0x11249d1d0>: [(2, 47270.184, None)], <resource_manager.instance.CloudOnDemandInstance object at 0x1122a23f0>: [(2, 47270.184, None)]}",52.48076757861521,29891.410829125954,47270.184,15629.084756629003,1,,47670.72,47686.119999999995,False,4.228213450959457,,
lamf-test-56573715-8535-4ef6-86b5-dcb681b21f75,"{<resource_manager.instance.OnPremInstance object at 0x11227b770>: [(2, 47700.72, None), (2, 59322.864, None), (2, 61332.864, None)]}",309.32301155717374,143653.7544649649,47700.72,15630.084756629003,2,95.36974756933448,47700.72,69505.19711714986,True,109.17141677625128,141.74851386294716,32.57709708669589
lamf-test-a8f2c75b-6fbc-476d-891d-92f88bfed8de,"{<resource_manager.instance.OnPremInstance object at 0x11227b770>: [(6, 47730.72, None)]}",60.82789615796186,29873.807947623467,47730.72,15631.089114203003,2,,47730.72,47746.119999999995,False,0.06655648787942382,,
lamf-test-7c4919b0-6563-4e4b-a109-6e7eddf9dab2,"{<resource_manager.instance.OnPremInstance object at 0x11227b770>: [(4, 47760.72, 50751.792), (2, 50751.792, None), (2, 81533.4, None)]}",284.9077105670405,143366.37963961562,47760.72,15632.776041071003,3,111.8374081679215,47760.72,88481.758,True,154.11200243364516,195.20777407524517,41.09577164160001
lamf-test-2b8a61cc-a82b-4153-b888-886b130ebdcb,"{<resource_manager.instance.OnPremInstance object at 0x11227b770>: [(6, 47790.72, 55752.864), (1, 55752.864, None), (3, 60732.864, None)]}",288.0380279745152,143658.97548903234,47790.72,15633.776041071003,1,139.35841569701117,47790.72,64711.326,True,182.32302167465207,210.17424006185206,27.851218387200003
lamf-test-ecb2683b-9e41-48ec-91a2-6a6d38c45b39,"{<resource_manager.instance.OnPremInstance object at 0x11227b770>: [(2, 47820.72, None), (4, 71363.4, None)]}",329.9077900544537,143593.87809865482,47820.72,15635.316121358503,3,110.769427332877,47820.72,80833.78299999998,True,158.04647958019603,200.191425664996,42.14494608479996
lamf-test-69f3610c-edfc-431a-ac62-c6c3e7603585,"{<resource_manager.instance.OnPremInstance object at 0x11227b770>: [(5, 47850.72, None)]}",101.55343618416583,46868.2472835396,47850.72,15642.356871018002,1,,47850.72,47866.119999999995,False,0.20261616852984965,,
lamf-test-db07f320-f70e-4581-b141-d95e0791351c,"{<resource_manager.instance.OnPremInstance object at 0x11227b770>: [(4, 47880.72, None)]}",67.5503798079176,29692.462375497627,47880.72,15643.356871018002,2,,47880.72,47896.119999999995,False,0.05608928259914327,,
lamf-test-f73d4880-234f-4ef4-b427-8c893deb0ab7,"{<resource_manager.instance.CloudReservedInstance object at 0x1124a44d0>: [(2, 47910.72, None)], <resource_manager.instance.CloudReservedInstance object at 0x1122a22c0>: [(2, 47910.72, None)], <resource_manager.instance.CloudOnDemandInstance object at 0x11249d6d0>: [(1, 47910.72, 56442.864)]}",289.55899307824876,143196.7943429438,47910.72,15644.356871018002,2,59.310263828969354,47910.72,56454.888764155934,False,59.375641744420136,,
lamf-test-870691de-e40a-44a6-b524-758dc9ee2699,"{<resource_manager.instance.OnPremInstance object at 0x11227b770>: [(6, 47940.72, 52902.864), (1, 52902.864, None)]}",318.593861795503,143705.39621614837,47940.72,16197.303918467003,3,45.28536618754278,47940.72,57377.791,True,52.09185641493649,65.98276044453648,13.8909040296
lamf-test-787e33de-2c34-4cf0-bd9d-1f6b1a5da962,"{<resource_manager.instance.CloudOnDemandInstance object at 0x11249d6d0>: [(3, 47970.72, None)]}",98.72547788684845,47592.46629753048,47970.72,16198.361941382003,1,,48371.256,48386.655999999995,False,1.708156057494843,,
lamf-test-95b7467a-1a49-4273-9a59-d080cf448191,"{<resource_manager.instance.OnPremInstance object at 0x11227b770>: [(6, 48401.256, 51381.792), (1, 51381.792, None)]}",303.1008089718593,143890.04921381111,48401.256,16199.361941382003,1,63.69538489618983,48401.256,68255.416,True,94.40223895353259,108.49961325753259,14.097374303999999
lamf-test-4b6ef0de-0d6b-4c17-a583-0b04e2222603,"{<resource_manager.instance.CloudOnDemandInstance object at 0x11249d6d0>: [(3, 48431.256, None)], <resource_manager.instance.CloudOnDemandInstance object at 0x11249d1d0>: [(2, 48431.256, None)], <resource_manager.instance.CloudOnDemandInstance object at 0x1122a23f0>: [(1, 48431.256, None)]}",304.5800255914627,144162.47295523097,48431.256,16205.005856712003,2,,48831.792,144177.872955231,False,588.5218279151138,,
lamf-test-dfcd1cfc-af92-4194-9a51-c980d70402e7,"{<resource_manager.instance.CloudReservedInstance object at 0x11249d310>: [(1, 48861.792, None)], <resource_manager.instance.CloudOnDemandInstance object at 0x1122a23f0>: [(3, 48861.792, None)], <resource_manager.instance.CloudOnDemandInstance object at 0x11227bb60>: [(1, 48861.792, None)]}",104.89919658381315,47351.119437915324,48861.792,16206.005856712003,2,,48861.792,48877.191999999995,False,0.0993325695628897,,
lamf-test-3caf5282-95cc-4847-bdc6-12864fd51ff6,"{<resource_manager.instance.OnPremInstance object at 0x11227b770>: [(2, 48891.792, None)]}",88.21646259362132,47184.66662465795,48891.792,16212.810753208003,1,,48891.792,48907.191999999995,False,0.08315461251803077,,
lamf-test-76f31f64-e074-4b6a-9579-e22c37b55e69,"{<resource_manager.instance.CloudReservedInstance object at 0x11249d310>: [(1, 48921.792, None)], <resource_manager.instance.CloudOnDemandInstance object at 0x1122a23f0>: [(3, 48921.792, None)], <resource_manager.instance.CloudOnDemandInstance object at 0x11227bb60>: [(1, 48921.792, None)]}",57.885218243385175,30464.282161091265,48921.792,16218.956863351003,3,,48921.792,48937.191999999995,False,0.09759931046717227,,
lamf-test-9e038649-678e-4ec1-8038-665a8a0ccdab,"{<resource_manager.instance.OnPremInstance object at 0x11227b770>: [(6, 49551.792, 51561.792), (1, 51561.792, None), (2, 69443.4, None), (1, 81863.4, None)]}",305.1144082584737,143974.3561797515,49551.792,16237.133581263502,1,183.97212685375314,49551.792,84355.322,True,211.4516834740285,242.75154993162852,31.299866457600007
lamf-test-816ecb3f-0729-4858-99cd-1237c929b94a,"{<resource_manager.instance.OnPremInstance object at 0x11227b770>: [(6, 49701.792, 53682.864), (1, 53682.864, None)]}",325.447174391888,143869.68206973196,49701.792,16238.133581263502,1,62.67259137577002,49701.792,61624.908,True,85.02072644307552,97.93035630867553,12.909629865600003
lamf-test-9dd25f94-b2d8-4857-adb4-87c377066854,"{<resource_manager.instance.CloudReservedInstance object at 0x11249d310>: [(1, 49731.792, None)], <resource_manager.instance.CloudOnDemandInstance object at 0x1122a23f0>: [(2, 49731.792, None)]}",304.2337725718405,144305.73354626622,49731.792,16243.604910256503,2,203.36538911774977,49731.792,144321.13354626624,False,400.3891754738094,,
lamf-test-5d4708b4-be70-4e57-95c0-9df21e198378,"{<resource_manager.instance.OnPremInstance object at 0x11227b770>: [(5, 50421.792, None)]}",119.73047030526563,48004.29189387715,50421.792,16792.361874187503,1,,50421.792,50437.191999999995,False,0.20261616852984965,,
lamf-test-fe21cf99-74f2-4c6e-92c0-836166b37c9b,"{<resource_manager.instance.OnPremInstance object at 0x11227b770>: [(3, 50451.792, 52962.864), (2, 52962.864, None), (1, 63402.864, None)]}",306.6266107573227,144602.42277178817,50451.792,16793.361874187503,3,43.21730321697467,50451.792,67887.607,True,63.681565138033314,80.66300083003331,16.981435692
lamf-test-af303474-9c6d-4cd6-af46-9ee1b2d1d0c4,"{<resource_manager.instance.OnPremInstance object at 0x11227b770>: [(6, 51111.792, None)]}",83.47238892971743,47981.301520091336,51111.792,16794.361874187503,3,,51111.792,51127.191999999995,False,0.14054300707272807,,
lamf-test-48887eaf-7764-41b1-8a24-eb297e7a4537,"{<resource_manager.instance.OnPremInstance object at 0x11227b770>: [(6, 51201.792, None)]}",92.60848910013964,47938.81412225147,51201.792,16798.566026502504,1,,51201.792,51217.191999999995,False,0.24243668720045594,,
lamf-test-70da499d-f492-45a5-857f-ba98849424d5,"{<resource_manager.instance.OnPremInstance object at 0x11227b770>: [(4, 51261.792, None)]}",105.64492540905647,47893.683040566626,51261.792,16799.566026502504,3,,51261.792,51277.191999999995,False,0.09369533804848537,,
lamf-test-41153241-bf67-4ba2-bd57-821911347a85,"{<resource_manager.instance.OnPremInstance object at 0x11227b770>: [(3, 51321.792, None)]}",99.23133172494114,47958.150996671786,51321.792,16810.069948852004,3,,51321.792,51337.191999999995,False,0.07027150353636404,,
lamf-test-6557112d-0dd1-4a4f-956a-4810ab29fb87,"{<resource_manager.instance.OnPremInstance object at 0x11227b770>: [(5, 51381.792, 52902.864), (1, 52902.864, None), (1, 67782.864, None), (3, 78743.4, None)]}",284.1643475390076,144108.07617488437,51381.792,16820.515030042505,3,101.53841660962809,51381.792,86078.18030974007,True,123.32547501513477,156.21165830248765,32.886183287352864
lamf-test-9c88980c-fc13-42ba-ae80-9214e850b23c,"{<resource_manager.instance.OnPremInstance object at 0x11227b770>: [(3, 51411.792, None)]}",56.88278421553064,30871.126966023174,51411.792,16821.515030042505,2,,51411.792,51427.191999999995,False,0.049677043187284775,,
lamf-test-599db447-ffc5-4f67-bbdb-15246291d10d,"{<resource_manager.instance.OnPremInstance object at 0x11227b770>: [(4, 51441.792, None)]}",58.09494942769889,30724.597806242833,51441.792,16822.515030042505,3,,51441.792,51457.191999999995,False,0.09369533804848537,,
lamf-test-67a1a99a-4314-4946-83c9-ed2acd2c23fe,"{<resource_manager.instance.OnPremInstance object at 0x11227b770>: [(2, 51471.792, None)]}",104.56386159081104,48037.36304407728,51471.792,16827.229201155504,2,,51471.792,51487.191999999995,False,0.04186443429931751,,
lamf-test-1bd3ea85-4b86-41d6-88ae-4d09629a5e9f,"{<resource_manager.instance.OnPremInstance object at 0x11227b770>: [(5, 51561.792, None)]}",91.30297666017438,47983.14814090325,51561.792,16841.429810967504,2,,51561.792,51577.191999999995,False,0.06162769304399561,,
lamf-test-04e82c6f-21eb-4e35-8244-b06d0737db1d,"{<resource_manager.instance.OnPremInstance object at 0x11227b770>: [(5, 51591.792, None)]}",95.5159501731966,48276.468858197884,51591.792,16843.223490243505,2,,51591.792,51607.191999999995,False,0.06162769304399561,,
lamf-test-227b9038-f251-4152-94eb-43a9fb1d09b6,"{<resource_manager.instance.OnPremInstance object at 0x11227b770>: [(5, 51681.792, None)]}",66.25196628808428,31072.855442679444,51681.792,16844.223490243505,2,,51681.792,51697.191999999995,False,0.06162769304399561,,
lamf-test-b20c0974-09ea-4c80-b141-7811b8b20475,"{<resource_manager.instance.CloudOnDemandInstance object at 0x1122a23f0>: [(1, 51711.792, None)], <resource_manager.instance.CloudOnDemandInstance object at 0x11227bb60>: [(1, 51711.792, None)]}",96.38631983638818,47943.247947695185,51711.792,16847.298385858503,1,,52112.328,52127.727999999996,False,1.9823045605495708,,
lamf-test-ab19fe1e-973b-44c8-a2b5-9c88f8dd630c,"{<resource_manager.instance.OnPremInstance object at 0x11227b770>: [(5, 52142.328, 54642.864), (1, 54642.864, None), (1, 60612.864, None), (1, 70553.4, None)]}",310.22675767562004,145226.75047538304,52142.328,17411.638350124504,3,58.337138945927414,52142.328,75525.651,True,81.02594113620806,102.63245796420806,21.606516827999997
lamf-test-38119ffa-10d5-4f96-9e4f-d7aa2d684f4c,"{<resource_manager.instance.OnPremInstance object at 0x11227b770>: [(5, 52172.328, 56652.864), (2, 56652.864, None), (1, 68082.864, None)]}",315.0920376046709,145274.89776352068,52172.328,17419.209640606503,2,49.0023104754582,52172.328,73054.60599999999,True,72.6056864758746,97.01384514947458,24.408158673599978
lamf-test-0edb2b7d-ea79-4551-a1d6-40e8f4f75204,"{<resource_manager.instance.OnPremInstance object at 0x11227b770>: [(2, 52202.328, None)]}",49.09599477194767,31418.31343114073,52202.328,17425.902489484502,3,,52202.328,52217.727999999996,False,0.046847669024242686,,
lamf-test-fb5bb86a-097c-4cce-b52f-faf7de14091c,"{<resource_manager.instance.OnPremInstance object at 0x11227b770>: [(5, 52262.328, 54252.864), (2, 54252.864, None)]}",310.7135837098068,145230.8041222247,52262.328,17434.0023913305,2,21.503702883879818,52262.328,66378.98,True,40.93020312916647,54.80371543636647,13.873512307199995
lamf-test-ffa00229-4854-4a3b-9050-ac62a552280b,"{<resource_manager.instance.CloudOnDemandInstance object at 0x1122a23f0>: [(1, 52292.328, None)], <resource_manager.instance.CloudOnDemandInstance object at 0x11227bb60>: [(1, 52292.328, None)]}",328.09484391630104,145277.1359479019,52292.328,17435.513527855503,3,214.4504981367403,52692.864,145292.53594790192,False,235.7599004940855,,
lamf-test-404b381d-5a0f-4cbc-ae4f-02ebbbeb7a4d,"{<resource_manager.instance.OnPremInstance object at 0x11227b770>: [(6, 52752.864, None)]}",54.32250531179826,31649.606974036094,52752.864,17436.513527855503,1,,52752.864,52768.263999999996,False,0.24243668720045594,,
lamf-test-1945932c-936e-4e58-b59b-8fc5fe0a5a90,"{<resource_manager.instance.OnPremInstance object at 0x11227b770>: [(4, 52812.864, 55812.864), (1, 55812.864, None)]}",307.9539703217035,145176.4830918879,52812.864,17438.258213672503,1,31.713438284280173,52812.864,66726.81599999999,True,62.42423180469995,71.71813073589995,9.293898931199996
lamf-test-05011c3e-5178-4e8c-a944-565636c84b62,"{<resource_manager.instance.OnPremInstance object at 0x11227b770>: [(2, 52872.864, 58062.864), (1, 58062.864, None)]}",311.6110618417853,144927.25903974357,52872.864,17439.258213672503,2,26.22220563819974,52872.864,78907.232,True,56.40284042827369,69.06744408907369,12.664603660800001
lamf-test-01d3dab5-d631-4e94-b48f-123fd1e6d0ca,"{<resource_manager.instance.OnPremInstance object at 0x11227b770>: [(3, 52902.864, None)]}",62.28353144846482,31545.76571823578,52902.864,17446.166808009504,1,,52902.864,52918.263999999996,False,0.12297513118863707,,
lamf-test-e42daae1-319e-4d66-892f-ff458cefa185,"{<resource_manager.instance.OnPremInstance object at 0x11227b770>: [(5, 52932.864, 54432.864), (1, 54432.864, None), (2, 70343.4, None), (2, 73853.4, None)]}",331.8539601540227,145130.22207736742,52932.864,17452.682878011503,3,51.62451289071411,52932.864,82299.09499999999,True,115.85521484523531,146.7493657068353,30.894150861599982
lamf-test-64767f79-cec9-4cb3-b8c5-46b3e86d20f8,"{<resource_manager.instance.OnPremInstance object at 0x11227b770>: [(4, 52962.864, 55452.864), (1, 55452.864, None), (2, 64392.864, None), (1, 70373.4, None), (2, 74363.4, None)]}",283.87618715962776,145016.23971890024,52962.864,17453.682878011503,2,120.5247037238718,52962.864,83519.513,True,169.57701078229914,213.27565958389917,43.69864880160002
lamf-test-4f40bb80-4246-4e5c-807f-5b2f111e8553,"{<resource_manager.instance.OnPremInstance object at 0x11227b770>: [(4, 52992.864, 56472.864), (1, 56472.864, None), (4, 65412.864, None)]}",300.28901978300945,145020.28938744465,52992.864,17455.157569603503,3,65.19534565366182,52992.864,72629.38935398863,True,89.65339838762364,113.56052780551258,23.907129417888946
lamf-test-428fc4b3-a829-4902-849a-b2c3bb41b1dd,"{<resource_manager.instance.OnPremInstance object at 0x11227b770>: [(6, 53712.864, None)]}",111.95659614535904,49111.009190796736,53712.864,17998.320927067503,3,,53712.864,53728.263999999996,False,0.14054300707272807,,
lamf-test-9638132b-b89e-4ce9-a020-504ebe7f7390,"{<resource_manager.instance.OnPremInstance object at 0x11227b770>: [(3, 53772.864, None)]}",103.1682902438305,48963.29382623305,53772.864,18000.155830234504,2,,53772.864,53788.263999999996,False,0.049677043187284775,,
lamf-test-6ebb2b55-7f25-4fcc-998e-d62668ae8460,"{<resource_manager.instance.OnPremInstance object at 0x11227b770>: [(6, 53832.864, None)]}",60.69367071554156,32340.55392096349,53832.864,18006.598841344505,2,,53832.864,53848.263999999996,False,0.06655648787942382,,
lamf-test-5704a2cc-027b-4370-a7eb-9804c4d8380a,"{<resource_manager.instance.OnPremInstance object at 0x11227b770>: [(5, 53892.864, 59352.864), (1, 59352.864, None), (1, 62352.864, None), (3, 66342.864, None)]}",328.518781280289,145506.66517152407,53892.864,18007.598841344505,3,58.224960073009356,53892.864,73797.424,True,114.91794052779676,145.56215620779676,30.644215679999995
lamf-test-4bdc3b38-4b50-41c5-90d1-8319dfa6ef3f,"{<resource_manager.instance.OnPremInstance object at 0x11227b770>: [(5, 54072.864, None)]}",321.16833722466623,145851.15091440445,54072.864,18008.973095876503,2,,54072.864,68967.634,True,59.60586451436764,89.81245807436764,30.206593560000005
lamf-test-cbaeac35-da39-4580-bb48-6f69d435e1ef,"{<resource_manager.instance.OnPremInstance object at 0x11227b770>: [(6, 54252.864, None)]}",59.97502759856391,32287.471711397106,54252.864,18012.620771465503,2,,54252.864,54268.263999999996,False,0.06655648787942382,,
lamf-test-faec5c90-186b-4555-954c-a8baf4f027a2,"{<resource_manager.instance.OnPremInstance object at 0x11227b770>: [(4, 54312.864, None)]}",104.23072108364673,49231.57623040816,54312.864,18014.427788906003,3,,54312.864,54328.263999999996,False,0.09369533804848537,,
lamf-test-0967a8c1-fdb4-4be1-a916-cc022480b089,"{<resource_manager.instance.OnPremInstance object at 0x11227b770>: [(2, 54342.864, None)]}",89.68473907463206,49009.65950976353,54342.864,18019.300172543502,1,,54342.864,54358.263999999996,False,0.08315461251803077,,
lamf-test-d392fb46-3ada-4299-920d-04b5ae462e49,"{<resource_manager.instance.OnPremInstance object at 0x11227b770>: [(4, 54372.864, None)]}",53.88118833696197,32144.826100638365,54372.864,18022.164681023503,2,,54372.864,54388.263999999996,False,0.05608928259914327,,
lamf-test-b4f2a445-161d-42de-8bf2-99cedcdf1a1d,"{<resource_manager.instance.OnPremInstance object at 0x11227b770>: [(2, 54432.864, None), (2, 63582.864, None)]}",317.30210148260704,145795.42907956304,54432.864,18024.169850480503,2,24.87399830122727,54432.864,68059.307,True,49.21214815424163,63.89720927744163,14.685061123199997
lamf-test-c7f36b6d-6d0e-497a-bed2-ab51e4200e00,"{<resource_manager.instance.OnPremInstance object at 0x11227b770>: [(6, 54492.864, None)]}",67.30455789142538,32124.386089377636,54492.864,18025.169850480503,2,,54492.864,54508.263999999996,False,0.06655648787942382,,
lamf-test-902ad2da-a958-4f6f-a105-0cf09133c223,"{<resource_manager.instance.OnPremInstance object at 0x11227b770>: [(4, 54552.864, 57552.864), (2, 57552.864, None)]}",319.6161610919672,145688.94755001337,54552.864,18026.900622549503,3,18.252338580880675,54552.864,67971.607,True,49.946742718077424,63.265627039677426,13.318884321600002
lamf-test-5c066d18-4f49-4722-a66a-a3c4e7ab30cb,"{<resource_manager.instance.OnPremInstance object at 0x11227b770>: [(3, 54582.864, None)]}",105.95282638563052,49166.659870230054,54582.864,18028.605333567502,3,,54582.864,54598.263999999996,False,0.07027150353636404,,
lamf-test-03f57a47-31b2-463e-9964-32e1833cfbcd,"{<resource_manager.instance.OnPremInstance object at 0x11227b770>: [(6, 54642.864, None)]}",98.51981663568804,49194.779168057445,54642.864,18030.346221513504,1,,54642.864,54658.263999999996,False,0.24243668720045594,,
lamf-test-b284ea68-a93a-41ac-9d3b-a2d0c0674e21,"{<resource_manager.instance.OnPremInstance object at 0x11227b770>: [(2, 54672.864, None)]}",312.0323931368153,145655.49941098044,54672.864,18033.686996526503,1,13.445128907141228,54672.864,72976.588,True,98.83370628945168,113.68168719825168,14.847980908800002
lamf-test-274e2f12-b4e9-499b-9b88-36da25e54e24,"{<resource_manager.instance.OnPremInstance object at 0x11227b770>: [(5, 54732.864, 62202.864), (1, 62202.864, None)]}",331.60036141298406,145782.23228482422,54732.864,18035.236905828504,1,144.31894684006386,54732.864,101583.70999999999,True,209.09584774507564,240.21787888267565,31.122031137599993
lamf-test-f483d0b8-ba08-4711-99f9-47af2ee222a5,"{<resource_manager.instance.OnPremInstance object at 0x11227b770>: [(3, 54762.864, 56772.864), (1, 56772.864, None), (2, 67692.864, None), (2, 69683.4, None), (1, 73673.4, None)]}",312.7927875459608,146008.740999252,54762.864,18041.222053629503,2,67.88022598324766,54762.864,83108.677,True,157.46829821188769,197.81871252388768,40.350414312
lamf-test-10d63afb-c09f-4af6-a622-71a25fae2fdf,"{<resource_manager.instance.OnPremInstance object at 0x11227b770>: [(4, 55452.864, 58452.864), (1, 58452.864, None), (4, 63432.864, None)]}",310.7244065884292,145393.0589105297,55452.864,18042.222053629503,2,92.71806323760788,55452.864,81724.932,True,124.76901825863851,168.75242016263851,43.983401904
lamf-test-5168b562-8a76-449b-98c0-cc2731c9ca3c,"{<resource_manager.instance.OnPremInstance object at 0x11227b770>: [(2, 55482.864, None), (1, 63162.864, None)]}",309.5107801118846,145872.1956860187,55482.864,18045.1403818485,1,61.9210586356377,55482.864,70832.63399999999,True,104.46537075062733,120.02796288662732,15.562592135999987
lamf-test-ff254f04-4cb3-4cab-aa4a-5f045128d210,"{<resource_manager.instance.OnPremInstance object at 0x11227b770>: [(3, 55752.864, None)]}",110.15545315677929,49168.67106532281,55752.864,18047.6438619075,3,,55752.864,55768.263999999996,False,0.07027150353636404,,
lamf-test-bc23b10d-c69c-4408-9782-8739fbb3209f,"{<resource_manager.instance.OnPremInstance object at 0x11227b770>: [(3, 55782.864, 59262.864), (1, 59262.864, None), (3, 65232.864, None)]}",310.0193593332558,145697.57963552696,55782.864,18055.0420303305,1,115.97734519735334,55782.864,82755.007,True,233.81506624077872,268.89888704397873,35.0838208032
lamf-test-8ac2f925-7afc-41fe-bb28-31766fc5fb67,"{<resource_manager.instance.OnPremInstance object at 0x11227b770>: [(2, 55812.864, None)]}",78.91788247204538,32106.094716157088,55812.864,18059.5024564665,1,,55812.864,55828.263999999996,False,0.08315461251803077,,
lamf-test-8af4e2ac-cf32-4cee-877b-e9f4b759f7f3,"{<resource_manager.instance.OnPremInstance object at 0x11227b770>: [(4, 55842.864, 57852.864), (2, 57852.864, None)]}",289.77114078776196,145983.68819870963,55842.864,18608.9253677055,3,12.229066849190051,55842.864,62328.681,True,25.8447547342003,32.736561484600294,6.891806750399996
lamf-test-068fc1f2-6deb-41a2-ae15-564e581e4490,"{<resource_manager.instance.OnPremInstance object at 0x11227b770>: [(3, 56112.864, 58602.864), (2, 58602.864, None), (1, 74513.4, None)]}",318.6864958169501,145978.31362479972,56112.864,18615.7742414325,1,105.79496965548708,56112.864,76509.933,True,122.1935979922428,140.5594381498428,18.365840157600005
lamf-test-f3dda1e4-5862-4683-8e1d-465d2dca42c3,"{<resource_manager.instance.OnPremInstance object at 0x11227b770>: [(4, 56142.864, 57642.864), (1, 57642.864, None), (3, 62622.864, None), (1, 65112.864, None), (1, 68112.864, None)]}",305.16980399325007,146186.15915394746,56142.864,18617.0358527745,1,97.59981747661419,56142.864,73576.379,True,187.34955053616247,215.22282464016246,27.873274104
lamf-test-9a44ea70-cb8b-427c-9af4-a87498aeb7c6,"{<resource_manager.instance.OnPremInstance object at 0x11227b770>: [(2, 56172.864, None)]}",116.40460154918469,49983.97618869496,56172.864,18618.0889209495,3,,56172.864,56188.263999999996,False,0.046847669024242686,,
lamf-test-9bda5a96-e4e1-4b91-bbbb-1dacf1ed28b2,"{<resource_manager.instance.CloudReservedInstance object at 0x1124a44d0>: [(2, 56442.864, None)], <resource_manager.instance.CloudReservedInstance object at 0x11249d310>: [(2, 56442.864, None)], <resource_manager.instance.CloudReservedInstance object at 0x1122a22c0>: [(2, 56442.864, 89645.54399999997)]}",334.4551264679061,146414.67083210812,56442.864,18619.0889209495,3,291.5254391968968,56442.864,146430.07083210815,False,511.62366795394985,,
lamf-test-e68a5a0e-948d-450e-bd18-14ba76978e62,"{<resource_manager.instance.OnPremInstance object at 0x11227b770>: [(2, 56472.864, None)]}",61.643354936762066,32763.325367388243,56472.864,18639.4176306175,2,,56472.864,56488.263999999996,False,0.04186443429931751,,
lamf-test-72ac3048-5fdb-4c21-afcd-eed6fe82e6d1,"{<resource_manager.instance.OnPremInstance object at 0x11227b770>: [(3, 56502.864, None)]}",305.99164294117367,146482.16746087754,56502.864,18651.8748740815,1,,56502.864,59992.426999999996,True,27.865549851699704,32.111650110099696,4.246100258399994
lamf-test-947624f9-c308-44e1-a082-5eef08d3ec8d,"{<resource_manager.instance.OnPremInstance object at 0x11227b770>: [(4, 56532.864, None)]}",93.19634223972996,49944.46027259005,56532.864,18653.0208334585,2,,56532.864,56548.263999999996,False,0.05608928259914327,,
lamf-test-fd42a6f7-5546-4968-b0ee-4f887fda9461,"{<resource_manager.instance.OnPremInstance object at 0x11227b770>: [(5, 56772.864, 61752.864), (2, 61752.864, None), (2, 73673.4, None)]}",313.44017426263486,146222.46812886995,56772.864,18658.5844434055,1,215.74249418206705,56772.864,92534.112,True,333.5705498516997,383.93954780369967,50.368997951999994
lamf-test-1e1b6610-69b2-4869-80ff-74a807042404,"{<resource_manager.instance.OnPremInstance object at 0x11227b770>: [(5, 57492.864, 62952.864), (1, 62952.864, None)]}",310.82543279392,146615.63602490915,57492.864,18660.5518266265,3,41.52407027150354,57492.864,76343.906,True,61.89222298273633,78.39650961793633,16.5042866352
lamf-test-aba1aa4f-f6ce-4af2-b868-ea5768a9b8b8,"{<resource_manager.instance.OnPremInstance object at 0x11227b770>: [(5, 57612.864, None)]}",55.6474329845016,33341.435087327045,57612.864,19201.470636845497,3,,57612.864,57628.263999999996,False,0.11711917256060674,,
lamf-test-b37b6ec3-b4f6-4505-b5ff-6313155b88e1,"{<resource_manager.instance.OnPremInstance object at 0x11227b770>: [(5, 57642.864, None)]}",92.20096869554938,50526.38432447566,57642.864,19202.470636845497,2,,57642.864,57658.263999999996,False,0.06162769304399561,,
lamf-test-aa0c06ad-8e28-471d-8a21-4c2106849993,"{<resource_manager.instance.OnPremInstance object at 0x11227b770>: [(4, 57672.864, 60672.864), (1, 60672.864, None), (1, 101386.07999999996, None)]}",297.7430444733612,147239.74733614872,57672.864,19203.470636845497,1,202.1605439196896,57672.864,121238.516,True,258.0020728572516,295.4868493500516,37.484776492800016
lamf-test-ea317cde-8e65-4009-bbcb-6720d6ab3fc4,"{<resource_manager.instance.OnPremInstance object at 0x11227b770>: [(5, 57732.864, 61212.864), (2, 61212.864, None)]}",322.00845242777757,147035.36795383683,57732.864,19204.470636845497,2,13.926257908648427,57732.864,74115.561,True,49.00184952168124,66.52595732808123,17.5241078064
lamf-test-d2030552-fada-4868-9884-3081a3d5e562,"{<resource_manager.instance.OnPremInstance object at 0x11227b770>: [(4, 57792.864, 62262.864), (2, 62262.864, None), (2, 68232.864, None), (2, 70733.4, None)]}",335.70235460840024,146840.68759206188,57792.864,19207.288125623498,3,95.34130960529312,57792.864,77730.49299999999,True,124.42725986767043,157.6072469988704,33.17998713119997
lamf-test-8b57f8ca-98cc-4c1b-8aa2-5b91c1f45b09,"{<resource_manager.instance.CloudReservedInstance object at 0x1122a22c0>: [(1, 57822.864, None)], <resource_manager.instance.CloudOnDemandInstance object at 0x11249d6d0>: [(1, 57822.864, None)]}",306.9047417051023,147184.85196252557,57822.864,19208.288125623498,2,100.67617267632102,57822.864,147200.2519625256,False,316.7076409006406,,
lamf-test-a13d6194-2358-4887-a070-b00cd35c865e,"{<resource_manager.instance.OnPremInstance object at 0x11227b770>: [(3, 58212.864, 63192.864), (2, 63192.864, None)]}",302.61921821621866,147112.04726475617,58212.864,19209.288125623498,2,16.064394485244915,58212.864,73612.443,True,44.3897049055185,58.9017313903185,14.5120264848
lamf-test-ca1797e6-b093-4c70-86e8-71ffe0d25cca,"{<resource_manager.instance.OnPremInstance object at 0x11227b770>: [(4, 58242.864, None)]}",87.62355008897632,50314.228784908504,58242.864,19210.470666763496,3,,58242.864,58258.263999999996,False,0.09369533804848537,,
lamf-test-7bd8b2d3-250f-4731-829c-d7a0653ffcb3,"{<resource_manager.instance.OnPremInstance object at 0x11227b770>: [(4, 58272.864, 60282.864), (2, 60282.864, None)]}",301.8009690341694,147136.6321490345,58272.864,19211.470666763496,3,12.229066849190051,58272.864,66244.308,True,30.364115902349994,38.461063275149996,8.096947372800003
lamf-test-d11d15e3-c05e-424a-bab1-f5785ed94bc2,"{<resource_manager.instance.OnPremInstance object at 0x11227b770>: [(4, 58602.864, None)]}",65.13660288894543,33344.256720968326,58602.864,19212.726075407496,1,,58602.864,58618.263999999996,False,0.16279564985924336,,
lamf-test-a7dc0f00-a53e-4f14-ba21-5c93f2b6c280,"{<resource_manager.instance.OnPremInstance object at 0x11227b770>: [(4, 59352.864, 64332.864), (2, 64332.864, None), (1, 86654.47199999998, None)]}",278.74097160023985,146835.1592181362,59352.864,19214.771953130497,2,78.8185791503449,59352.864,94603.903,True,116.55855215826998,152.41826020866998,35.85970805040001
lamf-test-88d97e0c-88fe-4c62-bc84-030e5f7776f1,"{<resource_manager.instance.OnPremInstance object at 0x11227b770>: [(3, 59712.864, 64692.864), (2, 64692.864, None)]}",304.4592028444548,146401.77106759357,59712.864,19217.001968648496,1,39.76728268309377,59712.864,74617.234,True,93.35540877633278,107.46572172033278,14.110312943999997
lamf-test-2586faa0-8afe-4587-9352-3a45415e951c,"{<resource_manager.instance.OnPremInstance object at 0x11227b770>: [(3, 59742.864, None)]}",52.1878736324701,33404.83189271373,59742.864,19221.161507186494,2,,59742.864,59758.263999999996,False,0.049677043187284775,,
lamf-test-096a164d-3416-42b7-999a-d92269a9a7ca,"{<resource_manager.instance.OnPremInstance object at 0x11227b770>: [(6, 60282.864, 65262.864), (1, 65262.864, None), (1, 71243.4, None), (1, 76223.4, None), (1, 86384.47199999998, None)]}",310.89137174012484,147397.91405921822,60282.864,19222.875854921494,3,116.06015970796248,60282.864,94325.97599999998,True,164.37716632443525,208.21026422523522,43.833097900799984
lamf-test-debb5ae3-8ca9-424a-a1fe-ae626817d5d4,"{<resource_manager.instance.OnPremInstance object at 0x11227b770>: [(4, 61752.864, None)]}",50.08229655297103,33449.88511075739,61752.864,19224.032960984496,3,,61752.864,61768.263999999996,False,0.09369533804848537,,
lamf-test-9f4c8a2a-2fe4-4712-9592-1f90f46792d9,"{<resource_manager.instance.OnPremInstance object at 0x11227b770>: [(5, 61872.864, 64872.864), (2, 64872.864, None)]}",322.9477688777042,146654.53728029452,61872.864,19225.032960984496,1,39.47068218115445,61872.864,76784.93400000001,True,103.79169290440342,119.53876408840343,15.747071184000005
lamf-test-81195703-aa5f-481d-abd3-346d6a96d7d8,"{<resource_manager.instance.OnPremInstance object at 0x11227b770>: [(2, 61902.864, None)]}",57.90728747613712,33429.72937920081,61902.864,19226.763933501497,2,,61902.864,61918.263999999996,False,0.04186443429931751,,
lamf-test-292ff255-562b-496c-972f-f8340f6cddab,"{<resource_manager.instance.OnPremInstance object at 0x11227b770>: [(2, 61932.864, None), (1, 73073.4, None)]}",321.5271161172489,146974.09690310847,61932.864,19229.570517480497,1,105.24739949806064,61932.864,85516.187,True,162.35447958019626,186.53206560499626,24.177586024800007
lamf-test-3943f80b-7a33-4e35-a8a4-f3b6aa99c52d,"{<resource_manager.instance.OnPremInstance object at 0x11227b770>: [(3, 62202.864, None)]}",31.751233670300554,33322.16347327385,62202.864,19230.577865664498,1,,62202.864,62218.263999999996,False,0.12297513118863707,,
lamf-test-03badbdc-4aa8-4cd2-98f8-bfe0e4080cef,"{<resource_manager.instance.OnPremInstance object at 0x11227b770>: [(2, 62232.864, None)]}",46.039696363479905,33257.31339686634,62232.864,19233.092544246498,2,,62232.864,62248.263999999996,False,0.04186443429931751,,
lamf-test-e0a17229-9bf9-416c-a5a2-49e15e4b17e7,"{<resource_manager.instance.OnPremInstance object at 0x11227b770>: [(2, 62262.864, None)]}",300.8789137634496,147470.11959434196,62262.864,19242.290524097996,3,7.57472051106548,62262.864,82317.024,True,61.00588637919234,77.27382097119235,16.267934592000003
lamf-test-0b1411aa-7440-4517-bbd4-2bffa1461af4,"{<resource_manager.instance.OnPremInstance object at 0x11227b770>: [(2, 62292.864, None)]}",54.09958144079154,33548.437722667746,62292.864,19243.984537857497,1,,62292.864,62308.263999999996,False,0.08315461251803077,,
lamf-test-8a7888d4-6626-4d18-8e7e-6823cdaffb96,"{<resource_manager.instance.OnPremInstance object at 0x11227b770>: [(6, 62472.864, None)]}",94.8282048828368,50549.84394430896,62472.864,19244.984537857497,3,,62472.864,62488.263999999996,False,0.14054300707272807,,
lamf-test-8f5d07e8-2d0c-4ca5-874d-d1e790990809,"{<resource_manager.instance.OnPremInstance object at 0x11227b770>: [(6, 63012.864, 65022.864), (1, 65022.864, None), (1, 71003.4, None), (2, 92345.54399999997, None), (1, 103276.07999999996, None)]}",302.97405507839164,147063.7798891124,63012.864,19245.984537857497,1,289.1167547342001,63012.864,107750.574,True,351.04982249600755,402.4877865488076,51.437964052800034
lamf-test-fd11e4ea-cdef-4f38-a062-f8e8f6529d33,"{<resource_manager.instance.OnPremInstance object at 0x11227b770>: [(6, 64872.864, 74033.4), (1, 74033.4, None), (1, 90395.54399999997, None)]}",323.9849795842166,147190.64222105514,64872.864,19249.112926343496,1,190.252511978097,64872.864,95364.11299999998,True,218.2146464369913,251.1747156257913,32.960069188799984
lamf-test-8c42c6bf-e604-4e96-bc18-75bc6db194f5,"{<resource_manager.instance.OnPremInstance object at 0x11227b770>: [(2, 64902.864, None)]}",304.5244415439068,146701.31361246714,64902.864,19250.112926343496,2,,64902.864,70876.17199999999,True,16.23825716335596,21.08380461295595,4.845547449599992
lamf-test-2ee801ff-df94-45c9-b634-a465808c37ee,"{<resource_manager.instance.OnPremInstance object at 0x11227b770>: [(4, 65022.864, None)]}",44.045311418522864,33350.168007888504,65022.864,19251.112926343496,3,,65022.864,65038.263999999996,False,0.09369533804848537,,
lamf-test-c4cd6d33-84be-4a0d-a794-48962ad9461f,"{<resource_manager.instance.OnPremInstance object at 0x11227b770>: [(4, 65052.864, None)]}",92.44374551049617,50494.75496135689,65052.864,19253.154866722496,1,,65052.864,65068.263999999996,False,0.16279564985924336,,
lamf-test-b19f4d76-0891-41df-b5fe-36ccd74b9a06,"{<resource_manager.instance.OnPremInstance object at 0x11227b770>: [(3, 65112.864, None)]}",47.2527689810787,33357.173246337996,65112.864,19254.402606331496,3,,65112.864,65128.263999999996,False,0.07027150353636404,,
lamf-test-9953a2a0-1d7c-4068-bf98-538acafc2ac3,"{<resource_manager.instance.OnPremInstance object at 0x11227b770>: [(6, 65262.864, 69233.4), (2, 69233.4, None), (1, 91115.54399999997, None)]}",299.47595690366575,146657.07303774977,65262.864,19260.926428696497,2,76.64600720619904,65262.864,100048.694,True,119.05619227173972,157.33954081413972,38.283348542400006
lamf-test-783eef72-16ea-4bd4-8850-a7549496bd66,"{<resource_manager.instance.OnPremInstance object at 0x11227b770>: [(3, 65292.864, None)]}",99.85904399571011,50534.69046302518,65292.864,19265.549868157497,2,,65292.864,65308.263999999996,False,0.049677043187284775,,
lamf-test-59f36aea-6cbc-457b-81ba-431f79f73291,"{<resource_manager.instance.OnPremInstance object at 0x11227b770>: [(2, 65352.864, None)]}",94.81833183066266,50561.49375103577,65352.864,19266.549868157497,3,,65352.864,65368.263999999996,False,0.046847669024242686,,
lamf-test-55529a16-b241-4348-bd90-45ddc000d26d,"{<resource_manager.instance.OnPremInstance object at 0x11227b770>: [(3, 65412.864, None)]}",53.211716625419925,33926.97664718938,65412.864,19811.095578419496,2,,65412.864,65428.263999999996,False,0.049677043187284775,,
lamf-test-b86de886-591a-45ec-903b-6a80c96225dd,"{<resource_manager.instance.OnPremInstance object at 0x11227b770>: [(6, 65532.864, None)]}",41.149547064693905,33795.78862340383,65532.864,19812.095578419496,3,,65532.864,65548.264,False,0.14054300707272807,,
lamf-test-9805f54e-1cae-487c-b904-2cb93c2a7afb,"{<resource_manager.instance.OnPremInstance object at 0x11227b770>: [(3, 65592.864, 70073.4), (1, 70073.4, None)]}",328.01417674151406,147458.2350200236,65592.864,19813.095578419496,3,20.445065023956158,65592.864,76035.353,True,29.513363753897607,37.3834480954976,7.870084341599995
lamf-test-65e3ea29-e28c-4094-b1d4-e102c2738358,"{<resource_manager.instance.OnPremInstance object at 0x11227b770>: [(3, 65622.864, None)]}",53.51848203740168,33939.73892752745,65622.864,19819.536327931495,1,,65622.864,65638.264,False,0.12297513118863707,,
lamf-test-720b43f5-e992-4463-8b62-736d9e2ae936,"{<resource_manager.instance.OnPremInstance object at 0x11227b770>: [(2, 65652.864, None)]}",92.64800719218381,50926.632387912585,65652.864,19825.508712508494,2,,65652.864,65668.264,False,0.04186443429931751,,
lamf-test-ca0b2ac7-3ce2-4e8c-a6e1-096d01ef9a8a,"{<resource_manager.instance.OnPremInstance object at 0x11227b770>: [(6, 66372.864, 71363.4), (2, 71363.4, None), (1, 75833.4, None), (3, 85784.47199999998, None)]}",322.6901850057595,147796.3386593954,66372.864,19826.508712508494,1,184.43430892083026,66372.864,89268.678,True,240.87478941364373,277.23344995444376,36.35866054080001
lamf-test-47c1fe4b-c260-4538-9b53-fe9eeae00c5f,"{<resource_manager.instance.OnPremInstance object at 0x11227b770>: [(2, 66432.864, None), (1, 97445.54399999997, None)]}",307.40827687661385,147510.54676915603,66432.864,19828.116658685492,3,94.3423226100843,66432.864,104394.948,True,126.0530412959161,159.6665620991161,33.61352080320002
lamf-test-18cbb634-7aef-4481-9ee7-fe1e8a16d0ba,"{<resource_manager.instance.OnPremInstance object at 0x11227b770>: [(5, 67992.864, None)]}",52.226498354671556,33950.6677054737,67992.864,19830.633286874494,3,,67992.864,68008.264,False,0.11711917256060674,,
lamf-test-6a7cd0bb-34c7-4263-9cc7-17fa07eb0a15,"{<resource_manager.instance.OnPremInstance object at 0x11227b770>: [(4, 68052.864, 72023.4), (1, 72023.4, None), (1, 86894.47199999998, None)]}",298.21973828332,147424.38602266018,68052.864,19831.633286874494,1,83.81885831622165,68052.864,91368.48700000001,True,108.99773959996962,125.10056497756963,16.102825377600006
lamf-test-9293cd6c-713f-41c3-8b50-410b94532b8e,"{<resource_manager.instance.CloudOnDemandInstance object at 0x1122a2780>: [(1, 68712.864, None)], <resource_manager.instance.CloudOnDemandInstance object at 0x11249d6d0>: [(3, 68712.864, 83333.4)]}",276.94819521132933,147633.8927867345,68712.864,19842.619328745495,2,64.86730174628629,69113.4,83341.74794025988,False,64.88424002132648,,
lamf-test-2ef3ba74-0be9-4758-9e8b-663933377574,"{<resource_manager.instance.OnPremInstance object at 0x11227b770>: [(4, 69143.4, None), (1, 79793.4, None)]}",315.97195408362086,147812.68285299797,69143.4,19844.615809302497,3,115.8344512890713,69143.4,88699.97917699428,True,132.53159310209358,167.87269567303798,35.341102570944415
lamf-test-abc545e6-fca4-4495-82db-38cb26110a9d,"{<resource_manager.instance.OnPremInstance object at 0x11227b770>: [(5, 69173.4, None)]}",106.90985136127853,50996.03777341571,69173.4,19846.469535513497,1,,69173.4,69188.79999999999,False,0.20261616852984965,,
lamf-test-72359355-373b-4aa6-9d80-111deeae4206,"{<resource_manager.instance.OnPremInstance object at 0x11227b770>: [(4, 69233.4, 74213.4), (1, 74213.4, None), (2, 103486.07999999996, None), (1, 114136.07999999996, None)]}",293.68085416171726,147311.90795345284,69233.4,19849.2159932675,3,123.42030572667116,69233.4,123069.87199999997,True,177.77450452505894,225.18015967385895,47.40565514880001
lamf-test-aa966776-8b52-45e3-81e8-3d502aee1701,"{<resource_manager.instance.OnPremInstance object at 0x11227b770>: [(3, 69263.4, None), (1, 75743.4, None)]}",277.6854198628887,147359.78739444283,69263.4,19850.2159932675,1,84.14328085785992,69263.4,81127.86299999998,True,109.89381291352943,126.51442968472941,16.620616771199984
lamf-test-40afb271-d458-48d9-adbe-b89134d80114,"{<resource_manager.instance.OnPremInstance object at 0x11227b770>: [(3, 69293.4, None)]}",57.83325208385016,34084.24650836085,69293.4,19854.2106785265,3,,69293.4,69308.79999999999,False,0.07027150353636404,,
lamf-test-f6c3e1ca-41d1-4659-a1c2-f6d7cca0c5e7,"{<resource_manager.instance.OnPremInstance object at 0x11227b770>: [(2, 69383.4, 72383.4), (1, 72383.4, None)]}",330.89870791023526,147449.15682762463,69383.4,19855.2106785265,2,8.15540927909091,69383.4,84287.76999999999,True,32.30980988124843,39.57182235324842,7.2620124719999986
lamf-test-81297157-09b4-4bfd-81e5-a8bf0f0cf407,"{<resource_manager.instance.OnPremInstance object at 0x11227b770>: [(6, 69563.4, None)]}",69.1210403049402,34098.26704574323,69563.4,19860.421330832498,3,,69563.4,69578.79999999999,False,0.14054300707272807,,
lamf-test-2744811c-a0e4-4a9d-a448-520fba53466a,"{<resource_manager.instance.OnPremInstance object at 0x11227b770>: [(2, 69623.4, 71123.4), (1, 71123.4, None)]}",316.8459168651483,147833.86204866192,69623.4,19863.254373719497,2,4.077704639545455,69623.4,85998.397,True,34.259615693544234,41.509714476744236,7.250098783200001
lamf-test-ce4c822f-a3d7-44c8-9dba-10c2ea1d7fc0,"{<resource_manager.instance.OnPremInstance object at 0x11227b770>: [(6, 70643.4, None)]}",86.88519768848549,51144.13353388434,70643.4,19865.873932751496,2,,70643.4,70658.79999999999,False,0.06655648787942382,,
lamf-test-5471ed7c-c241-4b43-b3db-c6a0ff681a3a,"{<resource_manager.instance.OnPremInstance object at 0x11227b770>: [(2, 70703.4, None)]}",59.30424416492866,34035.96622406512,70703.4,19867.589135156497,2,,70703.4,70718.79999999999,False,0.04186443429931751,,
lamf-test-dc701733-214d-4503-9e86-a7c5623aa494,"{<resource_manager.instance.OnPremInstance object at 0x11227b770>: [(2, 70733.4, None)]}",290.04127710324553,148207.39614729525,70733.4,20408.751842105496,2,9.460274763745455,70733.4,86338.379,True,42.42166351220627,55.08042247700628,12.658758964800006
lamf-test-9b9326a1-51bc-46fd-a2cb-1abf1c9c75f6,"{<resource_manager.instance.OnPremInstance object at 0x11227b770>: [(5, 70883.4, None)]}",57.78982021342063,34671.738025019426,70883.4,20410.553187607995,1,,70883.4,70898.79999999999,False,0.20261616852984965,,
lamf-test-0111158b-0edf-40ea-8c3c-c453441d9f4b,"{<resource_manager.instance.OnPremInstance object at 0x11227b770>: [(2, 70943.4, None), (1, 96185.54399999997, None)]}",288.9103792556111,148591.1964130256,70943.4,20413.085730911494,3,101.75054528861497,70943.4,103360.676,True,109.52876112251892,138.73588895291894,29.207127830400026
lamf-test-cb995d16-8bd4-4a69-981f-1cf758860367,"{<resource_manager.instance.OnPremInstance object at 0x11227b770>: [(5, 71003.4, 75473.4), (1, 75473.4, None)]}",320.1908267325743,148356.36200018873,71003.4,20417.392855022495,3,33.99498060689026,71003.4,88864.02399999999,True,54.36249752832914,68.85889462272914,14.496397094399997
lamf-test-b3a0db0a-ecb4-42b0-814b-3c34a8d7aaed,"{<resource_manager.instance.OnPremInstance object at 0x11227b770>: [(4, 72383.4, None)]}",100.59507953151345,51346.618197245,72383.4,20420.180106542495,2,,72383.4,72398.79999999999,False,0.05608928259914327,,
lamf-test-692078cb-d4fe-44db-acc1-5eececdc7c24,"{<resource_manager.instance.OnPremInstance object at 0x11227b770>: [(3, 72443.4, 73943.4), (2, 73943.4, None), (1, 78413.4, None), (2, 82403.4, None), (1, 84914.47199999998, None)]}",293.9568407519619,148166.1189711576,72443.4,20421.458006531495,2,83.16542306361976,72443.4,88943.276,True,92.93392981346031,118.13717724386032,25.203247430400015
lamf-test-b3747e60-f13b-4587-ba76-a5026ef56274,"{<resource_manager.instance.OnPremInstance object at 0x11227b770>: [(2, 72683.4, None)]}",92.20458272811517,51765.790814788816,72683.4,20422.458006531495,3,,72683.4,72698.79999999999,False,0.046847669024242686,,
lamf-test-ef36ad8e-1831-459d-b4cc-a917ad7c30ef,"{<resource_manager.instance.OnPremInstance object at 0x11227b770>: [(5, 72743.4, None)]}",103.50768504869966,51676.49406427525,72743.4,20429.180857854495,1,,72743.4,72758.79999999999,False,0.20261616852984965,,
lamf-test-a7a41a4b-e265-4559-96d2-89c830b4e4f3,"{<resource_manager.instance.OnPremInstance object at 0x11227b770>: [(5, 72803.4, None)]}",110.11661546722232,51617.61046178847,72803.4,20430.180857854495,3,,72803.4,72818.79999999999,False,0.11711917256060674,,
lamf-test-c609bf72-d17c-450a-8e65-16fe23e38281,"{<resource_manager.instance.OnPremInstance object at 0x11227b770>: [(2, 72863.4, None), (1, 82553.4, None), (3, 88034.47199999998, None)]}",326.56864801291823,148435.87642547226,72863.4,20431.180857854495,3,54.48812229066842,72863.4,94991.49599999998,True,117.97910107232485,149.43961108832485,31.460510015999994
lamf-test-2be5e6dd-c6ce-4cb1-a0eb-f7b6d8f68bd8,"{<resource_manager.instance.OnPremInstance object at 0x11227b770>: [(2, 72893.4, None)]}",93.23301746575929,51646.23162343021,72893.4,20432.180857854495,1,,72893.4,72908.79999999999,False,0.08315461251803077,,
lamf-test-5ccd4315-8d5b-4044-a8be-038248a6e5e8,"{<resource_manager.instance.OnPremInstance object at 0x11227b770>: [(6, 73103.4, 76583.4), (1, 76583.4, None)]}",316.3732896893923,148227.48533448088,73103.4,20433.505931934495,1,54.78439425051335,73103.4,103566.949,True,130.71346208837173,150.12691756277172,19.4134554744
lamf-test-16723367-a744-4f94-a768-1e436a8648c3,"{<resource_manager.instance.OnPremInstance object at 0x11227b770>: [(2, 73643.4, None)]}",100.67432907273152,51528.491103468594,73643.4,20439.484631799496,3,,73643.4,73658.79999999999,False,0.046847669024242686,,
lamf-test-aa81efdb-fc5d-4cd5-94a6-0293c55ec5bf,"{<resource_manager.instance.OnPremInstance object at 0x11227b770>: [(3, 73703.4, 78173.4), (2, 78173.4, None), (2, 83153.4, None)]}",315.17534780850235,148051.18036129803,73703.4,20440.484631799496,1,62.58498745151723,73703.4,87630.052,True,110.92969685907674,127.67148906387675,16.741792204800003
lamf-test-468c807d-fae3-4ffc-8fac-cef2c72bf30d,"{<resource_manager.instance.OnPremInstance object at 0x11227b770>: [(6, 73823.4, 75323.4), (1, 75323.4, None)]}",313.1968318342145,148330.32085072153,73823.4,20442.645881872497,2,6.482774793452823,73823.4,82275.053,True,20.58793209360313,27.05792255040313,6.469990456800002
lamf-test-9997ef6b-f372-462c-b591-ebc6c42f345e,"{<resource_manager.instance.OnPremInstance object at 0x11227b770>: [(6, 74033.4, 77513.4), (1, 77513.4, None), (1, 88424.47199999998, None)]}",309.99816308035867,148065.25463946827,74033.4,20452.839970240497,3,48.35511749942958,74033.4,104782.15799999998,True,98.11612137805155,124.27993506445154,26.163813686399994
lamf-test-b6e7251f-5c74-4bdc-b21f-2dc66654db99,"{<resource_manager.instance.OnPremInstance object at 0x11227b770>: [(3, 74213.4, 76703.4), (2, 76703.4, None), (2, 93785.54399999997, None)]}",320.3340679876566,148147.44055007971,74213.4,20453.839970240497,3,63.32692676249135,74213.4,96776.305,True,81.52305422465594,103.26213208385596,21.73907785920002
lamf-test-801af7b0-7341-46d2-ba63-e3fe9d27ac0a,"{<resource_manager.instance.OnPremInstance object at 0x11227b770>: [(6, 74303.4, None)]}",98.05192865733181,51611.84563378159,74303.4,20454.839970240497,1,,74303.4,74318.79999999999,False,0.24243668720045594,,
lamf-test-7741d198-baa3-4b02-8577-d94aba790819,"{<resource_manager.instance.OnPremInstance object at 0x11227b770>: [(2, 74363.4, None)]}",58.57374457030712,34658.328058567626,74363.4,20456.331560187497,2,,74363.4,74378.79999999999,False,0.04186443429931751,,
lamf-test-46c0ddc9-3e57-4092-abb9-12bad9e5fc70,"{<resource_manager.instance.OnPremInstance object at 0x11227b770>: [(3, 74423.4, None)]}",59.85312775121128,34623.76334902724,74423.4,20457.331560187497,1,,74423.4,74438.79999999999,False,0.12297513118863707,,
lamf-test-3f74eedf-69e6-447f-8faf-d6b3b1a74541,"{<resource_manager.instance.OnPremInstance object at 0x11227b770>: [(2, 74483.4, None), (4, 89585.54399999997, None)]}",300.3151945622659,148475.5680993791,74483.4,20458.331560187497,3,45.94157426420251,74483.4,92584.42400000001,True,73.30986082591866,92.85879440671876,19.548933580800092
lamf-test-df1d19ca-065c-450e-a725-063e1023eff0,"{<resource_manager.instance.OnPremInstance object at 0x11227b770>: [(5, 75083.4, 80543.4), (1, 80543.4, None), (3, 91985.54399999997, None)]}",308.41567960151576,148190.93299872903,75083.4,20459.509295972497,2,45.06634564453499,75083.4,100925.468,True,92.04402341453033,122.26196971853037,30.217946304000034
lamf-test-d878f6cc-ec52-4963-a36e-567d3077f66a,"{<resource_manager.instance.OnPremInstance object at 0x11227b770>: [(6, 75323.4, 78323.4), (1, 78323.4, None), (2, 85784.47199999998, None)]}",318.40559881515793,148051.7765625417,75323.4,20460.724840009996,2,51.70453177583394,75323.4,96928.58699999998,True,81.01109172921434,104.89826166441435,23.8871699352
lamf-test-e95a3924-2808-4cd5-8af6-82985caaa091,"{<resource_manager.instance.OnPremInstance object at 0x11227b770>: [(4, 75473.4, 78473.4), (2, 78473.4, None), (3, 84434.47199999998, None), (1, 89915.54399999997, None)]}",315.57124577879193,148121.7913230734,75473.4,20462.978861360498,1,217.9363285420942,75473.4,101057.95899999999,True,317.7609840292038,365.6956007956038,47.93461676640001
lamf-test-8433fa81-6093-4f66-8fcd-c8019d82fc62,"{<resource_manager.instance.OnPremInstance object at 0x11227b770>: [(2, 75563.4, None), (1, 86204.47199999998, None)]}",289.2015979209701,148421.71448174925,75563.4,20465.676364631498,1,57.45806616472728,75563.4,94146.93299999999,True,122.69388546657541,140.9903096177754,18.2964241512
lamf-test-fce34ab6-8bce-4303-a50f-d59fbea8d614,"{<resource_manager.instance.OnPremInstance object at 0x11227b770>: [(2, 75593.4, None)]}",47.41181351390231,34651.99683962732,75593.4,20467.9040227975,3,,75593.4,75608.79999999999,False,0.046847669024242686,,
lamf-test-ac6005c9-5daa-4585-b9e3-32cefa81cdb6,"{<resource_manager.instance.OnPremInstance object at 0x11227b770>: [(2, 75683.4, None)]}",56.43144675229202,34618.96484627336,75683.4,20470.030195631498,3,,75683.4,75698.79999999999,False,0.046847669024242686,,
lamf-test-d13deae5-f303-4855-93f8-a16639da1c4e,"{<resource_manager.instance.OnPremInstance object at 0x11227b770>: [(6, 76583.4, None)]}",299.620254990436,148113.35327265516,76583.4,20472.1814073385,2,49.23050295467076,76583.4,89664.11511714986,True,56.53288682786431,88.36611513696023,31.833228309095926
lamf-test-b395ec81-f5cf-4d31-b896-54e96e62d931,"{<resource_manager.instance.OnPremInstance object at 0x11227b770>: [(6, 76823.4, None)]}",60.66671241836613,34601.696455935155,76823.4,20473.1814073385,3,,76823.4,76838.79999999999,False,0.14054300707272807,,
lamf-test-218a245a-408e-4403-969e-14eebe33638f,"{<resource_manager.instance.OnPremInstance object at 0x11227b770>: [(2, 76883.4, None), (3, 89035.00799999997, None)]}",310.9184525812873,148148.5496561234,76883.4,20474.2438254935,3,86.09916495550979,76883.4,100672.12299999999,True,125.46777853829195,158.92523216789198,33.457453629600025
lamf-test-790ebc9f-5e2e-4113-9df6-6e81d9cf4244,"{<resource_manager.instance.OnPremInstance object at 0x11227b770>: [(3, 76913.4, 78413.4), (1, 78413.4, None)]}",301.00617936440153,148666.79269787078,76913.4,21017.1712457975,1,11.978097193702943,76913.4,82393.799,True,23.178550688265283,26.618200522665283,3.439649834400002
lamf-test-af430514-5203-4847-a3dd-4d540698c45d,"{<resource_manager.instance.OnPremInstance object at 0x11227b770>: [(2, 77513.4, None)]}",43.871600174569394,35165.764129440104,77513.4,21024.5374831295,3,,77513.4,77528.79999999999,False,0.046847669024242686,,
lamf-test-8293fc83-5d58-4550-955e-87592cc2b6b3,"{<resource_manager.instance.OnPremInstance object at 0x11227b770>: [(6, 77603.4, 83063.4), (1, 83063.4, None), (2, 97985.54399999997, None)]}",333.7462784146,148814.60689214157,77603.4,21026.141793273502,3,72.52588637919229,77603.4,101974.84099999997,True,90.7293862651152,114.92344046111519,24.194054195999996
lamf-test-f110d8f3-23dd-42e9-8429-8b28407ddd7e,"{<resource_manager.instance.OnPremInstance object at 0x11227b770>: [(6, 77783.4, None)]}",301.2291020786883,148705.91192363139,77783.4,21031.329875706502,1,,77783.4,87710.68,True,156.2816153319644,180.4406439399644,24.159028608
lamf-test-b7f32954-df1d-496f-a3cc-c6c4fa4f08d9,"{<resource_manager.instance.OnPremInstance object at 0x11227b770>: [(5, 78323.4, 82793.4), (2, 82793.4, None), (2, 99155.54399999997, None), (2, 107326.07999999996, None)]}",304.69312328634965,148463.642665912,78323.4,21032.329875706502,1,235.39724207164016,78323.4,110808.18499999998,True,291.80368856947314,335.8717481166732,44.06805954720002
lamf-test-a9c2f748-704b-4cdc-85cd-14af26c3a0f5,"{<resource_manager.instance.OnPremInstance object at 0x11227b770>: [(4, 78473.4, 82943.4), (1, 82943.4, None), (2, 110746.07999999996, None)]}",318.66785267265954,148607.57368733748,78473.4,21033.329875706502,2,138.7783980176019,78473.4,128843.40900000001,True,158.61029337026605,199.1600183054661,40.54972493520005
lamf-test-709c216f-6a83-488b-bc0b-72ed1c83abc3,"{<resource_manager.instance.OnPremInstance object at 0x11227b770>: [(4, 78683.4, None)]}",66.23572922815853,35090.6658618415,78683.4,21035.466994988503,1,,78683.4,78698.79999999999,False,0.16279564985924336,,
lamf-test-4efeb549-c3cf-448a-a777-1713f6f5a77e,"{<resource_manager.instance.OnPremInstance object at 0x11227b770>: [(6, 78923.4, None)]}",68.3929603445819,35232.51116552013,78923.4,21036.466994988503,2,,78923.4,78938.79999999999,False,0.06655648787942382,,
lamf-test-a7d1927a-cf2d-4926-967f-138bb5393300,"{<resource_manager.instance.OnPremInstance object at 0x11227b770>: [(6, 79043.4, 80543.4), (1, 80543.4, None)]}",312.0843911485237,148602.58918668723,79043.4,21037.466994988503,2,6.482774793452823,79043.4,90961.51599999999,True,27.621511860911816,35.49749971051182,7.875987849599998
lamf-test-d2d7cb5f-b6d4-4643-85b6-7c5def471a4e,"{<resource_manager.instance.OnPremInstance object at 0x11227b770>: [(4, 80543.4, None)]}",304.94728314192844,149039.54870045854,80543.4,21039.204823567503,1,306.59156741957526,80543.4,111931.414,True,331.80728161837413,382.73119553197415,50.92391391360002
lamf-test-f4699487-e2f2-4f73-9c8b-3bed156050c7,"{<resource_manager.instance.OnPremInstance object at 0x11227b770>: [(3, 80573.4, 85064.47199999998), (2, 85064.47199999998, None)]}",295.77899706678875,148958.89096648732,80573.4,21044.676158065504,2,14.487219331252533,80573.4,92016.307,True,33.38557255315557,44.48963751475557,11.104064961599999
lamf-test-f16665ee-edca-44bc-8667-81b0b7135bf5,"{<resource_manager.instance.OnPremInstance object at 0x11227b770>: [(3, 80903.4, 83393.4), (2, 83393.4, None), (2, 98285.54399999997, None)]}",311.6491108609515,148914.80803394548,80903.4,21045.676158065504,2,113.49038182001499,80903.4,112355.49299999997,True,125.01350211763233,162.9509265880323,37.93742447039999
lamf-test-be2bbdb1-c4fd-4c6f-98ba-e30fc22c630e,"{<resource_manager.instance.OnPremInstance object at 0x11227b770>: [(4, 80933.4, None)]}",51.26544011550611,35116.76348475655,80933.4,21048.075845849504,1,,80933.4,80948.79999999999,False,0.16279564985924336,,
lamf-test-301ed0a6-99cf-4eba-bab7-e5dbbca6ce7c,"{<resource_manager.instance.CloudReservedInstance object at 0x11227bcb0>: [(2, 80963.4, None)], <resource_manager.instance.CloudOnDemandInstance object at 0x1122a23f0>: [(2, 80963.4, 101956.07999999996)]}",322.7128466056759,148699.68418239662,80963.4,21049.075845849504,3,106.43486196668928,80963.4,101967.99427030746,False,106.45902455508892,,
lamf-test-c6c963f9-b511-4173-9da1-afb01f8ea9e8,"{<resource_manager.instance.OnPremInstance object at 0x11227b770>: [(5, 81023.4, None)]}",55.16582208546895,35304.372363860864,81023.4,21052.209237453502,2,,81023.4,81038.79999999999,False,0.06162769304399561,,
lamf-test-fd3332ce-df25-4a32-8132-74451e729842,"{<resource_manager.instance.OnPremInstance object at 0x11227b770>: [(5, 81083.4, None)]}",314.3128283614734,148642.8022235427,81083.4,21054.280531941502,1,182.51432899840253,81083.4,98561.87584072299,True,229.96245497338796,265.4088039783742,35.44634900498623
lamf-test-ad16e952-0cca-41c7-9fd4-aa3d76092c2a,"{<resource_manager.instance.OnPremInstance object at 0x11227b770>: [(2, 81203.4, None), (2, 86174.47199999998, None), (2, 90665.54399999997, None)]}",295.4536471781582,148705.45701161004,81203.4,21055.280531941502,1,173.99409354323498,81203.4,100938.95338743977,True,241.7609350919976,278.0811529964711,36.32021790447348
lamf-test-991152cd-8fe7-4378-a610-0074b2c690c7,"{<resource_manager.instance.OnPremInstance object at 0x11227b770>: [(4, 81803.4, None)]}",88.26977600456904,52359.32838950454,81803.4,21057.2999556825,1,,81803.4,81818.79999999999,False,0.16279564985924336,,
lamf-test-ffd1b71e-c754-457f-beb0-15002780a4cd,"{<resource_manager.instance.OnPremInstance object at 0x11227b770>: [(2, 81863.4, None), (4, 91325.54399999997, None)]}",333.17802435465063,148599.60393517217,81863.4,21058.2999556825,3,56.16288386949569,81863.4,97809.00265772967,True,87.953517296187,111.40735349843797,23.453836202250976
lamf-test-2044ce9f-358f-4536-9714-09641c49ba86,"{<resource_manager.instance.OnPremInstance object at 0x11227b770>: [(3, 82343.4, None)]}",48.79729657189927,35206.0491387814,82343.4,21062.9949967975,2,,82343.4,82358.79999999999,False,0.049677043187284775,,
lamf-test-00d387e4-de4a-4f41-acfd-aaa44673560f,"{<resource_manager.instance.OnPremInstance object at 0x11227b770>: [(2, 82403.4, None)]}",98.67187509741939,52386.16658036312,82403.4,21064.3643831305,3,,82403.4,82418.79999999999,False,0.046847669024242686,,
lamf-test-be918503-1360-4f36-b485-22f30f9e797e,"{<resource_manager.instance.OnPremInstance object at 0x11227b770>: [(2, 82463.4, None), (3, 98555.54399999997, None)]}",285.4277316494616,149323.36281770092,82463.4,21072.242739383502,3,86.90694045174521,82463.4,104879.42613274572,True,97.04722589357169,122.92600607158006,25.87878017800837
lamf-test-7e75828d-051b-4c5f-920b-c422e487e5af,"{<resource_manager.instance.OnPremInstance object at 0x11227b770>: [(3, 82523.4, None)]}",99.15520505278813,52534.86514463986,82523.4,21073.242739383502,1,,82523.4,82538.79999999999,False,0.12297513118863707,,
lamf-test-163e5afc-c48a-4e5a-9de1-7c84bd3faaf7,"{<resource_manager.instance.OnPremInstance object at 0x11227b770>: [(6, 82703.4, None)]}",100.39270820446175,52258.96551835146,82703.4,21074.357984979502,2,,82703.4,82718.79999999999,False,0.06655648787942382,,
lamf-test-ca0646aa-2851-4f2a-8895-2a2c8b5e84b5,"{<resource_manager.instance.OnPremInstance object at 0x11227b770>: [(2, 82763.4, None)]}",94.28001103179955,52201.502688299006,82763.4,21075.357984979502,1,,82763.4,82778.79999999999,False,0.08315461251803077,,
lamf-test-85ef9298-5c31-4c16-9153-df2b312fad0a,"{<resource_manager.instance.OnPremInstance object at 0x11227b770>: [(3, 82793.4, None)]}",97.20592300310147,52217.1189587155,82793.4,21076.542355309502,3,,82793.4,82808.79999999999,False,0.07027150353636404,,
lamf-test-ead8fa92-dd65-4aea-b802-324a84d102bb,"{<resource_manager.instance.OnPremInstance object at 0x11227b770>: [(4, 82823.4, None)]}",64.57300483587817,35250.49185347451,82823.4,21077.542355309502,1,,82823.4,82838.79999999999,False,0.16279564985924336,,
lamf-test-b87c5197-7932-482c-81b3-61882a5ae41e,"{<resource_manager.instance.OnPremInstance object at 0x11227b770>: [(2, 82853.4, None)]}",46.96697712554091,35295.978546043596,82853.4,21078.5948684155,3,,82853.4,82868.79999999999,False,0.046847669024242686,,
lamf-test-a45d60d7-4f78-42c1-a625-3f2365379d5f,"{<resource_manager.instance.OnPremInstance object at 0x11227b770>: [(5, 82943.4, None)]}",84.78789055156865,52717.970480750766,82943.4,21627.7746682795,3,,82943.4,82958.79999999999,False,0.11711917256060674,,
lamf-test-68ac11d3-bedc-4a83-9d98-64a41fc6b97b,"{<resource_manager.instance.OnPremInstance object at 0x11227b770>: [(2, 82973.4, None)]}",92.68285924520144,52822.10403744242,82973.4,21637.8895130365,2,,82973.4,82988.79999999999,False,0.04186443429931751,,
lamf-test-a0b5829d-4134-40de-ab3a-fd1ed034a5b9,"{<resource_manager.instance.OnPremInstance object at 0x11227b770>: [(3, 83003.4, None)]}",283.38611537295816,148945.47821989423,83003.4,21642.8625495685,1,31.790444900752796,83003.4,101571.933,True,148.27712867898708,170.8713196333871,22.594190954400013
lamf-test-392c05ba-10be-4e78-a3a0-52bfeef6fc2d,"{<resource_manager.instance.OnPremInstance object at 0x11227b770>: [(3, 83033.4, None)]}",321.5347583668584,149509.32478129826,83033.4,21644.8430742835,1,92.80744695414077,83033.4,102597.35099999998,True,156.2259377138945,180.03135329069448,23.805415576799984
lamf-test-3db3ef42-5e5e-4b66-b377-23e8be44e0c4,"{<resource_manager.instance.OnPremInstance object at 0x11227b770>: [(3, 83063.4, 86564.47199999998), (1, 86564.47199999998, None), (2, 96485.54399999997, None)]}",310.51400717904033,149140.837882494,83063.4,21646.0683420925,2,84.31367560224544,83063.4,116556.303,True,126.70996471712073,159.41615548112074,32.70619076400001
lamf-test-8638fd62-6efe-4c20-99a4-4066fa449bb7,"{<resource_manager.instance.OnPremInstance object at 0x11227b770>: [(2, 83093.4, None)]}",298.8839218054394,149377.87964379357,83093.4,21647.0683420925,3,50.50465890942267,83093.4,106644.02299999999,True,71.6423241311126,90.74658950871259,19.104265377599994
lamf-test-8d9e2b15-af68-4d53-96f3-d2ed88fe313d,"{<resource_manager.instance.OnPremInstance object at 0x11227b770>: [(6, 83123.4, 86114.47199999998), (2, 86114.47199999998, None), (2, 100996.07999999996, None), (1, 105976.07999999996, None)]}",290.64783908667005,149204.79075758177,83123.4,21650.711146080503,3,140.74020533880883,83123.4,118528.82039823719,True,198.33196439453346,251.21950715095852,52.88754275642506
lamf-test-0c9d7093-d308-489f-9f7c-949564b43da8,"{<resource_manager.instance.CloudReservedInstance object at 0x1122a22c0>: [(2, 83243.4, None)], <resource_manager.instance.CloudOnDemandInstance object at 0x1122a23f0>: [(1, 83243.4, None)]}",341.93839758920444,149171.340258674,83243.4,21655.1860511705,3,208.3651197809717,83243.4,149186.74025867402,False,300.9050433888844,,
lamf-test-61ec6a0a-d66e-4c08-8b27-302f072141f8,"{<resource_manager.instance.OnPremInstance object at 0x11227b770>: [(5, 83303.4, None)]}",101.82362679709799,52886.45929417173,83303.4,21656.1860511705,1,,83303.4,83318.79999999999,False,0.20261616852984965,,
lamf-test-8add939b-0d3e-460d-9871-cabe0ac805f6,"{<resource_manager.instance.OnPremInstance object at 0x11227b770>: [(2, 83333.4, None), (1, 97955.54399999997, None)]}",308.8827630823316,149184.9728947765,83333.4,21661.3321549635,1,78.9544622404744,83333.4,104418.37799999998,True,132.03728770248688,151.76274732648687,19.725459623999996
lamf-test-cfddfdef-fe2e-45ad-8560-6fe3d62d6b0a,"{<resource_manager.instance.OnPremInstance object at 0x11227b770>: [(2, 83363.4, None)]}",315.13941756268656,149765.00938571192,83363.4,21662.3321549635,3,7.638822724161488,83363.4,93010.47099999999,True,29.346934367632507,37.1726383628325,7.825703995199997
lamf-test-17816b27-b52b-478c-9ec4-0160430c532f,"{<resource_manager.instance.OnPremInstance object at 0x11227b770>: [(3, 83393.4, None)]}",105.18873887331532,52853.37535565431,83393.4,21664.7995837075,1,,83393.4,83408.79999999999,False,0.12297513118863707,,
lamf-test-e53ad4a6-c56e-4dd1-b22c-a4f51924970e,"{<resource_manager.instance.CloudOnDemandInstance object at 0x1122a2780>: [(1, 83423.4, None)], <resource_manager.instance.CloudOnDemandInstance object at 0x11249d6d0>: [(3, 83423.4, None)]}",55.354429897570796,35901.774623206795,83423.4,21669.4431767005,3,,83823.93599999999,83839.33599999998,False,1.5816259791618636,,
lamf-test-ef516eeb-4aa2-4149-84fb-f2df08d8e508,"{<resource_manager.instance.OnPremInstance object at 0x11227b770>: [(2, 83853.93599999999, None), (1, 99455.54399999997, None), (2, 103666.07999999996, None)]}",311.8946764585727,149395.52549223858,83853.93599999999,21670.4431767005,3,66.67400410677607,83853.93599999999,107644.95899999999,True,96.93394022359126,122.78251144999129,25.848571226400033
lamf-test-b3e3f869-98f2-4ec8-bbf6-0c042404572c,"{<resource_manager.instance.OnPremInstance object at 0x11227b770>: [(4, 83883.93599999999, 87854.47199999998), (2, 87854.47199999998, None)]}",313.64851936596733,149269.98273780488,83883.93599999999,21671.4431767005,2,14.461332193126992,83883.93599999999,101244.35099999998,True,50.86131334062849,68.16498079182848,17.30366745119999
lamf-test-82c4ab04-3ecb-433b-af0f-ca823445bb19,"{<resource_manager.instance.OnPremInstance object at 0x11227b770>: [(2, 83913.93599999999, 85904.47199999998), (1, 85904.47199999998, None), (4, 116656.07999999996, None)]}",315.22781690787207,149536.89414379207,83913.93599999999,21674.056750975502,2,91.79651141813306,83913.93599999999,124121.86753098293,True,110.14730207333005,139.3754941941635,29.228192120833448
lamf-test-126e2855-07db-43fa-b439-d9b840b19bc8,"{<resource_manager.instance.CloudOnDemandInstance object at 0x1122a2780>: [(1, 83943.93599999999, None)], <resource_manager.instance.CloudOnDemandInstance object at 0x11249d6d0>: [(3, 83943.93599999999, None)], <resource_manager.instance.CloudOnDemandInstance object at 0x1122a23f0>: [(1, 83943.93599999999, 98555.54399999997)]}",318.1127601463231,149429.58220992977,83943.93599999999,21675.8323470165,2,94.4751758363467,84344.47199999998,98567.81994025987,False,94.52964081089063,,
lamf-test-48a10b5f-21dc-470f-9659-627dfd23c08d,"{<resource_manager.instance.OnPremInstance object at 0x11227b770>: [(3, 84374.47199999998, None)]}",92.04085175874731,52978.46703158308,84374.47199999998,21676.8323470165,1,,84374.47199999998,84389.87199999997,False,0.12297513118863707,,
lamf-test-e15b5aaf-9b3e-4030-9089-2acfa9cb2d3e,"{<resource_manager.instance.OnPremInstance object at 0x11227b770>: [(5, 85574.47199999998, None)]}",97.31114029433286,52848.20642449804,85574.47199999998,21679.6280046325,3,,85574.47199999998,85589.87199999997,False,0.11711917256060674,,
lamf-test-66cd8497-ae77-462b-b793-0f387087c6da,"{<resource_manager.instance.OnPremInstance object at 0x11227b770>: [(6, 86114.47199999998, 91085.54399999997), (2, 91085.54399999997, None)]}",301.4980639885899,149576.31475650085,86114.47199999998,21680.6280046325,2,21.484226838692678,86114.47199999998,105478.82299999997,True,60.61192054307414,84.38534928707412,23.773428743999972
lamf-test-001a4b71-83f9-4df6-aec9-864db3283caa,"{<resource_manager.instance.OnPremInstance object at 0x11227b770>: [(2, 86144.47199999998, None)]}",48.99000092192328,35692.56566376916,86144.47199999998,21681.6280046325,3,,86144.47199999998,86159.87199999997,False,0.046847669024242686,,
lamf-test-48b882cf-9036-46be-bc48-393458a804a5,"{<resource_manager.instance.OnPremInstance object at 0x11227b770>: [(3, 86354.47199999998, None), (2, 94535.54399999997, None)]}",302.75177020472233,149069.45667344495,86354.47199999998,21682.6280046325,1,131.98665754049728,86354.47199999998,110425.70399999997,True,278.0196760209901,320.1996489105901,42.179972889599995
lamf-test-41abfa7b-4d2e-4f8d-8223-ac01154402e5,"{<resource_manager.instance.OnPremInstance object at 0x11227b770>: [(5, 87734.47199999998, None)]}",281.0110578746165,150047.04267935592,87734.47199999998,22234.641898463502,1,81.98155418662996,87734.47199999998,97649.11735398861,True,130.44593856871492,150.55283934660386,20.106900777888935
lamf-test-f7a44344-fc5e-4a49-a1d7-2ef5e757b2cc,"{<resource_manager.instance.OnPremInstance object at 0x11227b770>: [(5, 87764.47199999998, None)]}",58.088742770112894,36384.112508226106,87764.47199999998,22236.802875842503,1,,87764.47199999998,87779.87199999997,False,0.20261616852984965,,
lamf-test-19bc22b3-fa83-4e8f-80ba-b5e9bf28dfd3,"{<resource_manager.instance.OnPremInstance object at 0x11227b770>: [(3, 87854.47199999998, None), (2, 92825.54399999997, None), (1, 98795.54399999997, None)]}",295.4218339024769,150144.02184326298,87854.47199999998,22237.802875842503,3,151.6867168605976,87854.47199999998,112630.91299999999,True,194.35003422313494,246.17574863113498,51.82571440800003
lamf-test-6849d36d-a755-4e76-b818-c17b557c62c1,"{<resource_manager.instance.OnPremInstance object at 0x11227b770>: [(3, 87884.47199999998, None)]}",39.636907285102794,36495.65714816758,87884.47199999998,22239.6392569595,2,,87884.47199999998,87899.87199999997,False,0.049677043187284775,,
lamf-test-2655d61c-0fa6-49c7-9b40-d21f2644dd36,"{<resource_manager.instance.OnPremInstance object at 0x11227b770>: [(4, 87974.47199999998, None)]}",98.54453325124068,53397.894191709645,87974.47199999998,22240.6392569595,3,,87974.47199999998,87989.87199999997,False,0.09369533804848537,,
lamf-test-99025f0c-24c1-4390-aabb-11e1215ca402,"{<resource_manager.instance.CloudReservedInstance object at 0x1124a44d0>: [(2, 88394.47199999998, None)], <resource_manager.instance.CloudOnDemandInstance object at 0x11249d1d0>: [(2, 88394.47199999998, None)]}",311.1930919467007,149661.7858925796,88394.47199999998,22242.4255508025,1,132.3412761426723,88394.47199999998,114411.57829246778,True,191.26830493613357,294.56089999636333,103.29259506022979
lamf-test-5092ef74-6b46-43b7-99dd-8d0710db91b8,"{<resource_manager.instance.CloudOnDemandInstance object at 0x11249d1d0>: [(2, 88424.47199999998, None)], <resource_manager.instance.CloudOnDemandInstance object at 0x11249d6d0>: [(2, 100025.54399999997, None)], <resource_manager.instance.CloudOnDemandInstance object at 0x1122a23f0>: [(1, 100025.54399999997, None)]}",322.80175063254035,150093.57167328618,88424.47199999998,22252.252616401503,2,19.837066944445827,88825.00799999997,150108.97167328617,False,308.7186208058256,,
lamf-test-6620de74-3135-4711-a32d-634f822e03d2,"{<resource_manager.instance.OnPremInstance object at 0x11227b770>: [(4, 88855.00799999997, None)]}",98.27879946704434,53387.12576871547,88855.00799999997,22253.252616401503,3,,88855.00799999997,88870.40799999997,False,0.09369533804848537,,
lamf-test-7ebc6423-600b-435f-a9e9-a2b0849ab334,"{<resource_manager.instance.OnPremInstance object at 0x11227b770>: [(2, 88885.00799999997, None), (1, 96545.54399999997, None)]}",316.11199289564274,150347.86123519513,88885.00799999997,22256.944920629503,3,73.18074378279711,88885.00799999997,110652.49499999997,True,87.67499429614418,111.05455907614417,23.379564779999995
lamf-test-bd57b50e-03ca-4810-aec9-f7f4669d252f,"{<resource_manager.instance.OnPremInstance object at 0x11227b770>: [(6, 88915.00799999997, None)]}",70.84381642365693,36256.315546977276,88915.00799999997,22258.126128920503,3,,88915.00799999997,88930.40799999997,False,0.14054300707272807,,
lamf-test-a4fb3475-0825-4c5b-85c8-d701cc8e051a,"{<resource_manager.instance.OnPremInstance object at 0x11227b770>: [(3, 89005.00799999997, None)]}",101.67173585300391,53290.30809247105,89005.00799999997,22261.571545094503,2,,89005.00799999997,89020.40799999997,False,0.049677043187284775,,
lamf-test-e78e1cc2-6e29-4c61-bc91-985e5bc2f3d3,"{<resource_manager.instance.CloudOnDemandInstance object at 0x11249d1d0>: [(2, 89035.00799999997, None)]}",302.016014841831,150012.30514818957,89035.00799999997,22263.596688860503,2,32.55897558070609,89435.54399999997,150027.70514818956,False,104.29348395139246,,
lamf-test-40e901f4-82e9-4267-8389-b0ffba33f220,"{<resource_manager.instance.OnPremInstance object at 0x11227b770>: [(2, 89465.54399999997, None), (1, 102376.07999999996, None), (1, 111046.07999999996, None), (1, 120976.07999999996, None)]}",288.17880631872265,150187.11011120048,89465.54399999997,22271.148923795503,3,139.25176363221533,89465.54399999997,125449.49199999997,True,173.27269298045485,219.47788731965488,46.20519433920002
lamf-test-6b1442b6-bf8d-43ee-9a7c-ebfe1af3d782,"{<resource_manager.instance.OnPremInstance object at 0x11227b770>: [(6, 89495.54399999997, None)]}",47.933135757937364,36480.97955785901,89495.54399999997,22274.251510319504,3,,89495.54399999997,89510.94399999996,False,0.14054300707272807,,
lamf-test-c274bdfc-8db1-4605-b2d9-a7aecde8c778,"{<resource_manager.instance.OnPremInstance object at 0x11227b770>: [(6, 89525.54399999997, None)]}",265.46601281858847,150172.0445059577,89525.54399999997,22286.250415895505,1,136.48870636550308,89525.54399999997,101376.15099999997,True,186.5598637919234,215.39950098712342,28.839637195200012
lamf-test-d82e7cf7-6019-488e-8e11-17029d37b11e,"{<resource_manager.instance.OnPremInstance object at 0x11227b770>: [(4, 89555.54399999997, None)]}",58.17814683116276,36776.88302604928,89555.54399999997,22834.439448989506,1,,89555.54399999997,89570.94399999996,False,0.16279564985924336,,
lamf-test-bb0f8113-f05a-4407-a64f-cf580915278f,"{<resource_manager.instance.OnPremInstance object at 0x11227b770>: [(3, 89585.54399999997, None)]}",55.45396955229691,36901.18876462594,89585.54399999997,22835.439448989506,1,,89585.54399999997,89600.94399999996,False,0.12297513118863707,,
lamf-test-b5a60c8a-d1f9-478b-ae9a-509c17955932,"{<resource_manager.instance.OnPremInstance object at 0x11227b770>: [(2, 89615.54399999997, None), (2, 95075.54399999997, None)]}",324.40240962171197,150446.6183094874,89615.54399999997,22836.439448989506,3,25.73579739904175,89615.54399999997,105508.03199999996,True,80.08206251425962,101.43688304545961,21.354820531199998
lamf-test-9a7f6ef4-eca1-47fa-bd17-e85ad4733068,"{<resource_manager.instance.OnPremInstance object at 0x11227b770>: [(2, 89645.54399999997, None)]}",78.08322369616431,53872.662676558655,89645.54399999997,22837.439448989506,3,,89645.54399999997,89660.94399999996,False,0.046847669024242686,,
lamf-test-1427c66a-6963-488b-ab08-8c64fb5d9b94,"{<resource_manager.instance.OnPremInstance object at 0x11227b770>: [(2, 89675.54399999997, None), (1, 99335.54399999997, None)]}",298.2879652023477,150598.3718689538,89675.54399999997,22838.738522036507,3,29.386265115217885,89675.54399999997,107284.05899999996,True,65.65601186402006,83.16395691602006,17.507945051999997
lamf-test-2ac6e5ae-946b-4f89-bc34-4a9884f2cfe6,"{<resource_manager.instance.OnPremInstance object at 0x11227b770>: [(5, 89705.54399999997, None)]}",95.77075929852428,53913.82272897274,89705.54399999997,22839.738522036507,2,,89705.54399999997,89720.94399999996,False,0.06162769304399561,,
lamf-test-9ae48453-c026-4d89-8443-e59c272cd1c1,"{<resource_manager.instance.CloudReservedInstance object at 0x1124a44d0>: [(2, 89735.54399999997, None)], <resource_manager.instance.CloudReservedInstance object at 0x11249d310>: [(1, 89735.54399999997, None)]}",49.958054880775016,37012.60157722053,89735.54399999997,22840.738522036507,3,,89735.54399999997,89750.94399999996,False,0.05855958628030336,,
lamf-test-149ce9f5-0d8c-4297-a44f-d357e4f39148,"{<resource_manager.instance.OnPremInstance object at 0x11227b770>: [(2, 89765.54399999997, None), (3, 94235.54399999997, None)]}",300.3994249069391,150280.0195798642,89765.54399999997,22841.738522036507,2,103.87455098498438,89765.54399999997,112893.47206196586,True,123.05898200972479,164.52332411939162,41.46434210966684
lamf-test-69f48fe6-1e8c-4fc5-9c19-482eb942f9fa,"{<resource_manager.instance.OnPremInstance object at 0x11227b770>: [(5, 89825.54399999997, None)]}",98.65433601246767,54165.30321278499,89825.54399999997,22843.160405618506,1,,89825.54399999997,89840.94399999996,False,0.20261616852984965,,
lamf-test-40d5168b-a00e-400f-be31-0989d001eb8a,"{<resource_manager.instance.CloudReservedInstance object at 0x1124a44d0>: [(2, 89885.54399999997, None)], <resource_manager.instance.CloudReservedInstance object at 0x11249d310>: [(2, 89885.54399999997, None)], <resource_manager.instance.CloudReservedInstance object at 0x1122a22c0>: [(1, 89885.54399999997, None)]}",309.100009518621,150505.579798198,89885.54399999997,22844.160405618506,1,600.1318092630617,89885.54399999997,150520.97979819804,False,668.6545129468949,,
lamf-test-24897bbd-5428-45bb-8605-42c32b3705e5,"{<resource_manager.instance.OnPremInstance object at 0x11227b770>: [(4, 89945.54399999997, None)]}",286.04299928912167,150651.98232090275,89945.54399999997,22847.164725909504,1,124.11092128678979,89945.54399999997,104613.40899999997,True,155.0561438132178,178.85328798921782,23.797144176000007
lamf-test-9e35d55c-f665-44e0-9363-3dbcea008e08,"{<resource_manager.instance.OnPremInstance object at 0x11227b770>: [(5, 91085.54399999997, None)]}",86.26069651046296,54129.6907531985,91085.54399999997,22848.164725909504,1,,91085.54399999997,91100.94399999996,False,0.20261616852984965,,
lamf-test-d25e5772-26d6-4d1a-8442-10078b0905a7,"{<resource_manager.instance.OnPremInstance object at 0x11227b770>: [(3, 91145.54399999997, None)]}",48.70139863364064,36851.49321567731,91145.54399999997,22849.164725909504,2,,91145.54399999997,91160.94399999996,False,0.049677043187284775,,
lamf-test-9b398170-0f91-43dd-888b-ca47a69e7be6,"{<resource_manager.instance.OnPremInstance object at 0x11227b770>: [(5, 91205.54399999997, None)]}",66.9431854355246,36919.61365214109,91205.54399999997,22850.164725909504,1,,91205.54399999997,91220.94399999996,False,0.20261616852984965,,
lamf-test-5aa93d3d-910f-451f-93e3-8a493339688f,"{<resource_manager.instance.OnPremInstance object at 0x11227b770>: [(2, 91265.54399999997, None)]}",113.0038570701071,54181.1591262063,91265.54399999997,22851.662719567004,1,,91265.54399999997,91280.94399999996,False,0.08315461251803077,,
lamf-test-69086cac-7446-4f6a-8081-52b2794b57e0,"{<resource_manager.instance.OnPremInstance object at 0x11227b770>: [(5, 92645.54399999997, None)]}",305.46905892401105,150337.77811263446,92645.54399999997,22852.949806915003,1,251.17215970796246,92645.54399999997,117697.19399999997,True,329.6019050878395,380.4066512878395,50.80474620000001
lamf-test-bf71bbb6-9331-40ad-a925-11646e59f2d1,"{<resource_manager.instance.OnPremInstance object at 0x11227b770>: [(3, 92675.54399999997, None), (1, 104836.07999999996, None), (1, 109246.07999999996, None)]}",282.21590282196104,150336.2863057555,92675.54399999997,22853.949806915003,1,144.73163586584528,92675.54399999997,114709.58699999996,True,219.1074631530914,252.13917955389138,33.031716400799986
lamf-test-4934301a-0ee3-435b-9029-b60facd69218,"{<resource_manager.instance.OnPremInstance object at 0x11227b770>: [(4, 94385.54399999997, None)]}",52.890558120332045,37135.61339912565,94385.54399999997,22854.949806915003,1,,94385.54399999997,94400.94399999996,False,0.16279564985924336,,
lamf-test-02fe1a43-a736-43c9-9c85-be0376b7fc19,"{<resource_manager.instance.OnPremInstance object at 0x11227b770>: [(5, 94625.54399999997, None)]}",308.8536180971014,150746.38443745303,94625.54399999997,22855.949806915003,1,211.30677070499647,94625.54399999997,113879.85584072296,True,253.32694109400543,292.3746855069917,39.047744412986226
lamf-test-5bc1a782-dd52-49ae-bc07-d0663fcf61e7,"{<resource_manager.instance.OnPremInstance object at 0x11227b770>: [(2, 95045.54399999997, 98045.54399999997), (1, 98045.54399999997, None), (2, 106996.07999999996, None), (1, 112486.07999999996, None)]}",301.43918655680113,150576.71511928577,95045.54399999997,22856.949806915003,3,47.79152178872917,95045.54399999997,116468.03099999996,True,72.01816107688798,91.22264778088797,19.204486703999997
lamf-test-fd191bba-3764-4aa2-81d0-45d1ba51f949,"{<resource_manager.instance.OnPremInstance object at 0x11227b770>: [(4, 95405.54399999997, None)]}",100.27899055090289,54000.791470430784,95405.54399999997,22858.123458767004,3,,95405.54399999997,95420.94399999996,False,0.09369533804848537,,
lamf-test-d45fbec7-9b0f-4259-abad-f034f5395e54,"{<resource_manager.instance.OnPremInstance object at 0x11227b770>: [(6, 96965.54399999997, None)]}",280.99105703286153,150585.21028075434,96965.54399999997,22860.270592688004,3,,96965.54399999997,112850.73199999996,True,144.9709148984713,183.6291084152713,38.65819351679999
lamf-test-f8986cb1-d053-4850-bf13-41d00a98cf1e,"{<resource_manager.instance.OnPremInstance object at 0x11227b770>: [(4, 97685.54399999997, None), (1, 102676.07999999996, None)]}",287.57775868831527,150829.22019936028,97685.54399999997,22861.991438165005,1,258.35002692219933,97685.54399999997,120886.91630974,True,296.50860860249804,341.53683024505085,45.02822164255279
lamf-test-9887e099-b361-4b4e-9635-a15f075166e7,"{<resource_manager.instance.OnPremInstance object at 0x11227b770>: [(2, 97865.54399999997, None)]}",35.564787144994426,36922.998287328664,97865.54399999997,22862.991438165005,3,,97865.54399999997,97880.94399999996,False,0.046847669024242686,,
lamf-test-95bfd6d8-e883-4198-903e-cd0ba022b850,"{<resource_manager.instance.OnPremInstance object at 0x11227b770>: [(3, 97895.54399999997, None)]}",108.5127056419366,54002.96795527333,97895.54399999997,22865.254102875006,3,,97895.54399999997,97910.94399999996,False,0.07027150353636404,,
lamf-test-b58f906b-2d05-4446-a3bc-51167f13e3e6,"{<resource_manager.instance.CloudOnDemandInstance object at 0x1122a2780>: [(6, 100085.54399999997, None)]}",316.2032012612325,150392.56894112367,100085.54399999997,22866.254102875006,3,375.10023271731666,100486.07999999996,150407.9689411237,False,459.2509691181722,,
lamf-test-95560630-f5ce-4b54-af45-e19485ee5922,"{<resource_manager.instance.OnPremInstance object at 0x11227b770>: [(2, 100516.07999999996, None)]}",59.57220196896465,36923.662792885894,100516.07999999996,22870.409658127006,3,,100516.07999999996,100531.47999999995,False,0.046847669024242686,,
lamf-test-9f0d95ee-6854-40c8-8565-0f4dd00f352a,"{<resource_manager.instance.OnPremInstance object at 0x11227b770>: [(6, 100696.07999999996, 102706.07999999996), (2, 102706.07999999996, None)]}",320.55973978326983,150476.95410755405,100696.07999999996,22871.409658127006,2,8.686918223226783,100696.07999999996,108180.01499999996,True,23.56764498727361,32.89963705927361,9.331992071999998
lamf-test-2bdcc975-2bba-4e1b-b91b-cbf27bbd3d9e,"{<resource_manager.instance.OnPremInstance object at 0x11227b770>: [(3, 100996.07999999996, 103006.07999999996), (1, 103006.07999999996, None)]}",305.14777040330046,150547.11369629076,100996.07999999996,22872.409658127006,2,12.570931209933807,100996.07999999996,132765.25599999996,True,66.86627459119963,81.38236437679963,14.516089785600002
lamf-test-fb68c73b-7616-477a-9624-12fe33c84899,"{<resource_manager.instance.OnPremInstance object at 0x11227b770>: [(2, 101056.07999999996, None)]}",57.07316459038334,36997.62765365256,101056.07999999996,22873.409658127006,1,,101056.07999999996,101071.47999999995,False,0.08315461251803077,,
lamf-test-46c864e1-45db-4f91-aeb7-6635dbd4c402,"{<resource_manager.instance.OnPremInstance object at 0x11227b770>: [(3, 101086.07999999996, None)]}",52.404009574895966,36992.60641305777,101086.07999999996,22874.409658127006,2,,101086.07999999996,101101.47999999995,False,0.049677043187284775,,
lamf-test-fcfa61f8-fb72-4399-968e-6a610b0ab0bf,"{<resource_manager.instance.OnPremInstance object at 0x11227b770>: [(2, 101116.07999999996, None)]}",313.1978271806075,150646.28223949042,101116.07999999996,22875.731921627004,3,80.03650467716176,101116.07999999996,135369.00099999996,True,104.19931857935964,131.98528809455965,27.7859695152
lamf-test-0c976fb6-216b-4050-8a58-4c7808a95db4,"{<resource_manager.instance.OnPremInstance object at 0x11227b770>: [(4, 101146.07999999996, None)]}",96.91256106343577,54110.33692625315,101146.07999999996,22876.731921627004,2,,101146.07999999996,101161.47999999995,False,0.05608928259914327,,
lamf-test-4074e8ae-38e4-47d8-96f0-2b516c5dbf1c,"{<resource_manager.instance.OnPremInstance object at 0x11227b770>: [(5, 101236.07999999996, None)]}",310.48405344969365,150620.9776313689,101236.07999999996,22877.731921627004,2,26.772030289901718,101236.07999999996,112591.47799999996,True,45.44201184004326,68.47075898404326,23.028747144
lamf-test-148cba0e-a0fd-4d8a-bdee-4b95ab96aac5,"{<resource_manager.instance.OnPremInstance object at 0x11227b770>: [(2, 101266.07999999996, None), (1, 107956.07999999996, None), (2, 110956.07999999996, None), (1, 115426.07999999996, None)]}",312.0707447319161,150573.03448314904,101266.07999999996,22878.731921627004,2,65.80199387821858,101266.07999999996,119900.01299999996,True,108.28204324508896,137.31229459388896,29.03025134880001
lamf-test-f7210e1f-cff9-45ee-8bc0-a8175fe8ebd6,"{<resource_manager.instance.OnPremInstance object at 0x11227b770>: [(5, 101356.07999999996, None)]}",326.41616010620436,150619.66940744038,101356.07999999996,22880.314687859503,3,33.99498060689026,101356.07999999996,107936.14122124285,True,50.042293872103556,63.386658028784154,13.344364156680594
lamf-test-7dd29e36-66af-4783-b073-b6c0b522e329,"{<resource_manager.instance.OnPremInstance object at 0x11227b770>: [(2, 101416.07999999996, None)]}",83.46710826795761,53962.57515984331,101416.07999999996,22886.193403025503,3,,101416.07999999996,101431.47999999995,False,0.046847669024242686,,
lamf-test-0e5529ab-179e-4c81-ab1e-a5b6748ed38f,"{<resource_manager.instance.OnPremInstance object at 0x11227b770>: [(4, 101446.07999999996, None)]}",90.40968795722229,54157.3132131965,101446.07999999996,22887.193403025503,1,,101446.07999999996,101461.47999999995,False,0.16279564985924336,,
lamf-test-f2ffe8b3-b45a-4a58-abb1-8afdd7e300f5,"{<resource_manager.instance.OnPremInstance object at 0x11227b770>: [(5, 101536.07999999996, None)]}",93.64754554289101,54230.93765121813,101536.07999999996,22889.489196769002,1,,101536.07999999996,101551.47999999995,False,0.20261616852984965,,
lamf-test-7a3c0981-c912-40bd-abf1-e641ec485e3c,"{<resource_manager.instance.OnPremInstance object at 0x11227b770>: [(4, 101596.07999999996, 104086.07999999996), (2, 104086.07999999996, None), (2, 113536.07999999996, None)]}",284.5214240267859,150620.70814151078,101596.07999999996,22890.489196769002,1,77.34884782112708,101596.07999999996,117516.26799999995,True,120.33209339113235,138.49516640233233,18.16307301119999
lamf-test-37c8ef81-42b5-4306-a9c3-b1cac47dcc55,"{<resource_manager.instance.OnPremInstance object at 0x11227b770>: [(3, 101656.07999999996, None)]}",94.44155216210058,53878.759847805646,101656.07999999996,22893.758350307002,3,,101656.07999999996,101671.47999999995,False,0.07027150353636404,,
lamf-test-428a5c4f-d275-462f-92b2-ce62eba8c360,"{<resource_manager.instance.OnPremInstance object at 0x11227b770>: [(3, 101716.07999999996, None), (1, 105196.07999999996, None)]}",317.27331098542436,150503.78797807064,101716.07999999996,22896.028855781,2,11.225721447520542,101716.07999999996,106701.26999999996,True,19.135221662804163,25.811705918804165,6.676484256000004
lamf-test-839b9375-daf1-448d-ba2a-4e7b8a8c32c7,"{<resource_manager.instance.OnPremInstance object at 0x11227b770>: [(5, 102076.07999999996, None)]}",301.3962656663327,150486.80592047918,102076.07999999996,22897.724518190003,2,77.67490402496149,102076.07999999996,125178.62922124284,True,92.45174103513598,139.30371085581655,46.85196982068056
lamf-test-5fe98500-df89-4426-8e51-1b37ee4edaf5,"{<resource_manager.instance.CloudReservedInstance object at 0x11227bcb0>: [(2, 102106.07999999996, None)], <resource_manager.instance.CloudOnDemandInstance object at 0x1122a23f0>: [(2, 102106.07999999996, None)]}",303.76251598622537,151252.6191026398,102106.07999999996,23446.035831095003,3,194.03793444368387,102106.07999999996,151268.0191026398,False,249.25565494278322,,
lamf-test-dc2541ca-2f35-4ff7-a081-304448699c5d,"{<resource_manager.instance.OnPremInstance object at 0x11227b770>: [(4, 102706.07999999996, None), (2, 106696.07999999996, None)]}",302.5926540431739,151024.5111397549,102706.07999999996,23451.014156354002,2,79.41065908671064,102706.07999999996,120103.37996400974,True,99.81111055964418,138.91249175205837,39.10138119241421
lamf-test-555576d3-2284-4491-8498-d0f099444eff,"{<resource_manager.instance.OnPremInstance object at 0x11227b770>: [(4, 103006.07999999996, None)]}",94.23503159233334,54686.65844035281,103006.07999999996,23452.032567275,3,,103006.07999999996,103021.47999999995,False,0.09369533804848537,,
lamf-test-eb814bf1-bbb0-4b2f-bc01-f5e613979714,"{<resource_manager.instance.OnPremInstance object at 0x11227b770>: [(2, 103096.07999999996, None)]}",47.7909014064123,37815.7786707977,103096.07999999996,23454.825465416,3,,103096.07999999996,103111.47999999995,False,0.046847669024242686,,
lamf-test-dc05c32e-684f-4b3c-9aa4-d42d6979a3fe,"{<resource_manager.instance.OnPremInstance object at 0x11227b770>: [(2, 103126.07999999996, None)]}",53.18730478197852,37719.032374773575,103126.07999999996,23456.090294081,1,,103126.07999999996,103141.47999999995,False,0.08315461251803077,,
lamf-test-8a05feee-4197-48d4-a52c-e2d3966c37bb,"{<resource_manager.instance.OnPremInstance object at 0x11227b770>: [(6, 103396.07999999996, None)]}",95.16517220690687,54716.781097584026,103396.07999999996,23457.090294081,3,,103396.07999999996,103411.47999999995,False,0.14054300707272807,,
lamf-test-1283a5be-14de-41ee-87aa-766aaeeafbd0,"{<resource_manager.instance.OnPremInstance object at 0x11227b770>: [(2, 103456.07999999996, None), (1, 107926.07999999996, None), (1, 118846.07999999996, None)]}",301.49919325008074,150984.04357501183,103456.07999999996,23463.834626850003,1,113.82842801733972,103456.07999999996,125796.28499999996,True,190.4714978325348,218.6610304245348,28.189532592
lamf-test-83f17b85-900c-4e31-a217-dd0b4f586b8a,"{<resource_manager.instance.OnPremInstance object at 0x11227b770>: [(5, 104416.07999999996, 107416.07999999996), (2, 107416.07999999996, None), (2, 113386.07999999996, None)]}",288.7334571232547,151154.05617662487,104416.07999999996,23464.834626850003,2,41.77263861751667,104416.07999999996,123825.43099999994,True,84.9927792229503,112.85644628535027,27.863667062399966
lamf-test-abcbfaf9-4394-4781-ad4d-3fb7fa5ff51e,"{<resource_manager.instance.OnPremInstance object at 0x11227b770>: [(2, 104476.07999999996, None), (1, 109936.07999999996, None)]}",309.876487988864,151188.20576812726,104476.07999999996,23468.059171360004,2,14.842844887945454,104476.07999999996,111937.31499999996,True,24.343720470426103,31.207975218426103,6.8642547480000005
lamf-test-7ba8094d-b37b-4d4a-94ab-43b835082051,"{<resource_manager.instance.OnPremInstance object at 0x11227b770>: [(5, 104656.07999999996, None), (1, 110626.07999999996, None)]}",332.19054549183284,151672.44861242367,104656.07999999996,23469.423912964005,1,150.41524070271504,104656.07999999996,119808.42580607126,True,225.19603158224757,259.6493483359027,34.453316753655116
lamf-test-56deb4eb-b644-4e7e-85a7-0b42646d64fc,"{<resource_manager.instance.OnPremInstance object at 0x11227b770>: [(6, 104956.07999999996, None)]}",306.28440469326864,151081.16385779277,104956.07999999996,23470.423912964005,1,159.63039014373717,104956.07999999996,120743.50499999995,True,248.53578028747415,286.95605776747414,38.420277479999974
lamf-test-f6694ce8-d10c-4d5c-8d02-a0790805227c,"{<resource_manager.instance.OnPremInstance object at 0x11227b770>: [(4, 105556.07999999996, None)]}",59.39258429217821,37648.17903710253,105556.07999999996,23471.423912964005,3,,105556.07999999996,105571.47999999995,False,0.09369533804848537,,
lamf-test-9ffee495-f8cb-44fb-b137-e305b7d85839,"{<resource_manager.instance.OnPremInstance object at 0x11227b770>: [(6, 105616.07999999996, None)]}",307.10562435897356,151416.7929125629,105616.07999999996,23476.460767569006,3,,105616.07999999996,110591.26999999995,True,45.404426192105745,57.51204857610571,12.10762238399997
lamf-test-82b7898a-b46e-4b11-b960-f79eca48e5a9,"{<resource_manager.instance.OnPremInstance object at 0x11227b770>: [(6, 107416.07999999996, None)]}",98.3988004891017,54605.717065013785,107416.07999999996,23477.460767569006,3,,107416.07999999996,107431.47999999995,False,0.14054300707272807,,
lamf-test-d810e1eb-4d17-4900-af04-d2b542e8cfec,"{<resource_manager.instance.OnPremInstance object at 0x11227b770>: [(4, 107476.07999999996, None)]}",84.1782634626678,54630.73358613612,107476.07999999996,23478.460767569006,3,,107476.07999999996,107491.47999999995,False,0.09369533804848537,,
lamf-test-a4b5dddb-c265-42fa-86a6-3769ba731a7d,"{<resource_manager.instance.OnPremInstance object at 0x11227b770>: [(3, 107536.07999999996, None)]}",52.551032993574616,37524.917215685986,107536.07999999996,23479.460767569006,3,,107536.07999999996,107551.47999999995,False,0.07027150353636404,,
lamf-test-1d000706-26a3-4b4f-ad47-fa83618f238b,"{<resource_manager.instance.OnPremInstance object at 0x11227b770>: [(6, 107596.07999999996, None)]}",81.70373679543748,37732.89706520916,107596.07999999996,23480.460767569006,3,,107596.07999999996,107611.47999999995,False,0.14054300707272807,,
lamf-test-173e9366-5762-42bc-86c2-633481cf4423,"{<resource_manager.instance.OnPremInstance object at 0x11227b770>: [(3, 107656.07999999996, None)]}",93.84380170129782,54661.24946026331,107656.07999999996,23482.537518022007,2,,107656.07999999996,107671.47999999995,False,0.049677043187284775,,
lamf-test-9ad89462-a613-4c9d-9a32-fabf39e2e806,"{<resource_manager.instance.OnPremInstance object at 0x11227b770>: [(4, 107716.07999999996, None), (1, 115186.07999999996, None)]}",296.81691444265005,151384.83562253194,107716.07999999996,23483.71795569101,2,27.206944221802505,107716.07999999996,118671.47799999996,True,46.9733251833524,66.1610403273524,19.187715144000002
lamf-test-5732e2ca-542b-4ef0-9ba8-d02986867ef0,"{<resource_manager.instance.OnPremInstance object at 0x11227b770>: [(5, 107776.07999999996, None)]}",47.97415618366852,37553.07737975505,107776.07999999996,23485.09891449401,3,,107776.07999999996,107791.47999999995,False,0.11711917256060674,,
lamf-test-73046f72-e863-4f29-945a-1ed957c987ac,"{<resource_manager.instance.OnPremInstance object at 0x11227b770>: [(2, 107806.07999999996, None)]}",49.64802637292328,37501.84918466225,107806.07999999996,23488.32629434001,2,,107806.07999999996,107821.47999999995,False,0.04186443429931751,,
lamf-test-db485ebb-20db-4f84-be49-680a38510307,"{<resource_manager.instance.OnPremInstance object at 0x11227b770>: [(4, 107836.07999999996, None)]}",34.692999599854716,37776.65907030124,107836.07999999996,23489.856091066013,1,,107836.07999999996,107851.47999999995,False,0.16279564985924336,,
lamf-test-9a613963-6b08-48f7-a968-de04ae02d54b,"{<resource_manager.instance.OnPremInstance object at 0x11227b770>: [(5, 107896.07999999996, None)]}",60.09404415021537,37690.5503522585,107896.07999999996,23490.856091066013,1,,107896.07999999996,107911.47999999995,False,0.20261616852984965,,
lamf-test-f0315257-5d66-421d-9c01-8e16991d06a5,"{<resource_manager.instance.CloudReservedInstance object at 0x1122a22c0>: [(1, 107926.07999999996, None)], <resource_manager.instance.CloudReservedInstance object at 0x11227bcb0>: [(1, 107926.07999999996, None)], <resource_manager.instance.CloudOnDemandInstance object at 0x11227bb60>: [(1, 123556.07999999996, None)], <resource_manager.instance.CloudReservedInstance object at 0x11249d310>: [(2, 147187.15199999994, None)]}",305.3642818037283,151005.74710002527,107926.07999999996,23491.856091066013,2,187.20355863697597,107926.07999999996,151021.1471000253,False,215.87394704505812,,
lamf-test-12a002f4-7e1c-496b-9a4e-a93d4e06b741,"{<resource_manager.instance.OnPremInstance object at 0x11227b770>: [(4, 108016.07999999996, 110026.07999999996), (2, 110026.07999999996, None), (2, 129416.61599999995, None), (2, 131426.61599999995, None)]}",314.11889639051043,151399.30251454154,108016.07999999996,23492.971919061012,3,110.8237462924937,108016.07999999996,137313.0478108697,True,137.16581164380327,173.7426829019359,36.57687125813261
lamf-test-806099cf-b277-4bb2-b9dd-8fe5f8178c51,"{<resource_manager.instance.OnPremInstance object at 0x11227b770>: [(4, 108076.07999999996, None)]}",111.44661170355707,54657.70308349684,108076.07999999996,23495.482171437012,2,,108076.07999999996,108091.47999999995,False,0.05608928259914327,,
lamf-test-2eec3224-ea88-4f7c-9564-fd5b3d3b7737,"{<resource_manager.instance.OnPremInstance object at 0x11227b770>: [(2, 108106.07999999996, None)]}",37.4151337220024,37756.56805381509,108106.07999999996,23496.482171437012,3,,108106.07999999996,108121.47999999995,False,0.046847669024242686,,
lamf-test-e6e8ad32-a552-476d-b1c5-243e186072d9,"{<resource_manager.instance.OnPremInstance object at 0x11227b770>: [(5, 108136.07999999996, None)]}",301.57276338943484,151013.88458115235,108136.07999999996,23498.98070919101,3,61.60164271047228,108136.07999999996,117954.96957523149,True,74.67404042308563,94.58674848165516,19.91270805856954
lamf-test-4ba33463-237c-4203-b07d-0e82e6721170,"{<resource_manager.instance.OnPremInstance object at 0x11227b770>: [(3, 108196.07999999996, 109696.07999999996), (2, 109696.07999999996, None)]}",300.31933938422,150722.95114236866,108196.07999999996,23503.10558996801,3,62.69678302532511,108196.07999999996,138975.23799999998,True,95.91347783101384,121.48993080061385,25.57645296960002
lamf-test-e255d1b1-9398-4d26-ab74-bb5794234e47,"{<resource_manager.instance.OnPremInstance object at 0x11227b770>: [(2, 108256.07999999996, None)]}",52.18465366625499,37703.97835526231,108256.07999999996,23504.10558996801,3,,108256.07999999996,108271.47999999995,False,0.046847669024242686,,
lamf-test-41484c5d-dab9-4fc2-841b-978aca5bdeb2,"{<resource_manager.instance.OnPremInstance object at 0x11227b770>: [(2, 108316.07999999996, None)]}",313.1753681024487,151379.97632246988,108316.07999999996,23507.03241759801,3,16.700889801505816,108316.07999999996,116795.43299999995,True,25.794670317134344,32.67312147073434,6.878451153599991
lamf-test-d212c24c-f064-4abc-b718-e3f5047c2ba0,"{<resource_manager.instance.OnPremInstance object at 0x11227b770>: [(2, 108376.07999999996, None), (1, 112876.07999999996, None)]}",293.3563284527143,150908.53430091048,108376.07999999996,23508.03241759801,1,24.298425735797398,108376.07999999996,115369.80599999995,True,44.780774811772716,51.46554060857271,6.684765796799994
lamf-test-a0395ef2-51d1-40c3-9888-b0d61a55c626,"{<resource_manager.instance.OnPremInstance object at 0x11227b770>: [(2, 110026.07999999996, None)]}",92.41754576857483,55210.3595899943,110026.07999999996,24049.26088689901,2,,110026.07999999996,110041.47999999995,False,0.04186443429931751,,
lamf-test-c2ae55a6-cf55-4cbe-aa6e-24e58b9f12f6,"{<resource_manager.instance.OnPremInstance object at 0x11227b770>: [(6, 110476.07999999996, None)]}",91.82563906844803,55074.66050626601,110476.07999999996,24050.26088689901,1,,110476.07999999996,110491.47999999995,False,0.24243668720045594,,
lamf-test-baf1e374-4927-43ba-aa7b-5acc143a9325,"{<resource_manager.instance.OnPremInstance object at 0x11227b770>: [(3, 110536.07999999996, None)]}",54.82249465439443,38304.943948089276,110536.07999999996,24051.26088689901,1,,110536.07999999996,110551.47999999995,False,0.12297513118863707,,
lamf-test-65c75674-6d61-48c2-8e2f-0deaa2e53c50,"{<resource_manager.instance.OnPremInstance object at 0x11227b770>: [(5, 110596.07999999996, 112096.07999999996), (2, 112096.07999999996, None), (3, 116566.07999999996, None)]}",310.9138494061531,151894.1277792602,110596.07999999996,24052.26088689901,3,40.29203741729408,110596.07999999996,120673.00422124287,True,56.23944194420038,71.236348264881,14.996906320680619
lamf-test-0cd37ffc-60a0-45ac-a12c-e91d25ec64ae,"{<resource_manager.instance.OnPremInstance object at 0x11227b770>: [(4, 110656.07999999996, None)]}",319.43122695892134,151668.63531796358,110656.07999999996,24053.75749751101,2,58.12889287549772,110656.07999999996,134555.46999999997,True,87.0454311466004,125.81980148260041,38.774370336000025
lamf-test-e33fe393-b630-4b60-808f-c6f040f082e2,"{<resource_manager.instance.OnPremInstance object at 0x11227b770>: [(2, 110686.07999999996, None), (3, 115156.07999999996, None)]}",327.52562812519227,152142.328165066,110686.07999999996,24058.73800582801,2,87.40578742200279,110686.07999999996,129997.92199999995,True,100.37520562475589,134.10052520075587,33.725319575999976
lamf-test-c13983c3-88d3-4223-81f1-3d841bb80c73,"{<resource_manager.instance.OnPremInstance object at 0x11227b770>: [(2, 110716.07999999996, None), (3, 126106.07999999996, None)]}",305.7706698908458,152030.04966087473,110716.07999999996,24064.66778101151,2,41.83724960173636,110716.07999999996,133063.98499999996,True,83.1967888167791,109.7917881567791,26.59499934
lamf-test-a0f19f32-a3f4-4c78-acaf-fde1ac3637c6,"{<resource_manager.instance.OnPremInstance object at 0x11227b770>: [(3, 110836.07999999996, None)]}",107.04597303714239,55372.90093748982,110836.07999999996,24065.66778101151,2,,110836.07999999996,110851.47999999995,False,0.049677043187284775,,
lamf-test-dd64f63e-d0c8-4966-b4ae-6daebbc14d2f,"{<resource_manager.instance.OnPremInstance object at 0x11227b770>: [(5, 110896.07999999996, None)]}",50.48192034153112,38169.56522168149,110896.07999999996,24066.66778101151,1,,110896.07999999996,110911.47999999995,False,0.20261616852984965,,
lamf-test-e8a77b29-caaa-4f0e-91f9-2b96865ed1ae,"{<resource_manager.instance.OnPremInstance object at 0x11227b770>: [(3, 110956.07999999996, None)]}",74.9679267745451,38137.36222454507,110956.07999999996,24072.78650872351,1,,110956.07999999996,110971.47999999995,False,0.12297513118863707,,
lamf-test-9b31ccd0-de9d-4a37-a3f7-8fd2b636291f,"{<resource_manager.instance.OnPremInstance object at 0x11227b770>: [(3, 111016.07999999996, None), (2, 125446.07999999996, None)]}",327.6403585971007,151735.13788458324,111016.07999999996,24074.135045353512,3,146.92019164955502,111016.07999999996,138949.54230974003,True,168.54104730200072,213.4844928661536,44.94344556415288
lamf-test-645d6243-57db-44a7-8643-adaa04af4482,"{<resource_manager.instance.OnPremInstance object at 0x11227b770>: [(2, 111976.07999999996, None), (2, 115456.07999999996, None)]}",322.6425482972228,151689.2475231478,111976.07999999996,24075.135045353512,2,9.460274763745455,111976.07999999996,124389.40499999996,True,58.0302224958353,75.34662497583528,17.316402479999994
lamf-test-312a9c71-c247-4c60-8584-abd787ddbb55,"{<resource_manager.instance.OnPremInstance object at 0x11227b770>: [(2, 112006.07999999996, None), (2, 121456.07999999996, None)]}",292.183210394434,151584.9995647347,112006.07999999996,24076.135045353512,2,44.61008875662727,112006.07999999996,132876.05799999996,True,87.77926892794574,113.97288123514573,26.193612307200002
lamf-test-c6b79105-5602-4776-b975-272c1194b070,"{<resource_manager.instance.OnPremInstance object at 0x11227b770>: [(6, 112096.07999999996, None)]}",67.523143913155,38314.04220756868,112096.07999999996,24077.882755740513,3,,112096.07999999996,112111.47999999995,False,0.14054300707272807,,
lamf-test-55af92f6-5c1e-4d8c-8aae-c07ea4fdcdce,"{<resource_manager.instance.OnPremInstance object at 0x11227b770>: [(4, 112156.07999999996, None)]}",70.67215333655905,55379.1498414322,112156.07999999996,24079.187982228512,2,,112156.07999999996,112171.47999999995,False,0.05608928259914327,,
lamf-test-04b92d0c-09b8-4d57-b497-ad0e8c94db20,"{<resource_manager.instance.OnPremInstance object at 0x11227b770>: [(4, 112216.07999999996, None), (1, 121186.07999999996, None)]}",288.85732232610275,151743.68345577002,112216.07999999996,24080.187982228512,2,32.670186033409436,112216.07999999996,125660.59199999995,True,58.04602799149465,81.67326632749462,23.627238335999976
lamf-test-7f94fa02-84ad-49c5-b83e-515b628c4152,"{<resource_manager.instance.OnPremInstance object at 0x11227b770>: [(5, 112396.07999999996, None)]}",70.77056876301576,38168.84701581113,112396.07999999996,24081.187982228512,2,,112396.07999999996,112411.47999999995,False,0.06162769304399561,,
lamf-test-dbb0850f-8e0f-49b0-9c09-4303fd5a9eef,"{<resource_manager.instance.OnPremInstance object at 0x11227b770>: [(5, 112456.07999999996, None)]}",108.07778601288287,55193.33405665409,112456.07999999996,24082.67048257451,1,,112456.07999999996,112471.47999999995,False,0.20261616852984965,,
lamf-test-23584a84-c1ab-462f-856d-dbafc172fc72,"{<resource_manager.instance.OnPremInstance object at 0x11227b770>: [(3, 112516.07999999996, 114016.07999999996), (2, 114016.07999999996, None)]}",302.5519454321837,151779.27938353762,112516.07999999996,24083.67048257451,2,16.990232863569826,112516.07999999996,134869.38499999998,True,61.52775206996205,80.26915308596206,18.741401016000015
lamf-test-a6c9693f-0d92-4afb-bfe4-52f7d289bf50,"{<resource_manager.instance.OnPremInstance object at 0x11227b770>: [(2, 112546.07999999996, None)]}",89.94496241994834,55130.92392620026,112546.07999999996,24085.56635898051,3,,112546.07999999996,112561.47999999995,False,0.046847669024242686,,
lamf-test-466a331a-ad26-47a4-b179-e35d1a0c5537,"{<resource_manager.instance.OnPremInstance object at 0x11227b770>: [(4, 112696.07999999996, None)]}",97.90328572452589,55330.67284662579,112696.07999999996,24086.56635898051,2,,112696.07999999996,112711.47999999995,False,0.05608928259914327,,
lamf-test-77e5d9c6-171e-477d-8afc-4f99278cdf05,"{<resource_manager.instance.OnPremInstance object at 0x11227b770>: [(4, 112756.07999999996, None), (1, 134846.61599999995, None)]}",322.5604323889228,151766.3076501022,112756.07999999996,24087.56635898051,1,273.6774282454939,112756.07999999996,143012.51999999996,True,342.82330276066625,395.22344167906624,52.4001389184
lamf-test-cde41d2e-d3b7-483c-acf5-fce25843f6ec,"{<resource_manager.instance.OnPremInstance object at 0x11227b770>: [(6, 112816.07999999996, 114316.07999999996), (1, 114316.07999999996, None)]}",306.0420948865999,151871.630007723,112816.07999999996,24088.60923666851,3,22.769792379648642,112816.07999999996,125257.10499999995,True,30.330861662483827,38.418941402483824,8.088079739999998
lamf-test-45c4a9c4-2171-4eea-b952-821722a13bda,"{<resource_manager.instance.OnPremInstance object at 0x11227b770>: [(2, 112846.07999999996, None), (1, 115336.07999999996, None), (1, 126286.07999999996, None)]}",298.1165366351332,151959.8930732993,112846.07999999996,24092.50877375351,1,103.38352726443074,112846.07999999996,130762.10399999996,True,152.74267853068682,175.34842786828682,22.60574933760001
lamf-test-d6fa2a21-a6b8-4090-9263-4f50b3edb3c2,"{<resource_manager.instance.OnPremInstance object at 0x11227b770>: [(2, 112876.07999999996, None), (1, 118336.07999999996, None), (2, 137216.61599999995, None)]}",330.4100477007284,151916.18223419716,112876.07999999996,24094.57134279851,3,102.763112023728,112876.07999999996,143680.23799999995,True,151.91986919157347,192.43108281237346,40.51121362079999
lamf-test-3930d2af-5fdf-4edf-821d-dfe945829644,"{<resource_manager.instance.OnPremInstance object at 0x11227b770>: [(4, 112906.07999999996, None)]}",97.22721355921198,55230.3715316372,112906.07999999996,24095.95032861851,1,,112906.07999999996,112921.47999999995,False,0.16279564985924336,,
lamf-test-d2f5cd50-cfbe-4991-819e-7c0f2710b47f,"{<resource_manager.instance.OnPremInstance object at 0x11227b770>: [(5, 112936.07999999996, None)]}",311.4299673200502,151699.44871127323,112936.07999999996,24100.59749605451,3,,112936.07999999996,121377.73299999995,True,64.19996197429455,81.31963425829454,17.119672283999982
lamf-test-a7c97e24-903a-4dca-ba7e-7021d2a7a153,"{<resource_manager.instance.OnPremInstance object at 0x11227b770>: [(5, 113956.07999999996, None)]}",272.31748586313887,151565.94209905522,113956.07999999996,24101.82039381551,2,18.968523703159065,113956.07999999996,122857.87017699427,True,35.623168348705725,53.67599882765019,18.052830478944465
lamf-test-7979bb4a-71ea-47f3-84d7-1d24a91cba4c,"{<resource_manager.instance.OnPremInstance object at 0x11227b770>: [(5, 114316.07999999996, None), (1, 118306.07999999996, None)]}",311.8838093943903,152127.579722549,114316.07999999996,24102.993352928508,1,210.60689025781429,114316.07999999996,130034.5975405798,True,239.80977135308885,276.44401163984395,36.63424028675509
lamf-test-dc511cd7-1e75-49c2-8aa3-d524b909408f,"{<resource_manager.instance.CloudReservedInstance object at 0x1124a44d0>: [(2, 114436.07999999996, None)], <resource_manager.instance.CloudOnDemandInstance object at 0x11249d1d0>: [(2, 114436.07999999996, None)], <resource_manager.instance.CloudReservedInstance object at 0x1122a2520>: [(1, 139537.15199999994, None)]}",314.927009218563,151717.78351601854,114436.07999999996,24103.993352928508,2,178.727937205138,114436.07999999996,151733.18351601856,False,183.63692239100155,,
lamf-test-b990cc86-2c21-4994-9a3c-749243831b25,"{<resource_manager.instance.OnPremInstance object at 0x11227b770>: [(6, 117556.07999999996, 119566.07999999996), (2, 119566.07999999996, None), (1, 138926.61599999995, None)]}",310.5105298170665,151730.01532994653,117556.07999999996,24108.79404993351,1,136.18283185033079,117556.07999999996,148847.74699999997,True,217.67056080310306,250.33939580710307,32.66883500400002
lamf-test-3f24393a-2ab1-4481-a2f9-eb1ac8cef898,"{<resource_manager.instance.OnPremInstance object at 0x11227b770>: [(2, 117736.07999999996, None)]}",48.75501181450081,38208.94308724849,117736.07999999996,24109.89806502351,1,,117736.07999999996,117751.47999999995,False,0.08315461251803077,,
lamf-test-c5b0481f-991f-4411-b1f4-57a207573df6,"{<resource_manager.instance.OnPremInstance object at 0x11227b770>: [(2, 117766.07999999996, None), (2, 125236.07999999996, None)]}",313.8720815034799,151758.3402025633,117766.07999999996,24110.89806502351,1,131.48726990645667,117766.07999999996,136890.45699999997,True,166.19450406875055,191.16222931355057,24.967725244800015
lamf-test-78bf4bff-956c-4436-83bb-3c669d0a9c53,"{<resource_manager.instance.OnPremInstance object at 0x11227b770>: [(6, 117976.07999999996, None)]}",306.11726586615526,151495.2200558552,117976.07999999996,24112.15396588651,3,49.82888432580424,117976.07999999996,137047.52199999997,True,174.04920830481413,220.46146955601415,46.41226125120003
lamf-test-fc29d004-f407-4101-a296-9bd4c445802f,"{<resource_manager.instance.OnPremInstance object at 0x11227b770>: [(3, 118576.07999999996, 120076.07999999996), (1, 120076.07999999996, None), (2, 139927.15199999994, None)]}",287.35046195532897,151769.69658693342,118576.07999999996,24113.611387741512,1,67.83707232489158,118576.07999999996,143410.02999999997,True,96.44387314624704,110.55863389984707,14.114760753600025
lamf-test-805d6c2e-fd88-4e3f-a058-f7e8f540eed7,"{<resource_manager.instance.OnPremInstance object at 0x11227b770>: [(6, 118696.07999999996, None)]}",301.5658399516932,152314.52319243492,118696.07999999996,24658.774355236514,2,23.597300248168274,118696.07999999996,125571.25269371984,True,29.713464159654936,46.44488442709165,16.73142026743671
lamf-test-30b3bc1a-2d98-405b-81ea-06c96187cb9a,"{<resource_manager.instance.OnPremInstance object at 0x11227b770>: [(4, 119566.07999999996, None)]}",105.68868119220394,55865.96967156859,119566.07999999996,24659.774355236514,3,,119566.07999999996,119581.47999999995,False,0.09369533804848537,,
lamf-test-6e780daf-1fbc-4440-95e7-f6c9fbd1d74f,"{<resource_manager.instance.OnPremInstance object at 0x11227b770>: [(4, 119656.07999999996, None)]}",68.86514064514569,38783.41417275178,119656.07999999996,24660.967423103513,1,,119656.07999999996,119671.47999999995,False,0.16279564985924336,,
lamf-test-c6476f48-7d2c-41f6-9b97-5a54f98dd980,"{<resource_manager.instance.OnPremInstance object at 0x11227b770>: [(2, 119716.07999999996, None), (1, 122206.07999999996, None), (3, 124696.07999999996, None)]}",292.9421630666556,152540.91256761822,119716.07999999996,24665.160907949514,3,83.37244809491209,119716.07999999996,133320.64899999998,True,97.64607802874758,123.68454914714764,26.038471118400047
lamf-test-7632946b-5dae-4479-8ca8-d89d2df62bd6,"{<resource_manager.instance.OnPremInstance object at 0x11227b770>: [(5, 119836.07999999996, None)]}",62.53920946343962,38835.90882385202,119836.07999999996,24666.160907949514,2,,119836.07999999996,119851.47999999995,False,0.06162769304399561,,
lamf-test-aedf9ed2-1b2e-476d-94af-4a073cb14972,"{<resource_manager.instance.OnPremInstance object at 0x11227b770>: [(6, 119896.07999999996, None)]}",293.1352863380843,152558.532337771,119896.07999999996,24667.160907949514,2,75.63468910180909,119896.07999999996,139601.89299999998,True,85.16556520059673,133.12163171739678,47.956066516800064
lamf-test-634e53a9-aba8-416a-9ebe-5cb9ee543a7e,"{<resource_manager.instance.OnPremInstance object at 0x11227b770>: [(3, 119956.07999999996, None), (1, 124426.07999999996, None)]}",288.18037476346586,152420.59508576678,119956.07999999996,24668.160907949514,3,59.88614191193241,119956.07999999996,132604.80499999996,True,70.15727431743862,88.86553375743863,18.70825944000001
lamf-test-864339a1-b0a5-460e-b1ca-0027edfdc65c,"{<resource_manager.instance.OnPremInstance object at 0x11227b770>: [(3, 119986.07999999996, None)]}",93.58805253764653,55829.22806623501,119986.07999999996,24669.160907949514,3,,119986.07999999996,120001.47999999995,False,0.07027150353636404,,
lamf-test-ade0d831-afab-43db-90f6-16f2ab4e4c93,"{<resource_manager.instance.OnPremInstance object at 0x11227b770>: [(6, 120076.07999999996, None)]}",313.9137363895947,152608.4362019534,120076.07999999996,24670.386527130515,1,173.9646324435317,120076.07999999996,132245.6355045896,True,191.580955924409,221.19678620037834,29.615830275969333
lamf-test-80c2fcd2-e695-47d5-b849-81cb8f84ffd9,"{<resource_manager.instance.OnPremInstance object at 0x11227b770>: [(2, 120136.07999999996, None)]}",65.29325948676846,38803.98713600516,120136.07999999996,24671.386527130515,1,,120136.07999999996,120151.47999999995,False,0.08315461251803077,,
lamf-test-ccffacfb-9ba1-4a70-a2f8-c26ca5c073dd,"{<resource_manager.instance.OnPremInstance object at 0x11227b770>: [(3, 120166.07999999996, None), (2, 141067.15199999994, None)]}",308.5948421811894,152492.59966488977,120166.07999999996,24672.926668129516,2,67.42230236395716,120166.07999999996,142571.68499999997,True,76.36562533456785,104.84924266816789,28.483617333600034
lamf-test-7626bae1-06ab-482b-a023-1a1539062cfb,"{<resource_manager.instance.OnPremInstance object at 0x11227b770>: [(4, 120196.07999999996, None), (1, 125656.07999999996, None)]}",300.40391955978936,152422.590952011,120196.07999999996,24674.047374331516,2,76.26094463892991,120196.07999999996,137309.38599999997,True,85.97440184511244,118.46561041311247,32.491208568000026
lamf-test-d3c1ce6e-976b-4e11-a316-3c379f3ce935,"{<resource_manager.instance.OnPremInstance object at 0x11227b770>: [(3, 120736.07999999996, None), (3, 139867.15199999994, None)]}",297.3863310840442,152458.91300799116,120736.07999999996,24675.047374331516,3,87.29670088980143,120736.07999999996,142358.96699999998,True,110.03742642026032,139.38019581386038,29.34276939360006
lamf-test-20f36af9-76f0-448f-b61f-5fa96da2f073,"{<resource_manager.instance.OnPremInstance object at 0x11227b770>: [(5, 120796.07999999996, None)]}",306.7750534246782,152389.59667561523,120796.07999999996,24676.047374331516,2,,120796.07999999996,125276.06099999994,True,17.927980124093242,27.01338159209321,9.085401467999969
lamf-test-5b196625-a7df-4339-87a7-0589b911f17b,"{<resource_manager.instance.OnPremInstance object at 0x11227b770>: [(6, 120916.07999999996, 122416.07999999996), (2, 122416.07999999996, None), (2, 135836.61599999995, None), (1, 138326.61599999995, None)]}",323.31432092168734,152349.75747152482,120916.07999999996,24677.047374331516,1,122.97042026009578,120916.07999999996,141313.54899999997,True,163.6321441174236,188.26655904462362,24.63441492720003
lamf-test-f58f745a-82e9-43d3-8360-ed7f11305cc1,"{<resource_manager.instance.CloudReservedInstance object at 0x1124a44d0>: [(2, 121216.07999999996, None)], <resource_manager.instance.CloudReservedInstance object at 0x11249d310>: [(1, 121216.07999999996, None)], <resource_manager.instance.CloudOnDemandInstance object at 0x11227bb60>: [(1, 121216.07999999996, None)]}",277.06316426751624,152376.18066695274,121216.07999999996,24678.047374331516,3,55.248861510380976,121216.07999999996,152391.58066695277,False,150.1595844226692,,
lamf-test-f3078c7f-f25a-4299-8013-371831a11b64,"{<resource_manager.instance.OnPremInstance object at 0x11227b770>: [(2, 121276.07999999996, None), (1, 129746.61599999995, None), (1, 143377.15199999994, None)]}",312.7795478127634,152205.12510803752,121276.07999999996,24679.047374331516,2,87.73795021768478,121276.07999999996,148348.566,True,121.42694923251268,152.94950631411274,31.522557081600063
lamf-test-3e6bc1fc-6ba9-403d-b2be-a05585a85500,"{<resource_manager.instance.OnPremInstance object at 0x11227b770>: [(2, 121396.07999999996, None)]}",67.87358828782767,38710.55224498971,121396.07999999996,24680.047374331516,3,,121396.07999999996,121411.47999999995,False,0.046847669024242686,,
lamf-test-f68c03b2-1108-4e06-99a8-f01efdd4ee00,"{<resource_manager.instance.OnPremInstance object at 0x11227b770>: [(4, 122416.07999999996, None)]}",89.4837421843555,55942.201249438534,122416.07999999996,24681.047374331516,3,,122416.07999999996,122431.47999999995,False,0.09369533804848537,,
lamf-test-a315b39b-1ef1-430b-b0b4-9fc98d8c4171,"{<resource_manager.instance.OnPremInstance object at 0x11227b770>: [(3, 122476.07999999996, None)]}",298.94072038973326,152489.81571539477,122476.07999999996,24682.047374331516,2,29.646665830290107,122476.07999999996,139606.68599999996,True,55.25960091471956,76.10412229551956,20.8445213808
lamf-test-21f91f21-910d-4aaf-b1c8-cb62e93174c8,"{<resource_manager.instance.OnPremInstance object at 0x11227b770>: [(4, 122896.07999999996, None)]}",48.49156754040947,38786.68553404823,122896.07999999996,24683.047374331516,2,,122896.07999999996,122911.47999999995,False,0.05608928259914327,,
lamf-test-f2614325-1947-40b1-a523-3000b383e339,"{<resource_manager.instance.OnPremInstance object at 0x11227b770>: [(3, 122926.07999999996, None), (1, 133886.61599999995, None), (1, 143077.15199999994, None)]}",278.85761232530825,152237.4692147346,122926.07999999996,24684.413936920515,3,105.93011179557371,122926.07999999996,146562.338,True,132.43544299946788,167.75090601866796,35.315463019200074
lamf-test-ca77114b-9a8d-48d4-8ede-72293f2b41fe,"{<resource_manager.instance.OnPremInstance object at 0x11227b770>: [(6, 123136.07999999996, None)]}",277.9408537525406,152605.42018973525,123136.07999999996,24685.413936920515,1,39.19917864476386,123136.07999999996,132391.21999999997,True,145.70035592060253,168.22366462460258,22.523308704000037
lamf-test-6e573628-dcc1-4b7d-869b-827070035704,"{<resource_manager.instance.OnPremInstance object at 0x11227b770>: [(5, 123856.07999999996, None)]}",109.24245790651099,55947.888851286116,123856.07999999996,24686.413936920515,1,,123856.07999999996,123871.47999999995,False,0.20261616852984965,,
lamf-test-5272c089-3cee-4f90-b1b0-a9dd8f5d025b,"{<resource_manager.instance.OnPremInstance object at 0x11227b770>: [(5, 123916.07999999996, None)]}",53.336023790220985,38633.07362169807,123916.07999999996,24687.413936920515,3,,123916.07999999996,123931.47999999995,False,0.11711917256060674,,
lamf-test-a88f8e83-60f6-4e0a-ab98-3da3ebeeae4e,"{<resource_manager.instance.OnPremInstance object at 0x11227b770>: [(5, 123976.07999999996, None)]}",66.2051601132845,38920.16616403723,123976.07999999996,24689.643018934516,2,,123976.07999999996,123991.47999999995,False,0.06162769304399561,,
lamf-test-fec81841-4526-43a0-95bd-3f076bd5a851,"{<resource_manager.instance.OnPremInstance object at 0x11227b770>: [(4, 124036.07999999996, None)]}",72.62226182858821,55813.64070009216,124036.07999999996,24694.200437938514,1,,124036.07999999996,124051.47999999995,False,0.16279564985924336,,
lamf-test-c3129dd5-59a1-4a07-96aa-5b13e194579c,"{<resource_manager.instance.OnPremInstance object at 0x11227b770>: [(2, 124066.07999999996, None)]}",31.023009070250673,38702.99467237784,124066.07999999996,24695.200437938514,1,,124066.07999999996,124081.47999999995,False,0.08315461251803077,,
lamf-test-358199b9-f0db-4bd8-96db-4a43f0785512,"{<resource_manager.instance.OnPremInstance object at 0x11227b770>: [(4, 124096.07999999996, None)]}",72.71248082573206,38753.76210399567,124096.07999999996,24696.200437938514,2,,124096.07999999996,124111.47999999995,False,0.05608928259914327,,
lamf-test-0e15ce23-2ef0-4903-9aa0-8a7f0ca26080,"{<resource_manager.instance.OnPremInstance object at 0x11227b770>: [(5, 124216.07999999996, None)]}",96.46734181705244,55750.86404239901,124216.07999999996,24697.200437938514,2,,124216.07999999996,124231.47999999995,False,0.06162769304399561,,
lamf-test-d9cc477a-0eb2-4ec8-a9de-7c741beaa58e,"{<resource_manager.instance.OnPremInstance object at 0x11227b770>: [(6, 124276.07999999996, None)]}",82.7847457737088,55731.90659820501,124276.07999999996,24698.200437938514,2,,124276.07999999996,124291.47999999995,False,0.06655648787942382,,
lamf-test-176e7c79-1f86-4828-a8d1-7155fdf161df,"{<resource_manager.instance.OnPremInstance object at 0x11227b770>: [(2, 124336.07999999996, None)]}",293.43464758797063,152402.01441620482,124336.07999999996,24700.226132237014,2,5.464124216990909,124336.07999999996,136276.89599999995,True,32.46074720210571,42.1471371413057,9.686389939199993
lamf-test-6183c783-1429-4d5f-8608-07133770df8f,"{<resource_manager.instance.OnPremInstance object at 0x11227b770>: [(2, 124366.07999999996, None)]}",310.41904333689564,152462.80512856704,124366.07999999996,24701.226132237014,2,23.02689596442451,124366.07999999996,141769.19499999998,True,47.30984185202878,61.4272487400288,14.117406888000016
lamf-test-c8cde8a0-c192-4372-8fd9-91e35fa2a643,"{<resource_manager.instance.OnPremInstance object at 0x11227b770>: [(4, 124396.07999999996, None), (1, 133856.61599999995, None)]}",313.0223440097014,152552.67348749322,124396.07999999996,24702.226132237014,3,57.55896874287013,124396.07999999996,137342.31399999998,True,84.06819377899481,106.48596292939487,22.417769150400055
lamf-test-a59ce49f-3a29-47cb-9bba-c14bd4eba4f3,"{<resource_manager.instance.OnPremInstance object at 0x11227b770>: [(2, 124426.07999999996, None)]}",63.11052064207584,38876.44264016311,124426.07999999996,24703.226132237014,1,,124426.07999999996,124441.47999999995,False,0.08315461251803077,,
lamf-test-b88b2052-6ae6-4002-8c66-e36cde33cc19,"{<resource_manager.instance.OnPremInstance object at 0x11227b770>: [(6, 124516.07999999996, None)]}",88.64826611743442,55957.264070147736,124516.07999999996,24704.226132237014,3,,124516.07999999996,124531.47999999995,False,0.14054300707272807,,
lamf-test-bb7523bc-058b-4a16-8696-3b517a47ab6e,"{<resource_manager.instance.OnPremInstance object at 0x11227b770>: [(4, 124576.07999999996, None), (1, 133046.61599999995, None)]}",293.0416764098332,152585.5690252496,124576.07999999996,24705.226132237014,2,61.81579681987432,124576.07999999996,140221.05899999998,True,71.53874193973239,99.83110995013243,28.292368010400047
lamf-test-f29d3084-eb72-4e8b-90aa-b576b87131ce,"{<resource_manager.instance.OnPremInstance object at 0x11227b770>: [(3, 124606.07999999996, None)]}",57.12216039339765,38800.269832597885,124606.07999999996,24706.226132237014,1,,124606.07999999996,124621.47999999995,False,0.12297513118863707,,
lamf-test-6287174b-e645-40a5-9c80-04f4684ca22c,"{<resource_manager.instance.OnPremInstance object at 0x11227b770>: [(5, 125356.07999999996, None)]}",59.78427655757174,39034.802547378684,125356.07999999996,24712.501087838013,1,,125356.07999999996,125371.47999999995,False,0.20261616852984965,,
lamf-test-78a0f553-3295-40e2-a5ac-19ddb0f1516d,"{<resource_manager.instance.OnPremInstance object at 0x11227b770>: [(2, 125386.07999999996, None)]}",116.37656681463137,55788.60343218861,125386.07999999996,24715.489357967013,2,,125386.07999999996,125401.47999999995,False,0.04186443429931751,,
lamf-test-15a5355c-cd07-47e3-bf06-04b51c890922,"{<resource_manager.instance.OnPremInstance object at 0x11227b770>: [(5, 125416.07999999996, None)]}",322.38171487119865,152154.33020034232,125416.07999999996,24716.774882069014,2,37.13883272025757,125416.07999999996,137388.63122124286,True,47.91173452055527,72.19206839723587,24.280333876680604
lamf-test-e05a8c26-5e2e-4fab-a8e5-9ce1b734956f,"{<resource_manager.instance.OnPremInstance object at 0x11227b770>: [(4, 125536.07999999996, None)]}",328.4711524477416,152428.0741468362,125536.07999999996,24717.774882069014,1,33.09335341090569,125536.07999999996,130645.92699999995,True,54.01693915887134,62.30715493167133,8.290215772799991
lamf-test-e58610ed-a0a4-4c8f-abf3-018a5c02838d,"{<resource_manager.instance.OnPremInstance object at 0x11227b770>: [(2, 125566.07999999996, None), (2, 137486.61599999995, None)]}",313.0676987743484,152646.49066448517,125566.07999999996,24718.774882069014,2,32.405616635379054,125566.07999999996,145930.849,True,78.3164007440497,101.68626316644975,23.36986242240005
lamf-test-340aa55d-5d91-404a-a687-a5e34b17263d,"{<resource_manager.instance.OnPremInstance object at 0x11227b770>: [(3, 125596.07999999996, None)]}",47.27984716691024,38758.795054364164,125596.07999999996,24720.080745336512,2,,125596.07999999996,125611.47999999995,False,0.049677043187284775,,
lamf-test-1e44c24c-1701-4294-a6ab-3ce0d97fb03e,"{<resource_manager.instance.OnPremInstance object at 0x11227b770>: [(2, 125626.07999999996, None), (3, 148447.15199999994, None)]}",298.2553599828783,152133.1395814501,125626.07999999996,24721.080745336512,2,62.038394115867206,125626.07999999996,152148.5395814501,False,84.04037385331121,,
lamf-test-d7587f1a-842d-473c-8fbd-2c6c55715c2f,"{<resource_manager.instance.OnPremInstance object at 0x11227b770>: [(2, 125656.07999999996, None)]}",54.079766354108955,38917.18645851343,125656.07999999996,24722.481371578513,3,,125656.07999999996,125671.47999999995,False,0.046847669024242686,,
lamf-test-59641966-e6cc-4be0-a119-7ab22cc61df0,"{<resource_manager.instance.OnPremInstance object at 0x11227b770>: [(2, 125686.07999999996, None)]}",95.81804573544144,55864.79973614865,125686.07999999996,24723.481371578513,2,,125686.07999999996,125701.47999999995,False,0.04186443429931751,,
lamf-test-673ed82c-6612-45cc-838b-3e7192b26eb3,"{<resource_manager.instance.OnPremInstance object at 0x11227b770>: [(6, 125776.07999999996, None)]}",323.9926877676555,152554.87228070054,125776.07999999996,24725.736185621514,1,,125776.07999999996,134088.59099999996,True,130.8608850102669,151.0902117798669,20.229326769599997
lamf-test-97ca980d-52bb-4b13-af30-16dae1ed0330,"{<resource_manager.instance.OnPremInstance object at 0x11227b770>: [(5, 125896.07999999996, None)]}",68.58204338220374,38890.80790379876,125896.07999999996,24726.736185621514,1,,125896.07999999996,125911.47999999995,False,0.20261616852984965,,
lamf-test-1ad130e5-9bde-4344-b318-966e1bea0db8,"{<resource_manager.instance.OnPremInstance object at 0x11227b770>: [(3, 125956.07999999996, None), (2, 133406.61599999995, None)]}",318.45733543495004,152028.30333974108,125956.07999999996,24727.736185621514,2,47.75136972806758,125956.07999999996,142366.47699999998,True,77.29347484775704,104.5298851605571,27.23641031280006
lamf-test-aad2193f-32c5-4ab4-8d2f-4cb5e12998b4,"{<resource_manager.instance.CloudReservedInstance object at 0x11249d090>: [(2, 127036.07999999996, None)], <resource_manager.instance.CloudReservedInstance object at 0x11227bcb0>: [(2, 127036.07999999996, None)], <resource_manager.instance.CloudOnDemandInstance object at 0x1122a2780>: [(1, 127036.07999999996, None)], <resource_manager.instance.CloudOnDemandInstance object at 0x11249d6d0>: [(1, 127036.07999999996, None)]}",98.21469697151382,55864.26793628346,127036.07999999996,24731.899340128515,1,,127036.07999999996,127051.47999999995,False,0.15342611605439485,,
lamf-test-5109c4b4-a4ca-4faa-939d-2cc5a27a2f91,"{<resource_manager.instance.CloudReservedInstance object at 0x11249d090>: [(2, 127096.07999999996, None)]}",70.55941972326221,38786.289004384395,127096.07999999996,24735.098354158516,1,,127096.07999999996,127111.47999999995,False,0.030060587623889058,,
lamf-test-b91eabf6-c310-4478-8fe0-95d95af45b05,"{<resource_manager.instance.CloudReservedInstance object at 0x11249d090>: [(2, 127156.07999999996, None)], <resource_manager.instance.CloudReservedInstance object at 0x11227bcb0>: [(2, 127156.07999999996, None)], <resource_manager.instance.CloudOnDemandInstance object at 0x1122a2780>: [(1, 127156.07999999996, None)], <resource_manager.instance.CloudOnDemandInstance object at 0x11249d6d0>: [(1, 127156.07999999996, None)]}",84.54144052563579,38956.42815526869,127156.07999999996,24736.100489215514,2,,127156.07999999996,127171.47999999995,False,0.11618318638356359,,
lamf-test-bd596546-4204-431a-99fb-fb0e3c382d90,"{<resource_manager.instance.CloudReservedInstance object at 0x11249d090>: [(2, 127216.07999999996, None)], <resource_manager.instance.CloudReservedInstance object at 0x11227bcb0>: [(1, 127216.07999999996, None)]}",78.4483714429441,55923.84375958856,127216.07999999996,24737.100489215514,2,,127216.07999999996,127231.47999999995,False,0.05266596585976721,,
lamf-test-30951be6-8d18-4462-8f42-1bda6c60c2b6,"{<resource_manager.instance.CloudReservedInstance object at 0x11249d090>: [(2, 127276.07999999996, None), (1, 147787.15199999994, None)], <resource_manager.instance.CloudReservedInstance object at 0x11227bcb0>: [(2, 127276.07999999996, None)], <resource_manager.instance.CloudReservedInstance object at 0x11249d310>: [(1, 147787.15199999994, None)]}",320.13751117032376,152828.16672909638,127276.07999999996,25280.988097823516,1,115.43230116358652,127276.07999999996,152843.5667290964,False,157.09161079312358,,
lamf-test-14df0a15-dd26-474b-91c7-36ae75747600,"{<resource_manager.instance.CloudOnDemandInstance object at 0x1122a2780>: [(1, 128236.07999999996, None)], <resource_manager.instance.CloudOnDemandInstance object at 0x11249d6d0>: [(1, 128236.07999999996, None)], <resource_manager.instance.CloudOnDemandInstance object at 0x1122a23f0>: [(1, 128236.07999999996, None)], <resource_manager.instance.CloudOnDemandInstance object at 0x11227bb60>: [(2, 128236.07999999996, None)]}",297.27944487542703,153058.45199303055,128236.07999999996,25299.045882662514,3,,128636.61599999995,153073.85199303058,False,144.8193160036769,,
lamf-test-9e9b18e5-28c3-485d-9334-826a01c521ca,"{<resource_manager.instance.OnPremInstance object at 0x11227b770>: [(5, 130046.61599999995, None)]}",56.83995333719585,40031.622576779286,130046.61599999995,25880.777209901513,1,,130046.61599999995,130062.01599999995,False,0.20261616852984965,,
lamf-test-8b2bdb5b-09e4-4beb-8935-257054020e26,"{<resource_manager.instance.OnPremInstance object at 0x11227b770>: [(6, 130106.61599999995, None)]}",264.60808242087944,153302.77324549513,130106.61599999995,25882.436265959514,1,202.30138809034898,130106.61599999995,145260.14496400976,True,238.55658191117422,275.4342099979885,36.87762808681426
lamf-test-97282fb2-8a15-45ef-9ffc-d2d1017e826d,"{<resource_manager.instance.OnPremInstance object at 0x11227b770>: [(5, 130166.61599999995, None)]}",338.8782653222551,153438.1170234317,130166.61599999995,25883.539170968514,3,123.9678758840976,130166.61599999995,148177.49635398856,True,136.9752859836384,173.5013513415273,36.5260653578889
lamf-test-c8ca42d3-92bd-477a-88a0-ba208fc51e60,"{<resource_manager.instance.OnPremInstance object at 0x11227b770>: [(6, 130826.61599999995, None)]}",282.96322394825097,153343.9678455188,130826.61599999995,25886.654847011512,2,62.28017302729628,130826.61599999995,147085.4758108697,True,70.26835103479308,109.83591227052574,39.567561235732654
lamf-test-e6933cbf-7cce-43d9-910c-796b557ba72c,"{<resource_manager.instance.OnPremInstance object at 0x11227b770>: [(3, 132326.61599999995, None)]}",88.97355341205305,56895.584823783865,132326.61599999995,25897.21280436851,2,,132326.61599999995,132342.01599999997,False,0.04967704318737866,,
lamf-test-9709f52a-b95d-4937-b829-7d859975ef12,"{<resource_manager.instance.OnPremInstance object at 0x11227b770>: [(2, 132356.61599999995, None)]}",50.993670331949964,40164.05466538988,132356.61599999995,25918.87561026851,3,,132356.61599999995,132372.01599999997,False,0.046847669024331226,,
lamf-test-b2c0ba06-ef98-4e70-aec3-ada93dcf2a86,"{<resource_manager.instance.OnPremInstance object at 0x11227b770>: [(5, 132446.61599999995, None)]}",52.43686034060011,40172.12247618889,132446.61599999995,25921.77206079251,1,,132446.61599999995,132462.01599999997,False,0.20261616853023257,,
lamf-test-37816ca3-8f1b-4f48-b98a-19da64fc3ae0,"{<resource_manager.instance.OnPremInstance object at 0x11227b770>: [(4, 132506.61599999995, None), (2, 140287.15199999994, None)]}",306.58987892209666,154008.82738227103,132506.61599999995,25927.52039582951,3,97.16654346338119,132506.61599999995,153214.77754057982,True,165.31735834432914,209.4011694662843,44.083811121955165
lamf-test-7497ac95-625b-43bd-83d3-57c84bf962da,"{<resource_manager.instance.OnPremInstance object at 0x11227b770>: [(4, 132566.61599999995, None)]}",98.22957400728787,57689.001343206895,132566.61599999995,26478.12348352751,2,,132566.61599999995,132582.01599999997,False,0.056089282599249266,,
lamf-test-0b735a3d-c6da-43cd-8bcd-eb44b37e0f0a,"{<resource_manager.instance.OnPremInstance object at 0x11227b770>: [(4, 132596.61599999995, None), (1, 137576.61599999995, None)]}",342.8375802682962,154264.77773984298,132596.61599999995,26480.25218874551,1,52.64430755190509,132596.61599999995,141558.47799999997,True,105.9417227165567,122.09649085255674,16.154768136000047
lamf-test-b4e74caf-873d-4a82-b93a-d2a9010c8027,"{<resource_manager.instance.OnPremInstance object at 0x11227b770>: [(4, 132626.61599999995, None)]}",99.8115769311322,57726.43329743094,132626.61599999995,26482.04419504751,3,,132626.61599999995,132642.01599999997,False,0.09369533804866245,,
lamf-test-53ddc7b7-4b5b-402f-8327-96f330b858b2,"{<resource_manager.instance.OnPremInstance object at 0x11227b770>: [(6, 132746.61599999995, None)]}",47.39878124712635,40874.85283463858,132746.61599999995,26490.52923971051,2,,132746.61599999995,132762.01599999997,False,0.06655648787954961,,
lamf-test-1f0a5d71-9d06-4c04-96bf-7cfa55982510,"{<resource_manager.instance.OnPremInstance object at 0x11227b770>: [(2, 132776.61599999995, None), (1, 137246.61599999995, None), (3, 152347.15199999994, None)]}",312.0850513441156,154356.66729528105,132776.61599999995,26491.52923971051,2,99.86775754708628,132776.61599999995,154566.80299999999,False,101.5393653980685,,
lamf-test-12568f9b-46c5-48e3-b4e3-4fbc909e2d8c,"{<resource_manager.instance.OnPremInstance object at 0x11227b770>: [(6, 132806.61599999995, None)]}",56.80065244059149,40794.18203465415,132806.61599999995,26492.52923971051,2,,132806.61599999995,132822.01599999997,False,0.06655648787954961,,
lamf-test-738a10cf-064e-4cc8-b5cf-a5f6441a1d8d,"{<resource_manager.instance.OnPremInstance object at 0x11227b770>: [(2, 132926.61599999995, None)]}",61.40652430012268,40628.73614001727,132926.61599999995,26497.654323811512,2,,132926.61599999995,132942.01599999997,False,0.041864434299396625,,
lamf-test-2dbedc5f-cb12-4a7f-8ba8-cf1d208835ca,"{<resource_manager.instance.OnPremInstance object at 0x11227b770>: [(3, 132956.61599999995, None)]}",57.236777194680464,40642.71640605392,132956.61599999995,26498.654323811512,3,,132956.61599999995,132972.01599999997,False,0.07027150353649683,,
lamf-test-13fc8f66-f398-48d2-89aa-66ced308660e,"{<resource_manager.instance.OnPremInstance object at 0x11227b770>: [(5, 132986.61599999995, None), (1, 138446.61599999995, None)]}",321.3650971033735,154209.49696707347,132986.61599999995,26502.351987176513,3,41.52407027150354,132986.61599999995,143419.10499999998,True,86.9038466803562,110.07777591075627,23.173929230400073
lamf-test-972afe65-af15-494a-89f0-89fb6330556f,"{<resource_manager.instance.OnPremInstance object at 0x11227b770>: [(5, 133106.61599999995, None)]}",68.54266845665799,40781.31794676522,133106.61599999995,26503.351987176513,2,,133106.61599999995,133122.01599999997,False,0.06162769304411207,,
lamf-test-b0689249-ecb4-459e-8e95-7a9d2be06c96,"{<resource_manager.instance.OnPremInstance object at 0x11227b770>: [(3, 133166.61599999995, None), (1, 136166.61599999995, None)]}",284.5904514592743,154189.79774543608,133166.61599999995,26508.804095187512,2,9.677346075448744,133166.61599999995,139652.43299999996,True,27.994681635703152,37.30047113650317,9.305789500800017
lamf-test-b8f89e26-0ea4-4ae6-b0d2-471177f4ea26,"{<resource_manager.instance.OnPremInstance object at 0x11227b770>: [(2, 133196.61599999995, None)]}",280.4613956789944,153938.1892574573,133196.61599999995,26509.804095187512,2,13.537979403290908,133196.61599999995,152070.35799999998,True,51.30769687932268,66.6180763897227,15.310379510400022
lamf-test-61ade784-0ecd-402a-9c8b-e4ebdddeaeba,"{<resource_manager.instance.OnPremInstance object at 0x11227b770>: [(6, 133406.61599999995, None)]}",102.43286554393279,57716.19331270298,133406.61599999995,26515.351103998513,1,,133406.61599999995,133422.01599999997,False,0.24243668720091413,,
lamf-test-2b8cc9bb-59e9-4060-b39c-6d5f04292052,"{<resource_manager.instance.OnPremInstance object at 0x11227b770>: [(4, 133466.61599999995, None), (2, 147307.15199999994, None)]}",299.1358581203067,154212.60061570094,133466.61599999995,26519.288088250512,2,82.08540553132649,133466.61599999995,154228.00061570096,False,94.4304273394576,,
lamf-test-a4e0f749-acf3-4e9f-a68a-d2897f53ecbf,"{<resource_manager.instance.OnPremInstance object at 0x11227b770>: [(5, 133496.61599999995, None)]}",55.23704198655464,40755.74805414477,133496.61599999995,26522.22168107251,2,,133496.61599999995,133512.01599999997,False,0.06162769304411207,,
lamf-test-c1154d77-1b34-44ce-a971-3f2383feb4ea,"{<resource_manager.instance.OnPremInstance object at 0x11227b770>: [(3, 133586.61599999995, None), (2, 141547.15199999994, None)]}",323.4876460165175,154124.2513115122,133586.61599999995,26524.86975387451,3,59.14002281542319,133586.61599999995,153112.6483982372,True,124.28183130456489,157.42303820499,33.14120690042512
lamf-test-5ba9c014-6195-45d7-abea-81512079841f,"{<resource_manager.instance.OnPremInstance object at 0x11227b770>: [(5, 134126.61599999995, None), (1, 137126.61599999995, None)]}",301.93265828529036,154449.658371912,134126.61599999995,26526.39358705351,3,148.5789276751083,134126.61599999995,154465.05837191202,False,181.0489835447143,,
lamf-test-b0145057-cb9a-4116-b9cc-7e53df875f10,"{<resource_manager.instance.OnPremInstance object at 0x11227b770>: [(3, 134606.61599999995, None)]}",96.35027898917578,57689.16191938766,134606.61599999995,26528.25053655751,3,,134606.61599999995,134622.01599999997,False,0.07027150353649683,,
lamf-test-20be8e85-7cad-4afc-88e8-0e3edb5fe2c5,"{<resource_manager.instance.OnPremInstance object at 0x11227b770>: [(3, 134666.61599999995, None)]}",295.20685518392753,154509.15090988902,134666.61599999995,26529.25053655751,1,31.86173853524983,134666.61599999995,140352.01499999996,True,45.400174537987716,52.318168041187725,6.917993503200006
lamf-test-1dd5cfe3-7849-452f-a318-28b2a5efd4c8,"{<resource_manager.instance.CloudReservedInstance object at 0x11249d090>: [(3, 136226.61599999995, None)], <resource_manager.instance.CloudOnDemandInstance object at 0x1122a2780>: [(3, 136226.61599999995, None)]}",310.0959093491745,154575.24627967234,136226.61599999995,26530.25053655751,1,,136226.61599999995,154590.64627967236,False,198.31867820469108,,
lamf-test-0e5b3b54-f64d-4af5-b8a5-5fd343d8abf7,"{<resource_manager.instance.OnPremInstance object at 0x11227b770>: [(6, 136946.61599999995, None)]}",54.10469347501437,40765.30049365327,136946.61599999995,26533.28734104351,3,,136946.61599999995,136962.01599999997,False,0.14054300707299366,,
lamf-test-43a50a08-2df6-4deb-93fc-9d7b4c5cb4ce,"{<resource_manager.instance.OnPremInstance object at 0x11227b770>: [(5, 137006.61599999995, None)]}",101.53404208454661,57738.63643127239,137006.61599999995,26536.89641464551,2,,137006.61599999995,137022.01599999997,False,0.06162769304411207,,
lamf-test-ad4070ae-efcf-4ab3-9f00-c5f3048296cd,"{<resource_manager.instance.OnPremInstance object at 0x11227b770>: [(3, 137036.61599999995, None)]}",100.80181912635685,58316.59420613702,137036.61599999995,27084.68957157301,1,,137036.61599999995,137052.01599999997,False,0.12297513118886948,,
lamf-test-81133641-6f19-4f6d-8a8d-ba18329ce46e,"{<resource_manager.instance.OnPremInstance object at 0x11227b770>: [(4, 137066.61599999995, None), (2, 140047.15199999994, None)]}",323.355428277159,155008.90581008277,137066.61599999995,27086.71542219051,2,81.84023419404015,137066.61599999995,153897.41299999994,True,98.95199162112257,137.49360839712256,38.541616775999984
lamf-test-99a8d2c5-cce0-4ff2-9978-994ca454d47c,"{<resource_manager.instance.OnPremInstance object at 0x11227b770>: [(6, 137126.61599999995, None)]}",285.4522970138994,154719.66463480593,137126.61599999995,27087.71542219051,1,241.5005667351128,137126.61599999995,154735.06463480595,False,277.203503491128,,
lamf-test-cf0468d1-688d-4c6c-8936-592c1c287c29,"{<resource_manager.instance.OnPremInstance object at 0x11227b770>: [(5, 137426.61599999995, None)]}",77.96659588995469,58006.76515227985,137426.61599999995,27092.02442792251,1,,137426.61599999995,137442.01599999997,False,0.20261616853023257,,
lamf-test-73522a23-7429-4b2e-a07b-d69ba98b1759,"{<resource_manager.instance.OnPremInstance object at 0x11227b770>: [(4, 137486.61599999995, None)]}",96.6340572191015,58480.615658747585,137486.61599999995,27093.02442792251,2,,137486.61599999995,137502.01599999997,False,0.056089282599249266,,
lamf-test-b791b0f5-42f3-4531-8b1f-ce78516f8ce4,"{<resource_manager.instance.OnPremInstance object at 0x11227b770>: [(6, 137606.61599999995, None)]}",288.9682550881497,154622.52503073044,137606.61599999995,27094.02442792251,3,78.3986858316221,137606.61599999995,147908.2431171498,True,94.0143930381004,119.08443279039628,25.07003975229588
lamf-test-b8d23111-ed1c-4edb-9006-edb462b74e47,"{<resource_manager.instance.OnPremInstance object at 0x11227b770>: [(2, 137636.61599999995, None)]}",103.94302407732705,58338.7846545473,137636.61599999995,27107.77532227851,3,,137636.61599999995,137652.01599999997,False,0.046847669024331226,,
lamf-test-f8ca1580-1486-4a42-a770-8472d8f3e8bf,"{<resource_manager.instance.OnPremInstance object at 0x11227b770>: [(3, 137666.61599999995, None), (1, 142147.15199999994, None)]}",295.2963611823595,155016.12646503554,137666.61599999995,27111.11382870651,1,95.06702258726895,137666.61599999995,151798.26799999998,True,140.00416396684196,161.114050770042,21.10988680320005
lamf-test-378dfd97-e0c1-4551-898b-30698d53fa5a,"{<resource_manager.instance.OnPremInstance object at 0x11227b770>: [(6, 137726.61599999995, None)]}",102.1627982073452,58240.94644419681,137726.61599999995,27114.18730243551,3,,137726.61599999995,137742.01599999997,False,0.14054300707299366,,
lamf-test-046c91ff-d93d-41be-8b0f-0dffe54bb883,"{<resource_manager.instance.OnPremInstance object at 0x11227b770>: [(3, 137786.61599999995, None), (2, 142777.15199999994, None), (1, 146767.15199999994, None)]}",323.54597562068136,154938.32479423398,137786.61599999995,27115.38623073951,1,187.53565138033306,137786.61599999995,154953.724794234,False,225.87164690636965,,
lamf-test-08634fb2-ded7-4587-9003-1ad5dae4cfd2,"{<resource_manager.instance.OnPremInstance object at 0x11227b770>: [(3, 137846.61599999995, None), (3, 139837.15199999994, None)]}",310.64872288923095,154517.0562855511,137846.61599999995,27119.08397568651,3,117.22809034907593,137846.61599999995,154532.45628555113,False,143.19481894183147,,
lamf-test-4038cc91-1923-48ea-80c3-afc2bd1ddb33,"{<resource_manager.instance.CloudReservedInstance object at 0x11227bcb0>: [(1, 138026.61599999995, None)], <resource_manager.instance.CloudOnDemandInstance object at 0x11249d6d0>: [(1, 138026.61599999995, None)], <resource_manager.instance.CloudOnDemandInstance object at 0x11249d1d0>: [(3, 138026.61599999995, None)]}",51.76651523139675,41126.38837125542,138026.61599999995,27120.08397568651,3,,138026.61599999995,138042.01599999997,False,0.05075164144302549,,
lamf-test-d4c89c20-f07a-465b-9f1e-1768a0a2cb23,"{<resource_manager.instance.CloudReservedInstance object at 0x11227bcb0>: [(1, 138086.61599999995, None)], <resource_manager.instance.CloudOnDemandInstance object at 0x11249d6d0>: [(1, 138086.61599999995, None)], <resource_manager.instance.CloudOnDemandInstance object at 0x11249d1d0>: [(4, 138086.61599999995, None)]}",339.10870115855664,154946.38716502726,138086.61599999995,27123.61080647851,3,,138086.61599999995,154961.7871650273,False,64.16902869049864,,
lamf-test-3b51ff08-48bf-48a9-8957-4cbd397fd4f6,"{<resource_manager.instance.OnPremInstance object at 0x11227b770>: [(3, 138116.61599999995, None)]}",92.62541190029211,58286.230631000755,138116.61599999995,27133.32596851951,3,,138116.61599999995,138132.01599999997,False,0.07027150353649683,,
lamf-test-618b513d-3e44-4ac2-bdff-aa4f98ef0412,"{<resource_manager.instance.OnPremInstance object at 0x11227b770>: [(3, 138206.61599999995, None)]}",41.25285473765505,41303.81934687262,138206.61599999995,27138.25195931251,2,,138206.61599999995,138222.01599999997,False,0.04967704318737866,,
lamf-test-7c11bf42-7b5f-4632-8894-9841db6abbcf,"{<resource_manager.instance.OnPremInstance object at 0x11227b770>: [(2, 138266.61599999995, None)]}",88.20773492460633,60747.49211229843,138266.61599999995,29506.11793456351,2,,138266.61599999995,138282.01599999997,False,0.041864434299396625,,
lamf-test-ee0dce40-638f-4c76-99f2-8cba14b9d265,"{<resource_manager.instance.OnPremInstance object at 0x11227b770>: [(3, 138986.61599999995, None), (3, 143977.15199999994, None)]}",321.17308588746675,157444.7204225461,138986.61599999995,29530.13645804851,1,170.1731143052703,138986.61599999995,156822.43099999998,True,245.00075062742468,282.33350580662477,37.332755179200085
lamf-test-2d67774a-b8e7-4e45-a539-5388bfb6ad2b,"{<resource_manager.instance.OnPremInstance object at 0x11227b770>: [(4, 139046.61599999995, None)]}",85.08088075678369,67296.24936950007,139046.61599999995,36115.85976340351,3,,139046.61599999995,139062.01599999997,False,0.09369533804866245,,
lamf-test-2035c917-29e7-4cfb-863c-48ca06202031,"{<resource_manager.instance.CloudOnDemandInstance object at 0x11227bb60>: [(5, 139106.61599999995, None)], <resource_manager.instance.CloudReservedInstance object at 0x1124a44d0>: [(1, 159187.15199999994, None)]}",306.5999723469549,163890.26515132783,139106.61599999995,36126.80003349151,1,177.65880964331882,139507.15199999994,163905.66515132785,False,232.68241218878072,,
