,instances,budget,deadline,sched_start_time,submit_time,software_id,current_license_cost,exec_start_time,finish_time,complete,license_cost,cost,hardware_cost
lamf-test-ce4837ee-c9b5-4728-816b-793fbe63012e,"{<resource_manager.instance.OnPremInstance object at 0x111c77770>: [(5, 30, 390), (2, 390, None), (3, 3840, None), (1, 5580, None)]}",64.81020493737797,14109.368596154949,30,1.0,1,46.65525895505362,30,6281.701999999999,True,58.022094912160604,66.7871968993606,8.765101987199998
lamf-test-fdbe52b3-5ac4-4817-bbd7-3ee39ada2008,"{<resource_manager.instance.OnPremInstance object at 0x111c77770>: [(3, 1260, 4740), (1, 4740, None), (2, 42507.504, None)]}",309.54978900857253,128716.92933392811,1260,1231.691664847,1,134.06324800365047,1260,53420.845,True,223.7005457449236,256.53286269612363,32.8323169512
lamf-test-312a25ed-966e-4a84-89af-21712bfc7175,"{<resource_manager.instance.OnPremInstance object at 0x111c77770>: [(4, 6600, 11070), (1, 11070, None)]}",330.5774711754339,133954.0404484648,6600,6596.085386422001,1,47.25302304357746,6600,27431.878,True,93.29374750931629,107.18225322611629,13.888505716800001
lamf-test-6d60a076-8aec-42f5-ae5c-3923b3793c72,"{<resource_manager.instance.OnPremInstance object at 0x111c77770>: [(5, 6630, 12090), (2, 12090, None)]}",295.26855467250385,134245.39654416317,6630,6625.72780819,1,71.83664156970111,6630,32156.859,True,180.1906600501939,207.5417760709939,27.3511160208
lamf-test-f42e0220-9054-4dba-814a-9d6b93e25e15,"{<resource_manager.instance.OnPremInstance object at 0x111c77770>: [(2, 6660, 9660), (1, 9660, None), (4, 34977.504, None)]}",293.5168981771201,134419.55369349223,6660,6632.709902833,3,47.63480720967374,6660,36976.248999999996,True,62.83554490835801,79.591379390758,16.75583448239999
lamf-test-c2212f64-c788-46d9-9572-57170e08d2ac,"{<resource_manager.instance.OnPremInstance object at 0x111c77770>: [(4, 6690, None), (1, 7950, None)]}",57.825321252479114,20800.586559867046,6690,6637.843289494001,3,7.665982203969882,6690,8423.795,True,11.269260019773366,14.274340279773366,3.00508026
lamf-test-0aa73555-99c3-40be-a09f-6bf3df006265,"{<resource_manager.instance.OnPremInstance object at 0x111c77770>: [(6, 7200, None)]}",310.4901833144852,135050.33443683299,7200,7198.916381851001,3,,7200,23085.188000000002,True,144.97091489847136,183.62910841527136,38.658193516800004
lamf-test-761a035c-9b31-431d-b128-35fe1a248496,"{<resource_manager.instance.OnPremInstance object at 0x111c77770>: [(4, 7230, 12210), (2, 12210, None), (4, 24126.432, None)]}",281.9460745575701,135176.3450767006,7230,7215.070645507,1,233.10512069358884,7230,33697.90396400979,True,269.85290017811667,310.8921959881309,41.039295810014224
lamf-test-c947c209-c0e1-414b-aa78-1430406df6ae,"{<resource_manager.instance.OnPremInstance object at 0x111c77770>: [(2, 7800, 8460), (1, 8460, None), (1, 10860, None), (4, 15943.752, None)]}",91.00759406898061,38836.35605676364,7800,7791.53955751,3,21.123285420944555,7800,17061.746,True,31.326287930641097,39.6798097514411,8.353521820799997
lamf-test-1b5247ff-56d3-4066-aafc-ee4137f1169c,"{<resource_manager.instance.OnPremInstance object at 0x111c77770>: [(3, 7830, 8790), (2, 8790, None), (2, 22825.896, None)]}",98.97570184637311,39171.92856845476,7830,7815.115075234,3,47.07854893908282,7830,23472.187999999995,True,51.01066240778762,64.61325338378761,13.60259097599999
lamf-test-a35e3102-219f-4336-95ce-4d87e6b5e69c,"{<resource_manager.instance.OnPremInstance object at 0x111c77770>: [(6, 7860, 9150), (1, 9150, None), (1, 10590, None), (1, 11880, None)]}",88.24903114605627,39042.94677188373,7860,7834.5239963349995,3,17.88729180926306,7860,14423.698000000002,True,29.49440109514032,37.35942882154032,7.865027726400004
lamf-test-8d2ae00d-f906-47ac-81a5-138a54772bef,"{<resource_manager.instance.OnPremInstance object at 0x111c77770>: [(2, 8430, 10440), (1, 10440, None), (1, 14992.68, None)]}",310.3508838593914,136217.56481614945,8430,8409.028881987999,3,62.85079625827059,8430,39314.157999999996,True,87.02659669936875,110.23325866096874,23.206661961599995
lamf-test-b41bc5e6-51fb-4710-b8ea-caebbe600cb8,"{<resource_manager.instance.OnPremInstance object at 0x111c77770>: [(6, 8460, 10470), (2, 10470, None)]}",308.5846884800438,136529.28034779863,8460,8429.066591667499,2,8.686918223226783,8460,15943.935,True,23.567644987273614,32.899637059273616,9.331992072
lamf-test-8a5bf643-d5be-430a-ac2f-d8a1f25fa6d3,"{<resource_manager.instance.OnPremInstance object at 0x111c77770>: [(3, 8490, 10500), (1, 10500, None)]}",322.3613792231315,136138.53146405934,8490,8431.372600248998,2,6.483821870550658,8490,40454.176,True,67.26193669825952,81.85711848385952,14.595181785600001
lamf-test-cbef53e7-aa65-412f-b9a4-02aefd0bda1b,"{<resource_manager.instance.OnPremInstance object at 0x111c77770>: [(2, 8520, None), (2, 10740, None), (2, 12880.536, None)]}",89.7921856815224,39685.641008906765,8520,8436.911981121499,1,60.88589368012777,8520,15151.34294605998,True,71.88820378057463,82.68810917090619,10.799905390331567
lamf-test-decf70b3-3bab-4cf4-b55a-9508b27560e7,"{<resource_manager.instance.OnPremInstance object at 0x111c77770>: [(3, 8550, 12030), (2, 12030, None), (1, 19495.896, None), (1, 23496.432, None)]}",317.6420201174764,136018.60082122864,8550,8449.536664836998,2,50.514103440521694,8550,28959.769,True,87.53663964665358,111.55900863545358,24.0223689888
lamf-test-1faee22d-4d95-436a-a021-6148365dd51b,"{<resource_manager.instance.OnPremInstance object at 0x111c77770>: [(2, 9000, None), (1, 35307.504, None)]}",300.8642397517245,136410.68546990212,9000,8995.249113000998,3,80.02891170431211,9000,43247.921,True,116.26170659365731,147.2642532440573,31.002546650400003
lamf-test-585c2356-1279-476b-b41a-cbdb8ebd0ee3,"{<resource_manager.instance.OnPremInstance object at 0x111c77770>: [(4, 9030, 11520), (1, 11520, None), (1, 21445.896, None), (2, 30886.968, None)]}",290.6639501784463,136573.8698362749,9030,8999.984107893999,2,67.52154451837528,9030,33381.441,True,84.42544719868192,104.19679721788192,19.771350019199996
lamf-test-17aa2292-304e-4763-ab73-533f31d66f3d,"{<resource_manager.instance.OnPremInstance object at 0x111c77770>: [(5, 9060, 10350), (2, 10350, None), (2, 11940, None)]}",100.9864715008785,40180.191500001485,9060,9010.459010052999,2,9.484686659917168,9060,13375.006000000001,True,17.286727491884594,23.520809226284598,6.234081734400003
lamf-test-17be3ad6-6cd4-4c64-93c6-3fc4d170d157,"{<resource_manager.instance.OnPremInstance object at 0x111c77770>: [(2, 9090, None), (1, 10800, None), (2, 11520, None)]}",64.77903730143166,23002.78120356035,9090,9028.409184144999,2,8.066787757515591,9090,14831.998000000001,True,32.794085224475396,41.7740651684754,8.979979944000004
lamf-test-410c24b3-e037-404b-8fa3-3b9be7b4adaa,"{<resource_manager.instance.OnPremInstance object at 0x111c77770>: [(5, 9120, 10560), (1, 10560, None)]}",105.56808496111117,40207.58662451028,9120,9050.929799385998,3,10.951403148528405,9120,12153.282,True,13.374830025096964,16.941385204296964,3.5665551791999994
lamf-test-dbfc6e86-f385-4c1b-a2d1-36902c12232e,"{<resource_manager.instance.OnPremInstance object at 0x111c77770>: [(2, 9600, None)]}",332.81097832014945,137397.60418465402,9600,9597.500592456998,3,61.01442847364818,9600,55655.428,True,140.103210890562,177.463374084162,37.3601631936
lamf-test-ee649544-0852-4484-9313-a2ec39aaf5e5,"{<resource_manager.instance.OnPremInstance object at 0x111c77770>: [(4, 9630, 11220), (2, 11220, None)]}",94.51083597672981,40628.888072449896,9630,9598.535491314999,1,16.808122290668493,9630,17347.888,True,49.89657373184272,57.44713247744272,7.5505587456
lamf-test-3e8d9edc-8d07-4ff0-a6aa-1b9473f39dae,"{<resource_manager.instance.OnPremInstance object at 0x111c77770>: [(5, 9660, 10590), (1, 10590, None), (5, 11310, None)]}",46.55013787044631,23786.413350994382,9660,9599.535491314999,1,21.927903262605522,9660,12970.204000000002,True,40.77670088980153,46.995045344201536,6.218344454400004
lamf-test-8daeea4f-cbbf-4fb6-b9f3-5857c1ab865e,"{<resource_manager.instance.OnPremInstance object at 0x111c77770>: [(4, 9690, 10290), (2, 10290, None)]}",56.56222725445129,23820.92459369842,9690,9600.535491314999,1,6.342687656856034,9690,14062.168,True,26.71107521484523,30.744497896445232,4.033422681599999
lamf-test-665b3cd3-6953-4941-a220-b425974f248a,"{<resource_manager.instance.OnPremInstance object at 0x111c77770>: [(3, 9720, 22855.896), (1, 22855.896, None)]}",295.24467469152273,137177.7527707693,9720,9603.816822239998,3,59.94020533880903,9720,25845.188,True,64.4870028139022,81.6832179019022,17.196215088
lamf-test-7b6d3b7a-f2bc-4206-bf5c-c8e1aaff27be,"{<resource_manager.instance.OnPremInstance object at 0x111c77770>: [(3, 9750, 10560), (2, 10560, None)]}",57.77199384513077,23785.842515925462,9750,9609.000307220998,2,2.612883440371161,9750,11261.369000000002,True,4.519533857260072,6.074092390060073,1.554558532800002
lamf-test-e86f1528-c4b7-428d-9220-137c2eee5f81,"{<resource_manager.instance.OnPremInstance object at 0x111c77770>: [(5, 9780, 20425.896), (1, 20425.896, None), (4, 29356.968, None)]}",291.443531643958,137555.15363809306,9780,9616.125145385999,2,92.42923322123016,9780,38640.05722124289,True,113.37043238754781,157.4088572194284,44.038424831880576
lamf-test-905b51bb-7f4b-480b-babc-216c95cb3e5c,"{<resource_manager.instance.OnPremInstance object at 0x111c77770>: [(4, 9810, None)]}",76.07511246679637,23777.87260650215,9810,9640.961223671999,3,12.046543463381244,9810,12578.969000000001,True,16.846719902654197,21.3390952082542,4.492375305600001
lamf-test-d53de693-fd3a-47ec-b96e-28dcf292d471,"{<resource_manager.instance.OnPremInstance object at 0x111c77770>: [(4, 9840, 11130), (2, 11130, None), (3, 14992.68, None)]}",82.04480128359563,40812.68939758721,9840,9649.873133861998,2,21.03070571643123,9840,19059.754981621525,True,39.374684447976755,52.849014526705204,13.474330078728453
lamf-test-d608e81f-e921-488f-9511-ac29f6be8717,"{<resource_manager.instance.OnPremInstance object at 0x111c77770>: [(4, 10230, None)]}",290.8535591080783,138241.5046579075,10230,10207.359116699998,3,,10230,19166.862,True,54.372877024868814,68.87204193366881,14.499164908800001
lamf-test-794e981d-7b48-479b-88a9-08c76168b3f4,"{<resource_manager.instance.OnPremInstance object at 0x111c77770>: [(2, 10260, None), (3, 11520, None)]}",55.43753343799916,24391.642666939875,10260,10213.902650312997,3,3.832991101984941,10260,12448.647,True,10.895482546201237,13.800890662201239,2.9054081160000016
lamf-test-d89dd74a-ca32-43e3-9fdb-057b16e15c3a,"{<resource_manager.instance.OnPremInstance object at 0x111c77770>: [(2, 10290, None), (3, 11460, None)]}",52.589033620058174,24426.06343349801,10290,10218.158798933997,1,31.4958302532512,10290,14055.325065681858,True,41.056142030573206,47.26856526377601,6.212423233202808
lamf-test-9d73df9e-a4e9-43ed-b3cd-731892da568c,"{<resource_manager.instance.OnPremInstance object at 0x111c77770>: [(6, 10320, 11760), (1, 11760, None)]}",116.24356079750007,41340.734718579835,10320,10224.883939760997,3,13.141683778234086,10320,15149.761999999999,True,18.297607422617688,23.176878889817687,4.8792714672
lamf-test-700b88cb-1fe1-443f-85f3-4e83586778d7,"{<resource_manager.instance.OnPremInstance object at 0x111c77770>: [(2, 10350, None), (4, 31396.968, None)]}",323.88597973304996,137503.64655871567,10350,10225.883939760997,1,113.64626420260096,10350,34881.041,True,169.2896842345425,194.8418247289425,25.552140494399993
lamf-test-cacf2328-5a7f-4177-ad3a-d6767db7f233,"{<resource_manager.instance.OnPremInstance object at 0x111c77770>: [(5, 10380, 13371.072), (2, 13371.072, None), (2, 24516.432, None)]}",299.34289693362723,138161.71406584955,10380,10237.223605749998,2,42.26799081499854,10380,32465.396,True,85.48602732483826,113.48943656643826,28.0034092416
lamf-test-76901c5b-cc70-4a21-8b6a-aa4aa3dedd24,"{<resource_manager.instance.OnPremInstance object at 0x111c77770>: [(2, 10410, 15943.752), (1, 15943.752, None)]}",295.82083300729096,137552.13709980165,10410,10248.377911533998,2,15.043337469662626,10410,21902.907,True,27.13468015477322,34.04069304517322,6.9060128903999995
lamf-test-c0570041-d32e-4e8b-8d2d-a250dfe399fc,"{<resource_manager.instance.OnPremInstance object at 0x111c77770>: [(5, 10440, 13921.608), (1, 13921.608, None), (1, 19885.896, None)]}",309.1917473885502,138081.35772255206,10440,10249.377911533998,1,121.29410358202145,10440,43705.202999999994,True,196.6404713666438,225.44250944184378,28.802038075199995
lamf-test-ca7252f0-85f2-4005-896c-fb17b2f26952,"{<resource_manager.instance.OnPremInstance object at 0x111c77770>: [(6, 10830, 18295.896), (1, 18295.896, None)]}",304.02222934164064,138820.25384040573,10830,10823.599727566998,1,155.24223408624232,10830,58953.773,True,231.94021758308617,266.6000569998862,34.659839416800004
lamf-test-0ae28a41-e363-4bde-bdce-50f826df3b42,"{<resource_manager.instance.OnPremInstance object at 0x111c77770>: [(4, 10860, 14412.144), (2, 14412.144, None), (1, 18535.896, None)]}",87.69850691765791,42103.96304959823,10860,10826.170657168997,3,34.15633127994524,10860,21071.014,True,45.72428929956649,57.9172069299665,12.1929176304
lamf-test-9da27dae-e6dc-4f47-b706-a6e8a3713464,"{<resource_manager.instance.OnPremInstance object at 0x111c77770>: [(6, 10890, None)]}",296.9549680882063,138591.8218784377,10890,10827.170657168997,3,,10890,15865.189999999999,True,45.404426192105845,57.51204857610584,12.107622383999997
lamf-test-50c28631-c9b3-47d9-9e36-b5f64438ea4d,"{<resource_manager.instance.OnPremInstance object at 0x111c77770>: [(6, 10920, 11730), (2, 11730, None), (1, 14992.68, None)]}",57.792712238435485,24724.38740599833,10920,10833.646681640997,3,17.317453798767968,10920,15581.007,True,20.00203969883641,25.33581800843641,5.3337783095999995
lamf-test-6ea3ccb6-5ec7-474a-bd76-4c0b7e74a8fd,"{<resource_manager.instance.OnPremInstance object at 0x111c77770>: [(4, 10950, None)]}",318.43627200467716,138334.13436500216,10950,10838.392199642998,3,,10950,20597.071,True,58.693868735265035,74.34527672566503,15.6514079904
lamf-test-f6a7b87b-3fe2-4927-871e-a0cac1bfa236,"{<resource_manager.instance.OnPremInstance object at 0x111c77770>: [(3, 11400, None)]}",80.84812600328213,42703.07753915376,11400,11396.967352487998,3,,11400,19729.7,True,38.00912616929044,48.14470512929044,10.135578960000002
lamf-test-01aed4d0-4ac3-4934-b29d-300b9eb1cf38,"{<resource_manager.instance.OnPremInstance object at 0x111c77770>: [(6, 11430, None)]}",48.38806555130056,25771.74320821307,11430,11408.151977387997,3,,11430,12362.804,True,8.51292721879991,10.78299903319991,2.2700718144000005
lamf-test-f035cec5-13b9-4feb-9d16-93fce26c2cc2,"{<resource_manager.instance.OnPremInstance object at 0x111c77770>: [(3, 11460, 12270), (2, 12270, None), (3, 15423.216, None), (1, 16464.288, None)]}",59.50673849065216,25623.765188972793,11460,11416.755856703998,2,17.37319987631757,11460,17606.1266655385,True,26.477408670307668,34.91097808196216,8.433569411654494
lamf-test-7dc86417-03bf-4f7d-b2cc-4f303d7c708b,"{<resource_manager.instance.OnPremInstance object at 0x111c77770>: [(4, 11490, 13891.608), (2, 13891.608, None)]}",122.20824587768153,42762.87910472142,11490,11424.221233163998,2,8.747043493793129,11490,17216.408,True,17.78541175083361,24.37885833003361,6.5934465792
lamf-test-6e11c3c3-b9bf-4aa2-897f-6c03a891a9cd,"{<resource_manager.instance.CloudReservedInstance object at 0x111e984d0>: [(5, 11520, 18055.896), (1, 18055.896, None)], <resource_manager.instance.CloudReservedInstance object at 0x111c77cb0>: [(1, 38187.504, None)]}",323.10613238146993,139076.37215808145,11520,11441.778398936998,3,80.3271549167237,11520,59178.897959788264,True,133.5413257276555,229.32734001707925,95.78601428942375
lamf-test-c5a6ffed-1196-4516-a2cc-67f21c8eb5f5,"{<resource_manager.instance.CloudReservedInstance object at 0x111e984d0>: [(1, 11550, None)], <resource_manager.instance.CloudReservedInstance object at 0x111e8d310>: [(1, 11550, None)], <resource_manager.instance.CloudOnDemandInstance object at 0x111c9e780>: [(1, 34437.504, None)], <resource_manager.instance.CloudOnDemandInstance object at 0x111e8d6d0>: [(1, 34437.504, None)]}",321.906162634098,139142.12930979484,11550,11442.778398936998,2,81.10158020038816,11550,45814.0110824336,True,161.72659737537347,244.20942139408425,82.48282401871079
lamf-test-6718dd63-82fd-49d3-b154-c2385c7724e4,"{<resource_manager.instance.OnPremInstance object at 0x111c77770>: [(4, 12000, None), (1, 15423.216, None)]}",53.92864783453742,26101.1104713623,12000,11998.351329600999,1,36.18731644992015,12000,15782.19,True,40.99220077572439,47.27402568612439,6.281824910400001
lamf-test-93fc33e5-0604-48d1-8efe-1dfc9145e379,"{<resource_manager.instance.CloudReservedInstance object at 0x111e8d310>: [(5, 12030, 23496.432), (2, 23496.432, None)]}",318.63019504491797,139714.903436682,12030,11999.672393439998,1,76.73937303216975,12030,57823.20546045137,True,173.3315563188608,215.5619652787474,42.2304089598866
lamf-test-561c40aa-4fd2-4142-aa20-b41c53e185e4,"{<resource_manager.instance.OnPremInstance object at 0x111c77770>: [(2, 12060, 13861.608), (1, 13861.608, None), (1, 18145.896, None)]}",92.22367706149063,43279.86679538612,12060,12002.611601439998,2,13.590593365963858,12060,21636.18,True,27.754420254963573,33.78491025816357,6.0304900032
lamf-test-d81c27cf-4838-43c5-ac8d-f0f7d5a86a71,"{<resource_manager.instance.OnPremInstance object at 0x111c77770>: [(4, 12090, 21235.896), (1, 21235.896, None), (3, 34647.504, None), (2, 36657.504, None)]}",313.16578296695053,139724.40010863167,12090,12013.299476784998,3,115.65167237052248,12090,42547.38581086974,True,142.025223005884,179.89791325601658,37.87269025013259
lamf-test-92b10550-cff6-47f7-a077-4b4db1587046,"{<resource_manager.instance.CloudReservedInstance object at 0x111e8d090>: [(4, 12120, 14382.144), (1, 14382.144, None), (1, 23436.432, None)], <resource_manager.instance.CloudOnDemandInstance object at 0x111c9e780>: [(1, 16494.288, None)], <resource_manager.instance.CloudReservedInstance object at 0x111e984d0>: [(1, 23436.432, None)]}",81.64667311738593,43147.9333945197,12120,12015.798788211998,2,38.16186933021872,12120,28928.156959442455,True,67.12781138015409,112.5796145037082,45.451803123554114
lamf-test-29b14cf4-c2e0-462e-a5b2-16a34ab23f1f,"{<resource_manager.instance.CloudReservedInstance object at 0x111e8d090>: [(2, 12150, None), (3, 15973.752, None)]}",89.42960233211319,43098.14563814096,12150,12017.735336736998,3,13.566671229751313,12150,21409.61689559481,True,17.65752958550665,31.699706827825786,14.042177242319136
lamf-test-0ee3ab93-6383-46f5-aeca-265dafdbd84c,"{<resource_manager.instance.CloudReservedInstance object at 0x111c9e2c0>: [(5, 12180, 14382.144), (1, 14382.144, None)]}",39.66592451958817,26147.833781496236,12180,12018.929119014998,3,16.747615788272874,12180,15239.049587310723,True,18.050993364226517,25.01491605886045,6.963922694633933
lamf-test-3484ce7d-9fee-4f95-9c2d-f871cc58413f,"{<resource_manager.instance.OnPremInstance object at 0x111c77770>: [(3, 12210, 13861.608), (2, 13861.608, None)]}",280.48808000057255,139762.76855901914,12210,12033.065114880997,3,63.344047456080304,12210,43129.157999999996,True,96.56996577686513,122.32147895126514,25.751513174399996
lamf-test-0ab21652-7e84-40ef-afc1-d04cb7c18425,"{<resource_manager.instance.CloudReservedInstance object at 0x111c9e2c0>: [(1, 12240, None)], <resource_manager.instance.CloudReservedInstance object at 0x111c77cb0>: [(1, 12240, None)]}",99.9394489602227,43302.731433045505,12240,12034.065114880997,3,5.430435774583619,12240,18793.758317679985,True,16.61408552660528,25.194265916111917,8.580180389506637
lamf-test-107c896d-ee0f-4ca2-89f1-19c67b8002a2,"{<resource_manager.instance.CloudReservedInstance object at 0x111c77cb0>: [(2, 12270, None)]}",98.1671155759394,43266.69504190823,12270,12039.065760160998,3,,12270,16895.343023227277,True,9.380369656962053,16.063065256920822,6.68269559995877
lamf-test-34f82a8b-288c-437f-910d-553d4a2c7dfc,"{<resource_manager.instance.CloudReservedInstance object at 0x111c77cb0>: [(2, 12300, None)]}",332.1651620956545,139834.44176994302,12300,12040.065760160998,1,43.47181382614648,12300,37452.65569599012,True,92.45658924426617,128.7971461938327,36.340556949566526
lamf-test-aa879c60-c521-40a2-972a-cf0714098824,"{<resource_manager.instance.CloudReservedInstance object at 0x111c77cb0>: [(1, 12330, None)], <resource_manager.instance.CloudReservedInstance object at 0x111c9e520>: [(1, 12330, None)], <resource_manager.instance.CloudOnDemandInstance object at 0x111c77b60>: [(2, 17505.36, None)], <resource_manager.instance.CloudOnDemandInstance object at 0x111c9e780>: [(1, 20515.896, None)]}",56.99333448866139,26258.439937895917,12330,12041.065760160998,2,33.29144066676682,12330,23141.143179351504,True,53.097257701937956,97.75079382031208,44.65353611837413
lamf-test-cfb32c98-2421-4b31-9da7-090b5212bb9a,"{<resource_manager.instance.CloudOnDemandInstance object at 0x111c9e780>: [(6, 12360, None)]}",311.65623815536327,139553.79369487835,12360,12043.828425624999,1,1105.2853552361396,12760.536,101966.21062662432,True,1410.6384972021624,2609.462067933644,1198.8235707314814
lamf-test-2e0bd3ff-93cb-46df-ab43-ee2f13d4c7e1,"{<resource_manager.instance.OnPremInstance object at 0x111c77770>: [(3, 12790.536, None)]}",316.2487464140096,140311.20411326396,12790.536,12607.928079238,1,,12790.536,22230.307,True,75.38032968286562,86.86664303566562,11.486313352800002
lamf-test-75f66efa-1a77-47ea-a0c6-c0317f11e7c2,"{<resource_manager.instance.OnPremInstance object at 0x111c77770>: [(5, 12820.536, 14382.144), (2, 14382.144, None)]}",323.850834844211,140668.69376842715,12820.536,12613.361534356,3,25.51607574720511,12820.536,27505.096999999998,True,51.79701270058558,65.60929319818558,13.812280497599998
lamf-test-c1ff5343-c068-4179-8505-1de35f1c5237,"{<resource_manager.instance.OnPremInstance object at 0x111c77770>: [(4, 12850.536, 18325.896), (1, 18325.896, None), (1, 47619.648, None), (3, 50619.648, None)]}",328.6266875432299,140294.7921531845,12850.536,12620.041237813,2,91.55445293075765,12850.536,54599.292,True,120.5416024523321,151.8106903595321,31.2690879072
lamf-test-c8383b87-eaaf-4727-8a38-364a265a9c1b,"{<resource_manager.instance.OnPremInstance object at 0x111c77770>: [(2, 12880.536, None), (1, 18325.896, None), (1, 20245.896, None), (1, 21385.896, None)]}",87.74670802746411,43642.8500218993,12880.536,12627.703866967,2,37.455199235865514,12880.536,22887.116,True,44.86262848559369,56.51017067759369,11.647542192000003
lamf-test-a5bf6748-f8d5-4a59-badc-d9816f45493a,"{<resource_manager.instance.CloudOnDemandInstance object at 0x111c9e780>: [(2, 12910.536, 16464.288), (1, 16464.288, None)]}",54.40376906069801,26793.310838189565,12910.536,12636.921232093,2,9.660767345462627,13311.072,16473.68755955793,False,9.679839394386347,,
lamf-test-9d2ced27-20c6-49c1-84d1-76444fddb91f,"{<resource_manager.instance.OnPremInstance object at 0x111c77770>: [(3, 13341.072, 18325.896), (2, 18325.896, None), (2, 25776.432, None)]}",313.4023701696379,140858.63598118097,13341.072,13195.723199812,2,36.33401246726786,13341.072,30744.187,True,63.3433959494347,83.5124903078347,20.169094358400002
lamf-test-6323d458-f602-48c5-98a5-f5c1a1584292,"{<resource_manager.instance.OnPremInstance object at 0x111c77770>: [(5, 13371.072, None)]}",313.6595923894348,141169.40197862187,13371.072,13202.082517879,1,,13371.072,21317.516,True,104.55052186478058,120.66591029678058,16.115388432
lamf-test-48feb4fc-2742-45dc-808f-e652fe900563,"{<resource_manager.instance.OnPremInstance object at 0x111c77770>: [(3, 13401.072, 14382.144), (2, 14382.144, None)]}",41.254966979320166,27183.79188358985,13401.072,13218.860330368,1,7.834250513347024,13401.072,16901.849000000002,True,21.43977602859534,24.67752913419534,3.2377531056000013
lamf-test-bbc839c8-f836-4f9a-a8e0-6cb8342496f2,"{<resource_manager.instance.CloudOnDemandInstance object at 0x111c9e780>: [(3, 13431.072, 18775.896), (2, 18775.896, None)]}",114.4912360012796,44449.798412451375,13431.072,13222.250233177,3,24.388884325804245,13831.608,18788.28565103826,False,24.426574343412454,,
lamf-test-d4b58a16-b6c8-4064-88b0-a3ec8e4212ba,"{<resource_manager.instance.OnPremInstance object at 0x111c77770>: [(2, 13861.608, None)]}",56.907858453854786,27598.520478965933,13861.608,13224.071192829999,2,,13861.608,17965.95,True,11.157529610454182,14.486971840854181,3.3294422304
lamf-test-26bbd872-e5de-48b0-8f8f-e6417ce7af20,"{<resource_manager.instance.OnPremInstance object at 0x111c77770>: [(2, 13891.608, 17505.36), (1, 17505.36, None), (1, 23466.432, None), (1, 25476.432, None)]}",298.1380358381042,140467.8974037992,13891.608,13228.054337067999,2,72.50624917990278,13891.608,40388.884999999995,True,120.84956632320855,145.97483755920854,25.125271235999993
lamf-test-032ba352-18f7-47d0-a6f0-b7f2f4956a0a,"{<resource_manager.instance.OnPremInstance object at 0x111c77770>: [(6, 13921.608, 16954.824), (1, 16954.824, None)]}",307.62274626708137,141227.28791890768,13921.608,13239.33219865,3,27.68164271047228,13921.608,22913.469999999998,True,36.74491140010647,46.54337267530647,9.798461275200001
lamf-test-05c2e1a5-42c3-4e97-863b-94fa07e33793,"{<resource_manager.instance.CloudOnDemandInstance object at 0x111c9e780>: [(1, 13951.608, None)], <resource_manager.instance.CloudOnDemandInstance object at 0x111e8d6d0>: [(3, 13951.608, 19495.896), (1, 19495.896, None)]}",91.04820322006628,44523.979860882784,13951.608,13250.527878634,2,24.5984827549629,14352.144,19506.276378854494,False,24.635265495806035,,
lamf-test-d2eb5728-b98d-4dc8-9b54-d5b61be5f0ce,"{<resource_manager.instance.OnPremInstance object at 0x111c77770>: [(4, 14382.144, 19345.896), (1, 19345.896, None), (1, 26806.968, None), (2, 28816.968, None)]}",294.31398108778467,141426.634612495,14382.144,13801.335364096001,2,41.374298511675136,14382.144,37750.467,True,101.9125355223049,129.1161583479049,27.203622825599993
lamf-test-3058457a-d1e2-4d92-baae-1c4c74ce602b,"{<resource_manager.instance.OnPremInstance object at 0x111c77770>: [(5, 14412.144, 16954.824), (2, 16954.824, None), (1, 38487.504, None), (1, 54399.648, None)]}",296.32729201787157,141586.80107858652,14412.144,13802.335364096001,2,144.2542341918343,14412.144,59369.854,True,177.9350471431375,227.9844712327375,50.049424089599995
lamf-test-7a641bba-d417-49ff-88d9-3fe54ccc21c1,"{<resource_manager.instance.CloudReservedInstance object at 0x111e8d090>: [(3, 14442.144, None)], <resource_manager.instance.CloudReservedInstance object at 0x111c9e2c0>: [(2, 14442.144, None)]}",72.4727596207448,27970.151965709752,14442.144,13813.206031433001,1,,14442.144,15807.46399439821,True,11.214127264051,14.467957874700812,3.2538306106498114
lamf-test-3babe4ac-4db5-41c5-ad0c-7fee914c7ec7,"{<resource_manager.instance.OnPremInstance object at 0x111c77770>: [(3, 14472.144, 15973.752), (2, 15973.752, None)]}",293.72278396528714,141591.93100310123,14472.144,13820.986731917,2,17.02843301782803,14472.144,37035.449,True,62.0994464776212,81.0118516984212,18.9124052208
lamf-test-efb02442-ed88-49c8-bf51-dea5e65f914e,"{<resource_manager.instance.OnPremInstance object at 0x111c77770>: [(2, 14502.144, None), (1, 31126.968, None)]}",304.7860416350407,141762.1603557611,14502.144,13821.986731917,3,105.24185261236595,14502.144,52036.719,True,145.98661647273553,184.91565871833552,38.929042245599994
lamf-test-a3da9951-7484-4541-a43a-d268b07d7f2b,"{<resource_manager.instance.CloudReservedInstance object at 0x111c9e2c0>: [(2, 14532.144, None)], <resource_manager.instance.CloudOnDemandInstance object at 0x111e8d6d0>: [(2, 14532.144, 40107.504)]}",322.8627978188001,141521.14778266993,14532.144,13822.986731917,2,121.41918032472557,14532.144,40117.53405432181,False,121.44644672408754,,
lamf-test-a4d8ead1-b39f-46fe-9cfa-58d32f343ff0,"{<resource_manager.instance.CloudOnDemandInstance object at 0x111e8d6d0>: [(4, 14562.144, 25776.432), (1, 25776.432, None)]}",84.41713409588449,45026.40288798517,14562.144,13828.510329067001,1,60.55323203285421,14962.68,25787.536518842506,False,60.570122319328476,,
lamf-test-1393ec0f-c39a-48b5-8afc-5e45c5c5f7c7,"{<resource_manager.instance.CloudOnDemandInstance object at 0x111e8d6d0>: [(3, 14992.68, None)], <resource_manager.instance.CloudOnDemandInstance object at 0x111e8d1d0>: [(3, 14992.68, None)]}",354.69102159935267,141459.76782222211,14992.68,13843.692978535002,3,263.35450604608707,15393.216,107344.22692090276,True,351.1732714309178,798.1981637551401,447.02489232422226
lamf-test-98a6ab80-499b-4f3a-95f7-4dd7df820566,"{<resource_manager.instance.OnPremInstance object at 0x111c77770>: [(2, 15423.216, None)]}",105.87093398460661,45018.18761143407,15423.216,13844.692978535002,1,31.386438512434406,15423.216,24085.372,True,46.77261206175374,53.79935300895374,7.0267409471999995
lamf-test-0b319882-7fad-4ae3-8912-b51a1940b68d,"{<resource_manager.instance.OnPremInstance object at 0x111c77770>: [(2, 15453.216, None), (1, 34527.504, None), (2, 44457.504, None)]}",309.96889456321867,141859.30008515724,15453.216,13848.050927027001,3,103.33649098790782,15453.216,50919.255000000005,True,152.4790189368013,193.13933639040133,40.66031745360001
lamf-test-151fcd56-358d-466c-9e97-a24b8c315d14,"{<resource_manager.instance.CloudReservedInstance object at 0x111c9e2c0>: [(1, 15483.216, None)], <resource_manager.instance.CloudOnDemandInstance object at 0x111e8d1d0>: [(3, 15483.216, 32536.968)]}",286.90020368365816,141128.61694121276,15483.216,13849.771704641002,1,95.97518046999772,15483.216,32545.27603621454,False,95.99855847136195,,
lamf-test-0479ea03-d843-4f1c-b0bd-6f829a2c5a10,"{<resource_manager.instance.CloudOnDemandInstance object at 0x111e8d1d0>: [(5, 15513.216, None)]}",326.10114994784385,141608.48318785705,15513.216,13852.736351516001,3,,15913.752,141623.88318785705,False,319.6964716907675,,
lamf-test-724d0d5f-301b-4490-8457-7773ef64d695,"{<resource_manager.instance.OnPremInstance object at 0x111c77770>: [(5, 15943.752, 16954.824), (1, 16954.824, None)]}",109.55462846539683,45511.785052719366,15943.752,14400.549901481001,2,6.645447938372067,15943.752,23288.94,True,16.898258379943393,21.517829845543393,4.6195714656
lamf-test-2674780b-0edf-4613-bd86-e3e24ce33fcb,"{<resource_manager.instance.OnPremInstance object at 0x111c77770>: [(5, 15973.752, 19945.896), (2, 19945.896, 24426.432), (1, 24426.432, None), (1, 36327.504, None), (1, 51249.648, None)]}",302.61464185285956,141885.9990174512,15973.752,14403.904101977001,1,193.92176500114078,15973.752,54238.744999999995,True,219.154844855122,251.414014935922,32.25917008079999
lamf-test-15ce12ce-cdd4-4322-97b9-e92908eec275,"{<resource_manager.instance.CloudReservedInstance object at 0x111c9e2c0>: [(2, 16003.752, None)], <resource_manager.instance.CloudOnDemandInstance object at 0x111e8d1d0>: [(1, 16003.752, None)], <resource_manager.instance.CloudOnDemandInstance object at 0x111c9e3f0>: [(1, 16003.752, 17505.36)]}",62.79223748275714,28682.805452410583,16003.752,14412.788181239,2,9.045359886715474,16003.752,17516.26896623431,False,9.08893843576141,,
lamf-test-6fdb4590-cea7-4d20-bffa-249d0757fa2a,"{<resource_manager.instance.CloudOnDemandInstance object at 0x111c9e3f0>: [(6, 16033.752, None)]}",88.08906902383775,45462.698238864665,16033.752,14415.351708821001,1,395.041954825462,16434.288,45478.09823886466,False,463.531802528328,,
lamf-test-e4ed1a21-f292-441c-946a-d7b9f0990c7d,"{<resource_manager.instance.OnPremInstance object at 0x111c77770>: [(2, 16464.288, None), (3, 36057.504, None)]}",297.2172710903451,142015.71703116968,16464.288,14416.351708821001,1,105.79651197809719,16464.288,41520.937999999995,True,178.92483991178028,205.89870088298028,26.97386097119999
lamf-test-c777b76c-0cc3-4d24-b87d-dcc762dd2026,"{<resource_manager.instance.OnPremInstance object at 0x111c77770>: [(2, 16494.288, 18985.896), (1, 18985.896, None), (3, 42327.504, None)]}",310.2741421688458,142583.16223446763,16494.288,14429.230898175001,1,128.39698836413416,16494.288,50009.725999999995,True,162.0974361548406,186.04962174204059,23.952185587199992
lamf-test-38f0df60-c850-46c3-8ecc-b21d5524ac44,"{<resource_manager.instance.CloudOnDemandInstance object at 0x111c9e780>: [(1, 16524.288, None)], <resource_manager.instance.CloudOnDemandInstance object at 0x111c9e3f0>: [(5, 16524.288, None)]}",82.2505270696069,45704.076394877,16524.288,14432.046599943002,3,113.8277891854894,16924.824,45719.476394877,False,266.44023175794655,,
lamf-test-ecaffeb0-92d2-4398-a844-9e4844c48df5,"{<resource_manager.instance.OnPremInstance object at 0x111c77770>: [(3, 16954.824, 17505.36), (1, 17505.36, None), (4, 19105.896, None)]}",106.56838267415606,45594.13515546583,16954.824,14433.046599943002,1,21.749647273556924,16954.824,21390.152000000002,True,39.47487778538293,45.42641855978293,5.951540774400002
lamf-test-3c60492c-5568-42f7-a13b-d4f3117a23dc,"{<resource_manager.instance.OnPremInstance object at 0x111c77770>: [(6, 16984.824, 22465.896), (1, 22465.896, None)]}",288.51703100665657,142176.80751465185,16984.824,14434.046599943002,2,23.688370268466702,16984.824,26446.895,True,31.765962332791695,46.71939234639169,14.9534300136
lamf-test-04f3f31f-b20f-4cb7-a3dd-c0c2f380b4cc,"{<resource_manager.instance.OnPremInstance object at 0x111c77770>: [(4, 17014.824, 17505.36), (2, 17505.36, None), (1, 20245.896, None), (1, 21535.896, None)]}",63.69847192731158,28533.841615164565,17014.824,14435.046599943002,3,21.58828199863107,17014.824,22912.961000000003,True,25.58593961517987,32.40873028077988,6.822790665600004
lamf-test-b6b347a8-b100-462f-bbd1-cdcde8345e59,"{<resource_manager.instance.CloudReservedInstance object at 0x111c77cb0>: [(2, 17044.824, None)], <resource_manager.instance.CloudOnDemandInstance object at 0x111c77b60>: [(2, 17044.824, 38037.504)]}",310.4633474601291,142227.8502200793,17044.824,14437.156280649002,1,154.33054985169974,17044.824,38049.41827030747,False,154.37434454317395,,
lamf-test-d4113937-9912-4267-ad39-f41249bcbcef,"{<resource_manager.instance.CloudOnDemandInstance object at 0x111c77b60>: [(2, 17074.824, 18565.896), (1, 18565.896, None)]}",44.164232744169574,28764.389978782583,17074.824,14442.752273358003,3,3.0239501102745456,17475.36,18577.18837584972,False,3.0354007917963037,,
lamf-test-198ba68c-5a75-4dd3-95a5-23cb4a91c31d,"{<resource_manager.instance.OnPremInstance object at 0x111c77770>: [(5, 17505.36, 18775.896), (1, 18775.896, None), (1, 23526.432, None)]}",75.79076386942039,45614.20241385263,17505.36,14445.549080007002,2,14.723439425093835,17505.36,24018.657999999996,True,16.72092841288529,21.623686553685285,4.902758140799996
lamf-test-9bb4d80d-2aee-48e9-ac53-5a922312b6c8,"{<resource_manager.instance.OnPremInstance object at 0x111c77770>: [(6, 17535.36, 18475.896), (2, 18475.896, None), (1, 19195.896, None), (1, 24156.432, None)]}",62.348183689222225,28643.83834560123,17535.36,14447.203976712002,2,29.57232905494206,17535.36,24630.752999999997,True,32.78658554247496,42.465056547274955,9.678471004799993
lamf-test-8fdaa8c6-0ab8-4102-bf2c-7c6a5957696b,"{<resource_manager.instance.OnPremInstance object at 0x111c77770>: [(3, 17565.36, 22045.896), (2, 22045.896, None), (2, 28996.968, None)]}",305.80076715201267,141845.6869036599,17565.36,14450.319474801003,3,59.842956878850096,17565.36,33695.547999999995,True,70.17730930108749,88.89091130428748,18.71360200319999
lamf-test-c89d3402-a23f-46ae-8720-cd373edbf82e,"{<resource_manager.instance.CloudReservedInstance object at 0x111c9e2c0>: [(2, 17595.36, None)], <resource_manager.instance.CloudOnDemandInstance object at 0x111e8d1d0>: [(1, 17595.36, None)], <resource_manager.instance.CloudOnDemandInstance object at 0x111c9e780>: [(1, 20755.896, None)]}",59.063695813800784,28685.543075310547,17595.36,14456.658691863004,3,11.216950338428777,17595.36,22459.387174769876,True,19.853810808273757,33.702746140730866,13.848935332457113
lamf-test-d457b8b2-16f3-450b-ba2f-e7b966006e63,"{<resource_manager.instance.CloudOnDemandInstance object at 0x111c9e3f0>: [(1, 17625.36, None)], <resource_manager.instance.CloudOnDemandInstance object at 0x111c77b60>: [(5, 17625.36, None)]}",308.6020686022321,142630.57064801807,17625.36,15024.699579777003,1,1097.0206221005399,18025.896,142645.9706480181,False,1457.8923846702746,,
lamf-test-87f7683b-4f57-45f2-93ec-cd6117faec52,"{<resource_manager.instance.OnPremInstance object at 0x111c77770>: [(2, 18055.896, None)]}",62.86965238334432,29090.638281153308,18055.896,15027.163617768003,1,1.9438740588637917,18055.896,20462.243,True,12.99343197201307,14.945460658413069,1.9520286863999983
lamf-test-95f36198-5f8e-46dc-93db-fc5d6a810881,"{<resource_manager.instance.OnPremInstance object at 0x111c77770>: [(3, 18085.896, 25056.432), (2, 25056.432, None), (1, 38997.504, None)]}",312.84764381313755,142822.78894991276,18085.896,15031.797469767003,2,60.38381238421621,18085.896,41987.128,True,74.57707087829516,98.00559117269515,23.428520294399995
lamf-test-067d037c-dcca-41c3-b8b9-a8b36009d0a4,"{<resource_manager.instance.OnPremInstance object at 0x111c77770>: [(4, 18115.896, None), (1, 19375.896, None)]}",61.80548621708826,29333.42540782727,18115.896,15044.310878859003,2,17.859725632575483,18115.896,22258.338,True,20.936021430514494,28.825837806514492,7.889816375999998
lamf-test-55d518fc-620c-44fe-a18a-2336d48b9fc1,"{<resource_manager.instance.CloudReservedInstance object at 0x111e984d0>: [(3, 18145.896, 20905.896), (2, 20905.896, None)]}",83.99778340603386,46415.070480682916,18145.896,15049.798361991003,3,29.450367328313938,18145.896,29404.62494115768,True,38.447726644330906,66.0608216349722,27.613094990641294
lamf-test-64282f81-8a38-42e2-8686-39f8e7fadae5,"{<resource_manager.instance.OnPremInstance object at 0x111c77770>: [(5, 18295.896, None)]}",308.1387838586121,142873.47272596665,18295.896,15050.841187344004,2,,18295.896,22775.877,True,17.9279801240933,27.013381592093296,9.085401467999999
lamf-test-6ca33400-5b63-4867-9fb5-39d7d8646a8a,"{<resource_manager.instance.OnPremInstance object at 0x111c77770>: [(6, 18475.896, 18985.896), (2, 18985.896, None), (2, 23316.432, None), (1, 24126.432, None)]}",105.93846150050236,46858.61251912592,18475.896,15598.162408440003,1,40.1595601186402,18475.896,25087.293999999998,True,53.23996912312719,61.25680806232718,8.016838939199994
lamf-test-e1a8ae4a-b274-4245-9dc7-b8b20b25f60b,"{<resource_manager.instance.CloudReservedInstance object at 0x111e984d0>: [(1, 18625.896, None)], <resource_manager.instance.CloudOnDemandInstance object at 0x111c77b60>: [(3, 18625.896, None)]}",307.3714712616934,143480.58627442567,18625.896,15605.528963547004,3,325.0456399726215,18625.896,143495.9862744257,False,569.7927915784882,,
lamf-test-5f552717-b86e-4e0e-9794-6b12cd0fea27,"{<resource_manager.instance.OnPremInstance object at 0x111c77770>: [(2, 18775.896, None), (2, 20035.896, None), (1, 20395.896, None)]}",43.981392744961866,29843.510780000484,18775.896,15606.528963547004,2,19.94122325761723,18775.896,23710.97037016239,True,30.132835696854272,38.4619825195436,8.329146822689328
lamf-test-0ee69e3c-f7ac-4d00-b4dc-243374763ca6,"{<resource_manager.instance.OnPremInstance object at 0x111c77770>: [(2, 18805.896, None)]}",95.71047451977611,46838.20447142362,18805.896,15609.121971295504,3,,18805.896,21032.288000000004,True,6.772810099627358,8.57885929002736,1.8060491904000027
lamf-test-60d40a4b-09c7-4a73-b379-b1d85406ff0e,"{<resource_manager.instance.CloudReservedInstance object at 0x111c9e2c0>: [(1, 18925.896, None)], <resource_manager.instance.CloudReservedInstance object at 0x111c77cb0>: [(1, 18925.896, None)], <resource_manager.instance.CloudOnDemandInstance object at 0x111c9e780>: [(2, 18925.896, 20245.896)]}",57.165191884420324,29919.341449314004,18925.896,15621.156826357505,3,7.361776560955205,18925.896,20258.010051019664,False,7.392486249954784,,
lamf-test-87976d93-8677-4270-9b15-bf91d2c51eaa,"{<resource_manager.instance.OnPremInstance object at 0x111c77770>: [(3, 18985.896, 21475.896), (1, 21475.896, None), (1, 24486.432, None)]}",311.39111778496914,143375.56240614102,18985.896,15622.156826357505,2,44.37550268934577,18985.896,39878.174,True,76.6014954950561,93.3381820070561,16.736686512
lamf-test-68fc4f1f-0368-4356-8862-a5c873470b2b,"{<resource_manager.instance.OnPremInstance object at 0x111c77770>: [(4, 19225.896, 23316.432), (2, 23316.432, None), (1, 36717.504, None)]}",313.35740939256686,143487.58824843646,19225.896,15630.507406745504,2,51.32880051757736,19225.896,39712.965,True,65.54977020538165,86.70208236298164,21.152312157599994
lamf-test-6ffd71d7-ab96-484d-939d-8341469b380b,"{<resource_manager.instance.OnPremInstance object at 0x111c77770>: [(3, 19345.896, 23316.432), (2, 23316.432, None), (4, 33747.504, None)]}",291.65416309527114,144055.90109471165,19345.896,16213.464712184505,3,108.98737850787131,19345.896,43922.75165772968,True,142.71083420241547,180.7663507134664,38.05551651105094
lamf-test-20e1ba49-4666-4d28-9ab3-d9b988f76cc5,"{<resource_manager.instance.CloudReservedInstance object at 0x111c9e2c0>: [(1, 20245.896, None)], <resource_manager.instance.CloudReservedInstance object at 0x111c77cb0>: [(1, 20245.896, None)], <resource_manager.instance.CloudOnDemandInstance object at 0x111c9e780>: [(2, 20245.896, None)], <resource_manager.instance.CloudOnDemandInstance object at 0x111e8d6d0>: [(2, 20245.896, None)]}",285.6765311197183,143609.9631800886,20245.896,16224.231262289504,1,276.48295931249527,20245.896,99085.43328001189,True,1023.293104351816,1591.7577039556138,568.4645996037978
lamf-test-6012bbf1-8566-4834-b341-39822809aef2,"{<resource_manager.instance.OnPremInstance object at 0x111c77770>: [(5, 20545.896, 21985.896), (2, 21985.896, None), (1, 26476.968, None), (1, 33447.504, None)]}",93.62462651407313,47435.088064489224,20545.896,16228.881883970504,1,100.44900752908967,20545.896,34724.06,True,114.52617081146852,131.6424810770685,17.116310265599996
lamf-test-92b1912c-cdf4-4496-9665-6c2a64a15900,"{<resource_manager.instance.OnPremInstance object at 0x111c77770>: [(5, 20665.896, 21475.896), (2, 21475.896, None), (2, 23856.432, None)]}",99.7921660649438,47583.46425052508,20665.896,16239.464764448503,3,13.40188911704312,20665.896,26707.06,True,30.74543159175603,38.94406126215603,8.1986296704
lamf-test-3d2e4ca8-d6e8-4002-a809-14108f6da5be,"{<resource_manager.instance.OnPremInstance object at 0x111c77770>: [(5, 21145.896, 25626.432), (1, 25626.432, None), (5, 33567.504, None)]}",306.2018292174168,144002.06916557855,21145.896,16242.988021196503,2,34.04292563409318,21145.896,36060.666000000005,True,49.078773526623124,67.45355838102313,18.37478485440001
lamf-test-a7986f20-c88c-442a-a9bb-9d4e408bd120,"{<resource_manager.instance.OnPremInstance object at 0x111c77770>: [(4, 21385.896, None)]}",50.00049139574834,30908.161960294346,21385.896,16802.970716258504,1,12.368240930869268,21385.896,24019.669,True,27.841999163434494,32.1150324786345,4.273033315200002
lamf-test-bf2ee2bb-aeee-4553-ba75-b56c3562dc59,"{<resource_manager.instance.OnPremInstance object at 0x111c77770>: [(2, 21415.896, None)]}",94.73625576454592,48178.17988977513,21415.896,16814.220959033504,1,43.04100022815423,21415.896,33977.579999999994,True,67.82869906456762,78.01873712536761,10.190038060799996
lamf-test-404ab15a-5fdc-47da-96ca-6bf36dbfc057,"{<resource_manager.instance.OnPremInstance object at 0x111c77770>: [(4, 21445.896, 28906.968), (1, 28906.968, None), (1, 45938.04, None)]}",285.63536765098837,144721.58217306004,21445.896,16816.321691513505,2,61.73109281684211,21445.896,49423.8,True,75.87656098407425,97.71685551207425,21.840294528000005
lamf-test-398c2e41-0ba6-4e76-8602-21bfa67e2257,"{<resource_manager.instance.OnPremInstance object at 0x111c77770>: [(5, 21475.896, 27436.968), (2, 27436.968, None)]}",308.43937206382503,144686.97765566042,21475.896,16817.321691513505,2,23.85500749540882,21475.896,42310.474,True,64.28818377708026,88.44262586028026,24.1544420832
lamf-test-58d64335-ff0b-41b5-93cb-bcafe6abca1b,"{<resource_manager.instance.CloudReservedInstance object at 0x111e984d0>: [(1, 21505.896, None)], <resource_manager.instance.CloudReservedInstance object at 0x111e8d090>: [(5, 21505.896, 23316.432), (1, 23316.432, None)]}",83.27713277836911,48112.66733728946,21505.896,16827.716826141506,2,36.92292954343571,21505.896,43651.33693932588,True,75.44426285962302,111.48501678927882,36.04075392965579
lamf-test-78749043-3668-43d0-99ce-4ee040f7f664,"{<resource_manager.instance.OnPremInstance object at 0x111c77770>: [(2, 21685.896, None)]}",57.07835905715178,30965.11190238243,21685.896,16845.214614228506,2,1.3048654846545453,21685.896,24660.808,True,8.087208309759632,10.500456924159632,2.4132486144
lamf-test-59fd6bbc-b1e0-4afd-a720-743bb563c136,"{<resource_manager.instance.OnPremInstance object at 0x111c77770>: [(2, 21985.896, None)]}",321.20760313523465,145078.98352316237,21985.896,17400.075285156505,2,23.544862318558152,21985.896,39779.011,True,48.37004505831054,62.80381994631054,14.433774887999999
lamf-test-4cc1e286-0e7f-464c-8240-c10883a7da2a,"{<resource_manager.instance.OnPremInstance object at 0x111c77770>: [(4, 22285.896, 26776.968), (2, 26776.968, None), (2, 34227.504, None)]}",316.2330750787407,145018.82475757663,22285.896,17428.270059084505,3,49.98913985854438,22285.896,41179.63799999999,True,92.2867077344284,116.89603995202839,24.609332217599984
lamf-test-0aaede3d-34d4-43d5-b971-8a2a954407b0,"{<resource_manager.instance.OnPremInstance object at 0x111c77770>: [(2, 22315.896, None), (3, 45938.04, None)]}",291.4038438976179,144958.56510691918,22315.896,17430.547491783505,1,160.90160711841204,22315.896,50636.5,True,190.44042771313406,219.13118780593405,28.690760092799998
lamf-test-a7598ecc-5cec-4bf9-9a0f-c71ca0dbae0e,"{<resource_manager.instance.OnPremInstance object at 0x111c77770>: [(6, 22465.896, 24966.432), (1, 24966.432, None)]}",294.2224632206372,145159.24511354024,22465.896,17433.775915848506,3,22.820314852840518,22465.896,35384.42999999999,True,38.66638375541865,48.97722815381864,10.310844398399997
lamf-test-5c0e0bc7-fda1-478e-8de8-178b5b80a83c,"{<resource_manager.instance.OnPremInstance object at 0x111c77770>: [(4, 22495.896, 23616.432), (2, 23616.432, None)]}",109.02475346006189,48697.6539415843,22495.896,17447.431482444506,2,25.313878674098387,22495.896,32389.454,True,27.930367759230084,36.86500081203008,8.9346330528
lamf-test-95c3a7f0-6def-4a58-8473-af92a11ec586,"{<resource_manager.instance.CloudReservedInstance object at 0x111c9e2c0>: [(2, 22525.896, None)], <resource_manager.instance.CloudOnDemandInstance object at 0x111c9e780>: [(1, 22525.896, 53769.648)]}",312.05091942501133,145980.01959554345,22525.896,18001.723619631506,1,379.41023773671003,22525.896,76521.75278134605,False,379.47559932128445,,
lamf-test-225e7631-1dba-46ce-9a30-f911bc78acd8,"{<resource_manager.instance.OnPremInstance object at 0x111c77770>: [(5, 22855.896, None)]}",48.6051907309817,32401.115289399902,22855.896,18002.723619631506,1,30.925753137120694,22855.896,25753.655674642923,True,38.12551705173211,44.002173671907954,5.876656620175846
lamf-test-19917d27-b721-40ad-a37a-4370c7a734bc,"{<resource_manager.instance.CloudOnDemandInstance object at 0x111e8d6d0>: [(1, 22885.896, None)], <resource_manager.instance.CloudOnDemandInstance object at 0x111e8d1d0>: [(1, 22885.896, None)], <resource_manager.instance.CloudReservedInstance object at 0x111e984d0>: [(1, 64479.648, None)], <resource_manager.instance.CloudReservedInstance object at 0x111e8d310>: [(3, 64479.648, None)]}",301.1069329229973,145367.35160146418,22885.896,18006.032421760505,2,116.0768107578928,23286.432,87367.67964463192,True,281.4989695711644,433.55877305437934,152.05980348321495
lamf-test-c5f3d318-ed60-437f-9c1e-4a6f0f18365e,"{<resource_manager.instance.OnPremInstance object at 0x111c77770>: [(5, 23316.432, 28786.968), (1, 28786.968, None), (2, 39747.504, None)]}",302.37657057421836,145626.7665078566,23316.432,18007.064853802505,2,44.13130840598575,23316.432,42242.873999999996,True,55.97809296764626,74.55429959324626,18.576206625599994
lamf-test-68ff13a7-de65-4a50-8bee-581fe346b072,"{<resource_manager.instance.OnPremInstance object at 0x111c77770>: [(4, 23346.432, 26326.968), (1, 26326.968, None)]}",316.0799972187193,145536.04119097817,23346.432,18012.321682063506,1,31.507681496691763,23346.432,33278.712,True,51.06920921743098,58.724458190230976,7.655248972799999
lamf-test-e3ac6e81-3f29-40d1-91c8-119f86b94741,"{<resource_manager.instance.OnPremInstance object at 0x111c77770>: [(2, 23376.432, None), (2, 42267.504, None)]}",292.3170995981352,145929.02995851863,23376.432,18020.358454270507,2,51.35480796025815,23376.432,47237.664,True,78.37726728196911,101.76529247236911,23.388025190399993
lamf-test-cd918581-b0d1-458e-92b2-5c59b3bd83b5,"{<resource_manager.instance.OnPremInstance object at 0x111c77770>: [(3, 23406.432, 24906.432), (2, 24906.432, None), (2, 37047.504, None)]}",301.10787935133226,145662.17652895628,23406.432,18021.358454270507,2,48.772058554009796,23406.432,40083.608,True,54.35092394261799,70.95073667861799,16.599812736
lamf-test-3231937d-3960-4134-90c2-f2e92cf6e932,"{<resource_manager.instance.OnPremInstance object at 0x111c77770>: [(2, 23436.432, None)]}",109.51414052886817,49007.91117187689,23436.432,18025.371478997506,2,19.846286345579077,23436.432,35475.659999999996,True,32.728277248097015,42.49449900169701,9.766221753599996
lamf-test-5e0241b4-8be0-4af4-bde6-0b42fa40fc67,"{<resource_manager.instance.CloudReservedInstance object at 0x111e8d090>: [(2, 23466.432, None)], <resource_manager.instance.CloudOnDemandInstance object at 0x111e8d6d0>: [(1, 27286.968, None)]}",98.3173256377796,49236.589420178854,23466.432,18032.217228755504,3,3.874095368469085,23466.432,29381.643047119684,True,7.591165191228174,13.871033153589353,6.2798679623611795
lamf-test-d56ac58c-44ed-4cac-88e0-685510119191,"{<resource_manager.instance.CloudReservedInstance object at 0x111e8d310>: [(2, 23496.432, None)]}",70.70390367140996,32105.46089599235,23496.432,18043.462478264504,2,8.482459909742492,23496.432,32120.86089599235,False,17.49928055988031,,
lamf-test-093fc8c1-409b-4af5-91bd-f1586aa318b7,"{<resource_manager.instance.CloudReservedInstance object at 0x111e8d310>: [(1, 23526.432, None)], <resource_manager.instance.CloudReservedInstance object at 0x111c77cb0>: [(1, 23526.432, None)], <resource_manager.instance.CloudReservedInstance object at 0x111c9e520>: [(1, 23526.432, None)], <resource_manager.instance.CloudOnDemandInstance object at 0x111c9e780>: [(1, 23526.432, None)], <resource_manager.instance.CloudOnDemandInstance object at 0x111c77b60>: [(2, 23526.432, 25416.432)]}",48.98947611555658,32200.820613525673,23526.432,18046.415583593505,1,21.704312114989733,23526.432,25425.214710598484,False,21.772887034865334,,
lamf-test-412a625e-1641-430d-83ff-ad06d8ff7ded,"{<resource_manager.instance.OnPremInstance object at 0x111c77770>: [(5, 23616.432, None)]}",48.58977843534464,32339.532963695776,23616.432,18057.843827435507,1,13.81473876340406,23616.432,25673.94,True,27.07041478439422,31.243041008394215,4.172626223999996
lamf-test-499e704f-e77f-4d06-942d-f6729f7df6df,"{<resource_manager.instance.OnPremInstance object at 0x111c77770>: [(3, 23766.432, 31216.968), (2, 31216.968, None)]}",295.12516285873096,146262.82988995555,23766.432,18605.277421586507,2,56.43942174190894,23766.432,50581.21799999999,True,76.67493315074188,101.44902495554187,24.774091804799994
lamf-test-b31f9afe-254c-4126-a484-8628eb9333c1,"{<resource_manager.instance.OnPremInstance object at 0x111c77770>: [(6, 24726.432, None)]}",58.325064065435534,32823.53953589799,24726.432,18645.767039126506,1,30.391737166324436,24726.432,27455.949774769342,True,42.969821231824,49.61237568850267,6.64255445667867
lamf-test-893ff824-f1d2-4433-939e-c7c4d678a42b,"{<resource_manager.instance.OnPremInstance object at 0x111c77770>: [(2, 24966.432, 28966.968), (1, 28966.968, None), (2, 51309.648, None)]}",291.47945752946964,146358.76438703618,24966.432,18650.474301023507,1,84.47161122518823,24966.432,61735.798,True,170.10734017796034,195.10130530916035,24.9939651312
lamf-test-9ad3c991-d587-4e6c-87f0-aa8b942b2b5d,"{<resource_manager.instance.OnPremInstance object at 0x111c77770>: [(6, 25146.432, 28126.968), (1, 28126.968, None), (1, 33177.504, None)]}",294.2702271699325,146493.41210703648,25146.432,18652.653456857508,2,23.129150719349404,25146.432,49545.172999999995,True,89.55034460857075,112.12972751257075,22.579382903999996
lamf-test-50bd9009-28ec-4253-bcf7-ae2b62692323,"{<resource_manager.instance.OnPremInstance object at 0x111c77770>: [(3, 25176.432, 26776.968), (2, 26776.968, None), (4, 33897.504, None)]}",96.71534015432012,49833.97676284214,25176.432,18654.98745826151,2,28.717958486745484,25176.432,35869.579999999994,True,37.063589723973585,49.58654488557357,12.522955161599985
lamf-test-65b278d1-c75b-4135-b5aa-f825706c680d,"{<resource_manager.instance.CloudReservedInstance object at 0x111e8d310>: [(1, 25416.432, None)], <resource_manager.instance.CloudReservedInstance object at 0x111c77cb0>: [(1, 25416.432, None)], <resource_manager.instance.CloudReservedInstance object at 0x111c9e520>: [(1, 25416.432, None)], <resource_manager.instance.CloudOnDemandInstance object at 0x111c9e780>: [(1, 25416.432, None)]}",46.808209305960055,33427.27236767584,25416.432,19200.97699970051,1,49.74079367252262,25416.432,33442.672367675834,False,62.66844204233926,,
lamf-test-4e05654b-8014-4960-848f-0c1b470c0ee8,"{<resource_manager.instance.OnPremInstance object at 0x111c77770>: [(5, 25686.432, 27616.968), (1, 27616.968, None)]}",119.66024806020059,50404.47868747206,25686.432,19203.083364533508,3,14.681998631074608,25686.432,30783.327999999998,True,19.49812153015438,24.697524154154376,5.199402623999998
lamf-test-2b6c6b3a-28c9-458c-9ffa-76aefcc26451,"{<resource_manager.instance.CloudOnDemandInstance object at 0x111e8d6d0>: [(3, 25776.432, None)], <resource_manager.instance.CloudOnDemandInstance object at 0x111c77b60>: [(2, 25776.432, None)]}",317.28833254019617,146879.3048597276,25776.432,19206.102659357508,1,,26176.968,146894.7048597276,False,942.6143881140865,,
lamf-test-2f12deb2-00c6-45f2-bf9e-431fba73627e,"{<resource_manager.instance.OnPremInstance object at 0x111c77770>: [(6, 26206.968, 26716.968), (2, 26716.968, None), (1, 28306.968, None), (1, 30856.968, None)]}",93.49967154984164,50513.669025667754,26206.968,19227.364416935507,1,53.43828428017339,26206.968,33181.808,True,63.19581717240851,72.6014215884085,9.405604415999996
lamf-test-f9efe039-70ce-49b9-a1a8-bee3de1d2b34,"{<resource_manager.instance.OnPremInstance object at 0x111c77770>: [(5, 26326.968, 27826.968), (2, 27826.968, None), (1, 36777.504, None)]}",307.9037058422363,146374.74455091552,26326.968,19232.293161875506,3,68.20453570613735,26326.968,48920.27300000001,True,94.04422997946615,119.12222610186616,25.077996122400005
lamf-test-8f4c62d4-1881-4ae7-91f8-3b9d5e4e648b,"{<resource_manager.instance.OnPremInstance object at 0x111c77770>: [(6, 26776.968, None)]}",53.33256697567134,33363.89411005022,26776.968,19235.839012976507,2,16.20693698363206,26776.968,31152.349996615514,True,18.90974407959089,29.557673706554404,10.647929626963514
lamf-test-920c97be-abc7-45c8-bf90-73719c07896c,"{<resource_manager.instance.OnPremInstance object at 0x111c77770>: [(3, 26806.968, 27166.968), (2, 27166.968, None)]}",49.27955402462038,33442.64591785776,26806.968,19237.640329073005,2,8.664258065817485,26806.968,32330.992,True,15.199524611403227,19.826628880203224,4.627104268799998
lamf-test-915cb3ce-20ce-43ae-8b31-7f523a6333eb,"{<resource_manager.instance.OnPremInstance object at 0x111c77770>: [(2, 27166.968, None), (2, 28216.968, None)]}",71.69092063889612,33278.38800847397,27166.968,19241.040693647505,3,3.194159251654118,27166.968,31319.136000000002,True,22.068099475245273,27.952816838445273,5.884717363200002
lamf-test-eb592d2c-c121-4645-b005-4e7f00d8eb14,"{<resource_manager.instance.OnPremInstance object at 0x111c77770>: [(5, 27556.968, None)]}",65.43723826831173,33575.85376160932,27556.968,19242.040693647505,1,,27556.968,30885.445000000003,True,43.79241927142751,50.542570627427516,6.750151356000004
lamf-test-821bad57-9b5b-4590-ab6a-b75593f800f8,"{<resource_manager.instance.OnPremInstance object at 0x111c77770>: [(4, 27586.968, 32056.968), (1, 32056.968, None), (5, 41727.504, None)]}",293.93899056747387,147114.768543488,27586.968,19254.426165210505,3,91.74870180241842,27586.968,54655.97854057982,True,159.89258992087443,202.52982296442946,42.63723304355504
lamf-test-2ec8c349-ada1-458e-a7a4-ab9b6322b2cf,"{<resource_manager.instance.OnPremInstance object at 0x111c77770>: [(4, 27616.968, None)]}",57.00450481534605,33411.69158048865,27616.968,19255.507985001506,2,2.1852967246427712,27616.968,28629.802,True,3.688904704678057,5.332126586278055,1.6432218815999982
lamf-test-3d742955-a0c8-4cdc-8c38-f5e5804b4cff,"{<resource_manager.instance.OnPremInstance object at 0x111c77770>: [(4, 27826.968, None)]}",303.65987588610506,147095.99657653592,27826.968,19256.507985001506,1,,27826.968,40940.502,True,138.62508373260323,159.90048129420322,21.2753975616
lamf-test-b18ea74a-e7ea-41d7-821c-d4f1a5e50746,"{<resource_manager.instance.OnPremInstance object at 0x111c77770>: [(4, 28126.968, 29716.968), (1, 29716.968, None), (1, 32116.968, None)]}",93.66823018165961,50175.86872002355,28126.968,19257.836436742506,3,37.44934519735341,28126.968,43526.534,True,48.03275077952695,60.84124671872695,12.808495939199998
lamf-test-cf4eee4f-df46-4434-9c29-6bf0f44daf4d,"{<resource_manager.instance.OnPremInstance object at 0x111c77770>: [(6, 28786.968, None)]}",53.667029478259835,33900.73410351682,28786.968,19800.751923916505,2,13.354516074512814,28786.968,32444.45710923084,True,15.807118803099934,24.707984299324103,8.90086549622417
lamf-test-7c801ce0-8eb2-4e0d-9312-eaf55e74d22a,"{<resource_manager.instance.OnPremInstance object at 0x111c77770>: [(2, 28906.968, None), (2, 59409.648, None)]}",282.54429039316733,147511.51432643828,28906.968,19803.742532104505,2,82.92061316971356,28906.968,64873.216,True,112.62570194580967,146.23356868500966,33.6078667392
lamf-test-4d1918b0-1458-45e2-b527-a49166860d07,"{<resource_manager.instance.CloudReservedInstance object at 0x111e984d0>: [(1, 29416.968, None)], <resource_manager.instance.CloudReservedInstance object at 0x111e8d090>: [(4, 29416.968, None)], <resource_manager.instance.CloudOnDemandInstance object at 0x111c9e780>: [(1, 29416.968, 32716.968)]}",99.90881249240506,50939.81132675748,29416.968,19804.742532104505,2,20.95174741788942,29416.968,32726.553100692174,False,20.99315484126547,,
lamf-test-4fd50982-b738-4cdf-bdb5-50cd3dff6874,"{<resource_manager.instance.CloudReservedInstance object at 0x111e984d0>: [(2, 29476.968, None)], <resource_manager.instance.CloudOnDemandInstance object at 0x111e8d6d0>: [(1, 30076.968, None)], <resource_manager.instance.CloudReservedInstance object at 0x111e8d310>: [(1, 33957.504, None)], <resource_manager.instance.CloudReservedInstance object at 0x111c77cb0>: [(1, 33957.504, None)], <resource_manager.instance.CloudReservedInstance object at 0x111c9e520>: [(1, 33957.504, None)]}",66.98837614575113,34040.3808403077,29476.968,19805.742532104505,2,18.05708275652712,29476.968,34055.78084030769,False,18.93879862118877,,
lamf-test-308f236e-0576-4952-874f-b146870f6d77,"{<resource_manager.instance.OnPremInstance object at 0x111c77770>: [(3, 29716.968, None)]}",296.126707886245,147354.93322395813,29716.968,19820.060548092504,3,,29716.968,42135.69299999999,True,56.667693360711795,71.77879794071178,15.11110457999999
lamf-test-17fee575-0b26-45f7-83d5-67d080c53e61,"{<resource_manager.instance.OnPremInstance object at 0x111c77770>: [(5, 30916.968, 36387.504), (2, 36387.504, None)]}",339.37001802300927,147648.8180745488,30916.968,19826.782052412505,3,41.6041980378736,30916.968,51263.637,True,86.8582340862423,110.02000018384231,23.1617660976
lamf-test-c8945c61-1ea7-4681-928a-edc22713889d,"{<resource_manager.instance.OnPremInstance object at 0x111c77770>: [(5, 31216.968, 36687.504), (2, 36687.504, None)]}",305.7727422550137,147679.88337259763,31216.968,19852.356265890507,2,21.891981389237337,31216.968,40669.039000000004,True,32.71566388391242,47.039732083912426,14.324068200000003
lamf-test-416bbbfd-81e6-4f7c-9a56-8c0e7175f623,"{<resource_manager.instance.OnPremInstance object at 0x111c77770>: [(3, 31246.968, 34227.504), (2, 34227.504, None)]}",318.1012839054559,147516.78729089734,31246.968,19859.113867437507,2,9.614559454111232,31246.968,41179.24799999999,True,28.51266529526606,37.778636232866056,9.265970937599993
lamf-test-3e7fd149-2562-452d-b778-aa63ebe3ca13,"{<resource_manager.instance.OnPremInstance object at 0x111c77770>: [(2, 32056.968, None)]}",306.14407437283273,148111.8287503454,32056.968,20403.495044460506,2,13.566621200679077,32056.968,51120.71,True,51.82420613366502,67.28871364406503,15.464507510399999
lamf-test-e18205c9-e6f7-4d1b-94fe-6bdf96998c05,"{<resource_manager.instance.OnPremInstance object at 0x111c77770>: [(6, 32416.968, 33867.504), (2, 33867.504, None), (1, 36717.504, None), (1, 37677.504, None)]}",110.9772195614234,51623.91680342658,32416.968,20404.926367932505,1,46.109282226785304,32416.968,38638.21,True,56.70342398661493,65.27214581061493,8.568721823999997
lamf-test-55230e23-b521-4f16-a8cb-73a7c6580475,"{<resource_manager.instance.OnPremInstance object at 0x111c77770>: [(4, 32476.968, 35967.504), (1, 35967.504, None), (5, 61779.648, None)]}",312.3489385286271,147975.98865498864,32476.968,20410.339955493506,2,95.12043253715558,32476.968,69144.58099999999,True,109.5035692213642,143.55932138296419,34.055752161599976
lamf-test-56207b5b-5fb7-4cc8-b917-b36e1b064de2,"{<resource_manager.instance.OnPremInstance object at 0x111c77770>: [(5, 32536.968, 39507.504), (1, 39507.504, None), (3, 49449.648, None)]}",317.0752713451876,148131.36097986903,32536.968,20415.398798286507,2,48.06765129561881,32536.968,51448.409999999996,True,58.57078277357219,79.98235485677219,21.411572083199992
lamf-test-2148cf4d-7170-4032-92ad-bc67bc5cec9e,"{<resource_manager.instance.CloudReservedInstance object at 0x111e8d310>: [(2, 32566.968, None)], <resource_manager.instance.CloudReservedInstance object at 0x111c9e2c0>: [(1, 32566.968, None)], <resource_manager.instance.CloudReservedInstance object at 0x111e8d090>: [(2, 69189.648, None)]}",290.5571510371029,147866.28788592183,32566.968,20424.693754938507,3,167.13873298349682,32566.968,122533.87555212081,True,327.7764597647306,483.8996410372871,156.1231812725565
lamf-test-6f91592c-afdd-4bec-8b7a-080c324249f5,"{<resource_manager.instance.CloudReservedInstance object at 0x111e984d0>: [(1, 32716.968, None)], <resource_manager.instance.CloudReservedInstance object at 0x111e8d090>: [(4, 32716.968, None)]}",112.19170754417485,51574.118383316236,32716.968,20428.802937921508,3,39.006135827819605,32716.968,47435.373245439834,True,52.23658920479572,92.05281907475955,39.816229869963834
lamf-test-58f4bde2-1252-4878-b4ed-54f9ec3d6ddb,"{<resource_manager.instance.CloudOnDemandInstance object at 0x111e8d1d0>: [(3, 32746.968, 83439.648), (2, 83439.648, None)]}",306.6623561408906,148264.94670212787,32746.968,20429.802937921508,3,77.1049965776865,33147.504,83449.39264343296,False,77.11487782942474,,
lamf-test-9fd69545-924f-4ce5-9308-d2123ccec4dc,"{<resource_manager.instance.OnPremInstance object at 0x111c77770>: [(3, 33267.504, None)]}",61.631240803228884,34560.55822990765,33267.504,20438.630208646508,1,7.426420260095825,33267.504,34575.95822990764,False,10.448527959563648,,
lamf-test-927fb6c3-ba3c-488b-96a5-466be1c02fa9,"{<resource_manager.instance.OnPremInstance object at 0x111c77770>: [(6, 33807.504, 38307.504), (1, 38307.504, None), (1, 48249.648, None), (3, 51249.648, None)]}",330.8093779162473,148002.79686026266,33807.504,20439.990558427507,1,115.70152315765459,33807.504,60179.78099999999,True,237.26923226100826,272.79687559140825,35.527643330399975
lamf-test-1e5c4d41-c6bb-47f9-a0f9-f492c659a647,"{<resource_manager.instance.CloudReservedInstance object at 0x111e984d0>: [(2, 34107.504, None)], <resource_manager.instance.CloudReservedInstance object at 0x111e8d310>: [(1, 34107.504, None)], <resource_manager.instance.CloudReservedInstance object at 0x111c77cb0>: [(1, 34107.504, None)], <resource_manager.instance.CloudReservedInstance object at 0x111c9e520>: [(1, 34107.504, None)], <resource_manager.instance.CloudOnDemandInstance object at 0x111c9e780>: [(1, 34107.504, None)]}",295.19389174920065,148242.93109896497,34107.504,20443.630469398508,3,,34107.504,59068.87392687489,True,177.17909041308513,341.040499435048,163.86140902196288
lamf-test-5fc71200-6539-46cf-9073-1ac0b6be235f,"{<resource_manager.instance.OnPremInstance object at 0x111c77770>: [(5, 34947.504, 37947.504), (2, 37947.504, None)]}",298.6298021940167,147919.86633357094,34947.504,20449.37891682451,2,51.102818292442066,34947.504,60269.363,True,72.68669342055448,96.87818544135447,24.1914920208
lamf-test-d81a676f-ccce-4b38-95bc-838588f989f1,"{<resource_manager.instance.OnPremInstance object at 0x111c77770>: [(3, 35547.504, None), (1, 38157.504, None), (1, 39657.504, None)]}",93.67827368323229,51507.21974953188,35547.504,20456.91036084451,1,37.040839607574725,35547.504,40617.666,True,50.111719370294274,57.668375906294266,7.556656535999993
lamf-test-bff6c6c8-6ce7-4a14-8d30-c8d69887c972,"{<resource_manager.instance.OnPremInstance object at 0x111c77770>: [(4, 35907.504, None)]}",62.55972404682857,35036.07774456324,35907.504,21001.503591703513,2,,35907.504,35922.903999999995,False,0.05608928259914327,,
lamf-test-8aea85bd-3d6c-4aba-b7de-dd2346b0e93e,"{<resource_manager.instance.OnPremInstance object at 0x111c77770>: [(6, 35967.504, 39957.504), (2, 39957.504, None), (2, 54339.648, None), (1, 57339.648, None)]}",302.51103083949494,148639.08075421912,35967.504,21005.412283393012,1,172.86958886607346,35967.504,60328.94499999999,True,213.56349433416977,245.86984786296975,32.30635352879998
lamf-test-f3f23406-4146-4e8a-b0d6-831939b9a4ea,"{<resource_manager.instance.OnPremInstance object at 0x111c77770>: [(5, 36147.504, None)]}",57.3172776265575,35044.38868357076,36147.504,21011.060434150513,1,,36147.504,36162.903999999995,False,0.20261616852984965,,
lamf-test-232b6ce2-ea24-476c-b62f-210ae1decc5b,"{<resource_manager.instance.OnPremInstance object at 0x111c77770>: [(4, 36207.504, 41187.504), (1, 41187.504, None), (2, 56079.648, None)]}",311.1617610976437,148746.66608431833,36207.504,21017.083965331512,2,48.35466575648124,36207.504,64020.008,True,86.05157413561014,109.83320979001014,23.781635654400002
lamf-test-28862540-93f6-42de-8ec4-72cbed9815ad,"{<resource_manager.instance.OnPremInstance object at 0x111c77770>: [(6, 37107.504, 41607.504), (1, 41607.504, None), (4, 52029.648, None)]}",315.0001679546882,148437.62400295766,37107.504,21018.083965331512,3,87.26464978325347,37107.504,58116.7262212429,True,103.21322550188528,130.73624174096588,27.523016239080597
lamf-test-5c2155b4-aa4a-428b-9192-860339f49ef5,"{<resource_manager.instance.CloudReservedInstance object at 0x111c77cb0>: [(2, 37527.504, 48039.648), (1, 48039.648, None)], <resource_manager.instance.CloudReservedInstance object at 0x111e984d0>: [(1, 87399.648, None)], <resource_manager.instance.CloudReservedInstance object at 0x111e8d310>: [(1, 87399.648, None)], <resource_manager.instance.CloudReservedInstance object at 0x111e8d090>: [(2, 87399.648, None)]}",326.1375748222798,148796.18643972653,37527.504,21021.476865098513,3,61.230803863411666,37527.504,124020.79976034135,True,219.0525849686422,370.9409676841154,151.88838271547317
lamf-test-8d46ff55-9a1d-4004-b52e-0bb94df560fe,"{<resource_manager.instance.OnPremInstance object at 0x111c77770>: [(3, 37827.504, 42297.504), (2, 42297.504, None)]}",314.6188735020299,148708.37405937954,37827.504,21032.523571955513,1,94.72448277435547,37827.504,61173.127,True,137.61649045554793,158.36749183314794,20.751001377599998
lamf-test-b036c054-ee21-47f6-aca9-95247c096cfe,"{<resource_manager.instance.OnPremInstance object at 0x111c77770>: [(6, 38307.504, None)]}",40.69689972228568,35271.59719052353,38307.504,21034.219875254512,3,,38307.504,38322.903999999995,False,0.14054300707272807,,
lamf-test-12047e13-b691-4e4d-bcc8-16e2900e16aa,"{<resource_manager.instance.CloudReservedInstance object at 0x111c77cb0>: [(1, 38337.504, None)], <resource_manager.instance.CloudOnDemandInstance object at 0x111c77b60>: [(2, 38337.504, None)]}",306.19560311302496,148438.74783387067,38337.504,21035.539073432512,1,517.8826265115218,38337.504,148454.1478338707,False,619.7149322158667,,
lamf-test-e050ad2a-f776-4985-ad86-c1f9e8bbb5cd,"{<resource_manager.instance.OnPremInstance object at 0x111c77770>: [(3, 38367.504, 40377.504), (2, 40377.504, None), (2, 53769.648, None), (1, 57759.648, None), (1, 64929.648, None)]}",326.0139069441622,148527.57052261007,38367.504,21036.539073432512,3,128.71592972849646,38367.504,68909.153,True,165.03356605065028,209.04170063145028,44.00813458080001
lamf-test-5a75690c-b8ed-48d0-b610-f947c287d86c,"{<resource_manager.instance.OnPremInstance object at 0x111c77770>: [(5, 38397.504, None)]}",56.45454017440447,35192.299492118385,38397.504,21040.25683593301,3,,38397.504,38412.903999999995,False,0.11711917256060674,,
lamf-test-62ab7363-ee6e-4e41-9bd6-da86db171176,"{<resource_manager.instance.OnPremInstance object at 0x111c77770>: [(6, 38667.504, 41667.504), (1, 41667.504, None), (1, 59559.648, None), (4, 64059.648, None)]}",317.6880653321237,148927.96165164394,38667.504,21055.25763482751,3,68.28221765913757,38667.504,68536.24399999999,True,109.13639060004553,138.2388882320455,29.102497631999974
lamf-test-e000b273-6e93-45bd-85e3-de8e007da692,"{<resource_manager.instance.OnPremInstance object at 0x111c77770>: [(3, 38727.504, None), (2, 52839.648, None), (1, 58299.648, None)]}",284.69120725614476,149534.3159894418,38727.504,21603.52479233151,3,124.26257814282454,38727.504,63494.82523429971,True,153.3310448031002,194.218564939692,40.88752013659177
lamf-test-62c9483c-2445-4359-99d9-4d8c66a14529,"{<resource_manager.instance.OnPremInstance object at 0x111c77770>: [(3, 38757.504, 43227.504), (2, 43227.504, None)]}",345.02192360533996,149349.19833346154,38757.504,21623.90006141751,2,14.419245652418628,38757.504,50180.41099999999,True,33.32051307390398,44.39980723230397,11.079294158399993
lamf-test-1f9296c3-4641-4962-ac2a-3bdd3909621e,"{<resource_manager.instance.OnPremInstance object at 0x111c77770>: [(2, 39387.504, None)]}",333.675220822951,149457.5324238256,39387.504,21624.90006141751,2,,39387.504,47829.15699999999,True,22.94837840235518,29.79624731595517,6.847868913599993
lamf-test-9673f22e-b964-4aa7-bb78-d1e21e110802,"{<resource_manager.instance.OnPremInstance object at 0x111c77770>: [(3, 39507.504, None)]}",52.254300807909324,35781.322462645665,39507.504,21626.69261861251,1,,39507.504,39522.903999999995,False,0.12297513118863707,,
lamf-test-5f1a507d-a26f-433c-85e6-51ac89f0d432,"{<resource_manager.instance.OnPremInstance object at 0x111c77770>: [(4, 39567.504, None)]}",64.02975273459877,35906.846361410135,39567.504,21631.07198081251,3,,39567.504,39582.903999999995,False,0.09369533804848537,,
lamf-test-b2a69e4a-f75e-4751-ad43-b2adf397fd45,"{<resource_manager.instance.OnPremInstance object at 0x111c77770>: [(5, 39867.504, 40377.504), (2, 40377.504, None)]}",99.34731245959347,52917.433752993195,39867.504,21638.53740430351,1,19.66917636322154,39867.504,45164.478,True,32.55800091261694,37.475474221416945,4.917473308800002
lamf-test-396956b2-43cb-496d-8f0c-0ee7a61c67dd,"{<resource_manager.instance.OnPremInstance object at 0x111c77770>: [(2, 39927.504, None), (2, 42327.504, None)]}",82.48316532935924,52870.00466146512,39927.504,21650.317470880513,1,12.959160392425279,39927.504,43602.998,True,26.733603163738675,30.74984462933867,4.016241465599998
lamf-test-2b83bd20-9a87-454f-8bc9-f6503da1f9d0,"{<resource_manager.instance.OnPremInstance object at 0x111c77770>: [(3, 39957.504, None), (1, 41697.504, None), (1, 43467.504, None)]}",93.14423892083788,52752.76322567907,39957.504,21657.87368272351,2,21.9063901398599,39957.504,48385.36898162152,True,50.73490445130747,65.69721463403592,14.962310182728439
lamf-test-33fae0e0-9739-4c13-8834-0589e7587a07,"{<resource_manager.instance.OnPremInstance object at 0x111c77770>: [(2, 39987.504, None)]}",87.86109604520695,52882.572652101095,39987.504,21659.090931649513,2,12.967100753754545,39987.504,46665.87999999999,True,18.15496319988598,23.572461811085972,5.417498611199991
lamf-test-e5f8465a-4435-4b7a-801a-354ef982dcda,"{<resource_manager.instance.OnPremInstance object at 0x111c77770>: [(3, 40167.504, 49119.648), (1, 49119.648, None), (2, 60039.648, None)]}",304.6031866584939,150001.19295826711,40167.504,22204.744245604514,1,102.21424595026238,40167.504,71959.78,True,200.120874287018,229.947411723818,29.826537436799995
lamf-test-fd51a7dd-bca8-4714-a851-595e00860b67,"{<resource_manager.instance.CloudReservedInstance object at 0x111c9e2c0>: [(2, 40227.504, None)], <resource_manager.instance.CloudOnDemandInstance object at 0x111e8d6d0>: [(1, 40227.504, None)], <resource_manager.instance.CloudReservedInstance object at 0x111e8d090>: [(1, 43947.504, None)]}",86.19568247701017,53486.354867449496,40227.504,22212.196296244514,3,49.10549547494105,40227.504,53501.75486744949,False,55.32037030614275,,
lamf-test-56707fec-34cd-4c0e-a454-d4551f611032,"{<resource_manager.instance.OnPremInstance object at 0x111c77770>: [(4, 40377.504, 45938.04), (1, 45938.04, None), (3, 49929.648, None)]}",312.7950515260771,150053.28628684508,40377.504,22235.681690419515,3,39.90227697923796,40377.504,53413.738,True,61.09987375465812,77.39287118185811,16.292997427199996
lamf-test-f14e2551-1aeb-4008-9226-cf172ac76d45,"{<resource_manager.instance.OnPremInstance object at 0x111c77770>: [(2, 40467.504, None)]}",113.07976716267329,53432.545944548954,40467.504,22240.016679919016,2,11.825343454681818,40467.504,48300.148,True,21.29280585247191,27.64664666527191,6.3538408128
lamf-test-3bd57c11-f664-4998-9d53-96c6dc4f87c4,"{<resource_manager.instance.OnPremInstance object at 0x111c77770>: [(4, 40647.504, None)]}",326.99178124993756,150258.90758066857,40647.504,22250.030779252516,1,212.29127812000914,40647.504,69122.053,True,301.0086174614039,347.2057257590039,46.197108297599996
lamf-test-43098e09-15cf-41fe-b455-41529b19decc,"{<resource_manager.instance.OnPremInstance object at 0x111c77770>: [(4, 40677.504, None)]}",67.69762432994189,36312.96592694484,40677.504,22257.648507820515,1,,40677.504,40692.903999999995,False,0.16279564985924336,,
lamf-test-79b31340-0554-44ef-87de-f4504dbdfc60,"{<resource_manager.instance.OnPremInstance object at 0x111c77770>: [(6, 40767.504, 43257.504), (1, 43257.504, None), (4, 52209.648, None)]}",304.54338810954675,150253.61152268967,40767.504,22803.331202332516,1,64.38963632215378,40767.504,55694.574,True,111.03553912845082,127.79362266285082,16.758083534399997
lamf-test-e846f77b-9785-4a57-980e-5e6be4c30da6,"{<resource_manager.instance.OnPremInstance object at 0x111c77770>: [(3, 41007.504, 44487.504), (2, 44487.504, None), (3, 59379.648, None)]}",318.0816768556553,150694.35337355186,41007.504,22807.381227079517,3,149.7061190965092,41007.504,73496.04026549148,True,168.53943163351948,213.48244636073622,44.94301472721672
lamf-test-1bfc2de0-7e2f-450e-9736-96acfe81a2a7,"{<resource_manager.instance.OnPremInstance object at 0x111c77770>: [(5, 41247.504, 41757.504), (2, 41757.504, None), (3, 44637.504, None)]}",88.34113338193856,54080.70305213562,41247.504,22808.646571792517,1,29.087383070955966,41247.504,47081.93400000001,True,54.979822039698945,63.30766207969896,8.327840040000016
lamf-test-ff8adf42-1018-4980-bdfd-c498e4f1b637,"{<resource_manager.instance.OnPremInstance object at 0x111c77770>: [(2, 41307.504, None)]}",50.99968955238831,36910.75807350503,41307.504,22815.825848791515,1,,41307.504,41322.903999999995,False,0.08315461251803077,,
lamf-test-9655ffad-b7de-4846-8625-1393b7fdfd45,"{<resource_manager.instance.OnPremInstance object at 0x111c77770>: [(3, 41337.504, 44337.504), (2, 44337.504, 49329.648), (1, 49329.648, None), (3, 65709.648, None)]}",323.69507710357215,150496.24773588494,41337.504,22820.969527000514,1,97.00374355464294,41337.504,71173.544,True,156.00999741425198,179.21837749745197,23.20838008319999
lamf-test-d1831f12-882c-4e14-bb62-b9776ced5649,"{<resource_manager.instance.OnPremInstance object at 0x111c77770>: [(3, 41607.504, None)]}",62.263052342770514,36951.48154608239,41607.504,22821.969527000514,3,,41607.504,41622.903999999995,False,0.07027150353636404,,
lamf-test-9c4c82a6-08d5-47bd-9589-83ce8af6f468,"{<resource_manager.instance.OnPremInstance object at 0x111c77770>: [(6, 41637.504, None)]}",291.9040113839834,150531.1101190632,41637.504,22824.281905913514,3,,41637.504,49821.883,True,74.6920282911248,94.6095330255248,19.917504734400005
lamf-test-0d7701be-3ce7-49c1-9391-e93bc28aface,"{<resource_manager.instance.OnPremInstance object at 0x111c77770>: [(2, 41667.504, None)]}",74.93798997685712,37002.71706484522,41667.504,22825.281905913514,3,,41667.504,41682.903999999995,False,0.046847669024242686,,
lamf-test-df81467a-4b45-4bf0-9c71-c38863eca94a,"{<resource_manager.instance.OnPremInstance object at 0x111c77770>: [(3, 41697.504, None), (2, 45057.504, None)]}",90.94794091988545,54031.96065440068,41697.504,22832.134636884515,2,10.838627604502593,41697.504,46640.071849266365,True,20.245809367144947,27.543704965457135,7.297895598312188
lamf-test-a691c5b1-12d1-40f2-af64-e72afc904125,"{<resource_manager.instance.OnPremInstance object at 0x111c77770>: [(5, 41757.504, None)]}",99.92248787916859,53985.611738619074,41757.504,22833.134636884515,3,,41757.504,45722.754,True,30.15628564909879,38.19781264909879,8.041526999999999
lamf-test-08f07093-2907-4ba0-a255-32c22f0fcc78,"{<resource_manager.instance.OnPremInstance object at 0x111c77770>: [(3, 42027.504, 45027.504), (1, 45027.504, None)]}",298.09142219625704,150525.3646907935,42027.504,22834.134636884515,3,13.689253935660505,42027.504,48018.111999999994,True,18.238053083884694,23.10144368868469,4.8633906047999975
lamf-test-2809816c-7bfc-46e3-bb73-0ce9925ea853,"{<resource_manager.instance.OnPremInstance object at 0x111c77770>: [(2, 42207.504, None)]}",50.90207279429441,37000.86850577846,42207.504,22837.085650907517,1,,42207.504,42222.903999999995,False,0.08315461251803077,,
lamf-test-327a626d-9865-47f8-8ba0-52996ec1940c,"{<resource_manager.instance.OnPremInstance object at 0x111c77770>: [(4, 42627.504, None)]}",74.39841740073138,36977.86434274653,42627.504,22838.553061985516,1,,42627.504,42642.903999999995,False,0.16279564985924336,,
lamf-test-44149545-c52b-4763-ae20-c3268c37dc6f,"{<resource_manager.instance.OnPremInstance object at 0x111c77770>: [(6, 42687.504, None)]}",109.24225266973586,53922.52307194052,42687.504,22846.465123580518,2,6.2234638017147095,42687.504,48322.043999999994,True,24.351635923134417,38.0638524671344,13.712216543999986
lamf-test-457a1c73-20e1-45f7-a144-19901295fb3b,"{<resource_manager.instance.OnPremInstance object at 0x111c77770>: [(4, 43257.504, None)]}",49.05334152829353,37010.67749559996,43257.504,22848.840135809518,1,,43257.504,43272.903999999995,False,0.16279564985924336,,
lamf-test-dd9abd19-48be-42ba-b1bc-fa915a5dcef1,"{<resource_manager.instance.OnPremInstance object at 0x111c77770>: [(4, 43287.504, 46889.112), (2, 46889.112, None), (2, 66249.648, None)]}",320.9475259671587,150528.55777909426,43287.504,22851.90720242652,2,92.82462739718503,43287.504,72254.905,True,98.39888769802029,129.69033227722028,31.291444579199997
lamf-test-6f2e770b-ffa0-4b22-be2e-700e1acc453c,"{<resource_manager.instance.OnPremInstance object at 0x111c77770>: [(6, 43347.504, 45357.504), (1, 45357.504, None)]}",314.03861715723247,150359.34796406992,43347.504,22852.90720242652,3,27.442610084417062,43347.504,58784.782999999996,True,38.76687048444747,49.104510846847475,10.337640362399998
lamf-test-32172143-1bae-4833-a5f0-e53bac6ac6d4,"{<resource_manager.instance.OnPremInstance object at 0x111c77770>: [(6, 43647.504, None)]}",101.07515126388836,54037.31412572936,43647.504,22853.90720242652,1,17.946611909650926,43647.504,47291.434209544976,True,57.365088856628624,66.23295741457727,8.86786855794865
lamf-test-3b06725f-04eb-4610-a2d8-34a69a9c127f,"{<resource_manager.instance.OnPremInstance object at 0x111c77770>: [(5, 44007.504, None), (1, 48009.648, None)]}",123.85755114021583,54617.9214094981,44007.504,23406.49211569352,3,30.43686972393338,44007.504,49759.667397065474,True,46.40784300310722,58.78303823980575,12.375195236698534
lamf-test-73802176-7b43-45cb-be2f-758b39305344,"{<resource_manager.instance.OnPremInstance object at 0x111c77770>: [(4, 44337.504, None)]}",57.80879755607951,37564.7615880644,44337.504,23407.49211569352,3,,44337.504,44352.903999999995,False,0.09369533804848537,,
lamf-test-bfb0cddb-1544-48a4-b06e-9eadc91468fd,"{<resource_manager.instance.OnPremInstance object at 0x111c77770>: [(6, 45357.504, None)]}",95.51732021748852,54693.585192852755,45357.504,23414.00191669402,2,9.776646734907029,45357.504,48863.74462863496,True,15.153445578063256,23.68623277190929,8.532787193846033
lamf-test-3e227187-9182-4a9b-bf09-75d5b5a39b59,"{<resource_manager.instance.CloudReservedInstance object at 0x111e8d090>: [(1, 45387.504, None)], <resource_manager.instance.CloudOnDemandInstance object at 0x111e8d6d0>: [(1, 45387.504, None)], <resource_manager.instance.CloudReservedInstance object at 0x111e984d0>: [(3, 64029.648, 88479.648), (2, 99849.648, None)], <resource_manager.instance.CloudReservedInstance object at 0x111e8d310>: [(1, 105549.648, None)]}",320.9833484047092,151203.34975654556,45387.504,23415.00191669402,2,262.26177359876004,45387.504,128441.83643627676,True,423.0484409313569,666.6707254491494,243.62228451779248
lamf-test-0fdcad07-bf2d-4d92-8354-0c4ee7d909cf,"{<resource_manager.instance.CloudOnDemandInstance object at 0x111c9e3f0>: [(6, 45507.504, None)]}",57.46774388158159,37523.915426298336,45507.504,23427.875865153517,1,,45908.04,45923.439999999995,False,6.547931553730232,,
lamf-test-f86b8860-b2ed-456c-9f30-6f6a9139ebf4,"{<resource_manager.instance.OnPremInstance object at 0x111c77770>: [(5, 45938.04, 50409.648), (2, 50409.648, None), (1, 63819.648, None), (3, 65829.648, None)]}",305.1378797801942,151523.8765262353,45938.04,23438.00791967752,3,129.14752452657996,45938.04,72971.96199999998,True,149.15495322838223,188.92886960278219,39.77391637439996
lamf-test-a37f5b70-4c4f-44b3-a817-99539c326610,"{<resource_manager.instance.CloudReservedInstance object at 0x111e984d0>: [(1, 45968.04, None)], <resource_manager.instance.CloudReservedInstance object at 0x111e8d310>: [(1, 45968.04, None)], <resource_manager.instance.CloudOnDemandInstance object at 0x111c9e780>: [(2, 45968.04, None)]}",57.694188998700625,37526.71354790911,45968.04,23440.01284676452,3,,45968.04,45983.439999999995,False,0.0819834207924247,,
lamf-test-a0961e5f-36f8-49a0-be25-041d077e1525,"{<resource_manager.instance.CloudOnDemandInstance object at 0x111e8d6d0>: [(1, 45998.04, None)], <resource_manager.instance.CloudOnDemandInstance object at 0x111c9e3f0>: [(1, 45998.04, None)], <resource_manager.instance.CloudReservedInstance object at 0x111e984d0>: [(1, 87579.648, None)], <resource_manager.instance.CloudReservedInstance object at 0x111e8d310>: [(2, 87579.648, None)]}",302.7913218356865,151181.46624267477,45998.04,23441.01284676452,2,199.794666141061,46398.576,106118.01309858677,True,288.26439921282326,445.9092052913345,157.64480607851124
lamf-test-e9e3c180-3644-4ec5-bd7f-fb857cf9758f,"{<resource_manager.instance.CloudReservedInstance object at 0x111e984d0>: [(1, 46428.576, None)], <resource_manager.instance.CloudReservedInstance object at 0x111e8d310>: [(1, 46428.576, None)], <resource_manager.instance.CloudOnDemandInstance object at 0x111c9e780>: [(2, 46428.576, None)], <resource_manager.instance.CloudOnDemandInstance object at 0x111c9e3f0>: [(1, 46428.576, None)]}",277.1468078662494,151194.4756200705,46428.576,23443.07262861752,1,,46428.576,72007.9822924678,True,320.98273923927195,506.3055378282012,185.32279858892923
lamf-test-9329565e-0cc9-410e-9937-6b7537e158ae,"{<resource_manager.instance.CloudOnDemandInstance object at 0x111c9e3f0>: [(6, 46458.576, None)]}",289.93639360238836,151059.46855270318,46458.576,23445.24836013452,1,1212.67259137577,46859.112,151074.8685527032,False,1646.9368437454987,,
lamf-test-f542227f-df52-4f0c-ae96-9700636101a5,"{<resource_manager.instance.OnPremInstance object at 0x111c77770>: [(6, 46889.112, None)]}",98.85116440229747,54631.0669783638,46889.112,23450.57772521252,3,34.045503080082135,46889.112,52193.45,True,48.40828656171568,61.316923518515665,12.908636956799992
lamf-test-9aa73522-f6c8-49a8-a56a-28cd17720766,"{<resource_manager.instance.OnPremInstance object at 0x111c77770>: [(6, 47129.112, None)]}",99.02000673984057,54691.18932643712,47129.112,23453.447765815017,1,25.196665297741273,47129.112,49885.26,True,43.38905133470227,50.09641310750228,6.707361772800003
lamf-test-20435df7-63e4-419e-8d22-d33076e8dcf2,"{<resource_manager.instance.OnPremInstance object at 0x111c77770>: [(2, 47159.112, None), (1, 55329.648, None)]}",307.8323914198774,151191.65648718592,47159.112,23463.47139646952,2,22.21135503651544,47159.112,62781.79099999999,True,57.59045017819243,73.28615658379242,15.695706405599987
lamf-test-79eb9a19-2e44-423f-814a-791df0f7734e,"{<resource_manager.instance.CloudOnDemandInstance object at 0x111c9e3f0>: [(2, 47189.112, None)], <resource_manager.instance.CloudReservedInstance object at 0x111c77cb0>: [(1, 51819.648, None)]}",110.61449386789155,55109.79482541815,47189.112,24014.256026791518,3,22.725792075442996,47589.648,55125.19482541814,False,27.493898447712176,,
lamf-test-7f97cbae-fe7b-4dba-87f8-0ca2882583a5,"{<resource_manager.instance.OnPremInstance object at 0x111c77770>: [(4, 47619.648, None), (2, 49209.648, None)]}",101.33638951109616,55134.17671363577,47619.648,24020.43962921852,2,27.544394228930777,47619.648,54585.36989211996,True,39.98401945963941,55.64599225630255,15.661972796663136
lamf-test-6c201a0a-e193-4746-b7c6-ff82b4d5eeef,"{<resource_manager.instance.CloudReservedInstance object at 0x111e984d0>: [(1, 47649.648, None)], <resource_manager.instance.CloudReservedInstance object at 0x111e8d090>: [(4, 47649.648, None)], <resource_manager.instance.CloudOnDemandInstance object at 0x111c9e3f0>: [(1, 47649.648, 64419.648)]}",319.4947582934635,151866.35291442534,47649.648,24021.43962921852,2,106.47297096909259,47649.648,64428.87754781099,False,106.51284241187162,,
lamf-test-4b6bc7a8-825f-4ed7-a11d-b9402493f256,"{<resource_manager.instance.OnPremInstance object at 0x111c77770>: [(2, 47679.648, None)]}",315.0940754980354,151700.50931495967,47679.648,24022.87780310052,2,17.615684042836364,47679.648,64762.554,True,46.43936336874591,60.2970167159459,13.857653347199996
lamf-test-0c64519c-480b-40a3-83cb-e32930215173,"{<resource_manager.instance.OnPremInstance object at 0x111c77770>: [(4, 47889.648, 51879.648), (2, 51879.648, None), (4, 65289.648, None)]}",305.2027703895845,151688.89216488114,47889.648,24027.97297309152,3,183.07095596623316,47889.648,81407.786,True,212.16644307551894,268.7431117123189,56.57666863679998
lamf-test-545db71e-0ac4-4fd9-bae7-0ae698ee188a,"{<resource_manager.instance.OnPremInstance object at 0x111c77770>: [(5, 48429.648, 52419.648), (2, 52419.648, None)]}",303.0498265026395,151862.94215270918,48429.648,24030.60924467652,2,15.967175015950351,48429.648,56896.301,True,28.136820821107065,39.86000173470706,11.723180913599997
lamf-test-4f1fe545-8677-4a84-8abf-5cf06961f85c,"{<resource_manager.instance.OnPremInstance object at 0x111c77770>: [(6, 48489.648, 50499.648), (2, 50499.648, None), (4, 59439.648, None)]}",310.3840944895742,151609.7303423797,48489.648,24041.65129634352,2,32.99003787491769,48489.648,62431.299999999996,True,52.01883222990628,71.44298053710627,19.424148307199985
lamf-test-6e9b564f-bd08-4a74-adb5-0f54b0e3a954,"{<resource_manager.instance.OnPremInstance object at 0x111c77770>: [(2, 48519.648, None), (1, 52809.648, None)]}",95.10170299612852,55224.07060898183,48519.648,24043.10953888452,2,17.786518275043846,48519.648,55239.47060898182,False,23.19783318510426,,
lamf-test-cf5ee26c-33df-418f-9253-bf22cfb1db3e,"{<resource_manager.instance.OnPremInstance object at 0x111c77770>: [(3, 48909.648, None), (1, 50499.648, None)]}",86.78911405093122,55130.646692486014,48909.648,24044.10953888452,3,7.255304585900068,48909.648,51303.418,True,12.145531979618202,15.384280427618197,3.238748447999995
lamf-test-20bd965c-e3af-463e-ad6b-f7ce4b078baa,"{<resource_manager.instance.OnPremInstance object at 0x111c77770>: [(5, 48969.648, None)]}",49.20241958092055,38240.880715146915,48969.648,24045.42907937452,2,,48969.648,48985.047999999995,False,0.06162769304399561,,
lamf-test-d80357f1-4d3d-475b-a1da-53fbb3ddaa84,"{<resource_manager.instance.OnPremInstance object at 0x111c77770>: [(6, 49029.648, 54009.648), (1, 54009.648, None), (5, 63939.648, None)]}",308.2995677163823,151853.0622800079,49029.648,24050.882954592522,1,106.34040611453342,49029.648,71392.55299999999,True,225.36923340177935,259.6535590097793,34.28432560799996
lamf-test-0b008ed2-19e2-4099-a5b7-5ad49013ab38,"{<resource_manager.instance.OnPremInstance object at 0x111c77770>: [(6, 49809.648, None)]}",98.70843455961634,55331.11798367699,49809.648,24057.09319994452,3,32.03285420944558,49809.648,54469.731999999996,True,42.52871549167232,53.86949591407231,11.34078042239999
lamf-test-e31740c1-403e-4c71-8a7f-0330adf6a272,"{<resource_manager.instance.OnPremInstance object at 0x111c77770>: [(5, 49869.648, None)]}",51.6673689623557,38139.79180045097,49869.648,24060.88330875052,1,,49869.648,49885.047999999995,False,0.20261616852984965,,
lamf-test-ff97215d-d288-4a40-9a08-b29190e7eee1,"{<resource_manager.instance.OnPremInstance object at 0x111c77770>: [(4, 49929.648, None)]}",50.90199713640601,38118.972107151436,49929.648,24066.70763307052,1,,49929.648,49945.047999999995,False,0.16279564985924336,,
lamf-test-0b722e5a-870b-4bb2-acf4-7c5f987aee07,"{<resource_manager.instance.OnPremInstance object at 0x111c77770>: [(4, 49989.648, None)]}",60.84882595404457,38204.478407957955,49989.648,24067.70763307052,3,,49989.648,50005.047999999995,False,0.09369533804848537,,
lamf-test-86bee4c0-8211-4364-b2b2-315ff254f448,"{<resource_manager.instance.OnPremInstance object at 0x111c77770>: [(4, 50049.648, None)]}",60.879551145103115,38762.347305881136,50049.648,24610.11400749752,1,,50049.648,50065.047999999995,False,0.16279564985924336,,
lamf-test-1fb51fa6-4d43-412b-9a86-c51ec772c644,"{<resource_manager.instance.OnPremInstance object at 0x111c77770>: [(5, 50109.648, None)]}",79.83864331738259,39004.78635722734,50109.648,24611.11400749752,3,,50109.648,50125.047999999995,False,0.11711917256060674,,
lamf-test-ea68f53d-4ebe-4fb8-83dd-aa5b6c6a2310,"{<resource_manager.instance.OnPremInstance object at 0x111c77770>: [(4, 50169.648, None), (1, 51909.648, None), (1, 54789.648, None)]}",110.2774483129196,55850.42704042938,50169.648,24612.11400749752,3,32.4891626739676,50169.648,55277.22513235516,True,36.93887412598823,46.78905783528774,9.850183709299516
lamf-test-ed127e72-be6f-436a-8fe9-27a8ad06a858,"{<resource_manager.instance.OnPremInstance object at 0x111c77770>: [(6, 50229.648, 59169.648), (1, 59169.648, None), (1, 69309.648, None)]}",328.19458272409565,152529.79759240782,50229.648,24614.05323295552,3,97.01117955738079,50229.648,73783.371,True,110.62049737622631,140.1187494738263,29.4982520976
lamf-test-6250b41b-6866-44ee-9930-467c8f1f7d45,"{<resource_manager.instance.OnPremInstance object at 0x111c77770>: [(6, 50349.648, None)]}",92.1601820634213,55836.489186134764,50349.648,24616.57960969552,3,24.09308692676249,50349.648,53996.772,True,33.28427104722789,42.15991201362788,8.875640966399992
lamf-test-4c84a4d8-5052-4c6f-afd2-7c5df767217c,"{<resource_manager.instance.OnPremInstance object at 0x111c77770>: [(6, 50499.648, None)]}",71.28909006291121,38715.3134939209,50499.648,24617.78352150652,1,,50499.648,50515.047999999995,False,0.24243668720045594,,
lamf-test-e1378e61-db93-479c-b4b7-359d51f2c742,"{<resource_manager.instance.OnPremInstance object at 0x111c77770>: [(6, 50529.648, None)]}",52.48076757861521,38881.10959400347,50529.648,24618.78352150652,1,,50529.648,50545.047999999995,False,0.24243668720045594,,
lamf-test-56573715-8535-4ef6-86b5-dcb681b21f75,"{<resource_manager.instance.OnPremInstance object at 0x111c77770>: [(2, 50589.648, None), (2, 62229.648, None), (2, 64239.648, None)]}",309.32301155717374,152646.70365937494,50589.648,24623.033951039022,2,95.41828856536364,50589.648,72414.12511714986,True,109.23744296977479,141.8342424820707,32.59679951229589
lamf-test-a8f2c75b-6fbc-476d-891d-92f88bfed8de,"{<resource_manager.instance.OnPremInstance object at 0x111c77770>: [(6, 50709.648, None)]}",60.82789615796186,38867.06893359948,50709.648,24624.35010017902,2,,50709.648,50725.047999999995,False,0.06655648787942382,,
lamf-test-7c4919b0-6563-4e4b-a109-6e7eddf9dab2,"{<resource_manager.instance.OnPremInstance object at 0x111c77770>: [(4, 50769.648, 53769.648), (2, 53769.648, None), (3, 65679.648, None)]}",284.9077105670405,152361.98063617563,50769.648,24628.37703763102,3,101.48300250969655,50769.648,78574.91735398863,True,152.5535733058683,193.23377155575724,40.68019824988893
lamf-test-2b8a61cc-a82b-4153-b888-886b130ebdcb,"{<resource_manager.instance.OnPremInstance object at 0x111c77770>: [(6, 50949.648, 58899.648), (1, 58899.648, None), (4, 63879.648, None)]}",288.0380279745152,152657.01081636437,50949.648,24631.81136840302,1,139.16723705224732,50949.648,65879.41799999999,True,165.93425507643155,191.35679663643154,25.422541559999978
lamf-test-ecb2683b-9e41-48ec-91a2-6a6d38c45b39,"{<resource_manager.instance.OnPremInstance object at 0x111c77770>: [(2, 50979.648, None), (3, 64089.648, None), (1, 67569.648, None)]}",329.9077900544537,152591.37334569934,50979.648,24632.81136840302,3,105.77230207620352,50979.648,77044.78499999997,True,152.818955053616,193.56992045681594,40.750965403199935
lamf-test-69f3610c-edfc-431a-ac62-c6c3e7603585,"{<resource_manager.instance.OnPremInstance object at 0x111c77770>: [(5, 51489.648, None), (1, 54669.648, None)]}",101.55343618416583,55859.70178092462,51489.648,24633.81136840302,1,41.83892311202373,51489.648,55875.10178092461,False,61.09097984593263,,
lamf-test-db07f320-f70e-4581-b141-d95e0791351c,"{<resource_manager.instance.OnPremInstance object at 0x111c77770>: [(4, 51879.648, None)]}",67.5503798079176,38684.82828053465,51879.648,24635.722776055023,2,,51879.648,51895.047999999995,False,0.05608928259914327,,
lamf-test-f73d4880-234f-4ef4-b427-8c893deb0ab7,"{<resource_manager.instance.OnPremInstance object at 0x111c77770>: [(5, 52209.648, 55209.648), (1, 55209.648, None), (1, 59199.648, None)]}",289.55899307824876,152199.06333556783,52209.648,24646.625863642024,2,20.10125017021444,52209.648,72589.017,True,74.43628556244595,93.00008569524596,18.563800132800004
lamf-test-870691de-e40a-44a6-b524-758dc9ee2699,"{<resource_manager.instance.OnPremInstance object at 0x111c77770>: [(6, 53529.648, 58509.648), (1, 58509.648, None)]}",318.593861795503,152157.2887382394,53529.648,24649.196440558026,3,45.448323066392874,53529.648,62986.719,True,52.2580743782797,66.1933023758797,13.9352279976
lamf-test-787e33de-2c34-4cf0-bd9d-1f6b1a5da962,"{<resource_manager.instance.CloudReservedInstance object at 0x111e8d090>: [(1, 53589.648, None)], <resource_manager.instance.CloudReservedInstance object at 0x111c9e2c0>: [(2, 53589.648, None), (1, 55689.648, None)], <resource_manager.instance.CloudOnDemandInstance object at 0x111e8d6d0>: [(1, 55689.648, None)]}",98.72547788684845,56044.300796706506,53589.648,24650.196440558026,1,13.62841280705757,53589.648,56059.7007967065,False,17.63410510795942,,
lamf-test-95b7467a-1a49-4273-9a59-d080cf448191,"{<resource_manager.instance.OnPremInstance object at 0x111c77770>: [(6, 54009.648, 59019.648), (1, 59019.648, None)]}",303.1008089718593,152341.88371298715,54009.648,24651.196440558026,1,78.870636550308,54009.648,69930.96054057982,True,109.57400289006414,126.19196725652331,16.617964366459177
lamf-test-4b6ef0de-0d6b-4c17-a583-0b04e2222603,"{<resource_manager.instance.OnPremInstance object at 0x111c77770>: [(6, 54039.648, None)]}",304.5800255914627,152612.376876434,54039.648,24654.909777915025,2,,54039.648,65955.46399999999,True,51.49836773881452,80.4966975564145,28.99832981759998
lamf-test-dfcd1cfc-af92-4194-9a51-c980d70402e7,"{<resource_manager.instance.OnPremInstance object at 0x111c77770>: [(5, 54489.648, None)]}",104.89919658381315,55802.21794481034,54489.648,24657.104363607024,2,4.80215789953394,54489.648,55894.716,False,5.622798662985293,,
lamf-test-3caf5282-95cc-4847-bdc6-12864fd51ff6,"{<resource_manager.instance.CloudReservedInstance object at 0x111c9e2c0>: [(1, 54519.648, None)], <resource_manager.instance.CloudOnDemandInstance object at 0x111e8d6d0>: [(1, 54519.648, None)]}",88.21646259362132,55632.66898124397,54519.648,24660.813109794024,1,,54519.648,55648.06898124397,False,4.891626430215686,,
lamf-test-76f31f64-e074-4b6a-9579-e22c37b55e69,"{<resource_manager.instance.OnPremInstance object at 0x111c77770>: [(5, 54609.648, None)]}",57.885218243385175,38909.49908796128,54609.648,24664.173790221023,3,,54609.648,54625.047999999995,False,0.11711917256060674,,
lamf-test-9e038649-678e-4ec1-8038-665a8a0ccdab,"{<resource_manager.instance.OnPremInstance object at 0x111c77770>: [(6, 54669.648, 59349.648), (1, 59349.648, None), (4, 63849.648, None)]}",305.1144082584737,152406.640056102,54669.648,24669.41745761402,1,208.81131644992013,54669.648,75704.56299999998,True,245.01673435242196,282.27294997242194,37.256215619999956
lamf-test-816ecb3f-0729-4858-99cd-1237c929b94a,"{<resource_manager.instance.OnPremInstance object at 0x111c77770>: [(6, 54789.648, 58779.648), (1, 58779.648, None)]}",325.447174391888,152867.76232795848,54789.648,25236.21383949002,1,62.813141683778234,54789.648,66722.764,True,85.16429325423985,98.09608510383985,12.9317918496
lamf-test-9dd25f94-b2d8-4857-adb4-87c377066854,"{<resource_manager.instance.OnPremInstance object at 0x111c77770>: [(3, 54819.648, 58299.648), (2, 58299.648, None), (3, 71709.648, None)]}",304.2337725718405,153886.72507900873,54819.648,25824.59644299902,2,47.68040092505691,54819.648,73213.18100000001,True,56.617779643882656,74.77960056788268,18.161820924000022
lamf-test-5d4708b4-be70-4e57-95c0-9df21e198378,"{<resource_manager.instance.OnPremInstance object at 0x111c77770>: [(5, 55209.648, None)]}",119.73047030526563,57057.44542994967,55209.648,25845.51541026002,1,8.683550079853982,55209.648,57072.845429949666,False,24.513891199429008,,
lamf-test-fe21cf99-74f2-4c6e-92c0-836166b37c9b,"{<resource_manager.instance.CloudReservedInstance object at 0x111c77cb0>: [(1, 55239.648, None)], <resource_manager.instance.CloudOnDemandInstance object at 0x111c9e3f0>: [(2, 55239.648, 74919.648), (1, 74919.648, None)]}",306.6266107573227,153659.4058241107,55239.648,25850.34492651002,3,79.82356072705149,55239.648,74928.35512841326,False,79.84563370703286,,
lamf-test-af303474-9c6d-4cd6-af46-9ee1b2d1d0c4,"{<resource_manager.instance.OnPremInstance object at 0x111c77770>: [(6, 55329.648, None)]}",83.47238892971743,57042.52560192485,55329.648,25855.58595602102,3,13.141683778234086,55329.648,57057.92560192484,False,15.772553976042355,,
lamf-test-48887eaf-7764-41b1-8a24-eb297e7a4537,"{<resource_manager.instance.OnPremInstance object at 0x111c77770>: [(6, 55809.648, None)]}",92.60848910013964,57568.67612482448,55809.648,26428.42802907552,1,17.946611909650926,55809.648,57584.076124824474,False,27.934186769995133,,
lamf-test-70da499d-f492-45a5-857f-ba98849424d5,"{<resource_manager.instance.OnPremInstance object at 0x111c77770>: [(4, 55929.648, None)]}",105.64492540905647,57526.764481109145,55929.648,26432.64746704502,3,,55929.648,57542.16448110914,False,9.81073226015142,,
lamf-test-41153241-bf67-4ba2-bd57-821911347a85,"{<resource_manager.instance.OnPremInstance object at 0x111c77770>: [(3, 55959.648, None)]}",99.23133172494114,57584.406470425805,55959.648,26436.32542260602,3,3.6960985626283365,55959.648,57599.8064704258,False,7.4841819321277585,,
lamf-test-6557112d-0dd1-4a4f-956a-4810ab29fb87,"{<resource_manager.instance.OnPremInstance object at 0x111c77770>: [(5, 55989.648, 57489.648), (1, 57489.648, None), (1, 72369.648, None), (2, 76359.648, None), (1, 79839.648, None)]}",284.1643475390076,153724.8865674479,55989.648,26437.32542260602,3,101.34610997033995,55989.648,87174.57330974007,True,123.13427112130249,155.96946764945534,32.83519652815285
lamf-test-9c88980c-fc13-42ba-ae80-9214e850b23c,"{<resource_manager.instance.CloudReservedInstance object at 0x111e8d090>: [(1, 56109.648, None)], <resource_manager.instance.CloudReservedInstance object at 0x111c9e2c0>: [(2, 56109.648, None)]}",56.88278421553064,40488.66411260569,56109.648,26439.05217662502,2,,56109.648,56125.047999999995,False,0.06151908814204646,,
lamf-test-599db447-ffc5-4f67-bbdb-15246291d10d,"{<resource_manager.instance.CloudReservedInstance object at 0x111e8d090>: [(1, 56169.648, None)], <resource_manager.instance.CloudReservedInstance object at 0x111c9e2c0>: [(3, 56169.648, None)]}",58.09494942769889,40348.86631995935,56169.648,26446.783543759022,3,,56169.648,56185.047999999995,False,0.07807944837373781,,
lamf-test-67a1a99a-4314-4946-83c9-ed2acd2c23fe,"{<resource_manager.instance.CloudReservedInstance object at 0x111e8d090>: [(1, 56229.648, None)], <resource_manager.instance.CloudReservedInstance object at 0x111c9e2c0>: [(1, 56229.648, None)]}",104.56386159081104,57662.361307691805,56229.648,26452.22746477002,2,,56229.648,57677.7613076918,False,4.78646726353155,,
lamf-test-1bd3ea85-4b86-41d6-88ae-4d09629a5e9f,"{<resource_manager.instance.OnPremInstance object at 0x111c77770>: [(5, 57069.648, None)]}",91.30297666017438,57601.69246927377,57069.648,26459.97413933802,2,,57069.648,57617.09246927376,False,2.190762318899292,,
lamf-test-04e82c6f-21eb-4e35-8244-b06d0737db1d,"{<resource_manager.instance.OnPremInstance object at 0x111c77770>: [(5, 57129.648, None)]}",95.5159501731966,57900.285863880395,57129.648,26467.04049592602,2,,57129.648,57915.68586388039,False,3.1455649478049934,,
lamf-test-227b9038-f251-4152-94eb-43a9fb1d09b6,"{<resource_manager.instance.OnPremInstance object at 0x111c77770>: [(5, 57489.648, None)]}",66.25196628808428,41249.17230011096,57489.648,27020.540347675018,2,,57489.648,57505.047999999995,False,0.06162769304399561,,
lamf-test-b20c0974-09ea-4c80-b141-7811b8b20475,"{<resource_manager.instance.CloudReservedInstance object at 0x111c9e2c0>: [(2, 57519.648, None)]}",96.38631983638818,58129.4804525207,57519.648,27033.53089068402,1,,57519.648,58144.880452520694,False,3.3760365144854525,,
lamf-test-ab19fe1e-973b-44c8-a2b5-9c88f8dd630c,"{<resource_manager.instance.OnPremInstance object at 0x111c77770>: [(5, 57549.648, 60039.648), (1, 60039.648, None), (3, 66009.648, None), (1, 70989.648, None)]}",310.22675767562004,154867.88584975657,57549.648,27052.77372449802,3,58.31622176591375,57549.648,73484.836,True,77.29247851547642,97.90342377947641,20.610945263999987
lamf-test-38119ffa-10d5-4f96-9e4f-d7aa2d684f4c,"{<resource_manager.instance.OnPremInstance object at 0x111c77770>: [(5, 57609.648, 62079.648), (2, 62079.648, None), (3, 73509.648, None)]}",315.0920376046709,154910.30283777122,57609.648,27054.61471485702,2,48.96014752910029,57609.648,76005.881,True,63.79838499474311,87.1979215187431,23.399536523999984
lamf-test-0edb2b7d-ea79-4551-a1d6-40e8f4f75204,"{<resource_manager.instance.OnPremInstance object at 0x111c77770>: [(2, 57669.648, None)]}",49.09599477194767,41053.464669625246,57669.648,27061.05372796902,3,,57669.648,57685.047999999995,False,0.046847669024242686,,
lamf-test-fb5bb86a-097c-4cce-b52f-faf7de14091c,"{<resource_manager.instance.OnPremInstance object at 0x111c77770>: [(5, 57729.648, 59739.648), (2, 59739.648, None)]}",310.7135837098068,154864.84011504424,57729.648,27068.038384150022,2,21.581593885010257,57729.648,71866.3,True,41.009551230088135,54.92297133248813,13.9134201024
lamf-test-ffa00229-4854-4a3b-9050-ac62a552280b,"{<resource_manager.instance.OnPremInstance object at 0x111c77770>: [(2, 57789.648, None), (1, 66459.648, None), (1, 72159.648, None)]}",328.09484391630104,157272.28615484893,57789.648,29430.66373480252,3,82.68309377138945,57789.648,80322.74399999999,True,102.04940908053838,129.26208003093836,27.212670950399986
lamf-test-404b381d-5a0f-4cbc-ae4f-02ebbbeb7a4d,"{<resource_manager.instance.OnPremInstance object at 0x111c77770>: [(6, 57909.648, None)]}",54.32250531179826,50266.971845420616,57909.648,36053.87839924002,1,,57909.648,57925.047999999995,False,0.24243668720045594,,
