,instances,budget,deadline,sched_start_time,submit_time,software_id,current_license_cost,exec_start_time,finish_time,complete,license_cost,cost,hardware_cost
lamf-test-ce4837ee-c9b5-4728-816b-793fbe63012e,"{<resource_manager.instance.OnPremInstance object at 0x11f13f770>: [(5, 30, 390), (2, 390, None), (8, 3840, None)]}",64.81020493737797,14109.368596154949,30,1.0,1,57.310061601642715,30,6016.852000000001,True,80.64649722412352,93.00452893612352,12.358031712000002
lamf-test-fdbe52b3-5ac4-4817-bbd7-3ee39ada2008,"{<resource_manager.instance.OnPremInstance object at 0x11f13f770>: [(3, 1200, 4680), (1, 4680, None), (11, 11640, 13011.072), (1, 13011.072, None)]}",309.54978900857253,128664.2350853831,1200,1178.997416302,1,90.54253616244583,1200,37526.024999999994,True,228.50789641797854,262.12514792997854,33.617251511999996
lamf-test-312a25ed-966e-4a84-89af-21712bfc7175,"{<resource_manager.instance.OnPremInstance object at 0x11f13f770>: [(4, 6570, 11040), (1, 11040, None)]}",330.5774711754339,133925.8947259408,6570,6567.939663898,1,47.25302304357746,6570,27401.878,True,93.29374750931629,107.18225322611629,13.888505716800001
lamf-test-6d60a076-8aec-42f5-ae5c-3923b3793c72,"{<resource_manager.instance.OnPremInstance object at 0x11f13f770>: [(5, 6630, 18915.36), (1, 18915.36, None)]}",295.26855467250385,134221.1249969732,6630,6601.456260999999,1,189.6134008669861,6630,40762.09339823721,True,223.11175113961343,256.8874962859384,33.77574514632501
lamf-test-f42e0220-9054-4dba-814a-9d6b93e25e15,"{<resource_manager.instance.OnPremInstance object at 0x11f13f770>: [(2, 6660, 9660), (1, 9660, None)]}",293.5168981771201,134393.04469133622,6660,6606.2009006769995,3,47.621227469769565,6660,44889.59299999999,True,62.7113742489923,79.4340971697923,16.722722920799995
lamf-test-c2212f64-c788-46d9-9572-57170e08d2ac,"{<resource_manager.instance.OnPremInstance object at 0x11f13f770>: [(4, 6690, None), (6, 7950, None)]}",57.825321252479114,20770.225084944046,6690,6607.481814571,3,7.665982203969882,6690,8243.835000000001,True,12.13529545973079,15.371314219730793,3.236018760000004
lamf-test-0aa73555-99c3-40be-a09f-6bf3df006265,"{<resource_manager.instance.OnPremInstance object at 0x11f13f770>: [(6, 7200, None)]}",310.4901833144852,135021.74406938397,7200,7170.326014402,3,,7200,23085.188000000002,True,144.97091489847136,183.62910841527136,38.658193516800004
lamf-test-761a035c-9b31-431d-b128-35fe1a248496,"{<resource_manager.instance.OnPremInstance object at 0x11f13f770>: [(4, 7230, 20355.36), (2, 20355.36, None), (6, 29307.504, None)]}",281.9460745575701,135136.02641676462,7230,7174.751985571,1,252.64098197581563,7230,35256.920426889905,True,312.87284437412677,360.73407407289915,47.86122969877236
lamf-test-c947c209-c0e1-414b-aa78-1430406df6ae,"{<resource_manager.instance.OnPremInstance object at 0x11f13f770>: [(2, 7770, 8430), (1, 8430, None), (3, 10830, None), (8, 11250, None)]}",91.00759406898061,38806.249275453636,7770,7761.432776199999,3,8.213552361396303,7770,13015.742,True,40.44247319187771,51.22693265427771,10.784459462400001
lamf-test-1b5247ff-56d3-4066-aafc-ee4137f1169c,"{<resource_manager.instance.OnPremInstance object at 0x11f13f770>: [(3, 7800, 8760), (2, 8760, None), (10, 13041.072, None)]}",98.97570184637311,39135.23933841976,7800,7778.425845198999,3,66.00396075747206,7800,16301.481365149955,True,76.91391950992389,97.42391757838175,20.50999806845786
lamf-test-a35e3102-219f-4336-95ce-4d87e6b5e69c,"{<resource_manager.instance.OnPremInstance object at 0x11f13f770>: [(6, 7830, 9120), (1, 9120, None), (5, 10560, 11220)]}",88.24903114605627,39007.89843781473,7830,7799.475662265999,3,19.986310746064337,7830,19015.282,True,31.84315461251806,40.33450499171806,8.4913503792
lamf-test-8d2ae00d-f906-47ac-81a5-138a54772bef,"{<resource_manager.instance.OnPremInstance object at 0x11f13f770>: [(2, 8400, 10410), (1, 10410, None), (3, 59783.4, None)]}",310.3508838593914,136179.26717332946,8400,8370.731239167999,3,81.21286789869951,8400,60888.723,True,87.93777777777774,111.38741685297774,23.449639075199993
lamf-test-b41bc5e6-51fb-4710-b8ea-caebbe600cb8,"{<resource_manager.instance.OnPremInstance object at 0x11f13f770>: [(6, 8430, 10440), (2, 10440, None)]}",308.5846884800438,136476.26387409613,8430,8376.050117964998,2,8.686918223226783,8430,15913.935,True,23.567644987273614,32.899637059273616,9.331992072
lamf-test-8a5bf643-d5be-430a-ac2f-d8a1f25fa6d3,"{<resource_manager.instance.OnPremInstance object at 0x11f13f770>: [(3, 8460, 10470), (1, 10470, None)]}",322.3613792231315,136096.67679119334,8460,8389.517927382998,2,6.483821870550658,8460,40424.176,True,67.26193669825952,81.85711848385952,14.595181785600001
lamf-test-cbef53e7-aa65-412f-b9a4-02aefd0bda1b,"{<resource_manager.instance.OnPremInstance object at 0x11f13f770>: [(2, 8490, 11610), (6, 10710, 11610), (1, 11610, None), (11, 13041.072, None)]}",89.7921856815224,39639.246955168266,8490,8390.517927382998,1,35.042182979694275,8490,14602.527969804285,True,84.20506772370325,97.10661302313467,12.901545299431415
lamf-test-decf70b3-3bab-4cf4-b55a-9508b27560e7,"{<resource_manager.instance.OnPremInstance object at 0x11f13f770>: [(3, 8520, 12000), (2, 12000, None), (4, 19455.36, None)]}",317.6420201174764,135976.69621064264,8520,8407.632054250998,2,46.825422084891656,8520,27540.089,True,82.91686979589412,112.87411832229411,29.957248526399997
lamf-test-1faee22d-4d95-436a-a021-6148365dd51b,"{<resource_manager.instance.OnPremInstance object at 0x11f13f770>: [(2, 9000, None)]}",300.8642397517245,136391.1607726851,9000,8975.724415783998,3,80.09301391740816,9000,43267.921,True,104.24494942581184,132.04308694101184,27.7981375152
lamf-test-585c2356-1279-476b-b41a-cbdb8ebd0ee3,"{<resource_manager.instance.OnPremInstance object at 0x11f13f770>: [(4, 9030, 11520), (1, 11520, None), (3, 21445.896, None)]}",290.6639501784463,136553.68361245093,9030,8979.797884069998,2,40.77240337529362,9030,29330.950999999997,True,70.6435188187152,91.50195146831518,20.858432649599997
lamf-test-17aa2292-304e-4763-ab73-533f31d66f3d,"{<resource_manager.instance.OnPremInstance object at 0x11f13f770>: [(5, 9060, 10350), (2, 10350, None), (6, 11940, None)]}",100.9864715008785,40152.33483811048,9060,8982.602348161998,2,9.484686659917168,9060,12817.816,True,15.664791869221716,22.41905722602172,6.754265356800003
lamf-test-17be3ad6-6cd4-4c64-93c6-3fc4d170d157,"{<resource_manager.instance.OnPremInstance object at 0x11f13f770>: [(2, 9090, None), (4, 10800, None)]}",64.77903730143166,22974.036744130346,9090,8999.664724714998,2,7.510867224427534,9090,13508.641000000001,True,21.877249113345723,29.856149850945727,7.978900737600004
lamf-test-410c24b3-e037-404b-8fa3-3b9be7b4adaa,"{<resource_manager.instance.OnPremInstance object at 0x11f13f770>: [(5, 9120, 10560), (1, 10560, None)]}",105.56808496111117,40162.700103402276,9120,9006.043278277997,3,10.951403148528405,9120,12153.282,True,13.374830025096964,16.941385204296964,3.5665551791999994
lamf-test-dbfc6e86-f385-4c1b-a2d1-36902c12232e,"{<resource_manager.instance.OnPremInstance object at 0x11f13f770>: [(2, 9570, None)]}",332.81097832014945,137365.17616143601,9570,9565.072569238997,3,61.046479580196205,9570,55635.428,True,140.13363145486346,177.50190664846346,37.3682751936
lamf-test-ee649544-0852-4484-9313-a2ec39aaf5e5,"{<resource_manager.instance.OnPremInstance object at 0x11f13f770>: [(4, 9600, 11190), (2, 11190, None), (4, 16254.288, None)]}",94.51083597672981,40596.51494527489,9600,9566.162364139996,1,44.153505817932924,9600,16560.023999999998,True,49.0363531827515,56.46815873795149,7.431805555199993
lamf-test-3e8d9edc-8d07-4ff0-a6aa-1b9473f39dae,"{<resource_manager.instance.OnPremInstance object at 0x11f13f770>: [(5, 9630, 10560), (1, 10560, None), (11, 11280, None)]}",46.55013787044631,23754.04022381938,9630,9567.162364139996,1,23.70750627424139,9630,12721.064887384675,True,59.63425837533313,68.82628139521182,9.192023019878688
lamf-test-8daeea4f-cbbf-4fb6-b9f3-5857c1ab865e,"{<resource_manager.instance.OnPremInstance object at 0x11f13f770>: [(4, 9660, 10260), (2, 10260, None), (8, 12490.536, None)]}",56.56222725445129,23788.551466523415,9660,9568.162364139996,1,18.386801733972163,9660,12782.504,True,26.069585824017054,30.036658835217057,3.967073011200003
lamf-test-665b3cd3-6953-4941-a220-b425974f248a,"{<resource_manager.instance.OnPremInstance object at 0x11f13f770>: [(3, 9690, 15213.216), (2, 15213.216, 19215.36), (1, 19215.36, None)]}",295.24467469152273,137162.93638051426,9690,9589.000431984996,3,53.23002509696555,9690,32628.113999999998,True,57.77882728724617,73.18622875124618,15.407401464
lamf-test-7b6d3b7a-f2bc-4206-bf5c-c8e1aaff27be,"{<resource_manager.instance.OnPremInstance object at 0x11f13f770>: [(3, 9720, 10530), (2, 10530, None)]}",57.77199384513077,23767.25933008296,9720,9590.417121378496,2,2.612883440371161,9720,11231.369000000002,True,4.519533857260072,6.074092390060073,1.554558532800002
lamf-test-e86f1528-c4b7-428d-9220-137c2eee5f81,"{<resource_manager.instance.OnPremInstance object at 0x11f13f770>: [(5, 9750, 14782.68), (2, 14782.68, None), (4, 25696.968, None)]}",291.443531643958,137534.76617691506,9750,9595.737684207996,2,94.59559249861786,9750,34863.755117149856,True,108.11648190070576,149.48472049460165,41.36823859389589
lamf-test-905b51bb-7f4b-480b-babc-216c95cb3e5c,"{<resource_manager.instance.OnPremInstance object at 0x11f13f770>: [(4, 9780, None)]}",76.07511246679637,23738.432184903148,9780,9601.520802072995,3,12.046543463381244,9780,12548.969000000001,True,16.846719902654197,21.3390952082542,4.492375305600001
lamf-test-d53de693-fd3a-47ec-b96e-28dcf292d471,"{<resource_manager.instance.OnPremInstance object at 0x11f13f770>: [(4, 9810, 11100), (2, 11100, None), (4, 19125.36, None)]}",82.04480128359563,40767.42385928121,9810,9604.607595555995,2,26.515086428663636,9810,20192.216000000004,True,33.300963740057405,44.500332533657414,11.199368793600009
lamf-test-d608e81f-e921-488f-9511-ac29f6be8717,"{<resource_manager.instance.OnPremInstance object at 0x11f13f770>: [(4, 10170, None)]}",290.8535591080783,138193.1776099895,10170,10159.032068781995,3,,10170,19106.862,True,54.372877024868814,68.87204193366881,14.499164908800001
lamf-test-794e981d-7b48-479b-88a9-08c76168b3f4,"{<resource_manager.instance.OnPremInstance object at 0x11f13f770>: [(2, 10200, None)]}",55.43753343799916,24351.606959432873,10200,10173.866942805995,3,3.832991101984941,10200,14208.055,True,12.192729485131949,15.444063701131949,3.251334216
lamf-test-d89dd74a-ca32-43e3-9fdb-057b16e15c3a,"{<resource_manager.instance.OnPremInstance object at 0x11f13f770>: [(2, 10230, None)]}",52.589033620058174,24384.865875068008,10230,10176.961240503995,1,6.317590691307323,10230,16654.002,True,34.68736344969199,39.898513872091996,5.2111504224
lamf-test-9d73df9e-a4e9-43ed-b3cd-731892da568c,"{<resource_manager.instance.OnPremInstance object at 0x11f13f770>: [(6, 10260, 11700), (1, 11700, None), (3, 12981.072, None)]}",116.24356079750007,41295.22850821383,10260,10179.377729394995,3,15.090230435774583,10260,13574.034,True,18.69787816563997,23.68388651763997,4.986008352
lamf-test-700b88cb-1fe1-443f-85f3-4e83586778d7,"{<resource_manager.instance.OnPremInstance object at 0x11f13f770>: [(2, 10290, None)]}",323.88597973304996,137468.23887745567,10290,10190.476258500996,1,113.7031549167237,10290,41763.967,True,169.94841105787512,195.4800930882751,25.531682030399995
lamf-test-cacf2328-5a7f-4177-ad3a-d6767db7f233,"{<resource_manager.instance.OnPremInstance object at 0x11f13f770>: [(5, 10320, 13311.072), (2, 13311.072, None)]}",299.34289693362723,138120.69667334252,10320,10196.206213242996,2,66.60412356345121,10320,37387.486000000004,True,77.42067007500708,103.01735112780707,25.5966810528
lamf-test-76901c5b-cc70-4a21-8b6a-aa4aa3dedd24,"{<resource_manager.instance.OnPremInstance object at 0x11f13f770>: [(2, 10350, 15823.752), (1, 15823.752, None)]}",295.82083300729096,137508.57874411967,10350,10204.819555851996,2,14.880229284080809,10350,21782.907,True,26.9715719691914,33.8289128595914,6.8573408904
lamf-test-c0570041-d32e-4e8b-8d2d-a250dfe399fc,"{<resource_manager.instance.OnPremInstance object at 0x11f13f770>: [(5, 10380, 13861.608), (1, 13861.608, None)]}",309.1917473885502,138046.42326827807,10380,10214.443457259997,1,121.3533981291353,10380,63013.35399999999,True,184.11535371511138,211.1120029167114,26.996649201599997
lamf-test-ca7252f0-85f2-4005-896c-fb17b2f26952,"{<resource_manager.instance.OnPremInstance object at 0x11f13f770>: [(6, 10800, 18255.36), (1, 18255.36, None)]}",304.02222934164064,138771.78514372074,10800,10775.131030881996,1,117.36706365503082,10800,59103.773,True,232.3105027758765,267.0219831846765,34.7114804088
lamf-test-0ae28a41-e363-4bde-bdce-50f826df3b42,"{<resource_manager.instance.OnPremInstance object at 0x11f13f770>: [(4, 10830, 12490.536), (1, 12490.536, None), (3, 23406.432, None)]}",87.69850691765791,42058.41376712923,10830,10780.621374699997,3,26.706274241387177,10830,25456.829999999994,True,39.181127081907334,49.62923382110733,10.448106739199991
lamf-test-9da27dae-e6dc-4f47-b706-a6e8a3713464,"{<resource_manager.instance.OnPremInstance object at 0x11f13f770>: [(6, 10860, None)]}",296.9549680882063,138553.6890025637,10860,10789.037781294997,3,,10860,15835.189999999999,True,45.404426192105845,57.51204857610584,12.107622383999997
lamf-test-50c28631-c9b3-47d9-9e36-b5f64438ea4d,"{<resource_manager.instance.OnPremInstance object at 0x11f13f770>: [(6, 10890, 11700), (2, 11700, None)]}",57.792712238435485,24701.05210942933,10890,10810.311385071996,3,7.392197125256673,10890,16164.572,True,20.973677085709937,26.566553892109937,5.5928768064
lamf-test-6ea3ccb6-5ec7-474a-bd76-4c0b7e74a8fd,"{<resource_manager.instance.OnPremInstance object at 0x11f13f770>: [(4, 10920, 12490.536), (2, 12490.536, None)]}",318.43627200467716,138307.05355043116,10920,10811.311385071996,3,9.555318275154004,10920,24393.743,True,45.76554566887215,57.969464793672145,12.203919124799999
lamf-test-f6a7b87b-3fe2-4927-871e-a0cac1bfa236,"{<resource_manager.instance.CloudReservedInstance object at 0x11f3684d0>: [(3, 11370, 13221.072), (2, 13221.072, None)]}",80.84812600328213,42663.28798329175,11370,11357.177796625996,3,23.48740132329455,11370,24407.630947136233,True,42.47674179674874,72.98346894285197,30.506727146103238
lamf-test-01aed4d0-4ac3-4934-b29d-300b9eb1cf38,"{<resource_manager.instance.CloudReservedInstance object at 0x11f3684d0>: [(3, 11400, None)], <resource_manager.instance.CloudReservedInstance object at 0x11f361450>: [(3, 11400, None)]}",48.38806555130056,25722.213862971068,11400,11358.622632145996,3,,11400,13165.117322501726,True,12.081569626979647,19.64121409579004,7.559644468810394
lamf-test-f035cec5-13b9-4feb-9d16-93fce26c2cc2,"{<resource_manager.instance.CloudReservedInstance object at 0x11f361450>: [(3, 11430, None)], <resource_manager.instance.CloudReservedInstance object at 0x11f1622c0>: [(1, 12981.072, None)], <resource_manager.instance.CloudOnDemandInstance object at 0x11f162780>: [(1, 12981.072, None)], <resource_manager.instance.CloudOnDemandInstance object at 0x11f361810>: [(1, 12981.072, None)]}",59.50673849065216,25576.625210794788,11430,11369.615878525996,2,58.991789114381746,11430,20733.02810030867,True,65.5967565205651,102.37365108746738,36.77689456690229
lamf-test-7dc86417-03bf-4f7d-b2cc-4f303d7c708b,"{<resource_manager.instance.CloudReservedInstance object at 0x11f3611d0>: [(4, 11460, None)], <resource_manager.instance.CloudOnDemandInstance object at 0x11f13fb60>: [(1, 16744.824, None)]}",122.20824587768153,42719.65998129241,11460,11381.002109734996,2,12.107222495675266,11460,21608.51884508652,True,31.56625971315168,56.209854054906444,24.643594341754763
lamf-test-6e11c3c3-b9bf-4aa2-897f-6c03a891a9cd,"{<resource_manager.instance.CloudReservedInstance object at 0x11f3611d0>: [(2, 11490, None), (3, 68243.4, None)], <resource_manager.instance.CloudReservedInstance object at 0x11f1622c0>: [(3, 11490, 28257.504)], <resource_manager.instance.CloudOnDemandInstance object at 0x11f13fb60>: [(4, 68243.4, None)], <resource_manager.instance.CloudOnDemandInstance object at 0x11f1623f0>: [(3, 68243.4, None)], <resource_manager.instance.CloudReservedInstance object at 0x11f13fcb0>: [(1, 68243.4, None)]}",323.10613238146993,139024.94052518444,11490,11390.346766039997,3,134.06055517529848,11490,83153.49589703247,True,315.48996756598945,593.822091312557,278.33212374656756
lamf-test-c5a6ffed-1196-4516-a2cc-67f21c8eb5f5,"{<resource_manager.instance.OnPremInstance object at 0x11f13f770>: [(2, 11520, None)]}",321.906162634098,139100.6018823448,11520,11401.250971486996,2,,11520,22652.698,True,30.263902856838936,39.294747474438935,9.0308446176
lamf-test-6718dd63-82fd-49d3-b154-c2385c7724e4,"{<resource_manager.instance.CloudReservedInstance object at 0x11f1622c0>: [(3, 11970, None)], <resource_manager.instance.CloudReservedInstance object at 0x11f13fcb0>: [(1, 11970, 12951.072)], <resource_manager.instance.CloudOnDemandInstance object at 0x11f1623f0>: [(1, 15793.752, None)], <resource_manager.instance.CloudOnDemandInstance object at 0x11f13fb60>: [(1, 15793.752, None)]}",53.92864783453742,26061.231588345294,11970,11958.472446583995,1,32.449221081451064,11970,16757.17202286726,True,44.73406584790306,56.81761710771868,12.08355125981562
lamf-test-93fc33e5-0604-48d1-8efe-1dfc9145e379,"{<resource_manager.instance.CloudReservedInstance object at 0x11f13fcb0>: [(5, 12000, 18585.36), (2, 18585.36, None)]}",318.63019504491797,139679.51840706702,12000,11964.287363824995,1,58.26274849798464,12000,38265.84283788434,True,130.6046252311514,182.8253071553267,52.220681924175295
lamf-test-561c40aa-4fd2-4142-aa20-b41c53e185e4,"{<resource_manager.instance.CloudReservedInstance object at 0x11f162520>: [(1, 12030, None)], <resource_manager.instance.CloudOnDemandInstance object at 0x11f162780>: [(1, 12030, 20805.36)]}",92.22367706149063,43243.305422013116,12030,11966.050228066995,2,31.09537688457764,12030,20815.668094324083,False,31.110987987026736,,
lamf-test-d81c27cf-4838-43c5-ac8d-f0f7d5a86a71,"{<resource_manager.instance.CloudOnDemandInstance object at 0x11f162780>: [(4, 12060, 23856.432), (2, 23856.432, None)]}",313.16578296695053,139678.15085991367,12060,11967.050228066995,3,71.77082363677846,12460.536,23864.294352207915,False,71.79474135586862,,
lamf-test-92b10550-cff6-47f7-a077-4b4db1587046,"{<resource_manager.instance.CloudOnDemandInstance object at 0x11f162780>: [(4, 12490.536, None)]}",81.64667311738593,43118.803389562694,12490.536,11986.668783254996,2,44.384949891136436,12891.072,31462.835325990724,True,69.10017262671631,238.31790477509276,169.21773214837646
lamf-test-29b14cf4-c2e0-462e-a5b2-16a34ab23f1f,"{<resource_manager.instance.OnPremInstance object at 0x11f13f770>: [(2, 12921.072, None)]}",89.42960233211319,43071.58750992796,12921.072,11991.177208523995,3,21.794168377823407,12921.072,21360.528,True,25.673301391740807,32.51938809894081,6.846086707199999
lamf-test-0ee3ab93-6383-46f5-aeca-265dafdbd84c,"{<resource_manager.instance.OnPremInstance object at 0x11f13f770>: [(5, 12951.072, None)]}",39.66592451958817,26121.164527277237,12951.072,11992.259864795995,3,,12951.072,15433.89897912345,True,18.88224944196099,23.917422555623347,5.035173113662357
lamf-test-3484ce7d-9fee-4f95-9c2d-f871cc58413f,"{<resource_manager.instance.OnPremInstance object at 0x11f13f770>: [(3, 12981.072, 23616.432), (1, 23616.432, None), (3, 47450.184, None)]}",280.48808000057255,139722.96330893412,12981.072,11993.259864795995,3,84.7818571754506,12981.072,49638.685000000005,True,98.09694425431594,124.25564413591596,26.158699881600008
lamf-test-0ab21652-7e84-40ef-afc1-d04cb7c18425,"{<resource_manager.instance.OnPremInstance object at 0x11f13f770>: [(2, 13011.072, None)]}",99.9394489602227,43264.1908619035,13011.072,11995.524543738995,3,4.079616700889801,13011.072,17026.244000000002,True,12.21437980074531,15.471487327145311,3.257107526400002
lamf-test-107c896d-ee0f-4ca2-89f1-19c67b8002a2,"{<resource_manager.instance.OnPremInstance object at 0x11f13f770>: [(2, 13041.072, None)]}",98.1671155759394,43231.24832783622,13041.072,12003.619046088996,3,,13041.072,15962.298000000003,True,8.88653433721196,11.256232868411963,2.369698531200002
lamf-test-34f82a8b-288c-437f-910d-553d4a2c7dfc,"{<resource_manager.instance.OnPremInstance object at 0x11f13f770>: [(2, 13071.072, 17565.36), (1, 17565.36, None)]}",332.1651620956545,139798.99505587103,13071.072,12004.619046088996,1,24.26758293406343,13071.072,25011.888,True,45.22138443988136,51.88746262228136,6.6660781824
lamf-test-aa879c60-c521-40a2-972a-cf0714098824,"{<resource_manager.instance.OnPremInstance object at 0x11f13f770>: [(2, 13101.072, None), (6, 14352.144, None)]}",56.99333448866139,26222.993223823913,13101.072,12005.619046088996,2,16.792703126270993,13101.072,17141.13,True,23.0363542604837,33.10092563968371,10.064571379200004
lamf-test-cfb32c98-2421-4b31-9da7-090b5212bb9a,"{<resource_manager.instance.OnPremInstance object at 0x11f13f770>: [(6, 13131.072, 22015.896), (1, 22015.896, None)]}",311.65623815536327,139528.64846212787,13131.072,12018.683192874496,1,139.87060369609856,13131.072,35403.123693719885,True,177.5409531270542,204.592920366027,27.051967238972786
lamf-test-2e0bd3ff-93cb-46df-ab43-ee2f13d4c7e1,"{<resource_manager.instance.OnPremInstance object at 0x11f13f770>: [(3, 13161.072, None)]}",316.2487464140096,140264.73094616947,13161.072,12561.454912143496,1,,13161.072,22600.843,True,75.38032968286562,86.86664303566562,11.486313352800002
lamf-test-75f66efa-1a77-47ea-a0c6-c0317f11e7c2,"{<resource_manager.instance.CloudReservedInstance object at 0x11f1622c0>: [(1, 13191.072, None)], <resource_manager.instance.CloudOnDemandInstance object at 0x11f162780>: [(2, 13191.072, None)], <resource_manager.instance.CloudOnDemandInstance object at 0x11f361810>: [(2, 13191.072, 34488.576)]}",323.850834844211,140620.48673066864,13191.072,12565.154496597495,3,129.57641797855348,13191.072,34499.79704526818,False,129.62762055792,,
lamf-test-c1ff5343-c068-4179-8505-1de35f1c5237,"{<resource_manager.instance.CloudReservedInstance object at 0x11f3684d0>: [(4, 13221.072, 33348.576), (1, 33348.576, None)]}",328.6266875432299,140244.060769083,13221.072,12569.309853711495,2,90.61638272923852,13221.072,70504.06376103956,True,148.69745313057723,277.23524943913685,128.53779630855962
lamf-test-c8383b87-eaaf-4727-8a38-364a265a9c1b,"{<resource_manager.instance.OnPremInstance object at 0x11f13f770>: [(2, 13251.072, None)]}",87.74670802746411,43610.20018665979,13251.072,12595.054031727495,2,33.83379190833348,13251.072,26972.102,True,37.30020512689491,48.43070466289491,11.130499535999999
lamf-test-a5bf6748-f8d5-4a59-badc-d9816f45493a,"{<resource_manager.instance.CloudReservedInstance object at 0x11f361450>: [(2, 13281.072, None)], <resource_manager.instance.CloudOnDemandInstance object at 0x11f1623f0>: [(1, 15703.752, None)], <resource_manager.instance.CloudOnDemandInstance object at 0x11f13fb60>: [(1, 20085.36, None)]}",54.40376906069801,26769.78131990006,13281.072,12613.391713803496,2,41.67951650822005,13281.072,26785.18131990006,False,61.34120593332082,,
lamf-test-9d2ced27-20c6-49c1-84d1-76444fddb91f,"{<resource_manager.instance.OnPremInstance object at 0x11f13f770>: [(3, 13311.072, 18285.36), (2, 18285.36, None)]}",313.4023701696379,140829.52805324848,13311.072,13166.615271879497,2,36.275755129836305,13311.072,35651.277,True,63.25468903222479,83.39463454102479,20.1399455088
lamf-test-6323d458-f602-48c5-98a5-f5c1a1584292,"{<resource_manager.instance.CloudReservedInstance object at 0x11f361450>: [(1, 13341.072, None)], <resource_manager.instance.CloudOnDemandInstance object at 0x11f361810>: [(4, 13341.072, None)]}",313.6595923894348,141139.29567003634,13341.072,13171.976209293496,1,,13341.072,141154.69567003637,False,884.5569818216829,,
lamf-test-48feb4fc-2742-45dc-808f-e652fe900563,"{<resource_manager.instance.CloudOnDemandInstance object at 0x11f361810>: [(3, 13371.072, None)], <resource_manager.instance.CloudOnDemandInstance object at 0x11f13fb60>: [(1, 18375.36, None)]}",41.254966979320166,27138.099868276346,13371.072,13173.168315054496,1,20.551490759753595,13771.608,27153.499868276347,False,73.73615444819751,,
lamf-test-bbc839c8-f836-4f9a-a8e0-6cb8342496f2,"{<resource_manager.instance.OnPremInstance object at 0x11f13f770>: [(3, 13801.608, None), (7, 16744.824, None)]}",114.4912360012796,44410.938051548874,13801.608,13183.389872274496,3,56.02708647045402,13801.608,20562.231365149953,True,71.49398684538676,90.55869634723497,19.06470950184821
lamf-test-d4b58a16-b6c8-4064-88b0-a3ec8e4212ba,"{<resource_manager.instance.OnPremInstance object at 0x11f13f770>: [(2, 13831.608, None), (10, 14782.68, None)]}",56.907858453854786,27562.385627546428,13831.608,13187.936341410496,2,2.5854604712945166,13831.608,15419.206000000002,True,7.728599102862876,11.598208056462884,3.8696089536000082
lamf-test-26bbd872-e5de-48b0-8f8f-e6417ce7af20,"{<resource_manager.instance.OnPremInstance object at 0x11f13f770>: [(2, 13861.608, 17355.36), (1, 17355.36, None)]}",298.1380358381042,140428.77940814168,13861.608,13188.936341410496,2,58.28330827755157,13861.608,65189.33499999999,True,106.55453781398748,128.79012969638748,22.235591882399998
lamf-test-032ba352-18f7-47d0-a6f0-b7f2f4956a0a,"{<resource_manager.instance.OnPremInstance object at 0x11f13f770>: [(6, 13891.608, 16894.824), (1, 16894.824, None)]}",307.62274626708137,141194.49715731616,13891.608,13206.541437058495,3,27.407857631759068,13891.608,22853.469999999998,True,36.47112632139326,46.19657959659325,9.7254532752
lamf-test-05c2e1a5-42c3-4e97-863b-94fa07e33793,"{<resource_manager.instance.CloudOnDemandInstance object at 0x11f361810>: [(2, 13921.608, None)], <resource_manager.instance.CloudOnDemandInstance object at 0x11f361310>: [(2, 13921.608, None)]}",91.04820322006628,44492.617205725284,13921.608,13219.165223476495,2,58.0882553272727,14322.144,44508.01720572528,False,114.36167875265218,,
lamf-test-d2eb5728-b98d-4dc8-9b54-d5b61be5f0ce,"{<resource_manager.instance.CloudOnDemandInstance object at 0x11f361310>: [(4, 14352.144, None)]}",294.31398108778467,141388.67388175047,14352.144,13763.374633351496,2,270.6776128278798,14752.68,141404.0738817505,False,291.0685357891362,,
lamf-test-3058457a-d1e2-4d92-baae-1c4c74ce602b,"{<resource_manager.instance.CloudOnDemandInstance object at 0x11f361310>: [(5, 14782.68, None)]}",296.32729201787157,141553.66020653,14782.68,13769.194492039496,2,118.18225628625105,15183.216,141569.06020653003,False,319.1410159242329,,
lamf-test-7a641bba-d417-49ff-88d9-3fe54ccc21c1,"{<resource_manager.instance.CloudOnDemandInstance object at 0x11f361310>: [(1, 15213.216, None)], <resource_manager.instance.CloudOnDemandInstance object at 0x11f1623f0>: [(4, 15213.216, None)]}",72.4727596207448,27932.57494004925,15213.216,13775.629005772496,1,,15613.752,22347.95197199104,True,83.19969952381366,128.31898498972805,45.1192854659144
lamf-test-3babe4ac-4db5-41c5-ad0c-7fee914c7ec7,"{<resource_manager.instance.OnPremInstance object at 0x11f13f770>: [(3, 15643.752, 20355.36), (2, 20355.36, None)]}",293.72278396528714,141557.52989415574,15643.752,13786.585622971497,2,15.198620395950968,15643.752,36736.43,True,59.7300638224302,78.7514724208302,19.0214085984
lamf-test-efb02442-ed88-49c8-bf51-dea5e65f914e,"{<resource_manager.instance.OnPremInstance object at 0x11f13f770>: [(2, 15673.752, None), (4, 32288.04, None)]}",304.7860416350407,141731.67950954958,15673.752,13791.505885705497,3,107.95498973305953,15673.752,43244.515999999996,True,150.532256445357,190.67344686455698,40.14119041919999
lamf-test-a3da9951-7484-4541-a43a-d268b07d7f2b,"{<resource_manager.instance.OnPremInstance object at 0x11f13f770>: [(4, 15703.752, 20175.36), (2, 20175.36, None)]}",322.8627978188001,141494.23613151544,15703.752,13796.075080762497,2,36.5447453027179,15703.752,35072.702999999994,True,56.784293639144,76.12375509994399,19.339461460799996
lamf-test-a4d8ead1-b39f-46fe-9cfa-58d32f343ff0,"{<resource_manager.instance.OnPremInstance object at 0x11f13f770>: [(4, 15733.752, None), (6, 22926.432, None)]}",84.41713409588449,44998.57502526866,15733.752,13800.682466350498,1,91.82314396532055,15733.752,24694.772,True,122.56659517834056,141.40838625034056,18.841791072
lamf-test-1393ec0f-c39a-48b5-8afc-5e45c5c5f7c7,"{<resource_manager.instance.OnPremInstance object at 0x11f13f770>: [(6, 15763.752, 17325.36), (1, 17325.36, None)]}",354.69102159935267,141422.99116478063,15763.752,13806.916321093498,3,23.318457677389915,15763.752,28459.777000000002,True,31.187261388698758,39.50371015269876,8.316448764
lamf-test-98a6ab80-499b-4f3a-95f7-4dd7df820566,"{<resource_manager.instance.OnPremInstance object at 0x11f13f770>: [(2, 15793.752, None)]}",105.87093398460661,44981.41095399256,15793.752,13807.916321093498,1,30.357610768879763,15793.752,24265.908,True,45.74667853068674,52.61929147788673,6.8726129471999995
lamf-test-0b319882-7fad-4ae3-8912-b51a1940b68d,"{<resource_manager.instance.CloudOnDemandInstance object at 0x11f1623f0>: [(2, 15823.752, None)]}",309.96889456321867,141822.28690823473,15823.752,13811.037750104499,3,330.0316313027606,16224.288,141837.68690823475,False,383.3415009756932,,
lamf-test-151fcd56-358d-466c-9e97-a24b8c315d14,"{<resource_manager.instance.OnPremInstance object at 0x11f13f770>: [(4, 16254.288, 17775.36), (1, 17775.36, None), (3, 36648.576, None)]}",286.90020368365816,141094.03580356427,16254.288,13815.190566992498,1,69.18685831622176,16254.288,38023.852,True,84.03887687276597,96.39288827756596,12.354011404799996
lamf-test-0479ea03-d843-4f1c-b0bd-6f829a2c5a10,"{<resource_manager.instance.OnPremInstance object at 0x11f13f770>: [(5, 16284.288, None)]}",326.10114994784385,141571.93740333355,16284.288,13816.190566992498,3,,16284.288,24725.941,True,64.19996197429461,81.3196342582946,17.119672283999996
lamf-test-724d0d5f-301b-4490-8457-7773ef64d695,"{<resource_manager.instance.CloudOnDemandInstance object at 0x11f1623f0>: [(4, 16314.288, None)], <resource_manager.instance.CloudOnDemandInstance object at 0x11f13fb60>: [(1, 16314.288, None)]}",109.55462846539683,45479.302602628864,16314.288,14368.067451390498,2,56.96063616238931,16714.824,35596.294093233286,True,103.19913156814212,240.7338246299565,137.53469306181438
lamf-test-2674780b-0edf-4613-bd86-e3e24ce33fcb,"{<resource_manager.instance.OnPremInstance object at 0x11f13f770>: [(5, 16744.824, 20715.36), (2, 20715.36, 25186.968), (1, 25186.968, None), (5, 66923.4, None)]}",302.61464185285956,141853.54625892168,16744.824,14371.451343447497,1,193.8272781200091,16744.824,68568.827,True,220.10605749486666,252.7182808788667,32.612223384000025
lamf-test-15ce12ce-cdd4-4322-97b9-e92908eec275,"{<resource_manager.instance.OnPremInstance object at 0x11f13f770>: [(4, 16774.824, 17595.36), (2, 17595.36, None), (4, 22836.432, None)]}",62.79223748275714,28642.84156148108,16774.824,14372.824290309498,2,17.236220129146986,16774.824,23062.569,True,18.67459413422981,24.807716350229807,6.133122215999998
lamf-test-6fdb4590-cea7-4d20-bffa-249d0757fa2a,"{<resource_manager.instance.CloudReservedInstance object at 0x11f1622c0>: [(1, 16804.824, None)], <resource_manager.instance.CloudReservedInstance object at 0x11f13fcb0>: [(1, 16804.824, None)], <resource_manager.instance.CloudOnDemandInstance object at 0x11f1623f0>: [(1, 16804.824, None)], <resource_manager.instance.CloudOnDemandInstance object at 0x11f13fb60>: [(3, 16804.824, 19995.36)]}",88.08906902383775,45422.14523375016,16804.824,14374.798703706498,1,41.41137303216975,16804.824,20008.053158839994,False,41.507584518294365,,
lamf-test-e4ed1a21-f292-441c-946a-d7b9f0990c7d,"{<resource_manager.instance.OnPremInstance object at 0x11f13f770>: [(2, 16834.824, None)]}",297.2172710903451,141976.11506541068,16834.824,14376.749743061997,1,105.69141318731462,16834.824,52766.072,True,194.01616913833752,223.1635975159375,29.1474283776
lamf-test-c777b76c-0cc3-4d24-b87d-dcc762dd2026,"{<resource_manager.instance.OnPremInstance object at 0x11f13f770>: [(2, 16864.824, 19365.36), (1, 19365.36, None), (7, 42689.112, None)]}",310.2741421688458,142547.06013241713,16864.824,14393.128796124496,1,131.14281542322612,16864.824,49522.55948673437,True,223.6075200632865,257.2692390826422,33.66171901935567
lamf-test-38f0df60-c850-46c3-8ecc-b21d5524ac44,"{<resource_manager.instance.CloudOnDemandInstance object at 0x11f13fb60>: [(6, 16894.824, None)]}",82.2505270696069,45666.5274554005,16894.824,14394.497660466495,3,105.94723248916266,17295.36,45681.927455400495,False,175.14398634360327,,
lamf-test-ecaffeb0-92d2-4398-a844-9e4844c48df5,"{<resource_manager.instance.OnPremInstance object at 0x11f13f770>: [(3, 17325.36, 17835.36), (1, 17835.36, None)]}",106.56838267415606,45564.286898693324,17325.36,14403.198343170496,1,22.226746976956427,17325.36,27611.052,True,31.580394250513343,36.165982925713344,4.5855886751999995
lamf-test-3c60492c-5568-42f7-a13b-d4f3117a23dc,"{<resource_manager.instance.OnPremInstance object at 0x11f13f770>: [(6, 17355.36, 22836.432), (1, 22836.432, None)]}",288.51703100665657,142147.77352548632,17355.36,14405.012610777496,2,23.688370268466702,17355.36,26817.431,True,31.765962332791695,46.71939234639169,14.9534300136
lamf-test-04f3f31f-b20f-4cb7-a3dd-c0c2f380b4cc,"{<resource_manager.instance.OnPremInstance object at 0x11f13f770>: [(4, 17385.36, 17865.36), (2, 17865.36, None), (4, 20625.36, None)]}",63.69847192731158,28505.569776244058,17385.36,14406.774761022496,3,26.74456764772986,17385.36,22803.647,True,31.19586584531143,39.514609088511435,8.3187432432
lamf-test-b6b347a8-b100-462f-bbd1-cdcde8345e59,"{<resource_manager.instance.OnPremInstance object at 0x11f13f770>: [(4, 17415.36, 21385.896), (2, 21385.896, None), (10, 31958.04, None)]}",310.4633474601291,142199.6457113378,17415.36,14408.951771907496,1,276.3548966461328,17415.36,40819.93035398863,True,378.07813024194184,436.2286437920753,58.15051355013346
lamf-test-d4113937-9912-4267-ad39-f41249bcbcef,"{<resource_manager.instance.OnPremInstance object at 0x11f13f770>: [(2, 17445.36, 18045.36), (1, 18045.36, None)]}",44.164232744169574,28731.589477332076,17445.36,14409.951771907496,3,17.358193018480492,17445.36,28746.989477332078,False,18.10271424037125,,
lamf-test-198ba68c-5a75-4dd3-95a5-23cb4a91c31d,"{<resource_manager.instance.OnPremInstance object at 0x11f13f770>: [(5, 17595.36, 18885.36), (1, 18885.36, None)]}",75.79076386942039,45580.834604545125,17595.36,14412.181270699495,2,14.82270835422419,17595.36,24610.791999999998,True,16.779429941733362,21.71778516093336,4.938355219199998
lamf-test-9bb4d80d-2aee-48e9-ac53-5a922312b6c8,"{<resource_manager.instance.OnPremInstance object at 0x11f13f770>: [(6, 17865.36, None)]}",62.348183689222225,28610.333794193724,17865.36,14413.699425304496,2,21.48422683869274,17865.36,23393.981,True,23.89386990756929,37.34832197316929,13.454452065599998
lamf-test-8fdaa8c6-0ab8-4102-bf2c-7c6a5957696b,"{<resource_manager.instance.OnPremInstance object at 0x11f13f770>: [(3, 18255.36, 22836.432), (2, 22836.432, None), (4, 34278.576, None)]}",305.80076715201267,141812.5007997834,18255.36,14417.133370924495,3,55.71146703171344,18255.36,35110.045,True,63.29959388546654,80.17917246626654,16.879578580799993
lamf-test-c89d3402-a23f-46ae-8720-cd373edbf82e,"{<resource_manager.instance.OnPremInstance object at 0x11f13f770>: [(3, 18285.36, None)]}",59.063695813800784,28648.13265089304,18285.36,14419.248267445495,3,13.60043805612594,18285.36,21963.962999999996,True,16.785776865160827,21.261900995560822,4.476124130399995
lamf-test-d457b8b2-16f3-450b-ba2f-e7b966006e63,"{<resource_manager.instance.OnPremInstance object at 0x11f13f770>: [(6, 18885.36, 24346.968), (1, 24346.968, None), (3, 36258.576, None)]}",308.6020686022321,142570.68178276456,18885.36,14964.810714523495,1,149.0941108829569,18885.36,40030.662,True,160.23412913529543,184.47667889529544,24.242549759999996
lamf-test-87f7683b-4f57-45f2-93ec-cd6117faec52,"{<resource_manager.instance.OnPremInstance object at 0x11f13f770>: [(2, 18915.36, None)]}",62.86965238334432,29035.5193713078,18915.36,14972.044707922496,1,1.9438740588637917,18915.36,21321.707,True,12.99343197201307,14.945460658413069,1.9520286863999983
lamf-test-95f36198-5f8e-46dc-93db-fc5d6a810881,"{<resource_manager.instance.CloudReservedInstance object at 0x11f13fcb0>: [(3, 18945.36, 37319.112), (2, 37319.112, None)], <resource_manager.instance.CloudReservedInstance object at 0x11f3684d0>: [(1, 74273.4, None)], <resource_manager.instance.CloudOnDemandInstance object at 0x11f162780>: [(1, 74273.4, None)], <resource_manager.instance.CloudOnDemandInstance object at 0x11f361810>: [(2, 74273.4, None)]}",312.84764381313755,142764.52243034425,18945.36,14973.530950198496,2,134.60860028442073,18945.36,82154.1428109224,True,200.63386401836047,342.77339447105334,142.13953045269287
lamf-test-067d037c-dcca-41c3-b8b9-a8b36009d0a4,"{<resource_manager.instance.OnPremInstance object at 0x11f13f770>: [(4, 19215.36, None), (6, 20475.36, None)]}",61.80548621708826,29290.010689989766,19215.36,15000.896161021496,2,18.53041120425307,19215.36,22648.1,True,21.892848534068154,32.74970597406815,10.856857439999992
lamf-test-55d518fc-620c-44fe-a18a-2336d48b9fc1,"{<resource_manager.instance.CloudReservedInstance object at 0x11f1622c0>: [(1, 19995.36, None)], <resource_manager.instance.CloudReservedInstance object at 0x11f13fcb0>: [(1, 19995.36, None)], <resource_manager.instance.CloudOnDemandInstance object at 0x11f1623f0>: [(1, 19995.36, 27747.504)], <resource_manager.instance.CloudOnDemandInstance object at 0x11f13fb60>: [(1, 33948.576, None)]}",83.99778340603386,46371.81365206241,19995.36,15006.541533370495,3,73.60573123431439,19995.36,46387.213652062404,False,91.30883239001031,,
lamf-test-64282f81-8a38-42e2-8686-39f8e7fadae5,"{<resource_manager.instance.OnPremInstance object at 0x11f13f770>: [(5, 20235.36, None)]}",308.1387838586121,142830.17307199314,20235.36,15007.541533370495,2,,20235.36,24715.341,True,17.9279801240933,27.013381592093296,9.085401467999999
lamf-test-6ca33400-5b63-4867-9fb5-39d7d8646a8a,"{<resource_manager.instance.OnPremInstance object at 0x11f13f770>: [(6, 20595.36, 21775.896), (1, 21775.896, None), (7, 27627.504, None)]}",105.93846150050236,46832.94374985392,20595.36,15572.493639167995,1,45.833177275838466,20595.36,29290.744,True,70.21531432048062,80.85856008688062,10.643245766399994
lamf-test-e1a8ae4a-b274-4245-9dc7-b8b20b25f60b,"{<resource_manager.instance.CloudReservedInstance object at 0x11f361450>: [(3, 20775.36, None)], <resource_manager.instance.CloudReservedInstance object at 0x11f1622c0>: [(1, 20775.36, 32228.04)], <resource_manager.instance.CloudReservedInstance object at 0x11f3684d0>: [(1, 68843.4, None)], <resource_manager.instance.CloudReservedInstance object at 0x11f3611d0>: [(1, 68843.4, None)], <resource_manager.instance.CloudOnDemandInstance object at 0x11f13fb60>: [(5, 91733.4, None)], <resource_manager.instance.CloudOnDemandInstance object at 0x11f1623f0>: [(3, 91733.4, None)], <resource_manager.instance.CloudOnDemandInstance object at 0x11f361810>: [(2, 91733.4, None)], <resource_manager.instance.CloudOnDemandInstance object at 0x11f162780>: [(1, 91733.4, None)]}",307.3714712616934,143449.82933132767,20775.36,15574.772020448994,3,774.0052323370597,20775.36,143465.2293313277,False,1104.390956270174,,
lamf-test-5f552717-b86e-4e0e-9794-6b12cd0fea27,"{<resource_manager.instance.CloudReservedInstance object at 0x11f162520>: [(1, 20805.36, None)], <resource_manager.instance.CloudOnDemandInstance object at 0x11f162780>: [(1, 20805.36, None)]}",43.981392744961866,29812.753836902473,20805.36,15575.772020448994,2,14.569430811003139,20805.36,29828.153836902475,False,31.972155548071733,,
lamf-test-0ee69e3c-f7ac-4d00-b4dc-243374763ca6,"{<resource_manager.instance.CloudOnDemandInstance object at 0x11f162780>: [(1, 20835.36, None)], <resource_manager.instance.CloudOnDemandInstance object at 0x11f361810>: [(1, 20835.36, None)]}",95.71047451977611,46808.42294568811,20835.36,15579.340445559994,3,,21235.896,26367.728378854492,True,12.622332600626262,28.946138739274325,16.323806138648063
lamf-test-60d40a4b-09c7-4a73-b379-b1d85406ff0e,"{<resource_manager.instance.OnPremInstance object at 0x11f13f770>: [(4, 21385.896, None), (8, 22105.896, None)]}",57.165191884420324,29878.525068516494,21385.896,15580.340445559994,3,51.85620807665982,21385.896,25715.2328806157,True,70.25940005686877,88.9948925222015,18.735492465332722
lamf-test-87976d93-8677-4270-9b15-bf91d2c51eaa,"{<resource_manager.instance.CloudReservedInstance object at 0x11f3611d0>: [(3, 21685.896, 31017.504), (1, 31017.504, None), (1, 98273.4, None)], <resource_manager.instance.CloudReservedInstance object at 0x11f3684d0>: [(1, 98273.4, None)], <resource_manager.instance.CloudReservedInstance object at 0x11f1622c0>: [(1, 98273.4, None)]}",311.39111778496914,143364.2037769865,21685.896,15610.798197202994,2,104.77127369472895,21685.896,113184.69020474871,True,203.34422657479269,278.8128198117161,75.46859323692341
lamf-test-68fc4f1f-0368-4356-8862-a5c873470b2b,"{<resource_manager.instance.CloudReservedInstance object at 0x11f3611d0>: [(1, 21715.896, None)], <resource_manager.instance.CloudOnDemandInstance object at 0x11f13fb60>: [(3, 21715.896, None)]}",313.35740939256686,143472.75385271994,21715.896,15615.673011028994,2,238.11683717563457,21715.896,143488.15385271993,False,486.4492379285921,,
lamf-test-6ffd71d7-ab96-484d-939d-8341469b380b,"{<resource_manager.instance.OnPremInstance object at 0x11f13f770>: [(3, 21775.896, 25756.968), (2, 25756.968, None), (8, 50682.864, None)]}",291.65416309527114,144014.50907484913,21775.896,16172.072692321994,3,93.99195071868581,21775.896,52599.710999999996,True,123.14773442847356,155.98652110527354,32.838786676799984
lamf-test-20e1ba49-4666-4d28-9ab3-d9b988f76cc5,"{<resource_manager.instance.OnPremInstance object at 0x11f13f770>: [(6, 22015.896, 24526.968), (1, 24526.968, None)]}",285.6765311197183,143566.6238504581,22015.896,16180.891932658993,1,56.359550992470915,22015.896,63209.04299999999,True,148.37848345881812,170.17887789801813,21.800394439199998
lamf-test-6012bbf1-8566-4834-b341-39822809aef2,"{<resource_manager.instance.CloudOnDemandInstance object at 0x11f361310>: [(1, 22405.896, None)], <resource_manager.instance.CloudOnDemandInstance object at 0x11f1623f0>: [(4, 22405.896, None)]}",93.62462651407313,47401.70195031371,22405.896,16195.495769794992,1,186.50035135751767,22806.432,47417.10195031371,False,291.6610828996959,,
lamf-test-92b1912c-cdf4-4496-9665-6c2a64a15900,"{<resource_manager.instance.OnPremInstance object at 0x11f13f770>: [(5, 22836.432, 23646.432), (2, 23646.432, None)]}",99.7921660649438,47556.55511266757,22836.432,16212.555626590993,3,13.40188911704312,22836.432,30293.998,True,26.38243516617233,33.41762070537233,7.035185539199999
lamf-test-3d2e4ca8-d6e8-4002-a809-14108f6da5be,"{<resource_manager.instance.OnPremInstance object at 0x11f13f770>: [(5, 22866.432, 30597.504), (2, 30597.504, None)]}",306.2018292174168,143973.17249713602,22866.432,16214.091352753992,2,30.938190397221383,22866.432,38041.07635398863,True,51.17331674565587,72.89015665521144,21.716839909555578
lamf-test-a7986f20-c88c-442a-a9bb-9d4e408bd120,"{<resource_manager.instance.OnPremInstance object at 0x11f13f770>: [(4, 22896.432, None)]}",50.00049139574834,30877.804409601835,22896.432,16772.613165565992,1,,22896.432,25530.205,True,27.841999163434494,32.1150324786345,4.273033315200002
lamf-test-bf2ee2bb-aeee-4553-ba75-b56c3562dc59,"{<resource_manager.instance.OnPremInstance object at 0x11f13f770>: [(2, 23106.432, None), (4, 30867.504, None)]}",94.73625576454592,48144.73275109661,23106.432,16780.773820354992,1,59.323801962126396,23106.432,33091.71262863496,True,77.42945653763337,89.1380722626794,11.708615725046034
lamf-test-404ab15a-5fdc-47da-96ca-6bf36dbfc057,"{<resource_manager.instance.OnPremInstance object at 0x11f13f770>: [(4, 23136.432, 30597.504), (1, 30597.504, None)]}",285.63536765098837,144691.54789855453,23136.432,16786.287417007992,2,41.29978336451464,23136.432,54635.799,True,75.94900367232223,97.80377933712224,21.854775664800002
lamf-test-398c2e41-0ba6-4e76-8602-21bfa67e2257,"{<resource_manager.instance.OnPremInstance object at 0x11f13f770>: [(5, 23166.432, 29127.504), (2, 29127.504, None)]}",308.43937206382503,144656.9433811549,23166.432,16787.287417007992,2,23.85500749540882,23166.432,44001.009999999995,True,64.28818377708023,88.44262586028023,24.154442083199996
lamf-test-58d64335-ff0b-41b5-93cb-bcafe6abca1b,"{<resource_manager.instance.OnPremInstance object at 0x11f13f770>: [(6, 23616.432, 24436.968), (2, 24436.968, None)]}",83.27713277836911,48084.99851657794,23616.432,16800.04800542999,2,14.340015444401905,23616.432,33619.746,True,28.509337701624354,37.955263624824354,9.445925923199999
lamf-test-78749043-3668-43d0-99ce-4ee040f7f664,"{<resource_manager.instance.OnPremInstance object at 0x11f13f770>: [(2, 23646.432, None)]}",57.07835905715178,30938.52773888591,23646.432,16818.63045073199,2,1.7412777459972584,23646.432,26586.344,True,7.9920618681702384,10.37691848257024,2.3848566144000003
lamf-test-59fd6bbc-b1e0-4afd-a720-743bb563c136,"{<resource_manager.instance.CloudOnDemandInstance object at 0x11f162780>: [(2, 23856.432, None)]}",321.20760313523465,145046.19729452484,23856.432,17367.289056518992,2,43.61154044449538,24256.968,74410.58579090962,True,137.42993830765772,362.88124255359827,225.45130424594055
lamf-test-4cc1e286-0e7f-464c-8240-c10883a7da2a,"{<resource_manager.instance.OnPremInstance object at 0x11f13f770>: [(4, 24346.968, 28827.504), (2, 28827.504, None)]}",316.2330750787407,144959.20540427513,24346.968,17368.65070578299,3,49.957088751996345,24346.968,46707.172999999995,True,81.65104874895427,103.42425784815427,21.773209099199995
lamf-test-0aaede3d-34d4-43d5-b971-8a2a954407b0,"{<resource_manager.instance.OnPremInstance object at 0x11f13f770>: [(2, 24376.968, 26866.968), (1, 26866.968, None), (3, 52692.864, None), (6, 55703.4, None)]}",291.4038438976179,144915.7495334017,24376.968,17387.731918265992,1,155.25623728040156,24376.968,58491.538693719885,True,192.63097331418658,221.31882887991443,28.68785556572785
lamf-test-a7598ecc-5cec-4bf9-9a0f-c71ca0dbae0e,"{<resource_manager.instance.OnPremInstance object at 0x11f13f770>: [(6, 24436.968, 26926.968), (1, 26926.968, None)]}",294.2224632206372,145120.1804678807,24436.968,17394.711270188993,3,22.724161533196437,24436.968,37345.50199999999,True,38.57104570689785,48.856467097297845,10.285421390399996
lamf-test-5c0e0bc7-fda1-478e-8de8-178b5b80a83c,"{<resource_manager.instance.CloudReservedInstance object at 0x11f3684d0>: [(2, 24496.968, None)], <resource_manager.instance.CloudOnDemandInstance object at 0x11f162780>: [(2, 24496.968, 27076.968)]}",109.02475346006189,48645.93372932878,24496.968,17395.711270188993,2,14.027303960036363,24496.968,27086.734189427247,False,14.053853050661804,,
lamf-test-95c3a7f0-6def-4a58-8473-af92a11ec586,"{<resource_manager.instance.OnPremInstance object at 0x11f13f770>: [(3, 24526.968, 29997.504), (2, 29997.504, None), (4, 69443.4, None)]}",312.05091942501133,145944.84431780095,24526.968,17966.548341888993,1,256.67844672598676,24526.968,71631.66999999998,True,291.6268610540723,335.6072939660723,43.980432911999976
lamf-test-225e7631-1dba-46ce-9a30-f911bc78acd8,"{<resource_manager.instance.OnPremInstance object at 0x11f13f770>: [(5, 24676.968, None)]}",48.6051907309817,32369.05754324139,24676.968,17970.665873472994,1,30.78713210130048,24676.968,27574.727674642923,True,38.12551705173211,44.002173671907954,5.876656620175846
lamf-test-19917d27-b721-40ad-a37a-4370c7a734bc,"{<resource_manager.instance.OnPremInstance object at 0x11f13f770>: [(2, 24736.968, None)]}",301.1069329229973,145345.37468097766,24736.968,17984.055501273993,2,12.180201623233621,24736.968,44288.219,True,53.14948460774513,69.00945941894513,15.859974811199997
lamf-test-c5f3d318-ed60-437f-9c1e-4a6f0f18365e,"{<resource_manager.instance.OnPremInstance object at 0x11f13f770>: [(5, 24766.968, 30237.504), (1, 30237.504, None), (5, 35208.576, 36708.576)]}",302.37657057421836,145605.06596440112,24766.968,17985.364310346995,2,41.02471969932836,24766.968,44153.61899999999,True,56.13098329179805,75.91160654379806,19.780623251999998
lamf-test-68ff13a7-de65-4a50-8bee-581fe346b072,"{<resource_manager.instance.OnPremInstance object at 0x11f13f770>: [(4, 24796.968, 27777.504), (1, 27777.504, None)]}",316.0799972187193,145516.78830368066,24796.968,17993.068794765994,1,31.507681496691763,24796.968,34729.24799999999,True,51.06920921743096,58.724458190230955,7.655248972799997
lamf-test-e3ac6e81-3f29-40d1-91c8-119f86b94741,"{<resource_manager.instance.OnPremInstance object at 0x11f13f770>: [(2, 24826.968, None), (6, 36738.576, None)]}",292.3170995981352,145902.7402990141,24826.968,17994.068794765994,2,45.97293661913968,24826.968,41593.667,True,66.56273857125453,91.97923425765453,25.4164956864
lamf-test-cd918581-b0d1-458e-92b2-5c59b3bd83b5,"{<resource_manager.instance.OnPremInstance object at 0x11f13f770>: [(3, 24856.968, 26356.968), (2, 26356.968, None)]}",301.10787935133226,145635.88686945176,24856.968,17995.068794765994,2,37.8195396220134,24856.968,43961.11,True,52.6950007101357,68.80068070053571,16.1056799904
lamf-test-3231937d-3960-4134-90c2-f2e92cf6e932,"{<resource_manager.instance.OnPremInstance object at 0x11f13f770>: [(2, 24886.968, None), (8, 26956.968, None)]}",109.51414052886817,48981.18268781638,24886.968,17998.642994936992,2,13.685373306395219,24886.968,29201.210000000003,True,22.67938174807011,33.46121130007012,10.781829552000008
lamf-test-5e0241b4-8be0-4af4-bde6-0b42fa40fc67,"{<resource_manager.instance.OnPremInstance object at 0x11f13f770>: [(2, 24916.968, None), (6, 26656.968, None)]}",98.3173256377796,49210.37400726334,24916.968,18006.00181583999,3,5.2931781884553954,24916.968,26962.63,True,9.012542398661498,11.4158424562615,2.403300057600001
lamf-test-d56ac58c-44ed-4cac-88e0-685510119191,"{<resource_manager.instance.OnPremInstance object at 0x11f13f770>: [(2, 25186.968, None), (8, 30357.504, None)]}",70.70390367140996,32079.590988855838,25186.968,18017.592571127992,2,14.055945757424531,25186.968,30925.310999999998,True,18.370244199133925,24.86760819433391,6.497363995199988
lamf-test-093fc8c1-409b-4af5-91bd-f1586aa318b7,"{<resource_manager.instance.OnPremInstance object at 0x11f13f770>: [(6, 25576.968, None)]}",48.98947611555658,32174.95208813816,25576.968,18020.547058205993,1,9.445585215605751,25576.968,27713.375,True,33.63269062286104,38.83185069806104,5.199160075199998
lamf-test-412a625e-1641-430d-83ff-ad06d8ff7ded,"{<resource_manager.instance.OnPremInstance object at 0x11f13f770>: [(5, 25756.968, None)]}",48.58977843534464,32306.807586711264,25756.968,18025.118450450995,1,13.81473876340406,25756.968,27814.476,True,27.07041478439422,31.243041008394215,4.172626223999996
lamf-test-499e704f-e77f-4d06-942d-f6729f7df6df,"{<resource_manager.instance.OnPremInstance object at 0x11f13f770>: [(3, 25786.968, 33288.576), (2, 33288.576, None)]}",295.12516285873096,146234.27203414604,25786.968,18576.719565776995,2,56.60416888149737,25786.968,52656.75399999999,True,76.85035843954641,101.6897810475464,24.839422607999992
lamf-test-b31f9afe-254c-4126-a484-8628eb9333c1,"{<resource_manager.instance.CloudReservedInstance object at 0x11f361450>: [(2, 26836.968, None)], <resource_manager.instance.CloudOnDemandInstance object at 0x11f162780>: [(1, 26836.968, None)], <resource_manager.instance.CloudOnDemandInstance object at 0x11f361810>: [(1, 26836.968, None)], <resource_manager.instance.CloudOnDemandInstance object at 0x11f1623f0>: [(1, 26836.968, None)], <resource_manager.instance.CloudOnDemandInstance object at 0x11f13fb60>: [(1, 26836.968, None)]}",58.325064065435534,32769.72904459048,26836.968,18591.956547818994,1,46.95038710168073,26836.968,32785.129044590474,False,70.87067941687638,,
lamf-test-893ff824-f1d2-4433-939e-c7c4d678a42b,"{<resource_manager.instance.OnPremInstance object at 0x11f13f770>: [(2, 26896.968, None), (4, 56393.4, None)]}",291.47945752946964,146307.69109106017,26896.968,18599.401005047494,1,159.27041387177732,26896.968,57770.693999999996,True,181.26689573351578,208.54618405031576,27.279288316799988
lamf-test-9ad3c991-d587-4e6c-87f0-aa8b942b2b5d,"{<resource_manager.instance.OnPremInstance object at 0x11f13f770>: [(6, 27076.968, 30057.504), (1, 30057.504, None), (6, 35028.576, 39029.112)]}",294.2702271699325,146441.58047327196,27076.968,18600.821823092992,2,48.37486467728105,27076.968,47959.246,True,66.49443203506205,90.74451540946205,24.2500833744
lamf-test-50bd9009-28ec-4253-bcf7-ae2b62692323,"{<resource_manager.instance.CloudReservedInstance object at 0x11f3684d0>: [(2, 27136.968, None)], <resource_manager.instance.CloudOnDemandInstance object at 0x11f162780>: [(1, 27136.968, 30807.504)], <resource_manager.instance.CloudOnDemandInstance object at 0x11f1623f0>: [(2, 36318.576, None)], <resource_manager.instance.CloudOnDemandInstance object at 0x11f361810>: [(2, 44549.112, None)], <resource_manager.instance.CloudOnDemandInstance object at 0x11f361310>: [(2, 44549.112, None)]}",96.71534015432012,49782.69647663762,27136.968,18603.70717205699,2,117.55509655652848,27136.968,49798.09647663761,False,125.32071020102966,,
lamf-test-65b278d1-c75b-4135-b5aa-f825706c680d,"{<resource_manager.instance.CloudOnDemandInstance object at 0x11f162780>: [(1, 27196.968, None)], <resource_manager.instance.CloudOnDemandInstance object at 0x11f361810>: [(3, 27196.968, None)]}",46.808209305960055,33392.43264328432,27196.968,19166.137275308993,1,,27597.504,33407.83264328432,False,42.983396649089116,,
lamf-test-4e05654b-8014-4960-848f-0c1b470c0ee8,"{<resource_manager.instance.OnPremInstance object at 0x11f13f770>: [(5, 27687.504, None)]}",119.66024806020059,50379.18792482155,27687.504,19177.792601882993,3,14.60187086470454,27687.504,31145.71283088789,True,26.30016602698219,33.31341353602283,7.013247509040637
lamf-test-2b6c6b3a-28c9-458c-9ffa-76aefcc26451,"{<resource_manager.instance.OnPremInstance object at 0x11f13f770>: [(5, 27777.504, 38429.112), (2, 38429.112, None), (6, 44399.112, None)]}",317.28833254019617,146851.9948022531,27777.504,19178.792601882993,1,172.37798950490532,27777.504,49189.84038743977,True,273.66496887278544,315.65424936835,41.98928049556456
lamf-test-2f12deb2-00c6-45f2-bf9e-431fba73627e,"{<resource_manager.instance.OnPremInstance object at 0x11f13f770>: [(6, 27807.504, 28317.504), (2, 28317.504, None), (6, 33708.576, None)]}",93.49967154984164,50466.46283032524,27807.504,19180.158221592992,1,55.53244444444444,27807.504,35474.17799999999,True,74.46752361396287,85.81092258996284,11.343398975999975
lamf-test-f9efe039-70ce-49b9-a1a8-bee3de1d2b34,"{<resource_manager.instance.OnPremInstance object at 0x11f13f770>: [(5, 27867.504, 29367.504), (2, 29367.504, None), (4, 38309.112, None)]}",307.9037058422363,146323.60961063302,27867.504,19181.158221592992,3,96.92480949121605,27867.504,45719.324387439774,True,106.23544045119573,134.56436572686917,28.328925275673434
lamf-test-8f4c62d4-1881-4ae7-91f8-3b9d5e4e648b,"{<resource_manager.instance.CloudReservedInstance object at 0x11f3611d0>: [(2, 28257.504, None)], <resource_manager.instance.CloudReservedInstance object at 0x11f1622c0>: [(3, 28257.504, None)], <resource_manager.instance.CloudOnDemandInstance object at 0x11f13fb60>: [(1, 28257.504, None)]}",53.33256697567134,33317.31133461671,28257.504,19189.25623754299,2,12.759647881195718,28257.504,33332.7113346167,False,33.72805130925572,,
lamf-test-920c97be-abc7-45c8-bf90-73719c07896c,"{<resource_manager.instance.OnPremInstance object at 0x11f13f770>: [(3, 28317.504, None)]}",49.27955402462038,33398.09340307774,28317.504,19193.08781429299,2,7.16123609583207,28317.504,32145.833000000002,True,12.349354874558875,17.007665601758877,4.658310727200003
lamf-test-915cb3ce-20ce-43ae-8b31-7f523a6333eb,"{<resource_manager.instance.OnPremInstance object at 0x11f13f770>: [(2, 28527.504, None), (6, 29577.504, None)]}",71.69092063889612,33234.476924107454,28527.504,19197.12960928099,3,19.621263974446723,28527.504,31894.941999999995,True,31.393267929120018,39.76465075152,8.371382822399983
lamf-test-eb592d2c-c121-4645-b005-4e7f00d8eb14,"{<resource_manager.instance.OnPremInstance object at 0x11f13f770>: [(5, 29127.504, None)]}",65.43723826831173,33533.18199717681,29127.504,19199.36892921499,1,,29127.504,32455.981000000003,True,43.79241927142751,50.542570627427516,6.750151356000004
lamf-test-821bad57-9b5b-4590-ab6a-b75593f800f8,"{<resource_manager.instance.OnPremInstance object at 0x11f13f770>: [(4, 29247.504, 33738.576), (1, 33738.576, None), (3, 76133.4, None), (8, 77783.4, None)]}",293.93899056747387,147067.4511769085,29247.504,19207.10879863099,3,101.84669860825916,29247.504,80786.533,True,156.6608989276751,198.4363636924751,41.775464764800006
lamf-test-2ec8c349-ada1-458e-a7a4-ab9b6322b2cf,"{<resource_manager.instance.OnPremInstance object at 0x11f13f770>: [(4, 29277.504, None)]}",57.00450481534605,33364.78603336813,29277.504,19208.60243788099,2,2.1852967246427712,29277.504,30290.338,True,3.688904704678057,5.332126586278055,1.6432218815999982
lamf-test-3d742955-a0c8-4cdc-8c38-f5e5804b4cff,"{<resource_manager.instance.OnPremInstance object at 0x11f13f770>: [(4, 29367.504, None)]}",303.65987588610506,147051.51343630892,29367.504,19212.02484477449,1,52.54992835957107,29367.504,42481.038,True,138.62508373260323,159.90048129420322,21.2753975616
lamf-test-b18ea74a-e7ea-41d7-821c-d4f1a5e50746,"{<resource_manager.instance.OnPremInstance object at 0x11f13f770>: [(4, 29397.504, 30987.504), (1, 30987.504, None), (3, 43799.112, None)]}",93.66823018165961,50139.946021462034,29397.504,19221.91373818099,3,39.929436459046315,29397.504,47516.242,True,51.77599513270969,65.58267104950968,13.806675916799996
lamf-test-cf4eee4f-df46-4434-9c29-6bf0f44daf4d,"{<resource_manager.instance.OnPremInstance object at 0x11f13f770>: [(6, 30237.504, None)]}",53.667029478259835,33865.979641405305,30237.504,19765.99746180499,2,13.44558609481124,30237.504,33881.3796414053,False,15.74828343905267,,
lamf-test-7c801ce0-8eb2-4e0d-9312-eaf55e74d22a,"{<resource_manager.instance.OnPremInstance object at 0x11f13f770>: [(2, 30267.504, None), (6, 60773.4, None)]}",282.54429039316733,147481.90858246374,30267.504,19774.13678812999,2,82.92935576846075,30267.504,63777.941999999995,True,104.08229176618038,138.57781248298036,34.49552071679998
lamf-test-4d1918b0-1458-45e2-b527-a49166860d07,"{<resource_manager.instance.OnPremInstance object at 0x11f13f770>: [(6, 30987.504, 32438.04), (1, 32438.04, None), (11, 35298.576, None)]}",99.90881249240506,50913.36877569597,30987.504,19778.29998104299,2,26.309072452264573,30987.504,37803.45515560497,True,31.136818226623365,48.01882386398387,16.882005637360503
lamf-test-4fd50982-b738-4cdf-bdb5-50cd3dff6874,"{<resource_manager.instance.OnPremInstance object at 0x11f13f770>: [(2, 31017.504, None)]}",66.98837614575113,34017.922959745185,31017.504,19783.28465154199,2,1.3048654846545453,31017.504,34033.32295974518,False,8.198412642788039,,
lamf-test-308f236e-0576-4952-874f-b146870f6d77,"{<resource_manager.instance.OnPremInstance object at 0x11f13f770>: [(3, 31047.504, None)]}",296.126707886245,147319.15732740762,31047.504,19784.28465154199,3,,31047.504,43466.229,True,56.66769336071183,71.77879794071183,15.11110458
lamf-test-17fee575-0b26-45f7-83d5-67d080c53e61,"{<resource_manager.instance.CloudReservedInstance object at 0x11f3684d0>: [(1, 31077.504, None)], <resource_manager.instance.CloudReservedInstance object at 0x11f3611d0>: [(2, 31077.504, None)], <resource_manager.instance.CloudReservedInstance object at 0x11f162520>: [(1, 31077.504, None)], <resource_manager.instance.CloudOnDemandInstance object at 0x11f162780>: [(1, 31077.504, 51582.864)]}",339.37001802300927,147621.47831365227,31077.504,19799.442291515992,3,98.76589854741805,31077.504,128133.99065941076,True,351.0448162274292,687.0830308510587,336.0382146236295
lamf-test-c8945c61-1ea7-4681-928a-edc22713889d,"{<resource_manager.instance.OnPremInstance object at 0x11f13f770>: [(5, 31227.504, 36708.576), (2, 36708.576, None)]}",305.7727422550137,147637.29455813312,31227.504,19809.767451425992,2,21.934144335595246,31227.504,40689.575,True,32.75636973047911,47.101370135279105,14.345000404799997
lamf-test-416bbbfd-81e6-4f7c-9a56-8c0e7175f623,"{<resource_manager.instance.CloudOnDemandInstance object at 0x11f162780>: [(3, 31527.504, 44729.112), (2, 44729.112, None)]}",318.1012839054559,147476.3403906268,31527.504,19818.66696716699,2,42.58550978947091,31928.04,44741.5931462339,False,42.61943940807412,,
lamf-test-3e7fd149-2562-452d-b778-aa63ebe3ca13,"{<resource_manager.instance.OnPremInstance object at 0x11f13f770>: [(2, 32168.04, None)]}",306.14407437283273,148082.1917908089,32168.04,20373.85808492399,2,13.595262998067243,32168.04,51231.782,True,51.82420613366502,67.28871364406503,15.464507510399999
lamf-test-e18205c9-e6f7-4d1b-94fe-6bdf96998c05,"{<resource_manager.instance.OnPremInstance object at 0x11f13f770>: [(6, 32468.04, None)]}",110.9772195614234,51597.45475229907,32468.04,20378.46431680499,1,61.08988911704313,32468.04,37501.42,True,79.23869952087607,91.48793308887606,12.249233567999994
lamf-test-55230e23-b521-4f16-a8cb-73a7c6580475,"{<resource_manager.instance.CloudReservedInstance object at 0x11f361450>: [(4, 32828.04, None)], <resource_manager.instance.CloudOnDemandInstance object at 0x11f162780>: [(1, 58223.4, None), (4, 94853.4, None)], <resource_manager.instance.CloudReservedInstance object at 0x11f3684d0>: [(3, 94853.4, None)]}",312.3489385286271,147950.59514942614,32828.04,20384.94644993099,2,508.81530818793897,32828.04,132633.0529377449,True,681.7653190512511,1442.2782836086753,760.5129645574242
lamf-test-56207b5b-5fb7-4cc8-b917-b36e1b064de2,"{<resource_manager.instance.CloudOnDemandInstance object at 0x11f162780>: [(2, 32858.04, None)], <resource_manager.instance.CloudOnDemandInstance object at 0x11f361810>: [(1, 32858.04, None)], <resource_manager.instance.CloudOnDemandInstance object at 0x11f1623f0>: [(1, 32858.04, None)], <resource_manager.instance.CloudOnDemandInstance object at 0x11f13fb60>: [(1, 32858.04, None)]}",317.0752713451876,148102.44450307754,32858.04,20386.48232149499,2,514.5485767828677,33258.576,108976.20008337742,True,606.8056780260013,1234.0040934810145,627.1984154550132
lamf-test-2148cf4d-7170-4032-92ad-bc67bc5cec9e,"{<resource_manager.instance.OnPremInstance object at 0x11f13f770>: [(3, 33288.576, 41249.112), (2, 41249.112, None)]}",290.5571510371029,147830.10981138732,33288.576,20388.51568040399,3,77.06914898471365,33288.576,69515.03300000001,True,122.31112632139327,154.92682164139327,32.61569532000001
lamf-test-6f91592c-afdd-4bec-8b7a-080c324249f5,"{<resource_manager.instance.OnPremInstance object at 0x11f13f770>: [(5, 33318.576, 34278.576), (2, 34278.576, None)]}",112.19170754417485,51539.55776662972,33318.576,20394.24232123499,3,38.72700889801506,33318.576,48403.386,True,50.269404517453786,63.674330389453786,13.404925871999998
lamf-test-58f4bde2-1252-4878-b4ed-54f9ec3d6ddb,"{<resource_manager.instance.CloudReservedInstance object at 0x11f3684d0>: [(3, 33348.576, 39749.112), (2, 39749.112, None)]}",306.6623561408906,148245.16491203636,33348.576,20410.02114782999,3,101.92438056125941,33348.576,70959.44064467572,True,124.14976848330889,213.3139310853964,89.16416260208752
lamf-test-9fd69545-924f-4ce5-9308-d2123ccec4dc,"{<resource_manager.instance.CloudReservedInstance object at 0x11f3611d0>: [(2, 33378.576, None)], <resource_manager.instance.CloudReservedInstance object at 0x11f1622c0>: [(1, 33378.576, None)]}",61.631240803228884,34532.94916909114,33378.576,20411.02114782999,1,5.290136132025249,33378.576,34690.45199551856,False,6.252254598765159,,
lamf-test-927fb6c3-ba3c-488b-96a5-466be1c02fa9,"{<resource_manager.instance.CloudReservedInstance object at 0x11f1622c0>: [(2, 33438.576, None)], <resource_manager.instance.CloudOnDemandInstance object at 0x11f162780>: [(1, 33438.576, None)], <resource_manager.instance.CloudOnDemandInstance object at 0x11f361810>: [(3, 33438.576, None)]}",330.8093779162473,147974.82744966514,33438.576,20412.02114782999,1,649.8335605749485,33438.576,133236.95954458482,True,1229.548873239238,1785.006716371688,555.4578431324502
lamf-test-1e5c4d41-c6bb-47f9-a0f9-f492c659a647,"{<resource_manager.instance.OnPremInstance object at 0x11f13f770>: [(6, 33918.576, 36408.576), (1, 36408.576, None)]}",295.19389174920065,148216.49176864146,33918.576,20417.19113907499,3,22.724161533196437,33918.576,49798.364,True,43.09040687504753,54.58096888784753,11.490562012800002
lamf-test-5fc71200-6539-46cf-9073-1ac0b6be235f,"{<resource_manager.instance.CloudReservedInstance object at 0x11f1622c0>: [(1, 34578.576, None)], <resource_manager.instance.CloudOnDemandInstance object at 0x11f162780>: [(2, 34578.576, None)], <resource_manager.instance.CloudOnDemandInstance object at 0x11f361810>: [(2, 34578.576, None)]}",298.6298021940167,147895.8330424544,34578.576,20425.34562570799,2,694.0861885230013,34578.576,147911.23304245443,False,768.0035843828414,,
lamf-test-d81a676f-ccce-4b38-95bc-838588f989f1,"{<resource_manager.instance.CloudReservedInstance object at 0x11f3611d0>: [(2, 34758.576, None)], <resource_manager.instance.CloudReservedInstance object at 0x11f1622c0>: [(1, 34758.576, None)], <resource_manager.instance.CloudReservedInstance object at 0x11f3684d0>: [(1, 40199.112, None)]}",93.67827368323229,51476.655014395365,34758.576,20426.34562570799,1,48.89575298501787,34758.576,45624.147679897884,True,67.04962193042479,88.11384537157898,21.064223441154176
lamf-test-bff6c6c8-6ce7-4a14-8d30-c8d69887c972,"{<resource_manager.instance.OnPremInstance object at 0x11f13f770>: [(4, 34938.576, None)]}",62.55972404682857,35016.22047712671,34938.576,20981.64632426699,2,,34938.576,35031.62047712671,False,0.3388829851851521,,
lamf-test-8aea85bd-3d6c-4aba-b7de-dd2346b0e93e,"{<resource_manager.instance.OnPremInstance object at 0x11f13f770>: [(6, 35178.576, 39149.112), (2, 39149.112, None), (8, 59513.4, None)]}",302.51103083949494,148619.7315286921,35178.576,20986.063057865988,1,172.46675792835958,35178.576,61159.011,True,215.76901711156734,248.62582216276732,32.85680505119999
lamf-test-f3f23406-4146-4e8a-b0d6-831939b9a4ea,"{<resource_manager.instance.OnPremInstance object at 0x11f13f770>: [(5, 35538.576, None)]}",57.3172776265575,35036.00804823023,35538.576,21002.679798809986,1,,35538.576,35553.975999999995,False,0.20261616852984965,,
lamf-test-232b6ce2-ea24-476c-b62f-210ae1decc5b,"{<resource_manager.instance.OnPremInstance object at 0x11f13f770>: [(4, 35598.576, 40589.112), (1, 40589.112, None)]}",311.1617610976437,148733.2619177968,35598.576,21003.679798809986,2,18.17633662501973,35598.576,71534.424,True,80.96550252012821,101.6135666737282,20.648064153599996
lamf-test-28862540-93f6-42de-8ec4-72cbed9815ad,"{<resource_manager.instance.OnPremInstance object at 0x11f13f770>: [(6, 36708.576, 41189.112), (1, 41189.112, None), (11, 51612.864, None)]}",315.0001679546882,148432.82268905515,36708.576,21013.282651428985,3,77.00504677161761,36708.576,53922.00446330862,True,98.89216451396067,125.26291919777638,26.37075468381572
lamf-test-5c2155b4-aa4a-428b-9192-860339f49ef5,"{<resource_manager.instance.CloudOnDemandInstance object at 0x11f1623f0>: [(2, 36738.576, 59873.4), (1, 59873.4, None)]}",326.1375748222798,148788.99222605702,36738.576,21014.282651428985,3,70.37744010951403,37139.112,59881.725381619384,False,70.39010324985836,,
lamf-test-8d46ff55-9a1d-4004-b52e-0bb94df560fe,"{<resource_manager.instance.OnPremInstance object at 0x11f13f770>: [(3, 37469.112, 41939.112), (2, 41939.112, None), (4, 52872.864, None)]}",314.6188735020299,148691.133138853,37469.112,21015.282651428985,1,94.73316541181839,37469.112,55063.383,True,129.71749806068902,149.356900721489,19.6394026608
lamf-test-b036c054-ee21-47f6-aca9-95247c096cfe,"{<resource_manager.instance.OnPremInstance object at 0x11f13f770>: [(6, 37589.112, None)]}",40.69689972228568,35255.7709762685,37589.112,21018.393660999485,3,,37589.112,37604.511999999995,False,0.14054300707272807,,
lamf-test-12047e13-b691-4e4d-bcc8-16e2900e16aa,"{<resource_manager.instance.OnPremInstance object at 0x11f13f770>: [(3, 37709.112, 42689.112), (2, 42689.112, None), (4, 67523.4, None)]}",306.19560311302496,148424.08865612265,37709.112,21020.879895684484,1,173.86374994296142,37709.112,70255.542,True,217.49823317362547,250.35241237042547,32.85417919680001
lamf-test-e050ad2a-f776-4985-ad86-c1f9e8bbb5cd,"{<resource_manager.instance.OnPremInstance object at 0x11f13f770>: [(3, 37739.112, 39749.112), (2, 39749.112, None), (8, 61103.4, None)]}",326.0139069441622,148516.13038571505,37739.112,21025.098936537484,3,148.51102897558738,37739.112,70174.62935398864,True,212.10870718668548,268.6699798720634,56.561272685377915
lamf-test-5a75690c-b8ed-48d0-b610-f947c287d86c,"{<resource_manager.instance.OnPremInstance object at 0x11f13f770>: [(5, 37889.112, None)]}",56.45454017440447,35178.91392638686,37889.112,21026.871270201485,3,,37889.112,37904.511999999995,False,0.11711917256060674,,
lamf-test-62ab7363-ee6e-4e41-9bd6-da86db171176,"{<resource_manager.instance.OnPremInstance object at 0x11f13f770>: [(6, 37919.112, 40919.112), (1, 40919.112, None), (3, 58793.4, None), (8, 61253.4, None)]}",317.6880653321237,148900.5752870179,37919.112,21027.871270201485,3,69.53272187999087,37919.112,63716.07199999999,True,114.48224503764528,145.01027740884524,30.52803237119996
lamf-test-e000b273-6e93-45bd-85e3-de8e007da692,"{<resource_manager.instance.OnPremInstance object at 0x11f13f770>: [(3, 37949.112, 44909.112), (2, 44909.112, None), (10, 71903.4, None)]}",284.69120725614476,149508.04830806976,37949.112,21577.257110959486,3,134.13731234314392,37949.112,75198.14492661723,True,174.01401645662298,220.41689338905437,46.40287693243139
lamf-test-62c9483c-2445-4359-99d9-4d8c66a14529,"{<resource_manager.instance.OnPremInstance object at 0x11f13f770>: [(3, 37979.112, 42449.112), (2, 42449.112, None)]}",345.02192360533996,149306.89208169052,37979.112,21581.593809646485,2,14.419245652418628,37979.112,49402.019,True,33.320513073904,44.399807232304,11.0792941584
lamf-test-1f9296c3-4641-4962-ac2a-3bdd3909621e,"{<resource_manager.instance.OnPremInstance object at 0x11f13f770>: [(2, 38009.112, None)]}",333.675220822951,149420.4561664336,38009.112,21587.823804025484,2,,38009.112,46450.765,True,22.9483784023552,29.7962473159552,6.847868913599998
lamf-test-9673f22e-b964-4aa7-bb78-d1e21e110802,"{<resource_manager.instance.OnPremInstance object at 0x11f13f770>: [(3, 38069.112, None)]}",52.254300807909324,35746.85716648664,38069.112,21592.227322453484,1,,38069.112,38084.511999999995,False,0.12297513118863707,,
lamf-test-5f1a507d-a26f-433c-85e6-51ac89f0d432,"{<resource_manager.instance.OnPremInstance object at 0x11f13f770>: [(4, 38189.112, None)]}",64.02975273459877,35874.70340107411,38189.112,21598.929020476484,3,,38189.112,38204.511999999995,False,0.09369533804848537,,
lamf-test-b2a69e4a-f75e-4751-ad43-b2adf397fd45,"{<resource_manager.instance.OnPremInstance object at 0x11f13f770>: [(5, 38249.112, 38759.112), (2, 38759.112, None), (4, 41159.112, None)]}",99.34731245959347,52884.88863679816,38249.112,21605.992288108482,1,24.460415240702716,38249.112,42714.698628634964,True,44.513133471240565,51.279969090686606,6.766835619446045
lamf-test-396956b2-43cb-496d-8f0c-0ee7a61c67dd,"{<resource_manager.instance.CloudReservedInstance object at 0x11f13fcb0>: [(1, 38279.112, None)], <resource_manager.instance.CloudOnDemandInstance object at 0x11f13fb60>: [(1, 38279.112, None)]}",82.48316532935924,52842.4268017141,38279.112,21622.739611129484,1,,38279.112,52857.826801714094,False,56.91490048581566,,
lamf-test-2b83bd20-9a87-454f-8bc9-f6503da1f9d0,"{<resource_manager.instance.OnPremInstance object at 0x11f13f770>: [(3, 38759.112, None), (5, 47880.72, None)]}",93.14423892083788,52718.629154085036,38759.112,21623.739611129484,2,29.42431912686062,38759.112,48373.520000000004,True,32.98607068626296,45.68428074066297,12.698210054400011
lamf-test-33fae0e0-9739-4c13-8834-0589e7587a07,"{<resource_manager.instance.CloudReservedInstance object at 0x11f13fcb0>: [(2, 38789.112, None), (1, 46850.184, None)], <resource_manager.instance.CloudOnDemandInstance object at 0x11f1623f0>: [(1, 46850.184, None)], <resource_manager.instance.CloudOnDemandInstance object at 0x11f13fb60>: [(1, 46850.184, None)]}",87.86109604520695,52853.439979003066,38789.112,21629.958258551484,2,18.467444186912942,38789.112,48927.17875780214,True,34.54306341358759,57.045321040316246,22.502257626728657
lamf-test-e5f8465a-4435-4b7a-801a-354ef982dcda,"{<resource_manager.instance.OnPremInstance object at 0x11f13f770>: [(3, 39029.112, None)]}",304.6031866584939,149969.83116344706,39029.112,22173.382450784484,1,,39029.112,65544.08899999999,True,211.73264772986533,243.99607174346534,32.263424013599995
lamf-test-fd51a7dd-bca8-4714-a851-595e00860b67,"{<resource_manager.instance.OnPremInstance object at 0x11f13f770>: [(3, 39059.112, None), (5, 40199.112, None)]}",86.19568247701017,53466.472760765464,39059.112,22192.314189560482,3,29.295003422313485,39059.112,43658.68241908997,True,47.29875025130392,59.91151634716706,12.612766095863137
lamf-test-56707fec-34cd-4c0e-a454-d4551f611032,"{<resource_manager.instance.OnPremInstance object at 0x11f13f770>: [(4, 39149.112, 44609.112), (1, 44609.112, None)]}",312.7950515260771,150010.99133186205,39149.112,22193.38673543648,3,33.219256217202826,39149.112,62679.73500000001,True,60.705183664156976,76.89293235295698,16.187748688800003
lamf-test-f14e2551-1aeb-4008-9226-cf172ac76d45,"{<resource_manager.instance.OnPremInstance object at 0x11f13f770>: [(2, 40109.112, None)]}",113.07976716267329,53388.849886279415,40109.112,22196.32062164948,2,11.825343454681818,40109.112,47941.755999999994,True,21.292805852471894,27.646646665271888,6.353840812799994
lamf-test-3bd57c11-f664-4998-9d53-96c6dc4f87c4,"{<resource_manager.instance.OnPremInstance object at 0x11f13f770>: [(4, 40769.112, 45749.112), (2, 45749.112, None), (8, 62123.4, None)]}",326.99178124993756,150225.22142777054,40769.112,22216.34462635448,1,283.94360392425256,40769.112,69558.59479099597,True,336.7078747953915,388.2273992932711,51.51952449787963
lamf-test-43098e09-15cf-41fe-b455-41529b19decc,"{<resource_manager.instance.OnPremInstance object at 0x11f13f770>: [(4, 40889.112, None)]}",67.69762432994189,36280.662430567805,40889.112,22225.345011443478,1,,40889.112,40904.511999999995,False,0.16279564985924336,,
lamf-test-79b31340-0554-44ef-87de-f4504dbdfc60,"{<resource_manager.instance.OnPremInstance object at 0x11f13f770>: [(6, 40919.112, 43409.112), (1, 43409.112, None)]}",304.54338810954675,150221.56135786563,40919.112,22771.281037508477,1,64.39416107688798,40919.112,69712.034,True,113.21302867138185,129.94115783458184,16.7281291632
lamf-test-e846f77b-9785-4a57-980e-5e6be4c30da6,"{<resource_manager.instance.OnPremInstance object at 0x11f13f770>: [(3, 40949.112, 44429.112), (2, 44429.112, None), (8, 59303.4, None)]}",318.0816768556553,150660.0364244988,40949.112,22773.06427802648,3,181.13708418891156,40949.112,68832.14276669413,True,206.0628240428037,261.0118911301151,54.94906708731139
lamf-test-1bfc2de0-7e2f-450e-9736-96acfe81a2a7,"{<resource_manager.instance.OnPremInstance object at 0x11f13f770>: [(5, 40979.112, 41489.112), (2, 41489.112, None), (4, 42779.112, None)]}",88.34113338193856,54047.35580914758,40979.112,22775.299328804478,1,32.84052019164956,40979.112,45922.102000000006,True,63.871617613506814,73.60112607750682,9.729508464000013
lamf-test-ff8adf42-1018-4980-bdfd-c498e4f1b637,"{<resource_manager.instance.OnPremInstance object at 0x11f13f770>: [(2, 41009.112, None)]}",50.99968955238831,36878.68055396399,41009.112,22783.748329250477,1,,41009.112,41024.511999999995,False,0.08315461251803077,,
lamf-test-9655ffad-b7de-4846-8625-1393b7fdfd45,"{<resource_manager.instance.OnPremInstance object at 0x11f13f770>: [(3, 41069.112, 44069.112), (2, 44069.112, 49041.792), (1, 49041.792, None), (7, 65423.4, None)]}",323.69507710357215,150460.07102076593,41069.112,22784.792811881478,1,96.90316951859458,41069.112,68429.342,True,160.4556735873451,184.53797240974512,24.082298822400013
lamf-test-d1831f12-882c-4e14-bb62-b9776ced5649,"{<resource_manager.instance.OnPremInstance object at 0x11f13f770>: [(3, 41249.112, None)]}",62.263052342770514,36918.743971772354,41249.112,22789.23195269048,3,,41249.112,41264.511999999995,False,0.07027150353636404,,
lamf-test-9c4c82a6-08d5-47bd-9589-83ce8af6f468,"{<resource_manager.instance.OnPremInstance object at 0x11f13f770>: [(6, 41489.112, None)]}",291.9040113839834,150498.49336394516,41489.112,22791.66515079548,3,,41489.112,49673.491,True,74.6920282911248,94.6095330255248,19.917504734400005
lamf-test-0d7701be-3ce7-49c1-9391-e93bc28aface,"{<resource_manager.instance.OnPremInstance object at 0x11f13f770>: [(2, 41669.112, None)]}",74.93798997685712,36973.88910320319,41669.112,22796.45394427148,3,,41669.112,41684.511999999995,False,0.046847669024242686,,
lamf-test-df81467a-4b45-4bf0-9c71-c38863eca94a,"{<resource_manager.instance.OnPremInstance object at 0x11f13f770>: [(3, 41699.112, None), (9, 45059.112, None)]}",90.94794091988545,54000.491943022644,41699.112,22800.66592550648,2,13.344876173971691,41699.112,45860.43547735321,True,17.53301366716421,25.52166329613775,7.988649628973541
lamf-test-a691c5b1-12d1-40f2-af64-e72afc904125,"{<resource_manager.instance.OnPremInstance object at 0x11f13f770>: [(5, 41729.112, None)]}",99.92248787916859,53954.78217401504,41729.112,22802.30507228048,3,,41729.112,45694.362,True,30.15628564909879,38.19781264909879,8.041526999999999
lamf-test-08f07093-2907-4ba0-a255-32c22f0fcc78,"{<resource_manager.instance.OnPremInstance object at 0x11f13f770>: [(3, 41939.112, 44939.112), (1, 44939.112, None)]}",298.09142219625704,150496.45639445347,41939.112,22805.22634054448,3,13.689253935660505,41939.112,47929.719999999994,True,18.238053083884694,23.10144368868469,4.8633906047999975
lamf-test-2809816c-7bfc-46e3-bb73-0ce9925ea853,"{<resource_manager.instance.OnPremInstance object at 0x11f13f770>: [(2, 42569.112, None)]}",50.90207279429441,36970.00919541542,42569.112,22806.22634054448,1,,42569.112,42584.511999999995,False,0.08315461251803077,,
lamf-test-327a626d-9865-47f8-8ba0-52996ec1940c,"{<resource_manager.instance.OnPremInstance object at 0x11f13f770>: [(4, 42629.112, None)]}",74.39841740073138,36946.537621305484,42629.112,22807.22634054448,1,,42629.112,42644.511999999995,False,0.16279564985924336,,
lamf-test-44149545-c52b-4763-ae20-c3268c37dc6f,"{<resource_manager.instance.OnPremInstance object at 0x11f13f770>: [(6, 43289.112, None)]}",109.24225266973586,53884.284288904484,43289.112,22808.22634054448,2,19.84424040254422,43289.112,48923.651999999995,True,24.351635923134417,38.0638524671344,13.712216543999986
lamf-test-457a1c73-20e1-45f7-a144-19901295fb3b,"{<resource_manager.instance.OnPremInstance object at 0x11f13f770>: [(4, 43409.112, None)]}",49.05334152829353,36971.06370033491,43409.112,22809.22634054448,1,,43409.112,43424.511999999995,False,0.16279564985924336,,
lamf-test-dd9abd19-48be-42ba-b1bc-fa915a5dcef1,"{<resource_manager.instance.OnPremInstance object at 0x11f13f770>: [(4, 43439.112, 46940.184), (2, 46940.184, None), (6, 66293.4, None)]}",320.9475259671587,150498.7732684322,43439.112,22822.122691764478,2,84.58267364083791,43439.112,70380.96413274574,True,94.14035904272961,128.783155172663,34.64279612993337
lamf-test-6f2e770b-ffa0-4b22-be2e-700e1acc453c,"{<resource_manager.instance.OnPremInstance object at 0x11f13f770>: [(6, 43529.112, 45539.112), (1, 45539.112, None)]}",314.03861715723247,150333.54829787088,43529.112,22827.10753622748,3,27.4450558977869,43529.112,58971.390999999996,True,38.77447562552284,49.11414398792284,10.339668362399998
lamf-test-32172143-1bae-4833-a5f0-e53bac6ac6d4,"{<resource_manager.instance.OnPremInstance object at 0x11f13f770>: [(6, 43709.112, None)]}",101.07515126388836,54015.57638048532,43709.112,22832.169457182477,1,39.365043121149895,43709.112,47353.04220954498,True,57.36508885662874,66.23295741457741,8.867868557948668
lamf-test-3b06725f-04eb-4610-a2d8-34a69a9c127f,"{<resource_manager.instance.OnPremInstance object at 0x11f13f770>: [(5, 44069.112, None)]}",123.85755114021583,54599.49804784705,44069.112,23388.068754042477,3,25.25722108145106,44069.112,51757.43339706547,True,58.470768857445194,74.06268465069397,15.59191579324877
lamf-test-73802176-7b43-45cb-be2f-758b39305344,"{<resource_manager.instance.OnPremInstance object at 0x11f13f770>: [(4, 44939.112, None)]}",57.80879755607951,37546.53649406886,44939.112,23389.26702169798,3,,44939.112,44954.511999999995,False,0.09369533804848537,,
lamf-test-bfb0cddb-1544-48a4-b06e-9eadc91468fd,"{<resource_manager.instance.CloudReservedInstance object at 0x11f3684d0>: [(1, 45689.112, None)], <resource_manager.instance.CloudReservedInstance object at 0x11f3611d0>: [(2, 45689.112, None)], <resource_manager.instance.CloudReservedInstance object at 0x11f1622c0>: [(1, 45689.112, None)], <resource_manager.instance.CloudOnDemandInstance object at 0x11f162780>: [(2, 45689.112, None)]}",95.51732021748852,54669.85029785671,45689.112,23390.26702169798,2,59.94636612052335,45689.112,54685.250297856706,False,76.34551723704057,,
lamf-test-3e227187-9182-4a9b-bf09-75d5b5a39b59,"{<resource_manager.instance.OnPremInstance object at 0x11f13f770>: [(2, 45749.112, None), (6, 58883.4, None)]}",320.9833484047092,151182.0681657645,45749.112,23393.72032591298,2,88.50756190814212,45749.112,69308.1057414284,True,109.09842512809324,153.5790447434801,44.48061961538687
lamf-test-0fdcad07-bf2d-4d92-8354-0c4ee7d909cf,"{<resource_manager.instance.CloudOnDemandInstance object at 0x11f162780>: [(1, 45779.112, None)], <resource_manager.instance.CloudOnDemandInstance object at 0x11f13fb60>: [(5, 45779.112, None)]}",57.46774388158159,37491.4576875158,45779.112,23395.41812637098,1,,46179.648,46195.047999999995,False,4.8503196694298,,
lamf-test-f86b8860-b2ed-456c-9f30-6f6a9139ebf4,"{<resource_manager.instance.OnPremInstance object at 0x11f13f770>: [(5, 46209.648, 50682.864), (2, 50682.864, None), (4, 64073.4, None)]}",305.1378797801942,151486.44634302476,46209.648,23400.57773646698,3,129.78500570385575,46209.648,72308.73,True,149.91122062514253,189.88680456434253,39.975583939199986
lamf-test-a37f5b70-4c4f-44b3-a817-99539c326610,"{<resource_manager.instance.OnPremInstance object at 0x11f13f770>: [(4, 46239.648, None)]}",57.694188998700625,37490.93757876857,46239.648,23404.236877623982,3,,46239.648,46255.047999999995,False,0.09369533804848537,,
lamf-test-a0961e5f-36f8-49a0-be25-041d077e1525,"{<resource_manager.instance.OnPremInstance object at 0x11f13f770>: [(2, 46269.648, None)]}",302.7913218356865,151147.69357858325,46269.648,23407.24018267298,2,12.160302424592642,46269.648,60596.299999999996,True,38.946570219702096,50.56835032210209,11.621780102399995
lamf-test-e9e3c180-3644-4ec5-bd7f-fb857cf9758f,"{<resource_manager.instance.OnPremInstance object at 0x11f13f770>: [(5, 46299.648, None)]}",277.1468078662494,151159.64317412596,46299.648,23408.24018267298,1,,46299.648,50779.62899999999,True,58.94263540953675,68.02803687753674,9.085401467999985
lamf-test-9329565e-0cc9-410e-9937-6b7537e158ae,"{<resource_manager.instance.OnPremInstance object at 0x11f13f770>: [(6, 46329.648, 50802.864), (2, 50802.864, None)]}",289.93639360238836,151028.05420158766,46329.648,23413.83400901898,1,70.42023819301849,46329.648,59733.390999999996,True,118.64195976880369,136.7724217288037,18.130461959999998
lamf-test-f542227f-df52-4f0c-ae96-9700636101a5,"{<resource_manager.instance.OnPremInstance object at 0x11f13f770>: [(6, 46359.648, 46850.184), (2, 46850.184, None), (4, 52062.864, None)]}",98.85116440229747,54595.32326217026,46359.648,23414.83400901898,3,30.190244125028514,46359.648,54610.72326217026,False,43.58617624613511,,
lamf-test-9aa73522-f6c8-49a8-a56a-28cd17720766,"{<resource_manager.instance.OnPremInstance object at 0x11f13f770>: [(6, 46389.648, None)]}",99.02000673984057,54656.80254685608,46389.648,23419.06098623398,1,,46389.648,49145.796,True,43.38905133470227,50.09641310750228,6.707361772800003
lamf-test-20435df7-63e4-419e-8d22-d33076e8dcf2,"{<resource_manager.instance.CloudOnDemandInstance object at 0x11f162780>: [(1, 46419.648, None)], <resource_manager.instance.CloudOnDemandInstance object at 0x11f13fb60>: [(1, 46419.648, 69803.4)]}",307.8323914198774,151152.18587969837,46419.648,23424.00078898198,2,87.43115663786776,46820.184,69812.70070441584,False,87.45002810610526,,
lamf-test-79eb9a19-2e44-423f-814a-791df0f7734e,"{<resource_manager.instance.OnPremInstance object at 0x11f13f770>: [(2, 46850.184, None), (4, 50892.864, None)]}",110.61449386789155,55081.852298373604,46850.184,23986.31349974698,3,12.298060689025782,46850.184,51579.03200000001,True,18.560146018708693,23.509426479508704,4.949280460800012
lamf-test-7f97cbae-fe7b-4dba-87f8-0ca2882583a5,"{<resource_manager.instance.OnPremInstance object at 0x11f13f770>: [(4, 46880.184, None), (8, 48491.256, None)]}",101.33638951109616,55101.618385124224,46880.184,23987.88130070698,2,28.123565382738548,46880.184,52571.29466990848,True,40.637339291927134,63.10950671890568,22.472167426978544
lamf-test-6c201a0a-e193-4746-b7c6-ff82b4d5eeef,"{<resource_manager.instance.OnPremInstance object at 0x11f13f770>: [(6, 47420.184, 51912.864), (1, 51912.864, None), (9, 59363.4, None)]}",319.4947582934635,151834.2329909458,47420.184,23989.31970573898,2,68.24552839407842,47420.184,65496.96718378298,True,78.43459138725088,117.26766333427464,38.83307194702377
lamf-test-4b6bc7a8-825f-4ed7-a11d-b9402493f256,"{<resource_manager.instance.CloudOnDemandInstance object at 0x11f13fb60>: [(2, 47450.184, None)]}",315.0940754980354,151667.95121759814,47450.184,23990.31970573898,2,79.04484859445512,47850.72,137236.84564880677,True,205.69598717497817,511.2579540981974,305.5619669232192
lamf-test-0c64519c-480b-40a3-83cb-e32930215173,"{<resource_manager.instance.CloudOnDemandInstance object at 0x11f361310>: [(1, 47880.72, None)], <resource_manager.instance.CloudOnDemandInstance object at 0x11f1623f0>: [(3, 47880.72, None)]}",305.2027703895845,151658.2775539046,47880.72,23997.35836211498,3,304.16852992623006,48281.256,151673.6775539046,False,526.2400565513452,,
lamf-test-545db71e-0ac4-4fd9-bae7-0ae698ee188a,"{<resource_manager.instance.OnPremInstance object at 0x11f13f770>: [(5, 48431.256, 52422.864), (2, 52422.864, None)]}",303.0498265026395,151830.69127014762,48431.256,23998.35836211498,2,15.973609907535728,48431.256,56897.909,True,28.13888441331885,39.864021941318846,11.725137527999998
lamf-test-4f1fe545-8677-4a84-8abf-5cf06961f85c,"{<resource_manager.instance.OnPremInstance object at 0x11f13f770>: [(6, 48461.256, None)]}",310.3840944895742,151570.0325076602,48461.256,24001.95346162398,2,,48461.256,58116.026999999995,True,41.72647071690617,65.22232142250616,23.495850705599985
lamf-test-6e9b564f-bd08-4a74-adb5-0f54b0e3a954,"{<resource_manager.instance.CloudOnDemandInstance object at 0x11f1623f0>: [(1, 48491.256, None)], <resource_manager.instance.CloudOnDemandInstance object at 0x11f13fb60>: [(1, 48491.256, None)]}",95.10170299612852,55184.09569617329,48491.256,24003.13462607598,2,,48891.792,55199.49569617328,False,25.081909679870396,,
lamf-test-cf5ee26c-33df-418f-9253-bf22cfb1db3e,"{<resource_manager.instance.CloudReservedInstance object at 0x11f13fcb0>: [(3, 49041.792, None)]}",86.78911405093122,55090.671779677476,49041.792,24004.13462607598,3,7.912607802874743,49041.792,54432.29555673797,True,16.398216006503816,28.08051531466634,11.682299308162523
lamf-test-20bd965c-e3af-463e-ad6b-f7ce4b078baa,"{<resource_manager.instance.OnPremInstance object at 0x11f13f770>: [(5, 49221.792, None)]}",49.20241958092055,38200.58626184837,49221.792,24005.13462607598,2,,49221.792,49237.191999999995,False,0.06162769304399561,,
lamf-test-d80357f1-4d3d-475b-a1da-53fbb3ddaa84,"{<resource_manager.instance.OnPremInstance object at 0x11f13f770>: [(6, 49281.792, None)]}",308.2995677163823,151808.31395149138,49281.792,24006.13462607598,1,78.25780698151951,49281.792,64889.95123429971,True,245.71366351053615,283.69767982312794,37.98401631259178
lamf-test-0b008ed2-19e2-4099-a5b7-5ad49013ab38,"{<resource_manager.instance.OnPremInstance object at 0x11f13f770>: [(6, 49341.792, None)]}",98.70843455961634,55286.54761601545,49341.792,24012.52283228298,3,31.95137577002053,49341.792,54001.876,True,42.52871549167232,53.86949591407231,11.34078042239999
lamf-test-e31740c1-403e-4c71-8a7f-0330adf6a272,"{<resource_manager.instance.OnPremInstance object at 0x11f13f770>: [(5, 49461.792, None)]}",51.6673689623557,38103.85982493643,49461.792,24024.95133323598,1,,49461.792,49477.191999999995,False,0.20261616852984965,,
lamf-test-ff97215d-d288-4a40-9a08-b29190e7eee1,"{<resource_manager.instance.CloudOnDemandInstance object at 0x11f1623f0>: [(1, 49491.792, None)], <resource_manager.instance.CloudOnDemandInstance object at 0x11f13fb60>: [(3, 49491.792, None)]}",50.90199713640601,38082.792933751894,49491.792,24030.52845967098,1,,49892.328,49907.727999999996,False,3.416312114989686,,
lamf-test-0b722e5a-870b-4bb2-acf4-7c5f987aee07,"{<resource_manager.instance.OnPremInstance object at 0x11f13f770>: [(4, 49922.328, None)]}",60.84882595404457,38169.43729701641,49922.328,24032.66652212898,3,,49922.328,49937.727999999996,False,0.09369533804848537,,
lamf-test-86bee4c0-8211-4364-b2b2-315ff254f448,"{<resource_manager.instance.OnPremInstance object at 0x11f13f770>: [(4, 49952.328, None)]}",60.879551145103115,38731.1079359456,49952.328,24578.87463756198,1,,49952.328,49967.727999999996,False,0.16279564985924336,,
lamf-test-1fb51fa6-4d43-412b-9a86-c51ec772c644,"{<resource_manager.instance.OnPremInstance object at 0x11f13f770>: [(5, 49982.328, None)]}",79.83864331738259,38977.0139231188,49982.328,24583.34157338898,3,,49982.328,49997.727999999996,False,0.11711917256060674,,
lamf-test-ea68f53d-4ebe-4fb8-83dd-aa5b6c6a2310,"{<resource_manager.instance.OnPremInstance object at 0x11f13f770>: [(4, 50012.328, None)]}",110.2774483129196,55822.69668542684,50012.328,24584.38365249498,3,34.990171115674194,50012.328,55979.117999999995,False,36.30262377367096,,
lamf-test-ed127e72-be6f-436a-8fe9-27a8ad06a858,"{<resource_manager.instance.OnPremInstance object at 0x11f13f770>: [(6, 50042.328, 59003.4), (1, 59003.4, None), (3, 69143.4, None)]}",328.19458272409565,152501.12801194726,50042.328,24585.38365249498,3,97.20348619666893,50042.328,71602.66100000001,True,112.1659076735874,142.0762615391874,29.91035386560002
lamf-test-6250b41b-6866-44ee-9930-467c8f1f7d45,"{<resource_manager.instance.OnPremInstance object at 0x11f13f770>: [(6, 50072.328, None)]}",92.1601820634213,55806.85434293022,50072.328,24586.94476649098,3,24.18924024640657,50072.328,53719.452,True,33.28427104722789,42.15991201362788,8.875640966399992
lamf-test-4c84a4d8-5052-4c6f-afd2-7c5df767217c,"{<resource_manager.instance.OnPremInstance object at 0x11f13f770>: [(6, 50102.328, None)]}",71.28909006291121,38685.47473890535,50102.328,24587.94476649098,1,,50102.328,50117.727999999996,False,0.24243668720045594,,
lamf-test-e1378e61-db93-479c-b4b7-359d51f2c742,"{<resource_manager.instance.CloudReservedInstance object at 0x11f3684d0>: [(1, 50132.328, None)], <resource_manager.instance.CloudOnDemandInstance object at 0x11f162780>: [(1, 50132.328, None)], <resource_manager.instance.CloudOnDemandInstance object at 0x11f361810>: [(2, 50132.328, None)], <resource_manager.instance.CloudOnDemandInstance object at 0x11f361310>: [(2, 50132.328, None)]}",52.48076757861521,38852.45308874293,50132.328,24590.127016245977,1,,50132.328,50147.727999999996,False,0.16006286916616255,,
lamf-test-56573715-8535-4ef6-86b5-dcb681b21f75,"{<resource_manager.instance.OnPremInstance object at 0x11f13f770>: [(2, 50162.328, None), (6, 61793.4, None)]}",309.32301155717374,152616.49009936987,50162.328,24592.820391033976,2,88.0116776770689,50162.328,71889.82822124289,True,102.70079922297742,144.89681512166635,42.19601589868893
lamf-test-a8f2c75b-6fbc-476d-891d-92f88bfed8de,"{<resource_manager.instance.OnPremInstance object at 0x11f13f770>: [(6, 50192.328, None)]}",60.82789615796186,38844.37758196144,50192.328,24601.658748540976,2,,50192.328,50207.727999999996,False,0.06655648787942382,,
lamf-test-7c4919b0-6563-4e4b-a109-6e7eddf9dab2,"{<resource_manager.instance.CloudReservedInstance object at 0x11f3684d0>: [(1, 50222.328, None)], <resource_manager.instance.CloudOnDemandInstance object at 0x11f162780>: [(1, 50222.328, None)], <resource_manager.instance.CloudOnDemandInstance object at 0x11f361810>: [(2, 50222.328, 67283.4)]}",284.9077105670405,152337.1412558696,50222.328,24603.537657324978,3,77.85111567419571,50222.328,67295.26552831187,False,77.88721128089394,,
lamf-test-2b8a61cc-a82b-4153-b888-886b130ebdcb,"{<resource_manager.instance.CloudOnDemandInstance object at 0x11f361310>: [(2, 50252.328, None)], <resource_manager.instance.CloudOnDemandInstance object at 0x11f1623f0>: [(3, 50252.328, None)], <resource_manager.instance.CloudOnDemandInstance object at 0x11f13fb60>: [(1, 50252.328, None)]}",288.0380279745152,152635.19736732033,50252.328,24609.99791935898,1,,50652.864,152650.59736732036,False,1217.4509679639325,,
lamf-test-ecb2683b-9e41-48ec-91a2-6a6d38c45b39,"{<resource_manager.instance.OnPremInstance object at 0x11f13f770>: [(2, 50682.864, None), (8, 63803.4, None)]}",329.9077900544537,152569.5598966553,50682.864,24610.99791935898,3,143.95174081679204,50682.864,73841.44341129402,True,192.59488343286972,243.95256631227826,51.35768287940854
lamf-test-69f3610c-edfc-431a-ac62-c6c3e7603585,"{<resource_manager.instance.OnPremInstance object at 0x11f13f770>: [(5, 50832.864, None), (7, 54012.864, None)]}",101.55343618416583,55839.45749684957,50832.864,24613.56708432798,1,57.8964179785535,50832.864,55208.604,True,79.48713666438505,91.75608239238504,12.268945727999988
lamf-test-db07f320-f70e-4581-b141-d95e0791351c,"{<resource_manager.instance.OnPremInstance object at 0x11f13f770>: [(4, 50862.864, None)]}",67.5503798079176,38673.79025015561,50862.864,24624.68474567598,2,,50862.864,50878.263999999996,False,0.05608928259914327,,
lamf-test-f73d4880-234f-4ef4-b427-8c893deb0ab7,"{<resource_manager.instance.CloudReservedInstance object at 0x11f3684d0>: [(1, 51582.864, None)], <resource_manager.instance.CloudReservedInstance object at 0x11f3611d0>: [(2, 51582.864, None)], <resource_manager.instance.CloudOnDemandInstance object at 0x11f13fb60>: [(2, 51582.864, 64373.4)]}",289.55899307824876,152178.12221760178,51582.864,24625.68474567598,2,77.12580496623805,51582.864,64381.4171462339,False,77.1557808387227,,
lamf-test-870691de-e40a-44a6-b524-758dc9ee2699,"{<resource_manager.instance.OnPremInstance object at 0x11f13f770>: [(6, 51912.864, 56903.4), (1, 56903.4, None)]}",318.593861795503,152135.90597522535,51912.864,24627.813677543978,3,45.544476386036955,51912.864,61379.935,True,52.3534124268005,66.3140634324005,13.960651005599999
lamf-test-787e33de-2c34-4cf0-bd9d-1f6b1a5da962,"{<resource_manager.instance.OnPremInstance object at 0x11f13f770>: [(3, 52632.864, None)]}",98.72547788684845,56025.228715663456,52632.864,24631.12435951498,1,7.665982203969884,52632.864,56040.62871566345,False,27.212357984992174,,
lamf-test-95b7467a-1a49-4273-9a59-d080cf448191,"{<resource_manager.instance.OnPremInstance object at 0x11f13f770>: [(6, 52662.864, 55703.4), (1, 55703.4, None), (3, 61673.4, None)]}",303.1008089718593,152324.3244455971,52662.864,24633.63717316798,1,64.66506593657313,52662.864,64678.91499999999,True,97.12252505893977,111.81955300453976,14.697027945599988
lamf-test-4b6ef0de-0d6b-4c17-a583-0b04e2222603,"{<resource_manager.instance.OnPremInstance object at 0x11f13f770>: [(6, 52692.864, None)]}",304.5800255914627,152592.10427168696,52692.864,24634.63717316798,2,,52692.864,64608.67999999999,True,51.49836773881452,80.4966975564145,28.99832981759998
lamf-test-dfcd1cfc-af92-4194-9a51-c980d70402e7,"{<resource_manager.instance.OnPremInstance object at 0x11f13f770>: [(5, 52752.864, None)]}",104.89919658381315,55783.0564494093,52752.864,24637.94286820598,2,11.92750374770441,52752.864,55954.412000000004,False,12.811949182447583,,
lamf-test-3caf5282-95cc-4847-bdc6-12864fd51ff6,"{<resource_manager.instance.OnPremInstance object at 0x11f13f770>: [(2, 52812.864, None)]}",88.21646259362132,55610.798739655926,52812.864,24638.94286820598,1,15.607883185033083,52812.864,55754.08999999999,False,15.881591451821366,,
lamf-test-76f31f64-e074-4b6a-9579-e22c37b55e69,"{<resource_manager.instance.OnPremInstance object at 0x11f13f770>: [(5, 53952.864, None)]}",57.885218243385175,38885.57354512524,53952.864,24640.24824738498,3,,53952.864,53968.263999999996,False,0.11711917256060674,,
lamf-test-9e038649-678e-4ec1-8038-665a8a0ccdab,"{<resource_manager.instance.OnPremInstance object at 0x11f13f770>: [(6, 53982.864, 55973.4), (1, 55973.4, None), (5, 69383.4, None)]}",305.1144082584737,152378.470845873,53982.864,24641.24824738498,1,192.68468720054756,53982.864,79811.737,True,235.61956970111794,271.28123503391794,35.6616653328
lamf-test-816ecb3f-0729-4858-99cd-1237c929b94a,"{<resource_manager.instance.OnPremInstance object at 0x11f13f770>: [(6, 54072.864, 58043.4), (1, 58043.4, None)]}",325.447174391888,152817.21357251445,54072.864,25185.66508404598,1,62.506726899383985,54072.864,65985.98,True,84.85637021826753,97.74057707586752,12.884206857599999
lamf-test-9dd25f94-b2d8-4857-adb4-87c377066854,"{<resource_manager.instance.CloudReservedInstance object at 0x11f13fcb0>: [(3, 54492.864, 63683.4), (2, 63683.4, None)], <resource_manager.instance.CloudReservedInstance object at 0x11f3684d0>: [(1, 99113.4, None)], <resource_manager.instance.CloudReservedInstance object at 0x11f3611d0>: [(2, 99113.4, None)], <resource_manager.instance.CloudReservedInstance object at 0x11f1622c0>: [(1, 99113.4, None)]}",304.2337725718405,153864.97595784068,54492.864,25802.84732183098,2,106.15225069088004,54492.864,104713.4366736737,True,151.28265686516772,244.40003462657484,93.11737776140711
lamf-test-5d4708b4-be70-4e57-95c0-9df21e198378,"{<resource_manager.instance.OnPremInstance object at 0x11f13f770>: [(5, 54672.864, None)]}",119.73047030526563,57021.52605513863,54672.864,25809.59603544898,1,,54672.864,57036.926055138625,False,31.103714011634487,,
lamf-test-fe21cf99-74f2-4c6e-92c0-836166b37c9b,"{<resource_manager.instance.OnPremInstance object at 0x11f13f770>: [(3, 54702.864, 57203.4), (2, 57203.4, None), (4, 67643.4, None)]}",306.6266107573227,153620.37062450167,54702.864,25811.30972690098,3,53.29927446954138,54702.864,70325.289,True,67.64459958932245,85.68282486452247,18.03822527520002
lamf-test-af303474-9c6d-4cd6-af46-9ee1b2d1d0c4,"{<resource_manager.instance.CloudReservedInstance object at 0x11f3684d0>: [(1, 54792.864, None)], <resource_manager.instance.CloudReservedInstance object at 0x11f3611d0>: [(2, 54792.864, None)], <resource_manager.instance.CloudReservedInstance object at 0x11f1622c0>: [(1, 54792.864, None)], <resource_manager.instance.CloudReservedInstance object at 0x11f13fcb0>: [(1, 54792.864, None)], <resource_manager.instance.CloudOnDemandInstance object at 0x11f162780>: [(1, 54792.864, None)]}",83.47238892971743,57000.68068577882,54792.864,25813.74103987498,3,,54792.864,57016.08068577881,False,14.653492998263257,,
lamf-test-48887eaf-7764-41b1-8a24-eb297e7a4537,"{<resource_manager.instance.OnPremInstance object at 0x11f13f770>: [(6, 55092.864, None)]}",92.60848910013964,57526.738535300945,55092.864,26386.49043955198,1,17.640197125256677,55092.864,57541.956,True,38.555178644763814,44.51528893596381,5.960110291199993
lamf-test-70da499d-f492-45a5-857f-ba98849424d5,"{<resource_manager.instance.CloudOnDemandInstance object at 0x11f162780>: [(1, 55272.864, None)], <resource_manager.instance.CloudOnDemandInstance object at 0x11f1623f0>: [(1, 55272.864, None)], <resource_manager.instance.CloudOnDemandInstance object at 0x11f13fb60>: [(2, 55272.864, None)]}",105.64492540905647,57498.424452350104,55272.864,26404.30743828598,3,,55673.4,57513.8244523501,False,11.361880256293743,,
lamf-test-41153241-bf67-4ba2-bd57-821911347a85,"{<resource_manager.instance.OnPremInstance object at 0x11f13f770>: [(3, 55703.4, None)]}",99.23133172494114,57557.940158095764,55703.4,26409.859110275982,3,3.6960985626283365,55703.4,57573.34015809576,False,8.53269522288732,,
lamf-test-6557112d-0dd1-4a4f-956a-4810ab29fb87,"{<resource_manager.instance.OnPremInstance object at 0x11f13f770>: [(5, 55733.4, 57233.4), (1, 57233.4, None), (3, 72113.4, None), (6, 77783.4, None)]}",284.1643475390076,153704.95679161383,55733.4,26417.395646771984,3,105.95482546201231,55733.4,82141.74849328639,True,134.82924166531893,170.78303915408856,35.95379748876962
lamf-test-9c88980c-fc13-42ba-ae80-9214e850b23c,"{<resource_manager.instance.OnPremInstance object at 0x11f13f770>: [(3, 55763.4, None)]}",56.88278421553064,40470.713079333655,55763.4,26421.101143352982,2,,55763.4,55778.799999999996,False,0.049677043187284775,,
lamf-test-599db447-ffc5-4f67-bbdb-15246291d10d,"{<resource_manager.instance.OnPremInstance object at 0x11f13f770>: [(4, 55823.4, None)]}",58.09494942769889,40324.70197743831,55823.4,26422.619201237983,3,,55823.4,55838.799999999996,False,0.09369533804848537,,
lamf-test-67a1a99a-4314-4946-83c9-ed2acd2c23fe,"{<resource_manager.instance.OnPremInstance object at 0x11f13f770>: [(2, 55883.4, None)]}",104.56386159081104,57636.545464567265,55883.4,26426.411621645482,2,4.322366917918182,55883.4,57695.28,False,4.925540988199738,,
lamf-test-1bd3ea85-4b86-41d6-88ae-4d09629a5e9f,"{<resource_manager.instance.OnPremInstance object at 0x11f13f770>: [(5, 55943.4, None)]}",91.30297666017438,57569.82501418223,55943.4,26428.106684246482,2,3.961780267115501,55943.4,57585.22501418222,False,6.5702524679229795,,
lamf-test-04e82c6f-21eb-4e35-8244-b06d0737db1d,"{<resource_manager.instance.OnPremInstance object at 0x11f13f770>: [(5, 55973.4, None)]}",95.5159501731966,57871.88294620136,55973.4,26438.637578246984,2,6.362859216882471,55973.4,57887.282946201354,False,7.658973424070098,,
lamf-test-227b9038-f251-4152-94eb-43a9fb1d09b6,"{<resource_manager.instance.OnPremInstance object at 0x11f13f770>: [(5, 56003.4, None)]}",66.25196628808428,41210.10997443192,56003.4,26981.478021995983,2,,56003.4,56018.799999999996,False,0.06162769304399561,,
lamf-test-b20c0974-09ea-4c80-b141-7811b8b20475,"{<resource_manager.instance.OnPremInstance object at 0x11f13f770>: [(2, 56063.4, None)]}",96.38631983638818,58084.92557284567,56063.4,26988.976011008985,1,7.775496235455167,56063.4,58100.325572845664,False,10.998685502474869,,
lamf-test-ab19fe1e-973b-44c8-a2b5-9c88f8dd630c,"{<resource_manager.instance.OnPremInstance object at 0x11f13f770>: [(5, 56123.4, 58613.4), (1, 58613.4, None), (7, 64583.4, None)]}",310.22675767562004,154809.68530036852,56123.4,26994.573175109985,3,61.23659593885458,56123.4,70016.488,True,94.128380865465,119.22881680786499,25.100435942399987
lamf-test-38119ffa-10d5-4f96-9e4f-d7aa2d684f4c,"{<resource_manager.instance.OnPremInstance object at 0x11f13f770>: [(5, 56183.4, 60653.4), (2, 60653.4, None), (8, 72083.4, None)]}",315.0920376046709,154859.57612765118,56183.4,27003.888004736986,2,48.96014752910027,56183.4,73461.083,True,59.428027671595125,83.35308591959513,23.925058248000006
lamf-test-0edb2b7d-ea79-4551-a1d6-40e8f4f75204,"{<resource_manager.instance.OnPremInstance object at 0x11f13f770>: [(2, 56903.4, None)]}",49.09599477194767,40997.29894639322,56903.4,27004.888004736986,3,,56903.4,56918.799999999996,False,0.046847669024242686,,
lamf-test-fb5bb86a-097c-4cce-b52f-faf7de14091c,"{<resource_manager.instance.CloudReservedInstance object at 0x11f3684d0>: [(1, 57083.4, None)], <resource_manager.instance.CloudReservedInstance object at 0x11f3611d0>: [(2, 57083.4, None)], <resource_manager.instance.CloudReservedInstance object at 0x11f1622c0>: [(1, 57083.4, None)], <resource_manager.instance.CloudReservedInstance object at 0x11f13fcb0>: [(1, 57083.4, 64553.4)]}",310.7135837098068,154802.83085154422,57083.4,27006.029120649986,2,137.8812752186294,57083.4,98848.66653812285,True,253.67555011422718,362.8836246213853,109.20807450715814
lamf-test-ffa00229-4854-4a3b-9050-ac62a552280b,"{<resource_manager.instance.OnPremInstance object at 0x11f13f770>: [(2, 57113.4, None), (4, 65783.4, None)]}",328.09484391630104,157267.4776761714,57113.4,29425.855256124985,3,104.95094684006385,57113.4,76245.98138743977,True,121.85791820615805,154.35276027063145,32.49484206447342
lamf-test-404b381d-5a0f-4cbc-ae4f-02ebbbeb7a4d,"{<resource_manager.instance.OnPremInstance object at 0x11f13f770>: [(6, 57143.4, None)]}",54.32250531179826,50214.36796178657,57143.4,36001.27451560598,1,,57143.4,57158.799999999996,False,0.24243668720045594,,
