,instances,budget,deadline,sched_start_time,submit_time,software_id,license_cost,exec_start_time,finish_time,complete,cost,hardware_cost
lamf-test-ce4837ee-c9b5-4728-816b-793fbe63012e,"{<resource_manager.instance.OnPremInstance object at 0x1531238c0>: [(5, 30, None)]}",64.81020493737797,14109.368596154949,30,1.0,1,42.79413993459578,30,3282.602,True,49.39041679059578,6.596276855999999
lamf-test-fdbe52b3-5ac4-4817-bbd7-3ee39ada2008,"{<resource_manager.instance.OnPremInstance object at 0x1531238c0>: [(3, 60, None)]}",309.54978900857253,127498.47769256511,60,13.240023484,1,199.35783595710703,60,25025.297000000002,True,229.73560934670704,30.377773389600005
lamf-test-312a25ed-966e-4a84-89af-21712bfc7175,"{<resource_manager.instance.OnPremInstance object at 0x1531238c0>: [(4, 1200.4, None)]}",330.5774711754339,128537.0343837958,1200.4,1179.079321753,1,105.04843866453723,1200.4,11137.68,True,121.17068173653723,16.122243072
lamf-test-6d60a076-8aec-42f5-ae5c-3923b3793c72,"{<resource_manager.instance.OnPremInstance object at 0x1531238c0>: [(5, 1230.4, None)]}",295.26855467250385,128807.11525626619,1230.4,1187.4465202929998,1,285.6292626815727,1230.4,22939.875,True,329.6560779815727,44.026815299999996
lamf-test-c2212f64-c788-46d9-9572-57170e08d2ac,"{<resource_manager.instance.OnPremInstance object at 0x1531238c0>: [(4, 6570.999999999999, None)]}",57.825321252479114,20721.281648898046,6570.999999999999,6558.538378525,3,9.453707506274235,6570.999999999999,8124.834999999998,True,11.974649410274234,2.5209419039999985
lamf-test-c947c209-c0e1-414b-aa78-1430406df6ae,"{<resource_manager.instance.OnPremInstance object at 0x1531238c0>: [(2, 6600.999999999999, None)]}",91.00759406898061,37612.02342129164,6600.999999999999,6567.206922038,3,13.371699749030343,6600.999999999999,10996.612,True,16.937420203430342,3.5657204544
lamf-test-a35e3102-219f-4336-95ce-4d87e6b5e69c,"{<resource_manager.instance.OnPremInstance object at 0x1531238c0>: [(6, 6630.999999999999, None)]}",88.24903114605627,37803.44419353973,6630.999999999999,6595.021417991,3,43.50698608259184,6630.999999999999,11398.278,True,55.10863382339184,11.601647740800004
lamf-test-1b5247ff-56d3-4066-aafc-ee4137f1169c,"{<resource_manager.instance.OnPremInstance object at 0x1531238c0>: [(3, 6660.999999999999, None)]}",98.97570184637311,37938.592623325756,6660.999999999999,6581.779130105,3,28.4819986310746,6660.999999999999,12902.829999999998,True,36.0770573750746,7.595058743999999
lamf-test-f42e0220-9054-4dba-814a-9d6b93e25e15,"{<resource_manager.instance.OnPremInstance object at 0x1531238c0>: [(2, 6691.199999999999, None)]}",293.5168981771201,134342.6759505562,6691.199999999999,6555.832159897,3,42.49627195984484,6691.199999999999,20660.786999999997,True,53.82840093424484,11.332128974399998
lamf-test-0aa73555-99c3-40be-a09f-6bf3df006265,"{<resource_manager.instance.OnPremInstance object at 0x1531238c0>: [(6, 6721.199999999999, None)]}",310.4901833144852,134413.72457098498,6721.199999999999,6562.306516003,3,144.97091489847136,6721.199999999999,22606.388,True,183.62910841527136,38.658193516800004
lamf-test-761a035c-9b31-431d-b128-35fe1a248496,"{<resource_manager.instance.OnPremInstance object at 0x1531238c0>: [(4, 6751.199999999999, None)]}",281.9460745575701,134524.5809471966,6751.199999999999,6563.306516003,1,199.29558681268534,6751.199999999999,25603.988999999998,True,229.88235168628535,30.586764873599996
lamf-test-8d2ae00d-f906-47ac-81a5-138a54772bef,"{<resource_manager.instance.OnPremInstance object at 0x1531238c0>: [(2, 7171.399999999999, None)]}",310.3508838593914,134978.34887534045,7171.399999999999,7169.812941179,3,37.373196440793976,7171.399999999999,19456.904,True,47.339197285593976,9.9660008448
lamf-test-8a5bf643-d5be-430a-ac2f-d8a1f25fa6d3,"{<resource_manager.instance.OnPremInstance object at 0x1531238c0>: [(3, 7201.399999999999, None)]}",322.3613792231315,134906.43728836233,7201.399999999999,7199.278424552,2,55.18637566274868,7201.399999999999,24309.306,True,76.00327568354868,20.816900020800006
lamf-test-cbef53e7-aa65-412f-b9a4-02aefd0bda1b,"{<resource_manager.instance.OnPremInstance object at 0x1531238c0>: [(2, 7231.399999999999, None)]}",89.7921856815224,38459.16588446827,7231.399999999999,7210.436856683,1,40.66265951783405,7231.399999999999,14762.009999999998,True,46.77149034983405,6.108830832
lamf-test-b41bc5e6-51fb-4710-b8ea-caebbe600cb8,"{<resource_manager.instance.OnPremInstance object at 0x1531238c0>: [(6, 7261.5999999999985, None)]}",308.5846884800438,135292.36492657615,7261.5999999999985,7192.1511704449995,2,24.431845134728906,7261.5999999999985,12914.698999999999,True,38.18922686112891,13.757381726400002
lamf-test-1faee22d-4d95-436a-a021-6148365dd51b,"{<resource_manager.instance.OnPremInstance object at 0x1531238c0>: [(2, 7802.199999999998, None)]}",300.8642397517245,135194.7707880951,7802.199999999998,7779.334431194,3,86.6577503992699,7802.199999999998,36288.769,True,109.7660551720699,23.1083047728
lamf-test-17be3ad6-6cd4-4c64-93c6-3fc4d170d157,"{<resource_manager.instance.OnPremInstance object at 0x1531238c0>: [(2, 7832.399999999998, None)]}",64.77903730143166,21786.839908975347,7832.399999999998,7812.46788956,2,11.46806312957413,7832.399999999998,12050.973,True,14.890169547174132,3.4221064176000016
lamf-test-17aa2292-304e-4763-ab73-533f31d66f3d,"{<resource_manager.instance.OnPremInstance object at 0x1531238c0>: [(5, 7862.399999999998, None)]}",100.9864715008785,38978.84426337149,7862.399999999998,7809.111773423,2,14.078790450730631,7862.399999999998,11380.516,True,21.213529698730635,7.134739248000003
lamf-test-decf70b3-3bab-4cf4-b55a-9508b27560e7,"{<resource_manager.instance.OnPremInstance object at 0x1531238c0>: [(3, 7892.399999999998, None)]}",317.6420201174764,135341.86092765463,7892.399999999998,7772.796771263,2,38.41364137994724,7892.399999999998,19800.718999999997,True,52.903683939147236,14.4900425592
lamf-test-585c2356-1279-476b-b41a-cbdb8ebd0ee3,"{<resource_manager.instance.OnPremInstance object at 0x1531238c0>: [(4, 7922.599999999998, None)]}",290.6639501784463,135359.9444994979,7922.599999999998,7786.058771117,2,79.69192952114466,7922.599999999998,29802.996,True,115.19068399154466,35.4987544704
lamf-test-410c24b3-e037-404b-8fa3-3b9be7b4adaa,"{<resource_manager.instance.OnPremInstance object at 0x1531238c0>: [(5, 8372.8, None)]}",105.56808496111117,39513.94418309128,8372.8,8357.287357967,3,17.08412807057571,8372.8,10619.192,True,21.63981104657571,4.555682975999999
lamf-test-3e8d9edc-8d07-4ff0-a6aa-1b9473f39dae,"{<resource_manager.instance.OnPremInstance object at 0x1531238c0>: [(5, 8402.8, None)]}",46.55013787044631,22563.119663428384,8402.8,8376.241803749,1,60.56882751540043,8402.8,13006.381000000001,True,69.90488978340044,9.336062268000003
lamf-test-905b51bb-7f4b-480b-babc-216c95cb3e5c,"{<resource_manager.instance.OnPremInstance object at 0x1531238c0>: [(4, 8433.2, None)]}",76.07511246679637,22551.166140946152,8433.2,8414.254758116002,3,21.096442315004953,8433.2,11900.664000000002,True,26.722055908604958,5.6256135936000025
lamf-test-7b6d3b7a-f2bc-4206-bf5c-c8e1aaff27be,"{<resource_manager.instance.OnPremInstance object at 0x1531238c0>: [(3, 8463.2, None)]}",57.77199384513077,22569.506796149464,8463.2,8392.664587445,2,3.339523099356362,8463.2,9498.460000000003,True,4.599227467356364,1.2597043680000026
lamf-test-8daeea4f-cbbf-4fb6-b9f3-5857c1ab865e,"{<resource_manager.instance.OnPremInstance object at 0x1531238c0>: [(4, 8493.400000000001, None)]}",56.56222725445129,22604.530606485423,8493.400000000001,8384.141504102,1,34.91125226252948,8493.400000000001,11795.904000000002,True,40.26923475212948,5.357982489600001
lamf-test-ee649544-0852-4484-9313-a2ec39aaf5e5,"{<resource_manager.instance.OnPremInstance object at 0x1531238c0>: [(4, 8523.400000000001, None)]}",94.51083597672981,39404.990545034896,8523.400000000001,8374.6379639,1,50.36962947752683,8523.400000000001,13288.222000000003,True,58.10007669032683,7.730447212800003
lamf-test-d53de693-fd3a-47ec-b96e-28dcf292d471,"{<resource_manager.instance.OnPremInstance object at 0x1531238c0>: [(4, 8553.600000000002, None)]}",82.04480128359563,39578.60115194222,8553.600000000002,8415.784888217002,2,30.88256232239473,8553.600000000002,17032.786,True,44.63919368879473,13.756631366399997
lamf-test-665b3cd3-6953-4941-a220-b425974f248a,"{<resource_manager.instance.OnPremInstance object at 0x1531238c0>: [(3, 8583.600000000002, None)]}",295.24467469152273,135964.2593600613,8583.600000000002,8390.323411532001,3,47.63644062975038,8583.600000000002,19023.1259640098,True,60.33925582275751,12.702815193007122
lamf-test-dbfc6e86-f385-4c1b-a2d1-36902c12232e,"{<resource_manager.instance.OnPremInstance object at 0x1531238c0>: [(2, 8613.600000000002, None)]}",332.81097832014945,136173.52559795402,8613.600000000002,8373.422005757,3,90.7864202600958,8613.600000000002,38457.365999999995,True,114.99568323929579,24.209262979199995
lamf-test-e86f1528-c4b7-428d-9220-137c2eee5f81,"{<resource_manager.instance.OnPremInstance object at 0x1531238c0>: [(5, 8643.600000000002, None)]}",291.443531643958,136340.24493381855,8643.600000000002,8401.2164411115,2,100.8213331133028,8643.600000000002,33837.606999999996,True,151.9147793093028,51.09344619599999
lamf-test-794e981d-7b48-479b-88a9-08c76168b3f4,"{<resource_manager.instance.OnPremInstance object at 0x1531238c0>: [(2, 8973.800000000003, None)]}",55.43753343799916,23143.50265744588,8973.800000000003,8965.762640819,3,12.694668796106168,8973.800000000003,13146.855000000003,True,16.079851012106168,3.385182216
lamf-test-d89dd74a-ca32-43e3-9fdb-057b16e15c3a,"{<resource_manager.instance.OnPremInstance object at 0x1531238c0>: [(2, 9003.800000000003, None)]}",52.589033620058174,23181.884665287012,9003.800000000003,8973.980030723002,1,35.68629872994145,9003.800000000003,15612.802000000003,True,41.047521152341446,5.3612224224
lamf-test-9d73df9e-a4e9-43ed-b3cd-731892da568c,"{<resource_manager.instance.OnPremInstance object at 0x1531238c0>: [(6, 9033.800000000003, None)]}",116.24356079750007,40091.57422914284,9033.800000000003,8975.723450324002,3,27.615624001825232,9033.800000000003,12059.782000000003,True,34.979653797025236,7.3640297952000004
lamf-test-0ae28a41-e363-4bde-bdce-50f826df3b42,"{<resource_manager.instance.OnPremInstance object at 0x1531238c0>: [(4, 9063.800000000003, None)]}",87.69850691765791,40291.986999874236,9063.800000000003,9014.194607444999,3,48.1097695642254,9063.800000000003,16971.242000000002,True,60.9388034650254,12.829033900799999
lamf-test-700b88cb-1fe1-443f-85f3-4e83586778d7,"{<resource_manager.instance.OnPremInstance object at 0x1531238c0>: [(2, 9094.000000000004, None)]}",323.88597973304996,136257.25983106668,9094.000000000004,8979.497212112,1,59.26457852308161,9094.000000000004,20069.633000000005,True,68.16801201268161,8.903433489600001
lamf-test-76901c5b-cc70-4a21-8b6a-aa4aa3dedd24,"{<resource_manager.instance.OnPremInstance object at 0x1531238c0>: [(2, 9124.000000000004, None)]}",295.82083300729096,136288.34951248765,9124.000000000004,8984.59032422,2,26.225270783149604,9124.000000000004,18771.071000000004,True,34.050974778349605,7.8257039952
lamf-test-c0570041-d32e-4e8b-8d2d-a250dfe399fc,"{<resource_manager.instance.OnPremInstance object at 0x1531238c0>: [(5, 9154.200000000004, None)]}",309.1917473885502,136837.14731285308,9154.200000000004,9005.167501835,1,192.28415172256442,9154.200000000004,23768.907000000003,True,221.9227775185644,29.638625795999996
lamf-test-cacf2328-5a7f-4177-ad3a-d6767db7f233,"{<resource_manager.instance.CloudReservedInstance object at 0x1533204d0>: [(5, 9184.400000000005, None)]}",299.34289693362723,136907.60422648455,9184.400000000005,8983.113766385,2,94.07352932329313,9184.400000000005,32692.214101428825,True,222.47320994529736,128.3996806220042
lamf-test-d608e81f-e921-488f-9511-ac29f6be8717,"{<resource_manager.instance.CloudReservedInstance object at 0x1533204d0>: [(1, 9214.600000000006, None)], <resource_manager.instance.CloudReservedInstance object at 0x153315310>: [(3, 9214.600000000006, None)]}",290.8535591080783,136994.6256010515,9214.600000000006,8960.480059844002,3,156.6419306198427,9214.600000000006,50408.294914406244,True,243.06630255026698,86.42437193042429
lamf-test-ca7252f0-85f2-4005-896c-fb17b2f26952,"{<resource_manager.instance.CloudReservedInstance object at 0x153315310>: [(3, 9244.600000000006, None)], <resource_manager.instance.CloudReservedInstance object at 0x153315090>: [(3, 9244.600000000006, None)]}",304.02222934164064,137002.82161467374,9244.600000000006,9006.167501835,1,728.7629532947352,9244.600000000006,114546.84255903818,True,962.0284810115165,233.26552771678138
lamf-test-50c28631-c9b3-47d9-9e36-b5f64438ea4d,"{<resource_manager.instance.OnPremInstance object at 0x1531238c0>: [(6, 9576.000000000011, None)]}",57.792712238435485,23452.44448626133,9576.000000000011,9561.703761903998,3,32.72966461327858,9576.000000000011,13162.353000000012,True,41.45741327407858,8.727748660800003
lamf-test-6718dd63-82fd-49d3-b154-c2385c7724e4,"{<resource_manager.instance.OnPremInstance object at 0x1531238c0>: [(4, 9606.200000000012, None)]}",53.92864783453742,23685.582675600297,9606.200000000012,9582.823533838999,1,37.39246938930718,9606.200000000012,13143.420000000013,True,43.131255117307184,5.738785728000002
lamf-test-0ee3ab93-6383-46f5-aeca-265dafdbd84c,"{<resource_manager.instance.OnPremInstance object at 0x1531238c0>: [(5, 9636.200000000012, None)]}",39.66592451958817,23731.32522510524,9636.200000000012,9602.420562624,3,18.88224944196099,9636.200000000012,12119.026979123462,True,23.917422555623347,5.035173113662357
lamf-test-f035cec5-13b9-4feb-9d16-93fce26c2cc2,"{<resource_manager.instance.OnPremInstance object at 0x1531238c0>: [(3, 9666.200000000012, None)]}",59.50673849065216,23780.280961698794,9666.200000000012,9573.271629429999,2,11.268121115541494,9666.200000000012,13159.343996615526,True,15.51857873062325,4.250457615081758
lamf-test-01aed4d0-4ac3-4934-b29d-300b9eb1cf38,"{<resource_manager.instance.CloudReservedInstance object at 0x153315090>: [(3, 9696.600000000013, None)], <resource_manager.instance.CloudReservedInstance object at 0x1531522c0>: [(3, 9696.600000000013, None)]}",48.38806555130056,23935.23488239107,9696.600000000013,9571.643651565999,3,6.673517350481812,9696.600000000013,10793.47599551858,True,9.931239057171956,3.257721706690144
lamf-test-29b14cf4-c2e0-462e-a5b2-16a34ab23f1f,"{<resource_manager.instance.OnPremInstance object at 0x1531238c0>: [(2, 9726.800000000014, None)]}",89.42960233211319,40678.69599138796,9726.800000000014,9598.285689984,3,23.004955509924706,9726.800000000014,17289.104000000014,True,29.139496514724705,6.1345410048
lamf-test-92b10550-cff6-47f7-a077-4b4db1587046,"{<resource_manager.instance.CloudReservedInstance object at 0x1531522c0>: [(3, 9756.800000000014, None)], <resource_manager.instance.CloudReservedInstance object at 0x153123e00>: [(1, 9756.800000000014, None)]}",81.64667311738593,40729.3247191517,9756.800000000014,9597.190112844,2,57.337000770520525,9756.800000000014,21373.554485843317,True,86.17907880797227,28.84207803745175
lamf-test-107c896d-ee0f-4ca2-89f1-19c67b8002a2,"{<resource_manager.instance.CloudReservedInstance object at 0x153123e00>: [(2, 9786.800000000014, None)]}",98.1671155759394,40844.84126384623,9786.800000000014,9617.211982099001,3,9.278967775957158,9786.800000000014,14362.143023227289,True,15.889423375915925,6.610455599958767
lamf-test-561c40aa-4fd2-4142-aa20-b41c53e185e4,"{<resource_manager.instance.OnPremInstance object at 0x1531238c0>: [(2, 9817.000000000015, None)]}",92.22367706149063,40867.96117491412,9817.000000000015,9590.705980968,2,23.0927971083391,9817.000000000015,18311.778000000013,True,29.983761021939095,6.8909639135999985
lamf-test-f6a7b87b-3fe2-4927-871e-a0cac1bfa236,"{<resource_manager.instance.CloudReservedInstance object at 0x153123e00>: [(3, 9847.200000000015, None)]}",80.84812600328213,40874.076874050756,9847.200000000015,9567.966687384998,3,39.99333452534769,9847.200000000015,22994.008891844936,True,68.48509875575401,28.491764230406314
lamf-test-0ab21652-7e84-40ef-afc1-d04cb7c18425,"{<resource_manager.instance.OnPremInstance object at 0x1531238c0>: [(2, 9877.400000000016, None)]}",99.9394489602227,40884.87830026351,9877.400000000016,9616.211982099001,3,12.214379800745304,9877.400000000016,13892.572000000016,True,15.471487327145304,3.2571075264000005
lamf-test-7dc86417-03bf-4f7d-b2cc-4f303d7c708b,"{<resource_manager.instance.OnPremInstance object at 0x1531238c0>: [(4, 9907.400000000016, None)]}",122.20824587768153,40913.95768510942,9907.400000000016,9575.299813552,2,11.235142216924821,9907.400000000016,12992.146000000017,True,16.239834127324823,5.004691910400002
lamf-test-6ea3ccb6-5ec7-474a-bd76-4c0b7e74a8fd,"{<resource_manager.instance.CloudReservedInstance object at 0x153152520>: [(1, 9937.400000000016, None)], <resource_manager.instance.CloudOnDemandInstance object at 0x153152780>: [(3, 9937.400000000016, None)]}",318.43627200467716,137059.91830674515,9937.400000000016,9564.176141385999,3,353.27606829246906,9937.400000000016,76297.78602825252,True,869.6793202871245,516.4032519946554
lamf-test-6e11c3c3-b9bf-4aa2-897f-6c03a891a9cd,"{<resource_manager.instance.CloudOnDemandInstance object at 0x153152780>: [(5, 9967.400000000016, None)]}",323.10613238146993,137214.79181868245,9967.400000000016,9580.198059538,3,247.44329504589516,10367.936000000016,42503.71886558477,False,,
lamf-test-48feb4fc-2742-45dc-808f-e652fe900563,"{<resource_manager.instance.OnPremInstance object at 0x1531238c0>: [(3, 10399.13600000002, None)]}",41.254966979320166,24169.162007767853,10399.13600000002,10204.230454546001,1,28.234587040839624,10399.13600000002,13934.913000000022,True,32.53692049443963,4.302333453600003
lamf-test-a5bf6748-f8d5-4a59-badc-d9816f45493a,"{<resource_manager.instance.OnPremInstance object at 0x1531238c0>: [(2, 10429.336000000021, None)]}",54.40376906069801,24343.456419940565,10429.336000000021,10187.066813844001,2,17.24272358415474,10429.336000000021,16772.14100000002,True,22.388007000154737,5.145283416
lamf-test-aa879c60-c521-40a2-972a-cf0714098824,"{<resource_manager.instance.OnPremInstance object at 0x1531238c0>: [(2, 10459.536000000022, None)]}",56.99333448866139,24383.44958215492,10459.536000000022,10166.07540442,2,15.15059469403147,10459.536000000022,16032.743000000022,True,19.671580212431472,4.5209855184
lamf-test-d4b58a16-b6c8-4064-88b0-a3ec8e4212ba,"{<resource_manager.instance.CloudOnDemandInstance object at 0x153152780>: [(2, 10489.736000000023, None)]}",56.907858453854786,24589.095059322935,10489.736000000023,10214.645773187001,2,27.62220441926194,10890.272000000023,20650.674638633624,True,72.93592637211235,45.31372195285041
lamf-test-7a641bba-d417-49ff-88d9-3fe54ccc21c1,"{<resource_manager.instance.CloudReservedInstance object at 0x153315090>: [(3, 10921.672000000028, None)], <resource_manager.instance.CloudReservedInstance object at 0x1531522c0>: [(2, 10921.672000000028, None)]}",72.4727596207448,24935.049985732756,10921.672000000028,10778.104051456003,1,11.214127264051,10921.672000000028,12286.991994398237,True,14.467957874700812,3.2538306106498114
lamf-test-c8383b87-eaaf-4727-8a38-364a265a9c1b,"{<resource_manager.instance.CloudReservedInstance object at 0x1531522c0>: [(1, 10951.672000000028, None)], <resource_manager.instance.CloudOnDemandInstance object at 0x153152780>: [(1, 10951.672000000028, None)]}",87.74670802746411,41197.4282117103,10951.672000000028,10182.282056778002,2,121.69068759848432,10951.672000000028,40938.98144698692,True,206.1529433868676,84.46225578838329
lamf-test-bbc839c8-f836-4f9a-a8e0-6cb8342496f2,"{<resource_manager.instance.CloudOnDemandInstance object at 0x153152780>: [(1, 10981.672000000028, None)], <resource_manager.instance.CloudOnDemandInstance object at 0x1533156d0>: [(2, 10981.672000000028, None)]}",114.4912360012796,41432.77863382038,10981.672000000028,10205.230454546001,3,66.72616919777042,11382.208000000028,32916.23196953711,True,147.25671266992887,80.53054347215846
lamf-test-15ce12ce-cdd4-4322-97b9-e92908eec275,"{<resource_manager.instance.CloudReservedInstance object at 0x1531522c0>: [(1, 11414.008000000034, None)], <resource_manager.instance.CloudReservedInstance object at 0x153123e00>: [(1, 11414.008000000034, None)], <resource_manager.instance.CloudOnDemandInstance object at 0x1533156d0>: [(2, 11414.008000000034, None)]}",62.79223748275714,25666.102118408584,11414.008000000034,11396.084847237002,2,37.21647794201995,11414.008000000034,17866.232991001074,True,54.96525844726561,17.74878050524566
lamf-test-05c2e1a5-42c3-4e97-863b-94fa07e33793,"{<resource_manager.instance.CloudOnDemandInstance object at 0x1533156d0>: [(4, 11444.008000000034, None)]}",91.04820322006628,41493.06750561679,11444.008000000034,10219.615523368002,2,81.72932400765326,11844.544000000034,41508.46750561679,False,,
lamf-test-98a6ab80-499b-4f3a-95f7-4dd7df820566,"{<resource_manager.instance.CloudOnDemandInstance object at 0x1533156d0>: [(2, 11875.94400000004, None)]}",105.87093398460661,41993.47959625607,11875.94400000004,10819.984963357003,1,84.79113370305522,12276.48000000004,42008.87959625607,False,,
lamf-test-87f7683b-4f57-45f2-93ec-cd6117faec52,"{<resource_manager.instance.CloudReservedInstance object at 0x153315090>: [(2, 12307.880000000045, None)]}",62.86965238334432,26045.136124592806,12307.880000000045,11981.6614612075,1,5.62370738409658,12307.880000000045,15188.89798935664,True,7.946960290713738,2.3232529066171583
lamf-test-04f3f31f-b20f-4cb7-a3dd-c0c2f380b4cc,"{<resource_manager.instance.CloudReservedInstance object at 0x153315090>: [(1, 12337.880000000045, None)], <resource_manager.instance.CloudReservedInstance object at 0x1531522c0>: [(2, 12337.880000000045, None)], <resource_manager.instance.CloudOnDemandInstance object at 0x1533156d0>: [(1, 12337.880000000045, None)]}",63.69847192731158,26062.70075780506,12337.880000000045,11963.905742583502,3,28.089684176357125,12337.880000000045,18855.84336296922,True,43.0653567991151,14.975672622757974
lamf-test-a7986f20-c88c-442a-a9bb-9d4e408bd120,"{<resource_manager.instance.CloudOnDemandInstance object at 0x1533156d0>: [(1, 12367.880000000045, None)], <resource_manager.instance.CloudOnDemandInstance object at 0x1533151d0>: [(3, 12367.880000000045, None)]}",50.00049139574834,26129.420248512844,12367.880000000045,12024.229004477002,1,59.72207728079927,12768.416000000045,26144.820248512846,False,,
lamf-test-9bb4d80d-2aee-48e9-ac53-5a922312b6c8,"{<resource_manager.instance.OnPremInstance object at 0x1531238c0>: [(6, 12800.216000000051, None)]}",62.348183689222225,26171.45121891273,12800.216000000051,11974.816850023502,2,22.18673921196006,12800.216000000051,17933.837000000054,True,34.67991927756007,12.493180065600008
lamf-test-c89d3402-a23f-46ae-8720-cd373edbf82e,"{<resource_manager.instance.OnPremInstance object at 0x1531238c0>: [(3, 12830.216000000051, None)]}",59.063695813800784,26206.364686217046,12830.216000000051,11977.480302769502,3,11.585439196897111,12830.216000000051,15369.165000000054,True,14.674832340097115,3.0893931432000032
lamf-test-5f552717-b86e-4e0e-9794-6b12cd0fea27,"{<resource_manager.instance.OnPremInstance object at 0x1531238c0>: [(2, 12860.216000000051, None)]}",43.981392744961866,26232.58492193898,12860.216000000051,11995.6031054855,2,16.77433124455895,12860.216000000051,19030.721000000052,True,21.779844900558953,5.005513656000001
lamf-test-067d037c-dcca-41c3-b8b9-a8b36009d0a4,"{<resource_manager.instance.OnPremInstance object at 0x1531238c0>: [(4, 12890.216000000051, None)]}",61.80548621708826,26275.33254593577,12890.216000000051,11986.2180169675,2,20.91328237050892,12890.216000000051,18632.214000000055,True,30.229099925708923,9.315817555200004
lamf-test-d4113937-9912-4267-ad39-f41249bcbcef,"{<resource_manager.instance.CloudOnDemandInstance object at 0x1533151d0>: [(2, 12920.616000000053, None)]}",44.164232744169574,26290.384410074083,12920.616000000053,11968.746704649502,3,13.572812543487748,13321.152000000053,26305.784410074084,False,,
lamf-test-60d40a4b-09c7-4a73-b379-b1d85406ff0e,"{<resource_manager.instance.OnPremInstance object at 0x1531238c0>: [(4, 13351.552000000054, None)]}",57.165191884420324,26299.479227408,13351.552000000054,12001.2946044515,3,34.67766402265222,13351.552000000054,19051.25955292323,True,43.924869556514786,9.247205533862562
lamf-test-78749043-3668-43d0-99ce-4ee040f7f664,"{<resource_manager.instance.OnPremInstance object at 0x1531238c0>: [(2, 13381.552000000054, None)]}",57.07835905715178,26718.052431898923,13381.552000000054,12598.155143745002,2,8.087208309759632,13381.552000000054,16356.464000000055,True,10.500456924159632,2.4132486144
lamf-test-d56ac58c-44ed-4cac-88e0-685510119191,"{<resource_manager.instance.OnPremInstance object at 0x1531238c0>: [(2, 13411.552000000054, None)]}",70.70390367140996,27272.00426448985,13411.552000000054,13210.005846762002,2,21.00743992638724,13411.552000000054,21139.223000000053,True,27.276126641587236,6.2686867151999985
lamf-test-093fc8c1-409b-4af5-91bd-f1586aa318b7,"{<resource_manager.instance.OnPremInstance object at 0x1531238c0>: [(6, 13441.552000000054, None)]}",48.98947611555658,27365.41087669417,13441.552000000054,13211.005846762002,1,53.77766803559205,13441.552000000054,16857.603000000054,True,62.09096974919205,8.3133017136
lamf-test-b31f9afe-254c-4126-a484-8628eb9333c1,"{<resource_manager.instance.OnPremInstance object at 0x1531238c0>: [(6, 13471.752000000055, None)]}",58.325064065435534,27399.825564183488,13471.752000000055,13222.053067412002,1,46.092661190965075,13471.752000000055,16399.638000000054,True,53.21796456056507,7.125303369599997
lamf-test-412a625e-1641-430d-83ff-ad06d8ff7ded,"{<resource_manager.instance.OnPremInstance object at 0x1531238c0>: [(5, 13501.752000000055, None)]}",48.58977843534464,27500.01727194727,13501.752000000055,13218.328135687001,1,24.439035972317306,13501.752000000055,15359.260000000057,True,28.20606219631731,3.767026224000003
lamf-test-225e7631-1dba-46ce-9a30-f911bc78acd8,"{<resource_manager.instance.OnPremInstance object at 0x1531238c0>: [(5, 13531.752000000055, None)]}",48.6051907309817,27569.693552226396,13531.752000000055,13171.301882458001,1,35.4283537693532,13531.752000000055,16224.511674642976,True,40.889270389529045,5.460916620175843
lamf-test-a4d8ead1-b39f-46fe-9cfa-58d32f343ff0,"{<resource_manager.instance.OnPremInstance object at 0x1531238c0>: [(4, 13561.952000000056, None)]}",84.41713409588449,42003.759075812166,13561.952000000056,10805.866516894004,1,80.11554490835805,13561.952000000056,21140.652000000056,True,92.41122778835805,12.295682880000001
lamf-test-6fdb4590-cea7-4d20-bffa-249d0757fa2a,"{<resource_manager.instance.OnPremInstance object at 0x1531238c0>: [(6, 13591.952000000056, None)]}",88.08906902383775,42447.15755879016,13591.952000000056,11399.811028746502,1,76.71191101984942,13591.952000000056,18464.826000000056,True,88.57053718624942,11.8586261664
lamf-test-724d0d5f-301b-4490-8457-7773ef64d695,"{<resource_manager.instance.OnPremInstance object at 0x1531238c0>: [(5, 13622.152000000056, None)]}",109.55462846539683,42505.31999847537,13622.152000000056,11394.084847237002,2,17.3783211291144,13622.152000000056,17964.780000000057,True,26.185170713114402,8.806849584
lamf-test-ecaffeb0-92d2-4398-a844-9e4844c48df5,"{<resource_manager.instance.CloudReservedInstance object at 0x1533204d0>: [(1, 13652.152000000056, None)], <resource_manager.instance.CloudOnDemandInstance object at 0x1533151d0>: [(2, 13652.152000000056, None)]}",106.56838267415606,42582.64243815433,13652.152000000056,11421.553882631502,1,49.54195242704559,13652.152000000056,24047.26581590254,True,79.45680306417344,29.914850637127852
lamf-test-38f0df60-c850-46c3-8ecc-b21d5524ac44,"{<resource_manager.instance.CloudOnDemandInstance object at 0x1531523f0>: [(6, 13682.352000000057, None)]}",82.2505270696069,42692.583677565504,13682.352000000057,11420.553882631502,3,162.57354664494596,14082.888000000057,31496.348373620014,False,,
lamf-test-915cb3ce-20ce-43ae-8b31-7f523a6333eb,"{<resource_manager.instance.CloudOnDemandInstance object at 0x1531523f0>: [(2, 14114.688000000064, None)]}",71.69092063889612,27824.402158115467,14114.688000000064,13787.054843289001,3,27.674042617301367,14515.224000000064,23211.837659372457,True,52.37826223229304,24.70421961499167
lamf-test-cf4eee4f-df46-4434-9c29-6bf0f44daf4d,"{<resource_manager.instance.CloudReservedInstance object at 0x153123e00>: [(2, 14547.224000000071, None)], <resource_manager.instance.CloudOnDemandInstance object at 0x1533151d0>: [(2, 14547.224000000071, None)], <resource_manager.instance.CloudOnDemandInstance object at 0x1531523f0>: [(1, 14547.224000000071, None)], <resource_manager.instance.CloudOnDemandInstance object at 0x153123cb0>: [(1, 14547.224000000071, None)]}",53.667029478259835,27902.798615761312,14547.224000000071,13802.816436161,2,50.496224476941585,14547.224000000071,21071.41395800662,True,91.5306391530204,41.03441467607882
lamf-test-8f4c62d4-1881-4ae7-91f8-3b9d5e4e648b,"{<resource_manager.instance.CloudOnDemandInstance object at 0x153123cb0>: [(6, 14577.624000000073, None)]}",53.33256697567134,27911.754778972714,14577.624000000073,13783.699681899001,2,48.62114314467797,14978.160000000073,27927.154778972716,False,,
lamf-test-2ec8c349-ada1-458e-a7a4-ab9b6322b2cf,"{<resource_manager.instance.OnPremInstance object at 0x1531238c0>: [(4, 15010.16000000008, None)]}",57.00450481534605,27951.867556877143,15010.16000000008,13795.683961390001,2,3.433844155300173,15010.16000000008,15952.96400000008,True,4.963449364900173,1.5296052096000001
lamf-test-920c97be-abc7-45c8-bf90-73719c07896c,"{<resource_manager.instance.CloudOnDemandInstance object at 0x153123cb0>: [(3, 15040.36000000008, None)]}",49.27955402462038,27990.999220560752,15040.36000000008,13785.993631776,2,28.44017995866482,15440.89600000008,25502.194220232523,True,81.84575128610739,53.405571327442566
lamf-test-65b278d1-c75b-4135-b5aa-f825706c680d,"{<resource_manager.instance.OnPremInstance object at 0x1531238c0>: [(4, 15472.696000000087, None)]}",46.808209305960055,27998.960192861334,15472.696000000087,13772.664824886002,1,67.08162833675564,15472.696000000087,21818.425000000087,True,77.37693906635565,10.295310729599999
lamf-test-4fd50982-b738-4cdf-bdb5-50cd3dff6874,"{<resource_manager.instance.OnPremInstance object at 0x1531238c0>: [(2, 15502.696000000087, None)]}",66.98837614575113,28043.92836176219,15502.696000000087,13809.290053559,2,21.081762889617362,15502.696000000087,23257.70700000009,True,27.372627812817363,6.290864923200002
lamf-test-eb592d2c-c121-4645-b005-4e7f00d8eb14,"{<resource_manager.instance.CloudReservedInstance object at 0x153315090>: [(1, 15533.096000000089, None)], <resource_manager.instance.CloudOnDemandInstance object at 0x1533156d0>: [(1, 15533.096000000089, None)], <resource_manager.instance.CloudOnDemandInstance object at 0x1533151d0>: [(3, 15533.096000000089, None)]}",65.43723826831173,28121.867911250818,15533.096000000089,13788.054843289001,1,68.37764060657733,15533.096000000089,28137.26791125082,False,,
lamf-test-bff6c6c8-6ce7-4a14-8d30-c8d69887c972,"{<resource_manager.instance.OnPremInstance object at 0x1531238c0>: [(4, 15683.896000000092, None)]}",62.55972404682857,28424.854346604723,15683.896000000092,14390.280193744999,2,17.850541662826345,15683.896000000092,20584.981000000087,True,25.802061966826336,7.951520303999993
lamf-test-f3f23406-4146-4e8a-b0d6-831939b9a4ea,"{<resource_manager.instance.OnPremInstance object at 0x1531238c0>: [(5, 16105.096000000096, None)]}",57.3172776265575,28426.333730466242,16105.096000000096,14393.005481045999,1,102.76828899536086,16105.096000000096,23916.080000000096,True,118.60896454736087,15.840675552
lamf-test-9fd69545-924f-4ce5-9308-d2123ccec4dc,"{<resource_manager.instance.OnPremInstance object at 0x1531238c0>: [(3, 16285.696000000098, None)]}",61.631240803228884,28504.574174917143,16285.696000000098,14382.646153656,1,10.332650011407706,16285.696000000098,17579.639000000097,True,11.907119853807705,1.5744698423999992
lamf-test-5a75690c-b8ed-48d0-b610-f947c287d86c,"{<resource_manager.instance.OnPremInstance object at 0x1531238c0>: [(5, 16466.4960000001, None)]}",56.45454017440447,28561.85236671237,16466.4960000001,14409.809710526997,3,45.10276827135145,16466.4960000001,22397.059000000103,True,57.129950035351456,12.027181764000003
lamf-test-9673f22e-b964-4aa7-bb78-d1e21e110802,"{<resource_manager.instance.OnPremInstance object at 0x1531238c0>: [(3, 16586.896000000103, None)]}",52.254300807909324,28579.410007994153,16586.896000000103,14424.780163960997,1,39.652652292950044,16586.896000000103,21552.541000000103,True,45.69484912895005,6.042196836000001
lamf-test-b036c054-ee21-47f6-aca9-95247c096cfe,"{<resource_manager.instance.OnPremInstance object at 0x1531238c0>: [(6, 16827.696000000105, None)]}",40.69689972228568,28641.650290040012,16827.696000000105,14404.272974770998,3,32.87419575633126,16827.696000000105,20429.886000000104,True,41.64048534033126,8.766289583999997
lamf-test-5f1a507d-a26f-433c-85e6-51ac89f0d432,"{<resource_manager.instance.OnPremInstance object at 0x1531238c0>: [(4, 17068.49600000011, None)]}",64.02975273459877,28702.555335638623,17068.49600000011,14426.780955040997,3,42.84991406190586,17068.49600000011,24111.41500000011,True,54.27634584750586,11.426431785600002
lamf-test-43098e09-15cf-41fe-b455-41529b19decc,"{<resource_manager.instance.OnPremInstance object at 0x1531238c0>: [(4, 17158.89600000011, None)]}",67.69762432994189,29053.401431689323,17158.89600000011,14998.084012565,1,56.36532983496839,17158.89600000011,22490.894000000106,True,65.01596339016838,8.650633555199994
lamf-test-ff8adf42-1018-4980-bdfd-c498e4f1b637,"{<resource_manager.instance.OnPremInstance object at 0x1531238c0>: [(2, 17188.89600000011, None)]}",50.99968955238831,29111.630607837516,17188.89600000011,15016.698383124,1,25.127288234846763,17188.89600000011,21842.39900000011,True,28.902209868446764,3.7749216336000004
lamf-test-d1831f12-882c-4e14-bb62-b9776ced5649,"{<resource_manager.instance.OnPremInstance object at 0x1531238c0>: [(3, 17369.896000000113, None)]}",62.263052342770514,29148.438533280874,17369.896000000113,15018.926514199,3,4.809459274469535,17369.896000000113,18423.889000000112,True,6.091957956869533,1.2824986823999984
lamf-test-0d7701be-3ce7-49c1-9391-e93bc28aface,"{<resource_manager.instance.OnPremInstance object at 0x1531238c0>: [(2, 17399.896000000113, None)]}",74.93798997685712,29215.593163662707,17399.896000000113,15038.158004731,3,9.920775724389681,17399.896000000113,20661.103000000112,True,12.56626684278968,2.645491118399999
lamf-test-327a626d-9865-47f8-8ba0-52996ec1940c,"{<resource_manager.instance.OnPremInstance object at 0x1531238c0>: [(4, 17429.896000000113, None)]}",74.39841740073138,29753.89523757401,17429.896000000113,15614.583956813,1,69.92058361852608,17429.896000000113,24044.18200000011,True,80.65160122492608,10.731017606399995
lamf-test-2809816c-7bfc-46e3-bb73-0ce9925ea853,"{<resource_manager.instance.OnPremInstance object at 0x1531238c0>: [(2, 17460.296000000115, None)]}",50.90207279429441,29777.36681168394,17460.296000000115,15613.583956813,1,23.879585671914178,17460.296000000115,21882.72800000011,True,27.46706251031417,3.5874768383999944
lamf-test-457a1c73-20e1-45f7-a144-19901295fb3b,"{<resource_manager.instance.OnPremInstance object at 0x1531238c0>: [(4, 17941.89600000012, None)]}",49.05334152829353,29783.824256574437,17941.89600000012,15621.986896784001,1,54.16837082667886,17941.89600000012,23066.068000000123,True,62.481827479478866,8.313456652800003
lamf-test-73802176-7b43-45cb-be2f-758b39305344,"{<resource_manager.instance.OnPremInstance object at 0x1531238c0>: [(4, 18303.096000000125, None)]}",57.80879755607951,29792.193045168882,18303.096000000125,15634.923572798001,3,24.58607650771923,18303.096000000125,22344.125000000127,True,31.142241957319236,6.5561654496000035
lamf-test-a37f5b70-4c4f-44b3-a817-99539c326610,"{<resource_manager.instance.OnPremInstance object at 0x1531238c0>: [(4, 18333.096000000125, None)]}",57.694188998700625,30273.943120458593,18333.096000000125,16187.242419314001,3,26.996997490303432,18333.096000000125,22770.390000000123,True,34.19606327590343,7.199065785599997
lamf-test-0fdcad07-bf2d-4d92-8354-0c4ee7d909cf,"{<resource_manager.instance.OnPremInstance object at 0x1531238c0>: [(6, 18483.696000000127, None)]}",57.46774388158159,30281.28198045882,18483.696000000127,16185.242419314001,1,134.85087337440103,18483.696000000127,27049.658000000123,True,155.69699849760102,20.846125123199993
lamf-test-20bd965c-e3af-463e-ad6b-f7ce4b078baa,"{<resource_manager.instance.OnPremInstance object at 0x1531238c0>: [(5, 18543.696000000127, None)]}",49.20241958092055,31036.31885544439,18543.696000000127,16840.867219672,2,9.273607191719979,18543.696000000127,20861.056000000128,True,13.97321327171998,4.699606080000001
lamf-test-ff97215d-d288-4a40-9a08-b29190e7eee1,"{<resource_manager.instance.OnPremInstance object at 0x1531238c0>: [(4, 18574.29600000013, None)]}",50.90199713640601,31443.897130326917,18574.29600000013,17391.632656246,1,50.066776713057976,18574.29600000013,23310.469000000125,True,57.75074378825797,7.683967075199992
lamf-test-e31740c1-403e-4c71-8a7f-0330adf6a272,"{<resource_manager.instance.OnPremInstance object at 0x1531238c0>: [(5, 18815.296000000133, None)]}",51.6673689623557,31469.54114794645,18815.296000000133,17390.632656246,1,62.8995976119857,18815.296000000133,23596.029000000133,True,72.59492413598569,9.695326524
lamf-test-0b722e5a-870b-4bb2-acf4-7c5f987aee07,"{<resource_manager.instance.CloudOnDemandInstance object at 0x1533156d0>: [(1, 18845.496000000134, None)], <resource_manager.instance.CloudOnDemandInstance object at 0x1533151d0>: [(2, 18845.496000000134, None)], <resource_manager.instance.CloudOnDemandInstance object at 0x1531523f0>: [(1, 18845.496000000134, None)]}",60.84882595404457,31530.043923833433,18845.496000000134,17393.273148946002,3,41.85345476457852,19246.032000000134,31545.443923833434,False,,
lamf-test-4c84a4d8-5052-4c6f-afd2-7c5df767217c,"{<resource_manager.instance.OnPremInstance object at 0x1531238c0>: [(6, 19429.032000000145, None)]}",71.28909006291121,31533.050769728383,19429.032000000145,17435.520797314006,1,52.28211704312114,19429.032000000145,22750.083000000144,True,60.36422675672114,8.0821097136
lamf-test-86bee4c0-8211-4364-b2b2-315ff254f448,"{<resource_manager.instance.OnPremInstance object at 0x1531238c0>: [(4, 19549.432000000146, None)]}",60.879551145103115,31549.42510004562,19549.432000000146,17397.191801662004,1,34.833152635181364,19549.432000000146,22844.548000000144,True,40.17914883358136,5.345996198399997
lamf-test-e1378e61-db93-479c-b4b7-359d51f2c742,"{<resource_manager.instance.OnPremInstance object at 0x1531238c0>: [(6, 19579.432000000146, None)]}",52.48076757861521,31702.627543240953,19579.432000000146,17440.301470744005,1,40.02544695414095,19579.432000000146,22121.918000000143,True,46.212840883740945,6.187393929599994
lamf-test-1fb51fa6-4d43-412b-9a86-c51ec772c644,"{<resource_manager.instance.OnPremInstance object at 0x1531238c0>: [(5, 19910.43200000015, None)]}",79.83864331738259,31795.32541677782,19910.43200000015,17401.653067048002,3,24.85086318351205,19910.43200000015,23178.07200000015,True,31.47763710351205,6.626773919999998
lamf-test-db07f320-f70e-4581-b141-d95e0791351c,"{<resource_manager.instance.OnPremInstance object at 0x1531238c0>: [(4, 20000.63200000015, None)]}",67.5503798079176,32051.58550639263,20000.63200000015,18002.480001913,2,6.533079318284255,20000.63200000015,21794.36900000015,True,9.443238227084256,2.9101589088000015
lamf-test-a8f2c75b-6fbc-476d-891d-92f88bfed8de,"{<resource_manager.instance.OnPremInstance object at 0x1531238c0>: [(6, 20121.632000000154, None)]}",60.82789615796186,32237.261795396465,20121.632000000154,17994.542961976003,2,9.578718976763179,20121.632000000154,22337.979000000152,True,14.972421035963174,5.393702059199995
lamf-test-76f31f64-e074-4b6a-9579-e22c37b55e69,"{<resource_manager.instance.OnPremInstance object at 0x1531238c0>: [(5, 20151.832000000155, None)]}",57.885218243385175,32269.744511851262,20151.832000000155,18024.419214111003,3,20.668126853753122,20151.832000000155,22869.484000000153,True,26.17952510975312,5.511398255999996
lamf-test-599db447-ffc5-4f67-bbdb-15246291d10d,"{<resource_manager.instance.OnPremInstance object at 0x1531238c0>: [(4, 20182.032000000156, None)]}",58.09494942769889,32542.38423039433,20182.032000000156,18640.301454194003,3,35.975596623317365,20182.032000000156,26095.071000000156,True,45.56891109691737,9.593314473600001
lamf-test-9c88980c-fc13-42ba-ae80-9214e850b23c,"{<resource_manager.instance.OnPremInstance object at 0x1531238c0>: [(3, 20212.232000000156, None)]}",56.88278421553064,32686.82863506217,20212.232000000156,18637.216699081502,2,8.185376727868713,20212.232000000156,22749.718000000157,True,11.272989692668714,3.0876129648000012
lamf-test-0edb2b7d-ea79-4551-a1d6-40e8f4f75204,"{<resource_manager.instance.OnPremInstance object at 0x1531238c0>: [(2, 20242.232000000156, None)]}",49.09599477194767,33200.00411103823,20242.232000000156,19207.593169382006,3,14.313888508631841,20242.232000000156,24947.56500000016,True,18.130854638231842,3.8169661296000017
lamf-test-01d3dab5-d631-4e94-b48f-123fd1e6d0ca,"{<resource_manager.instance.OnPremInstance object at 0x1531238c0>: [(3, 20392.83200000016, None)]}",62.28353144846482,33323.60247738128,20392.83200000016,19224.003567155007,1,23.974864248231803,20392.83200000016,23395.17000000016,True,27.628109126631802,3.6532448784
lamf-test-c7f36b6d-6d0e-497a-bed2-ab51e4200e00,"{<resource_manager.instance.OnPremInstance object at 0x1531238c0>: [(6, 20483.43200000016, None)]}",67.30455789142538,33349.13647810214,20483.43200000016,19249.92023920501,2,5.61383662568799,20483.43200000016,21782.37500000016,True,8.774944310487989,3.1611076847999984
lamf-test-d392fb46-3ada-4299-920d-04b5ae462e49,"{<resource_manager.instance.CloudOnDemandInstance object at 0x153152780>: [(2, 20724.832000000166, None)], <resource_manager.instance.CloudOnDemandInstance object at 0x1533151d0>: [(1, 20724.832000000166, None)], <resource_manager.instance.CloudOnDemandInstance object at 0x1531523f0>: [(1, 20724.832000000166, None)]}",53.88118833696197,33367.95432474987,20724.832000000166,19245.29290513501,2,75.13997723447739,21125.368000000166,33198.718318312254,True,158.84087708012015,83.70089984564277
lamf-test-227b9038-f251-4152-94eb-43a9fb1d09b6,"{<resource_manager.instance.CloudReservedInstance object at 0x153315090>: [(1, 21156.76800000017, None)], <resource_manager.instance.CloudReservedInstance object at 0x1531522c0>: [(1, 21156.76800000017, None)], <resource_manager.instance.CloudReservedInstance object at 0x153123e00>: [(2, 21156.76800000017, None)], <resource_manager.instance.CloudOnDemandInstance object at 0x153123cb0>: [(1, 21156.76800000017, None)]}",66.25196628808428,33424.66426779494,21156.76800000017,19196.032315359003,2,49.41114839753412,21156.76800000017,27919.68563959647,True,77.38528092196026,27.974132524426135
lamf-test-404b381d-5a0f-4cbc-ae4f-02ebbbeb7a4d,"{<resource_manager.instance.OnPremInstance object at 0x1531238c0>: [(6, 21217.368000000173, None)]}",54.32250531179826,33429.9422082996,21217.368000000173,19216.848762119007,1,53.54351197809719,21217.368000000173,24618.545000000173,True,61.820616325297195,8.2771043472
lamf-test-cbaeac35-da39-4580-bb48-6f69d435e1ef,"{<resource_manager.instance.OnPremInstance object at 0x1531238c0>: [(6, 21911.168000000187, None)]}",59.97502759856391,33514.69370040161,21911.168000000187,19239.84276047001,2,16.590202951270854,21911.168000000187,25749.849000000188,True,25.932017032870856,9.341814081600003
lamf-test-6ebb2b55-7f25-4fcc-998e-d62668ae8460,"{<resource_manager.instance.OnPremInstance object at 0x1531238c0>: [(6, 21941.368000000188, None)]}",60.69367071554156,33570.797840089,21941.368000000188,19236.84276047001,2,17.709203352068457,21941.368000000188,26038.966000000186,True,27.681117844868453,9.971914492799996
lamf-test-8ac2f925-7afc-41fe-bb28-31766fc5fb67,"{<resource_manager.instance.OnPremInstance object at 0x1531238c0>: [(2, 21971.368000000188, None)]}",78.91788247204538,33869.140071429596,21971.368000000188,19822.54781173901,1,26.353829568788473,21971.368000000188,26852.023000000183,True,30.31301690478847,3.959187335999996
lamf-test-e68a5a0e-948d-450e-bd18-14ba76978e62,"{<resource_manager.instance.OnPremInstance object at 0x1531238c0>: [(2, 22001.368000000188, None)]}",61.643354936762066,33974.54858788675,22001.368000000188,19850.640851116008,2,22.668645145612626,22001.368000000188,30340.120000000188,True,29.433040768012624,6.7643956224
lamf-test-03badbdc-4aa8-4cd2-98f8-bfe0e4080cef,"{<resource_manager.instance.OnPremInstance object at 0x1531238c0>: [(2, 22031.56800000019, None)]}",46.039696363479905,34481.26970997186,22031.56800000019,20457.048857352012,2,20.191958804812852,22031.56800000019,29459.261000000184,True,26.21730336641285,6.025344561599996
lamf-test-3943f80b-7a33-4e35-a8a4-f3b6aa99c52d,"{<resource_manager.instance.OnPremInstance object at 0x1531238c0>: [(3, 22061.56800000019, None)]}",31.751233670300554,34546.75298657236,22061.56800000019,20455.16737896301,1,25.932292950034196,22061.56800000019,25309.032000000185,True,29.88380714523419,3.9515141951999957
lamf-test-aba1aa4f-f6ce-4af2-b868-ea5768a9b8b8,"{<resource_manager.instance.OnPremInstance object at 0x1531238c0>: [(5, 22091.56800000019, None)]}",55.6474329845016,34548.90013699956,22091.56800000019,20408.93568651801,3,21.200182523385816,22091.56800000019,24879.18000000019,True,26.85345965938582,5.653277136000002
lamf-test-d11d15e3-c05e-424a-bab1-f5785ed94bc2,"{<resource_manager.instance.CloudReservedInstance object at 0x1531522c0>: [(2, 22121.76800000019, None)], <resource_manager.instance.CloudOnDemandInstance object at 0x1533151d0>: [(1, 22121.76800000019, None)], <resource_manager.instance.CloudOnDemandInstance object at 0x153123cb0>: [(1, 22121.76800000019, None)]}",65.13660288894543,34559.54353566984,22121.76800000019,20428.01289010901,1,54.75238735358755,22121.76800000019,28607.706210021115,True,79.1906890757433,24.438301722155746
lamf-test-2586faa0-8afe-4587-9352-3a45415e951c,"{<resource_manager.instance.OnPremInstance object at 0x1531238c0>: [(3, 22151.76800000019, None)]}",52.1878736324701,34615.02010982425,22151.76800000019,20431.34972429701,2,10.028153096465786,22151.76800000019,25260.51900000019,True,13.810881313265787,3.7827282168000007
lamf-test-81195703-aa5f-481d-abd3-346d6a96d7d8,"{<resource_manager.instance.OnPremInstance object at 0x1531238c0>: [(2, 22181.76800000019, None)]}",57.90728747613712,34655.437644690326,22181.76800000019,20452.47219899101,2,7.266002090871326,22181.76800000019,24854.596000000187,True,9.434200164471324,2.168198073599998
lamf-test-debb5ae3-8ca9-424a-a1fe-ae626817d5d4,"{<resource_manager.instance.OnPremInstance object at 0x1531238c0>: [(4, 22302.36800000019, None)]}",50.08229655297103,34668.7953237809,22302.36800000019,20442.94317400801,3,20.01636626359418,22302.36800000019,25592.30800000019,True,25.353964919594176,5.337598655999998
lamf-test-0b1411aa-7440-4517-bbd4-2bffa1461af4,"{<resource_manager.instance.OnPremInstance object at 0x1531238c0>: [(2, 22392.568000000192, None)]}",54.09958144079154,34766.37837689626,22392.568000000192,20461.92519208601,1,32.135747965624745,22392.568000000192,28344.01800000019,True,36.96356420562474,4.827816239999998
lamf-test-b86de886-591a-45ec-903b-6a80c96225dd,"{<resource_manager.instance.OnPremInstance object at 0x1531238c0>: [(6, 22452.568000000192, None)]}",41.149547064693905,35015.068889749346,22452.568000000192,21031.37584476501,3,24.149660050193933,22452.568000000192,25098.767000000193,True,30.589449936593937,6.439789886400002
lamf-test-2ee801ff-df94-45c9-b634-a465808c37ee,"{<resource_manager.instance.OnPremInstance object at 0x1531238c0>: [(4, 22512.568000000192, None)]}",44.045311418522864,35113.17220752101,22512.568000000192,21014.11712597601,3,19.64367176211119,22512.568000000192,25741.251000000193,True,24.88188706131119,5.238215299200001
lamf-test-b19f4d76-0891-41df-b5fe-36ccd74b9a06,"{<resource_manager.instance.OnPremInstance object at 0x1531238c0>: [(3, 22632.968000000194, None)]}",47.2527689810787,35122.85626750351,22632.968000000194,21020.085627497006,3,35.38179329226556,22632.968000000194,30386.888000000192,True,44.816763148265565,9.434969855999999
lamf-test-55529a16-b241-4348-bd90-45ddc000d26d,"{<resource_manager.instance.OnPremInstance object at 0x1531238c0>: [(3, 22662.968000000194, None)]}",53.211716625419925,35145.544544917895,22662.968000000194,21029.66347614801,2,13.32244105448346,22662.968000000194,26792.95600000019,True,18.347810452883458,5.025369398399997
lamf-test-65e3ea29-e28c-4094-b1d4-e102c2738358,"{<resource_manager.instance.OnPremInstance object at 0x1531238c0>: [(3, 22723.768000000196, None)]}",53.51848203740168,35155.42972262997,22723.768000000196,21035.227123034012,1,16.810141455623977,22723.768000000196,24828.878000000193,True,19.371639303623972,2.5614978479999966
lamf-test-18cbb634-7aef-4481-9ee7-fe1e8a16d0ba,"{<resource_manager.instance.OnPremInstance object at 0x1531238c0>: [(5, 22813.768000000196, None)]}",52.226498354671556,35162.74280909422,22813.768000000196,21042.708390495012,3,6.229302608563391,22813.768000000196,23632.859000000197,True,7.890419156563392,1.6611165480000005
lamf-test-5471ed7c-c241-4b43-b3db-c6a0ff681a3a,"{<resource_manager.instance.CloudReservedInstance object at 0x153123e00>: [(1, 22843.768000000196, None)], <resource_manager.instance.CloudOnDemandInstance object at 0x153123cb0>: [(1, 22843.768000000196, None)]}",59.30424416492866,35783.88005261414,22843.768000000196,21615.502963705512,2,44.30613996487183,22843.768000000196,35799.28005261414,False,,
lamf-test-40afb271-d458-48d9-adbe-b89134d80114,"{<resource_manager.instance.OnPremInstance object at 0x1531238c0>: [(3, 22873.768000000196, None)]}",57.83325208385016,35838.78575749537,22873.768000000196,21608.749927661014,3,23.868405201916488,22873.768000000196,28104.529000000195,True,30.233195186716486,6.364789984799999
lamf-test-81297157-09b4-4bfd-81e5-a8bf0f0cf407,"{<resource_manager.instance.OnPremInstance object at 0x1531238c0>: [(6, 22994.3680000002, None)]}",69.1210403049402,35848.71234376775,22994.3680000002,21610.866628857013,3,36.37896417978555,22994.3680000002,26980.5930000002,True,46.07984133978555,9.700877160000006
lamf-test-9b9326a1-51bc-46fd-a2cb-1abf1c9c75f6,"{<resource_manager.instance.OnPremInstance object at 0x1531238c0>: [(5, 23024.3680000002, None)]}",57.78982021342063,35880.13331395395,23024.3680000002,21618.948476542515,1,68.12488440185568,23024.3680000002,28202.2530000002,True,78.62563518185569,10.500750780000004
lamf-test-46c0ddc9-3e57-4092-abb9-12bad9e5fc70,"{<resource_manager.instance.OnPremInstance object at 0x1531238c0>: [(3, 23054.3680000002, None)]}",59.85312775121128,36406.393972634265,23054.3680000002,22239.96218379452,1,30.25422868964615,23054.3680000002,26843.061838477886,True,34.864311352305805,4.610082662659651
lamf-test-7741d198-baa3-4b02-8577-d94aba790819,"{<resource_manager.instance.CloudReservedInstance object at 0x153123e00>: [(2, 23174.5680000002, None)]}",58.57374457030712,36437.315159483645,23174.5680000002,22235.31866110352,2,13.679569094764613,23174.5680000002,29145.724067173654,True,22.306695380616823,8.627126285852208
lamf-test-709c216f-6a83-488b-bc0b-72ed1c83abc3,"{<resource_manager.instance.CloudReservedInstance object at 0x153123e00>: [(2, 23355.768000000204, None)], <resource_manager.instance.CloudOnDemandInstance object at 0x1531523f0>: [(2, 23355.768000000204, None)]}",66.23572922815853,36884.36444339752,23355.768000000204,22829.16557654452,1,95.42308826636278,23355.768000000204,33870.16622023264,True,139.1671906218178,43.74410235545503
lamf-test-be2bbdb1-c4fd-4c6f-98ba-e30fc22c630e,"{<resource_manager.instance.OnPremInstance object at 0x1531238c0>: [(4, 23415.768000000204, None)]}",51.26544011550611,36909.70902414856,23415.768000000204,22841.021385241518,1,41.5947325271884,23415.768000000204,27350.510000000206,True,47.9784579479884,6.383725420800003
lamf-test-b395ec81-f5cf-4d31-b896-54e96e62d931,"{<resource_manager.instance.OnPremInstance object at 0x1531238c0>: [(6, 23445.968000000204, None)]}",60.66671241836613,36945.86480150517,23445.968000000204,22817.34975290852,3,13.838640200775712,23445.968000000204,24962.337000000203,True,17.528875799175708,3.6902355983999975
lamf-test-ac6005c9-5daa-4585-b9e3-32cefa81cdb6,"{<resource_manager.instance.OnPremInstance object at 0x1531238c0>: [(2, 23657.56800000021, None)]}",56.43144675229202,36959.73271777638,23657.56800000021,22810.79806713452,3,15.532104342535545,23657.56800000021,28763.359000000208,True,19.673922001735544,4.141817659199998
lamf-test-af430514-5203-4847-a3dd-4d540698c45d,"{<resource_manager.instance.OnPremInstance object at 0x1531238c0>: [(2, 23718.368000000213, None)]}",43.871600174569394,36961.746268101124,23718.368000000213,22820.51962179052,3,14.657354931933979,23718.368000000213,28536.60700000021,True,18.565910408733977,3.908555476799998
lamf-test-fce34ab6-8bce-4303-a50f-d59fbea8d614,"{<resource_manager.instance.OnPremInstance object at 0x1531238c0>: [(2, 23748.368000000213, None)]}",47.41181351390231,36993.085556543345,23748.368000000213,22808.99273971352,3,9.392452657996804,23748.368000000213,26835.902000000213,True,11.897060238796804,2.5046075807999997
lamf-test-2044ce9f-358f-4536-9714-09641c49ba86,"{<resource_manager.instance.OnPremInstance object at 0x1531238c0>: [(3, 23838.968000000215, None)]}",48.79729657189927,36995.45040627442,23838.968000000215,22852.396264290517,2,9.056589485657053,23838.968000000215,26646.532000000214,True,12.472833360857052,3.4162438751999984
lamf-test-4efeb549-c3cf-448a-a777-1713f6f5a77e,"{<resource_manager.instance.OnPremInstance object at 0x1531238c0>: [(6, 23869.168000000216, None)]}",68.3929603445819,37028.211257003146,23869.168000000216,22832.16708647152,2,14.996343618702674,23869.168000000216,27339.058000000216,True,23.440667922702673,8.444324303999998
lamf-test-ead8fa92-dd65-4aea-b802-324a84d102bb,"{<resource_manager.instance.OnPremInstance object at 0x1531238c0>: [(4, 24050.56800000022, None)]}",64.57300483587817,37037.32904608903,24050.56800000022,22864.379547924018,1,78.26698973305953,24050.56800000022,31454.40000000022,True,90.27896676985952,12.011977036799998
lamf-test-b87c5197-7932-482c-81b3-61882a5ae41e,"{<resource_manager.instance.OnPremInstance object at 0x1531238c0>: [(2, 24080.768000000222, None)]}",46.96697712554091,37084.31035060411,24080.768000000222,22866.926672976017,3,16.315239181686803,24080.768000000222,29443.995000000217,True,20.6658889240868,4.350649742399996
lamf-test-c6c963f9-b511-4173-9da1-afb01f8ea9e8,"{<resource_manager.instance.OnPremInstance object at 0x1531238c0>: [(5, 24170.968000000223, None)]}",55.16582208546895,37095.265850485885,24170.968000000223,22843.10272407852,2,11.575649638405547,24170.968000000223,27063.58000000022,True,17.44186677440554,5.866217135999994
lamf-test-001a4b71-83f9-4df6-aec9-864db3283caa,"{<resource_manager.instance.OnPremInstance object at 0x1531238c0>: [(2, 24200.968000000223, None)]}",48.99000092192328,37462.81894675066,24200.968000000223,23451.881287614007,3,11.148802190280616,24200.968000000223,27865.85800000022,True,14.121760958280612,2.9729587679999967
lamf-test-f7a44344-fc5e-4a49-a1d7-2ef5e757b2cc,"{<resource_manager.instance.OnPremInstance object at 0x1531238c0>: [(5, 24352.168000000227, None)]}",58.088742770112894,37605.381735657604,24352.168000000227,23458.072103274004,1,25.73779245570002,24352.168000000227,26308.389000000225,True,29.705008643700015,3.967216187999995
lamf-test-e53ad4a6-c56e-4dd1-b22c-a4f51924970e,"{<resource_manager.instance.CloudReservedInstance object at 0x1533204d0>: [(1, 24503.36800000023, None)], <resource_manager.instance.CloudReservedInstance object at 0x153315090>: [(1, 24503.36800000023, None)], <resource_manager.instance.CloudOnDemandInstance object at 0x1533151d0>: [(2, 24503.36800000023, None)]}",55.354429897570796,37669.0297265443,24503.36800000023,23436.69828003801,3,33.251645181444324,24503.36800000023,35434.01506227052,True,69.11487957981188,35.86323439836757
lamf-test-6849d36d-a755-4e76-b818-c17b557c62c1,"{<resource_manager.instance.OnPremInstance object at 0x1531238c0>: [(3, 24865.168000000238, None)]}",39.636907285102794,37716.807806889075,24865.168000000238,23460.789915681,2,8.652863510517436,24865.168000000238,27547.576000000237,True,11.916817564917435,3.2639540543999996
lamf-test-d82e7cf7-6019-488e-8e11-17029d37b11e,"{<resource_manager.instance.OnPremInstance object at 0x1531238c0>: [(4, 24895.36800000024, None)]}",58.17814683116276,37982.45843825178,24895.36800000024,24040.014861192,1,21.750217659137554,24895.36800000024,26952.876000000237,True,25.08831863833755,3.3381009791999965
lamf-test-bd57b50e-03ca-4810-aec9-f7f4669d252f,"{<resource_manager.instance.OnPremInstance object at 0x1531238c0>: [(6, 24985.36800000024, None)]}",70.84381642365693,38023.74140446278,24985.36800000024,24025.551986406004,3,52.03820214464974,24985.36800000024,30687.454000000234,True,65.91479863424973,13.87659648959999
lamf-test-d25e5772-26d6-4d1a-8442-10078b0905a7,"{<resource_manager.instance.OnPremInstance object at 0x1531238c0>: [(3, 25166.768000000244, None)]}",48.70139863364064,38062.890946727806,25166.768000000244,24060.562456960004,2,20.255982100288314,25166.768000000244,31446.17000000024,True,27.896758453888307,7.6407763535999935
lamf-test-bb0f8113-f05a-4407-a64f-cf580915278f,"{<resource_manager.instance.OnPremInstance object at 0x1531238c0>: [(3, 25227.168000000245, None)]}",55.45396955229691,38106.76417682844,25227.168000000245,24041.014861192,1,49.96374172940911,25227.168000000245,31484.056000000248,True,57.57712304780911,7.613381318400004
lamf-test-9b398170-0f91-43dd-888b-ca47a69e7be6,"{<resource_manager.instance.OnPremInstance object at 0x1531238c0>: [(5, 25257.568000000247, None)]}",66.9431854355246,38131.45714224359,25257.568000000247,24062.008216012004,1,40.983724998098666,25257.568000000247,28372.568000000243,True,47.30094499809866,6.317219999999992
lamf-test-9887e099-b361-4b4e-9635-a15f075166e7,"{<resource_manager.instance.OnPremInstance object at 0x1531238c0>: [(2, 25287.568000000247, None)]}",35.564787144994426,38144.20802794816,25287.568000000247,24084.2011787845,3,12.723224579815941,25287.568000000247,29470.010000000242,True,16.11602153021594,3.392796950399996
lamf-test-9ae48453-c026-4d89-8443-e59c272cd1c1,"{<resource_manager.instance.OnPremInstance object at 0x1531238c0>: [(3, 25317.568000000247, None)]}",49.958054880775016,38220.84841380402,25317.568000000247,24048.98535862,3,10.17627195984486,25317.568000000247,27547.698000000248,True,12.889894143844861,2.7136221840000014
lamf-test-6b1442b6-bf8d-43ee-9a7c-ebfe1af3d782,"{<resource_manager.instance.OnPremInstance object at 0x1531238c0>: [(6, 25407.768000000247, None)]}",47.933135757937364,38243.7465370275,25407.768000000247,24037.018489488,3,39.80988364134156,25407.768000000247,29769.93600000025,True,50.42565568614156,10.615772044800005
lamf-test-4934301a-0ee3-435b-9029-b60facd69218,"{<resource_manager.instance.CloudOnDemandInstance object at 0x1533151d0>: [(1, 25587.968000000248, None)], <resource_manager.instance.CloudOnDemandInstance object at 0x153123cb0>: [(3, 25587.968000000248, None)]}",52.890558120332045,38356.72957210016,25587.968000000248,24076.065979889503,1,63.04733475562129,25988.50400000025,35302.92196134788,True,121.31267398926408,58.26533923364279
lamf-test-95560630-f5ce-4b54-af45-e19485ee5922,"{<resource_manager.instance.OnPremInstance object at 0x1531238c0>: [(2, 26021.90400000026, None)]}",59.57220196896465,38682.69465643339,26021.90400000026,24629.4415216745,3,21.325627804395758,26021.90400000026,33032.17100000026,True,27.012356394795756,5.686728590399997
lamf-test-73046f72-e863-4f29-945a-1ed957c987ac,"{<resource_manager.instance.OnPremInstance object at 0x1531238c0>: [(2, 26051.90400000026, None)]}",49.64802637292328,38703.326466404746,26051.90400000026,24689.803576082504,2,7.448025389041122,26051.90400000026,28791.69000000026,True,9.670539792241122,2.2225144032
lamf-test-a4b5dddb-c265-42fa-86a6-3769ba731a7d,"{<resource_manager.instance.OnPremInstance object at 0x1531238c0>: [(3, 26082.304000000262, None)]}",52.551032993574616,38727.439388383485,26082.304000000262,24681.982940266505,3,27.088523842117255,26082.304000000262,32018.75400000026,True,34.31199620211725,7.223472359999997
lamf-test-46c864e1-45db-4f91-aeb7-6635dbd4c402,"{<resource_manager.instance.OnPremInstance object at 0x1531238c0>: [(3, 26112.504000000263, None)]}",52.404009574895966,38753.93195553027,26112.504000000263,24635.7352005995,2,11.854677975220154,26112.504000000263,29787.482000000262,True,16.326391205620155,4.471713230399999
lamf-test-5732e2ca-542b-4ef0-9ba8-d02986867ef0,"{<resource_manager.instance.OnPremInstance object at 0x1531238c0>: [(5, 26142.704000000263, None)]}",47.97415618366852,38753.961405527545,26142.704000000263,24685.982940266505,3,22.496461793302352,26142.704000000263,29100.76376120159,True,28.49540698901864,5.998945195716289
lamf-test-fb68c73b-7616-477a-9624-12fe33c84899,"{<resource_manager.instance.OnPremInstance object at 0x1531238c0>: [(2, 26172.904000000264, None)]}",57.07316459038334,38758.95319612506,26172.904000000264,24634.7352005995,1,30.10773115826298,26172.904000000264,31748.771000000263,True,34.63087446866298,4.523143310399998
lamf-test-f6694ce8-d10c-4d5c-8d02-a0790805227c,"{<resource_manager.instance.OnPremInstance object at 0x1531238c0>: [(4, 26202.904000000264, None)]}",59.39258429217821,38850.80653815603,26202.904000000264,24674.051414017507,3,27.71921210738461,26202.904000000264,30758.903000000268,True,35.110864884984615,7.391652777600005
lamf-test-9a613963-6b08-48f7-a968-de04ae02d54b,"{<resource_manager.instance.OnPremInstance object at 0x1531238c0>: [(5, 26232.904000000264, None)]}",60.09404415021537,38892.52265795599,26232.904000000264,24692.828396763503,1,12.700086698608242,26232.904000000264,27198.184000000263,True,14.657674538608239,1.9575878399999975
lamf-test-dc05c32e-684f-4b3c-9aa4-d42d6979a3fe,"{<resource_manager.instance.OnPremInstance object at 0x1531238c0>: [(2, 26263.104000000265, None)]}",53.18730478197852,38929.87881776708,26263.104000000265,24666.936737074506,1,35.68629872994142,26263.104000000265,32872.10600000026,True,41.04752115234142,5.361222422399997
lamf-test-1d000706-26a3-4b4f-ad47-fa83618f238b,"{<resource_manager.instance.OnPremInstance object at 0x1531238c0>: [(6, 26714.70400000027, None)]}",81.70373679543748,38935.41923790666,26714.70400000027,24682.982940266505,3,8.51292721879991,26714.70400000027,27647.50800000027,True,10.78299903319991,2.2700718144000005
lamf-test-2eec3224-ea88-4f7c-9564-fd5b3d3b7737,"{<resource_manager.instance.OnPremInstance object at 0x1531238c0>: [(2, 26804.90400000027, None)]}",37.4151337220024,38958.95751748459,26804.90400000027,24698.871635106505,3,16.45467792227546,26804.90400000027,32213.968000000274,True,20.842510639075464,4.387832716800002
lamf-test-db485ebb-20db-4f84-be49-680a38510307,"{<resource_manager.instance.OnPremInstance object at 0x1531238c0>: [(4, 26955.904000000275, None)]}",34.692999599854716,38978.63137599873,26955.904000000275,24691.828396763503,1,35.27824017035513,26955.904000000275,30293.124000000273,True,40.69254589835513,5.414305727999996
lamf-test-eb814bf1-bbb0-4b2f-bc01-f5e613979714,"{<resource_manager.instance.OnPremInstance object at 0x1531238c0>: [(2, 26986.104000000276, None)]}",47.7909014064123,39026.889942456204,26986.104000000276,24665.936737074506,3,12.238360331584161,26986.104000000276,31009.15900000028,True,15.501862547584164,3.263502216000003
lamf-test-e255d1b1-9398-4d26-ab74-bb5794234e47,"{<resource_manager.instance.OnPremInstance object at 0x1531238c0>: [(2, 27016.504000000277, None)]}",52.18465366625499,39494.4170403578,27016.504000000277,25294.544275063505,3,4.601378051562855,27016.504000000277,28529.092000000277,True,5.828389437162855,1.2270113855999998
lamf-test-baf1e374-4927-43ba-aa7b-5acc143a9325,"{<resource_manager.instance.OnPremInstance object at 0x1531238c0>: [(3, 27137.10400000028, None)]}",54.82249465439443,40135.70419631677,27137.10400000028,25882.021135126502,1,17.498778234086224,27137.10400000028,29328.451000000277,True,20.165209263686222,2.666431029599998
lamf-test-e8a77b29-caaa-4f0e-91f9-2b96865ed1ae,"{<resource_manager.instance.CloudOnDemandInstance object at 0x1533151d0>: [(3, 27167.30400000028, None)]}",74.9679267745451,40510.240775153055,27167.30400000028,26445.665059331503,1,25.769901943324125,27567.84000000028,36325.36996358863,True,50.29584365843118,24.525941715107052
lamf-test-dd64f63e-d0c8-4966-b4ae-6daebbc14d2f,"{<resource_manager.instance.OnPremInstance object at 0x1531238c0>: [(5, 27600.64000000029, None)]}",50.48192034153112,40547.562500001484,27600.64000000029,26444.665059331503,1,24.241682561411487,27600.64000000029,29443.14800000029,True,27.978288785411483,3.7366062239999955
lamf-test-7f94fa02-84ad-49c5-b83e-515b628c4152,"{<resource_manager.instance.OnPremInstance object at 0x1531238c0>: [(5, 27630.64000000029, None)]}",70.77056876301576,40566.25488734112,27630.64000000029,26478.595853758503,2,26.258687614038017,27630.64000000029,34192.362000000285,True,39.56585983003801,13.307172215999987
lamf-test-c6b79105-5602-4776-b975-272c1194b070,"{<resource_manager.instance.OnPremInstance object at 0x1531238c0>: [(6, 27660.64000000029, None)]}",67.523143913155,40688.237512311665,27660.64000000029,26452.0780604835,3,10.634086242299789,27660.64000000029,28825.87000000029,True,13.469789970299788,2.835703727999999
lamf-test-3f24393a-2ab1-4481-a2f9-eb1ac8cef898,"{<resource_manager.instance.OnPremInstance object at 0x1531238c0>: [(2, 27690.64000000029, None)]}",48.75501181450081,41179.92497615048,27690.64000000029,27080.879953925505,1,25.390159403756947,27690.64000000029,32392.826000000292,True,29.204572686956947,3.8144132832000013
lamf-test-198ba68c-5a75-4dd3-95a5-23cb4a91c31d,"{<resource_manager.instance.OnPremInstance object at 0x1531238c0>: [(5, 27721.040000000292, None)]}",75.79076386942039,43142.47018386913,27721.040000000292,11973.816850023502,2,13.529031410795469,27721.040000000292,31101.77800000029,True,20.385168074795462,6.856136663999995
lamf-test-6012bbf1-8566-4834-b341-39822809aef2,"{<resource_manager.instance.OnPremInstance object at 0x1531238c0>: [(5, 27751.240000000293, None)]}",93.62462651407313,43219.80759625422,27751.240000000293,12013.6014157355,1,123.05919309453185,27751.240000000293,37104.45000000029,True,142.02750297453184,18.96830987999999
lamf-test-0ee69e3c-f7ac-4d00-b4dc-243374763ca6,"{<resource_manager.instance.OnPremInstance object at 0x1531238c0>: [(2, 27811.640000000294, None)]}",95.71047451977611,43228.48000757261,27811.640000000294,11999.397507444499,3,6.772810099627358,27811.640000000294,30038.032000000298,True,8.57885929002736,1.8060491904000027
lamf-test-6ca33400-5b63-4867-9fb5-39d7d8646a8a,"{<resource_manager.instance.CloudReservedInstance object at 0x153315090>: [(1, 28022.440000000297, None)], <resource_manager.instance.CloudReservedInstance object at 0x1531522c0>: [(1, 28022.440000000297, None)], <resource_manager.instance.CloudOnDemandInstance object at 0x153123cb0>: [(4, 28022.440000000297, None)]}",105.93846150050236,43254.05321617142,28022.440000000297,11993.6031054855,1,168.13574540610026,28022.440000000297,43269.453216171416,False,,
lamf-test-55d518fc-620c-44fe-a18a-2336d48b9fc1,"{<resource_manager.instance.CloudReservedInstance object at 0x1531522c0>: [(2, 28112.8400000003, None)], <resource_manager.instance.CloudOnDemandInstance object at 0x153123cb0>: [(1, 28112.8400000003, None)]}",83.99778340603386,43356.87522417741,28112.8400000003,11991.6031054855,3,61.89341739215497,28112.8400000003,43372.27522417741,False,,
lamf-test-92b1912c-cdf4-4496-9665-6c2a64a15900,"{<resource_manager.instance.CloudReservedInstance object at 0x153315090>: [(1, 28202.8400000003, None)], <resource_manager.instance.CloudOnDemandInstance object at 0x1533156d0>: [(1, 28202.8400000003, None)], <resource_manager.instance.CloudOnDemandInstance object at 0x1533151d0>: [(3, 28202.8400000003, None)]}",99.7921660649438,43359.76149711758,28202.8400000003,12015.762011041,3,42.308803323013166,28202.8400000003,43375.16149711757,False,,
lamf-test-bf2ee2bb-aeee-4553-ba75-b56c3562dc59,"{<resource_manager.instance.OnPremInstance object at 0x1531238c0>: [(2, 28263.2400000003, None)]}",94.73625576454592,43390.718254294625,28263.2400000003,12026.759323553002,1,54.988978933759185,28263.2400000003,38447.04400000029,True,63.25008073855918,8.261101804799994
lamf-test-5c0e0bc7-fda1-478e-8de8-178b5b80a83c,"{<resource_manager.instance.OnPremInstance object at 0x1531238c0>: [(4, 28353.840000000302, None)]}",109.02475346006189,43862.511946867795,28353.840000000302,12612.289487728001,2,14.826429716913093,28353.840000000302,32424.618000000304,True,21.430859944113095,6.6044302272000035
lamf-test-58d64335-ff0b-41b5-93cb-bcafe6abca1b,"{<resource_manager.instance.OnPremInstance object at 0x1531238c0>: [(6, 28444.040000000303, None)]}",83.27713277836911,43865.01111704495,28444.040000000303,12580.060605897002,2,38.72070625282258,28444.040000000303,37403.33000000029,True,60.52403439682256,21.803328143999977
lamf-test-3231937d-3960-4134-90c2-f2e92cf6e932,"{<resource_manager.instance.OnPremInstance object at 0x1531238c0>: [(2, 28474.040000000303, None)]}",109.51414052886817,44184.32810659639,28474.040000000303,13201.788413717002,2,22.54309533823075,28474.040000000303,36766.60800000029,True,29.270026499830742,6.726931161599991
lamf-test-5e0241b4-8be0-4af4-bde6-0b42fa40fc67,"{<resource_manager.instance.OnPremInstance object at 0x1531238c0>: [(2, 28504.240000000304, None)]}",98.3173256377796,44407.16060514035,28504.240000000304,13202.788413717002,3,8.23948893451974,28504.240000000304,31212.766000000305,True,10.43664522571974,2.197156291200001
lamf-test-b18ea74a-e7ea-41d7-821c-d4f1a5e50746,"{<resource_manager.instance.OnPremInstance object at 0x1531238c0>: [(4, 28564.440000000304, None)]}",93.66823018165961,44718.93031279005,28564.440000000304,13800.898029509,3,41.05258637567401,28564.440000000304,35311.945728172024,True,51.99973966905981,10.947153293385798
lamf-test-4d1918b0-1458-45e2-b527-a49166860d07,"{<resource_manager.instance.OnPremInstance object at 0x1531238c0>: [(6, 28624.440000000304, None)]}",99.90881249240506,44942.84214529498,28624.440000000304,13807.773350641999,2,28.411426097185785,28624.440000000304,35198.3440000003,True,44.40967887158578,15.998252774399997
lamf-test-50bd9009-28ec-4253-bcf7-ae2b62692323,"{<resource_manager.instance.OnPremInstance object at 0x1531238c0>: [(3, 28654.840000000306, None)]}",96.71534015432012,44950.317583953634,28654.840000000306,13771.328279373001,2,32.46309611644821,28654.840000000306,38718.4760000003,True,44.70852840124821,12.245432284799994
lamf-test-4e05654b-8014-4960-848f-0c1b470c0ee8,"{<resource_manager.instance.CloudReservedInstance object at 0x1531522c0>: [(2, 29227.040000000314, None)], <resource_manager.instance.CloudReservedInstance object at 0x153123e00>: [(2, 29227.040000000314, None)], <resource_manager.instance.CloudOnDemandInstance object at 0x1531523f0>: [(1, 29227.040000000314, None)]}",119.66024806020059,44976.15075712256,29227.040000000314,13774.755434184002,3,55.869405926779365,29227.040000000314,37703.50329074518,True,89.57351926343911,33.704113336659745
lamf-test-e18205c9-e6f7-4d1b-94fe-6bdf96998c05,"{<resource_manager.instance.OnPremInstance object at 0x1531238c0>: [(6, 29257.640000000316, None)]}",110.9772195614234,45043.33900739708,29257.640000000316,13824.348571903,1,78.71069130732364,29257.640000000316,34257.48000000031,True,90.87830193132362,12.167610623999984
lamf-test-2f12deb2-00c6-45f2-bf9e-431fba73627e,"{<resource_manager.instance.OnPremInstance object at 0x1531238c0>: [(6, 29287.640000000316, None)]}",93.49967154984164,45066.35570283525,29287.640000000316,13780.051094103002,1,100.4588364134153,29287.640000000316,35668.960000000305,True,115.98841676541527,15.529580351999973
lamf-test-d81a676f-ccce-4b38-95bc-838588f989f1,"{<resource_manager.instance.OnPremInstance object at 0x1531238c0>: [(3, 29317.840000000317, None)]}",93.67827368323229,45439.46108568637,29317.840000000317,14389.151696998999,1,40.987020305726666,29317.840000000317,34450.586000000316,True,47.232545638526666,6.2455253328
lamf-test-6e780daf-1fbc-4440-95e7-f6c9fbd1d74f,"{<resource_manager.instance.OnPremInstance object at 0x1531238c0>: [(4, 29528.44000000032, None)]}",68.86514064514569,43586.65819143777,29528.44000000032,29464.211441789503,1,51.322343448170884,29528.44000000032,34383.38600000031,True,59.19900783857087,7.876664390399988
lamf-test-6f91592c-afdd-4bec-8b7a-080c324249f5,"{<resource_manager.instance.OnPremInstance object at 0x1531238c0>: [(5, 29588.44000000032, None)]}",112.19170754417485,45523.013626087726,29588.44000000032,14377.698180693,3,58.4846147996045,29588.44000000032,37278.582000000315,True,74.0802227756045,15.595607975999991
lamf-test-2b83bd20-9a87-454f-8bc9-f6503da1f9d0,"{<resource_manager.instance.OnPremInstance object at 0x1531238c0>: [(3, 29648.64000000032, None)]}",93.14423892083788,45526.47279957155,29648.64000000032,14431.583256615997,2,21.4302034189392,29648.64000000032,36292.05336515027,True,29.513908801653663,8.083705382714461
lamf-test-396956b2-43cb-496d-8f0c-0ee7a61c67dd,"{<resource_manager.instance.OnPremInstance object at 0x1531238c0>: [(2, 29678.64000000032, None)]}",82.48316532935924,45650.27044720061,29678.64000000032,14430.583256615997,1,27.67060445661265,29678.64000000032,34803.158000000316,True,31.827613458212646,4.157009001599997
lamf-test-33fae0e0-9739-4c13-8834-0589e7587a07,"{<resource_manager.instance.OnPremInstance object at 0x1531238c0>: [(2, 29799.24000000032, None)]}",87.86109604520695,45659.47745708358,29799.24000000032,14435.995736631998,2,18.671472454228415,29799.24000000032,36667.616000000315,True,24.24309906542841,5.571626611199994
lamf-test-b2a69e4a-f75e-4751-ad43-b2adf397fd45,"{<resource_manager.instance.OnPremInstance object at 0x1531238c0>: [(5, 29829.440000000322, None)]}",99.34731245959347,45706.67730373068,29829.440000000322,14427.780955040997,1,38.30642862575098,29829.440000000322,32740.95000000032,True,44.210970905750976,5.904542279999997
lamf-test-fd51a7dd-bca8-4714-a851-595e00860b67,"{<resource_manager.instance.OnPremInstance object at 0x1531238c0>: [(3, 29889.840000000324, None)]}",86.19568247701017,45712.79259850997,29889.840000000324,14438.634027304997,3,37.82695870408395,29889.840000000324,38179.61800000032,True,47.91396057448395,10.087001870399998
lamf-test-f14e2551-1aeb-4008-9226-cf172ac76d45,"{<resource_manager.instance.OnPremInstance object at 0x1531238c0>: [(2, 29919.840000000324, None)]}",113.07976716267329,46179.009650532935,29919.840000000324,14986.480385902998,2,14.436368415596512,29919.840000000324,35230.31600000032,True,18.744226546796508,4.307858131199996
lamf-test-1bfc2de0-7e2f-450e-9736-96acfe81a2a7,"{<resource_manager.instance.OnPremInstance object at 0x1531238c0>: [(5, 29980.040000000325, None)]}",88.34113338193856,46281.9286312231,29980.040000000325,15009.872150879999,1,89.48424671077643,29980.040000000325,36781.36000000032,True,103.27732367077643,13.793076959999992
lamf-test-44149545-c52b-4763-ae20-c3268c37dc6f,"{<resource_manager.instance.OnPremInstance object at 0x1531238c0>: [(6, 30402.240000000333, None)]}",109.24225266973586,46695.51973676501,30402.240000000333,15619.461788405,2,25.44156323990834,30402.240000000333,36288.97000000033,True,39.76750936790833,14.325946127999991
lamf-test-a691c5b1-12d1-40f2-af64-e72afc904125,"{<resource_manager.instance.OnPremInstance object at 0x1531238c0>: [(5, 30432.240000000333, None)]}",99.92248787916859,46742.98044307756,30432.240000000333,15590.503341343,3,30.156285649098734,30432.240000000333,34397.490000000325,True,38.19781264909872,8.041526999999984
lamf-test-df81467a-4b45-4bf0-9c71-c38863eca94a,"{<resource_manager.instance.OnPremInstance object at 0x1531238c0>: [(3, 30734.24000000034, None)]}",90.94794091988545,46785.248025894165,30734.24000000034,15585.422008378,2,13.998848835773032,30734.24000000034,35073.91600000034,True,19.279366592573034,5.2805177568
lamf-test-32172143-1bae-4833-a5f0-e53bac6ac6d4,"{<resource_manager.instance.OnPremInstance object at 0x1531238c0>: [(6, 30794.24000000034, None)]}",101.07515126388836,46813.03779392384,30794.24000000034,15629.630870621002,1,51.160806706734526,30794.24000000034,34044.06341732813,True,59.069576975143434,7.908770268408907
lamf-test-3b06725f-04eb-4610-a2d8-34a69a9c127f,"{<resource_manager.instance.OnPremInstance object at 0x1531238c0>: [(5, 30824.64000000034, None)]}",123.85755114021583,46842.92929939858,30824.64000000034,15631.500005594002,3,71.19617878012852,30824.64000000034,40186.22554779944,True,90.1814742710651,18.985295490936572
lamf-test-bfb0cddb-1544-48a4-b06e-9eadc91468fd,"{<resource_manager.instance.OnPremInstance object at 0x1531238c0>: [(6, 31156.84000000035, None)]}",95.51732021748852,46917.62845532774,31156.84000000035,15638.045179169001,2,16.27389972539854,31156.84000000035,34922.334000000345,True,25.43760592379853,9.16370619839999
lamf-test-f542227f-df52-4f0c-ae96-9700636101a5,"{<resource_manager.instance.OnPremInstance object at 0x1531238c0>: [(6, 31277.24000000035, None)]}",98.85116440229747,47400.43646313528,31277.24000000035,16219.947209984,3,54.91451517225642,31277.24000000035,37294.49800000035,True,69.55811424105642,14.643599068799997
lamf-test-9aa73522-f6c8-49a8-a56a-28cd17720766,"{<resource_manager.instance.CloudOnDemandInstance object at 0x1533156d0>: [(1, 31487.840000000353, None)], <resource_manager.instance.CloudOnDemandInstance object at 0x1533151d0>: [(2, 31487.840000000353, None)], <resource_manager.instance.CloudOnDemandInstance object at 0x1531523f0>: [(2, 31487.840000000353, None)], <resource_manager.instance.CloudOnDemandInstance object at 0x153123cb0>: [(1, 31487.840000000353, None)]}",99.02000673984057,47460.0165639451,31487.840000000353,16222.275003323,1,173.05993339935623,31888.376000000353,47475.416563945095,False,,
lamf-test-79eb9a19-2e44-423f-814a-791df0f7734e,"{<resource_manager.instance.CloudOnDemandInstance object at 0x1533156d0>: [(1, 31920.57600000036, None)], <resource_manager.instance.CloudOnDemandInstance object at 0x1533151d0>: [(1, 31920.57600000036, None)]}",110.61449386789155,47889.48141410363,31920.57600000036,16793.942615477,3,20.260482944334505,32321.11200000036,47904.88141410363,False,,
lamf-test-7f97cbae-fe7b-4dba-87f8-0ca2882583a5,"{<resource_manager.instance.OnPremInstance object at 0x1531238c0>: [(4, 32352.912000000368, None)]}",101.33638951109616,47911.93048608125,32352.912000000368,16798.193401664,2,22.1306674698729,32352.912000000368,38429.15800000037,True,31.9887689802729,9.8581015104
lamf-test-cf5ee26c-33df-418f-9253-bf22cfb1db3e,"{<resource_manager.instance.OnPremInstance object at 0x1531238c0>: [(3, 32383.11200000037, None)]}",86.78911405093122,47923.923091259494,32383.11200000037,16837.385937658,3,14.673328770248686,32383.11200000037,35598.77200000037,True,18.586143858248686,3.912815088
lamf-test-6e9b564f-bd08-4a74-adb5-0f54b0e3a954,"{<resource_manager.instance.CloudOnDemandInstance object at 0x1531523f0>: [(2, 32413.31200000037, None)]}",95.10170299612852,48017.34700775531,32413.31200000037,16836.385937658,2,42.46096173213398,32813.84800000037,48032.7470077553,False,,
lamf-test-0b008ed2-19e2-4099-a5b7-5ad49013ab38,"{<resource_manager.instance.OnPremInstance object at 0x1531238c0>: [(6, 32844.24800000036, None)]}",98.70843455961634,48116.89200340447,32844.24800000036,16842.867219672,3,42.11803787360251,32844.24800000036,37459.33200000036,True,53.349306296002496,11.231268422399989
lamf-test-6250b41b-6866-44ee-9930-467c8f1f7d45,"{<resource_manager.instance.CloudReservedInstance object at 0x1533204d0>: [(4, 32874.44800000036, None)], <resource_manager.instance.CloudOnDemandInstance object at 0x1531523f0>: [(1, 32874.44800000036, None)], <resource_manager.instance.CloudOnDemandInstance object at 0x153123cb0>: [(1, 32874.44800000036, None)]}",92.1601820634213,48647.44337733925,32874.44800000036,17427.533800900004,3,61.984984684341896,32874.44800000036,40065.982384833405,True,115.41089362926658,53.425908944924686
lamf-test-ea68f53d-4ebe-4fb8-83dd-aa5b6c6a2310,"{<resource_manager.instance.CloudOnDemandInstance object at 0x153152780>: [(1, 33054.848000000355, None)], <resource_manager.instance.CloudOnDemandInstance object at 0x1533156d0>: [(1, 33054.848000000355, None)], <resource_manager.instance.CloudOnDemandInstance object at 0x1531523f0>: [(1, 33054.848000000355, None)], <resource_manager.instance.CloudOnDemandInstance object at 0x153123cb0>: [(1, 33054.848000000355, None)]}",110.2774483129196,48648.75968232186,33054.848000000355,17410.446649390004,3,75.18364437450467,33455.384000000355,48664.15968232186,False,,
lamf-test-3caf5282-95cc-4847-bdc6-12864fd51ff6,"{<resource_manager.instance.OnPremInstance object at 0x1531238c0>: [(2, 33487.384000000326, None)]}",88.21646259362132,48991.70508298195,33487.384000000326,18019.849211532004,1,33.781096965548656,33487.384000000326,39743.548000000315,True,38.85609720234865,5.075000236799991
lamf-test-dfcd1cfc-af92-4194-9a51-c980d70402e7,"{<resource_manager.instance.OnPremInstance object at 0x1531238c0>: [(5, 33517.58400000032, None)]}",104.89919658381315,49161.34769328832,33517.58400000032,18016.234112085003,2,17.218561339393425,33517.58400000032,37820.29000000033,True,25.944449107393435,8.72588776800001
lamf-test-69f3610c-edfc-431a-ac62-c6c3e7603585,"{<resource_manager.instance.OnPremInstance object at 0x1531238c0>: [(5, 33547.78400000032, None)]}",101.55343618416583,49224.6643813336,33547.78400000032,17998.773968812002,1,59.34140771161296,33547.78400000032,38058.07400000031,True,68.48827583161295,9.146868119999986
lamf-test-5d4708b4-be70-4e57-95c0-9df21e198378,"{<resource_manager.instance.CloudOnDemandInstance object at 0x153152780>: [(2, 33577.78400000032, None)], <resource_manager.instance.CloudOnDemandInstance object at 0x1533151d0>: [(1, 33577.78400000032, None)], <resource_manager.instance.CloudOnDemandInstance object at 0x153123cb0>: [(2, 33577.78400000032, None)]}",119.73047030526563,49252.13719673865,33577.78400000032,18040.207177049004,1,158.43071569213487,33978.32000000032,49162.86240874756,True,294.88571384913723,136.4549981570024
lamf-test-787e33de-2c34-4cf0-bd9d-1f6b1a5da962,"{<resource_manager.instance.CloudReservedInstance object at 0x153123e00>: [(2, 34009.9200000003, None)], <resource_manager.instance.CloudOnDemandInstance object at 0x1531523f0>: [(1, 34009.9200000003, None)]}",98.72547788684845,49400.273354731486,34009.9200000003,18006.168998583,1,85.35156225599665,34009.9200000003,47161.72889184522,True,122.21082185628123,36.859259600284574
lamf-test-70da499d-f492-45a5-857f-ba98849424d5,"{<resource_manager.instance.OnPremInstance object at 0x1531238c0>: [(4, 34100.120000000294, None)]}",105.64492540905647,49695.72821069813,34100.120000000294,18601.611196634003,3,41.18450376454479,34100.120000000294,40869.30800000029,True,52.166834375744784,10.982330611199991
lamf-test-48887eaf-7764-41b1-8a24-eb297e7a4537,"{<resource_manager.instance.OnPremInstance object at 0x1531238c0>: [(6, 34401.12000000028, None)]}",92.60848910013964,49734.75240787097,34401.12000000028,18594.504312122004,1,38.555178644763814,34401.12000000028,36850.212000000276,True,44.51528893596381,5.960110291199993
lamf-test-41153241-bf67-4ba2-bd57-821911347a85,"{<resource_manager.instance.OnPremInstance object at 0x1531238c0>: [(3, 34431.12000000028, None)]}",99.23133172494114,49778.34761478079,34431.12000000028,18630.266566961003,3,28.823116586812663,34431.12000000028,40747.706000000275,True,36.509138431612655,7.6860218447999955
lamf-test-af303474-9c6d-4cd6-af46-9ee1b2d1d0c4,"{<resource_manager.instance.OnPremInstance object at 0x1531238c0>: [(6, 34461.12000000028, None)]}",83.47238892971743,49778.64924294384,34461.12000000028,18591.709597040004,3,66.7632945471138,34461.12000000028,41776.708000000275,True,84.56650950391379,17.80321495679999
lamf-test-1bd3ea85-4b86-41d6-88ae-4d09629a5e9f,"{<resource_manager.instance.OnPremInstance object at 0x1531238c0>: [(5, 34521.320000000276, None)]}",91.30297666017438,49788.96634452575,34521.320000000276,18647.248014590004,2,11.690157093519955,34521.320000000276,37442.54600000028,True,17.61440342151996,5.924246328000004
lamf-test-67a1a99a-4314-4946-83c9-ed2acd2c23fe,"{<resource_manager.instance.OnPremInstance object at 0x1531238c0>: [(2, 34551.52000000027, None)]}",104.56386159081104,49851.66013672578,34551.52000000027,18641.526293804003,2,15.422194289253039,34551.52000000027,40224.636000000275,True,20.02422598845304,4.602031699200001
lamf-test-9638132b-b89e-4ce9-a020-504ebe7f7390,"{<resource_manager.instance.OnPremInstance object at 0x1531238c0>: [(3, 34581.72000000027, None)]}",103.1682902438305,50198.25357092355,34581.72000000027,19235.115574925007,2,15.863647618255817,34581.72000000027,39499.488000000274,True,21.84758772065582,5.9839401024000045
lamf-test-0967a8c1-fdb4-4be1-a916-cc022480b089,"{<resource_manager.instance.OnPremInstance object at 0x1531238c0>: [(2, 34611.72000000027, None)]}",89.68473907463206,50234.59524481003,34611.72000000027,19244.23590759001,1,46.62499642558365,34611.72000000027,43246.53800000026,True,53.62956078718365,7.004564361599994
lamf-test-b20c0974-09ea-4c80-b141-7811b8b20475,"{<resource_manager.instance.OnPremInstance object at 0x1531238c0>: [(2, 34641.92000000027, None)]}",96.38631983638818,50292.98187719569,34641.92000000027,19197.032315359003,1,23.095956042284566,34641.92000000027,38919.226000000264,True,26.565706669484562,3.4697506271999976
lamf-test-428fc4b3-a829-4902-849a-b2c3bb41b1dd,"{<resource_manager.instance.OnPremInstance object at 0x1531238c0>: [(6, 34671.92000000027, None)]}",111.95659614535904,50346.59241949624,34671.92000000027,19233.904155767006,3,58.5883823864932,34671.92000000027,41091.74200000026,True,74.21166120569319,15.623278819199983
lamf-test-faec5c90-186b-4555-954c-a8baf4f027a2,"{<resource_manager.instance.OnPremInstance object at 0x1531238c0>: [(4, 34882.52000000026, None)]}",104.23072108364673,50457.99120197217,34882.52000000026,19240.84276047001,3,25.430873830709544,34882.52000000026,39062.40200000026,True,32.21231438750954,6.781440556799996
lamf-test-04e82c6f-21eb-4e35-8244-b06d0737db1d,"{<resource_manager.instance.OnPremInstance object at 0x1531238c0>: [(5, 35303.72000000024, None)]}",95.5159501731966,50628.27768331338,35303.72000000024,19195.032315359003,2,31.736083669151007,35303.72000000024,43234.17568257521,True,47.81904779341304,16.082964124262034
lamf-test-5c066d18-4f49-4722-a66a-a3c4e7ab30cb,"{<resource_manager.instance.CloudOnDemandInstance object at 0x1533151d0>: [(1, 35363.72000000024, None)], <resource_manager.instance.CloudOnDemandInstance object at 0x153123cb0>: [(2, 35363.72000000024, None)]}",105.95282638563052,50937.12906636856,35363.72000000024,19799.07452970601,3,39.51836404889677,35764.25600000024,50952.52906636855,False,,
lamf-test-ff254f04-4cb3-4cab-aa4a-5f045128d210,"{<resource_manager.instance.OnPremInstance object at 0x1531238c0>: [(3, 35796.45600000021, None)]}",110.15545315677929,50938.47074058832,35796.45600000021,19817.443537173007,3,23.87848505589779,35796.45600000021,41029.42600000021,True,30.245962951897795,6.367477896000002
lamf-test-03f57a47-31b2-463e-9964-32e1833cfbcd,"{<resource_manager.instance.OnPremInstance object at 0x1531238c0>: [(6, 35826.45600000021, None)]}",98.51981663568804,50964.50747624996,35826.45600000021,19800.07452970601,1,20.184019164955448,35826.45600000021,37108.580000000205,True,23.30419613135544,3.120176966399991
lamf-test-9a44ea70-cb8b-427c-9af4-a87498aeb7c6,"{<resource_manager.instance.OnPremInstance object at 0x1531238c0>: [(2, 35856.65600000021, None)]}",116.40460154918469,51212.328188182466,35856.65600000021,19846.44092043701,3,13.112534793520412,35856.65600000021,40167.074000000204,True,16.60914587512041,3.496611081599998
lamf-test-ca1797e6-b093-4c70-86e8-71ffe0d25cca,"{<resource_manager.instance.OnPremInstance object at 0x1531238c0>: [(4, 35886.8560000002, None)]}",87.62355008897632,51528.21293681701,35886.8560000002,20424.45481867201,3,12.508132937866009,35886.8560000002,37942.724000000206,True,15.843573181066013,3.3354402432000034
lamf-test-947624f9-c308-44e1-a082-5eef08d3ec8d,"{<resource_manager.instance.CloudReservedInstance object at 0x1533204d0>: [(1, 35916.8560000002, None)], <resource_manager.instance.CloudReservedInstance object at 0x153315090>: [(1, 35916.8560000002, None)], <resource_manager.instance.CloudReservedInstance object at 0x153123e00>: [(1, 35916.8560000002, None)], <resource_manager.instance.CloudOnDemandInstance object at 0x1531523f0>: [(1, 35916.8560000002, None)]}",93.19634223972996,51690.53986370156,35916.8560000002,20399.10042457001,2,63.39037295629144,35916.8560000002,44915.69552699097,True,95.56842333690501,32.17805038061357
lamf-test-b37b6ec3-b4f6-4505-b5ff-6313155b88e1,"{<resource_manager.instance.OnPremInstance object at 0x1531238c0>: [(5, 36037.456000000195, None)]}",92.20096869554938,51733.849374148165,36037.456000000195,20409.93568651801,2,27.9558902696808,36037.456000000195,43023.28800000019,True,42.123157565680785,14.167267295999988
lamf-test-720b43f5-e992-4463-8b62-736d9e2ae936,"{<resource_manager.instance.CloudOnDemandInstance object at 0x153123cb0>: [(2, 36067.65600000019, None)]}",92.64800719218381,52138.08065250111,36067.65600000019,21036.956977097012,2,36.851682874254045,36468.19200000019,52153.4806525011,False,,
lamf-test-7632946b-5dae-4479-8ca8-d89d2df62bd6,"{<resource_manager.instance.OnPremInstance object at 0x1531238c0>: [(5, 36921.79200000014, None)]}",62.53920946343962,50264.106246155,36921.79200000014,36094.3583302525,2,10.639873137514632,36921.79200000014,39580.56500000014,True,16.031864781514635,5.391991644000002
lamf-test-abc545e6-fca4-4495-82db-38cb26110a9d,"{<resource_manager.instance.CloudReservedInstance object at 0x1533204d0>: [(1, 36951.79200000014, None)], <resource_manager.instance.CloudOnDemandInstance object at 0x1533151d0>: [(2, 36951.79200000014, None)], <resource_manager.instance.CloudOnDemandInstance object at 0x1531523f0>: [(2, 36951.79200000014, None)]}",106.90985136127853,52205.233341508225,36951.79200000014,21055.665103606014,1,155.21599558761733,36951.79200000014,52220.63334150822,False,,
lamf-test-c4cd6d33-84be-4a0d-a794-48962ad9461f,"{<resource_manager.instance.OnPremInstance object at 0x1531238c0>: [(4, 37012.192000000134, None)]}",92.44374551049617,52256.88290761541,37012.192000000134,21015.282812981008,1,51.53687428701801,37012.192000000134,41887.43200000013,True,59.44646366301801,7.909589375999997
lamf-test-783eef72-16ea-4bd4-8850-a7549496bd66,"{<resource_manager.instance.OnPremInstance object at 0x1531238c0>: [(3, 37222.792000000125, None)]}",99.85904399571011,52292.832390112686,37222.792000000125,21023.691795245006,2,31.342530408115802,37222.792000000125,46939.05000000012,True,43.165273142515794,11.822742734399993
lamf-test-8a7888d4-6626-4d18-8e7e-6823cdaffb96,"{<resource_manager.instance.OnPremInstance object at 0x1531238c0>: [(6, 37252.99200000012, None)]}",94.8282048828368,52308.33491372147,37252.99200000012,21003.47550727001,3,49.64044718229515,37252.99200000012,42692.344000000114,True,62.87765420949513,13.23720702719998
lamf-test-59f36aea-6cbc-457b-81ba-431f79f73291,"{<resource_manager.instance.OnPremInstance object at 0x1531238c0>: [(2, 37282.99200000012, None)]}",94.81833183066266,52323.158099877284,37282.99200000012,21028.214216999007,3,20.499499581717252,37282.99200000012,44021.690000000126,True,25.965931399317256,5.466431817600003
lamf-test-b3a0db0a-ecb4-42b0-814b-3c34a8d7aaed,"{<resource_manager.instance.OnPremInstance object at 0x1531238c0>: [(4, 37342.99200000012, None)]}",100.59507953151345,52557.560353366025,37342.99200000012,21631.122262663517,2,8.0427879183425,37342.99200000012,39551.23800000012,True,11.625446228742497,3.5826583103999985
lamf-test-16723367-a744-4f94-a768-1e436a8648c3,"{<resource_manager.instance.OnPremInstance object at 0x1531238c0>: [(2, 37372.99200000012, None)]}",100.67432907273152,52740.20061964562,37372.99200000012,21651.194147976516,3,12.310332344664992,37372.99200000012,41419.70600000012,True,15.593026741464993,3.2826943967999997
lamf-test-a7a41a4b-e265-4559-96d2-89c830b4e4f3,"{<resource_manager.instance.OnPremInstance object at 0x1531238c0>: [(5, 37402.99200000012, None)]}",110.11661546722232,52830.67753371749,37402.99200000012,21643.247929783516,3,62.77937485740355,37402.99200000012,45657.852000000115,True,79.52023093740354,16.740856079999986
lamf-test-2be5e6dd-c6ce-4cb1-a0eb-f7b6d8f68bd8,"{<resource_manager.instance.OnPremInstance object at 0x1531238c0>: [(2, 37432.99200000012, None)]}",93.23301746575929,52863.24491355223,37432.99200000012,21649.194147976516,1,28.80717681953001,37432.99200000012,42768.000000000124,True,33.134935309130015,4.327758489600002
lamf-test-ef36ad8e-1831-459d-b4cc-a917ad7c30ef,"{<resource_manager.instance.OnPremInstance object at 0x1531238c0>: [(5, 37463.19200000012, None)]}",103.50768504869966,52889.52197637728,37463.19200000012,21642.208769956516,1,94.81281511902036,37463.19200000012,44669.51400000011,True,109.42723613502034,14.614421015999984
lamf-test-ce4c822f-a3d7-44c8-9dba-10c2ea1d7fc0,"{<resource_manager.instance.OnPremInstance object at 0x1531238c0>: [(6, 37523.392000000116, None)]}",86.88519768848549,52892.762564838355,37523.392000000116,21614.502963705512,2,13.121058388650976,37523.392000000116,40559.37400000011,True,20.509424183850967,7.3883657951999915
lamf-test-b3747e60-f13b-4587-ba76-a5026ef56274,"{<resource_manager.instance.OnPremInstance object at 0x1531238c0>: [(2, 37583.59200000011, None)]}",92.20458272811517,52983.40551052484,37583.59200000011,21640.072702267516,3,11.706070423606338,37583.59200000011,41431.67000000011,True,14.827631297206333,3.121560873599995
lamf-test-801af7b0-7341-46d2-ba63-e3fe9d27ac0a,"{<resource_manager.instance.OnPremInstance object at 0x1531238c0>: [(6, 37613.79200000011, None)]}",98.05192865733181,53391.32432464461,37613.79200000011,22234.31866110352,1,140.1264531143054,37613.79200000011,46514.86800000012,True,161.7881116679054,21.66165855360002
lamf-test-a45d60d7-4f78-42c1-a625-3f2365379d5f,"{<resource_manager.instance.CloudReservedInstance object at 0x1531522c0>: [(1, 37764.3920000001, None)], <resource_manager.instance.CloudReservedInstance object at 0x153123e00>: [(2, 37764.3920000001, None)], <resource_manager.instance.CloudOnDemandInstance object at 0x1531523f0>: [(2, 37764.3920000001, None)]}",84.78789055156865,53960.11697398528,37764.3920000001,22869.921161514016,3,106.84950676188669,37764.3920000001,53975.51697398527,False,,
lamf-test-ca0646aa-2851-4f2a-8895-2a2c8b5e84b5,"{<resource_manager.instance.CloudOnDemandInstance object at 0x153123cb0>: [(2, 37794.3920000001, None)]}",94.28001103179955,53986.48623977102,37794.3920000001,22860.341536451517,1,59.57580208296656,38194.9280000001,54001.88623977101,False,,
lamf-test-85ef9298-5c31-4c16-9153-df2b312fad0a,"{<resource_manager.instance.OnPremInstance object at 0x1531238c0>: [(3, 38225.52800000009, None)]}",97.20592300310147,54003.956151330014,38225.52800000009,22863.379547924018,3,33.622121834359994,38225.52800000009,45593.816000000086,True,42.58785467275999,8.965732838399992
lamf-test-163e5afc-c48a-4e5a-9de1-7c84bd3faaf7,"{<resource_manager.instance.OnPremInstance object at 0x1531238c0>: [(6, 38255.92800000009, None)]}",100.39270820446175,54043.94906982347,38255.92800000009,22859.341536451517,2,13.207495385897046,38255.92800000009,41311.91000000009,True,20.644533181097053,7.437037795200009
lamf-test-68ac11d3-bedc-4a83-9d98-64a41fc6b97b,"{<resource_manager.instance.OnPremInstance object at 0x1531238c0>: [(2, 38285.92800000009, None)]}",92.68285924520144,54056.02726640993,38285.92800000009,22871.812742004015,2,42.549124403829175,38285.92800000009,53937.79400000009,True,55.245918103029176,12.6967936992
lamf-test-991152cd-8fe7-4378-a610-0074b2c690c7,"{<resource_manager.instance.OnPremInstance object at 0x1531238c0>: [(4, 38315.92800000009, None)]}",88.26977600456904,54152.424698112554,38315.92800000009,22850.396264290517,1,49.98269960788467,38315.92800000009,43044.14754779919,True,57.65376300223394,7.671063394349267
lamf-test-00d387e4-de4a-4f41-acfd-aaa44673560f,"{<resource_manager.instance.OnPremInstance object at 0x1531238c0>: [(2, 38345.92800000009, None)]}",98.67187509741939,54175.198461523134,38345.92800000009,22853.396264290517,3,9.256478819682114,38345.92800000009,41388.76400000009,True,11.724827382882117,2.4683485632000024
lamf-test-7e75828d-051b-4c5f-920b-c422e487e5af,"{<resource_manager.instance.OnPremInstance object at 0x1531238c0>: [(3, 38375.92800000009, None)]}",99.15520505278813,54319.02682835488,38375.92800000009,22857.404423098516,1,47.483965422353116,38375.92800000009,44322.27715560505,True,54.71948307489323,7.2355176525401195
lamf-test-6620de74-3135-4711-a32d-634f822e03d2,"{<resource_manager.instance.OnPremInstance object at 0x1531238c0>: [(4, 38405.92800000009, None)]}",98.27879946704434,54606.832256105976,38405.92800000009,23472.959103792004,3,22.985839227317676,38405.92800000009,42183.93800000009,True,29.115282651317678,6.129443424000003
lamf-test-e15b5aaf-9b3e-4030-9089-2acfa9cb2d3e,"{<resource_manager.instance.OnPremInstance object at 0x1531238c0>: [(5, 38466.128000000084, None)]}",97.31114029433286,54618.45970747955,38466.128000000084,23449.881287614007,3,41.93742489923187,38466.128000000084,43980.48000000008,True,53.12053075523187,11.183105855999997
lamf-test-2655d61c-0fa6-49c7-9b40-d21f2644dd36,"{<resource_manager.instance.OnPremInstance object at 0x1531238c0>: [(4, 38858.72800000005, None)]}",98.54453325124068,54621.480129113144,38858.72800000005,23464.225194363004,3,18.45483002509696,38858.72800000005,41892.010000000046,True,23.376026741896958,4.921196716799999
lamf-test-17816b27-b52b-478c-9ec4-0160430c532f,"{<resource_manager.instance.OnPremInstance object at 0x1531238c0>: [(3, 38949.528000000035, None)]}",105.18873887331532,54624.274051984816,38949.528000000035,23435.69828003801,1,41.02975815651379,38949.528000000035,44087.62600000003,True,47.28179580291379,6.252037646399998
lamf-test-61ec6a0a-d66e-4c08-8b27-302f072141f8,"{<resource_manager.instance.OnPremInstance object at 0x1531238c0>: [(5, 39190.32800000002, None)]}",101.82362679709799,54660.07128482524,39190.32800000002,23429.79804182401,1,65.35213476309984,39190.32800000002,44157.46800000002,True,75.42549468309984,10.073359919999998
lamf-test-48a10b5f-21dc-470f-9659-627dfd23c08d,"{<resource_manager.instance.OnPremInstance object at 0x1531238c0>: [(3, 39582.72799999999, None)]}",92.04085175874731,54749.73974418659,39582.72799999999,23448.105059620008,1,51.574652064795764,39582.72799999999,46041.34799999998,True,59.43350088079576,7.858848815999995
lamf-test-a4fb3475-0825-4c5b-85c8-d701cc8e051a,"{<resource_manager.instance.OnPremInstance object at 0x1531238c0>: [(3, 39612.72799999999, None)]}",101.67173585300391,55058.96740718055,39612.72799999999,24030.230859804004,2,18.883482815791734,39612.72799999999,45466.65199999999,True,26.006537538991733,7.123054723199999
lamf-test-9a7f6ef4-eca1-47fa-bd17-e85ad4733068,"{<resource_manager.instance.OnPremInstance object at 0x1531238c0>: [(2, 39642.927999999985, None)]}",78.08322369616431,55079.444710864154,39642.927999999985,24044.221483295,3,18.179657768651584,39642.927999999985,45619.03599999998,True,23.02747657825158,4.847818809599994
lamf-test-2ac6e5ae-946b-4f89-bc34-4a9884f2cfe6,"{<resource_manager.instance.OnPremInstance object at 0x1531238c0>: [(5, 39672.927999999985, None)]}",95.77075929852428,55122.06956555623,39672.927999999985,24047.98535862,2,14.022749268043038,39672.927999999985,43177.03999999998,True,21.129088404043024,7.106339135999987
lamf-test-fd191bba-3764-4aa2-81d0-45d1ba51f949,"{<resource_manager.instance.OnPremInstance object at 0x1531238c0>: [(4, 39943.727999999974, None)]}",100.27899055090289,55222.891618877286,39943.727999999974,24080.223607213502,3,19.6412320328542,39943.727999999974,43172.00999999997,True,24.8787967496542,5.237564716799999
lamf-test-9e35d55c-f665-44e0-9363-3dbcea008e08,"{<resource_manager.instance.OnPremInstance object at 0x1531238c0>: [(5, 39974.12799999997, None)]}",86.26069651046296,55339.514690469,39974.12799999997,24057.988663180004,1,23.475293482394118,39974.12799999997,41758.38599999997,True,27.093768706394123,3.618475224000003
lamf-test-69f48fe6-1e8c-4fc5-9c19-482eb942f9fa,"{<resource_manager.instance.OnPremInstance object at 0x1531238c0>: [(5, 40214.927999999956, None)]}",98.65433601246767,55374.01139174448,40214.927999999956,24051.868584578002,1,29.292403680888278,40214.927999999956,42441.319999999956,True,33.80752665688828,4.515122975999999
lamf-test-5aa93d3d-910f-451f-93e3-8a493339688f,"{<resource_manager.instance.OnPremInstance object at 0x1531238c0>: [(2, 40244.927999999956, None)]}",113.0038570701071,55392.50462265131,40244.927999999956,24063.008216012004,1,19.77780622100537,40244.927999999956,43907.72199999995,True,22.749064713805367,2.971258492799995
lamf-test-37c8ef81-42b5-4306-a9c3-b1cac47dcc55,"{<resource_manager.instance.OnPremInstance object at 0x1531238c0>: [(3, 40274.927999999956, None)]}",94.44155216210058,55639.60602005715,40274.927999999956,24654.604522558504,3,17.500844170659352,40274.927999999956,44110.237999999954,True,22.16764937865935,4.666805207999998
lamf-test-7dd29e36-66af-4783-b073-b6c0b522e329,"{<resource_manager.instance.OnPremInstance object at 0x1531238c0>: [(2, 40304.927999999956, None)]}",83.46710826795761,55724.52332958131,40304.927999999956,24648.141572763503,3,17.88527188379343,40304.927999999956,46184.26399999995,True,22.654589246993424,4.769317363199996
lamf-test-95bfd6d8-e883-4198-903e-cd0ba022b850,"{<resource_manager.instance.OnPremInstance object at 0x1531238c0>: [(3, 40334.927999999956, None)]}",108.5127056419366,55764.71411871083,40334.927999999956,24627.0002663125,3,34.392206251425975,40334.927999999956,47871.97999999996,True,43.563291125025984,9.171084873600005
lamf-test-82b7898a-b46e-4b11-b960-f79eca48e5a9,"{<resource_manager.instance.OnPremInstance object at 0x1531238c0>: [(6, 40425.52799999995, None)]}",98.3988004891017,55807.21011705928,40425.52799999995,24678.953819614508,3,45.67699973836943,40425.52799999995,45430.58524633178,True,57.857307053042575,12.180307314673145
lamf-test-d810e1eb-4d17-4900-af04-d2b542e8cfec,"{<resource_manager.instance.OnPremInstance object at 0x1531238c0>: [(4, 40516.12799999994, None)]}",84.1782634626678,55832.68344453562,40516.12799999994,24680.410625968507,3,18.363568332192557,40516.12799999994,43534.40999999994,True,23.260429048992556,4.896860716799999
lamf-test-806099cf-b277-4bb2-b9dd-8fe5f8178c51,"{<resource_manager.instance.OnPremInstance object at 0x1531238c0>: [(4, 40546.12799999994, None)]}",111.44661170355707,55860.092547166336,40546.12799999994,24697.871635106505,2,16.43362804601887,40546.12799999994,45058.18199999994,True,23.753984455618877,7.320356409600006
lamf-test-173e9366-5762-42bc-86c2-633481cf4423,"{<resource_manager.instance.OnPremInstance object at 0x1531238c0>: [(3, 40576.327999999936, None)]}",93.84380170129782,55862.694882507814,40576.327999999936,24683.982940266505,2,31.69048261204059,40576.327999999936,50400.45199999993,True,43.644476695240584,11.953994083199996
lamf-test-0c976fb6-216b-4050-8a58-4c7808a95db4,"{<resource_manager.instance.OnPremInstance object at 0x1531238c0>: [(4, 40606.327999999936, None)]}",96.91256106343577,55873.96113937764,40606.327999999936,24640.356134751502,2,26.24480177987679,40606.327999999936,47812.15999999994,True,37.935543616676796,11.690741836800003
lamf-test-555576d3-2284-4491-8498-d0f099444eff,"{<resource_manager.instance.OnPremInstance object at 0x1531238c0>: [(4, 40636.327999999936, None)]}",94.23503159233334,55897.553886938316,40636.327999999936,24662.928013860506,3,17.375642254163782,40636.327999999936,43492.23199999993,True,22.009060903763775,4.633418649599991
lamf-test-0e5529ab-179e-4c81-ab1e-a5b6748ed38f,"{<resource_manager.instance.OnPremInstance object at 0x1531238c0>: [(4, 40816.92799999993, None)]}",90.40968795722229,55920.0348085835,40816.92799999993,24649.914998412503,1,47.67398722336299,40816.92799999993,45326.74999999993,True,54.99072243616299,7.3167352128
lamf-test-8a05feee-4197-48d4-a52c-e2d3966c37bb,"{<resource_manager.instance.CloudReservedInstance object at 0x1533204d0>: [(2, 41088.12799999991, None)], <resource_manager.instance.CloudReservedInstance object at 0x1531522c0>: [(1, 41088.12799999991, None)], <resource_manager.instance.CloudOnDemandInstance object at 0x153152780>: [(1, 41088.12799999991, None)], <resource_manager.instance.CloudOnDemandInstance object at 0x1531523f0>: [(2, 41088.12799999991, None)]}",95.16517220690687,55927.74221752053,41088.12799999991,24668.051414017507,3,63.120088653626254,41088.12799999991,48004.51171422101,True,116.49382177627047,53.37373312264421
lamf-test-f2ffe8b3-b45a-4a58-abb1-8afdd7e300f5,"{<resource_manager.instance.OnPremInstance object at 0x1531238c0>: [(5, 41238.527999999904, None)]}",93.64754554289101,55992.399532153635,41238.527999999904,24650.951077704503,1,66.27172271655638,41238.527999999904,46275.5619999999,True,76.48682766855639,10.215104951999999
lamf-test-c2ae55a6-cf55-4cbe-aa6e-24e58b9f12f6,"{<resource_manager.instance.OnPremInstance object at 0x1531238c0>: [(6, 41540.72799999987, None)]}",91.82563906844803,56905.257782974506,41540.72799999987,25880.858163607503,1,71.11592043763142,41540.72799999987,46058.13494605985,True,82.10948198156298,10.993561543931564
lamf-test-a0395ef2-51d1-40c3-9888-b0d61a55c626,"{<resource_manager.instance.CloudOnDemandInstance object at 0x1533156d0>: [(2, 41600.92799999987, None)]}",92.41754576857483,57040.84562403079,41600.92799999987,25879.746920935504,2,31.35940275079053,42001.46399999987,57056.24562403079,False,,
lamf-test-a6c9693f-0d92-4afb-bfe4-52f7d289bf50,"{<resource_manager.instance.OnPremInstance object at 0x1531238c0>: [(2, 42032.86399999985, None)]}",89.94496241994834,57537.74456379925,42032.86399999985,26492.386996579502,3,17.94993991938547,42032.86399999985,47933.45799999984,True,22.736501772185463,4.786561852799992
lamf-test-dbb0850f-8e0f-49b0-9c09-4303fd5a9eef,"{<resource_manager.instance.CloudOnDemandInstance object at 0x1533156d0>: [(5, 42063.063999999846, None)]}",108.07778601288287,57595.72330042008,42063.063999999846,26485.059726340503,1,104.05576229652294,42463.599999999846,57611.12330042008,False,,
lamf-test-466a331a-ad26-47a4-b179-e35d1a0c5537,"{<resource_manager.instance.OnPremInstance object at 0x1531238c0>: [(4, 42495.39999999982, None)]}",97.90328572452589,57737.493484224775,42495.39999999982,26493.386996579502,2,13.615571370433358,42495.39999999982,46233.72199999982,True,19.680624983233358,6.0650536128
lamf-test-a0f19f32-a3f4-4c78-acaf-fde1ac3637c6,"{<resource_manager.instance.OnPremInstance object at 0x1531238c0>: [(3, 42525.59999999982, None)]}",107.04597303714239,57750.898215809815,42525.59999999982,26443.665059331503,2,21.793125299348578,42525.59999999982,49281.51999999982,True,30.013728755348588,8.220603456000008
lamf-test-55af92f6-5c1e-4d8c-8aae-c07ea4fdcdce,"{<resource_manager.instance.OnPremInstance object at 0x1531238c0>: [(4, 42555.59999999982, None)]}",70.67215333655905,57759.30370010118,42555.59999999982,26459.3418408975,2,40.24779712229961,42555.59999999982,53606.12599999981,True,58.1761705046996,17.928373382399986
lamf-test-3930d2af-5fdf-4edf-821d-dfe945829644,"{<resource_manager.instance.CloudOnDemandInstance object at 0x153152780>: [(4, 42585.799999999814, None)]}",97.22721355921198,58184.924582474196,42585.799999999814,27050.503379455502,1,27.700554414592347,42986.335999999814,45206.192733794596,False,,
lamf-test-30b3bc1a-2d98-405b-81ea-06c96187cb9a,"{<resource_manager.instance.OnPremInstance object at 0x1531238c0>: [(4, 43108.13599999979, None)]}",105.68868119220394,60653.03368675758,43108.13599999979,29446.838370425503,3,27.122573579739907,43108.13599999979,47566.06999999979,True,34.35512570133991,7.232552121600001
lamf-test-c5a6ffed-1196-4516-a2cc-67f21c8eb5f5,"{<resource_manager.instance.OnPremInstance object at 0x1531238c0>: [(2, 43138.13599999979, None)]}",321.906162634098,137280.54897039582,43138.13599999979,9581.198059538,2,29.693024207302564,43138.13599999979,54060.833999999784,True,38.55351682490256,8.860492617599997
lamf-test-93fc33e5-0604-48d1-8efe-1dfc9145e379,"{<resource_manager.instance.CloudReservedInstance object at 0x1533204d0>: [(1, 43168.53599999978, None)], <resource_manager.instance.CloudReservedInstance object at 0x1531522c0>: [(1, 43168.53599999978, None)], <resource_manager.instance.CloudOnDemandInstance object at 0x1533156d0>: [(1, 43168.53599999978, None)], <resource_manager.instance.CloudOnDemandInstance object at 0x1533151d0>: [(1, 43168.53599999978, None)], <resource_manager.instance.CloudOnDemandInstance object at 0x153123cb0>: [(1, 43168.53599999978, None)]}",318.63019504491797,137304.93702421003,43168.53599999978,9589.705980968,1,289.57341202414244,43168.53599999978,71583.46730377179,True,431.4858192852579,141.91240726111548
lamf-test-d81c27cf-4838-43c5-ac8d-f0f7d5a86a71,"{<resource_manager.instance.OnPremInstance object at 0x1531238c0>: [(4, 43288.53599999978, None)]}",313.16578296695053,137306.52715030866,43288.53599999978,9595.426518462,3,135.12007909346715,43288.53599999978,65497.20999999978,True,171.15143179106715,36.0313526976
lamf-test-9da27dae-e6dc-4f47-b706-a6e8a3713464,"{<resource_manager.instance.CloudReservedInstance object at 0x153315090>: [(1, 43528.935999999776, None)], <resource_manager.instance.CloudReservedInstance object at 0x1531522c0>: [(3, 43528.935999999776, None)], <resource_manager.instance.CloudReservedInstance object at 0x153123e00>: [(1, 43528.935999999776, None)], <resource_manager.instance.CloudOnDemandInstance object at 0x1531523f0>: [(1, 43528.935999999776, None)]}",296.9549680882063,137325.35498317273,43528.935999999776,9560.703761903998,3,199.56531171864282,43528.935999999776,69769.77883788412,True,310.92620055405644,111.36088883541359
lamf-test-3484ce7d-9fee-4f95-9c2d-f871cc58413f,"{<resource_manager.instance.CloudReservedInstance object at 0x153315090>: [(3, 43589.33599999977, None)]}",280.48808000057255,137343.42632228613,43589.33599999977,9613.722878148,3,142.62604049324872,43589.33599999977,137358.82632228616,False,,
lamf-test-26bbd872-e5de-48b0-8f8f-e6417ce7af20,"{<resource_manager.instance.CloudReservedInstance object at 0x153315090>: [(1, 43619.53599999977, None)], <resource_manager.instance.CloudOnDemandInstance object at 0x1533156d0>: [(1, 43619.53599999977, None)]}",298.1380358381042,137455.4888399182,43619.53599999977,10215.645773187001,2,261.91351342796474,43619.53599999977,137470.8888399182,False,,
lamf-test-cfb32c98-2421-4b31-9da7-090b5212bb9a,"{<resource_manager.instance.OnPremInstance object at 0x1531238c0>: [(6, 43830.335999999756, None)]}",311.65623815536327,137677.04067367336,43830.335999999756,10167.07540442,1,299.48625872689934,43830.335999999756,62854.223999999755,True,345.78279256369933,46.2965338368
lamf-test-c1ff5343-c068-4179-8505-1de35f1c5237,"{<resource_manager.instance.CloudOnDemandInstance object at 0x1533151d0>: [(4, 43860.335999999756, None)]}",328.6266875432299,137855.8128300055,43860.335999999756,10181.061914634001,2,188.65570210271875,44260.871999999756,126208.88312263123,False,,
lamf-test-9d2ced27-20c6-49c1-84d1-76444fddb91f,"{<resource_manager.instance.OnPremInstance object at 0x1531238c0>: [(3, 44292.87199999973, None)]}",313.4023701696379,137864.27932191998,44292.87199999973,10201.366540551002,2,40.918948215561684,44292.87199999973,56977.84199999973,True,56.35401971156169,15.435071496000003
lamf-test-2e0bd3ff-93cb-46df-ab43-ee2f13d4c7e1,"{<resource_manager.instance.OnPremInstance object at 0x1531238c0>: [(3, 44322.87199999973, None)]}",316.2487464140096,137877.93718874146,44322.87199999973,10174.6611547155,1,75.38032968286558,44322.87199999973,53762.64299999972,True,86.86664303566558,11.486313352799993
lamf-test-34f82a8b-288c-437f-910d-553d4a2c7dfc,"{<resource_manager.instance.OnPremInstance object at 0x1531238c0>: [(2, 44352.87199999973, None)]}",332.1651620956545,137953.32479414804,44352.87199999973,10158.948784366,1,52.13238580880672,44352.87199999973,54007.64299999972,True,59.964336044006714,7.831950235199995
lamf-test-6323d458-f602-48c5-98a5-f5c1a1584292,"{<resource_manager.instance.OnPremInstance object at 0x1531238c0>: [(5, 44382.87199999973, None)]}",313.6595923894348,138170.54991528887,44382.87199999973,10203.230454546001,1,104.55052186478053,44382.87199999973,52329.31599999972,True,120.66591029678052,16.11538843199999
lamf-test-032ba352-18f7-47d0-a6f0-b7f2f4956a0a,"{<resource_manager.instance.OnPremInstance object at 0x1531238c0>: [(6, 44413.07199999972, None)]}",307.62274626708137,138206.57124362566,44413.07199999972,10218.615523368002,3,45.49568788501022,44413.07199999972,49398.26199999972,True,57.62764626901021,12.131958383999988
lamf-test-75f66efa-1a77-47ea-a0c6-c0317f11e7c2,"{<resource_manager.instance.OnPremInstance object at 0x1531238c0>: [(5, 44563.671999999715, None)]}",323.850834844211,138235.39414870515,44563.671999999715,10180.061914634001,3,54.03836793672521,44563.671999999715,51669.17699999971,True,68.44833207672521,14.409964139999994
lamf-test-d2eb5728-b98d-4dc8-9b54-d5b61be5f0ce,"{<resource_manager.instance.OnPremInstance object at 0x1531238c0>: [(4, 44593.87199999971, None)]}",294.31398108778467,138386.061052999,44593.87199999971,10760.761804600003,2,84.01778994647677,44593.87199999971,67661.98599999971,True,121.44349810007677,37.4257081536
lamf-test-1393ec0f-c39a-48b5-8afc-5e45c5c5f7c7,"{<resource_manager.instance.OnPremInstance object at 0x1531238c0>: [(6, 44624.271999999706, None)]}",354.69102159935267,138428.45255734713,44624.271999999706,10812.377713660004,3,64.60165183664152,44624.271999999706,51702.9979999997,True,81.82843943024152,17.22678759359999
lamf-test-a3da9951-7484-4541-a43a-d268b07d7f2b,"{<resource_manager.instance.OnPremInstance object at 0x1531238c0>: [(4, 44654.271999999706, None)]}",322.8627978188001,138499.24995062593,44654.271999999706,10801.088899873004,2,27.234883240427042,44654.271999999706,52131.9429999997,True,39.366656670827034,12.131773430399992
lamf-test-3058457a-d1e2-4d92-baae-1c4c74ce602b,"{<resource_manager.instance.OnPremInstance object at 0x1531238c0>: [(5, 44684.271999999706, None)]}",296.32729201787157,138553.1713202955,44684.271999999706,10768.705605805002,2,139.2264668590798,44684.271999999706,79475.24799999972,True,209.78256618707982,70.55609932800002
lamf-test-3babe4ac-4db5-41c5-ad0c-7fee914c7ec7,"{<resource_manager.instance.OnPremInstance object at 0x1531238c0>: [(3, 44714.271999999706, None)]}",293.72278396528714,138563.26163097224,44714.271999999706,10792.317359788003,2,48.04560070230211,44714.271999999706,59608.5209999997,True,66.1689228855021,18.123322183199996
lamf-test-151fcd56-358d-466c-9e97-a24b8c315d14,"{<resource_manager.instance.OnPremInstance object at 0x1531238c0>: [(4, 44834.8719999997, None)]}",286.90020368365816,138667.38679003576,44834.8719999997,11388.541553464001,1,121.18029302608564,44834.8719999997,56298.1789999997,True,139.77836230288563,18.5980692768
lamf-test-efb02442-ed88-49c8-bf51-dea5e65f914e,"{<resource_manager.instance.OnPremInstance object at 0x1531238c0>: [(2, 44864.8719999997, None)]}",304.7860416350407,138737.7682175001,44864.8719999997,10797.594593656004,3,82.68541790250207,44864.8719999997,72045.6359999997,True,104.73445365930206,22.049035756799995
lamf-test-2674780b-0edf-4613-bd86-e3e24ce33fcb,"{<resource_manager.instance.CloudReservedInstance object at 0x1533204d0>: [(1, 44955.071999999695, None)], <resource_manager.instance.CloudReservedInstance object at 0x153315090>: [(1, 44955.071999999695, None)], <resource_manager.instance.CloudReservedInstance object at 0x153123e00>: [(2, 44955.071999999695, None)], <resource_manager.instance.CloudOnDemandInstance object at 0x153123cb0>: [(1, 44955.071999999695, None)]}",302.61464185285956,138877.1797627112,44955.071999999695,11395.084847237002,1,857.4961232596344,44955.071999999695,134916.9059739965,True,1275.0989565669274,417.60283330729317
lamf-test-e4ed1a21-f292-441c-946a-d7b9f0990c7d,"{<resource_manager.instance.OnPremInstance object at 0x1531238c0>: [(2, 44985.27199999969, None)]}",297.2172710903451,139000.1763510952,44985.27199999969,11400.811028746502,1,193.90817613506727,44985.27199999969,80896.51999999968,True,223.03938051266726,29.131204377599992
lamf-test-0479ea03-d843-4f1c-b0bd-6f829a2c5a10,"{<resource_manager.instance.OnPremInstance object at 0x1531238c0>: [(5, 45075.27199999969, None)]}",326.10114994784385,139147.02333989806,45075.27199999969,11391.276503557001,3,64.19996197429455,45075.27199999969,53516.92499999968,True,81.31963425829454,17.119672283999982
lamf-test-3c60492c-5568-42f7-a13b-d4f3117a23dc,"{<resource_manager.instance.OnPremInstance object at 0x1531238c0>: [(6, 45676.471999999674, None)]}",288.51703100665657,139165.31479734034,45676.471999999674,11422.553882631502,2,32.28955595597497,45676.471999999674,53147.70699999967,True,50.471553451974955,18.181997495999983
lamf-test-8fdaa8c6-0ab8-4102-bf2c-7c6a5957696b,"{<resource_manager.instance.OnPremInstance object at 0x1531238c0>: [(3, 45706.471999999674, None)]}",305.80076715201267,139371.4683095184,45706.471999999674,11976.100880659502,3,72.57671914214002,45706.471999999674,61611.65999999966,True,91.93015190054001,19.353432758399986
lamf-test-0b319882-7fad-4ae3-8912-b51a1940b68d,"{<resource_manager.instance.OnPremInstance object at 0x1531238c0>: [(2, 45736.67199999967, None)]}",309.96889456321867,139381.02865401824,45736.67199999967,11369.779495888002,3,117.55162826070422,45736.67199999967,84378.83099999967,True,148.8981476415042,31.3465193808
lamf-test-20e1ba49-4666-4d28-9ab3-d9b988f76cc5,"{<resource_manager.instance.OnPremInstance object at 0x1531238c0>: [(6, 45766.67199999967, None)]}",285.6765311197183,139398.3333335346,45766.67199999967,12012.6014157355,1,145.7003559206023,45766.67199999967,55021.81199999967,True,168.2236646246023,22.523308704
lamf-test-c777b76c-0cc3-4d24-b87d-dcc762dd2026,"{<resource_manager.instance.CloudOnDemandInstance object at 0x153152780>: [(2, 45796.67199999967, None)]}",310.2741421688458,139556.29581402615,45796.67199999967,11402.364477733503,1,443.5269223979847,46197.20799999967,127936.60865649405,True,809.838183911287,366.3112615133023
lamf-test-d457b8b2-16f3-450b-ba2f-e7b966006e63,"{<resource_manager.instance.OnPremInstance object at 0x1531238c0>: [(6, 46288.60799999965, None)]}",308.6020686022321,139586.53252944857,46288.60799999965,11980.6614612075,1,250.6258206707735,46288.60799999965,62208.79599999965,True,289.3691901875735,38.74336951680001
lamf-test-87976d93-8677-4270-9b15-bf91d2c51eaa,"{<resource_manager.instance.OnPremInstance object at 0x1531238c0>: [(3, 46349.007999999645, None)]}",311.39111778496914,139756.812032468,46349.007999999645,12003.4064526845,2,55.93701514000098,46349.007999999645,63689.613999999645,True,77.03706452080098,21.1000493808
lamf-test-b6b347a8-b100-462f-bbd1-cdcde8345e59,"{<resource_manager.instance.OnPremInstance object at 0x1531238c0>: [(4, 46499.20799999964, None)]}",310.4633474601291,139757.4198121118,46499.20799999964,11966.725872681502,1,347.6803648946686,46499.20799999964,79388.76999999963,True,401.0403902834686,53.360025388799976
lamf-test-3d2e4ca8-d6e8-4002-a809-14108f6da5be,"{<resource_manager.instance.OnPremInstance object at 0x1531238c0>: [(5, 46589.40799999964, None)]}",306.2018292174168,139775.84315542303,46589.40799999964,12016.762011041,2,43.9721513429609,46589.40799999964,57577.50599999964,True,66.25601408696089,22.283862743999993
lamf-test-95f36198-5f8e-46dc-93db-fc5d6a810881,"{<resource_manager.instance.CloudReservedInstance object at 0x1531522c0>: [(1, 46889.60799999964, None)], <resource_manager.instance.CloudOnDemandInstance object at 0x153152780>: [(2, 46889.60799999964, None)]}",312.84764381313755,139775.92027642025,46889.60799999964,11984.9287962745,2,441.05145559501364,46889.60799999964,139791.32027642027,False,,
lamf-test-64282f81-8a38-42e2-8686-39f8e7fadae5,"{<resource_manager.instance.OnPremInstance object at 0x1531238c0>: [(5, 46919.80799999963, None)]}",308.1387838586121,139815.23464410816,46919.80799999963,11992.6031054855,2,17.9279801240933,46919.80799999963,51399.78899999963,True,27.013381592093296,9.085401467999999
lamf-test-6ffd71d7-ab96-484d-939d-8341469b380b,"{<resource_manager.instance.OnPremInstance object at 0x1531238c0>: [(3, 47009.80799999963, None)]}",291.65416309527114,139854.03779826264,47009.80799999963,12011.6014157355,3,150.12545744923565,47009.80799999963,79909.80199999963,True,190.15817014843566,40.032712699200005
lamf-test-68fc4f1f-0368-4356-8862-a5c873470b2b,"{<resource_manager.instance.OnPremInstance object at 0x1531238c0>: [(4, 47070.407999999625, None)]}",313.35740939256686,139861.48729437543,47070.407999999625,12004.4064526845,2,34.41812111374339,47070.407999999625,56520.32499999962,True,49.74966645454338,15.33154534079999
lamf-test-e1a8ae4a-b274-4245-9dc7-b8b20b25f60b,"{<resource_manager.instance.OnPremInstance object at 0x1531238c0>: [(4, 47100.407999999625, None)]}",307.3714712616934,139869.66041636418,47100.407999999625,11994.6031054855,3,166.48854817856866,47100.407999999625,74464.88199999962,True,210.88467079616865,44.39612261759999
lamf-test-0aaede3d-34d4-43d5-b971-8a2a954407b0,"{<resource_manager.instance.OnPremInstance object at 0x1531238c0>: [(2, 47130.407999999625, None)]}",291.4038438976179,140137.74348169568,47130.407999999625,12609.725866560002,1,173.2631860978021,47130.407999999625,79218.26199999962,True,199.2928532626021,26.0296671648
lamf-test-4cc1e286-0e7f-464c-8240-c10883a7da2a,"{<resource_manager.instance.CloudReservedInstance object at 0x153123e00>: [(2, 47220.80799999962, None)], <resource_manager.instance.CloudOnDemandInstance object at 0x1531523f0>: [(2, 47220.80799999962, None)]}",316.2330750787407,140193.67140346614,47220.80799999962,12603.116704974002,3,359.2603019864005,47220.80799999962,118079.51366228734,True,654.0608610237823,294.8005590373818
lamf-test-59fd6bbc-b1e0-4afd-a720-743bb563c136,"{<resource_manager.instance.OnPremInstance object at 0x1531238c0>: [(2, 47250.80799999962, None)]}",321.20760313523465,140278.08000700586,47250.80799999962,12599.171769000002,2,47.296249503230236,47250.80799999962,64648.92299999962,True,61.409600391230235,14.113350887999998
lamf-test-a7598ecc-5cec-4bf9-9a0f-c71ca0dbae0e,"{<resource_manager.instance.CloudOnDemandInstance object at 0x1533156d0>: [(1, 47521.007999999616, None)], <resource_manager.instance.CloudOnDemandInstance object at 0x1533151d0>: [(2, 47521.007999999616, None)], <resource_manager.instance.CloudOnDemandInstance object at 0x1531523f0>: [(2, 47521.007999999616, None)], <resource_manager.instance.CloudOnDemandInstance object at 0x153123cb0>: [(1, 47521.007999999616, None)]}",294.2224632206372,140336.19506425172,47521.007999999616,12610.725866560002,3,541.2587782284581,47921.543999999616,140351.59506425174,False,,
lamf-test-398c2e41-0ba6-4e76-8602-21bfa67e2257,"{<resource_manager.instance.OnPremInstance object at 0x1531238c0>: [(5, 47951.94399999961, None)]}",308.43937206382503,140442.6883587559,47951.94399999961,12573.032394609003,2,34.78882471975215,47951.94399999961,56645.241999999605,True,52.41883306375214,17.63000834399999
lamf-test-404ab15a-5fdc-47da-96ca-6bf36dbfc057,"{<resource_manager.instance.OnPremInstance object at 0x1531238c0>: [(4, 47981.94399999961, None)]}",285.63536765098837,140477.29287615555,47981.94399999961,12572.032394609003,2,70.60093124937637,47981.94399999961,67366.2949999996,True,102.05010231177636,31.44917106239999
lamf-test-19917d27-b721-40ad-a37a-4370c7a734bc,"{<resource_manager.instance.OnPremInstance object at 0x1531238c0>: [(2, 48011.94399999961, None)]}",301.1069329229973,140533.6210621617,48011.94399999961,13172.301882458001,2,25.722353877605656,48011.94399999961,57474.01499999961,True,33.397985872805656,7.675631995199997
lamf-test-68ff13a7-de65-4a50-8bee-581fe346b072,"{<resource_manager.instance.OnPremInstance object at 0x1531238c0>: [(4, 48041.94399999961, None)]}",316.0799972187193,140710.36274108465,48041.94399999961,13186.643232170001,1,68.40395185945695,48041.94399999961,54512.760999999606,True,78.90220536025694,10.498253500799992
lamf-test-c5f3d318-ed60-437f-9c1e-4a6f0f18365e,"{<resource_manager.instance.OnPremInstance object at 0x1531238c0>: [(5, 48071.94399999961, None)]}",302.37657057421836,140801.33635107012,48071.94399999961,13181.634697016001,2,49.4045724578174,48071.94399999961,60417.536999999604,True,74.44143506181739,25.036862603999985
lamf-test-cd918581-b0d1-458e-92b2-5c59b3bd83b5,"{<resource_manager.instance.CloudReservedInstance object at 0x1533204d0>: [(2, 48102.14399999961, None)], <resource_manager.instance.CloudOnDemandInstance object at 0x1533156d0>: [(1, 48102.14399999961, None)]}",301.10787935133226,140839.03007349075,48102.14399999961,13198.211998805002,2,123.67321367274015,48102.14399999961,77319.13727753238,True,208.56610933993937,84.89289566719923
lamf-test-499e704f-e77f-4d06-942d-f6729f7df6df,"{<resource_manager.instance.CloudOnDemandInstance object at 0x1533151d0>: [(1, 48132.14399999961, None)], <resource_manager.instance.CloudOnDemandInstance object at 0x1531523f0>: [(2, 48132.14399999961, None)]}",295.12516285873096,140876.88060405606,48132.14399999961,13219.328135687001,2,370.55318310489463,48532.67999999961,140892.28060405608,False,,
lamf-test-f9efe039-70ce-49b9-a1a8-bee3de1d2b34,"{<resource_manager.instance.CloudOnDemandInstance object at 0x153152780>: [(1, 48743.2799999996, None)], <resource_manager.instance.CloudOnDemandInstance object at 0x1533156d0>: [(1, 48743.2799999996, None)], <resource_manager.instance.CloudOnDemandInstance object at 0x1531523f0>: [(2, 48743.2799999996, None)], <resource_manager.instance.CloudOnDemandInstance object at 0x153123cb0>: [(1, 48743.2799999996, None)]}",307.9037058422363,140925.07606649102,48743.2799999996,13782.624677451002,3,520.8104333440716,49143.8159999996,130920.91665649398,True,1126.2788247017909,605.4683913577193
lamf-test-893ff824-f1d2-4433-939e-c7c4d678a42b,"{<resource_manager.instance.OnPremInstance object at 0x1531238c0>: [(2, 49175.01599999958, None)]}",291.47945752946964,140931.34315342468,49175.01599999958,13223.053067412002,1,165.81637736710022,49175.01599999958,79883.74199999959,True,190.7272958983002,24.910918531200007
lamf-test-9ad3c991-d587-4e6c-87f0-aa8b942b2b5d,"{<resource_manager.instance.OnPremInstance object at 0x1531238c0>: [(6, 49445.61599999957, None)]}",294.2702271699325,141066.88261422695,49445.61599999957,13226.123964048002,2,94.46568044783643,49445.61599999957,71303.31199999958,True,147.65856943343647,53.19288898560003
lamf-test-e3ac6e81-3f29-40d1-91c8-119f86b94741,"{<resource_manager.instance.CloudOnDemandInstance object at 0x153152780>: [(2, 49475.81599999957, None)]}",292.3170995981352,141099.1757369941,49475.81599999957,13190.504232746001,2,186.60343456725036,49876.35199999957,118118.63753649929,True,492.7229614914245,306.1195269241741
lamf-test-95c3a7f0-6def-4a58-8473-af92a11ec586,"{<resource_manager.instance.CloudOnDemandInstance object at 0x1531523f0>: [(1, 50358.15199999954, None)], <resource_manager.instance.CloudOnDemandInstance object at 0x153123cb0>: [(2, 50358.15199999954, None)]}",312.05091942501133,141147.83667494997,50358.15199999954,13169.540699038002,1,589.2996090143057,50758.68799999954,141163.23667495,False,,
lamf-test-308f236e-0576-4952-874f-b146870f6d77,"{<resource_manager.instance.OnPremInstance object at 0x1531238c0>: [(3, 50789.48799999953, None)]}",296.126707886245,141348.72263050562,50789.48799999953,13813.84995464,3,56.66769336071183,50789.48799999953,63208.21299999953,True,71.77879794071183,15.11110458
lamf-test-55230e23-b521-4f16-a8cb-73a7c6580475,"{<resource_manager.instance.CloudReservedInstance object at 0x1533204d0>: [(1, 50819.48799999953, None)], <resource_manager.instance.CloudReservedInstance object at 0x153315310>: [(3, 50819.48799999953, None)]}",312.3489385286271,141390.99727139814,50819.48799999953,13825.348571903,2,400.36116411386706,50819.48799999953,141057.4762521287,True,589.680463466834,189.31929935296696
lamf-test-2b6c6b3a-28c9-458c-9ffa-76aefcc26451,"{<resource_manager.instance.OnPremInstance object at 0x1531238c0>: [(5, 51721.08799999951, None)]}",317.28833254019617,141450.84379284907,51721.08799999951,13777.641592479002,1,271.2112803255,51721.08799999951,72334.71299999951,True,313.01571182550003,41.8044315
lamf-test-416bbbfd-81e6-4f7c-9a56-8c0e7175f623,"{<resource_manager.instance.OnPremInstance object at 0x1531238c0>: [(3, 51751.4879999995, None)]}",318.1012839054559,141476.05042322632,51751.4879999995,13818.3769997665,2,32.10388593325567,51751.4879999995,61703.7679999995,True,44.21382023725567,12.109934304
lamf-test-7c801ce0-8eb2-4e0d-9312-eaf55e74d22a,"{<resource_manager.instance.OnPremInstance object at 0x1531238c0>: [(2, 51781.4879999995, None)]}",282.54429039316733,141514.27555859575,51781.4879999995,13806.503764262,2,86.44618572718548,51781.4879999995,83581.06399999949,True,112.24200177838547,25.79581605119999
lamf-test-3e7fd149-2562-452d-b778-aa63ebe3ca13,"{<resource_manager.instance.OnPremInstance object at 0x1531238c0>: [(2, 52141.4879999995, None)]}",306.14407437283273,141531.68227778788,52141.4879999995,13823.348571903,2,29.82269521484012,52141.4879999995,63111.885999999504,True,38.721882072440124,8.8991868576
lamf-test-3d742955-a0c8-4cdc-8c38-f5e5804b4cff,"{<resource_manager.instance.OnPremInstance object at 0x1531238c0>: [(4, 52171.4879999995, None)]}",303.65987588610506,141636.17255292443,52171.4879999995,13796.683961390001,1,136.66942170507264,52171.4879999995,65100.0219999995,True,157.64467526667264,20.9752535616
lamf-test-17fee575-0b26-45f7-83d5-67d080c53e61,"{<resource_manager.instance.OnPremInstance object at 0x1531238c0>: [(5, 52231.6879999995, None)]}",339.37001802300927,141636.88597677628,52231.6879999995,13814.84995464,3,118.56094760057798,52231.6879999995,67821.2669999995,True,150.17661381257795,31.615666211999994
lamf-test-c8945c61-1ea7-4681-928a-edc22713889d,"{<resource_manager.instance.CloudReservedInstance object at 0x1533204d0>: [(1, 52261.8879999995, None)], <resource_manager.instance.CloudOnDemandInstance object at 0x1533151d0>: [(3, 52261.8879999995, None)], <resource_manager.instance.CloudOnDemandInstance object at 0x1531523f0>: [(1, 52261.8879999995, None)]}",305.7727422550137,141643.57677617914,52261.8879999995,13816.049669472,2,306.9778861231093,52261.8879999995,102692.7031879221,True,565.6007227268772,258.62283660376784
lamf-test-821bad57-9b5b-4590-ab6a-b75593f800f8,"{<resource_manager.instance.OnPremInstance object at 0x1531238c0>: [(4, 52382.087999999494, None)]}",293.93899056747387,141652.1728929625,52382.087999999494,13791.830514685002,3,198.71791314928882,52382.087999999494,85043.86099999948,True,251.7083736644888,52.99046051519998
lamf-test-12047e13-b691-4e4d-bcc8-16e2900e16aa,"{<resource_manager.instance.OnPremInstance object at 0x1531238c0>: [(3, 52412.087999999494, None)]}",306.19560311302496,141809.58468514215,52412.087999999494,14406.375924703998,1,262.18213324207164,52412.087999999494,85244.7819999995,True,302.13295530127164,39.95082205920001
lamf-test-28862540-93f6-42de-8ec4-72cbed9815ad,"{<resource_manager.instance.OnPremInstance object at 0x1531238c0>: [(6, 53523.487999999474, None)]}",315.0001679546882,141817.52509927916,53523.487999999474,14397.985061652998,3,132.57824321241156,53523.487999999474,68050.74899999947,True,167.93178558201157,35.3535423696
lamf-test-2148cf4d-7170-4032-92ad-bc67bc5cec9e,"{<resource_manager.instance.OnPremInstance object at 0x1531238c0>: [(3, 53553.68799999947, None)]}",290.5571510371029,141818.2923116763,53553.68799999947,14376.698180693,3,96.45869495779151,53553.68799999947,74692.61099999948,True,122.18053646419152,25.721841506400015
lamf-test-5fc71200-6539-46cf-9073-1ac0b6be235f,"{<resource_manager.instance.OnPremInstance object at 0x1531238c0>: [(5, 53643.88799999947, None)]}",298.6298021940167,141856.44384103944,53643.88799999947,14385.956424293,2,64.62521601210096,53643.88799999947,69792.93199999946,True,97.37547724410095,32.750261231999986
lamf-test-e050ad2a-f776-4985-ad86-c1f9e8bbb5cd,"{<resource_manager.instance.OnPremInstance object at 0x1531238c0>: [(3, 53673.88799999947, None)]}",326.0139069441622,141898.40737388155,53673.88799999947,14407.375924703998,3,128.162263289984,53673.88799999947,81760.64799999946,True,162.338232857984,34.175969568
lamf-test-927fb6c3-ba3c-488b-96a5-466be1c02fa9,"{<resource_manager.instance.OnPremInstance object at 0x1531238c0>: [(6, 53823.88799999947, None)]}",330.8093779162473,141946.45245549115,53823.88799999947,14383.646153656,1,183.27006460567628,53823.88799999947,65465.521234299165,True,211.60114324466804,28.331078638991745
lamf-test-8aea85bd-3d6c-4aba-b7de-dd2346b0e93e,"{<resource_manager.instance.CloudReservedInstance object at 0x1531522c0>: [(1, 54064.28799999946, None)], <resource_manager.instance.CloudReservedInstance object at 0x153123e00>: [(1, 54064.28799999946, None)], <resource_manager.instance.CloudOnDemandInstance object at 0x153152780>: [(1, 54064.28799999946, None)], <resource_manager.instance.CloudOnDemandInstance object at 0x1531523f0>: [(1, 54064.28799999946, None)], <resource_manager.instance.CloudOnDemandInstance object at 0x153123cb0>: [(2, 54064.28799999946, None)]}",302.51103083949494,142024.9486645711,54064.28799999946,14391.280193744999,1,1237.7801523268504,54064.28799999946,142040.34866457112,False,,
lamf-test-8d46ff55-9a1d-4004-b52e-0bb94df560fe,"{<resource_manager.instance.OnPremInstance object at 0x1531238c0>: [(3, 56586.887999999424, None)]}",314.6188735020299,142078.36001843703,56586.887999999424,14402.509531012998,1,154.50907711613053,56586.887999999424,75935.83899999943,True,178.05288069293053,23.543803576800002
lamf-test-56207b5b-5fb7-4cc8-b917-b36e1b064de2,"{<resource_manager.instance.OnPremInstance object at 0x1531238c0>: [(5, 56707.28799999942, None)]}",317.0752713451876,142090.30383923554,56707.28799999942,14374.341657653,2,63.7293894631359,56707.28799999942,72632.47599999941,True,96.02567072713589,32.29628126399999
lamf-test-232b6ce2-ea24-476c-b62f-210ae1decc5b,"{<resource_manager.instance.OnPremInstance object at 0x1531238c0>: [(4, 56857.487999999415, None)]}",311.1617610976437,142126.5671806398,56857.487999999415,14396.985061652998,2,65.20679216236384,56857.487999999415,74760.81199999941,True,94.25314501996382,29.046352857599988
lamf-test-62c9483c-2445-4359-99d9-4d8c66a14529,"{<resource_manager.instance.OnPremInstance object at 0x1531238c0>: [(3, 57007.487999999415, None)]}",345.02192360533996,142140.524758309,57007.487999999415,14415.226486264997,2,36.831679165429556,57007.487999999415,68425.39499999941,True,50.72498840302955,13.893309237599992
lamf-test-5c2155b4-aa4a-428b-9192-860339f49ef5,"{<resource_manager.instance.OnPremInstance object at 0x1531238c0>: [(2, 57037.487999999415, None)]}",326.1375748222798,142176.219105641,57037.487999999415,14401.509531012998,3,44.622422997946586,57037.487999999415,71705.99399999941,True,56.52151506514658,11.899092067199994
lamf-test-1e5c4d41-c6bb-47f9-a0f9-f492c659a647,"{<resource_manager.instance.OnPremInstance object at 0x1531238c0>: [(6, 57608.4879999994, None)]}",295.19389174920065,142183.94678322246,57608.4879999994,14384.646153656,3,63.80128678986993,57608.4879999994,64599.5139999994,True,80.81464766346993,17.013360873599996
lamf-test-58f4bde2-1252-4878-b4ed-54f9ec3d6ddb,"{<resource_manager.instance.CloudOnDemandInstance object at 0x1533156d0>: [(1, 57638.6879999994, None)], <resource_manager.instance.CloudOnDemandInstance object at 0x153123cb0>: [(2, 57638.6879999994, None)]}",306.6623561408906,142216.72940223836,57638.6879999994,14381.585638032,3,235.8931871687654,58039.2239999994,142232.12940223838,False,,
lamf-test-e5f8465a-4435-4b7a-801a-354ef982dcda,"{<resource_manager.instance.OnPremInstance object at 0x1531238c0>: [(3, 58070.02399999939, None)]}",304.6031866584939,142234.0827399676,58070.02399999939,14437.634027304997,1,248.11273214693128,58070.02399999939,89140.82699999938,True,285.9196852373313,37.80695309039999
lamf-test-1f9296c3-4641-4962-ac2a-3bdd3909621e,"{<resource_manager.instance.OnPremInstance object at 0x1531238c0>: [(2, 58100.02399999939, None)]}",333.675220822951,142254.19627787912,58100.02399999939,14421.563915470997,2,22.9483784023552,58100.02399999939,66541.67699999938,True,29.7962473159552,6.847868913599998
lamf-test-62ab7363-ee6e-4e41-9bd6-da86db171176,"{<resource_manager.instance.CloudOnDemandInstance object at 0x1533156d0>: [(5, 58130.02399999939, None)], <resource_manager.instance.CloudOnDemandInstance object at 0x153123cb0>: [(1, 58130.02399999939, None)]}",317.6880653321237,142283.51372734344,58130.02399999939,14410.809710526997,3,398.75158839644007,58530.55999999939,140917.14982881187,False,,
lamf-test-e000b273-6e93-45bd-85e3-de8e007da692,"{<resource_manager.instance.OnPremInstance object at 0x1531238c0>: [(3, 59011.55999999937, None)]}",284.69120725614476,142345.01768337528,59011.55999999937,14414.226486264997,3,109.16799908738307,59011.55999999937,82935.72699999937,True,138.27892549298306,29.110926405600004
lamf-test-79b31340-0554-44ef-87de-f4504dbdfc60,"{<resource_manager.instance.OnPremInstance object at 0x1531238c0>: [(6, 60422.759999999354, None)]}",304.54338810954675,142456.84258765215,60422.759999999354,15006.562267295,1,273.7348699520875,60422.759999999354,77810.87499999935,True,316.05058661608746,42.31571666399998
lamf-test-9655ffad-b7de-4846-8625-1393b7fdfd45,"{<resource_manager.instance.OnPremInstance object at 0x1531238c0>: [(3, 61023.55999999934, None)]}",323.69507710357215,142693.20472308344,61023.55999999934,15017.926514199,1,102.66057380789411,61023.55999999934,73879.59699999934,True,118.30379962949411,15.643225821599996
lamf-test-9c4c82a6-08d5-47bd-9589-83ce8af6f468,"{<resource_manager.instance.OnPremInstance object at 0x1531238c0>: [(6, 61113.95999999934, None)]}",291.9040113839834,142731.26735292267,61113.95999999934,15024.439139773,3,95.3701939310974,61113.95999999934,71564.14899999934,True,120.80177388149741,25.4315799504
lamf-test-56707fec-34cd-4c0e-a454-d4551f611032,"{<resource_manager.instance.OnPremInstance object at 0x1531238c0>: [(4, 61624.95999999932, None)]}",312.7950515260771,142800.24177840355,61624.95999999932,14982.637181977998,3,87.80507110806907,61624.95999999932,76056.82099999933,True,111.21932239446907,23.414251286400006
lamf-test-e846f77b-9785-4a57-980e-5e6be4c30da6,"{<resource_manager.instance.OnPremInstance object at 0x1531238c0>: [(3, 61744.95999999932, None)]}",318.0816768556553,142894.53441376734,61744.95999999932,15007.562267295,3,123.16114077116127,61744.95999999932,88735.72399999932,True,156.00350240636126,32.8423616352
lamf-test-3bd57c11-f664-4998-9d53-96c6dc4f87c4,"{<resource_manager.instance.OnPremInstance object at 0x1531238c0>: [(4, 62225.35999999932, None)]}",326.99178124993756,142997.21675299105,62225.35999999932,14988.339951574999,1,302.9136331279942,62225.35999999932,90880.11799999929,True,349.4031125071942,46.489479379199956
lamf-test-6f2e770b-ffa0-4b22-be2e-700e1acc453c,"{<resource_manager.instance.OnPremInstance object at 0x1531238c0>: [(6, 63546.3599999993, None)]}",314.03861715723247,143134.6952000294,63546.3599999993,15628.254438386002,3,58.319735341090656,63546.3599999993,69936.74499999931,True,73.87137627709068,15.551640936000023
lamf-test-dd9abd19-48be-42ba-b1bc-fa915a5dcef1,"{<resource_manager.instance.OnPremInstance object at 0x1531238c0>: [(4, 63606.5599999993, None)]}",320.9475259671587,143300.74426724575,63606.5599999993,15624.093690578002,2,76.15836663413785,63606.5599999993,84516.7729999993,True,110.08309620533785,33.924729571200004
lamf-test-08f07093-2907-4ba0-a255-32c22f0fcc78,"{<resource_manager.instance.OnPremInstance object at 0x1531238c0>: [(3, 63666.759999999296, None)]}",298.09142219625704,143301.430266655,63666.759999999296,15610.200212746,3,20.5566096281086,63666.759999999296,68171.7409999993,True,26.0382705089086,5.4816608808
lamf-test-3e227187-9182-4a9b-bf09-75d5b5a39b59,"{<resource_manager.instance.OnPremInstance object at 0x1531238c0>: [(2, 63726.759999999296, None)]}",320.9833484047092,143427.39301902053,63726.759999999296,15639.045179169001,2,110.73968743286659,63726.759999999296,104462.79799999928,True,143.78476145846656,33.04507402559999
lamf-test-9329565e-0cc9-410e-9937-6b7537e158ae,"{<resource_manager.instance.OnPremInstance object at 0x1531238c0>: [(6, 65408.959999999264, None)]}",289.93639360238836,143817.66912615165,65408.959999999264,16203.448933583,1,140.9259589322383,65408.959999999264,74360.82199999927,True,162.71121029543832,21.78525136320002
lamf-test-a0961e5f-36f8-49a0-be25-041d077e1525,"{<resource_manager.instance.OnPremInstance object at 0x1531238c0>: [(2, 65528.959999999264, None)]}",302.7913218356865,143937.77402620725,65528.959999999264,16197.320630297001,2,21.24001045126883,65528.959999999264,73342.18299999926,True,27.57809694886883,6.338086497599998
lamf-test-e9e3c180-3644-4ec5-bd7f-fb857cf9758f,"{<resource_manager.instance.OnPremInstance object at 0x1531238c0>: [(5, 65559.35999999926, None)]}",277.1468078662494,143951.73461395098,65559.35999999926,16200.331622498,1,58.94263540953684,65559.35999999926,70039.34099999926,True,68.02803687753683,9.085401467999999
lamf-test-20435df7-63e4-419e-8d22-d33076e8dcf2,"{<resource_manager.instance.OnPremInstance object at 0x1531238c0>: [(2, 65589.35999999926, None)]}",307.8323914198774,143958.3720209314,65589.35999999926,16230.186930215,2,35.318002998444484,65589.35999999926,78581.22899999925,True,45.85700713124448,10.539004132799993
lamf-test-f86b8860-b2ed-456c-9f30-6f6a9139ebf4,"{<resource_manager.instance.OnPremInstance object at 0x1531238c0>: [(5, 65619.35999999926, None)]}",305.1378797801942,144272.11102587177,65619.35999999926,16186.242419314001,3,122.85489390828202,65619.35999999926,81773.54999999926,True,155.61559122828203,32.760697320000006
lamf-test-4f1fe545-8677-4a84-8abf-5cf06961f85c,"{<resource_manager.instance.OnPremInstance object at 0x1531238c0>: [(6, 65649.35999999926, None)]}",310.3840944895742,144403.4649836942,65649.35999999926,16835.385937658,2,53.811460681767265,65649.35999999926,78100.38499999925,True,84.11227512176725,30.30081443999999
lamf-test-0c64519c-480b-40a3-83cb-e32930215173,"{<resource_manager.instance.OnPremInstance object at 0x1531238c0>: [(4, 65679.55999999926, None)]}",305.2027703895845,144489.7979196576,65679.55999999926,16828.878727868003,3,234.2453357669784,65679.55999999926,104180.70899999925,True,296.7095999045784,62.46426413759998
lamf-test-4b6bc7a8-825f-4ed7-a11d-b9402493f256,"{<resource_manager.instance.OnPremInstance object at 0x1531238c0>: [(2, 66099.95999999925, None)]}",315.0940754980354,144498.33786451115,66099.95999999925,16820.706352652003,2,27.0351273907912,66099.95999999925,76044.93999999926,True,35.10249516679121,8.067367776000008
lamf-test-d80357f1-4d3d-475b-a1da-53fbb3ddaa84,"{<resource_manager.instance.OnPremInstance object at 0x1531238c0>: [(6, 67873.3599999992, None)]}",308.2995677163823,144644.0465450874,67873.3599999992,16841.867219672,1,274.4857939767279,67873.3599999992,85309.17499999917,True,316.91759336072784,42.43179938399994
lamf-test-6c201a0a-e193-4746-b7c6-ff82b4d5eeef,"{<resource_manager.instance.OnPremInstance object at 0x1531238c0>: [(6, 68353.5599999992, None)]}",319.4947582934635,144655.30841325183,68353.5599999992,16810.395128045002,2,109.63175607618118,68353.5599999992,93720.41899999918,True,171.36454413858115,61.73278806239996
lamf-test-545db71e-0ac4-4fd9-bae7-0ae698ee188a,"{<resource_manager.instance.OnPremInstance object at 0x1531238c0>: [(5, 68473.5599999992, None)]}",303.0498265026395,144664.28586065865,68473.5599999992,16831.952952626,2,19.325760231103644,68473.5599999992,73302.8289999992,True,29.119517763103644,9.793757531999999
lamf-test-ed127e72-be6f-436a-8fe9-27a8ad06a858,"{<resource_manager.instance.CloudReservedInstance object at 0x153315090>: [(1, 69795.35999999917, None)], <resource_manager.instance.CloudReservedInstance object at 0x1531522c0>: [(3, 69795.35999999917, None)], <resource_manager.instance.CloudReservedInstance object at 0x153123e00>: [(2, 69795.35999999917, None)]}",328.19458272409565,145331.5339209243,69795.35999999917,17415.789561472004,3,489.4215363943233,69795.35999999917,138746.11480766657,True,738.2234400423104,248.80190364798702
lamf-test-870691de-e40a-44a6-b524-758dc9ee2699,"{<resource_manager.instance.OnPremInstance object at 0x1531238c0>: [(6, 69855.55999999917, None)]}",318.593861795503,145513.26129626436,69855.55999999917,18005.168998583,3,59.236294775268036,69855.55999999917,76346.37699999916,True,75.03234702646803,15.79605225119999
lamf-test-f73d4880-234f-4ef4-b427-8c893deb0ab7,"{<resource_manager.instance.OnPremInstance object at 0x1531238c0>: [(5, 69975.75999999917, None)]}",289.55899307824876,145555.91747383878,69975.75999999917,18003.480001913,2,73.64722614606956,69975.75999999917,88379.29299999915,True,110.96959107006951,37.322364923999956
lamf-test-816ecb3f-0729-4858-99cd-1237c929b94a,"{<resource_manager.instance.OnPremInstance object at 0x1531238c0>: [(6, 70846.95999999915, None)]}",325.447174391888,145665.49711457847,70846.95999999915,18033.948626110003,1,125.49158932238198,70846.95999999915,78818.40399999915,True,144.890895440782,19.39930611840001
lamf-test-95b7467a-1a49-4273-9a59-d080cf448191,"{<resource_manager.instance.CloudReservedInstance object at 0x1533204d0>: [(1, 71657.55999999914, None)], <resource_manager.instance.CloudReservedInstance object at 0x1531522c0>: [(1, 71657.55999999914, None)], <resource_manager.instance.CloudOnDemandInstance object at 0x1533156d0>: [(2, 71657.55999999914, None)], <resource_manager.instance.CloudOnDemandInstance object at 0x1533151d0>: [(1, 71657.55999999914, None)], <resource_manager.instance.CloudOnDemandInstance object at 0x153123cb0>: [(1, 71657.55999999914, None)]}",303.1008089718593,145698.81885709811,71657.55999999914,18008.131584669,1,473.2394346481599,71657.55999999914,112866.99924628162,True,708.7550887901964,235.5156541420365
lamf-test-7c4919b0-6563-4e4b-a109-6e7eddf9dab2,"{<resource_manager.instance.OnPremInstance object at 0x1531238c0>: [(4, 71777.55999999914, None)]}",284.9077105670405,145729.14656052063,71777.55999999914,17995.542961976003,3,183.89113696859076,71777.55999999914,102002.36699999914,True,232.92786384539076,49.0367268768
lamf-test-9e038649-678e-4ec1-8038-665a8a0ccdab,"{<resource_manager.instance.OnPremInstance object at 0x1531238c0>: [(6, 73339.7599999991, None)]}",305.1144082584737,145762.641812599,73339.7599999991,18025.419214111003,1,342.63803696098574,73339.7599999991,95104.72399999911,True,395.6052533513858,52.96721639040002
lamf-test-fe21cf99-74f2-4c6e-92c0-836166b37c9b,"{<resource_manager.instance.OnPremInstance object at 0x1531238c0>: [(3, 73369.7599999991, None)]}",306.6266107573227,145853.8028155017,73369.7599999991,18044.741917901003,3,40.59739447866748,73369.7599999991,82266.67899999909,True,51.42316551786746,10.825771039199976
lamf-test-6557112d-0dd1-4a4f-956a-4810ab29fb87,"{<resource_manager.instance.OnPremInstance object at 0x1531238c0>: [(5, 73399.7599999991, None)]}",284.1643475390076,145922.95906865186,73399.7599999991,18635.397923810004,3,177.8931401627501,73399.7599999991,96790.92899999912,True,225.3304308947501,47.437290732000015
lamf-test-ecb2683b-9e41-48ec-91a2-6a6d38c45b39,"{<resource_manager.instance.OnPremInstance object at 0x1531238c0>: [(2, 73429.7599999991, None)]}",329.9077900544537,145956.3359461083,73429.7599999991,17997.773968812002,3,85.90061905848351,73429.7599999991,101667.4409999991,True,108.80702588568352,22.906406827199998
lamf-test-4b6ef0de-0d6b-4c17-a583-0b04e2222603,"{<resource_manager.instance.OnPremInstance object at 0x1531238c0>: [(6, 74420.1599999991, None)]}",304.5800255914627,145972.42932647598,74420.1599999991,18014.962227957003,2,51.498367738814586,74420.1599999991,86335.97599999911,True,80.4966975564146,28.998329817600016
lamf-test-56573715-8535-4ef6-86b5-dcb681b21f75,"{<resource_manager.instance.OnPremInstance object at 0x1531238c0>: [(2, 74450.1599999991, None)]}",309.32301155717374,146014.3575835249,74450.1599999991,17990.687875189004,2,101.32980494305667,74450.1599999991,111724.7349999991,True,131.56694018305666,30.237135239999997
lamf-test-2b8a61cc-a82b-4153-b888-886b130ebdcb,"{<resource_manager.instance.OnPremInstance object at 0x1531238c0>: [(6, 74720.3599999991, None)]}",288.0380279745152,146021.74240993735,74720.3599999991,17996.542961976003,1,258.4217186858316,74720.3599999991,91135.7569999991,True,298.3702288250316,39.948510139199996
lamf-test-9dd25f94-b2d8-4857-adb4-87c377066854,"{<resource_manager.instance.OnPremInstance object at 0x1531238c0>: [(3, 74840.95999999909, None)]}",304.2337725718405,146097.0772621197,74840.95999999909,18034.948626110003,2,49.76503929516759,74840.95999999909,90268.23899999908,True,68.53695238236759,18.771913087199994
lamf-test-05011c3e-5178-4e8c-a944-565636c84b62,"{<resource_manager.instance.OnPremInstance object at 0x1531238c0>: [(2, 74870.95999999909, None)]}",311.6110618417853,146709.93016479808,74870.95999999909,19221.929338727008,2,51.47814493325559,74870.95999999909,93807.40199999909,True,66.83938668365559,15.361241750399996
lamf-test-5704a2cc-027b-4370-a7eb-9804c4d8380a,"{<resource_manager.instance.OnPremInstance object at 0x1531238c0>: [(5, 74901.15999999909, None)]}",328.518781280289,146736.90909064957,74901.15999999909,19237.84276047001,3,252.94853601034305,74901.15999999909,108161.3629999991,True,320.4002276943431,67.45169168400001
lamf-test-64767f79-cec9-4cb3-b8c5-46b3e86d20f8,"{<resource_manager.instance.OnPremInstance object at 0x1531238c0>: [(4, 75682.55999999907, None)]}",283.87618715962776,146794.46099665575,75682.55999999907,19231.904155767006,2,99.1445158549678,75682.55999999907,102903.90199999906,True,143.3084211157678,44.163905260799986
lamf-test-4f40bb80-4246-4e5c-807f-5b2f111e8553,"{<resource_manager.instance.OnPremInstance object at 0x1531238c0>: [(4, 76103.35999999905, None)]}",300.28901978300945,146798.03597360814,76103.35999999905,19232.904155767006,3,112.0160194691611,76103.35999999905,94514.59299999905,True,141.8864038883611,29.870384419199986
lamf-test-e42daae1-319e-4d66-892f-ff458cefa185,"{<resource_manager.instance.OnPremInstance object at 0x1531238c0>: [(5, 76283.55999999905, None)]}",331.8539601540227,146902.54276651092,76283.55999999905,19225.003567155007,3,150.82452657996808,76283.55999999905,96115.47699999905,True,191.04365425596808,40.219127676
lamf-test-902ad2da-a958-4f6f-a105-0cf09133c223,"{<resource_manager.instance.CloudReservedInstance object at 0x153152520>: [(1, 76343.55999999905, None)], <resource_manager.instance.CloudOnDemandInstance object at 0x153152780>: [(3, 76343.55999999905, None)]}",319.6161610919672,146916.91036437888,76343.55999999905,19254.86343691501,3,375.78618339847816,76343.55999999905,146932.3103643789,False,,
lamf-test-1945932c-936e-4e58-b59b-8fc5fe0a5a90,"{<resource_manager.instance.OnPremInstance object at 0x1531238c0>: [(4, 76403.55999999905, None)]}",307.9539703217035,146957.58812697642,76403.55999999905,19219.36324876101,1,89.50222579663843,76403.55999999905,84870.21299999904,True,103.23852362383842,13.736297827199985
lamf-test-fb5bb86a-097c-4cce-b52f-faf7de14091c,"{<resource_manager.instance.OnPremInstance object at 0x1531238c0>: [(5, 76583.75999999905, None)]}",310.7135837098068,147006.00198186224,76583.75999999905,19209.200250968006,2,31.93092449259898,76583.75999999905,84562.90399999903,True,48.11262852459895,16.18170403199997
lamf-test-ab19fe1e-973b-44c8-a2b5-9c88f8dd630c,"{<resource_manager.instance.OnPremInstance object at 0x1531238c0>: [(5, 77784.75999999903, None)]}",310.22675767562004,147015.87332108256,77784.75999999903,19200.761195824005,3,173.99128450832765,77784.75999999903,100662.87399999904,True,220.38809970032764,46.396815192
lamf-test-b4f2a445-161d-42de-8bf2-99cedcdf1a1d,"{<resource_manager.instance.OnPremInstance object at 0x1531238c0>: [(2, 77814.75999999903, None)]}",317.30210148260704,147017.89238911052,77814.75999999903,19246.63316002801,2,22.85963939398944,77814.75999999903,86223.76999999904,True,29.681028305989447,6.821388912000008
lamf-test-ffa00229-4854-4a3b-9050-ac62a552280b,"{<resource_manager.instance.CloudReservedInstance object at 0x1533204d0>: [(2, 77844.95999999903, None)]}",328.09484391630104,147053.85274121142,77844.95999999903,19212.230321165007,3,136.51969278825356,77844.95999999903,122722.39601181769,True,234.56791498687497,98.0482221986214
lamf-test-38119ffa-10d5-4f96-9e4f-d7aa2d684f4c,"{<resource_manager.instance.OnPremInstance object at 0x1531238c0>: [(5, 79287.359999999, None)]}",315.0920376046709,147057.4493187382,79287.359999999,19201.761195824005,2,85.54839005769513,79287.359999999,100664.846999999,True,128.90193369369513,43.35354363600001
lamf-test-4bdc3b38-4b50-41c5-90d1-8319dfa6ef3f,"{<resource_manager.instance.OnPremInstance object at 0x1531238c0>: [(5, 79317.359999999, None)]}",321.16833722466623,147081.02057899794,79317.359999999,19238.84276047001,2,59.60586451436764,79317.359999999,94212.129999999,True,89.81245807436764,30.206593560000005
lamf-test-10d63afb-c09f-4af6-a622-71a25fae2fdf,"{<resource_manager.instance.OnPremInstance object at 0x1531238c0>: [(4, 80008.55999999898, None)]}",310.7244065884292,147160.90239224324,80008.55999999898,19810.06553534301,2,95.70482967309039,80008.55999999898,106285.49399999896,True,138.33652739469034,42.63169772159996
lamf-test-068fc1f2-6deb-41a2-ae15-564e581e4490,"{<resource_manager.instance.OnPremInstance object at 0x1531238c0>: [(3, 80279.15999999897, None)]}",318.6864958169501,147196.16919153923,80279.15999999897,19833.62980817201,1,107.15719940679885,80279.15999999897,93698.30299999895,True,123.48561260919882,16.32841320239998
lamf-test-8af4e2ac-cf32-4cee-877b-e9f4b759f7f3,"{<resource_manager.instance.OnPremInstance object at 0x1531238c0>: [(4, 80309.15999999897, None)]}",289.77114078776196,147198.59173013014,80309.15999999897,19823.82889912601,3,17.29976728268312,80309.15999999897,83152.59299999897,True,21.912952981883127,4.613185699200007
lamf-test-f3dda1e4-5862-4683-8e1d-465d2dca42c3,"{<resource_manager.instance.OnPremInstance object at 0x1531238c0>: [(4, 80339.35999999897, None)]}",305.16980399325007,147409.24112018797,80339.35999999897,19840.11781901501,1,364.3411148376301,80339.35999999897,114804.98099999895,True,420.25813834803006,55.91702351039997
lamf-test-b284ea68-a93a-41ac-9d3b-a2d0c0674e21,"{<resource_manager.instance.OnPremInstance object at 0x1531238c0>: [(2, 80369.55999999896, None)]}",312.0323931368153,147425.31087175693,80369.55999999896,19803.49845730301,1,81.17320009126158,80369.55999999896,95402.60799999895,True,93.36800862886156,12.194808537599984
lamf-test-bc23b10d-c69c-4408-9782-8739fbb3209f,"{<resource_manager.instance.OnPremInstance object at 0x1531238c0>: [(3, 80399.55999999896, None)]}",310.0193593332558,147460.98114236945,80399.55999999896,19818.443537173007,1,175.0449657768651,80399.55999999896,102320.19099999896,True,201.7179895776651,26.673023800799996
lamf-test-274e2f12-b4e9-499b-9b88-36da25e54e24,"{<resource_manager.instance.OnPremInstance object at 0x1531238c0>: [(5, 81390.15999999896, None)]}",331.60036141298406,147552.31877853273,81390.15999999896,19805.32339953701,1,235.06330595482524,81390.15999999896,99256.32999999894,True,271.2958987148252,36.23259275999997
lamf-test-88d97e0c-88fe-4c62-bc84-030e5f7776f1,"{<resource_manager.instance.OnPremInstance object at 0x1531238c0>: [(3, 81750.35999999895, None)]}",304.4592028444548,147614.78198905408,81750.35999999895,20430.01289010901,1,119.05725530458587,81750.35999999895,96659.72999999895,True,137.19897672058585,18.141721415999996
lamf-test-5168b562-8a76-449b-98c0-cc2731c9ca3c,"{<resource_manager.instance.OnPremInstance object at 0x1531238c0>: [(2, 81780.35999999895, None)]}",309.5107801118846,147643.49884134321,81780.35999999895,19816.443537173007,1,95.01124534185102,81780.35999999895,99376.17499999894,True,109.28497046985102,14.27372512799999
lamf-test-9bda5a96-e4e1-4b91-bbbb-1dacf1ed28b2,"{<resource_manager.instance.OnPremInstance object at 0x1531238c0>: [(6, 81840.55999999895, None)]}",334.4551264679061,147643.67295203364,81840.55999999895,19848.09104087501,3,308.332721879991,81840.55999999895,115626.11799999897,True,390.55325582879107,82.22053394880005
lamf-test-72ac3048-5fdb-4c21-afcd-eed6fe82e6d1,"{<resource_manager.instance.OnPremInstance object at 0x1531238c0>: [(3, 81870.55999999895, None)]}",305.99164294117367,147685.85941875703,81870.55999999895,19855.56683196101,1,27.86554985169982,81870.55999999895,85360.12299999896,True,32.11165011009983,4.246100258400012
lamf-test-f483d0b8-ba08-4711-99f9-47af2ee222a5,"{<resource_manager.instance.OnPremInstance object at 0x1531238c0>: [(3, 81900.55999999895, None)]}",312.7927875459608,147776.5844809655,81900.55999999895,19809.06553534301,2,167.22659178112227,81900.55999999895,133741.19599999895,True,230.30627766592227,63.0796858848
lamf-test-9f4c8a2a-2fe4-4712-9592-1f90f46792d9,"{<resource_manager.instance.CloudReservedInstance object at 0x153315090>: [(1, 82741.95999999893, None)], <resource_manager.instance.CloudReservedInstance object at 0x153123e00>: [(1, 82741.95999999893, None)], <resource_manager.instance.CloudOnDemandInstance object at 0x153152780>: [(1, 82741.95999999893, None)], <resource_manager.instance.CloudOnDemandInstance object at 0x1533151d0>: [(1, 82741.95999999893, None)], <resource_manager.instance.CloudOnDemandInstance object at 0x153123cb0>: [(1, 82741.95999999893, None)]}",322.9477688777042,147874.46982584402,82741.95999999893,20444.965506534012,1,579.687082639279,82741.95999999893,147889.86982584404,False,,
lamf-test-fd42a6f7-5546-4968-b0ee-4f887fda9461,"{<resource_manager.instance.OnPremInstance object at 0x1531238c0>: [(5, 83162.55999999892, None)]}",313.44017426263486,147969.32280750846,83162.55999999892,20405.43912204401,1,418.58100600806125,83162.55999999892,114977.1359999989,True,483.10096613606123,64.51996012799997
lamf-test-a7dc0f00-a53e-4f14-ba21-5c93f2b6c280,"{<resource_manager.instance.OnPremInstance object at 0x1531238c0>: [(4, 83192.55999999892, None)]}",278.74097160023985,148049.4001551147,83192.55999999892,20429.01289010901,2,95.96103021892638,83192.55999999892,109539.83699999892,True,138.7068524237264,42.7458222048
lamf-test-d2030552-fada-4868-9884-3081a3d5e562,"{<resource_manager.instance.OnPremInstance object at 0x1531238c0>: [(4, 83642.95999999892, None)]}",335.70235460840024,148052.71608506038,83642.95999999892,20419.31661862201,3,119.28157578523083,83642.95999999892,103248.37799999892,True,151.08940594843085,31.80783016320001
lamf-test-292ff255-562b-496c-972f-f8340f6cddab,"{<resource_manager.instance.OnPremInstance object at 0x1531238c0>: [(2, 83914.1599999989, None)]}",321.5271161172489,148198.24457734296,83914.1599999989,20453.718191715012,1,174.44695680279855,83914.1599999989,116221.24499999887,True,200.65446415479855,26.207507351999983
lamf-test-ea317cde-8e65-4009-bbcb-6720d6ab3fc4,"{<resource_manager.instance.OnPremInstance object at 0x1531238c0>: [(5, 84394.95999999889, None)]}",322.00845242777757,148249.01066100234,84394.95999999889,20418.11334401101,2,37.00834608473252,84394.95999999889,93642.88899999889,True,55.76314609673253,18.754800012000008
lamf-test-a13d6194-2358-4887-a070-b00cd35c865e,"{<resource_manager.instance.OnPremInstance object at 0x1531238c0>: [(3, 84424.95999999889, None)]}",302.61921821621866,148325.6030624837,84424.95999999889,20422.84392335101,2,39.10652968160327,84424.95999999889,96548.07599999888,True,53.857937230403266,14.751407548799994
lamf-test-7bd8b2d3-250f-4731-829c-d7a0653ffcb3,"{<resource_manager.instance.OnPremInstance object at 0x1531238c0>: [(4, 84544.95999999889, None)]}",301.8009690341694,148352.17437238002,84544.95999999889,20427.01289010901,3,36.447535173777425,84544.95999999889,90535.56799999888,True,46.166697592977414,9.719162419199987
lamf-test-1e1b6610-69b2-4869-80ff-74a807042404,"{<resource_manager.instance.OnPremInstance object at 0x1531238c0>: [(5, 84604.95999999889, None)]}",310.82543279392,148361.52332032667,84604.95999999889,20406.43912204401,3,75.68849342155296,84604.95999999889,94557.23999999888,True,95.87171726155296,20.183223839999997
lamf-test-8b57f8ca-98cc-4c1b-8aa2-5b91c1f45b09,"{<resource_manager.instance.OnPremInstance object at 0x1531238c0>: [(2, 84905.15999999888, None)]}",306.9047417051023,148397.10235977508,84905.15999999888,20420.538522873012,2,57.97704107192632,84905.15999999888,106232.24699999887,True,75.27757404632631,17.30053297439999
lamf-test-9953a2a0-1d7c-4068-bf98-538acafc2ac3,"{<resource_manager.instance.OnPremInstance object at 0x1531238c0>: [(6, 85325.35999999888, None)]}",299.47595690366575,148417.92267309726,85325.35999999888,21021.776064044006,2,104.14029695119422,85325.35999999888,109421.59199999888,True,162.78088714639424,58.64059019520001
lamf-test-aa0c06ad-8e28-471d-8a21-4c2106849993,"{<resource_manager.instance.OnPremInstance object at 0x1531238c0>: [(4, 85355.35999999888, None)]}",297.7430444733612,148449.20970698324,85355.35999999888,20412.93300768001,1,328.4011420640351,85355.35999999888,116421.16299999887,True,378.8023008512351,50.401158787199975
lamf-test-8c42c6bf-e604-4e96-bc18-75bc6db194f5,"{<resource_manager.instance.OnPremInstance object at 0x1531238c0>: [(2, 85385.35999999888, None)]}",304.5244415439068,148464.02073211767,85385.35999999888,21012.82004599401,2,16.23825716335596,85385.35999999888,91358.66799999887,True,21.08380461295595,4.845547449599992
lamf-test-72359355-373b-4aa6-9d80-111deeae4206,"{<resource_manager.instance.OnPremInstance object at 0x1531238c0>: [(4, 86287.35999999885, None)]}",293.68085416171726,148521.82703425435,86287.35999999885,21059.135074069014,3,307.9791193246636,86287.35999999885,136907.57799999887,True,390.1053610078636,82.12624168320004
lamf-test-aa966776-8b52-45e3-81e8-3d502aee1701,"{<resource_manager.instance.OnPremInstance object at 0x1531238c0>: [(3, 86347.35999999885, None)]}",277.6854198628887,148569.70647524437,86347.35999999885,21060.135074069014,1,96.7182078485056,86347.35999999885,98459.24299999885,True,111.4559470829056,14.737739234400003
lamf-test-096a164d-3416-42b7-999a-d92269a9a7ca,"{<resource_manager.instance.CloudReservedInstance object at 0x153315310>: [(1, 88720.9599999988, None)], <resource_manager.instance.CloudOnDemandInstance object at 0x1533156d0>: [(2, 88720.9599999988, None)], <resource_manager.instance.CloudOnDemandInstance object at 0x1533151d0>: [(1, 88720.9599999988, None)], <resource_manager.instance.CloudOnDemandInstance object at 0x1531523f0>: [(1, 88720.9599999988, None)], <resource_manager.instance.CloudOnDemandInstance object at 0x153123cb0>: [(1, 88720.9599999988, None)]}",310.89137174012484,148609.72652725675,88720.9599999988,20434.68832296001,3,318.90574620944983,88720.9599999988,148625.12652725674,False,,
lamf-test-6a7cd0bb-34c7-4263-9cc7-17fa07eb0a15,"{<resource_manager.instance.OnPremInstance object at 0x1531238c0>: [(4, 88750.9599999988, None)]}",298.21973828332,148636.46112628072,88750.9599999988,21043.708390495012,1,126.43953334854353,88750.9599999988,100711.77599999879,True,145.84476122694352,19.405227878399987
lamf-test-9805f54e-1cae-487c-b904-2cb93c2a7afb,"{<resource_manager.instance.OnPremInstance object at 0x1531238c0>: [(3, 89171.1599999988, None)]}",328.01417674151406,148678.6038793101,89171.1599999988,21033.46443770601,3,34.0234314396532,89171.1599999988,96627.3949999988,True,43.0961781876532,9.072746748000002
lamf-test-e0a17229-9bf9-416c-a5a2-49e15e4b17e7,"{<resource_manager.instance.OnPremInstance object at 0x1531238c0>: [(2, 89201.1599999988, None)]}",300.8789137634496,148685.87792759598,89201.1599999988,20458.048857352012,3,60.54957791467032,89201.1599999988,109105.3199999988,True,76.69583250667033,16.146254592000002
lamf-test-47c1fe4b-c260-4538-9b53-fe9eeae00c5f,"{<resource_manager.instance.CloudOnDemandInstance object at 0x153123cb0>: [(2, 89231.3599999988, None)]}",307.40827687661385,148722.92748364055,89231.3599999988,21040.497373170012,3,120.68236871476519,89631.89599999879,148738.32748364058,False,,
lamf-test-8f5d07e8-2d0c-4ca5-874d-d1e790990809,"{<resource_manager.instance.OnPremInstance object at 0x1531238c0>: [(6, 89663.09599999877, None)]}",302.97405507839164,148823.0997930149,89663.09599999877,21005.30444176001,1,385.602493497604,89663.09599999877,114157.23699999874,True,445.2114350352039,59.60894153759994
lamf-test-9293cd6c-713f-41c3-8b50-410b94532b8e,"{<resource_manager.instance.OnPremInstance object at 0x1531238c0>: [(4, 89813.49599999876, None)]}",276.94819521132933,148839.899499355,89813.49599999876,21048.626041366013,2,137.5272204973642,89813.49599999876,127573.27999999876,True,198.7886940589642,61.2614735616
lamf-test-fd11e4ea-cdef-4f38-a062-f8e8f6529d33,"{<resource_manager.instance.OnPremInstance object at 0x1531238c0>: [(6, 90324.29599999875, None)]}",323.9849795842166,148953.34934070567,90324.29599999875,21011.82004599401,1,305.4332464065706,90324.29599999875,109725.94699999873,True,352.6491042801706,47.215857873599965
lamf-test-ca0b2ac7-3ce2-4e8c-a6e1-096d01ef9a8a,"{<resource_manager.instance.OnPremInstance object at 0x1531238c0>: [(6, 91164.89599999874, None)]}",322.6901850057595,149009.3273200569,91164.89599999874,21039.497373170012,1,226.6455263518139,91164.89599999874,105561.81399999875,True,261.6818659966139,35.036339644800016
lamf-test-2ef3ba74-0be9-4758-9e8b-663933377574,"{<resource_manager.instance.OnPremInstance object at 0x1531238c0>: [(4, 91255.29599999874, None)]}",315.97195408362086,149020.6452573475,91255.29599999874,21052.578213652014,3,80.20558217354919,91255.29599999874,104438.08599999872,True,101.59334066954915,21.387758495999964
lamf-test-f6c3e1ca-41d1-4659-a1c2-f6d7cca0c5e7,"{<resource_manager.instance.CloudOnDemandInstance object at 0x1531523f0>: [(1, 91315.69599999873, None)], <resource_manager.instance.CloudOnDemandInstance object at 0x153123cb0>: [(1, 91315.69599999873, None)]}",330.89870791023526,149203.81277795514,91315.69599999873,21609.866628857013,2,192.6826653870845,91716.23199999872,142849.31210864236,True,350.34461050986886,157.66194512278435
lamf-test-692078cb-d4fe-44db-acc1-5eececdc7c24,"{<resource_manager.instance.OnPremInstance object at 0x1531238c0>: [(3, 93308.43199999869, None)]}",293.9568407519619,149383.6014396716,93308.43199999869,21638.940475045518,2,67.4597407901411,93308.43199999869,114221.10999999869,True,92.9062873805411,25.4465465904
lamf-test-dc701733-214d-4503-9e86-a7c5623aa494,"{<resource_manager.instance.OnPremInstance object at 0x1531238c0>: [(2, 93338.43199999869, None)]}",290.04127710324553,149415.16159830426,93338.43199999869,21616.517293114513,2,41.877969560266884,93338.43199999869,108743.4109999987,True,54.37448852506689,12.496518964800005
lamf-test-5ccd4315-8d5b-4044-a8be-038248a6e5e8,"{<resource_manager.instance.OnPremInstance object at 0x1531238c0>: [(6, 94270.23199999866, None)]}",316.3732896893923,149444.1735505229,94270.23199999866,21650.194147976516,1,297.12256399726215,94270.23199999866,113143.97399999866,True,343.05370252846217,45.9311385312
lamf-test-cb995d16-8bd4-4a69-981f-1cf758860367,"{<resource_manager.instance.OnPremInstance object at 0x1531238c0>: [(5, 94481.23199999865, None)]}",320.1908267325743,149560.41294487574,94481.23199999865,21621.443799709516,3,68.08017339721658,94481.23199999865,103433.09399999866,True,86.2345495332166,18.154376136000014
lamf-test-2744811c-a0e4-4a9d-a448-520fba53466a,"{<resource_manager.instance.OnPremInstance object at 0x1531238c0>: [(2, 94571.43199999865, None)]}",316.8459168651483,149584.11063864792,94571.43199999865,21613.502963705512,2,11.509231635614986,94571.43199999865,98805.14899999865,True,14.943622866014989,3.4343912304000033
lamf-test-c609bf72-d17c-450a-8e65-16fe23e38281,"{<resource_manager.instance.OnPremInstance object at 0x1531238c0>: [(2, 94631.63199999864, None)]}",326.56864801291823,149651.44384686628,94631.63199999864,21646.748279248517,3,79.07930945319028,94631.63199999864,120626.97799999862,True,100.16673412839026,21.08742467519998
lamf-test-0111158b-0edf-40ea-8c3c-c453441d9f4b,"{<resource_manager.instance.OnPremInstance object at 0x1531238c0>: [(2, 94661.63199999864, None)]}",288.9103792556111,149798.5114623226,94661.63199999864,21620.400780208514,3,89.25839531523313,94661.63199999864,124003.09799999866,True,113.06019253443314,23.80179721920001
lamf-test-aa81efdb-fc5d-4cd5-94a6-0293c55ec5bf,"{<resource_manager.instance.OnPremInstance object at 0x1531238c0>: [(3, 95172.23199999864, None)]}",315.17534780850235,149818.88019697403,95172.23199999864,22208.184467475516,1,95.21199406798999,95172.23199999864,107095.49399999864,True,109.72021926958999,14.508225201600004
lamf-test-9997ef6b-f372-462c-b591-ebc6c42f345e,"{<resource_manager.instance.OnPremInstance object at 0x1531238c0>: [(6, 95472.23199999864, None)]}",309.99816308035867,149837.7051809593,95472.23199999864,22225.290511731517,3,230.99665982203956,95472.23199999864,120783.69099999862,True,292.59462644443954,61.59796662239997
lamf-test-d878f6cc-ec52-4963-a36e-567d3077f66a,"{<resource_manager.instance.OnPremInstance object at 0x1531238c0>: [(6, 95502.43199999863, None)]}",318.40559881515793,149843.6420540062,95502.43199999863,22252.59033147452,2,64.19821863988562,95502.43199999863,110356.76999999864,True,100.34773559668564,36.149516956800014
lamf-test-b6e7251f-5c74-4bdc-b21f-2dc66654db99,"{<resource_manager.instance.OnPremInstance object at 0x1531238c0>: [(3, 95952.83199999863, None)]}",320.3340679876566,149921.23232620576,95952.83199999863,22227.63174636652,3,73.32217659137574,95952.83199999863,112021.38699999862,True,92.87439431537572,19.55221772399999
lamf-test-e95a3924-2808-4cd5-8af6-82985caaa091,"{<resource_manager.instance.OnPremInstance object at 0x1531238c0>: [(4, 96133.43199999862, None)]}",315.57124577879193,149922.08815495242,96133.43199999862,22263.27569323952,1,214.5074026161685,96133.43199999862,116425.21499999861,True,247.42879135536847,32.92138873919999
lamf-test-df1d19ca-065c-450e-a725-063e1023eff0,"{<resource_manager.instance.OnPremInstance object at 0x1531238c0>: [(5, 97935.43199999859, None)]}",308.41567960151576,149980.59657086304,97935.43199999859,22249.172868106518,2,101.55306992684073,97935.43199999859,123312.29099999857,True,153.0173399788407,51.46427005199996
lamf-test-468c807d-fae3-4ffc-8fac-cef2c72bf30d,"{<resource_manager.instance.OnPremInstance object at 0x1531238c0>: [(6, 98506.23199999858, None)]}",313.1968318342145,150098.15303594855,98506.23199999858,22210.478067099517,2,21.54524271504873,98506.23199999858,103491.42199999858,True,33.67720109904874,12.131958384000006
lamf-test-a0b5829d-4134-40de-ab3a-fd1ed034a5b9,"{<resource_manager.instance.OnPremInstance object at 0x1531238c0>: [(3, 98536.23199999858, None)]}",283.38611537295816,150175.42841232975,98536.23199999858,22872.812742004015,1,89.47113963039021,98536.23199999858,109740.57499999859,True,103.10458419279023,13.63344456240001
lamf-test-8433fa81-6093-4f66-8fcd-c8019d82fc62,"{<resource_manager.instance.OnPremInstance object at 0x1531238c0>: [(2, 98716.63199999857, None)]}",289.2015979209701,150221.58409674425,98716.63199999857,22265.54597962652,1,120.7102863335615,98716.63199999857,121071.83699999857,True,138.8448286295615,18.134542296
lamf-test-b7f32954-df1d-496f-a3cc-c6c4fa4f08d9,"{<resource_manager.instance.OnPremInstance object at 0x1531238c0>: [(5, 100249.63199999853, None)]}",304.69312328634965,150258.47836675003,100249.63199999853,22827.16557654452,1,398.83741554490825,100249.63199999853,130563.58099999852,True,460.31410411690825,61.47668857199998
lamf-test-3f74eedf-69e6-447f-8faf-d6b3b1a74541,"{<resource_manager.instance.OnPremInstance object at 0x1531238c0>: [(2, 100700.23199999852, None)]}",300.3151945622659,150258.67979256314,100700.23199999852,22241.44325337152,3,72.62463153091491,100700.23199999852,124573.76399999853,True,91.99084068931492,19.366209158400004
lamf-test-ffd1b71e-c754-457f-beb0-15002780a4cd,"{<resource_manager.instance.OnPremInstance object at 0x1531238c0>: [(2, 100760.23199999852, None)]}",333.17802435465063,150392.7002437802,100760.23199999852,22851.396264290517,3,45.67753593429153,100760.23199999852,115775.5799999985,True,57.857986231891516,12.180450297599986
lamf-test-a7d1927a-cf2d-4926-967f-138bb5393300,"{<resource_manager.instance.OnPremInstance object at 0x1531238c0>: [(6, 100820.43199999852, None)]}",312.0843911485237,150398.28927817024,100820.43199999852,22833.16708647152,2,21.54524271504873,100820.43199999852,105805.62199999852,True,33.67720109904874,12.131958384000006
lamf-test-a9c2f748-704b-4cdc-85cd-14af26c3a0f5,"{<resource_manager.instance.OnPremInstance object at 0x1531238c0>: [(4, 102322.0319999985, None)]}",318.66785267265954,150402.40938817553,102322.0319999985,22828.16557654452,2,79.77335731926605,102322.0319999985,124224.78499999849,True,115.30838378646604,35.53502646719999
lamf-test-fd3332ce-df25-4a32-8132-74451e729842,"{<resource_manager.instance.OnPremInstance object at 0x1531238c0>: [(5, 102382.23199999849, None)]}",314.3128283614734,150432.62441567972,102382.23199999849,22844.10272407852,1,258.57633340938474,102382.23199999849,122035.52799999849,True,298.43321769738475,39.856884288
lamf-test-d13deae5-f303-4855-93f8-a16639da1c4e,"{<resource_manager.instance.OnPremInstance object at 0x1531238c0>: [(6, 102412.23199999849, None)]}",299.620254990436,150457.33916328067,102412.23199999849,22816.16729796402,2,68.84960955418796,102412.23199999849,118342.81999999848,True,107.61828851098794,38.768678956799974
lamf-test-790ebc9f-5e2e-4113-9df6-6e81d9cf4244,"{<resource_manager.instance.OnPremInstance object at 0x1531238c0>: [(3, 102442.23199999849, None)]}",301.00617936440153,150469.1410738638,102442.23199999849,22819.51962179052,1,27.94540383299106,102442.23199999849,105941.79499999848,True,32.203672091391056,4.258268258399994
lamf-test-301ed0a6-99cf-4eba-bab7-e5dbbca6ce7c,"{<resource_manager.instance.CloudReservedInstance object at 0x1533204d0>: [(1, 102742.43199999849, None)], <resource_manager.instance.CloudOnDemandInstance object at 0x1533151d0>: [(3, 102742.43199999849, None)]}",322.7128466056759,150492.71106062565,102742.43199999849,22842.10272407852,3,145.30589112670827,102742.43199999849,150508.11106062567,False,,
lamf-test-218a245a-408e-4403-969e-14eebe33638f,"{<resource_manager.instance.OnPremInstance object at 0x1531238c0>: [(2, 103283.03199999848, None)]}",310.9184525812873,150492.8254524204,103283.03199999848,22818.51962179052,3,103.67954064947908,103283.03199999848,137365.0889999985,True,131.3269052878791,27.647364638400013
lamf-test-ad16e952-0cca-41c7-9fd4-aa3d76092c2a,"{<resource_manager.instance.OnPremInstance object at 0x1531238c0>: [(2, 103313.03199999848, None)]}",295.4536471781582,150495.27920374705,103313.03199999848,22845.10272407852,1,217.15140763556187,103313.03199999848,143528.86099999852,True,249.7744881203619,32.623080484800035
lamf-test-f110d8f3-23dd-42e9-8429-8b28407ddd7e,"{<resource_manager.instance.OnPremInstance object at 0x1531238c0>: [(6, 103463.43199999847, None)]}",301.2291020786883,150499.7608794884,103463.43199999847,22825.17883156352,1,156.2816153319644,103463.43199999847,113390.71199999847,True,180.4406439399644,24.159028608
lamf-test-8293fc83-5d58-4550-955e-87592cc2b6b3,"{<resource_manager.instance.OnPremInstance object at 0x1531238c0>: [(6, 104244.63199999846, None)]}",333.7462784146,150612.64393043157,104244.63199999846,22824.17883156352,3,128.77407255304578,104244.63199999846,118355.05099999845,True,163.11318823144578,34.33911567839999
lamf-test-f16665ee-edca-44bc-8667-81b0b7135bf5,"{<resource_manager.instance.OnPremInstance object at 0x1531238c0>: [(3, 104484.83199999845, None)]}",311.6491108609515,150705.2989623515,104484.83199999845,22836.16708647152,2,60.82474264498178,104484.83199999845,123340.64499999845,True,83.76849590338178,22.943753258399994
lamf-test-392c05ba-10be-4e78-a3a0-52bfeef6fc2d,"{<resource_manager.instance.OnPremInstance object at 0x1531238c0>: [(3, 105266.03199999843, None)]}",321.5347583668584,150738.29444901878,105266.03199999843,22873.812742004015,1,108.74194957791457,105266.03199999843,118883.63099999842,True,125.31184404111455,16.569894463199986
lamf-test-f4699487-e2f2-4f73-9c8b-3bed156050c7,"{<resource_manager.instance.OnPremInstance object at 0x1531238c0>: [(3, 105296.03199999843, None)]}",295.77899706678875,150749.38189489333,105296.03199999843,22835.16708647152,2,20.6304050715115,105296.03199999843,111691.50599999844,True,28.412417834711505,7.782012763200003
lamf-test-d2d7cb5f-b6d4-4643-85b6-7c5def471a4e,"{<resource_manager.instance.OnPremInstance object at 0x1531238c0>: [(4, 105626.23199999843, None)]}",304.94728314192844,150834.51096336255,105626.23199999843,22834.16708647152,1,240.47061312647358,105626.23199999843,128374.05999999844,True,277.3766892736736,36.90607614720001
lamf-test-48b882cf-9036-46be-bc48-393458a804a5,"{<resource_manager.instance.OnPremInstance object at 0x1531238c0>: [(3, 105656.23199999843, None)]}",302.75177020472233,150840.46427291245,105656.23199999843,23453.635604100007,1,314.60640771161326,105656.23199999843,145053.94299999846,True,362.5455424564133,47.939134744800036
lamf-test-99025f0c-24c1-4390-aabb-11e1215ca402,"{<resource_manager.instance.OnPremInstance object at 0x1531238c0>: [(4, 105686.23199999843, None)]}",311.1930919467007,150886.8821803606,105686.23199999843,23467.521838583503,1,147.22067290288234,105686.23199999843,119612.88399999843,True,169.81527310768234,22.594600204800003
lamf-test-3db3ef42-5e5e-4b66-b377-23e8be44e0c4,"{<resource_manager.instance.OnPremInstance object at 0x1531238c0>: [(3, 106347.43199999841, None)]}",310.51400717904033,150914.8640163205,106347.43199999841,23420.094475919013,2,100.81124953413577,106347.43199999841,137599.15599999842,True,138.83834729733576,38.027097763200004
lamf-test-0c9d7093-d308-489f-9f7c-949564b43da8,"{<resource_manager.instance.OnPremInstance object at 0x1531238c0>: [(3, 107128.8319999984, None)]}",341.93839758920444,150940.9508646135,107128.8319999984,23424.79665711001,3,54.3963586584531,107128.8319999984,119049.7939999984,True,68.9017852200531,14.5054265616
lamf-test-8add939b-0d3e-460d-9871-cabe0ac805f6,"{<resource_manager.instance.OnPremInstance object at 0x1531238c0>: [(2, 108209.23199999839, None)]}",308.8827630823316,150957.24268153904,108209.23199999839,23433.60194172601,1,103.1349272187998,108209.23199999839,127309.52999999837,True,118.62908895639978,15.494161737599985
lamf-test-8d9e2b15-af68-4d53-96f3-d2ed88fe313d,"{<resource_manager.instance.OnPremInstance object at 0x1531238c0>: [(6, 108449.63199999838, None)]}",290.64783908667005,150977.35227419427,108449.63199999838,23423.272662693013,3,260.39935204198025,108449.63199999838,136982.89099999837,True,329.83789114438025,69.43853910239999
lamf-test-b3e3f869-98f2-4ec8-bbf6-0c042404572c,"{<resource_manager.instance.OnPremInstance object at 0x1531238c0>: [(4, 109381.03199999836, None)]}",313.64851936596733,151042.2742292754,109381.03199999836,23443.734668171008,2,47.08780500772118,109381.03199999836,122309.56599999836,True,68.06305856932119,20.9752535616
lamf-test-be918503-1360-4f36-b485-22f30f9e797e,"{<resource_manager.instance.OnPremInstance object at 0x1531238c0>: [(2, 109441.03199999836, None)]}",285.4277316494616,151107.29847490092,109441.03199999836,22856.178396583517,3,36.44753517377747,109441.03199999836,121422.24799999836,True,46.16669759297747,9.7191624192
lamf-test-8638fd62-6efe-4c20-99a4-4066fa449bb7,"{<resource_manager.instance.OnPremInstance object at 0x1531238c0>: [(2, 109561.03199999836, None)]}",298.8839218054394,151153.08396439409,109561.03199999836,23422.272662693013,3,55.709757395999695,109561.03199999836,127874.22199999836,True,70.5654171239997,14.855659728000001
lamf-test-ef516eeb-4aa2-4149-84fb-f2df08d8e508,"{<resource_manager.instance.OnPremInstance object at 0x1531238c0>: [(2, 109591.03199999836, None)]}",311.8946764585727,151166.5336376561,109591.03199999836,23441.45132211801,3,99.7642223743251,109591.03199999836,142386.02599999838,True,126.36752150712512,26.603299132800018
lamf-test-126e2855-07db-43fa-b439-d9b840b19bc8,"{<resource_manager.instance.OnPremInstance object at 0x1531238c0>: [(5, 109711.83199999835, None)]}",318.1127601463231,151199.48453108428,109711.83199999835,23445.734668171008,2,26.08578992066354,109711.83199999835,116230.34899999834,True,39.30534239666353,13.219552475999985
lamf-test-41abfa7b-4d2e-4f8d-8223-ac01154402e5,"{<resource_manager.instance.OnPremInstance object at 0x1531238c0>: [(5, 109741.83199999835, None)]}",281.0110578746165,151267.3212723864,109741.83199999835,23454.920491494006,1,183.29726945014832,109741.83199999835,123673.48399999835,True,211.55065970614834,28.253390256000003
lamf-test-82c4ab04-3ecb-433b-af0f-ca823445bb19,"{<resource_manager.instance.OnPremInstance object at 0x1531238c0>: [(2, 109802.03199999835, None)]}",315.22781690787207,151307.5720609876,109802.03199999835,23444.734668171008,2,87.8405133331619,109802.03199999835,142114.51699999833,True,114.05240116516188,26.211887831999988
lamf-test-5092ef74-6b46-43b7-99dd-8d0710db91b8,"{<resource_manager.instance.OnPremInstance object at 0x1531238c0>: [(2, 109832.23199999834, None)]}",322.80175063254035,151311.20544826068,109832.23199999834,23469.886391376003,2,32.39903793856063,109832.23199999834,121750.34799999835,True,42.06701363776064,9.667975699200007
lamf-test-66cd8497-ae77-462b-b793-0f387087c6da,"{<resource_manager.instance.OnPremInstance object at 0x1531238c0>: [(6, 111724.23199999832, None)]}",301.4980639885899,151346.56803948234,111724.23199999832,23450.881287614007,2,64.6439396598846,111724.23199999832,126681.70199999833,True,101.04443865188463,36.40049899200004
lamf-test-19bc22b3-fa83-4e8f-80ba-b5e9bf28dfd3,"{<resource_manager.instance.OnPremInstance object at 0x1531238c0>: [(3, 112084.8319999983, None)]}",295.4218339024769,151365.35765308648,112084.8319999983,23459.138685666003,3,122.33598904859684,112084.8319999983,138894.7639999983,True,154.95831430619685,32.622325257600004
lamf-test-149ce9f5-0d8c-4297-a44f-d357e4f39148,"{<resource_manager.instance.CloudReservedInstance object at 0x1533204d0>: [(1, 112925.83199999829, None)], <resource_manager.instance.CloudReservedInstance object at 0x1531522c0>: [(1, 112925.83199999829, None)]}",300.3994249069391,151488.26641644767,112925.83199999829,24049.98535862,2,156.55166411303057,112925.83199999829,151503.6664164477,False,,
lamf-test-cfddfdef-fe2e-45ad-8560-6fe3d62d6b0a,"{<resource_manager.instance.OnPremInstance object at 0x1531238c0>: [(2, 113076.23199999829, None)]}",315.13941756268656,151537.27917247443,113076.23199999829,23434.60194172601,3,28.753733363753884,113076.23199999829,122528.30299999828,True,36.421253358953884,7.667519995199997
lamf-test-69086cac-7446-4f6a-8081-52b2794b57e0,"{<resource_manager.instance.OnPremInstance object at 0x1531238c0>: [(5, 114247.83199999826, None)]}",305.46905892401105,151549.61904767097,114247.83199999826,24064.790741951503,1,175.69645281009977,114247.83199999826,127601.77799999827,True,202.7782552980998,27.08180248800002
lamf-test-bf71bbb6-9331-40ad-a925-11646e59f2d1,"{<resource_manager.instance.OnPremInstance object at 0x1531238c0>: [(3, 114368.03199999826, None)]}",282.21590282196104,151552.774756263,114368.03199999826,24070.438257422502,1,147.6250011407713,114368.03199999826,132854.89999999828,True,170.11982212317133,22.49482098240002
lamf-test-7ebc6423-600b-435f-a9e9-a2b0849ab334,"{<resource_manager.instance.CloudOnDemandInstance object at 0x1531523f0>: [(2, 114398.03199999826, None)]}",316.11199289564274,151571.61757757462,114398.03199999826,23480.701263009003,3,113.13099270690206,114798.56799999825,151587.01757757465,False,,
lamf-test-b5a60c8a-d1f9-478b-ae9a-509c17955932,"{<resource_manager.instance.CloudReservedInstance object at 0x153315310>: [(2, 114829.36799999824, None)]}",324.40240962171197,151653.4003437929,114829.36799999824,24043.221483295,3,56.033816022198906,114829.36799999824,151668.80034379291,False,,
lamf-test-40d5168b-a00e-400f-be31-0989d001eb8a,"{<resource_manager.instance.OnPremInstance object at 0x1531238c0>: [(5, 115039.36799999824, None)]}",309.100009518621,151714.2879771575,115039.36799999824,24052.868584578002,1,347.04613096052987,115039.36799999824,141416.8799999983,True,400.5397252965299,53.493594336000086
lamf-test-e78e1cc2-6e29-4c61-bc91-985e5bc2f3d3,"{<resource_manager.instance.OnPremInstance object at 0x1531238c0>: [(2, 115640.36799999823, None)]}",302.016014841831,151780.91003403405,115640.36799999823,24032.201574705003,2,59.41214572429831,115640.36799999823,137495.36399999826,True,77.14091847949834,17.728772755200023
lamf-test-5bc1a782-dd52-49ae-bc07-d0663fcf61e7,"{<resource_manager.instance.OnPremInstance object at 0x1531238c0>: [(2, 115700.36799999823, None)]}",301.43918655680113,151798.98891958426,115700.36799999823,24079.223607213502,3,79.28927827211203,115700.36799999823,141764.73599999826,True,100.43269359371206,21.143415321600024
lamf-test-1427c66a-6963-488b-ab08-8c64fb5d9b94,"{<resource_manager.instance.OnPremInstance object at 0x1531238c0>: [(2, 115730.36799999823, None)]}",298.2879652023477,151804.8548302123,115730.36799999823,24045.221483295,3,66.24766598220408,115730.36799999823,137507.63199999827,True,83.91338253900412,17.66571655680003
lamf-test-d45fbec7-9b0f-4259-abad-f034f5395e54,"{<resource_manager.instance.OnPremInstance object at 0x1531238c0>: [(6, 116481.16799999822, None)]}",280.99105703286153,151806.16329527984,116481.16799999822,24081.223607213502,3,144.97091489847142,116481.16799999822,132366.35599999822,True,183.62910841527145,38.658193516800026
lamf-test-24897bbd-5428-45bb-8605-42c32b3705e5,"{<resource_manager.instance.OnPremInstance object at 0x1531238c0>: [(4, 116541.16799999822, None)]}",286.04299928912167,151858.68617957126,116541.16799999822,24053.868584578002,1,174.74067495627057,116541.16799999822,133071.13299999823,True,201.5588901722706,26.818215216000016
lamf-test-c274bdfc-8db1-4605-b2d9-a7aecde8c778,"{<resource_manager.instance.OnPremInstance object at 0x1531238c0>: [(6, 117563.36799999818, None)]}",265.46601281858847,151924.7399882782,117563.36799999818,24038.945898216,1,180.57765982203975,117563.36799999818,129033.97499999819,True,208.49252901723975,27.914869195200012
lamf-test-40e901f4-82e9-4267-8389-b0ffba33f220,"{<resource_manager.instance.CloudReservedInstance object at 0x153315310>: [(1, 117593.36799999818, None)], <resource_manager.instance.CloudOnDemandInstance object at 0x1531523f0>: [(1, 117593.36799999818, None)]}",288.17880631872265,151951.88144063696,117593.36799999818,24035.920253232,3,78.42553830855299,117593.36799999818,151967.28144063696,False,,
lamf-test-02fe1a43-a736-43c9-9c85-be0376b7fc19,"{<resource_manager.instance.CloudReservedInstance object at 0x153123e00>: [(2, 118164.16799999817, None)], <resource_manager.instance.CloudOnDemandInstance object at 0x1531523f0>: [(3, 118164.16799999817, None)]}",308.8536180971014,151968.65823775154,118164.16799999817,24078.223607213502,1,394.38105583102765,118164.16799999817,151984.05823775154,False,,
lamf-test-f8986cb1-d053-4850-bf13-41d00a98cf1e,"{<resource_manager.instance.CloudReservedInstance object at 0x1531522c0>: [(2, 118224.16799999817, None)], <resource_manager.instance.CloudReservedInstance object at 0x153123e00>: [(2, 118224.16799999817, None)]}",287.57775868831527,152049.70544736375,118224.16799999817,24082.476686168502,1,307.12235673579454,118224.16799999817,152065.10544736378,False,,
lamf-test-b58f906b-2d05-4446-a3bc-51167f13e3e6,"{<resource_manager.instance.OnPremInstance object at 0x1531238c0>: [(6, 118494.56799999817, None)]}",316.2032012612325,152154.75635992317,118494.56799999817,24628.4415216745,3,158.7817932922657,118494.56799999817,135893.08299999818,True,201.12281939626573,42.341026104000036
lamf-test-1283a5be-14de-41ee-87aa-766aaeeafbd0,"{<resource_manager.instance.CloudOnDemandInstance object at 0x153152780>: [(2, 118524.56799999817, None)]}",301.49919325008074,152189.26036217934,118524.56799999817,24669.051414017507,1,181.86071623050157,118925.10399999816,152204.66036217936,False,,
lamf-test-f0315257-5d66-421d-9c01-8e16991d06a5,"{<resource_manager.instance.OnPremInstance object at 0x1531238c0>: [(2, 118955.30399999816, None)]}",305.3642818037283,152207.71940572275,118955.30399999816,24693.828396763503,2,40.60636999006181,118955.30399999816,133892.51999999819,True,52.72343960926183,12.117069619200024
lamf-test-e6e8ad32-a552-476d-b1c5-243e186072d9,"{<resource_manager.instance.OnPremInstance object at 0x1531238c0>: [(5, 118985.30399999816, None)]}",301.57276338943484,152214.77550706785,118985.30399999816,24699.871635106505,3,83.20327021066252,118985.30399999816,129925.70199999817,True,105.39039735466255,22.18712714400003
lamf-test-dc2541ca-2f35-4ff7-a081-304448699c5d,"{<resource_manager.instance.OnPremInstance object at 0x1531238c0>: [(4, 119856.30399999814, None)]}",302.5926540431739,152235.4249972614,119856.30399999814,24661.928013860506,2,69.56689618737119,119856.30399999814,138956.74799999816,True,100.55545653297122,30.98856034560003
lamf-test-9f0d95ee-6854-40c8-8565-0f4dd00f352a,"{<resource_manager.instance.OnPremInstance object at 0x1531238c0>: [(6, 120006.70399999814, None)]}",320.55973978326983,152235.98597110156,120006.70399999814,24630.4415216745,2,23.891613901941117,120006.70399999814,125534.80299999812,True,37.34479562834109,13.45318172639997
lamf-test-839b9375-daf1-448d-ba2a-4e7b8a8c32c7,"{<resource_manager.instance.OnPremInstance object at 0x1531238c0>: [(5, 120247.50399999812, None)]}",301.3962656663327,152247.0395791077,120247.50399999812,24657.958176818505,2,99.36067675219452,120247.50399999812,145076.5109999981,True,149.7139029481945,50.353226195999966
lamf-test-428a5c4f-d275-462f-92b2-ce62eba8c360,"{<resource_manager.instance.OnPremInstance object at 0x1531238c0>: [(3, 120277.50399999812, None)]}",317.27331098542436,152264.71729910816,120277.50399999812,24656.958176818505,2,13.932346113542543,120277.50399999812,124596.56399999812,True,19.18777832154254,5.2554322079999976
lamf-test-56deb4eb-b644-4e7e-85a7-0b42646d64fc,"{<resource_manager.instance.OnPremInstance object at 0x1531238c0>: [(6, 120727.70399999812, None)]}",306.28440469326864,152283.79135884627,120727.70399999812,24673.051414017507,1,359.9258193018483,120727.70399999812,143590.81799999814,True,415.56549353224835,55.63967423040004
lamf-test-2bdcc975-2bba-4e1b-b91b-cbf27bbd3d9e,"{<resource_manager.instance.OnPremInstance object at 0x1531238c0>: [(3, 120967.90399999812, None)]}",305.14777040330046,152308.43923876324,120967.90399999812,24633.7352005995,2,54.525090347593064,120967.90399999812,137870.80999999814,True,75.09254636839309,20.567456020800023
lamf-test-148cba0e-a0fd-4d8a-bdee-4b95ab96aac5,"{<resource_manager.instance.OnPremInstance object at 0x1531238c0>: [(2, 120997.90399999812, None)]}",312.0707447319161,152340.44413428553,120997.90399999812,24646.141572763503,2,82.3667766071008,120997.90399999812,151296.85299999814,True,106.94528403590081,24.578507428800016
lamf-test-83f17b85-900c-4e31-a217-dd0b4f586b8a,"{<resource_manager.instance.OnPremInstance object at 0x1531238c0>: [(5, 121087.90399999812, None)]}",288.7334571232547,152359.27296379238,121087.90399999812,24670.051414017507,2,65.80195679279406,121087.90399999812,137531.00099999813,True,99.14855750879408,33.34660071600002
lamf-test-7a3c0981-c912-40bd-abf1-e641ec485e3c,"{<resource_manager.instance.OnPremInstance object at 0x1531238c0>: [(4, 122349.3039999981, None)]}",284.5214240267859,152382.17002244628,122349.3039999981,24651.951077704503,1,138.21257646969354,122349.3039999981,135423.8159999981,True,159.42466473849356,21.212088268800002
lamf-test-f7210e1f-cff9-45ee-8bc0-a8175fe8ebd6,"{<resource_manager.instance.CloudReservedInstance object at 0x1533204d0>: [(2, 122770.50399999808, None)], <resource_manager.instance.CloudOnDemandInstance object at 0x153152780>: [(1, 122770.50399999808, None)], <resource_manager.instance.CloudOnDemandInstance object at 0x1533156d0>: [(1, 122770.50399999808, None)], <resource_manager.instance.CloudOnDemandInstance object at 0x153123cb0>: [(1, 122770.50399999808, None)]}",326.41616010620436,152386.49629234438,122770.50399999808,24647.141572763503,3,144.21132598433226,122770.50399999808,145525.3207044139,True,299.7860077924232,155.57468180809093
lamf-test-4074e8ae-38e4-47d8-96f0-2b516c5dbf1c,"{<resource_manager.instance.OnPremInstance object at 0x1531238c0>: [(5, 123431.10399999807, None)]}",310.48405344969365,152388.3872825054,123431.10399999807,24645.141572763503,2,43.76125657520644,123431.10399999807,134366.5019999981,True,65.93824371920647,22.17698714400003
lamf-test-abcbfaf9-4394-4781-ad4d-3fb7fa5ff51e,"{<resource_manager.instance.OnPremInstance object at 0x1531238c0>: [(2, 123461.30399999807, None)]}",309.876487988864,152391.19801078475,123461.30399999807,24671.051414017507,2,25.65439213361327,123461.30399999807,132898.37499999808,True,33.30974412881328,7.655351995200009
lamf-test-fcfa61f8-fb72-4399-968e-6a610b0ab0bf,"{<resource_manager.instance.OnPremInstance object at 0x1531238c0>: [(2, 123731.90399999806, None)]}",313.1978271806075,152408.17133688592,123731.90399999806,24637.621019022503,3,86.67296068142069,123731.90399999806,152223.47299999808,True,109.7853214542207,23.112360772800013
lamf-test-4ba33463-237c-4203-b07d-0e82e6721170,"{<resource_manager.instance.OnPremInstance object at 0x1531238c0>: [(3, 123852.50399999805, None)]}",300.31933938422,152462.30696298316,123852.50399999805,25242.461410582506,3,97.35269906456776,123852.50399999805,145187.34799999808,True,123.31293724376779,25.960238179200033
lamf-test-5fe98500-df89-4426-8e51-1b37ee4edaf5,"{<resource_manager.instance.OnPremInstance object at 0x1531238c0>: [(4, 124032.90399999805, None)]}",303.76251598622537,152465.6735367273,124032.90399999805,24659.090265182505,3,62.969089664613435,124032.90399999805,134382.66099999807,True,79.76053542141348,16.791445756800044
lamf-test-9ad89462-a613-4c9d-9a32-fabf39e2e806,"{<resource_manager.instance.OnPremInstance object at 0x1531238c0>: [(4, 124393.50399999804, None)]}",296.81691444265005,152586.10060710745,124393.50399999804,24684.982940266505,2,52.52674267758889,124393.50399999804,138815.36499999804,True,75.9247699639889,23.39802728640001
lamf-test-12a002f4-7e1c-496b-9a4e-a93d4e06b741,"{<resource_manager.instance.OnPremInstance object at 0x1531238c0>: [(4, 124423.70399999803, None)]}",314.11889639051043,152603.20223058702,124423.70399999803,24696.871635106505,3,135.1809202220702,124423.70399999803,146642.37799999805,True,171.22849691967022,36.04757669760002
lamf-test-9ffee495-f8cb-44fb-b137-e305b7d85839,"{<resource_manager.instance.OnPremInstance object at 0x1531238c0>: [(6, 124694.10399999803, None)]}",307.10562435897356,152615.7895591834,124694.10399999803,24675.457414189506,3,45.404426192105745,124694.10399999803,129669.29399999802,True,57.51204857610571,12.10762238399997
lamf-test-7ba8094d-b37b-4d4a-94ab-43b835082051,"{<resource_manager.instance.OnPremInstance object at 0x1531238c0>: [(5, 124724.10399999803, None)]}",332.19054549183284,152875.07611347717,124724.10399999803,24672.051414017507,1,254.8068964179786,124724.10399999803,144090.90099999803,True,294.0827607339786,39.27586431600001
lamf-test-d212c24c-f064-4abc-b718-e3f5047c2ba0,"{<resource_manager.instance.OnPremInstance object at 0x1531238c0>: [(2, 124814.30399999802, None)]}",293.3563284527143,153264.36183286397,124814.30399999802,25863.859949551505,1,31.696896798235645,124814.30399999802,130684.47999999803,True,36.45878356943565,4.761886771200006
lamf-test-0cd37ffc-60a0-45ac-a12c-e91d25ec64ae,"{<resource_manager.instance.CloudOnDemandInstance object at 0x1533151d0>: [(4, 126257.30399999798, None)]}",319.43122695892134,153509.02502120106,126257.30399999798,25894.147200748503,2,62.46737848227492,126657.83999999797,153524.42502120108,False,,
lamf-test-65c75674-6d61-48c2-8e2f-0deaa2e53c50,"{<resource_manager.instance.OnPremInstance object at 0x1531238c0>: [(5, 127408.83999999796, None)]}",310.9138494061531,153726.45790969668,127408.83999999796,25884.591017335504,3,52.17510837326036,127408.83999999796,134269.34499999796,True,66.08821251326037,13.913104140000009
lamf-test-41484c5d-dab9-4fc2-841b-978aca5bdeb2,"{<resource_manager.instance.OnPremInstance object at 0x1531238c0>: [(2, 127649.03999999796, None)]}",313.1753681024487,153730.97649428638,127649.03999999796,25858.032589414506,3,25.764249752832963,127649.03999999796,136118.39299999797,True,32.63458890643298,6.870339153600014
lamf-test-312a9c71-c247-4c60-8584-abd787ddbb55,"{<resource_manager.instance.OnPremInstance object at 0x1531238c0>: [(2, 127709.03999999796, None)]}",292.183210394434,153958.8028145407,127709.03999999796,26449.938295159503,2,41.802822900699546,127709.03999999796,143086.37599999795,True,54.27691786389954,12.474094963199997
lamf-test-645d6243-57db-44a7-8643-adaa04af4482,"{<resource_manager.instance.OnPremInstance object at 0x1531238c0>: [(2, 127739.03999999796, None)]}",322.6425482972228,154061.77753712577,127739.03999999796,26447.665059331503,2,45.90192189725381,127739.03999999796,144624.24599999795,True,59.5992010044538,13.697279107199993
lamf-test-9b31ccd0-de9d-4a37-a3f7-8fd2b636291f,"{<resource_manager.instance.OnPremInstance object at 0x1531238c0>: [(3, 127769.03999999796, None)]}",327.6403585971007,154107.66789856122,127769.03999999796,26446.665059331503,3,99.9568423454255,127769.03999999796,149674.58199999796,True,126.6115058510255,26.654663505600002
lamf-test-04b92d0c-09b8-4d57-b497-ad0e8c94db20,"{<resource_manager.instance.OnPremInstance object at 0x1531238c0>: [(4, 127799.03999999796, None)]}",288.85732232610275,154124.418103956,127799.03999999796,26460.9226304145,2,43.47269777343425,127799.03999999796,139735.00199999794,True,62.83760252223422,19.364904748799976
lamf-test-77e5d9c6-171e-477d-8afc-4f99278cdf05,"{<resource_manager.instance.OnPremInstance object at 0x1531238c0>: [(4, 127949.03999999796, None)]}",322.5604323889228,154175.55334629817,127949.03999999796,26496.812055176502,1,241.87797094836117,127949.03999999796,150829.99999999796,True,279.0000404523612,37.12206950400001
lamf-test-23584a84-c1ab-462f-856d-dbafc172fc72,"{<resource_manager.instance.OnPremInstance object at 0x1531238c0>: [(3, 127979.03999999796, None)]}",302.5519454321837,154183.0501765866,127979.03999999796,26487.441275623503,2,51.80982058574364,127979.03999999796,144040.20599999797,True,71.35304737454365,19.543226788800016
lamf-test-cde41d2e-d3b7-483c-acf5-fce25843f6ec,"{<resource_manager.instance.OnPremInstance object at 0x1531238c0>: [(6, 128219.63999999795, None)]}",306.0420948865999,154280.83282623097,128219.63999999795,26497.812055176502,3,63.73466575404995,128219.63999999795,135203.36599999797,True,80.73026134765001,16.99559559360006
lamf-test-45c4a9c4-2171-4eea-b952-821722a13bda,"{<resource_manager.instance.OnPremInstance object at 0x1531238c0>: [(2, 128249.63999999795, None)]}",298.1165366351332,154369.37362673128,128249.63999999795,26501.989327185503,1,62.521928283519706,128249.63999999795,139828.52499999796,True,71.91471979551972,9.392791512000008
lamf-test-c13983c3-88d3-4223-81f1-3d841bb80c73,"{<resource_manager.instance.CloudOnDemandInstance object at 0x153152780>: [(2, 128279.63999999795, None)]}",305.7706698908458,154408.04693919473,128279.63999999795,26442.665059331503,2,71.0711485675623,128680.17599999794,154423.44693919475,False,,
lamf-test-78bf4bff-956c-4436-83bb-3c669d0a9c53,"{<resource_manager.instance.OnPremInstance object at 0x1531238c0>: [(6, 129732.7759999979, None)]}",306.11726586615526,154474.6011879852,129732.7759999979,27091.535098016506,3,152.12723705224747,129732.7759999979,146402.11799999792,True,192.69374774344752,40.56651069120005
lamf-test-e33fe393-b630-4b60-808f-c6f040f082e2,"{<resource_manager.instance.OnPremInstance object at 0x1531238c0>: [(2, 129762.9759999979, None)]}",327.52562812519227,154525.25521856948,129762.9759999979,26441.665059331503,2,44.22222292825327,129762.9759999979,146030.2979999979,True,57.41827453465328,13.196051606400012
lamf-test-a7c97e24-903a-4dca-ba7e-7021d2a7a153,"{<resource_manager.instance.OnPremInstance object at 0x1531238c0>: [(5, 129792.9759999979, None)]}",272.31748586313887,154537.2649477672,129792.9759999979,27073.143242527505,2,28.832484176258294,129792.9759999979,136997.8579999979,True,43.44398487225832,14.611500696000023
lamf-test-d2f5cd50-cfbe-4991-819e-7c0f2710b47f,"{<resource_manager.instance.OnPremInstance object at 0x1531238c0>: [(5, 132466.97599999805, None)]}",311.4299673200502,154658.28538817822,132466.97599999805,27059.434172959503,3,64.19996197429478,132466.97599999805,140908.62899999807,True,81.31963425829483,17.11967228400004
lamf-test-dc511cd7-1e75-49c2-8aa3-d524b909408f,"{<resource_manager.instance.OnPremInstance object at 0x1531238c0>: [(4, 132917.7759999981, None)]}",314.927009218563,154689.24874407353,132917.7759999981,27075.458580983504,2,51.52022050134687,132917.7759999981,147063.2839999981,True,74.46989268054688,22.949672179200004
lamf-test-b990cc86-2c21-4994-9a3c-749243831b25,"{<resource_manager.instance.OnPremInstance object at 0x1531238c0>: [(6, 132947.9759999981, None)]}",310.5105298170665,154699.2146362575,132947.9759999981,27077.993356244504,1,223.59742026009616,132947.9759999981,147151.27299999812,True,258.16256383929624,34.565143579200054
lamf-test-c5b0481f-991f-4411-b1f4-57a207573df6,"{<resource_manager.instance.OnPremInstance object at 0x1531238c0>: [(2, 132977.9759999981, None)]}",313.8720815034799,154731.88710494927,132977.9759999981,27084.444967409505,1,105.88987732907468,132977.9759999981,152588.48299999814,True,121.79792060747471,15.908043278400033
lamf-test-fc29d004-f407-4101-a296-9bd4c445802f,"{<resource_manager.instance.OnPremInstance object at 0x1531238c0>: [(3, 133608.97599999816, None)]}",287.35046195532897,154755.5851528964,133608.97599999816,27099.499953704504,1,72.91170773442836,133608.97599999816,142739.60499999815,True,84.02185710162834,11.110149367199984
lamf-test-805d6c2e-fd88-4e3f-a058-f7e8f540eed7,"{<resource_manager.instance.OnPremInstance object at 0x1531238c0>: [(6, 133638.97599999816, None)]}",301.5658399516932,154760.00880449393,133638.97599999816,27104.259967295504,2,32.26794670666356,133638.97599999816,141105.21099999818,True,50.4377762026636,18.169829496000037
lamf-test-d6fa2a21-a6b8-4090-9263-4f50b3edb3c2,"{<resource_manager.instance.OnPremInstance object at 0x1531238c0>: [(2, 133669.17599999817, None)]}",330.4100477007284,154871.11427085413,133669.17599999817,27049.503379455502,3,64.54434031745677,133669.17599999817,154886.51427085415,False,,
lamf-test-7979bb4a-71ea-47f3-84d7-1d24a91cba4c,"{<resource_manager.instance.OnPremInstance object at 0x1531238c0>: [(5, 134419.97599999822, None)]}",311.8838093943903,155099.044950604,134419.97599999822,27074.458580983504,1,247.49329477526808,134419.97599999822,153230.89699999822,True,285.6418425632681,38.148547788
lamf-test-c6476f48-7d2c-41f6-9b97-5a54f98dd980,"{<resource_manager.instance.OnPremInstance object at 0x1531238c0>: [(2, 134449.97599999822, None)]}",292.9421630666556,163930.99018999422,134449.97599999822,36055.2385303255,3,39.56063274773743,134449.97599999822,147454.5449999982,True,50.10993912053742,10.549306372799991
