,instances,budget,deadline,sched_start_time,submit_time,software_id,license_cost,exec_start_time,finish_time,complete,cost,hardware_cost
lamf-test-ce4837ee-c9b5-4728-816b-793fbe63012e,"{<resource_manager.instance.OnPremInstance object at 0x148e8f8c0>: [(5, 30, None)]}",64.81020493737797,14109.368596154949,30,1.0,1,42.79413993459578,30,3282.602,True,49.39041679059578,6.596276855999999
lamf-test-fdbe52b3-5ac4-4817-bbd7-3ee39ada2008,"{<resource_manager.instance.OnPremInstance object at 0x148e8f8c0>: [(3, 60, None)]}",309.54978900857253,127519.2970858271,60,34.059416746,1,254.31317818845542,60,31907.276,True,293.0649436252554,38.75176543680001
lamf-test-312a25ed-966e-4a84-89af-21712bfc7175,"{<resource_manager.instance.OnPremInstance object at 0x148e8f8c0>: [(4, 1230.4, None)]}",330.5774711754339,128563.0382681068,1230.4,1205.0832060639998,1,105.04843866453723,1230.4,11167.68,True,121.17068173653723,16.122243072
lamf-test-6d60a076-8aec-42f5-ae5c-3923b3793c72,"{<resource_manager.instance.OnPremInstance object at 0x148e8f8c0>: [(5, 1260.4, None)]}",295.26855467250385,128857.53009241169,1260.4,1237.8613564384998,1,285.43190927066695,1260.4,22954.875,True,329.42830457066697,43.996395299999996
lamf-test-c2212f64-c788-46d9-9572-57170e08d2ac,"{<resource_manager.instance.OnPremInstance object at 0x148e8f8c0>: [(4, 6600.999999999999, None)]}",57.825321252479114,20759.006776986043,6600.999999999999,6596.263506613,3,9.453707506274235,6600.999999999999,8154.834999999998,True,11.974649410274234,2.5209419039999985
lamf-test-f42e0220-9054-4dba-814a-9d6b93e25e15,"{<resource_manager.instance.OnPremInstance object at 0x148e8f8c0>: [(2, 6630.999999999999, None)]}",293.5168981771201,134382.02372759322,6630.999999999999,6595.179936934,3,43.49446802038177,6630.999999999999,20928.718999999997,True,55.092777673181764,11.598309652799998
lamf-test-c947c209-c0e1-414b-aa78-1430406df6ae,"{<resource_manager.instance.OnPremInstance object at 0x148e8f8c0>: [(2, 6660.999999999999, None)]}",91.00759406898061,37692.35593662664,6660.999999999999,6647.539437373,3,13.371699749030343,6660.999999999999,11056.612,True,16.937420203430342,3.5657204544
lamf-test-0aa73555-99c3-40be-a09f-6bf3df006265,"{<resource_manager.instance.OnPremInstance object at 0x148e8f8c0>: [(6, 6690.999999999999, None)]}",310.4901833144852,134496.30570266698,6690.999999999999,6644.887647685,3,144.97091489847134,6690.999999999999,22576.188,True,183.62910841527133,38.6581935168
lamf-test-761a035c-9b31-431d-b128-35fe1a248496,"{<resource_manager.instance.OnPremInstance object at 0x148e8f8c0>: [(4, 6721.199999999999, None)]}",281.9460745575701,134607.4628905516,6721.199999999999,6646.188459358,1,245.957598220397,6721.199999999999,29988.081,True,283.70578595479697,37.7481877344
lamf-test-a35e3102-219f-4336-95ce-4d87e6b5e69c,"{<resource_manager.instance.OnPremInstance object at 0x148e8f8c0>: [(6, 7201.399999999999, None)]}",88.24903114605627,38406.09046242973,7201.399999999999,7197.667686880999,3,43.50698608259184,7201.399999999999,11968.678,True,55.10863382339184,11.601647740800004
lamf-test-1b5247ff-56d3-4066-aafc-ee4137f1169c,"{<resource_manager.instance.OnPremInstance object at 0x148e8f8c0>: [(3, 7231.399999999999, None)]}",98.97570184637311,38553.48118010176,7231.399999999999,7196.667686880999,3,28.4819986310746,7231.399999999999,13473.229999999998,True,36.0770573750746,7.595058743999999
lamf-test-8d2ae00d-f906-47ac-81a5-138a54772bef,"{<resource_manager.instance.OnPremInstance object at 0x148e8f8c0>: [(2, 7261.399999999999, None)]}",310.3508838593914,135018.02228695445,7261.399999999999,7209.486352792999,3,37.418827287246174,7261.399999999999,19561.904,True,47.396996132046176,9.9781688448
lamf-test-cbef53e7-aa65-412f-b9a4-02aefd0bda1b,"{<resource_manager.instance.OnPremInstance object at 0x148e8f8c0>: [(2, 7831.999999999998, None)]}",89.7921856815224,39064.290293746264,7831.999999999998,7815.561265960999,1,32.17999893892712,7831.999999999998,13791.645155604965,True,37.01446308915387,4.834464150226749
lamf-test-decf70b3-3bab-4cf4-b55a-9508b27560e7,"{<resource_manager.instance.OnPremInstance object at 0x148e8f8c0>: [(3, 7862.199999999998, None)]}",317.6420201174764,135414.98214100965,7862.199999999998,7845.917984617999,2,63.940964637638025,7862.199999999998,27684.04913274574,True,88.06019066236304,24.11922602472502
lamf-test-8a5bf643-d5be-430a-ac2f-d8a1f25fa6d3,"{<resource_manager.instance.OnPremInstance object at 0x148e8f8c0>: [(3, 7892.199999999998, None)]}",322.3613792231315,135520.24958718635,7892.199999999998,7813.090723375999,2,54.508961437467256,7892.199999999998,24790.105999999996,True,75.07033345826726,20.5613720208
lamf-test-b41bc5e6-51fb-4710-b8ea-caebbe600cb8,"{<resource_manager.instance.OnPremInstance object at 0x148e8f8c0>: [(6, 7922.199999999998, None)]}",308.5846884800438,135909.90576801714,7922.199999999998,7809.692011885999,2,24.042878647121732,7922.199999999998,13485.298999999997,True,37.58123637352173,13.5383577264
lamf-test-1faee22d-4d95-436a-a021-6148365dd51b,"{<resource_manager.instance.OnPremInstance object at 0x148e8f8c0>: [(2, 8402.399999999998, None)]}",300.8642397517245,135811.35204018513,8402.399999999998,8395.915683283998,3,86.7490120921743,8402.399999999998,36918.969,True,109.8816528649743,23.1326407728
lamf-test-585c2356-1279-476b-b41a-cbdb8ebd0ee3,"{<resource_manager.instance.OnPremInstance object at 0x148e8f8c0>: [(4, 8432.399999999998, None)]}",290.6639501784463,135989.82004994893,8432.399999999998,8415.934321567998,2,72.2178505067456,8432.399999999998,28260.695999999996,True,104.3872779371456,32.1694274304
lamf-test-17be3ad6-6cd4-4c64-93c6-3fc4d170d157,"{<resource_manager.instance.OnPremInstance object at 0x148e8f8c0>: [(2, 8462.399999999998, None)]}",64.77903730143166,22409.836774817348,8462.399999999998,8435.464755401998,2,11.304954943992312,8462.399999999998,12620.973,True,14.678389361592314,3.3734344176000017
lamf-test-ee649544-0852-4484-9313-a2ec39aaf5e5,"{<resource_manager.instance.OnPremInstance object at 0x148e8f8c0>: [(4, 8492.8, None)]}",94.51083597672981,39477.549730371895,8492.8,8447.197149236998,1,36.54164012472432,8492.8,11949.534,True,42.149845366324314,5.6082052416
lamf-test-410c24b3-e037-404b-8fa3-3b9be7b4adaa,"{<resource_manager.instance.OnPremInstance object at 0x148e8f8c0>: [(5, 8522.8, None)]}",105.56808496111117,39593.70503517428,8522.8,8437.048210049998,3,17.08412807057571,8522.8,10769.192,True,21.63981104657571,4.555682975999999
lamf-test-17aa2292-304e-4763-ab73-533f31d66f3d,"{<resource_manager.instance.OnPremInstance object at 0x148e8f8c0>: [(5, 8552.8, None)]}",100.9864715008785,39604.197245350486,8552.8,8434.464755401998,2,14.098799441978688,8552.8,12075.916000000001,True,21.24367868997869,7.144879248000003
lamf-test-dbfc6e86-f385-4c1b-a2d1-36902c12232e,"{<resource_manager.instance.OnPremInstance object at 0x148e8f8c0>: [(2, 8582.8, None)]}",332.81097832014945,136246.11063769303,8582.8,8446.007045495997,3,140.0575800441098,8582.8,54623.227999999996,True,177.4055752377098,37.3479951936
lamf-test-3e8d9edc-8d07-4ff0-a6aa-1b9473f39dae,"{<resource_manager.instance.OnPremInstance object at 0x148e8f8c0>: [(5, 9003.2, None)]}",46.55013787044631,23186.25366656638,9003.2,8999.375806886997,1,61.35824115902352,9003.2,13666.781000000003,True,70.81598342702353,9.457742268000004
lamf-test-7b6d3b7a-f2bc-4206-bf5c-c8e1aaff27be,"{<resource_manager.instance.OnPremInstance object at 0x148e8f8c0>: [(3, 9033.2, None)]}",57.77199384513077,23195.952653043463,9033.2,9019.110444338998,2,3.339523099356362,9033.2,10068.460000000003,True,4.599227467356364,1.2597043680000026
lamf-test-905b51bb-7f4b-480b-babc-216c95cb3e5c,"{<resource_manager.instance.OnPremInstance object at 0x148e8f8c0>: [(4, 9063.400000000001, None)]}",76.07511246679637,23174.21845603415,9063.400000000001,9037.307073203998,3,15.508093391132418,9063.400000000001,11612.349000000004,True,19.64350824873242,4.135414857600003
lamf-test-8daeea4f-cbbf-4fb6-b9f3-5857c1ab865e,"{<resource_manager.instance.OnPremInstance object at 0x148e8f8c0>: [(4, 9093.400000000001, None)]}",56.56222725445129,23235.87578862442,9093.400000000001,9015.486686240998,1,21.330881435850657,9093.400000000001,11111.240000000003,True,24.60462505185066,3.273743616000003
lamf-test-d53de693-fd3a-47ec-b96e-28dcf292d471,"{<resource_manager.instance.OnPremInstance object at 0x148e8f8c0>: [(4, 9123.400000000001, None)]}",82.04480128359563,40206.433364624216,9123.400000000001,9043.617100898999,2,26.295104235055234,9123.400000000001,16343.04315560497,True,38.00825329070874,11.713149055653501
lamf-test-665b3cd3-6953-4941-a220-b425974f248a,"{<resource_manager.instance.OnPremInstance object at 0x148e8f8c0>: [(3, 9153.400000000001, None)]}",295.24467469152273,136591.27522640227,9153.400000000001,9017.339277872998,3,47.453917243941575,9153.400000000001,19552.9259640098,True,60.1080604369487,12.654143193007123
lamf-test-e86f1528-c4b7-428d-9220-137c2eee5f81,"{<resource_manager.instance.OnPremInstance object at 0x148e8f8c0>: [(5, 9183.600000000002, None)]}",291.443531643958,136963.65864860755,9183.600000000002,9024.630155900497,2,100.18104539336494,9183.600000000002,34217.606999999996,True,150.95001158936492,50.76896619599999
lamf-test-d608e81f-e921-488f-9511-ac29f6be8717,"{<resource_manager.instance.OnPremInstance object at 0x148e8f8c0>: [(4, 9604.200000000004, None)]}",290.8535591080783,137634.88501778,9604.200000000004,9600.739476572498,3,54.372877024868814,9604.200000000004,18541.062000000005,True,68.87204193366881,14.499164908800001
lamf-test-794e981d-7b48-479b-88a9-08c76168b3f4,"{<resource_manager.instance.OnPremInstance object at 0x148e8f8c0>: [(2, 9634.400000000005, None)]}",55.43753343799916,23782.268751724878,9634.400000000005,9604.528735097998,3,12.831561335462773,9634.400000000005,13852.455000000005,True,16.253247551462774,3.4216862160000003
lamf-test-50c28631-c9b3-47d9-9e36-b5f64438ea4d,"{<resource_manager.instance.OnPremInstance object at 0x148e8f8c0>: [(6, 9664.400000000005, None)]}",57.792712238435485,23536.28115289333,9664.400000000005,9645.540428535998,3,42.66363677846224,9664.400000000005,14339.268000000005,True,54.04039554326224,11.376758764800002
lamf-test-d89dd74a-ca32-43e3-9fdb-057b16e15c3a,"{<resource_manager.instance.OnPremInstance object at 0x148e8f8c0>: [(2, 9694.600000000006, None)]}",52.589033620058174,23815.59084994851,9694.600000000006,9607.686215384498,1,35.49731097421857,9694.600000000006,16268.602000000006,True,40.83014139661857,5.3328304224
lamf-test-9d73df9e-a4e9-43ed-b3cd-731892da568c,"{<resource_manager.instance.OnPremInstance object at 0x148e8f8c0>: [(6, 9724.600000000006, None)]}",116.24356079750007,40724.751863838836,9724.600000000006,9608.901085019997,3,28.528240930869263,9724.600000000006,12850.582000000006,True,36.135630726069266,7.6073897952000005
lamf-test-0ae28a41-e363-4bde-bdce-50f826df3b42,"{<resource_manager.instance.OnPremInstance object at 0x148e8f8c0>: [(4, 9754.600000000006, None)]}",87.69850691765791,40900.921664198235,9754.600000000006,9623.129271769,3,58.843994220092775,9754.600000000006,19426.346000000005,True,74.53543493049277,15.691440710399998
lamf-test-700b88cb-1fe1-443f-85f3-4e83586778d7,"{<resource_manager.instance.CloudReservedInstance object at 0x1490844d0>: [(2, 9784.600000000006, None)]}",323.88597973304996,136888.0942449717,9784.600000000006,9610.331626016998,1,242.9536738032645,9784.600000000006,54778.93601181867,True,341.2572991218859,98.3036253186214
lamf-test-76901c5b-cc70-4a21-8b6a-aa4aa3dedd24,"{<resource_manager.instance.CloudReservedInstance object at 0x1490844d0>: [(2, 9814.600000000006, None)]}",295.82083300729096,136921.06224511366,9814.600000000006,9617.303056845998,2,36.7976159145224,9814.600000000006,23350.750543246904,True,66.37139762140822,29.57378170688582
lamf-test-9da27dae-e6dc-4f47-b706-a6e8a3713464,"{<resource_manager.instance.CloudReservedInstance object at 0x1490844d0>: [(2, 9845.000000000007, None)], <resource_manager.instance.CloudReservedInstance object at 0x149081310>: [(4, 9845.000000000007, None)]}",296.9549680882063,137404.60635292373,9845.000000000007,9639.955131654999,3,139.29973522078143,9845.000000000007,32740.652730225698,True,220.02064848646512,80.72091326568369
lamf-test-c0570041-d32e-4e8b-8d2d-a250dfe399fc,"{<resource_manager.instance.CloudReservedInstance object at 0x149081310>: [(2, 9875.000000000007, None)], <resource_manager.instance.CloudReservedInstance object at 0x149081090>: [(3, 9875.000000000007, None)]}",309.1917473885502,137451.87550503406,9875.000000000007,9619.895694015999,1,718.0643689537244,9875.000000000007,137467.27550503408,False,,
lamf-test-cacf2328-5a7f-4177-ad3a-d6767db7f233,"{<resource_manager.instance.CloudReservedInstance object at 0x149081090>: [(3, 9905.400000000009, None)], <resource_manager.instance.CloudReservedInstance object at 0x148ebe2c0>: [(2, 9905.400000000009, None)]}",299.34289693362723,137540.79351694553,9905.400000000009,9616.303056845998,2,239.61940257617937,9905.400000000009,60378.08864343297,True,359.9059141512088,120.28651157502944
lamf-test-ca7252f0-85f2-4005-896c-fb17b2f26952,"{<resource_manager.instance.OnPremInstance object at 0x148e8f8c0>: [(6, 9936.000000000011, None)]}",304.02222934164064,137618.75806848172,9936.000000000011,9622.103955642999,1,235.03772416153316,9936.000000000011,24866.00500000001,True,271.37138432953316,36.333660167999994
lamf-test-6ea3ccb6-5ec7-474a-bd76-4c0b7e74a8fd,"{<resource_manager.instance.OnPremInstance object at 0x148e8f8c0>: [(4, 10207.000000000015, None)]}",318.43627200467716,137690.04745611217,10207.000000000015,10194.305290752998,3,58.693868735265035,10207.000000000015,19854.071000000014,True,74.34527672566503,15.6514079904
lamf-test-f035cec5-13b9-4feb-9d16-93fce26c2cc2,"{<resource_manager.instance.OnPremInstance object at 0x148e8f8c0>: [(3, 10237.000000000015, None)]}",59.50673849065216,24429.65123405179,10237.000000000015,10222.641901782998,2,19.675128434147748,10237.000000000015,16336.336000000016,True,27.09680047894775,7.421672044800002
lamf-test-6718dd63-82fd-49d3-b154-c2385c7724e4,"{<resource_manager.instance.CloudReservedInstance object at 0x148ebe2c0>: [(4, 10267.000000000015, None)]}",53.92864783453742,24340.378760703297,10267.000000000015,10237.619618941999,1,39.52556046693818,10267.000000000015,14006.004277552318,True,48.301751307208946,8.776190840270766
lamf-test-01aed4d0-4ac3-4934-b29d-300b9eb1cf38,"{<resource_manager.instance.CloudReservedInstance object at 0x148e8fe00>: [(6, 10297.200000000015, None)]}",48.38806555130056,24583.59231834807,10297.200000000015,10220.001087522998,3,5.379832386826538,10297.200000000015,11181.442700679792,True,9.212493948652964,3.832661561826426
lamf-test-f6a7b87b-3fe2-4927-871e-a0cac1bfa236,"{<resource_manager.instance.CloudReservedInstance object at 0x148ebe520>: [(1, 10327.200000000015, None)], <resource_manager.instance.CloudOnDemandInstance object at 0x148ebe780>: [(2, 10327.200000000015, None)]}",80.84812600328213,41525.11075497076,10327.200000000015,10219.000568304999,3,118.69081586041047,10327.200000000015,41540.51075497076,False,,
lamf-test-561c40aa-4fd2-4142-aa20-b41c53e185e4,"{<resource_manager.instance.OnPremInstance object at 0x148e8f8c0>: [(2, 10357.400000000016, None)]}",92.22367706149063,41529.68817226512,10357.400000000016,10252.432978318999,2,23.0927971083391,10357.400000000016,18852.178000000014,True,29.983761021939095,6.8909639135999985
lamf-test-7dc86417-03bf-4f7d-b2cc-4f303d7c708b,"{<resource_manager.instance.CloudOnDemandInstance object at 0x148ebe780>: [(4, 10387.400000000016, None)]}",122.20824587768153,41564.45063143641,10387.400000000016,10225.792759878997,2,64.79235479985762,10787.936000000016,28176.935142542043,True,223.46077664321848,158.66842184336085
lamf-test-29b14cf4-c2e0-462e-a5b2-16a34ab23f1f,"{<resource_manager.instance.CloudOnDemandInstance object at 0x148ebe780>: [(2, 10818.736000000019, None)]}",89.42960233211319,41887.83032626896,10818.736000000019,10807.420024865,3,49.19001555823168,11219.272000000019,26988.72386437973,True,121.30169343821943,72.11167787998775
lamf-test-0ee3ab93-6383-46f5-aeca-265dafdbd84c,"{<resource_manager.instance.OnPremInstance object at 0x148e8f8c0>: [(5, 11251.072000000026, None)]}",39.66592451958817,24951.440892340237,11251.072000000026,10822.536229858999,3,20.286607346566285,11251.072000000026,13918.558000000026,True,25.696268954566285,5.409661608000001
lamf-test-92b10550-cff6-47f7-a077-4b4db1587046,"{<resource_manager.instance.OnPremInstance object at 0x148e8f8c0>: [(4, 11281.272000000026, None)]}",81.64667311738593,41937.212993058696,11281.272000000026,10805.078386751,2,19.07480680471178,11281.272000000026,16518.494000000028,True,27.571675777511782,8.496868972800002
lamf-test-0ab21652-7e84-40ef-afc1-d04cb7c18425,"{<resource_manager.instance.OnPremInstance object at 0x148e8f8c0>: [(2, 11311.272000000026, None)]}",99.9394489602227,42118.91803199451,11311.272000000026,10850.251713829999,3,12.214379800745304,11311.272000000026,15326.444000000027,True,15.471487327145304,3.2571075264000005
lamf-test-6e11c3c3-b9bf-4aa2-897f-6c03a891a9cd,"{<resource_manager.instance.OnPremInstance object at 0x148e8f8c0>: [(5, 11341.672000000028, None)]}",323.10613238146993,137865.41833061347,11341.672000000028,10230.824571468998,3,98.54051258650848,11341.672000000028,24298.76400000003,True,124.81749516250848,26.276982575999998
lamf-test-c5a6ffed-1196-4516-a2cc-67f21c8eb5f5,"{<resource_manager.instance.OnPremInstance object at 0x148e8f8c0>: [(2, 11371.672000000028, None)]}",321.906162634098,137931.17548232683,11371.672000000028,10231.824571468998,2,16.857736615256215,11371.672000000028,17572.85800000003,True,21.888138698456217,5.030402083200001
lamf-test-93fc33e5-0604-48d1-8efe-1dfc9145e379,"{<resource_manager.instance.CloudReservedInstance object at 0x148e8fe00>: [(5, 11401.872000000028, None)]}",318.63019504491797,137954.31633631303,11401.872000000028,10239.085293070999,1,174.39301056648733,11401.872000000028,31113.279128413284,True,245.590613114316,71.19760254782867
lamf-test-107c896d-ee0f-4ca2-89f1-19c67b8002a2,"{<resource_manager.instance.OnPremInstance object at 0x148e8f8c0>: [(2, 11431.872000000028, None)]}",98.1671155759394,42628.880772582226,11431.872000000028,11401.251490834999,3,8.88653433721196,11431.872000000028,14353.09800000003,True,11.256232868411963,2.369698531200002
lamf-test-aa879c60-c521-40a2-972a-cf0714098824,"{<resource_manager.instance.OnPremInstance object at 0x148e8f8c0>: [(2, 11462.07200000003, None)]}",56.99333448866139,25653.063134910917,11462.07200000003,11435.688957175998,2,15.13700234523298,11462.07200000003,17030.279000000028,True,19.65393186363298,4.516929518399999
lamf-test-c8383b87-eaaf-4727-8a38-364a265a9c1b,"{<resource_manager.instance.CloudReservedInstance object at 0x148e8fe00>: [(1, 11492.07200000003, None)], <resource_manager.instance.CloudOnDemandInstance object at 0x148ebe780>: [(1, 11492.07200000003, None)]}",87.74670802746411,42469.313111512296,11492.07200000003,11454.16695658,2,115.88056782512272,11492.07200000003,42484.71311151229,False,,
lamf-test-d81c27cf-4838-43c5-ac8d-f0f7d5a86a71,"{<resource_manager.instance.OnPremInstance object at 0x148e8f8c0>: [(4, 11522.47200000003, None)]}",313.16578296695053,138511.91232173366,11522.47200000003,10800.811689887,3,135.60680812229066,11522.47200000003,33811.14600000003,True,171.76795281989067,36.1611446976
lamf-test-3484ce7d-9fee-4f95-9c2d-f871cc58413f,"{<resource_manager.instance.CloudOnDemandInstance object at 0x148ebe780>: [(1, 11552.47200000003, None)], <resource_manager.instance.CloudOnDemandInstance object at 0x1490816d0>: [(2, 11552.47200000003, None)]}",280.48808000057255,138562.90611898614,11552.47200000003,10833.202674847998,3,241.35781296963236,11953.00800000003,90892.81906844243,True,532.6479631967119,291.2901502270795
lamf-test-cfb32c98-2421-4b31-9da7-090b5212bb9a,"{<resource_manager.instance.CloudOnDemandInstance object at 0x1490816d0>: [(6, 11984.208000000035, None)]}",311.65623815536327,138946.69512661936,11984.208000000035,11436.729857366,1,880.2239604558329,12384.744000000035,122213.39710508334,False,,
lamf-test-48feb4fc-2742-45dc-808f-e652fe900563,"{<resource_manager.instance.OnPremInstance object at 0x148e8f8c0>: [(3, 12415.544000000038, None)]}",41.254966979320166,25973.60421195785,12415.544000000038,12008.672658735999,1,27.955098106319888,12415.544000000038,15916.32100000004,True,32.21484355991989,4.259745453600003
lamf-test-a5bf6748-f8d5-4a59-badc-d9816f45493a,"{<resource_manager.instance.OnPremInstance object at 0x148e8f8c0>: [(2, 12445.544000000038, None)]}",54.40376906069801,26153.076814502565,12445.544000000038,11996.687208406,2,10.23111045645633,12445.544000000038,16209.099000000038,True,13.28410627245633,3.052995816
lamf-test-7a641bba-d417-49ff-88d9-3fe54ccc21c1,"{<resource_manager.instance.OnPremInstance object at 0x148e8f8c0>: [(5, 12475.544000000038, None)]}",72.4727596207448,26192.743204440754,12475.544000000038,12035.797270164,1,15.265023195680296,12475.544000000038,13635.77400000004,True,17.6179696356803,2.3529464400000024
lamf-test-d4b58a16-b6c8-4064-88b0-a3ec8e4212ba,"{<resource_manager.instance.OnPremInstance object at 0x148e8f8c0>: [(2, 12505.544000000038, None)]}",56.907858453854786,26387.88935438693,12505.544000000038,12013.440068250999,2,10.81772089049206,12505.544000000038,16484.88600000004,True,14.04576312089206,3.2280422304000003
lamf-test-98a6ab80-499b-4f3a-95f7-4dd7df820566,"{<resource_manager.instance.CloudOnDemandInstance object at 0x1490816d0>: [(2, 12535.544000000038, None)]}",105.87093398460661,43229.36158646806,12535.544000000038,12055.866953568997,1,86.41273486191473,12936.080000000038,43244.761586468056,False,,
lamf-test-15ce12ce-cdd4-4322-97b9-e92908eec275,"{<resource_manager.instance.CloudOnDemandInstance object at 0x1490816d0>: [(2, 12967.480000000043, None)], <resource_manager.instance.CloudOnDemandInstance object at 0x1490811d0>: [(2, 12967.480000000043, None)]}",62.79223748275714,26909.181376084576,12967.480000000043,12639.164104912996,2,52.185188956119916,13368.016000000043,26924.581376084578,False,,
lamf-test-04f3f31f-b20f-4cb7-a3dd-c0c2f380b4cc,"{<resource_manager.instance.CloudOnDemandInstance object at 0x1490811d0>: [(4, 13399.61600000005, None)]}",63.69847192731158,27341.656809065556,13399.61600000005,13242.861793843997,3,18.351395977688608,13800.15200000005,22448.45996414858,False,,
lamf-test-d4113937-9912-4267-ad39-f41249bcbcef,"{<resource_manager.instance.OnPremInstance object at 0x148e8f8c0>: [(2, 13830.752000000051, None)]}",44.164232744169574,27568.171052188576,13830.752000000051,13246.533346763996,3,24.831305802722632,13830.752000000051,21993.42300000005,True,31.45286451792263,6.621558715199999
lamf-test-87f7683b-4f57-45f2-93ec-cd6117faec52,"{<resource_manager.instance.OnPremInstance object at 0x148e8f8c0>: [(2, 13860.952000000052, None)]}",62.86965238334432,27872.902455534306,13860.952000000052,13809.427792149,1,12.99343197201309,13860.952000000052,16267.299000000054,True,14.94546065841309,1.9520286864000012
lamf-test-9bb4d80d-2aee-48e9-ac53-5a922312b6c8,"{<resource_manager.instance.OnPremInstance object at 0x148e8f8c0>: [(6, 13890.952000000052, None)]}",62.348183689222225,27994.844637076225,13890.952000000052,13798.210268186996,2,23.007458500811165,13890.952000000052,19214.47300000005,True,35.962779206411156,12.955320705599993
lamf-test-c89d3402-a23f-46ae-8720-cd373edbf82e,"{<resource_manager.instance.OnPremInstance object at 0x148e8f8c0>: [(3, 13920.952000000052, None)]}",59.063695813800784,28029.645050772542,13920.952000000052,13800.760667324997,3,17.356162445813364,13920.952000000052,17724.55500000005,True,21.984386576213364,4.6282241304
lamf-test-5f552717-b86e-4e0e-9794-6b12cd0fea27,"{<resource_manager.instance.OnPremInstance object at 0x148e8f8c0>: [(2, 13950.952000000052, None)]}",43.981392744961866,28076.013632700477,13950.952000000052,13839.031816246998,2,23.887870677427436,13950.952000000052,22738.201000000052,True,31.016087066227435,7.128216388799999
lamf-test-067d037c-dcca-41c3-b8b9-a8b36009d0a4,"{<resource_manager.instance.OnPremInstance object at 0x148e8f8c0>: [(4, 13980.952000000052, None)]}",61.80548621708826,28107.399856661268,13980.952000000052,13818.285327692998,2,15.674663567066796,13980.952000000052,18284.62300000005,True,22.656939397466793,6.982275830399997
lamf-test-60d40a4b-09c7-4a73-b379-b1d85406ff0e,"{<resource_manager.instance.OnPremInstance object at 0x148e8f8c0>: [(4, 14010.952000000052, None)]}",57.165191884420324,28146.1804635975,14010.952000000052,13847.995840640997,3,41.87723477070501,14010.952000000052,20893.999000000054,True,53.044290223505016,11.167055452800003
lamf-test-bbc839c8-f836-4f9a-a8e0-6cb8342496f2,"{<resource_manager.instance.OnPremInstance object at 0x148e8f8c0>: [(3, 14040.952000000052, None)]}",114.4912360012796,43239.78784996238,14040.952000000052,12012.239670687999,3,30.309450148300243,14040.952000000052,20683.26800000005,True,38.39182025710024,8.0823701088
lamf-test-a4d8ead1-b39f-46fe-9cfa-58d32f343ff0,"{<resource_manager.instance.OnPremInstance object at 0x148e8f8c0>: [(4, 14071.152000000053, None)]}",84.41713409588449,43249.96608201716,14071.152000000053,12052.073523098998,1,82.33548558825767,14071.152000000053,21859.852000000054,True,94.97187246825767,12.636386880000002
lamf-test-05c2e1a5-42c3-4e97-863b-94fa07e33793,"{<resource_manager.instance.OnPremInstance object at 0x148e8f8c0>: [(4, 14101.152000000053, None)]}",91.04820322006628,43291.86252268178,14101.152000000053,12018.410540432998,2,34.48807610406043,14101.152000000053,23570.276000000053,True,49.850782881660436,15.3627067776
lamf-test-724d0d5f-301b-4490-8457-7773ef64d695,"{<resource_manager.instance.CloudReservedInstance object at 0x148ebe2c0>: [(4, 14131.152000000053, None)], <resource_manager.instance.CloudOnDemandInstance object at 0x148ebe780>: [(1, 14131.152000000053, None)]}",109.55462846539683,43736.56299491636,14131.152000000053,12625.327843677996,2,48.24305093999581,14131.152000000053,22637.8297569067,True,87.17811503335753,38.93506409336172
lamf-test-6fdb4590-cea7-4d20-bffa-249d0757fa2a,"{<resource_manager.instance.CloudOnDemandInstance object at 0x148ebe780>: [(1, 14161.352000000054, None)], <resource_manager.instance.CloudOnDemandInstance object at 0x1490811d0>: [(5, 14161.352000000054, None)]}",88.08906902383775,44257.64172639366,14161.352000000054,13210.295196349996,1,195.3153885332833,14561.888000000054,40728.95934990497,True,373.1390264280344,177.8236378947511
lamf-test-a7986f20-c88c-442a-a9bb-9d4e408bd120,"{<resource_manager.instance.OnPremInstance object at 0x148e8f8c0>: [(4, 14592.888000000057, None)]}",50.00049139574834,28513.68531113684,14592.888000000057,14408.494067100997,1,27.841999163434494,14592.888000000057,17226.66100000006,True,32.1150324786345,4.273033315200002
lamf-test-78749043-3668-43d0-99ce-4ee040f7f664,"{<resource_manager.instance.OnPremInstance object at 0x148e8f8c0>: [(2, 14623.088000000058, None)]}",57.07835905715178,28536.92035193692,14623.088000000058,14417.023063782997,2,7.584291404215692,14623.088000000058,17413.00000000006,True,9.847468018615693,2.2631766144000003
lamf-test-225e7631-1dba-46ce-9a30-f911bc78acd8,"{<resource_manager.instance.OnPremInstance object at 0x148e8f8c0>: [(5, 14653.088000000058, None)]}",48.6051907309817,28846.59034158539,14653.088000000058,14448.198671816996,1,43.54621431287549,14653.088000000058,17962.852000000057,True,50.25841570487549,6.712201391999998
lamf-test-ecaffeb0-92d2-4398-a844-9e4844c48df5,"{<resource_manager.instance.CloudOnDemandInstance object at 0x1490811d0>: [(1, 14683.288000000059, None)], <resource_manager.instance.CloudOnDemandInstance object at 0x148ebe3f0>: [(2, 14683.288000000059, None)]}",106.56838267415606,44397.739010247824,14683.288000000059,13236.650454724997,1,100.55579087241085,15083.824000000059,30177.914103687523,True,156.46489529608527,55.909104423674435
lamf-test-d56ac58c-44ed-4cac-88e0-685510119191,"{<resource_manager.instance.CloudOnDemandInstance object at 0x148ebe3f0>: [(2, 15114.824000000062, None)]}",70.70390367140996,29113.389354778843,15114.824000000062,15051.390937050997,2,24.13338253560927,15515.360000000062,23992.38552133898,False,,
lamf-test-093fc8c1-409b-4af5-91bd-f1586aa318b7,"{<resource_manager.instance.CloudOnDemandInstance object at 0x148ebe3f0>: [(6, 15547.36000000007, None)]}",48.98947611555658,29206.795966983165,15547.36000000007,15052.390937050997,1,56.11871021324312,15947.89600000007,19112.118070502165,False,,
lamf-test-b31f9afe-254c-4126-a484-8628eb9333c1,"{<resource_manager.instance.OnPremInstance object at 0x148e8f8c0>: [(6, 15979.496000000076, None)]}",58.325064065435534,29239.730629780483,15979.496000000076,15061.958133008997,1,43.80997809719368,15979.496000000076,18762.382000000074,True,50.58240946679368,6.772431369599997
lamf-test-412a625e-1641-430d-83ff-ad06d8ff7ded,"{<resource_manager.instance.OnPremInstance object at 0x148e8f8c0>: [(5, 16009.496000000076, None)]}",48.58977843534464,29340.324112760267,16009.496000000076,15058.634976499998,1,24.43903597231726,16009.496000000076,17867.004000000074,True,28.206062196317255,3.767026223999996
lamf-test-8f4c62d4-1881-4ae7-91f8-3b9d5e4e648b,"{<resource_manager.instance.CloudOnDemandInstance object at 0x148ebe3f0>: [(1, 16039.496000000076, None)], <resource_manager.instance.CloudOnDemandInstance object at 0x148e8fcb0>: [(5, 16039.496000000076, None)]}",53.33256697567134,29782.324229325714,16039.496000000076,15654.269132251999,2,74.31479346516221,16440.032000000076,29797.724229325715,False,,
lamf-test-65b278d1-c75b-4135-b5aa-f825706c680d,"{<resource_manager.instance.OnPremInstance object at 0x148e8f8c0>: [(4, 16471.03200000008, None)]}",46.808209305960055,29839.220315148326,16471.03200000008,15612.924947172998,1,48.719230435774584,16471.03200000008,21079.73100000008,True,56.196383693374585,7.4771532576
lamf-test-915cb3ce-20ce-43ae-8b31-7f523a6333eb,"{<resource_manager.instance.OnPremInstance object at 0x148e8f8c0>: [(2, 16501.03200000008, None)]}",71.69092063889612,30249.391356193468,16501.03200000008,16212.044041366998,3,13.174668796106168,16501.03200000008,20831.87500000008,True,16.687848637706168,3.5131798416000004
lamf-test-2ec8c349-ada1-458e-a7a4-ab9b6322b2cf,"{<resource_manager.instance.CloudOnDemandInstance object at 0x148e8fcb0>: [(4, 16531.23200000008, None)]}",57.00450481534605,30399.680501838142,16531.23200000008,16243.496906350998,2,7.915258338852963,16931.76800000008,19110.02475169952,False,,
lamf-test-920c97be-abc7-45c8-bf90-73719c07896c,"{<resource_manager.instance.OnPremInstance object at 0x148e8f8c0>: [(3, 17053.568000000087, None)]}",49.27955402462038,30414.84097060175,17053.568000000087,16209.835381816998,2,12.946124549211548,17053.568000000087,21066.897000000088,True,17.82954327641155,4.883418727200002
lamf-test-eb592d2c-c121-4645-b005-4e7f00d8eb14,"{<resource_manager.instance.OnPremInstance object at 0x148e8f8c0>: [(5, 17083.568000000087, None)]}",65.43723826831173,30561.201467736817,17083.568000000087,16227.388399774998,1,43.79241927142751,17083.568000000087,20412.04500000009,True,50.542570627427516,6.750151356000004
lamf-test-cf4eee4f-df46-4434-9c29-6bf0f44daf4d,"{<resource_manager.instance.OnPremInstance object at 0x148e8f8c0>: [(6, 17474.96800000009, None)]}",53.667029478259835,30938.48562776231,17474.96800000009,16838.503448162,2,12.459106576341368,17474.96800000009,20357.786000000087,True,19.474732461141357,7.01562588479999
lamf-test-4fd50982-b738-4cdf-bdb5-50cd3dff6874,"{<resource_manager.instance.CloudReservedInstance object at 0x148ebe2c0>: [(2, 17504.96800000009, None)]}",66.98837614575113,31085.18222099619,17504.96800000009,16850.543912793,2,21.05884048126848,17504.96800000009,25251.546900188383,True,30.150225478529457,9.091384997260977
lamf-test-198ba68c-5a75-4dd3-95a5-23cb4a91c31d,"{<resource_manager.instance.OnPremInstance object at 0x148e8f8c0>: [(5, 17565.568000000094, None)]}",75.79076386942039,44417.45993269763,17565.568000000094,13248.806598851996,2,13.489013428299353,17565.568000000094,20936.30600000009,True,20.32487009229935,6.835856663999994
lamf-test-38f0df60-c850-46c3-8ecc-b21d5524ac44,"{<resource_manager.instance.OnPremInstance object at 0x148e8f8c0>: [(6, 17595.568000000094, None)]}",82.2505270696069,44507.469182029,17595.568000000094,13235.439387094997,3,56.89129819758157,17595.568000000094,23829.432000000095,True,72.06202962798157,15.170731430400004
lamf-test-0ee69e3c-f7ac-4d00-b4dc-243374763ca6,"{<resource_manager.instance.OnPremInstance object at 0x148e8f8c0>: [(2, 17625.568000000094, None)]}",95.71047451977611,45076.078340769105,17625.568000000094,13846.995840640997,3,6.772810099627358,17625.568000000094,19851.960000000097,True,8.57885929002736,1.8060491904000027
lamf-test-6ca33400-5b63-4867-9fb5-39d7d8646a8a,"{<resource_manager.instance.OnPremInstance object at 0x148e8f8c0>: [(6, 17926.368000000097, None)]}",105.93846150050236,45092.17662747792,17926.368000000097,13831.726516791998,1,130.70416700889797,17926.368000000097,26228.924000000094,True,150.90926729049795,20.205100281599993
lamf-test-bff6c6c8-6ce7-4a14-8d30-c8d69887c972,"{<resource_manager.instance.OnPremInstance object at 0x148e8f8c0>: [(4, 18047.1680000001, None)]}",62.55972404682857,32075.78549404473,18047.1680000001,18041.211341185004,2,18.44244384934068,18047.1680000001,23110.767000000098,True,26.657626866940678,8.215183017599998
lamf-test-f3f23406-4146-4e8a-b0d6-831939b9a4ea,"{<resource_manager.instance.OnPremInstance object at 0x148e8f8c0>: [(5, 18469.168000000107, None)]}",57.3172776265575,32081.106076054246,18469.168000000107,18047.777826634003,1,106.18908145106093,18469.168000000107,26540.152000000107,True,122.55703700306093,16.367955551999998
lamf-test-9fd69545-924f-4ce5-9308-d2123ccec4dc,"{<resource_manager.instance.OnPremInstance object at 0x148e8f8c0>: [(3, 18619.368000000108, None)]}",61.631240803228884,32147.48986998215,18619.368000000108,18025.561848721005,1,10.41250399269906,18619.368000000108,19923.311000000107,True,11.99914183509906,1.5866378423999992
lamf-test-5a75690c-b8ed-48d0-b610-f947c287d86c,"{<resource_manager.instance.OnPremInstance object at 0x148e8f8c0>: [(5, 18920.768000000113, None)]}",56.45454017440447,32812.27090002238,18920.768000000113,18660.228243837002,3,33.97470530078335,18920.768000000113,23388.102000000115,True,43.03445865278336,9.059753352000005
lamf-test-b036c054-ee21-47f6-aca9-95247c096cfe,"{<resource_manager.instance.OnPremInstance object at 0x148e8f8c0>: [(6, 19102.36800000012, None)]}",40.69689972228568,32877.016763237014,19102.36800000012,18639.639447968002,3,31.596532055669616,19102.36800000012,22564.558000000117,True,40.02211763966962,8.425585583999997
lamf-test-55d518fc-620c-44fe-a18a-2336d48b9fc1,"{<resource_manager.instance.CloudOnDemandInstance object at 0x1490811d0>: [(1, 19132.36800000012, None)], <resource_manager.instance.CloudOnDemandInstance object at 0x148ebe3f0>: [(2, 19132.36800000012, None)]}",83.99778340603386,45188.86803265991,19132.36800000012,13823.595913967998,3,92.53088966391284,19532.90400000012,45204.26803265991,False,,
lamf-test-43098e09-15cf-41fe-b455-41529b19decc,"{<resource_manager.instance.OnPremInstance object at 0x148e8f8c0>: [(4, 19565.104000000127, None)]}",67.69762432994189,33311.11919113133,19565.104000000127,19255.801772007002,1,33.19547068218111,19565.104000000127,22705.300000000123,True,38.2901246725811,5.094653990399994
lamf-test-9673f22e-b964-4aa7-bb78-d1e21e110802,"{<resource_manager.instance.OnPremInstance object at 0x148e8f8c0>: [(3, 19595.104000000127, None)]}",52.254300807909324,33378.331174229155,19595.104000000127,19223.701330196003,1,37.267629477526796,19595.104000000127,24262.076000000125,True,42.946401007126795,5.678771529599998
lamf-test-5f1a507d-a26f-433c-85e6-51ac89f0d432,"{<resource_manager.instance.OnPremInstance object at 0x148e8f8c0>: [(4, 19625.504000000128, None)]}",64.02975273459877,33500.47571079363,19625.504000000128,19224.701330196003,3,41.63309148984714,19625.504000000128,26468.42300000013,True,52.73504327544714,11.101951785600003
lamf-test-6012bbf1-8566-4834-b341-39822809aef2,"{<resource_manager.instance.OnPremInstance object at 0x148e8f8c0>: [(5, 19655.504000000128, None)]}",93.62462651407313,45608.89470892372,19655.504000000128,14402.688528404997,1,140.68964164575243,19655.504000000128,30348.730000000123,True,162.37550397375242,21.68586232799999
lamf-test-5c0e0bc7-fda1-478e-8de8-178b5b80a83c,"{<resource_manager.instance.OnPremInstance object at 0x148e8f8c0>: [(4, 19685.504000000128, None)]}",109.02475346006189,45694.837239467786,19685.504000000128,14444.614780327996,2,24.414776028081604,19685.504000000128,26388.88000000013,True,35.2903332504816,10.8755572224
lamf-test-ff8adf42-1018-4980-bdfd-c498e4f1b637,"{<resource_manager.instance.CloudOnDemandInstance object at 0x148ebe3f0>: [(2, 19865.70400000013, None)]}",50.99968955238831,33912.133118407524,19865.70400000013,19817.200893694004,1,75.92895789846564,20266.24000000013,33927.53311840752,False,,
lamf-test-d1831f12-882c-4e14-bb62-b9776ced5649,"{<resource_manager.instance.OnPremInstance object at 0x148e8f8c0>: [(3, 20297.440000000133, None)]}",62.263052342770514,33949.344849148874,20297.440000000133,19819.832830067004,3,4.809459274469535,20297.440000000133,21351.433000000132,True,6.091957956869533,1.2824986823999984
lamf-test-327a626d-9865-47f8-8ba0-52996ec1940c,"{<resource_manager.instance.OnPremInstance object at 0x148e8f8c0>: [(4, 20417.640000000134, None)]}",74.39841740073138,34002.898915831014,20417.640000000134,19863.587635070005,1,69.39202631378808,20417.640000000134,26981.92600000013,True,80.04192392018807,10.649897606399994
lamf-test-2809816c-7bfc-46e3-bb73-0ce9925ea853,"{<resource_manager.instance.OnPremInstance object at 0x148e8f8c0>: [(2, 20448.040000000135, None)]}",50.90207279429441,34021.03577546745,20448.040000000135,19857.252920596504,1,42.85412913529544,20448.040000000135,28384.50400000013,True,49.29218873209543,6.438059596799997
lamf-test-0d7701be-3ce7-49c1-9391-e93bc28aface,"{<resource_manager.instance.OnPremInstance object at 0x148e8f8c0>: [(2, 20478.040000000135, None)]}",74.93798997685712,34021.32309567871,20478.040000000135,19843.887936747004,3,11.125913757700198,20478.040000000135,24135.406000000134,True,14.092769056900197,2.9668552991999984
lamf-test-a37f5b70-4c4f-44b3-a817-99539c326610,"{<resource_manager.instance.OnPremInstance object at 0x148e8f8c0>: [(4, 20628.240000000136, None)]}",57.694188998700625,34539.3141860576,20628.240000000136,20452.613484913007,3,19.835449083580507,20628.240000000136,23888.444000000138,True,25.124804053180508,5.289354969600002
lamf-test-0fdcad07-bf2d-4d92-8354-0c4ee7d909cf,"{<resource_manager.instance.OnPremInstance object at 0x148e8f8c0>: [(6, 20718.84000000014, None)]}",57.46774388158159,34541.436575856824,20718.84000000014,20445.397014712005,1,67.33653798767966,20718.84000000014,24996.174000000137,True,77.74585801007966,10.409320022399998
lamf-test-457a1c73-20e1-45f7-a144-19901295fb3b,"{<resource_manager.instance.OnPremInstance object at 0x148e8f8c0>: [(4, 21140.840000000146, None)]}",49.05334152829353,34577.63114328944,21140.840000000146,20415.793783499004,1,35.0268477450757,21140.840000000146,24454.279000000148,True,40.4025711786757,5.375723433600004
lamf-test-73802176-7b43-45cb-be2f-758b39305344,"{<resource_manager.instance.OnPremInstance object at 0x148e8f8c0>: [(4, 21200.840000000146, None)]}",57.80879755607951,34588.93421888589,21200.840000000146,20431.664746515005,3,23.21715111415318,21200.840000000146,25016.869000000148,True,29.408276563753184,6.191125449600004
lamf-test-ff97215d-d288-4a40-9a08-b29190e7eee1,"{<resource_manager.instance.OnPremInstance object at 0x148e8f8c0>: [(4, 21230.840000000146, None)]}",50.90199713640601,35105.97998895592,21230.840000000146,21053.71551487501,1,52.39242885390519,21230.840000000146,26187.01300000014,True,60.43332392910518,8.040895075199993
lamf-test-e31740c1-403e-4c71-8a7f-0330adf6a272,"{<resource_manager.instance.OnPremInstance object at 0x148e8f8c0>: [(5, 21411.240000000147, None)]}",51.6673689623557,35131.624006575454,21411.240000000147,21052.71551487501,1,36.69235401931703,21411.240000000147,24200.071000000145,True,42.348103287317024,5.6557492679999966
lamf-test-0b722e5a-870b-4bb2-acf4-7c5f987aee07,"{<resource_manager.instance.OnPremInstance object at 0x148e8f8c0>: [(4, 21441.440000000148, None)]}",60.84882595404457,35195.18304552744,21441.440000000148,21058.41227064001,3,42.393544756255224,21441.440000000148,28409.349000000147,True,53.69828031785522,11.3047355616
lamf-test-86bee4c0-8211-4364-b2b2-315ff254f448,"{<resource_manager.instance.OnPremInstance object at 0x148e8f8c0>: [(4, 21471.64000000015, None)]}",60.879551145103115,35219.73671048463,21471.64000000015,21067.503412101007,1,51.927013004791206,21471.64000000015,26383.786000000146,True,59.896478675191204,7.969465670399995
lamf-test-20bd965c-e3af-463e-ad6b-f7ce4b078baa,"{<resource_manager.instance.OnPremInstance object at 0x148e8f8c0>: [(5, 21501.84000000015, None)]}",49.20241958092055,35236.5683957214,21501.84000000015,21041.116759949007,2,9.633769034185024,21501.84000000015,23909.20000000015,True,14.515895114185025,4.882126080000001
lamf-test-58d64335-ff0b-41b5-93cb-bcafe6abca1b,"{<resource_manager.instance.OnPremInstance object at 0x148e8f8c0>: [(6, 21531.84000000015, None)]}",83.27713277836911,45700.97357493095,21531.84000000015,14416.023063782997,2,38.63426925557658,21531.84000000015,30471.130000000147,True,60.38892539957657,21.754656143999995
lamf-test-4c84a4d8-5052-4c6f-afd2-7c5df767217c,"{<resource_manager.instance.CloudOnDemandInstance object at 0x1490811d0>: [(1, 22437.64000000017, None)], <resource_manager.instance.CloudOnDemandInstance object at 0x148ebe3f0>: [(1, 22437.64000000017, None)], <resource_manager.instance.CloudOnDemandInstance object at 0x148e8fcb0>: [(4, 22437.64000000017, None)]}",71.28909006291121,35742.57968768838,22437.64000000017,21645.049715274006,1,142.80288938529236,22838.17600000017,35387.39994846368,True,260.087440764932,117.28455137963968
lamf-test-a8f2c75b-6fbc-476d-891d-92f88bfed8de,"{<resource_manager.instance.OnPremInstance object at 0x148e8f8c0>: [(6, 22869.576000000176, None)]}",60.82789615796186,35898.73973147847,22869.576000000176,21656.020898058006,2,7.78035835241062,22869.576000000176,24669.814000000177,True,12.161417549210624,4.381059196800003
lamf-test-e1378e61-db93-479c-b4b7-359d51f2c742,"{<resource_manager.instance.CloudReservedInstance object at 0x148ebe2c0>: [(2, 22899.576000000176, None)], <resource_manager.instance.CloudOnDemandInstance object at 0x1490811d0>: [(3, 22899.576000000176, None)], <resource_manager.instance.CloudOnDemandInstance object at 0x148e8fcb0>: [(1, 22899.576000000176, None)]}",52.48076757861521,35909.382278976955,22899.576000000176,21647.056206480007,1,55.964314281473314,22899.576000000176,28404.873519853736,True,86.5367178395505,30.572403558077184
lamf-test-1fb51fa6-4d43-412b-9a86-c51ec772c644,"{<resource_manager.instance.OnPremInstance object at 0x148e8f8c0>: [(5, 23169.976000000177, None)]}",79.83864331738259,36011.68729961483,23169.976000000177,21618.014949885008,3,25.383223058787735,23169.976000000177,26507.616000000176,True,32.15195697878773,6.768733919999998
lamf-test-db07f320-f70e-4581-b141-d95e0791351c,"{<resource_manager.instance.OnPremInstance object at 0x148e8f8c0>: [(4, 23199.976000000177, None)]}",67.5503798079176,36267.13306179363,23199.976000000177,22218.027557314006,2,6.842663020941981,23199.976000000177,25078.713000000178,True,9.890725929741983,3.0480629088000017
lamf-test-599db447-ffc5-4f67-bbdb-15246291d10d,"{<resource_manager.instance.OnPremInstance object at 0x148e8f8c0>: [(4, 23230.176000000178, None)]}",58.09494942769889,36745.544380925334,23230.176000000178,22843.46160472501,3,24.18421476918396,23230.176000000178,27205.154000000177,True,30.63321907638396,6.449004307199998
lamf-test-0edb2b7d-ea79-4551-a1d6-40e8f4f75204,"{<resource_manager.instance.OnPremInstance object at 0x148e8f8c0>: [(2, 23260.176000000178, None)]}",49.09599477194767,36865.04973559624,23260.176000000178,22872.638793940012,3,6.026840063883192,23260.176000000178,25241.34900000018,True,7.633967601483194,1.607127537600002
lamf-test-9c88980c-fc13-42ba-ae80-9214e850b23c,"{<resource_manager.instance.CloudReservedInstance object at 0x1490844d0>: [(2, 23410.97600000018, None)], <resource_manager.instance.CloudOnDemandInstance object at 0x148ebe780>: [(1, 23410.97600000018, None)]}",56.88278421553064,36891.64846059968,23410.97600000018,22842.03652461901,2,21.91589086800578,23410.97600000018,28027.27135935717,True,42.29498836142315,20.379097493417373
lamf-test-76f31f64-e074-4b6a-9579-e22c37b55e69,"{<resource_manager.instance.OnPremInstance object at 0x148e8f8c0>: [(5, 23501.17600000018, None)]}",57.885218243385175,37064.42912675327,23501.17600000018,22819.10382901301,3,33.36503156133545,23501.17600000018,27888.34400000018,True,42.262208265335445,8.897176703999994
lamf-test-227b9038-f251-4152-94eb-43a9fb1d09b6,"{<resource_manager.instance.OnPremInstance object at 0x148e8f8c0>: [(5, 23952.176000000185, None)]}",66.25196628808428,37085.41009973395,23952.176000000185,22856.77814729801,2,18.71719476589044,23952.176000000185,28629.37200000018,True,28.202548253890434,9.485353487999992
lamf-test-404b381d-5a0f-4cbc-ae4f-02ebbbeb7a4d,"{<resource_manager.instance.OnPremInstance object at 0x148e8f8c0>: [(6, 23982.376000000186, None)]}",54.32250531179826,37092.234953034604,23982.376000000186,22879.141506854012,1,47.779989048596896,23982.376000000186,27017.44400000019,True,55.1661305333969,7.3861414848000075
lamf-test-01d3dab5-d631-4e94-b48f-123fd1e6d0ca,"{<resource_manager.instance.CloudOnDemandInstance object at 0x148ebe3f0>: [(1, 24012.776000000187, None)], <resource_manager.instance.CloudOnDemandInstance object at 0x148e8fcb0>: [(2, 24012.776000000187, None)]}",62.28353144846482,37530.90079444929,24012.776000000187,23431.301884223012,1,55.97561249591084,24413.312000000187,32638.049383305635,True,97.04053907382807,41.064926577917234
lamf-test-c7f36b6d-6d0e-497a-bed2-ab51e4200e00,"{<resource_manager.instance.OnPremInstance object at 0x148e8f8c0>: [(6, 24445.512000000195, None)]}",67.30455789142538,37569.782240547145,24445.512000000195,23470.56600165001,2,5.5922273763764805,24445.512000000195,25739.455000000195,True,8.74116706117648,3.1489396847999984
lamf-test-d392fb46-3ada-4299-920d-04b5ae462e49,"{<resource_manager.instance.OnPremInstance object at 0x148e8f8c0>: [(4, 24475.512000000195, None)]}",53.88118833696197,37581.02992135887,24475.512000000195,23458.36850174401,2,8.841404606363188,24475.512000000195,26903.02800000019,True,12.77980656476318,3.9384019583999934
lamf-test-cbaeac35-da39-4580-bb48-6f69d435e1ef,"{<resource_manager.instance.OnPremInstance object at 0x148e8f8c0>: [(6, 24505.512000000195, None)]}",59.97502759856391,37725.47606984861,24505.512000000195,23450.62512991701,2,23.557154584797335,24505.512000000195,29956.22300000019,True,36.82200487439732,13.264850289599991
lamf-test-6ebb2b55-7f25-4fcc-998e-d62668ae8460,"{<resource_manager.instance.OnPremInstance object at 0x148e8f8c0>: [(6, 24745.912000000197, None)]}",60.69367071554156,37780.324104759,24745.912000000197,23446.36902514001,2,18.551964075217324,24745.912000000197,29038.510000000195,True,28.99843056801732,10.446466492799996
lamf-test-8ac2f925-7afc-41fe-bb28-31766fc5fb67,"{<resource_manager.instance.OnPremInstance object at 0x148e8f8c0>: [(2, 24776.112000000197, None)]}",78.91788247204538,38094.0794569546,24776.112000000197,24047.487197264014,1,19.485193778994578,24776.112000000197,28384.715000000193,True,22.412492532594573,2.927298753599996
lamf-test-e68a5a0e-948d-450e-bd18-14ba76978e62,"{<resource_manager.instance.CloudOnDemandInstance object at 0x148ebe3f0>: [(2, 24806.312000000198, None)]}",61.643354936762066,38197.87513677975,24806.312000000198,24073.967400009013,2,30.11992661580272,25206.8480000002,35886.047762505135,True,60.20805705246113,30.088130436658407
lamf-test-03badbdc-4aa8-4cd2-98f8-bfe0e4080cef,"{<resource_manager.instance.OnPremInstance object at 0x148e8f8c0>: [(2, 25238.648000000205, None)]}",46.039696363479905,38694.50683784086,25238.648000000205,24670.285985221017,2,13.210735450558095,25238.648000000205,30098.2700000002,True,17.152860816958093,3.9421253663999964
lamf-test-3943f80b-7a33-4e35-a8a4-f3b6aa99c52d,"{<resource_manager.instance.OnPremInstance object at 0x148e8f8c0>: [(3, 25268.848000000206, None)]}",31.751233670300554,38760.25013891937,25268.848000000206,24668.664531310016,1,40.580771161305016,25268.848000000206,30350.7200000002,True,46.76439301090501,6.183621849599995
lamf-test-aba1aa4f-f6ce-4af2-b868-ea5768a9b8b8,"{<resource_manager.instance.OnPremInstance object at 0x148e8f8c0>: [(5, 25298.848000000206, None)]}",55.6474329845016,38767.95038504856,25298.848000000206,24627.985934567012,3,21.23820822876265,25298.848000000206,28091.460000000206,True,26.90162536476265,5.663417136000001
lamf-test-d11d15e3-c05e-424a-bab1-f5785ed94bc2,"{<resource_manager.instance.OnPremInstance object at 0x148e8f8c0>: [(4, 25329.048000000206, None)]}",65.13660288894543,38777.09277894185,25329.048000000206,24645.562133381016,1,34.712821279184695,25329.048000000206,28612.781000000203,True,40.04034969838469,5.327528419199994
lamf-test-2ee801ff-df94-45c9-b634-a465808c37ee,"{<resource_manager.instance.OnPremInstance object at 0x148e8f8c0>: [(4, 25359.048000000206, None)]}",44.045311418522864,38782.72236231902,25359.048000000206,24683.667280774014,3,43.80557000532359,25359.048000000206,32559.041000000205,True,55.48683864852359,11.681268643199997
lamf-test-b19f4d76-0891-41df-b5fe-36ccd74b9a06,"{<resource_manager.instance.OnPremInstance object at 0x148e8f8c0>: [(3, 25389.048000000206, None)]}",47.2527689810787,38789.76021751551,25389.048000000206,24686.98957750901,3,27.70650239561944,25389.048000000206,31460.928000000207,True,35.094765979619446,7.3882635840000015
lamf-test-2586faa0-8afe-4587-9352-3a45415e951c,"{<resource_manager.instance.OnPremInstance object at 0x148e8f8c0>: [(3, 25419.048000000206, None)]}",52.1878736324701,38839.03823992225,25419.048000000206,24655.367854395015,2,10.028153096465774,25419.048000000206,28527.799000000203,True,13.81088131326577,3.7827282167999963
lamf-test-81195703-aa5f-481d-abd3-346d6a96d7d8,"{<resource_manager.instance.OnPremInstance object at 0x148e8f8c0>: [(2, 25449.048000000206, None)]}",57.90728747613712,38867.69328891733,25449.048000000206,24664.727843218017,2,7.632995508430417,25449.048000000206,28256.876000000204,True,9.910705582030415,2.277710073599998
lamf-test-debb5ae3-8ca9-424a-a1fe-ae626817d5d4,"{<resource_manager.instance.OnPremInstance object at 0x148e8f8c0>: [(4, 25479.248000000207, None)]}",50.08229655297103,38883.799075497904,25479.248000000207,24657.946925725017,3,34.7968545136512,25479.248000000207,31198.546000000202,True,44.075843588851185,9.278989075199991
lamf-test-0b1411aa-7440-4517-bbd4-2bffa1461af4,"{<resource_manager.instance.OnPremInstance object at 0x148e8f8c0>: [(2, 25509.64800000021, None)]}",54.09958144079154,38979.44885016526,25509.64800000021,24674.995665355014,1,16.569296296296294,25509.64800000021,28578.235000000208,True,19.058534070696293,2.4892377743999994
lamf-test-55529a16-b241-4348-bd90-45ddc000d26d,"{<resource_manager.instance.OnPremInstance object at 0x148e8f8c0>: [(3, 25539.64800000021, None)]}",53.211716625419925,39398.8917216029,25539.64800000021,25283.01065283301,2,35.13014688858569,25539.64800000021,36430.076000000205,True,48.381619678985686,13.251472790399996
lamf-test-92b1912c-cdf4-4496-9665-6c2a64a15900,"{<resource_manager.instance.OnPremInstance object at 0x148e8f8c0>: [(5, 25750.648000000212, None)]}",99.7921660649438,45748.69700128258,25750.648000000212,14404.697515205997,3,26.090820594722036,25750.648000000212,29181.330000000213,True,33.04824369072204,6.957423096000001
lamf-test-bf2ee2bb-aeee-4553-ba75-b56c3562dc59,"{<resource_manager.instance.OnPremInstance object at 0x148e8f8c0>: [(2, 25780.848000000213, None)]}",94.73625576454592,45775.18416206762,25780.848000000213,14411.225231325998,1,36.288685965121914,25780.848000000213,32501.410419090185,True,41.7404061994877,5.451720234365785
lamf-test-3231937d-3960-4134-90c2-f2e92cf6e932,"{<resource_manager.instance.OnPremInstance object at 0x148e8f8c0>: [(2, 25810.848000000213, None)]}",109.51414052886817,46007.44188150938,25810.848000000213,15024.902188629996,2,23.01882754617774,25810.848000000213,34278.41600000021,True,29.887718707777736,6.868891161599996
lamf-test-5e0241b4-8be0-4af4-bde6-0b42fa40fc67,"{<resource_manager.instance.OnPremInstance object at 0x148e8f8c0>: [(2, 25840.848000000213, None)]}",98.3173256377796,46233.85207247535,25840.848000000213,15029.479881051997,3,6.283860369609856,25840.848000000213,27906.510000000213,True,7.959525384009856,1.6756650144000003
lamf-test-b86de886-591a-45ec-903b-6a80c96225dd,"{<resource_manager.instance.OnPremInstance object at 0x148e8f8c0>: [(6, 26535.84800000023, None)]}",41.149547064693905,39823.84406409535,26535.84800000023,25840.15101911101,3,24.1496600501939,26535.84800000023,29182.047000000228,True,30.589449936593894,6.439789886399993
lamf-test-65e3ea29-e28c-4094-b1d4-e102c2738358,"{<resource_manager.instance.OnPremInstance object at 0x148e8f8c0>: [(3, 26596.04800000023, None)]}",53.51848203740168,39982.69695112296,26596.04800000023,25862.49435152701,1,17.369119324663448,26596.04800000023,28771.15800000023,True,20.015793172663443,2.6466738479999963
lamf-test-18cbb634-7aef-4481-9ee7-fe1e8a16d0ba,"{<resource_manager.instance.OnPremInstance object at 0x148e8f8c0>: [(5, 26656.248000000232, None)]}",52.226498354671556,40559.00262110071,26656.248000000232,26438.96820250151,3,6.229302608563391,26656.248000000232,27475.339000000233,True,7.890419156563392,1.6611165480000005
lamf-test-40afb271-d458-48d9-adbe-b89134d80114,"{<resource_manager.instance.OnPremInstance object at 0x148e8f8c0>: [(3, 26686.448000000233, None)]}",57.83325208385016,40708.169602659356,26686.448000000233,26478.133772825007,3,27.694757015742624,26686.448000000233,32755.75400000023,True,35.07988855654262,7.385131540799997
lamf-test-81297157-09b4-4bfd-81e5-a8bf0f0cf407,"{<resource_manager.instance.OnPremInstance object at 0x148e8f8c0>: [(6, 26716.648000000234, None)]}",69.1210403049402,40726.758100484745,26716.648000000234,26488.912385574007,3,39.937805156285656,26716.648000000234,31092.833000000235,True,50.58768897228566,10.649883816000004
lamf-test-50bd9009-28ec-4253-bcf7-ae2b62692323,"{<resource_manager.instance.OnPremInstance object at 0x148e8f8c0>: [(3, 26957.648000000238, None)]}",96.71534015432012,46790.62838001163,26957.648000000238,15611.639075430998,2,26.12831182702351,26957.648000000238,35057.48600000023,True,35.984194705423505,9.855882878399992
lamf-test-5471ed7c-c241-4b43-b3db-c6a0ff681a3a,"{<resource_manager.instance.CloudOnDemandInstance object at 0x1490816d0>: [(1, 27048.44800000024, None)], <resource_manager.instance.CloudOnDemandInstance object at 0x1490811d0>: [(1, 27048.44800000024, None)]}",59.30424416492866,41205.607281775636,27048.44800000024,27037.230192867006,2,39.55174521658106,27448.98400000024,41221.00728177563,False,,
lamf-test-9b9326a1-51bc-46fd-a2cb-1abf1c9c75f6,"{<resource_manager.instance.CloudReservedInstance object at 0x148ebe2c0>: [(2, 27480.784000000247, None)], <resource_manager.instance.CloudOnDemandInstance object at 0x148ebe780>: [(2, 27480.784000000247, None)], <resource_manager.instance.CloudOnDemandInstance object at 0x1490811d0>: [(1, 27480.784000000247, None)]}",57.78982021342063,41326.231160181436,27480.784000000247,27065.046322770006,1,82.00591664702536,27480.784000000247,34378.19848608811,True,127.01768486764131,45.01176822061595
lamf-test-4e05654b-8014-4960-848f-0c1b470c0ee8,"{<resource_manager.instance.OnPremInstance object at 0x148e8f8c0>: [(5, 27571.38400000025, None)]}",119.66024806020059,46815.32027011155,27571.38400000025,15613.924947172998,3,26.679717088751982,27571.38400000025,31079.500000000247,True,33.794176336751974,7.114459247999996
lamf-test-2f12deb2-00c6-45f2-bf9e-431fba73627e,"{<resource_manager.instance.OnPremInstance object at 0x148e8f8c0>: [(6, 27842.984000000255, None)]}",93.49967154984164,46907.51356432325,27842.984000000255,15621.208955590999,1,73.54987542778919,27842.984000000255,32515.000000000255,True,84.9196935653892,11.3698181376
lamf-test-b18ea74a-e7ea-41d7-821c-d4f1a5e50746,"{<resource_manager.instance.CloudOnDemandInstance object at 0x1490811d0>: [(1, 27872.984000000255, None)], <resource_manager.instance.CloudOnDemandInstance object at 0x148e8fcb0>: [(3, 27872.984000000255, None)]}",93.66823018165961,47753.77304100704,27872.984000000255,16835.740757726,3,70.61288477554565,28273.520000000255,47769.17304100704,False,,
lamf-test-4d1918b0-1458-45e2-b527-a49166860d07,"{<resource_manager.instance.OnPremInstance object at 0x148e8f8c0>: [(6, 28304.52000000026, None)]}",99.90881249240506,47976.50666651498,28304.52000000026,16841.437871862,2,28.476253845120297,28304.52000000026,34893.424000000254,True,44.511010619520285,16.034756774399987
lamf-test-6f91592c-afdd-4bec-8b7a-080c324249f5,"{<resource_manager.instance.OnPremInstance object at 0x148e8f8c0>: [(5, 28334.92000000026, None)]}",112.19170754417485,48607.35711727773,28334.92000000026,17462.041671883006,3,67.10361244201079,28334.92000000026,37158.37400000026,True,84.99757715401078,17.893964711999995
lamf-test-e18205c9-e6f7-4d1b-94fe-6bdf96998c05,"{<resource_manager.instance.CloudReservedInstance object at 0x1490844d0>: [(2, 28364.92000000026, None)], <resource_manager.instance.CloudReservedInstance object at 0x149081090>: [(1, 28364.92000000026, None)], <resource_manager.instance.CloudOnDemandInstance object at 0x148ebe780>: [(3, 28364.92000000026, None)]}",110.9772195614234,48646.54202803508,28364.92000000026,17427.551592541004,1,200.89086857733622,28364.92000000026,42243.277430420894,True,329.64594180232064,128.7550732249844
lamf-test-d81a676f-ccce-4b38-95bc-838588f989f1,"{<resource_manager.instance.CloudOnDemandInstance object at 0x148ebe780>: [(2, 28394.92000000026, None)], <resource_manager.instance.CloudOnDemandInstance object at 0x148e8fcb0>: [(1, 28394.92000000026, None)]}",93.67827368323229,49085.099156006385,28394.92000000026,18034.789767319005,1,135.2134967053847,28795.45600000026,46787.21932599098,True,248.53213131267876,113.31863460729404
lamf-test-2b83bd20-9a87-454f-8bc9-f6503da1f9d0,"{<resource_manager.instance.OnPremInstance object at 0x148e8f8c0>: [(3, 28826.856000000265, None)]}",93.14423892083788,50329.80068182656,28826.856000000265,19234.911138871004,2,21.51630804064236,28826.856000000265,35496.96200000026,True,29.632493021442357,8.116184980799996
lamf-test-f14e2551-1aeb-4008-9226-cf172ac76d45,"{<resource_manager.instance.OnPremInstance object at 0x148e8f8c0>: [(2, 28856.856000000265, None)]}",113.07976716267329,50445.44744317894,28856.856000000265,19252.918178549004,2,10.636524007129212,28856.856000000265,32769.54400000026,True,13.81049651272921,3.1739725055999983
lamf-test-396956b2-43cb-496d-8f0c-0ee7a61c67dd,"{<resource_manager.instance.OnPremInstance object at 0x148e8f8c0>: [(2, 28886.856000000265, None)]}",82.48316532935924,50446.49218872562,28886.856000000265,19226.804998141004,1,17.118046543463382,28886.856000000265,32057.070000000265,True,19.689724140263383,2.5716775968
lamf-test-33fae0e0-9739-4c13-8834-0589e7587a07,"{<resource_manager.instance.OnPremInstance object at 0x148e8f8c0>: [(2, 28916.856000000265, None)]}",87.86109604520695,50463.209737094585,28916.856000000265,19239.728016643003,2,18.168555548684473,28916.856000000265,35600.23200000026,True,23.590110159884468,5.421554611199994
lamf-test-b2a69e4a-f75e-4751-ad43-b2adf397fd45,"{<resource_manager.instance.OnPremInstance object at 0x148e8f8c0>: [(5, 28946.856000000265, None)]}",99.34731245959347,50504.59767888568,28946.856000000265,19225.701330196003,1,41.0693763784318,28946.856000000265,32068.366000000264,True,47.39979865843179,6.330422279999996
lamf-test-fd51a7dd-bca8-4714-a851-595e00860b67,"{<resource_manager.instance.OnPremInstance object at 0x148e8f8c0>: [(3, 28976.856000000265, None)]}",86.19568247701017,50518.58490496998,28976.856000000265,19244.426333765005,3,17.90237736710016,28976.856000000265,32900.162000000266,True,22.676256107900162,4.773878740800001
lamf-test-1bfc2de0-7e2f-450e-9736-96acfe81a2a7,"{<resource_manager.instance.OnPremInstance object at 0x148e8f8c0>: [(5, 29006.856000000265, None)]}",88.34113338193856,50534.7473752181,29006.856000000265,19262.690894875002,1,84.35305802722635,29006.856000000265,35418.17600000026,True,97.35521498722635,13.002156959999992
lamf-test-44149545-c52b-4763-ae20-c3268c37dc6f,"{<resource_manager.instance.OnPremInstance object at 0x148e8f8c0>: [(6, 29037.256000000267, None)]}",109.24225266973586,50948.17067998301,29037.256000000267,19872.112731623005,2,25.030987502989646,29037.256000000267,34828.98600000026,True,39.12574163098963,14.094754127999982
lamf-test-a691c5b1-12d1-40f2-af64-e72afc904125,"{<resource_manager.instance.OnPremInstance object at 0x148e8f8c0>: [(5, 29067.456000000268, None)]}",99.92248787916859,51003.169361504566,29067.456000000268,19850.692259770003,3,30.156285649098734,29067.456000000268,33032.70600000026,True,38.19781264909872,8.041526999999984
lamf-test-df81467a-4b45-4bf0-9c71-c38863eca94a,"{<resource_manager.instance.OnPremInstance object at 0x148e8f8c0>: [(3, 29097.456000000268, None)]}",90.94794091988545,51044.71395426317,29097.456000000268,19844.887936747004,2,11.137089860597525,29097.456000000268,32549.980000000265,True,15.338121063797523,4.201031203199998
lamf-test-32172143-1bae-4833-a5f0-e53bac6ac6d4,"{<resource_manager.instance.OnPremInstance object at 0x148e8f8c0>: [(6, 29247.65600000027, None)]}",101.07515126388836,51608.35266861384,29247.65600000027,20424.945745311004,1,54.21656045142694,29247.65600000027,32691.586209545258,True,62.59770900937563,8.381148557948686
lamf-test-3b06725f-04eb-4610-a2d8-34a69a9c127f,"{<resource_manager.instance.OnPremInstance object at 0x148e8f8c0>: [(5, 29338.05600000027, None)]}",123.85755114021583,51640.22949954108,29338.05600000027,20428.800205736505,3,40.355327401323265,29338.05600000027,34644.378000000266,True,51.11654841732326,10.761221015999991
lamf-test-f542227f-df52-4f0c-ae96-9700636101a5,"{<resource_manager.instance.OnPremInstance object at 0x148e8f8c0>: [(6, 29489.056000000273, None)]}",98.85116440229747,51650.597883358285,29489.056000000273,20470.108630207007,3,49.621336983800994,29489.056000000273,34926.31400000027,True,62.85344805260098,13.232111068799988
lamf-test-9aa73522-f6c8-49a8-a56a-28cd17720766,"{<resource_manager.instance.OnPremInstance object at 0x148e8f8c0>: [(6, 29940.85600000028, None)]}",99.02000673984057,51709.77870561211,29940.85600000028,20472.03714499001,1,40.39794934976046,29940.85600000028,32507.00400000028,True,46.642927122560465,6.244977772800003
lamf-test-bfb0cddb-1544-48a4-b06e-9eadc91468fd,"{<resource_manager.instance.OnPremInstance object at 0x148e8f8c0>: [(6, 29971.05600000028, None)]}",95.51732021748852,51716.521016020735,29971.05600000028,20436.937739862005,2,16.014588733660442,29971.05600000028,33676.55000000028,True,25.03227893206044,9.017690198399997
lamf-test-79eb9a19-2e44-423f-814a-791df0f7734e,"{<resource_manager.instance.OnPremInstance object at 0x148e8f8c0>: [(2, 30001.25600000028, None)]}",110.61449386789155,52109.17437599064,30001.25600000028,21013.63557736401,3,13.68574948665296,30001.25600000028,34500.104000000276,True,17.335214984252953,3.6494654975999956
lamf-test-cf5ee26c-33df-418f-9253-bf22cfb1db3e,"{<resource_manager.instance.OnPremInstance object at 0x148e8f8c0>: [(3, 30031.25600000028, None)]}",86.78911405093122,52126.3655583605,30031.25600000028,21039.828404759006,3,9.578918548939088,30031.25600000028,32130.476000000283,True,12.13324944493909,2.5543308960000015
lamf-test-7f97cbae-fe7b-4dba-87f8-0ca2882583a5,"{<resource_manager.instance.OnPremInstance object at 0x148e8f8c0>: [(4, 30061.25600000028, None)]}",101.33638951109616,52128.37266178126,30061.25600000028,21014.63557736401,2,37.17870084330962,30061.25600000028,40269.12400000029,True,53.73994588650963,16.56124504320001
lamf-test-6e9b564f-bd08-4a74-adb5-0f54b0e3a954,"{<resource_manager.instance.OnPremInstance object at 0x148e8f8c0>: [(2, 30091.456000000282, None)]}",95.10170299612852,52217.10164550932,30091.456000000282,21036.140575412006,2,25.957129081462398,30091.456000000282,39639.89000000029,True,33.7028187422624,7.745689660800006
lamf-test-0b008ed2-19e2-4099-a5b7-5ad49013ab38,"{<resource_manager.instance.OnPremInstance object at 0x148e8f8c0>: [(6, 30121.456000000282, None)]}",98.70843455961634,52320.67161432448,30121.456000000282,21046.64683059201,3,40.84037417294086,30121.456000000282,34596.54000000028,True,51.73093859534085,10.89056442239999
lamf-test-6250b41b-6866-44ee-9930-467c8f1f7d45,"{<resource_manager.instance.OnPremInstance object at 0x148e8f8c0>: [(6, 30151.656000000283, None)]}",92.1601820634213,52844.23488197925,30151.656000000283,21624.325305540006,3,42.6409673739448,30151.656000000283,34824.040000000285,True,54.0116810763448,11.370713702400005
lamf-test-ea68f53d-4ebe-4fb8-83dd-aa5b6c6a2310,"{<resource_manager.instance.OnPremInstance object at 0x148e8f8c0>: [(4, 30181.656000000283, None)]}",110.2774483129196,52858.62311405486,30181.656000000283,21620.310081123007,3,33.47191725606506,30181.656000000283,35683.18400000028,True,42.39759628326505,8.925679027199992
lamf-test-69f3610c-edfc-431a-ac62-c6c3e7603585,"{<resource_manager.instance.CloudReservedInstance object at 0x148ebe2c0>: [(3, 30211.656000000283, None)], <resource_manager.instance.CloudOnDemandInstance object at 0x1490811d0>: [(2, 30211.656000000283, None)]}",101.55343618416583,52899.4709658916,30211.656000000283,21673.580553370008,1,157.3350863519756,30211.656000000283,46044.30179420023,True,213.4741651561339,56.1390788041583
lamf-test-3caf5282-95cc-4847-bdc6-12864fd51ff6,"{<resource_manager.instance.CloudOnDemandInstance object at 0x148ebe3f0>: [(2, 30241.656000000283, None)]}",88.21646259362132,53241.25865026895,30241.656000000283,22269.40277881901,1,48.745673305359034,30642.192000000283,39269.21738439699,True,73.26091900082672,24.515245695467687
lamf-test-dfcd1cfc-af92-4194-9a51-c980d70402e7,"{<resource_manager.instance.OnPremInstance object at 0x148e8f8c0>: [(5, 31095.992000000297, None)]}",104.89919658381315,53408.712525081326,31095.992000000297,22263.59894387801,2,17.17854335689728,31095.992000000297,35388.698000000295,True,25.884151124897276,8.705607767999997
lamf-test-787e33de-2c34-4cf0-bd9d-1f6b1a5da962,"{<resource_manager.instance.OnPremInstance object at 0x148e8f8c0>: [(3, 31125.992000000297, None)]}",98.72547788684845,53647.57453790949,31125.992000000297,22253.470181761008,1,44.430994752452655,31125.992000000297,36690.022000000296,True,51.201306456452656,6.770311703999999
lamf-test-70da499d-f492-45a5-857f-ba98849424d5,"{<resource_manager.instance.OnPremInstance object at 0x148e8f8c0>: [(4, 31156.192000000297, None)]}",105.64492540905647,53930.671677274135,31156.192000000297,22836.55466321001,3,43.02853753137117,31156.192000000297,38228.47000000029,True,54.50260135857116,11.474063827199991
lamf-test-b20c0974-09ea-4c80-b141-7811b8b20475,"{<resource_manager.instance.OnPremInstance object at 0x148e8f8c0>: [(2, 31186.192000000297, None)]}",96.38631983638818,53957.97849661669,31186.192000000297,22862.02893478001,1,23.203949045554758,31186.192000000297,35483.49800000029,True,26.68992367275475,3.4859746271999943
lamf-test-48887eaf-7764-41b1-8a24-eb297e7a4537,"{<resource_manager.instance.CloudReservedInstance object at 0x148e8fe00>: [(5, 31276.7920000003, None)], <resource_manager.instance.CloudOnDemandInstance object at 0x148e8fcb0>: [(1, 31276.7920000003, None)]}",92.60848910013964,53975.80275895897,31276.7920000003,22835.55466321001,1,58.919079040963624,31276.7920000003,36732.61573457516,True,87.90914403700062,28.990064996036995
lamf-test-41153241-bf67-4ba2-bd57-821911347a85,"{<resource_manager.instance.OnPremInstance object at 0x148e8f8c0>: [(3, 31516.9920000003, None)]}",99.23133172494114,53987.58448029979,31516.9920000003,22839.503432480007,3,26.36554871092861,31516.9920000003,37295.002000000306,True,33.39623127892862,7.030682568000008
lamf-test-1bd3ea85-4b86-41d6-88ae-4d09629a5e9f,"{<resource_manager.instance.OnPremInstance object at 0x148e8f8c0>: [(5, 31547.1920000003, None)]}",91.30297666017438,53991.29030506675,31547.1920000003,22849.57197513101,2,10.849779461101486,31547.1920000003,34258.418000000296,True,16.348145789101476,5.49836632799999
lamf-test-af303474-9c6d-4cd6-af46-9ee1b2d1d0c4,"{<resource_manager.instance.OnPremInstance object at 0x148e8f8c0>: [(6, 32059.79200000031, None)]}",83.47238892971743,54020.45454920084,32059.79200000031,22833.514903297008,3,66.76329454711384,32059.79200000031,39375.38000000031,True,84.56650950391385,17.8032149568
lamf-test-5d4708b4-be70-4e57-95c0-9df21e198378,"{<resource_manager.instance.OnPremInstance object at 0x148e8f8c0>: [(5, 32240.392000000313, None)]}",119.73047030526563,54041.653773170656,32240.392000000313,22829.72375348101,1,55.32802874743326,32240.392000000313,36445.64200000031,True,63.85627574743326,8.528246999999999
lamf-test-67a1a99a-4314-4946-83c9-ed2acd2c23fe,"{<resource_manager.instance.OnPremInstance object at 0x148e8f8c0>: [(2, 32270.592000000313, None)]}",104.56386159081104,54054.59544764679,32270.592000000313,22844.46160472501,2,11.677127046443617,32270.592000000313,36566.07000000031,True,15.161618800043616,3.484491753599999
lamf-test-04e82c6f-21eb-4e35-8244-b06d0737db1d,"{<resource_manager.instance.OnPremInstance object at 0x148e8f8c0>: [(5, 32300.792000000314, None)]}",95.5159501731966,54284.977053573384,32300.792000000314,22851.73168561901,2,36.2072380985375,32300.792000000314,41348.53400000031,True,54.5560588745375,18.348820775999997
lamf-test-9638132b-b89e-4ce9-a020-504ebe7f7390,"{<resource_manager.instance.OnPremInstance object at 0x148e8f8c0>: [(3, 32511.392000000316, None)]}",103.1682902438305,54403.17337589555,32511.392000000316,23440.03537989701,2,25.764546839611477,32511.392000000316,40498.46200000032,True,35.48321361561148,9.718666776000005
lamf-test-0967a8c1-fdb4-4be1-a916-cc022480b089,"{<resource_manager.instance.OnPremInstance object at 0x148e8f8c0>: [(2, 32541.392000000316, None)]}",89.68473907463206,54447.727838964034,32541.392000000316,23457.36850174401,1,43.683709787816575,32541.392000000316,40631.49200000032,True,50.24639890781658,6.562689120000002
lamf-test-428fc4b3-a829-4902-849a-b2c3bb41b1dd,"{<resource_manager.instance.OnPremInstance object at 0x148e8f8c0>: [(6, 32722.39200000032, None)]}",111.95659614535904,54551.72364362625,32722.39200000032,23439.03537989701,3,80.83654118183888,32722.39200000032,41580.05600000032,True,102.39255229223888,21.556011110399993
lamf-test-faec5c90-186b-4555-954c-a8baf4f027a2,"{<resource_manager.instance.OnPremInstance object at 0x148e8f8c0>: [(4, 32752.39200000032, None)]}",104.23072108364673,54672.62734379417,32752.39200000032,23455.478902292012,3,24.502535554034495,32752.39200000032,36779.690000000315,True,31.036423829234487,6.533888275199992
lamf-test-5c066d18-4f49-4722-a66a-a3c4e7ab30cb,"{<resource_manager.instance.OnPremInstance object at 0x148e8f8c0>: [(3, 32782.39200000032, None)]}",105.95282638563052,55161.86928362956,32782.39200000032,24023.81474696701,3,23.815952543919668,32782.39200000032,38001.658000000316,True,30.166755412719663,6.350802868799995
lamf-test-ff254f04-4cb3-4cab-aa4a-5f045128d210,"{<resource_manager.instance.CloudOnDemandInstance object at 0x148ebe780>: [(2, 32842.39200000032, None)], <resource_manager.instance.CloudOnDemandInstance object at 0x148ebe3f0>: [(1, 32842.39200000032, None)]}",110.15545315677929,55164.75169816232,32842.39200000032,24043.724494747014,3,86.343640345075,33242.92800000032,51764.60078162351,True,196.4216977112897,110.07805736621472
lamf-test-03f57a47-31b2-463e-9964-32e1833cfbcd,"{<resource_manager.instance.OnPremInstance object at 0x148e8f8c0>: [(6, 33274.1280000003, None)]}",98.51981663568804,55191.00140268446,33274.1280000003,24026.56845614051,1,20.184019164955448,33274.1280000003,34556.2520000003,True,23.30419613135544,3.120176966399991
lamf-test-947624f9-c308-44e1-a082-5eef08d3ec8d,"{<resource_manager.instance.CloudReservedInstance object at 0x1490844d0>: [(1, 33304.5280000003, None)], <resource_manager.instance.CloudReservedInstance object at 0x149081310>: [(2, 33304.5280000003, None)], <resource_manager.instance.CloudOnDemandInstance object at 0x148e8fcb0>: [(1, 33304.5280000003, None)]}",93.19634223972996,55367.40683914056,33304.5280000003,24075.967400009013,2,87.34940895447312,33304.5280000003,48448.30491202455,True,139.81350968848994,52.46410073401682
lamf-test-9a44ea70-cb8b-427c-9af4-a87498aeb7c6,"{<resource_manager.instance.OnPremInstance object at 0x148e8f8c0>: [(2, 33334.5280000003, None)]}",116.40460154918469,55430.607198975464,33334.5280000003,24064.71993123001,3,13.112534793520412,33334.5280000003,37644.946000000295,True,16.60914587512041,3.496611081599998
lamf-test-ca1797e6-b093-4c70-86e8-71ffe0d25cca,"{<resource_manager.instance.OnPremInstance object at 0x148e8f8c0>: [(4, 33485.328000000285, None)]}",87.62355008897632,55745.13928994502,33485.328000000285,24641.381171800014,3,12.508132937866009,33485.328000000285,35541.19600000029,True,15.843573181066013,3.3354402432000034
lamf-test-c4cd6d33-84be-4a0d-a794-48962ad9461f,"{<resource_manager.instance.OnPremInstance object at 0x148e8f8c0>: [(4, 33786.12800000027, None)]}",92.44374551049617,55927.447309628405,33786.12800000027,24685.847214994013,1,68.12285451365118,33786.12800000027,40230.35400000027,True,78.57796677605117,10.455112262399991
lamf-test-b37b6ec3-b4f6-4505-b5ff-6313155b88e1,"{<resource_manager.instance.OnPremInstance object at 0x148e8f8c0>: [(5, 33937.72800000025, None)]}",92.20096869554938,55952.89962219717,33937.72800000025,24628.985934567012,2,25.383278239742474,33937.72800000025,40280.696000000244,True,38.246817343742464,12.863539103999987
lamf-test-783eef72-16ea-4bd4-8850-a7549496bd66,"{<resource_manager.instance.CloudOnDemandInstance object at 0x148ebe3f0>: [(2, 33967.72800000025, None)], <resource_manager.instance.CloudOnDemandInstance object at 0x148e8fcb0>: [(1, 33967.72800000025, None)]}",99.85904399571011,55958.130172376696,33967.72800000025,24688.98957750901,2,97.45057611775218,34368.26400000025,55973.53017237669,False,,
lamf-test-8a7888d4-6626-4d18-8e7e-6823cdaffb96,"{<resource_manager.instance.CloudReservedInstance object at 0x149081090>: [(1, 34611.26400000021, None)], <resource_manager.instance.CloudReservedInstance object at 0x148ebe2c0>: [(2, 34611.26400000021, None)], <resource_manager.instance.CloudOnDemandInstance object at 0x148ebe780>: [(2, 34611.26400000021, None)], <resource_manager.instance.CloudOnDemandInstance object at 0x148e8fcb0>: [(1, 34611.26400000021, None)]}",94.8282048828368,55980.85507180647,34611.26400000021,24675.995665355014,3,120.15295793865921,34611.26400000021,50410.17643935451,True,242.40494239438283,122.2519844557236
lamf-test-59f36aea-6cbc-457b-81ba-431f79f73291,"{<resource_manager.instance.OnPremInstance object at 0x148e8f8c0>: [(2, 34641.26400000021, None)]}",94.81833183066266,56554.03390950429,34641.26400000021,25259.09002662601,3,19.87587801353716,34641.26400000021,41174.96200000021,True,25.176013831137162,5.300135817600003
lamf-test-720b43f5-e992-4463-8b62-736d9e2ae936,"{<resource_manager.instance.OnPremInstance object at 0x148e8f8c0>: [(2, 34671.26400000021, None)]}",92.64800719218381,56980.424320625105,34671.26400000021,25879.30064522101,2,22.087338446078057,34671.26400000021,42796.180000000204,True,28.678270305278055,6.590931859199998
lamf-test-abc545e6-fca4-4495-82db-38cb26110a9d,"{<resource_manager.instance.OnPremInstance object at 0x148e8f8c0>: [(5, 34701.464000000204, None)]}",106.90985136127853,57594.94498535322,34701.464000000204,26445.37674745101,1,46.2216950338429,34701.464000000204,38214.580000000205,True,53.3462942818429,7.1245992480000035
lamf-test-b3a0db0a-ecb4-42b0-814b-3c34a8d7aaed,"{<resource_manager.instance.OnPremInstance object at 0x148e8f8c0>: [(4, 34882.26400000019, None)]}",100.59507953151345,58011.12811431351,34882.26400000019,27084.69002361101,2,14.541510729954146,34882.26400000019,38874.81400000019,True,21.019023849954138,6.477513119999993
lamf-test-ce4c822f-a3d7-44c8-9dba-10c2ea1d7fc0,"{<resource_manager.instance.OnPremInstance object at 0x148e8f8c0>: [(6, 35003.06400000018, None)]}",86.88519768848549,58311.38046124185,35003.06400000018,27033.120860109007,2,13.099449139339466,35003.06400000018,38034.04600000018,True,20.47564693453946,7.3761977951999915
lamf-test-ef36ad8e-1831-459d-b4cc-a917ad7c30ef,"{<resource_manager.instance.OnPremInstance object at 0x148e8f8c0>: [(5, 35033.06400000018, None)]}",103.50768504869966,60702.887114295765,35033.06400000018,29455.57390787501,1,109.37012898319257,35033.06400000018,43345.826000000176,True,126.22841031919256,16.85828133599999
lamf-test-b3747e60-f13b-4587-ba76-a5026ef56274,"{<resource_manager.instance.OnPremInstance object at 0x148e8f8c0>: [(2, 35063.06400000018, None)]}",92.20458272811517,60786.64932391133,35063.06400000018,29443.31651565401,3,11.690860141455605,35063.06400000018,38906.142000000174,True,14.8083650150556,3.1175048735999953
lamf-test-c1ff5343-c068-4179-8505-1de35f1c5237,"{<resource_manager.instance.OnPremInstance object at 0x148e8f8c0>: [(4, 35093.26400000018, None)]}",328.6266875432299,139120.3873416305,35093.26400000018,11445.636426259,2,63.17553700384117,35093.26400000018,52438.88200000018,True,91.31706764704117,28.141530643200003
lamf-test-2e0bd3ff-93cb-46df-ab43-ee2f13d4c7e1,"{<resource_manager.instance.OnPremInstance object at 0x148e8f8c0>: [(3, 35123.26400000018, None)]}",316.2487464140096,139141.00589139198,35123.26400000018,11437.729857366,1,75.38032968286558,35123.26400000018,44563.03500000017,True,86.86664303566558,11.486313352799993
lamf-test-34f82a8b-288c-437f-910d-553d4a2c7dfc,"{<resource_manager.instance.OnPremInstance object at 0x148e8f8c0>: [(2, 35153.464000000175, None)]}",332.1651620956545,139217.62117206203,35153.464000000175,11423.245162279998,1,31.66989854741801,35153.464000000175,41018.64000000017,True,36.427729318618006,4.757830771199994
lamf-test-26bbd872-e5de-48b0-8f8f-e6417ce7af20,"{<resource_manager.instance.OnPremInstance object at 0x148e8f8c0>: [(2, 35183.66400000017, None)]}",298.1380358381042,139254.2831349822,35183.66400000017,12014.440068250999,2,41.80282290069957,35183.66400000017,50561.000000000175,True,54.27691786389957,12.474094963200002
lamf-test-75f66efa-1a77-47ea-a0c6-c0317f11e7c2,"{<resource_manager.instance.OnPremInstance object at 0x148e8f8c0>: [(5, 35213.86400000017, None)]}",323.850834844211,139494.06209143714,35213.86400000017,11438.729857366,3,52.21313407863714,35213.86400000017,42079.369000000166,True,66.13637821863713,13.923244139999994
lamf-test-d2eb5728-b98d-4dc8-9b54-d5b61be5f0ce,"{<resource_manager.instance.CloudOnDemandInstance object at 0x1490811d0>: [(1, 35424.26400000016, None)], <resource_manager.instance.CloudOnDemandInstance object at 0x148ebe3f0>: [(1, 35424.26400000016, None)], <resource_manager.instance.CloudOnDemandInstance object at 0x148e8fcb0>: [(2, 35424.26400000016, None)]}",294.31398108778467,139651.66733573048,35424.26400000016,12026.368087331499,2,583.3692203739488,35824.80000000016,139667.0673357305,False,,
lamf-test-9d2ced27-20c6-49c1-84d1-76444fddb91f,"{<resource_manager.instance.OnPremInstance object at 0x148e8f8c0>: [(3, 35855.00000000016, None)]}",313.4023701696379,139668.19497557296,35855.00000000016,12005.282194204,2,40.88669039531019,35855.00000000016,48529.97000000016,True,56.30959389131019,15.422903496000002
lamf-test-1393ec0f-c39a-48b5-8afc-5e45c5c5f7c7,"{<resource_manager.instance.OnPremInstance object at 0x148e8f8c0>: [(6, 35885.00000000016, None)]}",354.69102159935267,139669.14836678613,35885.00000000016,12053.073523098998,3,63.68903490759748,35885.00000000016,42863.726000000155,True,80.67246250119747,16.983427593599988
lamf-test-a3da9951-7484-4541-a43a-d268b07d7f2b,"{<resource_manager.instance.OnPremInstance object at 0x148e8f8c0>: [(4, 35915.00000000016, None)]}",322.8627978188001,139747.30241428595,35915.00000000016,12049.141363532997,2,30.47112558156261,35915.00000000016,44281.22100000016,True,44.04448253196261,13.573356950399996
lamf-test-3babe4ac-4db5-41c5-ad0c-7fee914c7ec7,"{<resource_manager.instance.OnPremInstance object at 0x148e8f8c0>: [(3, 35945.00000000016, None)]}",293.72278396528714,139808.75135504524,35945.00000000016,12037.807083860998,2,47.723022499787156,35945.00000000016,50739.249000000156,True,65.72466468298715,18.001642183199998
lamf-test-3058457a-d1e2-4d92-baae-1c4c74ce602b,"{<resource_manager.instance.OnPremInstance object at 0x148e8f8c0>: [(5, 35975.20000000016, None)]}",296.32729201787157,139816.57251726952,35975.20000000016,12032.106802778999,2,139.62664668404096,35975.20000000016,70866.17600000017,True,210.38554601204098,70.75889932800001
lamf-test-151fcd56-358d-466c-9e97-a24b8c315d14,"{<resource_manager.instance.OnPremInstance object at 0x148e8f8c0>: [(4, 36005.20000000016, None)]}",286.90020368365816,139899.13194836775,36005.20000000016,12620.286711795996,1,123.45308943645905,36005.20000000016,47683.50700000016,True,142.39997471325904,18.9468852768
lamf-test-6323d458-f602-48c5-98a5-f5c1a1584292,"{<resource_manager.instance.OnPremInstance object at 0x148e8f8c0>: [(5, 36035.400000000154, None)]}",313.6595923894348,139973.88383856387,36035.400000000154,12006.564377821,1,104.55052186478053,36035.400000000154,43981.84400000015,True,120.66591029678052,16.11538843199999
lamf-test-a7a41a4b-e265-4559-96d2-89c830b4e4f3,"{<resource_manager.instance.OnPremInstance object at 0x148e8f8c0>: [(5, 36668.00000000012, None)]}",110.11661546722232,67236.04217324799,36668.00000000012,36048.612569314006,3,77.29448627272039,36668.00000000012,46831.45200000012,True,97.9059669287204,20.61148065600001
lamf-test-efb02442-ed88-49c8-bf51-dea5e65f914e,"{<resource_manager.instance.CloudReservedInstance object at 0x148e8fe00>: [(2, 36789.0000000001, None)]}",304.7860416350407,139979.9884597421,36789.0000000001,12039.814835897998,3,209.3064384307897,36789.0000000001,139995.38845974213,False,,
lamf-test-032ba352-18f7-47d0-a6f0-b7f2f4956a0a,"{<resource_manager.instance.OnPremInstance object at 0x148e8f8c0>: [(6, 36969.2000000001, None)]}",307.62274626708137,140003.39578850867,36969.2000000001,12015.440068250999,3,45.67821127081903,36969.2000000001,41974.390000000094,True,57.85884165481902,12.180630383999988
lamf-test-2674780b-0edf-4613-bd86-e3e24ce33fcb,"{<resource_manager.instance.OnPremInstance object at 0x148e8f8c0>: [(5, 37209.2000000001, None)]}",302.61464185285956,140120.25902038717,37209.2000000001,12638.164104912996,1,390.7007975511446,37209.2000000001,66904.7190000001,True,450.9233100831446,60.222512531999996
lamf-test-0479ea03-d843-4f1c-b0bd-6f829a2c5a10,"{<resource_manager.instance.OnPremInstance object at 0x148e8f8c0>: [(5, 37329.2000000001, None)]}",326.10114994784385,140377.83987521206,37329.2000000001,12622.093038870997,3,64.19996197429455,37329.2000000001,45770.85300000009,True,81.31963425829454,17.119672283999982
lamf-test-0b319882-7fad-4ae3-8912-b51a1940b68d,"{<resource_manager.instance.OnPremInstance object at 0x148e8f8c0>: [(2, 37359.2000000001, None)]}",309.96889456321867,140610.83998497523,37359.2000000001,12599.590826844997,3,161.5440352878546,37359.2000000001,90462.76300000011,True,204.62164559345462,43.077610305600004
lamf-test-e4ed1a21-f292-441c-946a-d7b9f0990c7d,"{<resource_manager.instance.OnPremInstance object at 0x148e8f8c0>: [(2, 37389.60000000009, None)]}",297.2172710903451,140820.95845055368,37389.60000000009,13221.593128204997,1,194.15116039242523,37389.60000000009,73345.84800000009,True,223.31886877002523,29.167708377599993
lamf-test-3c60492c-5568-42f7-a13b-d4f3117a23dc,"{<resource_manager.instance.OnPremInstance object at 0x148e8f8c0>: [(6, 37419.60000000009, None)]}",288.51703100665657,140984.27156137934,37419.60000000009,13241.510646670496,2,32.24633745735195,37419.60000000009,44880.83500000009,True,50.40399895335193,18.157661495999985
lamf-test-b6b347a8-b100-462f-bbd1-cdcde8345e59,"{<resource_manager.instance.CloudReservedInstance object at 0x148e8fe00>: [(3, 37449.80000000009, None)], <resource_manager.instance.CloudOnDemandInstance object at 0x148ebe3f0>: [(1, 37449.80000000009, None)]}",310.4633474601291,141034.5557332743,37449.80000000009,13243.861793843997,1,794.0260444676289,37449.80000000009,134122.4709139339,True,1134.7972094392458,340.7711649716167
lamf-test-8fdaa8c6-0ab8-4102-bf2c-7c6a5957696b,"{<resource_manager.instance.OnPremInstance object at 0x148e8f8c0>: [(3, 37570.40000000008, None)]}",305.80076715201267,141194.9049036039,37570.40000000008,13799.537474744997,3,43.9293999543691,37570.40000000008,47197.52800000007,True,55.64368930476909,11.714289350399989
lamf-test-c777b76c-0cc3-4d24-b87d-dcc762dd2026,"{<resource_manager.instance.OnPremInstance object at 0x148e8f8c0>: [(2, 37600.40000000008, None)]}",310.2741421688458,141380.86205596564,37600.40000000008,13226.930719672997,1,125.96557145030039,37600.40000000008,60928.86900000008,True,144.88962550310038,18.9240540528
lamf-test-d457b8b2-16f3-450b-ba2f-e7b966006e63,"{<resource_manager.instance.OnPremInstance object at 0x148e8f8c0>: [(6, 37690.800000000076, None)]}",308.6020686022321,141407.90682708108,37690.800000000076,13802.035758839998,1,227.4891745379876,37690.800000000076,52141.30800000007,True,262.6559308067876,35.166756268799986
lamf-test-95f36198-5f8e-46dc-93db-fc5d6a810881,"{<resource_manager.instance.OnPremInstance object at 0x148e8f8c0>: [(3, 37720.800000000076, None)]}",312.84764381313755,141603.79902986577,37720.800000000076,13812.807549719999,2,76.98726219364973,37720.800000000076,61587.03200000007,True,106.02769329124973,29.0404310976
lamf-test-87976d93-8677-4270-9b15-bf91d2c51eaa,"{<resource_manager.instance.OnPremInstance object at 0x148e8f8c0>: [(3, 38111.20000000007, None)]}",311.39111778496914,141609.6053795625,38111.20000000007,13856.199799778997,2,44.081275882494545,38111.20000000007,51776.49900000007,True,60.70921170569454,16.6279358232
lamf-test-64282f81-8a38-42e2-8686-39f8e7fadae5,"{<resource_manager.instance.OnPremInstance object at 0x148e8f8c0>: [(5, 38231.40000000007, None)]}",308.1387838586121,141647.22745259065,38231.40000000007,13824.595913967998,2,17.9279801240933,38231.40000000007,42711.38100000007,True,27.013381592093296,9.085401467999999
lamf-test-6ffd71d7-ab96-484d-939d-8341469b380b,"{<resource_manager.instance.OnPremInstance object at 0x148e8f8c0>: [(3, 38291.600000000064, None)]}",291.65416309527114,141700.63618230613,38291.600000000064,13858.199799778997,3,150.62739676020985,38291.600000000064,71301.59400000006,True,190.79395745940985,40.16656069919999
lamf-test-e1a8ae4a-b274-4245-9dc7-b8b20b25f60b,"{<resource_manager.instance.OnPremInstance object at 0x148e8f8c0>: [(4, 38321.600000000064, None)]}",307.3714712616934,141707.78382767068,38321.600000000064,13832.726516791998,3,178.27199634953226,38321.600000000064,67622.83100000006,True,225.81031352393225,47.5383171744
lamf-test-68fc4f1f-0368-4356-8862-a5c873470b2b,"{<resource_manager.instance.OnPremInstance object at 0x148e8f8c0>: [(4, 38952.40000000005, None)]}",313.35740939256686,141714.28064146993,38952.40000000005,13857.199799778997,2,57.96568034745655,38952.40000000005,54867.58800000005,True,83.78648135865654,25.82080101119999
lamf-test-20e1ba49-4666-4d28-9ab3-d9b988f76cc5,"{<resource_manager.instance.CloudReservedInstance object at 0x1490844d0>: [(1, 39313.20000000004, None)], <resource_manager.instance.CloudReservedInstance object at 0x149081310>: [(2, 39313.20000000004, None)], <resource_manager.instance.CloudOnDemandInstance object at 0x148ebe3f0>: [(2, 39313.20000000004, None)], <resource_manager.instance.CloudOnDemandInstance object at 0x148e8fcb0>: [(1, 39313.20000000004, None)]}",285.6765311197183,141787.4204462041,39313.20000000004,14401.688528404997,1,709.3686796073724,39313.20000000004,93966.45450092196,True,1047.12579242307,337.75711281569744
lamf-test-19917d27-b721-40ad-a37a-4370c7a734bc,"{<resource_manager.instance.OnPremInstance object at 0x148e8f8c0>: [(2, 39583.600000000035, None)]}",301.1069329229973,141815.03135516768,39583.600000000035,14453.712175463996,2,52.64656770220119,39583.600000000035,58949.85100000003,True,68.35647051340119,15.709902811199997
lamf-test-0aaede3d-34d4-43d5-b971-8a2a954407b0,"{<resource_manager.instance.OnPremInstance object at 0x148e8f8c0>: [(2, 39613.600000000035, None)]}",291.4038438976179,141956.68455557668,39613.600000000035,14428.666940440997,1,149.13477374705298,39613.600000000035,67232.94000000003,True,171.53958235505297,22.404808607999996
lamf-test-68ff13a7-de65-4a50-8bee-581fe346b072,"{<resource_manager.instance.OnPremInstance object at 0x148e8f8c0>: [(4, 39674.00000000003, None)]}",316.0799972187193,141984.99290808165,39674.00000000003,14461.273399166996,1,68.50966332040454,39674.00000000003,46154.817000000025,True,79.02414082120454,10.514477500799993
lamf-test-4cc1e286-0e7f-464c-8240-c10883a7da2a,"{<resource_manager.instance.OnPremInstance object at 0x148e8f8c0>: [(4, 40335.8, None)]}",316.2330750787407,142013.00259311413,40335.8,14422.447894621997,3,99.8567008898015,40335.8,56748.497,True,126.4846605026015,26.627959612799998
lamf-test-c5f3d318-ed60-437f-9c1e-4a6f0f18365e,"{<resource_manager.instance.OnPremInstance object at 0x148e8f8c0>: [(5, 40396.0, None)]}",302.37657057421836,142079.5981157021,40396.0,14459.896461647995,2,64.60978507805046,40396.0,56541.187999999995,True,97.35222634205044,32.742441263999986
lamf-test-59fd6bbc-b1e0-4afd-a720-743bb563c136,"{<resource_manager.instance.OnPremInstance object at 0x148e8f8c0>: [(2, 40426.0, None)]}",321.20760313523465,142096.93130178886,40426.0,14418.023063782997,2,47.309841852028704,40426.0,57829.11499999999,True,61.427248740028695,14.117406887999993
lamf-test-a7598ecc-5cec-4bf9-9a0f-c71ca0dbae0e,"{<resource_manager.instance.OnPremInstance object at 0x148e8f8c0>: [(6, 40606.399999999994, None)]}",294.2224632206372,142157.3711237107,40606.399999999994,14431.901926018996,3,42.113967602099,40606.399999999994,45221.03799999999,True,53.344150638899,11.230183036799998
lamf-test-3d2e4ca8-d6e8-4002-a809-14108f6da5be,"{<resource_manager.instance.CloudOnDemandInstance object at 0x1490816d0>: [(1, 41297.59999999998, None)], <resource_manager.instance.CloudOnDemandInstance object at 0x1490811d0>: [(4, 41297.59999999998, None)]}",306.2018292174168,142166.57521148305,41297.59999999998,14407.494067100997,2,383.9046295870967,41698.13599999998,142181.97521148308,False,,
lamf-test-398c2e41-0ba6-4e76-8602-21bfa67e2257,"{<resource_manager.instance.OnPremInstance object at 0x148e8f8c0>: [(5, 41789.53599999996, None)]}",308.43937206382503,142284.6790279299,41789.53599999996,14415.023063782997,2,64.39889031029591,41789.53599999996,57882.02399999995,True,97.0344559742959,32.63556566399998
lamf-test-404ab15a-5fdc-47da-96ca-6bf36dbfc057,"{<resource_manager.instance.OnPremInstance object at 0x148e8f8c0>: [(4, 42029.73599999995, None)]}",285.63536765098837,142317.48571287256,42029.73599999995,14412.225231325998,2,70.60093124937639,42029.73599999995,61414.086999999956,True,102.05010231177639,31.449171062400005
lamf-test-e3ac6e81-3f29-40d1-91c8-119f86b94741,"{<resource_manager.instance.OnPremInstance object at 0x148e8f8c0>: [(2, 42060.13599999995, None)]}",292.3170995981352,142370.9449034151,42060.13599999995,14462.273399166996,2,78.30095983581445,42060.13599999995,70863.45799999996,True,101.66621464221446,23.365254806400007
lamf-test-95c3a7f0-6def-4a58-8473-af92a11ec586,"{<resource_manager.instance.OnPremInstance object at 0x148e8f8c0>: [(3, 42090.13599999995, None)]}",312.05091942501133,142425.49464772895,42090.13599999995,14447.198671816996,1,180.88723477070508,42090.13599999995,64742.385999999955,True,208.45049257070508,27.56325780000001
lamf-test-cd918581-b0d1-458e-92b2-5c59b3bd83b5,"{<resource_manager.instance.OnPremInstance object at 0x148e8f8c0>: [(3, 42150.935999999936, None)]}",301.10787935133226,142662.79653820174,42150.935999999936,15021.978463515996,2,29.122747216893423,42150.935999999936,51179.05599999993,True,40.108163632893415,10.985416415999994
lamf-test-499e704f-e77f-4d06-942d-f6729f7df6df,"{<resource_manager.instance.CloudOnDemandInstance object at 0x148ebe780>: [(2, 42180.935999999936, None)], <resource_manager.instance.CloudOnDemandInstance object at 0x148e8fcb0>: [(1, 42180.935999999936, None)]}",295.12516285873096,142717.18744486905,42180.935999999936,15059.634976499998,2,363.6039919351831,42581.471999999936,124288.17265649431,True,869.4830984231762,505.87910648799317
lamf-test-f9efe039-70ce-49b9-a1a8-bee3de1d2b34,"{<resource_manager.instance.CloudReservedInstance object at 0x1490844d0>: [(2, 42612.271999999924, None)], <resource_manager.instance.CloudReservedInstance object at 0x149081090>: [(1, 42612.271999999924, None)], <resource_manager.instance.CloudReservedInstance object at 0x148e8fe00>: [(1, 42612.271999999924, None)], <resource_manager.instance.CloudOnDemandInstance object at 0x148ebe780>: [(1, 42612.271999999924, None)]}",307.9037058422363,142772.24012459003,42612.271999999924,15629.788735549999,3,332.6560911261937,42612.271999999924,97288.45877772894,True,635.5731011121679,302.9170099859743
lamf-test-2b6c6b3a-28c9-458c-9ffa-76aefcc26451,"{<resource_manager.instance.OnPremInstance object at 0x148e8f8c0>: [(5, 42913.07199999991, None)]}",317.28833254019617,143290.12378833207,42913.07199999991,15616.921587961999,1,346.88120929348236,42913.07199999991,69278.04899999991,True,400.3493826494823,53.468173355999994
lamf-test-893ff824-f1d2-4433-939e-c7c4d678a42b,"{<resource_manager.instance.CloudOnDemandInstance object at 0x148e8fcb0>: [(2, 42943.27199999991, None)]}",291.47945752946964,143315.2888385277,42943.27199999991,15606.998752514997,1,369.0058925035245,43343.80799999991,143330.6888385277,False,,
lamf-test-9ad3c991-d587-4e6c-87f0-aa8b942b2b5d,"{<resource_manager.instance.CloudOnDemandInstance object at 0x1490816d0>: [(3, 43374.6079999999, None)], <resource_manager.instance.CloudOnDemandInstance object at 0x1490811d0>: [(1, 43374.6079999999, None)], <resource_manager.instance.CloudOnDemandInstance object at 0x148ebe3f0>: [(2, 43374.6079999999, None)]}",294.2702271699325,143451.39772560995,43374.6079999999,15610.639075430998,2,529.9431406507424,43775.1439999999,126146.73382881237,False,,
lamf-test-3d742955-a0c8-4cdc-8c38-f5e5804b4cff,"{<resource_manager.instance.OnPremInstance object at 0x148e8f8c0>: [(4, 43805.54399999989, None)]}",303.65987588610506,144091.8137993474,43805.54399999989,16252.325207812997,1,136.45799878317743,43805.54399999989,56714.07799999989,True,157.40080434477744,20.9428055616
lamf-test-821bad57-9b5b-4590-ab6a-b75593f800f8,"{<resource_manager.instance.OnPremInstance object at 0x148e8f8c0>: [(4, 43985.74399999989, None)]}",293.93899056747387,144093.4646499395,43985.74399999989,16233.122271661998,3,278.6105589778689,43985.74399999989,89778.87199999987,True,352.9053298450689,74.29477086719997
lamf-test-308f236e-0576-4952-874f-b146870f6d77,"{<resource_manager.instance.OnPremInstance object at 0x148e8f8c0>: [(3, 44045.74399999989, None)]}",296.126707886245,144387.80061273763,44045.74399999989,16852.927936872,3,56.66769336071183,44045.74399999989,56464.46899999989,True,71.77879794071183,15.11110458
lamf-test-7c801ce0-8eb2-4e0d-9312-eaf55e74d22a,"{<resource_manager.instance.OnPremInstance object at 0x148e8f8c0>: [(2, 44075.94399999989, None)]}",282.54429039316733,144547.27524249576,44075.94399999989,16839.503448162,2,63.737943351053154,44075.94399999989,67522.20199999989,True,82.75754784065316,19.019604489600002
lamf-test-17fee575-0b26-45f7-83d5-67d080c53e61,"{<resource_manager.instance.OnPremInstance object at 0x148e8f8c0>: [(5, 44345.94399999989, None)]}",339.37001802300927,144686.28730716027,44345.94399999989,16864.251285024002,3,117.15399650163509,44345.94399999989,59750.522999999885,True,148.39448271363509,31.240486211999993
lamf-test-c8945c61-1ea7-4681-928a-edc22713889d,"{<resource_manager.instance.OnPremInstance object at 0x148e8f8c0>: [(5, 45067.343999999866, None)]}",305.7727422550137,144692.77839173115,45067.343999999866,16865.251285024002,2,29.93839312793314,45067.343999999866,52548.57899999986,True,45.11033770793313,15.171944579999986
lamf-test-2148cf4d-7170-4032-92ad-bc67bc5cec9e,"{<resource_manager.instance.CloudOnDemandInstance object at 0x1490811d0>: [(1, 45247.74399999986, None)], <resource_manager.instance.CloudOnDemandInstance object at 0x148ebe3f0>: [(2, 45247.74399999986, None)]}",290.5571510371029,144899.50330697032,45247.74399999986,17457.909175987006,3,353.72530998493846,45648.27999999986,144914.90330697034,False,,
lamf-test-55230e23-b521-4f16-a8cb-73a7c6580475,"{<resource_manager.instance.OnPremInstance object at 0x148e8f8c0>: [(4, 45679.07999999985, None)]}",312.3489385286271,145008.49992432614,45679.07999999985,17442.851224831003,2,73.47515733510761,45679.07999999985,65852.58499999985,True,106.20465184710761,32.729494511999995
lamf-test-416bbbfd-81e6-4f7c-9a56-8c0e7175f623,"{<resource_manager.instance.OnPremInstance object at 0x148e8f8c0>: [(3, 45709.07999999985, None)]}",318.1012839054559,145076.19408747382,45709.07999999985,17418.520664014002,2,32.12001484338139,45709.07999999985,55666.35999999984,True,44.23603314738138,12.11601830399999
lamf-test-3e7fd149-2562-452d-b778-aa63ebe3ca13,"{<resource_manager.instance.OnPremInstance object at 0x148e8f8c0>: [(2, 45739.07999999985, None)]}",306.14407437283273,145129.3560039889,45739.07999999985,17421.022298104002,2,51.32128922812108,45739.07999999985,64617.82199999985,True,66.63572473852108,15.3144355104
lamf-test-56207b5b-5fb7-4cc8-b917-b36e1b064de2,"{<resource_manager.instance.OnPremInstance object at 0x148e8f8c0>: [(5, 45859.47999999984, None)]}",317.0752713451876,145163.39363796654,45859.47999999984,17447.431456384005,2,63.78941643688011,45859.47999999984,61799.667999999845,True,96.11611770088011,32.326701264
lamf-test-28862540-93f6-42de-8ec4-72cbed9815ad,"{<resource_manager.instance.CloudReservedInstance object at 0x148ebe2c0>: [(3, 46100.079999999834, None)], <resource_manager.instance.CloudOnDemandInstance object at 0x148ebe780>: [(1, 46100.079999999834, None)], <resource_manager.instance.CloudOnDemandInstance object at 0x1490811d0>: [(2, 46100.079999999834, None)]}",315.0001679546882,145482.22812972116,46100.079999999834,18062.688092095003,3,383.43366792853425,46100.079999999834,100119.03678134587,True,695.4244743357408,311.99080640720655
lamf-test-5fc71200-6539-46cf-9073-1ac0b6be235f,"{<resource_manager.instance.CloudOnDemandInstance object at 0x148ebe780>: [(3, 46820.47999999983, None)], <resource_manager.instance.CloudOnDemandInstance object at 0x1490811d0>: [(2, 46820.47999999983, None)]}",298.6298021940167,145503.48073705542,46820.47999999983,18032.993320309004,2,254.529683686841,47221.01599999983,98389.42858493545,False,,
lamf-test-927fb6c3-ba3c-488b-96a5-466be1c02fa9,"{<resource_manager.instance.OnPremInstance object at 0x148e8f8c0>: [(6, 47251.61599999982, None)]}",330.8093779162473,145589.68246966315,47251.61599999982,18026.876167828006,1,269.8809295003421,47251.61599999982,64394.92199999981,True,311.6008789819421,41.719949481599976
lamf-test-8aea85bd-3d6c-4aba-b7de-dd2346b0e93e,"{<resource_manager.instance.OnPremInstance object at 0x148e8f8c0>: [(6, 47281.61599999982, None)]}",302.51103083949494,145679.9536037651,47281.61599999982,18046.285132939003,1,454.463659137577,47281.61599999982,76149.93799999982,True,524.717607556777,70.2539484192
lamf-test-232b6ce2-ea24-476c-b62f-210ae1decc5b,"{<resource_manager.instance.OnPremInstance object at 0x148e8f8c0>: [(4, 47311.61599999982, None)]}",311.1617610976437,145779.87693605083,47311.61599999982,18050.294817064,2,65.55279747709898,47311.61599999982,65309.93999999982,True,94.75327833469898,29.2004808576
lamf-test-1e5c4d41-c6bb-47f9-a0f9-f492c659a647,"{<resource_manager.instance.OnPremInstance object at 0x148e8f8c0>: [(6, 47702.21599999981, None)]}",295.19389174920065,145828.67488725748,47702.21599999981,18029.374257691004,3,63.52750171115672,47702.21599999981,54663.24199999981,True,80.46785458475671,16.940352873599995
lamf-test-5c2155b4-aa4a-428b-9192-860339f49ef5,"{<resource_manager.instance.CloudOnDemandInstance object at 0x148ebe3f0>: [(2, 47732.41599999981, None)]}",326.1375748222798,145840.54647245302,47732.41599999981,18065.836897825004,3,298.49731682242975,48132.95199999981,145855.94647245304,False,,
lamf-test-58f4bde2-1252-4878-b4ed-54f9ec3d6ddb,"{<resource_manager.instance.CloudOnDemandInstance object at 0x1490811d0>: [(1, 48163.151999999805, None)], <resource_manager.instance.CloudOnDemandInstance object at 0x148e8fcb0>: [(2, 48163.151999999805, None)]}",306.6623561408906,145850.33477150736,48163.151999999805,18015.191007301004,3,228.75155437934387,48563.687999999805,138398.77765601958,True,616.3938762787827,387.6423218994388
lamf-test-12047e13-b691-4e4d-bcc8-16e2900e16aa,"{<resource_manager.instance.CloudReservedInstance object at 0x1490844d0>: [(1, 48594.487999999794, None)], <resource_manager.instance.CloudReservedInstance object at 0x149081310>: [(2, 48594.487999999794, None)]}",306.19560311302496,146043.84820840618,48594.487999999794,18640.639447968002,1,541.387024758852,48594.487999999794,144793.1094669477,True,710.9659546807877,169.57892992193575
lamf-test-e050ad2a-f776-4985-ad86-c1f9e8bbb5cd,"{<resource_manager.instance.OnPremInstance object at 0x148e8f8c0>: [(3, 48654.68799999979, None)]}",326.0139069441622,146132.78093291156,48654.68799999979,18641.749483734002,3,74.41276294775271,48654.68799999979,64962.2449999998,True,94.25579830535273,19.843035357600012
lamf-test-8d46ff55-9a1d-4004-b52e-0bb94df560fe,"{<resource_manager.instance.OnPremInstance object at 0x148e8f8c0>: [(3, 48684.68799999979, None)]}",314.6188735020299,146314.48993539202,48684.68799999979,18638.639447968002,1,91.43953228382384,48684.68799999979,60135.52999999979,True,105.37291682942383,13.933384545599997
lamf-test-62ab7363-ee6e-4e41-9bd6-da86db171176,"{<resource_manager.instance.CloudReservedInstance object at 0x149081090>: [(2, 50488.08799999974, None)], <resource_manager.instance.CloudReservedInstance object at 0x148ebe2c0>: [(2, 50488.08799999974, None)], <resource_manager.instance.CloudOnDemandInstance object at 0x148ebe780>: [(2, 50488.08799999974, None)]}",317.6880653321237,146538.92610194144,50488.08799999974,18666.222085125002,3,681.8908071220544,50488.08799999974,146554.32610194146,False,,
lamf-test-79b31340-0554-44ef-87de-f4504dbdfc60,"{<resource_manager.instance.OnPremInstance object at 0x148e8f8c0>: [(6, 51870.08799999971, None)]}",304.54338810954675,146708.40086983316,51870.08799999971,19258.120549476003,1,274.20714921286776,51870.08799999971,69288.2029999997,True,316.59587387686776,42.38872466399998
lamf-test-62c9483c-2445-4359-99d9-4d8c66a14529,"{<resource_manager.instance.OnPremInstance object at 0x148e8f8c0>: [(3, 51900.08799999971, None)]}",345.02192360533996,146946.99960224002,51900.08799999971,19221.701330196003,2,36.831679165429556,51900.08799999971,63317.994999999704,True,50.72498840302955,13.893309237599992
lamf-test-e5f8465a-4435-4b7a-801a-354ef982dcda,"{<resource_manager.instance.OnPremInstance object at 0x148e8f8c0>: [(3, 51930.08799999971, None)]}",304.6031866584939,147037.1767293056,51930.08799999971,19240.728016643003,1,214.42895733515857,51930.08799999971,78782.71999999971,True,247.10323995275857,32.6742826176
lamf-test-1f9296c3-4641-4962-ac2a-3bdd3909621e,"{<resource_manager.instance.CloudOnDemandInstance object at 0x148ebe780>: [(2, 51960.08799999971, None)]}",333.675220822951,147055.33369260412,51960.08799999971,19222.701330196003,2,66.76601826821125,52360.62399999971,76520.23549844153,True,176.2944520522624,109.52843378405113
lamf-test-56707fec-34cd-4c0e-a454-d4551f611032,"{<resource_manager.instance.OnPremInstance object at 0x148e8f8c0>: [(4, 52390.82399999971, None)]}",312.7950515260771,147064.55791632956,52390.82399999971,19246.953319904005,3,87.7442299794661,52390.82399999971,66812.6849999997,True,111.14225726586609,23.398027286399994
lamf-test-e000b273-6e93-45bd-85e3-de8e007da692,"{<resource_manager.instance.CloudOnDemandInstance object at 0x1490816d0>: [(1, 52420.82399999971, None)], <resource_manager.instance.CloudOnDemandInstance object at 0x148e8fcb0>: [(2, 52420.82399999971, None)]}",284.69120725614476,147144.6356600563,52420.82399999971,19213.844462946003,3,264.18519234938583,52821.35999999971,147160.03566005628,False,,
lamf-test-e846f77b-9785-4a57-980e-5e6be4c30da6,"{<resource_manager.instance.OnPremInstance object at 0x148e8f8c0>: [(3, 52851.55999999971, None)]}",318.0816768556553,147146.09269594832,52851.55999999971,19259.120549476003,3,154.2464613278576,52851.55999999971,86654.6719999997,True,195.3780880094576,41.1316266816
lamf-test-3bd57c11-f664-4998-9d53-96c6dc4f87c4,"{<resource_manager.instance.OnPremInstance object at 0x148e8f8c0>: [(4, 52881.55999999971, None)]}",326.99178124993756,147262.79497996505,52881.55999999971,19253.918178549004,1,278.57531348391507,52881.55999999971,79233.9829999997,True,321.32948455911503,42.75417107519999
lamf-test-9655ffad-b7de-4846-8625-1393b7fdfd45,"{<resource_manager.instance.OnPremInstance object at 0x148e8f8c0>: [(3, 52911.759999999704, None)]}",323.69507710357215,147494.11103895144,52911.759999999704,19818.832830067004,1,131.28499201460187,52911.759999999704,69352.3919999997,True,151.28995303220188,20.0049610176
lamf-test-08f07093-2907-4ba0-a255-32c22f0fcc78,"{<resource_manager.instance.OnPremInstance object at 0x148e8f8c0>: [(3, 52941.759999999704, None)]}",298.09142219625704,147542.922313679,52941.759999999704,19851.692259770003,3,20.556609628108564,52941.759999999704,57446.740999999696,True,26.038270508908553,5.481660880799991
lamf-test-9c4c82a6-08d5-47bd-9589-83ce8af6f468,"{<resource_manager.instance.OnPremInstance object at 0x148e8f8c0>: [(6, 53572.959999999686, None)]}",291.9040113839834,147549.71614989667,53572.959999999686,19842.887936747004,3,95.4614556240018,53572.959999999686,64033.148999999685,True,120.9173715744018,25.455915950399998
lamf-test-6f2e770b-ffa0-4b22-be2e-700e1acc453c,"{<resource_manager.instance.CloudReservedInstance object at 0x1490844d0>: [(2, 54803.95999999967, None)], <resource_manager.instance.CloudReservedInstance object at 0x148ebe520>: [(1, 54803.95999999967, None)], <resource_manager.instance.CloudOnDemandInstance object at 0x148ebe3f0>: [(2, 54803.95999999967, None)], <resource_manager.instance.CloudOnDemandInstance object at 0x148e8fcb0>: [(1, 54803.95999999967, None)]}",314.03861715723247,147928.8912613494,54803.95999999967,20422.450499706003,3,170.00888338377,54803.95999999967,76437.31620270798,True,336.4645793498888,166.4556959661188
lamf-test-9329565e-0cc9-410e-9937-6b7537e158ae,"{<resource_manager.instance.OnPremInstance object at 0x148e8f8c0>: [(6, 54923.95999999967, None)]}",289.93639360238836,148073.77678839667,54923.95999999967,20459.556595828006,1,141.0833853524982,54923.95999999967,63885.821999999665,True,162.8929727156982,21.809587363199988
lamf-test-dd9abd19-48be-42ba-b1bc-fa915a5dcef1,"{<resource_manager.instance.OnPremInstance object at 0x148e8f8c0>: [(4, 55284.15999999967, None)]}",320.9475259671587,148098.10107637374,55284.15999999967,20421.450499706003,2,104.99739607257858,55284.15999999967,84112.48199999967,True,151.76846568537857,46.7710696128
lamf-test-a0961e5f-36f8-49a0-be25-041d077e1525,"{<resource_manager.instance.OnPremInstance object at 0x148e8f8c0>: [(2, 55314.15999999967, None)]}",302.7913218356865,148194.36308946126,55314.15999999967,20453.909693551006,2,28.10097685876388,55314.15999999967,65651.21699999967,True,36.48639749716388,8.385420638400001
lamf-test-20435df7-63e4-419e-8d22-d33076e8dcf2,"{<resource_manager.instance.OnPremInstance object at 0x148e8f8c0>: [(2, 55344.15999999967, None)]}",307.8323914198774,148201.2222357064,55344.15999999967,20473.03714499001,2,35.3451876960415,55344.15999999967,68346.02899999967,True,45.892303828841506,10.547116132800005
lamf-test-e9e3c180-3644-4ec5-bd7f-fb857cf9758f,"{<resource_manager.instance.OnPremInstance object at 0x148e8f8c0>: [(5, 55464.55999999966, None)]}",277.1468078662494,148209.30264627098,55464.55999999966,20457.899654818008,1,58.94263540953675,55464.55999999966,59944.540999999655,True,68.02803687753674,9.085401467999985
lamf-test-3e227187-9182-4a9b-bf09-75d5b5a39b59,"{<resource_manager.instance.OnPremInstance object at 0x148e8f8c0>: [(2, 55494.55999999966, None)]}",320.9833484047092,148226.28557971353,55494.55999999966,20437.937739862005,2,50.52940986100035,55494.55999999966,74082.00599999964,True,65.60754605620033,15.078136195199985
lamf-test-f86b8860-b2ed-456c-9f30-6f6a9139ebf4,"{<resource_manager.instance.OnPremInstance object at 0x148e8f8c0>: [(5, 55764.75999999966, None)]}",305.1378797801942,148534.11563880177,55764.75999999966,20448.247032244006,3,144.49666134306776,55764.75999999966,74764.62599999964,True,183.0283895910677,38.53172824799996
lamf-test-4f1fe545-8677-4a84-8abf-5cf06961f85c,"{<resource_manager.instance.OnPremInstance object at 0x148e8f8c0>: [(6, 56155.55999999965, None)]}",310.3840944895742,148596.84416475022,56155.55999999965,21028.765118714007,2,35.082663797584004,56155.55999999965,64273.07099999965,True,54.837438567184,19.754774769599997
lamf-test-0c64519c-480b-40a3-83cb-e32930215173,"{<resource_manager.instance.OnPremInstance object at 0x148e8f8c0>: [(4, 56606.15999999964, None)]}",305.2027703895845,148685.84469017663,56606.15999999964,21024.92549838701,3,167.527793748574,56606.15999999964,84141.44699999964,True,212.201043377374,44.673249628799994
lamf-test-4b6bc7a8-825f-4ed7-a11d-b9402493f256,"{<resource_manager.instance.CloudOnDemandInstance object at 0x148ebe3f0>: [(2, 56636.15999999964, None)]}",315.0940754980354,148695.33106378015,56636.15999999964,21017.69955192101,2,250.30193707395694,57036.69599999964,148710.73106378014,False,,
lamf-test-d80357f1-4d3d-475b-a1da-53fbb3ddaa84,"{<resource_manager.instance.OnPremInstance object at 0x148e8f8c0>: [(6, 57067.095999999634, None)]}",308.2995677163823,148845.5941167384,57067.095999999634,21043.414791323008,1,508.59887405886377,57067.095999999634,89374.18099999963,True,587.2213961148638,78.62252205600001
lamf-test-545db71e-0ac4-4fd9-bae7-0ae698ee188a,"{<resource_manager.instance.OnPremInstance object at 0x148e8f8c0>: [(5, 57908.29599999962, None)]}",303.0498265026395,148858.25840641966,57908.29599999962,21025.92549838701,2,19.325760231103644,57908.29599999962,62737.56499999962,True,29.119517763103644,9.793757531999999
lamf-test-6c201a0a-e193-4746-b7c6-ff82b4d5eeef,"{<resource_manager.instance.OnPremInstance object at 0x148e8f8c0>: [(6, 58780.09599999959, None)]}",319.4947582934635,148861.61283712782,58780.09599999959,21016.69955192101,2,64.64495529460208,58780.09599999959,73737.80099999957,True,101.04602618260205,36.40107088799996
lamf-test-7c4919b0-6563-4e4b-a109-6e7eddf9dab2,"{<resource_manager.instance.OnPremInstance object at 0x148e8f8c0>: [(4, 60191.49599999957, None)]}",284.9077105670405,149398.17052017164,60191.49599999957,21664.566921627007,3,155.75763936421012,60191.49599999957,85792.21099999956,True,197.2922393802101,41.534600015999985
lamf-test-ed127e72-be6f-436a-8fe9-27a8ad06a858,"{<resource_manager.instance.OnPremInstance object at 0x148e8f8c0>: [(6, 61873.49599999954, None)]}",328.19458272409565,149538.1952729483,61873.49599999954,21622.450913496006,3,167.84515628564915,61873.49599999954,80265.12899999955,True,212.60303435444916,44.757878068800025
lamf-test-ecb2683b-9e41-48ec-91a2-6a6d38c45b39,"{<resource_manager.instance.OnPremInstance object at 0x148e8f8c0>: [(2, 61903.69599999954, None)]}",329.9077900544537,149631.14253066631,61903.69599999954,21672.580553370008,3,72.8090866225569,61903.69599999954,85837.86299999956,True,92.22448289295693,19.41539627040002
lamf-test-56573715-8535-4ef6-86b5-dcb681b21f75,"{<resource_manager.instance.CloudReservedInstance object at 0x149081090>: [(2, 61933.69599999954, None)]}",309.32301155717374,149673.6756680079,61933.69599999954,21650.005959672006,2,150.05590355870086,61933.69599999954,149689.07566800792,False,,
lamf-test-2b8a61cc-a82b-4153-b888-886b130ebdcb,"{<resource_manager.instance.OnPremInstance object at 0x148e8f8c0>: [(6, 62714.495999999526, None)]}",288.0380279745152,149692.93069178937,62714.495999999526,21667.731243828006,1,258.5791451060916,62714.495999999526,79139.89299999952,True,298.55199124529156,39.97284613919998
lamf-test-870691de-e40a-44a6-b524-758dc9ee2699,"{<resource_manager.instance.OnPremInstance object at 0x148e8f8c0>: [(6, 64095.69599999951, None)]}",318.593861795503,149756.6699843364,64095.69599999951,22248.577686655008,3,59.2362947752681,64095.69599999951,70586.51299999951,True,75.0323470264681,15.796052251200008
lamf-test-f73d4880-234f-4ef4-b427-8c893deb0ab7,"{<resource_manager.instance.OnPremInstance object at 0x148e8f8c0>: [(5, 64336.0959999995, None)]}",289.55899307824876,149780.5497276778,64336.0959999995,22228.112255752007,2,73.64722614606964,64336.0959999995,82739.6289999995,True,110.96959107006964,37.322364924000006
lamf-test-95b7467a-1a49-4273-9a59-d080cf448191,"{<resource_manager.instance.OnPremInstance object at 0x148e8f8c0>: [(6, 64456.0959999995, None)]}",303.1008089718593,149946.24459609113,64456.0959999995,22255.557323662008,1,180.18409377138943,64456.0959999995,75901.7029999995,True,208.0381229665894,27.854029195199992
lamf-test-6557112d-0dd1-4a4f-956a-4810ab29fb87,"{<resource_manager.instance.OnPremInstance object at 0x148e8f8c0>: [(5, 64486.0959999995, None)]}",284.1643475390076,150128.06457732187,64486.0959999995,22840.503432480007,3,260.8435698532208,64486.0959999995,98784.4169999995,True,330.4005648412208,69.556994988
lamf-test-4b6ef0de-0d6b-4c17-a583-0b04e2222603,"{<resource_manager.instance.OnPremInstance object at 0x148e8f8c0>: [(6, 64996.695999999494, None)]}",304.5800255914627,150217.70628194997,64996.695999999494,22260.239183431007,2,51.498367738814615,64996.695999999494,76912.51199999951,True,80.49669755641465,28.998329817600034
lamf-test-816ecb3f-0729-4858-99cd-1237c929b94a,"{<resource_manager.instance.OnPremInstance object at 0x148e8f8c0>: [(6, 65026.89599999949, None)]}",325.447174391888,150454.03899938046,65026.89599999949,22822.490510912008,1,125.57030253251192,65026.89599999949,73003.33999999949,True,144.9817766509119,19.41147411839999
lamf-test-9e038649-678e-4ec1-8038-665a8a0ccdab,"{<resource_manager.instance.CloudReservedInstance object at 0x148e8fe00>: [(1, 65207.09599999949, None)], <resource_manager.instance.CloudReservedInstance object at 0x148ebe520>: [(1, 65207.09599999949, None)], <resource_manager.instance.CloudOnDemandInstance object at 0x148ebe780>: [(1, 65207.09599999949, None)], <resource_manager.instance.CloudOnDemandInstance object at 0x148ebe3f0>: [(2, 65207.09599999949, None)], <resource_manager.instance.CloudOnDemandInstance object at 0x148e8fcb0>: [(1, 65207.09599999949, None)]}",305.1144082584737,150558.7131094,65207.09599999949,22821.490510912008,1,1164.2825868851241,65207.09599999949,150574.11310940003,False,,
lamf-test-fe21cf99-74f2-4c6e-92c0-836166b37c9b,"{<resource_manager.instance.OnPremInstance object at 0x148e8f8c0>: [(3, 65357.09599999949, None)]}",306.6266107573227,150641.57580089767,65357.09599999949,22832.514903297008,3,63.492365959388565,65357.09599999949,79271.4479999995,True,80.42334947298858,16.930983513600008
lamf-test-fb5bb86a-097c-4cce-b52f-faf7de14091c,"{<resource_manager.instance.OnPremInstance object at 0x148e8f8c0>: [(5, 65387.295999999486, None)]}",310.7135837098068,150670.44052483424,65387.295999999486,22873.638793940012,2,31.930924492599008,65387.295999999486,73366.43999999948,True,48.11262852459899,16.181704031999985
lamf-test-ab19fe1e-973b-44c8-a2b5-9c88f8dd630c,"{<resource_manager.instance.OnPremInstance object at 0x148e8f8c0>: [(5, 65717.29599999948, None)]}",310.22675767562004,150682.21691979756,65717.29599999948,22867.10479453901,3,173.91523309757397,65717.29599999948,88585.40999999948,True,220.29176828957398,46.376535192
lamf-test-ffa00229-4854-4a3b-9050-ac62a552280b,"{<resource_manager.instance.OnPremInstance object at 0x148e8f8c0>: [(2, 65987.69599999947, None)]}",328.09484391630104,150717.63783372342,65987.69599999947,22876.01541367701,3,53.35535477983117,65987.69599999947,83526.93499999947,True,67.58318545663117,14.2278306768
lamf-test-38119ffa-10d5-4f96-9e4f-d7aa2d684f4c,"{<resource_manager.instance.OnPremInstance object at 0x148e8f8c0>: [(5, 67580.09599999944, None)]}",315.0920376046709,150723.9528963912,67580.09599999944,22868.26477347701,2,85.74847997017571,67580.09599999944,89007.58299999945,True,129.20342360617573,43.45494363600002
lamf-test-9dd25f94-b2d8-4857-adb4-87c377066854,"{<resource_manager.instance.OnPremInstance object at 0x148e8f8c0>: [(3, 67610.09599999944, None)]}",304.2337725718405,150885.61914692173,67610.09599999944,22823.490510912008,2,49.7005236546646,67610.09599999944,83017.37499999943,True,68.4481007418646,18.747577087199996
lamf-test-05011c3e-5178-4e8c-a944-565636c84b62,"{<resource_manager.instance.CloudReservedInstance object at 0x148ebe2c0>: [(2, 67640.09599999944, None)]}",311.6110618417853,150917.37427209807,67640.09599999944,23429.373446027013,2,146.7328218017277,67640.09599999944,121616.35278134549,True,210.07935676031542,63.34653495858772
lamf-test-5704a2cc-027b-4370-a7eb-9804c4d8380a,"{<resource_manager.instance.OnPremInstance object at 0x148e8f8c0>: [(5, 67700.09599999944, None)]}",328.518781280289,150947.26020471856,67700.09599999944,23448.19387453901,3,197.66092478515475,67700.09599999944,93690.53099999944,True,250.36952696515473,52.70860217999999
lamf-test-64767f79-cec9-4cb3-b8c5-46b3e86d20f8,"{<resource_manager.instance.OnPremInstance object at 0x148e8f8c0>: [(4, 68390.69599999943, None)]}",283.87618715962776,150996.30776170577,68390.69599999943,23433.750920817012,2,98.67103489796187,68390.69599999943,95482.03799999942,True,142.62402815876186,43.952993260799985
lamf-test-4f40bb80-4246-4e5c-807f-5b2f111e8553,"{<resource_manager.instance.OnPremInstance object at 0x148e8f8c0>: [(4, 68751.29599999942, None)]}",300.28901978300945,151000.65387405013,68751.29599999942,23435.52205620901,3,112.1985428549699,68751.29599999942,87192.52899999941,True,142.1175992741699,29.91905641919999
lamf-test-e42daae1-319e-4d66-892f-ff458cefa185,"{<resource_manager.instance.OnPremInstance object at 0x148e8f8c0>: [(5, 69021.69599999941, None)]}",331.8539601540227,151110.29012017293,69021.69599999941,23432.750920817012,3,150.67242375846072,69021.69599999941,88833.61299999942,True,190.85099143446072,40.178567676
lamf-test-902ad2da-a958-4f6f-a105-0cf09133c223,"{<resource_manager.instance.OnPremInstance object at 0x148e8f8c0>: [(4, 69081.89599999941, None)]}",319.6161610919672,151138.12934114388,69081.89599999941,23476.08241368001,3,60.642056430146766,69081.89599999941,79049.17599999941,True,76.81297150214677,16.170915071999996
lamf-test-1945932c-936e-4e58-b59b-8fc5fe0a5a90,"{<resource_manager.instance.OnPremInstance object at 0x148e8f8c0>: [(4, 69112.09599999941, None)]}",307.9539703217035,151163.80877535642,69112.09599999941,23425.583897141012,1,89.34365860521703,69112.09599999941,77563.7489999994,True,103.05562043241702,13.711961827199985
lamf-test-b4f2a445-161d-42de-8bf2-99cedcdf1a1d,"{<resource_manager.instance.OnPremInstance object at 0x148e8f8c0>: [(2, 69322.2959999994, None)]}",317.30210148260704,151235.49800226453,69322.2959999994,23464.238773182013,2,48.656052543258525,69322.2959999994,87220.61999999941,True,63.17517297205853,14.519120428800006
lamf-test-4bdc3b38-4b50-41c5-90d1-8319dfa6ef3f,"{<resource_manager.instance.OnPremInstance object at 0x148e8f8c0>: [(5, 69442.4959999994, None)]}",321.16833722466623,151291.80294844497,69442.4959999994,23449.62512991701,2,59.60586451436764,69442.4959999994,84337.2659999994,True,89.81245807436764,30.206593560000005
lamf-test-10d63afb-c09f-4af6-a622-71a25fae2fdf,"{<resource_manager.instance.OnPremInstance object at 0x148e8f8c0>: [(4, 69472.4959999994, None)]}",310.7244065884292,151389.29747494272,69472.4959999994,24038.46061804251,2,95.66840806101301,69472.4959999994,95739.42999999938,True,138.28388178261298,42.61547372159997
lamf-test-068fc1f2-6deb-41a2-ae15-564e581e4490,"{<resource_manager.instance.OnPremInstance object at 0x148e8f8c0>: [(3, 69893.0959999994, None)]}",318.6864958169501,151414.23923407722,69893.0959999994,24051.699850710014,1,107.27698037873589,69893.0959999994,83327.23899999938,True,123.62364558113586,16.34666520239998
lamf-test-8af4e2ac-cf32-4cee-877b-e9f4b759f7f3,"{<resource_manager.instance.OnPremInstance object at 0x148e8f8c0>: [(4, 70523.49599999939, None)]}",289.77114078776196,151425.46268171413,70523.49599999939,24050.699850710014,3,17.208505589778717,70523.49599999939,73351.92899999939,True,21.797355288978725,4.588849699200007
lamf-test-f3dda1e4-5862-4683-8e1d-465d2dca42c3,"{<resource_manager.instance.OnPremInstance object at 0x148e8f8c0>: [(4, 70673.69599999939, None)]}",305.16980399325007,151623.00674274596,70673.69599999939,24053.883441573013,1,120.49108601414557,70673.69599999939,82071.80599999939,True,138.98337967814558,18.492293664
lamf-test-fd42a6f7-5546-4968-b0ee-4f887fda9461,"{<resource_manager.instance.OnPremInstance object at 0x148e8f8c0>: [(5, 70823.89599999938, None)]}",313.44017426263486,151644.27578849747,70823.89599999938,24080.392103033013,1,238.47021788729165,70823.89599999938,88949.01099999937,True,275.22795110729163,36.75773321999998
lamf-test-b284ea68-a93a-41ac-9d3b-a2d0c0674e21,"{<resource_manager.instance.OnPremInstance object at 0x148e8f8c0>: [(2, 70854.09599999938, None)]}",312.0323931368153,151649.48366723495,70854.09599999938,24027.671252781012,1,96.80883747813523,70854.09599999938,88782.81999999938,True,111.35261838693523,14.5437809088
lamf-test-bc23b10d-c69c-4408-9782-8739fbb3209f,"{<resource_manager.instance.OnPremInstance object at 0x148e8f8c0>: [(3, 70944.29599999938, None)]}",310.0193593332558,151687.26209994347,70944.29599999938,24044.724494747014,1,174.96511179557376,70944.29599999938,92854.92699999937,True,201.62596759637375,26.660855800799993
lamf-test-274e2f12-b4e9-499b-9b88-36da25e54e24,"{<resource_manager.instance.OnPremInstance object at 0x148e8f8c0>: [(5, 71004.49599999937, None)]}",331.60036141298406,151780.25281446474,71004.49599999937,24033.25743546901,1,235.32644383603292,71004.49599999937,88890.66599999936,True,271.5995965960329,36.27315275999997
lamf-test-88d97e0c-88fe-4c62-bc84-030e5f7776f1,"{<resource_manager.instance.CloudOnDemandInstance object at 0x148ebe780>: [(1, 71666.49599999934, None)], <resource_manager.instance.CloudOnDemandInstance object at 0x1490811d0>: [(2, 71666.49599999934, None)]}",304.4592028444548,151837.63287502708,71666.49599999934,24652.863776082017,1,205.135655596283,72067.03199999934,114708.975820779,True,377.9589597230811,172.82330412679806
lamf-test-9bda5a96-e4e1-4b91-bbbb-1dacf1ed28b2,"{<resource_manager.instance.OnPremInstance object at 0x148e8f8c0>: [(6, 73450.63199999928, None)]}",334.4551264679061,151867.81456517862,73450.63199999928,24072.232654020012,3,261.2343874058865,73450.63199999928,102075.3899999993,True,330.8955984746865,69.66121106880004
lamf-test-5168b562-8a76-449b-98c0-cc2731c9ca3c,"{<resource_manager.instance.OnPremInstance object at 0x148e8f8c0>: [(2, 73480.63199999928, None)]}",309.5107801118846,151868.3880367642,73480.63199999928,24041.33273259401,1,94.01231006160158,73480.63199999928,90891.44699999927,True,108.13596318960157,14.12365312799999
lamf-test-72ac3048-5fdb-4c21-afcd-eed6fe82e6d1,"{<resource_manager.instance.OnPremInstance object at 0x148e8f8c0>: [(3, 73510.63199999928, None)]}",305.99164294117367,151905.25998680503,73510.63199999928,24074.967400009013,1,27.86554985169982,73510.63199999928,77000.1949999993,True,32.11165011009983,4.246100258400012
lamf-test-f483d0b8-ba08-4711-99f9-47af2ee222a5,"{<resource_manager.instance.OnPremInstance object at 0x148e8f8c0>: [(3, 73540.63199999928, None)]}",312.7927875459608,152001.7763810915,73540.63199999928,24034.25743546901,2,105.99175869306521,73540.63199999928,106398.32599999927,True,145.9730007522652,39.98124205919999
lamf-test-1e1b6610-69b2-4869-80ff-74a807042404,"{<resource_manager.instance.OnPremInstance object at 0x148e8f8c0>: [(5, 73901.43199999927, None)]}",310.82543279392,152036.51400150766,73901.43199999927,24081.42980322501,3,75.61244201079928,73901.43199999927,83843.71199999927,True,95.77538585079928,20.162943839999997
lamf-test-9953a2a0-1d7c-4068-bf98-538acafc2ac3,"{<resource_manager.instance.OnPremInstance object at 0x148e8f8c0>: [(6, 73931.43199999927, None)]}",299.47595690366575,152084.13618656227,73931.43199999927,24687.98957750901,2,75.2907778990165,73931.43199999927,91352.39299999928,True,117.68642858861654,42.395650689600025
lamf-test-9f4c8a2a-2fe4-4712-9592-1f90f46792d9,"{<resource_manager.instance.OnPremInstance object at 0x148e8f8c0>: [(5, 74111.43199999927, None)]}",322.9477688777042,152089.47257734902,74111.43199999927,24659.968258039018,1,84.57480431972012,74111.43199999927,80539.60599999927,True,97.61114119172011,13.036336871999998
lamf-test-8c42c6bf-e604-4e96-bc18-75bc6db194f5,"{<resource_manager.instance.OnPremInstance object at 0x148e8f8c0>: [(2, 74832.43199999926, None)]}",304.5244415439068,152133.86796689767,74832.43199999926,24682.667280774014,2,16.238257163356,74832.43199999926,80805.73999999926,True,21.083804612956,4.845547449600003
lamf-test-d2030552-fada-4868-9884-3081a3d5e562,"{<resource_manager.instance.OnPremInstance object at 0x148e8f8c0>: [(4, 76214.83199999922, None)]}",335.70235460840024,152267.2709728434,76214.83199999922,24633.871506405012,3,97.19871016807372,76214.83199999922,92190.65499999924,True,123.11788540327375,25.91917523520003
lamf-test-a7dc0f00-a53e-4f14-ba21-5c93f2b6c280,"{<resource_manager.instance.OnPremInstance object at 0x148e8f8c0>: [(4, 76245.03199999922, None)]}",278.74097160023985,152272.25104108773,76245.03199999922,24651.863776082017,2,95.97924102496508,76245.03199999922,102597.30899999922,True,138.7331752297651,42.753934204800004
lamf-test-292ff255-562b-496c-972f-f8340f6cddab,"{<resource_manager.instance.CloudReservedInstance object at 0x1490844d0>: [(2, 76455.03199999922, None)]}",321.5271161172489,152411.47137324797,76455.03199999922,24666.944987620016,1,255.48321841667132,76455.03199999922,123769.80437972896,True,358.8565331119048,103.37331469523352
lamf-test-ea317cde-8e65-4009-bbcb-6720d6ab3fc4,"{<resource_manager.instance.OnPremInstance object at 0x148e8f8c0>: [(5, 76935.43199999921, None)]}",322.00845242777757,152463.56178684832,76935.43199999921,24632.664469857013,2,36.488112312283015,76935.43199999921,86053.36099999922,True,54.979272324283016,18.491160012000005
lamf-test-8f5d07e8-2d0c-4ca5-874d-d1e790990809,"{<resource_manager.instance.OnPremInstance object at 0x148e8f8c0>: [(6, 77986.6319999992, None)]}",302.97405507839164,152496.5707970769,77986.6319999992,24678.775445822015,1,555.9315516769332,77986.6319999992,113300.37099999917,True,641.8710669073331,85.93951523039993
lamf-test-a13d6194-2358-4887-a070-b00cd35c865e,"{<resource_manager.instance.OnPremInstance object at 0x148e8f8c0>: [(3, 78857.63199999918, None)]}",302.61921821621866,152542.3713300867,78857.63199999918,24639.612190954012,2,38.5097600069506,78857.63199999918,90795.74799999918,True,53.0360595557506,14.526299548799994
lamf-test-7bd8b2d3-250f-4731-829c-d7a0653ffcb3,"{<resource_manager.instance.OnPremInstance object at 0x148e8f8c0>: [(4, 79037.83199999918, None)]}",301.8009690341694,152569.723615652,79037.83199999918,24644.562133381016,3,36.447535173777425,79037.83199999918,85028.43999999917,True,46.166697592977414,9.719162419199987
lamf-test-8b57f8ca-98cc-4c1b-8aa2-5b91c1f45b09,"{<resource_manager.instance.OnPremInstance object at 0x148e8f8c0>: [(2, 79098.03199999918, None)]}",306.9047417051023,152611.4353433071,79098.03199999918,24634.871506405012,2,58.03141046712027,79098.03199999918,100445.11899999916,True,75.34816744152025,17.316756974399986
lamf-test-fd11e4ea-cdef-4f38-a062-f8e8f6529d33,"{<resource_manager.instance.OnPremInstance object at 0x148e8f8c0>: [(6, 79278.03199999918, None)]}",323.9849795842166,152623.19657548566,79278.03199999918,24681.667280774014,1,305.6693860369607,79278.03199999918,98694.68299999916,True,352.92174791056067,47.252361873599966
lamf-test-aa0c06ad-8e28-471d-8a21-4c2106849993,"{<resource_manager.instance.OnPremInstance object at 0x148e8f8c0>: [(4, 79338.23199999917, None)]}",297.7430444733612,152667.44844461925,79338.23199999917,24631.171745316013,1,224.17830990949858,79338.23199999917,100544.85499999915,True,258.58393506469855,34.405625155199964
lamf-test-096a164d-3416-42b7-999a-d92269a9a7ca,"{<resource_manager.instance.OnPremInstance object at 0x148e8f8c0>: [(6, 79998.83199999917, None)]}",310.89137174012484,152831.40605869176,79998.83199999917,24656.367854395015,3,167.7274560803099,79998.83199999917,98377.56799999913,True,212.45394800990982,44.72649192959991
lamf-test-e0a17229-9bf9-416c-a5a2-49e15e4b17e7,"{<resource_manager.instance.OnPremInstance object at 0x148e8f8c0>: [(2, 80299.03199999916, None)]}",300.8789137634496,152901.15444716296,80299.03199999916,24673.325376919016,3,60.39747509316294,80299.03199999916,100153.19199999915,True,76.50316968516293,16.105694591999992
lamf-test-9805f54e-1cae-487c-b904-2cb93c2a7afb,"{<resource_manager.instance.OnPremInstance object at 0x148e8f8c0>: [(3, 80839.83199999915, None)]}",328.01417674151406,153497.2108839961,80839.83199999915,25852.07144239201,3,34.06906228610541,80839.83199999915,88306.06699999915,True,43.15397703410541,9.084914748000001
lamf-test-ca0b2ac7-3ce2-4e8c-a6e1-096d01ef9a8a,"{<resource_manager.instance.OnPremInstance object at 0x148e8f8c0>: [(6, 82072.63199999911, None)]}",322.6901850057595,153852.22487646493,82072.63199999911,25882.39492957801,1,226.88166598220383,82072.63199999911,96484.5499999991,True,261.9545096270038,35.07284364479998
lamf-test-72359355-373b-4aa6-9d80-111deeae4206,"{<resource_manager.instance.OnPremInstance object at 0x148e8f8c0>: [(4, 82102.63199999911, None)]}",293.68085416171726,153924.88560688533,82102.63199999911,26462.19364670001,3,157.28778766446112,82102.63199999911,107954.8459999991,True,199.23041965806112,41.94263199359999
lamf-test-aa966776-8b52-45e3-81e8-3d502aee1701,"{<resource_manager.instance.OnPremInstance object at 0x148e8f8c0>: [(3, 82132.63199999911, None)]}",277.6854198628887,153981.30213331836,82132.63199999911,26471.73073214301,1,96.5584998859229,82132.63199999911,94224.51499999911,True,111.2719031203229,14.713403234400003
lamf-test-6a7cd0bb-34c7-4263-9cc7-17fa07eb0a15,"{<resource_manager.instance.OnPremInstance object at 0x148e8f8c0>: [(4, 82162.63199999911, None)]}",298.21973828332,154034.7447118267,82162.63199999911,26441.99197604101,1,103.74585147159473,82162.63199999911,91976.6909999991,True,119.66818079319472,15.922329321599989
lamf-test-f6c3e1ca-41d1-4659-a1c2-f6d7cca0c5e7,"{<resource_manager.instance.OnPremInstance object at 0x148e8f8c0>: [(2, 82192.63199999911, None)]}",330.89870791023526,154073.07992192314,82192.63199999911,26479.133772825007,2,14.112517113123799,82192.63199999911,87383.9779999991,True,18.32373698832379,4.211219875199992
lamf-test-47c1fe4b-c260-4538-9b53-fe9eeae00c5f,"{<resource_manager.instance.OnPremInstance object at 0x148e8f8c0>: [(2, 82222.63199999911, None)]}",307.40827687661385,154118.51931040056,82222.63199999911,26436.08919993001,3,68.40423758460716,82222.63199999911,104708.8149999991,True,86.64502923420716,18.24079164959999
lamf-test-9293cd6c-713f-41c3-8b50-410b94532b8e,"{<resource_manager.instance.OnPremInstance object at 0x148e8f8c0>: [(4, 82252.63199999911, None)]}",276.94819521132933,154234.26543403,82252.63199999911,26442.99197604101,2,83.34544698752828,82252.63199999911,105136.14599999909,True,120.47166010112824,37.12621311359997
lamf-test-2ef3ba74-0be9-4758-9e8b-663933377574,"{<resource_manager.instance.OnPremInstance object at 0x148e8f8c0>: [(4, 82823.0319999991, None)]}",315.97195408362086,154412.05901973648,82823.0319999991,26443.99197604101,3,90.95697619590833,82823.0319999991,97772.94799999909,True,115.2117199143083,24.254743718399972
lamf-test-2744811c-a0e4-4a9d-a448-520fba53466a,"{<resource_manager.instance.OnPremInstance object at 0x148e8f8c0>: [(2, 83063.2319999991, None)]}",316.8459168651483,154460.70864282243,83063.2319999991,26490.100967880007,2,11.509231635614986,83063.2319999991,87296.9489999991,True,14.943622866014989,3.4343912304000033
lamf-test-692078cb-d4fe-44db-acc1-5eececdc7c24,"{<resource_manager.instance.OnPremInstance object at 0x148e8f8c0>: [(3, 83273.6319999991, None)]}",293.9568407519619,154831.7206571301,83273.6319999991,27087.059692504008,2,39.43541751375949,83273.6319999991,95498.70399999911,True,54.31088512335951,14.875467609600019
lamf-test-dc701733-214d-4503-9e86-a7c5623aa494,"{<resource_manager.instance.OnPremInstance object at 0x148e8f8c0>: [(2, 83363.6319999991, None)]}",290.04127710324553,154859.22388785877,83363.6319999991,27060.579582669005,2,41.877969560266884,83363.6319999991,98768.6109999991,True,54.37448852506689,12.496518964800005
lamf-test-cb995d16-8bd4-4a69-981f-1cf758860367,"{<resource_manager.instance.OnPremInstance object at 0x148e8f8c0>: [(5, 83603.6319999991, None)]}",320.1908267325743,155008.13831008525,83603.6319999991,27069.169164919007,3,68.08017339721658,83603.6319999991,92555.4939999991,True,86.2345495332166,18.154376136000014
lamf-test-0111158b-0edf-40ea-8c3c-c453441d9f4b,"{<resource_manager.instance.OnPremInstance object at 0x148e8f8c0>: [(2, 83904.23199999909, None)]}",288.9103792556111,155246.27984703312,83904.23199999909,27068.169164919007,3,48.42355768499505,83904.23199999909,99822.26599999909,True,61.336266865795054,12.9127091808
lamf-test-c609bf72-d17c-450a-8e65-16fe23e38281,"{<resource_manager.instance.OnPremInstance object at 0x148e8f8c0>: [(2, 83934.43199999908, None)]}",326.56864801291823,164069.41137913475,83934.43199999908,36064.715811517,3,50.701811544604126,83934.43199999908,100601.38499999908,True,64.22204381820413,13.520232273599994
