,instances,budget,deadline,sched_start_time,submit_time,software_id,current_license_cost,exec_start_time,finish_time,complete,license_cost,cost,hardware_cost
lamf-test-ce4837ee-c9b5-4728-816b-793fbe63012e,"{<resource_manager.instance.OnPremInstance object at 0x12bdf7b60>: [(5, 30, 390), (2, 390, None), (8, 3840, None)]}",64.81020493737797,14109.368596154949,30,1.0,1,57.310061601642715,30,6016.852000000001,True,80.64649722412352,93.00452893612352,12.358031712000002
lamf-test-fdbe52b3-5ac4-4817-bbd7-3ee39ada2008,"{<resource_manager.instance.OnPremInstance object at 0x12bdf7b60>: [(3, 60, 3540), (1, 3540, None)]}",309.54978900857253,127505.3968374971,60,20.159168416,1,27.78918548939083,60,69322.742,True,212.89538778614343,243.81133194134344,30.9159441552
lamf-test-312a25ed-966e-4a84-89af-21712bfc7175,"{<resource_manager.instance.OnPremInstance object at 0x12bdf7b60>: [(4, 1200, 5670), (1, 5670, None)]}",330.5774711754339,128546.24233903781,1200,1188.287276995,1,47.25302304357746,1200,22031.878,True,93.29374750931629,107.18225322611629,13.888505716800001
lamf-test-6d60a076-8aec-42f5-ae5c-3923b3793c72,"{<resource_manager.instance.OnPremInstance object at 0x12bdf7b60>: [(5, 1230, 6690), (2, 6690, None)]}",295.26855467250385,128841.68699313319,1230,1222.0182571599998,1,71.83664156970111,1230,26756.858999999997,True,180.1906600501939,207.5417760709939,27.3511160208
lamf-test-c2212f64-c788-46d9-9572-57170e08d2ac,"{<resource_manager.instance.OnPremInstance object at 0x12bdf7b60>: [(4, 6600, None), (6, 7860, None)]}",57.825321252479114,20761.731028059046,6600,6598.987757686,3,7.665982203969882,6600,8153.834999999999,True,12.135295459730763,15.37131421973076,3.2360187599999963
lamf-test-c947c209-c0e1-414b-aa78-1430406df6ae,"{<resource_manager.instance.OnPremInstance object at 0x12bdf7b60>: [(2, 6630, 7290), (1, 7290, None)]}",91.00759406898061,37647.590542570644,6630,6602.774043317,3,2.007757243896874,6630,26703.693999999996,True,31.536533576697835,39.946119863097834,8.409586286399998
lamf-test-f42e0220-9054-4dba-814a-9d6b93e25e15,"{<resource_manager.instance.OnPremInstance object at 0x12bdf7b60>: [(2, 6660, 9660), (1, 9660, None)]}",293.5168981771201,134357.0137145692,6660,6570.16992391,3,9.126169290440338,6660,45284.59299999999,True,63.31218039394629,80.19511531474629,16.882934920799997
lamf-test-0aa73555-99c3-40be-a09f-6bf3df006265,"{<resource_manager.instance.OnPremInstance object at 0x12bdf7b60>: [(6, 6690, None)]}",310.4901833144852,134451.40581266797,6690,6599.987757686,3,,6690,22575.188000000002,True,144.97091489847136,183.62910841527136,38.658193516800004
lamf-test-761a035c-9b31-431d-b128-35fe1a248496,"{<resource_manager.instance.OnPremInstance object at 0x12bdf7b60>: [(4, 6720, None)]}",281.9460745575701,134562.6515152346,6720,6601.377084041,1,,6720,33304.424999999996,True,281.0278405201916,324.1584116401916,43.13057111999999
lamf-test-1b5247ff-56d3-4066-aafc-ee4137f1169c,"{<resource_manager.instance.OnPremInstance object at 0x12bdf7b60>: [(3, 7170, 8130), (2, 8130, None)]}",98.97570184637311,38524.78778046476,7170,7167.974287244,3,4.380561259411362,7170,23831.699999999993,True,52.14601870864702,66.05136574864702,13.905347039999993
lamf-test-a35e3102-219f-4336-95ce-4d87e6b5e69c,"{<resource_manager.instance.OnPremInstance object at 0x12bdf7b60>: [(6, 7230, 8520), (1, 8520, None)]}",88.24903114605627,38417.20423701973,7230,7208.7814614710005,3,11.772758384668034,7230,20693.818000000003,True,30.289479047836338,38.366523628636344,8.077044580800003
lamf-test-8d2ae00d-f906-47ac-81a5-138a54772bef,"{<resource_manager.instance.OnPremInstance object at 0x12bdf7b60>: [(2, 7260, 9270), (1, 9270, None)]}",310.3508838593914,135023.58283486444,7260,7215.046900703001,3,6.114533424595026,7260,62944.399,True,87.75480873070194,111.15565696510194,23.400848234399998
lamf-test-cbef53e7-aa65-412f-b9a4-02aefd0bda1b,"{<resource_manager.instance.OnPremInstance object at 0x12bdf7b60>: [(2, 7800, None)]}",89.7921856815224,39038.44872315127,7800,7789.719695366,1,,7800,19830.115999999998,True,64.95841782645067,74.71724792565067,9.758830099199999
lamf-test-decf70b3-3bab-4cf4-b55a-9508b27560e7,"{<resource_manager.instance.OnPremInstance object at 0x12bdf7b60>: [(3, 7830, None)]}",317.6420201174764,135366.55856490164,7830,7797.4944085100005,2,,7830,31581.023000000005,True,76.61562307231429,105.5158678587143,28.90024478640001
lamf-test-8a5bf643-d5be-430a-ac2f-d8a1f25fa6d3,"{<resource_manager.instance.OnPremInstance object at 0x12bdf7b60>: [(3, 7860, 9870), (1, 9870, None)]}",322.3613792231315,135494.64323219736,7860,7787.484368387,2,6.483821870550658,7860,39824.176,True,67.26193669825952,81.85711848385952,14.595181785600001
lamf-test-b41bc5e6-51fb-4710-b8ea-caebbe600cb8,"{<resource_manager.instance.OnPremInstance object at 0x12bdf7b60>: [(6, 7890, 9900), (2, 9900, None)]}",308.5846884800438,135872.76942969114,7890,7772.55567356,2,8.686918223226783,7890,15373.935,True,23.567644987273614,32.899637059273616,9.331992072
lamf-test-17be3ad6-6cd4-4c64-93c6-3fc4d170d157,"{<resource_manager.instance.OnPremInstance object at 0x12bdf7b60>: [(2, 8400, None), (4, 10110, None)]}",64.77903730143166,22372.29388351935,8400,8397.921864104,2,7.510867224427534,8400,12818.641000000001,True,21.877249113345723,29.856149850945727,7.978900737600004
lamf-test-ee649544-0852-4484-9313-a2ec39aaf5e5,"{<resource_manager.instance.OnPremInstance object at 0x12bdf7b60>: [(4, 8430, None)]}",94.51083597672981,39440.450140160894,8430,8410.097559026,1,,8430,14306.974000000002,True,62.126350749106415,71.66115336670642,9.534802617600002
lamf-test-410c24b3-e037-404b-8fa3-3b9be7b4adaa,"{<resource_manager.instance.OnPremInstance object at 0x12bdf7b60>: [(5, 8460, 9930), (1, 9930, None)]}",105.56808496111117,39560.159058897276,8460,8403.502233773,3,11.179557380789413,8460,11523.282,True,13.602984257357972,17.23037943655797,3.627395179199999
lamf-test-17aa2292-304e-4763-ab73-533f31d66f3d,"{<resource_manager.instance.OnPremInstance object at 0x12bdf7b60>: [(5, 8490, 9780), (2, 9780, None)]}",100.9864715008785,39564.008016010484,8490,8394.275526062002,2,5.162319741998986,8490,14426.408,True,17.793439381213062,24.178725550813063,6.3852861696
lamf-test-1faee22d-4d95-436a-a021-6148365dd51b,"{<resource_manager.instance.OnPremInstance object at 0x12bdf7b60>: [(2, 8520, None)]}",300.8642397517245,135790.0584868311,8520,8374.622129930001,3,,8520,43157.921,True,105.37051030496615,133.46879182016613,28.0982815152
lamf-test-585c2356-1279-476b-b41a-cbdb8ebd0ee3,"{<resource_manager.instance.OnPremInstance object at 0x12bdf7b60>: [(4, 8550, 11040), (1, 11040, None)]}",290.6639501784463,135966.15461445492,8550,8392.268886074002,2,9.0689814072675,8550,50353.547000000006,True,88.83760110992698,108.82295177312699,19.985350663200002
lamf-test-dbfc6e86-f385-4c1b-a2d1-36902c12232e,"{<resource_manager.instance.OnPremInstance object at 0x12bdf7b60>: [(2, 8580, None)]}",332.81097832014945,136209.00635474702,8580,8408.90276255,3,,8580,54830.428,True,140.69641189444062,178.2147590880406,37.5183471936
lamf-test-3e8d9edc-8d07-4ff0-a6aa-1b9473f39dae,"{<resource_manager.instance.OnPremInstance object at 0x12bdf7b60>: [(5, 9000, 9960), (1, 9960, None)]}",46.55013787044631,23162.092327678383,9000,8975.214467999,1,14.656627880447182,9000,19330.518,True,38.9983394934976,44.74590159429761,5.7475621008
lamf-test-905b51bb-7f4b-480b-babc-216c95cb3e5c,"{<resource_manager.instance.OnPremInstance object at 0x12bdf7b60>: [(4, 9030, None)]}",76.07511246679637,23152.97951591015,9030,9016.068133079998,3,12.046543463381244,9030,11798.969000000001,True,16.846719902654197,21.3390952082542,4.492375305600001
lamf-test-7b6d3b7a-f2bc-4206-bf5c-c8e1aaff27be,"{<resource_manager.instance.OnPremInstance object at 0x12bdf7b60>: [(3, 9060, 10020), (2, 10020, None)]}",57.77199384513077,23182.719012510464,9060,9005.876803805999,2,3.096750744143598,9060,10721.369000000002,True,5.003401161032508,6.74047969383251,1.737078532800002
lamf-test-8daeea4f-cbbf-4fb6-b9f3-5857c1ab865e,"{<resource_manager.instance.OnPremInstance object at 0x12bdf7b60>: [(4, 9090, 9690), (2, 9690, None), (8, 12040.536, None)]}",56.56222725445129,23212.01036947542,9090,8991.621267092,1,19.034759753593427,9090,12332.504,True,26.717543843638317,30.78196085483832,4.064417011200003
lamf-test-d53de693-fd3a-47ec-b96e-28dcf292d471,"{<resource_manager.instance.OnPremInstance object at 0x12bdf7b60>: [(4, 9120, None)]}",82.04480128359563,40185.75802655021,9120,9022.941762824998,2,,9120,17784.185999999998,True,31.556362145826252,45.613137512226245,14.056775366399997
lamf-test-665b3cd3-6953-4941-a220-b425974f248a,"{<resource_manager.instance.OnPremInstance object at 0x12bdf7b60>: [(3, 9150, 22347.504), (1, 22347.504, None)]}",295.24467469152273,136566.5572156213,9150,8992.621267092,3,60.221327857631756,9150,25335.188,True,64.76567951935507,82.03620701695507,17.270527497600003
lamf-test-e86f1528-c4b7-428d-9220-137c2eee5f81,"{<resource_manager.instance.OnPremInstance object at 0x12bdf7b60>: [(5, 9180, 19887.504), (1, 19887.504, None)]}",291.443531643958,136946.24986895506,9180,9007.221376247999,2,42.84927076490939,9180,62170.845,True,128.64371073205018,167.50865195365017,38.8649412216
lamf-test-794e981d-7b48-479b-88a9-08c76168b3f4,"{<resource_manager.instance.OnPremInstance object at 0x12bdf7b60>: [(2, 9570, None)]}",55.43753343799916,23746.003238798876,9570,9568.263222171998,3,3.832991101984941,9570,13578.055,True,12.192729485131949,15.444063701131949,3.251334216
lamf-test-d89dd74a-ca32-43e3-9fdb-057b16e15c3a,"{<resource_manager.instance.OnPremInstance object at 0x12bdf7b60>: [(2, 9600, None), (8, 10770, None)]}",52.589033620058174,23781.99803061501,9600,9574.093396050997,1,23.684690851015286,9600,12726.095662154017,True,57.78987748918472,66.6729054948814,8.883028005696694
lamf-test-50c28631-c9b3-47d9-9e36-b5f64438ea4d,"{<resource_manager.instance.OnPremInstance object at 0x12bdf7b60>: [(6, 9630, 10440), (2, 10440, None)]}",57.792712238435485,23506.803220429334,9630,9616.062496071998,3,7.392197125256673,9630,14904.572,True,20.973677085709937,26.566553892109937,5.5928768064
lamf-test-9d73df9e-a4e9-43ed-b3cd-731892da568c,"{<resource_manager.instance.OnPremInstance object at 0x12bdf7b60>: [(6, 9660, 11100), (1, 11100, None)]}",116.24356079750007,40700.917410475835,9660,9585.066631656997,3,13.141683778234086,9660,14489.761999999999,True,18.297607422617688,23.176878889817687,4.8792714672
lamf-test-0ae28a41-e363-4bde-bdce-50f826df3b42,"{<resource_manager.instance.OnPremInstance object at 0x12bdf7b60>: [(4, 9690, 11280), (1, 11280, None)]}",87.69850691765791,40884.91929759523,9690,9607.126905165997,3,9.673739447866756,9690,30378.205999999995,True,38.722649631150645,49.04849798475064,10.325848353599998
lamf-test-700b88cb-1fe1-443f-85f3-4e83586778d7,"{<resource_manager.instance.OnPremInstance object at 0x12bdf7b60>: [(2, 9720, None)]}",323.88597973304996,136865.74485236467,9720,9587.982233409997,1,,9720,41378.967,True,170.94734633812456,196.62910036852455,25.681754030399997
lamf-test-76901c5b-cc70-4a21-8b6a-aa4aa3dedd24,"{<resource_manager.instance.OnPremInstance object at 0x12bdf7b60>: [(2, 9750, None)]}",295.82083300729096,136898.36080535565,9750,9594.601617087996,2,,9750,19397.071,True,26.225270783149604,34.050974778349605,7.8257039952
lamf-test-9da27dae-e6dc-4f47-b706-a6e8a3713464,"{<resource_manager.instance.OnPremInstance object at 0x12bdf7b60>: [(6, 9780, None)]}",296.9549680882063,137374.28822272673,9780,9609.637001457997,3,,9780,14755.189999999999,True,45.404426192105845,57.51204857610584,12.107622383999997
lamf-test-c0570041-d32e-4e8b-8d2d-a250dfe399fc,"{<resource_manager.instance.OnPremInstance object at 0x12bdf7b60>: [(5, 9810, 20967.504), (1, 20967.504, None)]}",309.1917473885502,137434.11565504607,9810,9602.135844027996,1,146.79809810631988,9810,49433.762265491474,True,226.8993648051703,261.07269726965364,34.173332464483344
lamf-test-cacf2328-5a7f-4177-ad3a-d6767db7f233,"{<resource_manager.instance.OnPremInstance object at 0x12bdf7b60>: [(5, 9840, None)]}",299.34289693362723,137514.29393294852,9840,9589.803472848997,2,47.891536559420025,9840,23901.842999999997,True,56.272658703713354,84.79007630771335,28.51741760399999
lamf-test-d608e81f-e921-488f-9511-ac29f6be8717,"{<resource_manager.instance.OnPremInstance object at 0x12bdf7b60>: [(4, 9870, None)]}",290.8535591080783,137601.4087633795,9870,9567.263222171998,3,,9870,18806.862,True,54.372877024868814,68.87204193366881,14.499164908800001
lamf-test-ca7252f0-85f2-4005-896c-fb17b2f26952,"{<resource_manager.instance.OnPremInstance object at 0x12bdf7b60>: [(6, 9900, 20037.504), (2, 20037.504, None)]}",304.02222934164064,137602.14752292473,9900,9605.493410085997,1,159.59109650924026,9900,36397.022999999994,True,247.9267759525439,285.8682474997439,37.941471547199995
lamf-test-f035cec5-13b9-4feb-9d16-93fce26c2cc2,"{<resource_manager.instance.OnPremInstance object at 0x12bdf7b60>: [(3, 10200, 11160), (2, 11160, None)]}",59.50673849065216,24397.14967102879,10200,10190.140338759998,2,3.096750744143598,10200,20160.666,True,27.564789082276288,36.03425734147629,8.469468259200001
lamf-test-6718dd63-82fd-49d3-b154-c2385c7724e4,"{<resource_manager.instance.OnPremInstance object at 0x12bdf7b60>: [(4, 10230, 11310), (2, 11310, None)]}",53.92864783453742,24313.414658520298,10230,10210.655516758998,1,11.416837782340863,10230,15642.885,True,34.8129009810632,40.0799292930632,5.267028312
lamf-test-01aed4d0-4ac3-4934-b29d-300b9eb1cf38,"{<resource_manager.instance.OnPremInstance object at 0x12bdf7b60>: [(6, 10260, None)]}",48.38806555130056,24542.66996447307,10260,10179.078733647999,3,,10260,11192.804,True,8.51292721879991,10.78299903319991,2.2700718144000005
lamf-test-f6a7b87b-3fe2-4927-871e-a0cac1bfa236,"{<resource_manager.instance.OnPremInstance object at 0x12bdf7b60>: [(3, 10290, None)]}",80.84812600328213,41481.271126866755,10290,10175.160940200998,3,,10290,18619.7,True,38.00912616929044,48.14470512929044,10.135578960000002
lamf-test-561c40aa-4fd2-4142-aa20-b41c53e185e4,"{<resource_manager.instance.OnPremInstance object at 0x12bdf7b60>: [(2, 10320, None)]}",92.22367706149063,41502.49606622412,10320,10225.240872277996,2,,10320,18814.778,True,23.0927971083391,29.983761021939095,6.8909639135999985
lamf-test-7dc86417-03bf-4f7d-b2cc-4f303d7c708b,"{<resource_manager.instance.OnPremInstance object at 0x12bdf7b60>: [(4, 10350, None)]}",122.20824587768153,41537.80749707241,10350,10199.149625514998,2,,10350,15159.762,True,17.51792857485211,25.321286443652113,7.803357868800001
lamf-test-6ea3ccb6-5ec7-474a-bd76-4c0b7e74a8fd,"{<resource_manager.instance.OnPremInstance object at 0x12bdf7b60>: [(4, 10380, None)]}",318.43627200467716,137666.75858378917,10380,10171.016418429997,3,,10380,20027.071,True,58.693868735265035,74.34527672566503,15.6514079904
lamf-test-6e11c3c3-b9bf-4aa2-897f-6c03a891a9cd,"{<resource_manager.instance.CloudReservedInstance object at 0x12c104710>: [(5, 10410, 19587.504), (1, 19587.504, None)]}",323.10613238146993,137841.21651179946,10410,10206.622752654997,3,69.79621263974447,10410,55322.9811883193,True,124.1508817222896,213.31584385080959,89.16496212852
lamf-test-c5a6ffed-1196-4516-a2cc-67f21c8eb5f5,"{<resource_manager.instance.OnPremInstance object at 0x12bdf7b60>: [(2, 10440, None)]}",321.906162634098,137906.97366351282,10440,10207.622752654997,2,,10440,21572.698,True,30.263902856838936,39.294747474438935,9.0308446176
lamf-test-93fc33e5-0604-48d1-8efe-1dfc9145e379,"{<resource_manager.instance.CloudReservedInstance object at 0x12c104710>: [(1, 10470, None)], <resource_manager.instance.CloudReservedInstance object at 0x12c0f91d0>: [(4, 10470, None)]}",318.63019504491797,137938.095664471,10470,10222.864621228997,1,,10470,33580.65273022569,True,189.82055630575513,246.05339652894025,56.232840223185136
lamf-test-92b10550-cff6-47f7-a077-4b4db1587046,"{<resource_manager.instance.CloudReservedInstance object at 0x12c0f91d0>: [(2, 10800, None)], <resource_manager.instance.CloudReservedInstance object at 0x12c0f8f50>: [(2, 10800, None)]}",81.64667311738593,41906.4881072257,10800,10774.353500917996,2,,10800,26439.149157795026,True,58.474315828279174,81.57021130451088,23.095895476231696
lamf-test-0ee3ab93-6383-46f5-aeca-265dafdbd84c,"{<resource_manager.instance.CloudReservedInstance object at 0x12c0f8f50>: [(4, 10830, None)], <resource_manager.instance.CloudReservedInstance object at 0x12be323f0>: [(1, 10830, None)]}",39.66592451958817,24942.581217954736,10830,10813.676555473496,3,,10830,14104.73726186293,True,11.62225813523995,18.825370216433654,7.203112081193703
lamf-test-29b14cf4-c2e0-462e-a5b2-16a34ab23f1f,"{<resource_manager.instance.CloudReservedInstance object at 0x12be323f0>: [(2, 10860, None)]}",89.42960233211319,41885.57786462146,10860,10805.167563217496,3,,10860,25004.7263549733,True,43.02905576081314,59.629306611009795,16.600250850196662
lamf-test-0ab21652-7e84-40ef-afc1-d04cb7c18425,"{<resource_manager.instance.CloudReservedInstance object at 0x12be323f0>: [(2, 10890, None)]}",99.9394489602227,42090.262619109504,10890,10821.596300944995,3,,10890,17443.758317679985,True,19.936902631926337,27.628393393555566,7.69149076162923
lamf-test-d81c27cf-4838-43c5-ac8d-f0f7d5a86a71,"{<resource_manager.instance.CloudReservedInstance object at 0x12be323f0>: [(1, 10920, None)], <resource_manager.instance.CloudReservedInstance object at 0x12bdf7e00>: [(3, 10920, 35192.328)]}",313.16578296695053,138480.46696639166,10920,10769.366334544997,3,110.75668720054756,10920,138495.86696639168,False,267.8842846853627,,
lamf-test-3484ce7d-9fee-4f95-9c2d-f871cc58413f,"{<resource_manager.instance.CloudReservedInstance object at 0x12bdf7e00>: [(3, 10950, 38742.864), (1, 38742.864, None)]}",280.48808000057255,138545.34924727614,10950,10815.645803137995,3,84.54746064339493,10950,123101.60706100844,True,170.08881289934183,291.26226374741435,121.1734508480725
lamf-test-aa879c60-c521-40a2-972a-cf0714098824,"{<resource_manager.instance.OnPremInstance object at 0x12bdf7b60>: [(2, 11400, None)]}",56.99333448866139,25611.276664078912,11400,11393.902486343995,2,,11400,19255.119,True,21.353903460321096,27.725975993121097,6.372072532799999
lamf-test-c8383b87-eaaf-4727-8a38-364a265a9c1b,"{<resource_manager.instance.OnPremInstance object at 0x12bdf7b60>: [(2, 11430, None)]}",87.74670802746411,42441.89855048229,11430,11426.752395549995,2,,11430,25936.03,True,39.43420388825703,51.20149542425703,11.767291535999998
lamf-test-107c896d-ee0f-4ca2-89f1-19c67b8002a2,"{<resource_manager.instance.OnPremInstance object at 0x12bdf7b60>: [(2, 11460, None)]}",98.1671155759394,42604.58921639422,11460,11376.959934646995,3,,11460,14381.226000000002,True,8.88653433721196,11.256232868411963,2.369698531200002
lamf-test-cfb32c98-2421-4b31-9da7-090b5212bb9a,"{<resource_manager.instance.OnPremInstance object at 0x12bdf7b60>: [(6, 11490, 15594.288), (1, 15594.288, None)]}",311.65623815536327,138908.78154780235,11490,11398.816278548995,1,64.61233675564682,11490,54186.26499999999,True,173.20638565670393,198.84748680470392,25.641101147999997
lamf-test-c1ff5343-c068-4179-8505-1de35f1c5237,"{<resource_manager.instance.OnPremInstance object at 0x12bdf7b60>: [(4, 11520, 25647.504), (1, 25647.504, None)]}",328.6266875432299,139096.7473538435,11520,11421.996438471995,2,51.454647030962754,11520,51637.92,True,104.19014835364716,137.65232357284717,33.4621752192
lamf-test-2e0bd3ff-93cb-46df-ab43-ee2f13d4c7e1,"{<resource_manager.instance.CloudReservedInstance object at 0x12be32650>: [(1, 11550, None)], <resource_manager.instance.CloudOnDemandInstance object at 0x12be328b0>: [(2, 11550, None)]}",316.2487464140096,139103.09231257497,11550,11399.816278548995,1,,11550,84285.70968481526,True,503.38045336665823,907.2091135367525,403.8286601700943
lamf-test-34f82a8b-288c-437f-910d-553d4a2c7dfc,"{<resource_manager.instance.OnPremInstance object at 0x12bdf7b60>: [(2, 11580, None)]}",332.1651620956545,139187.27849612603,11580,11392.902486343995,1,,11580,21234.771,True,52.13238580880676,59.96433604400676,7.831950235200001
lamf-test-75f66efa-1a77-47ea-a0c6-c0317f11e7c2,"{<resource_manager.instance.CloudOnDemandInstance object at 0x12be328b0>: [(5, 11610, None)]}",323.850834844211,139465.08332866716,11610,11409.751094595995,3,291.1547342003194,12010.536,57202.57201181866,True,346.7379421387076,855.0495274984738,508.31158535976624
lamf-test-48feb4fc-2742-45dc-808f-e652fe900563,"{<resource_manager.instance.CloudOnDemandInstance object at 0x12be328b0>: [(3, 12040.536, None)]}",41.254966979320166,25946.888297577847,12040.536,11981.956744355995,1,,12441.072,21962.990698693884,True,79.23475118737987,145.61001964882274,66.37526846144287
lamf-test-a5bf6748-f8d5-4a59-badc-d9816f45493a,"{<resource_manager.instance.OnPremInstance object at 0x12bdf7b60>: [(2, 12471.072, None)]}",54.40376906069801,26127.543316574556,12471.072,11971.153710477995,2,,12471.072,21455.621,True,24.424224761015648,31.712490909815646,7.288266148799999
lamf-test-7a641bba-d417-49ff-88d9-3fe54ccc21c1,"{<resource_manager.instance.OnPremInstance object at 0x12bdf7b60>: [(5, 12501.072, None)]}",72.4727596207448,26173.49287907875,12501.072,12016.546944801996,1,,12501.072,13661.302000000001,True,15.265023195680296,17.6179696356803,2.3529464400000024
lamf-test-d4b58a16-b6c8-4064-88b0-a3ec8e4212ba,"{<resource_manager.instance.CloudOnDemandInstance object at 0x12be328b0>: [(2, 12531.072, None)]}",56.907858453854786,26360.11490800343,12531.072,11985.665621867496,2,,12931.608,22882.0106386336,True,28.138713673604364,74.29975962645477,46.16104595285041
lamf-test-15ce12ce-cdd4-4322-97b9-e92908eec275,"{<resource_manager.instance.OnPremInstance object at 0x12bdf7b60>: [(4, 12961.608, None)]}",62.79223748275714,26888.691368163578,12961.608,12618.674096991996,2,,12961.608,18193.628,True,19.055860282109123,27.544289530109126,8.488429248000001
lamf-test-98a6ab80-499b-4f3a-95f7-4dd7df820566,"{<resource_manager.instance.OnPremInstance object at 0x12bdf7b60>: [(2, 12991.608, None)]}",105.87093398460661,43202.86991960206,12991.608,12029.375286702996,1,,12991.608,21858.764000000003,True,47.87954034527342,55.07257729247342,7.193036947200002
lamf-test-bbc839c8-f836-4f9a-a8e0-6cb8342496f2,"{<resource_manager.instance.OnPremInstance object at 0x12bdf7b60>: [(3, 13021.608, None)]}",114.4912360012796,43212.125074895375,13021.608,11984.576895620996,3,42.28106776180698,13021.608,23593.188000000002,True,48.239014373716635,61.10251291771664,12.863498544000002
lamf-test-a4d8ead1-b39f-46fe-9cfa-58d32f343ff0,"{<resource_manager.instance.OnPremInstance object at 0x12bdf7b60>: [(4, 13051.608, None)]}",84.41713409588449,43225.26784562116,13051.608,12027.375286702996,1,100.48821537759525,13051.608,24352.456,True,119.462915202677,137.797410997877,18.334495795199995
lamf-test-05c2e1a5-42c3-4e97-863b-94fa07e33793,"{<resource_manager.instance.CloudOnDemandInstance object at 0x12c0f9590>: [(4, 13081.608, None)]}",91.04820322006628,43278.33059606678,13081.608,12004.878613817995,2,,13482.144,43293.73059606677,False,82.13074165366503,,
lamf-test-04f3f31f-b20f-4cb7-a3dd-c0c2f380b4cc,"{<resource_manager.instance.CloudOnDemandInstance object at 0x12c0f9590>: [(4, 13512.144, None)]}",63.69847192731158,27312.927726553557,13512.144,13214.132711331995,3,,13912.68,27328.327726553558,False,42.02961054545153,,
lamf-test-d4113937-9912-4267-ad39-f41249bcbcef,"{<resource_manager.instance.OnPremInstance object at 0x12bdf7b60>: [(2, 13942.68, None)]}",44.164232744169574,27540.195961679572,13942.68,13218.558256254993,3,,13942.68,22690.351,True,26.6109088143585,33.707019529558494,7.096110715199998
lamf-test-87f7683b-4f57-45f2-93ec-cd6117faec52,"{<resource_manager.instance.OnPremInstance object at 0x12bdf7b60>: [(2, 13972.68, None)]}",62.86965238334432,27853.601619421297,13972.68,13790.126956035992,1,,13972.68,16379.027000000002,True,12.99343197201309,14.94546065841309,1.9520286864000012
lamf-test-9bb4d80d-2aee-48e9-ac53-5a922312b6c8,"{<resource_manager.instance.OnPremInstance object at 0x12bdf7b60>: [(6, 14002.68, 15073.752), (2, 15073.752, None)]}",62.348183689222225,27967.838246387222,14002.68,13771.203877497994,2,31.579247392850753,14002.68,25916.740999999998,True,34.10535007694228,45.507743572942275,11.402393495999998
lamf-test-c89d3402-a23f-46ae-8720-cd373edbf82e,"{<resource_manager.instance.CloudOnDemandInstance object at 0x12c0f9590>: [(3, 14032.68, None)], <resource_manager.instance.CloudOnDemandInstance object at 0x12be328b0>: [(1, 24267.504, None)]}",59.063695813800784,28012.774328629537,14032.68,13783.889945181993,3,23.351184120465433,14433.216,28028.17432862954,False,37.65139831405254,,
lamf-test-5f552717-b86e-4e0e-9794-6b12cd0fea27,"{<resource_manager.instance.OnPremInstance object at 0x12bdf7b60>: [(2, 14463.216, None)]}",43.981392744961866,28047.495883990472,14463.216,13810.514067536991,2,,14463.216,23455.465,True,24.445156978165315,31.739669366965316,7.294512388799999
lamf-test-067d037c-dcca-41c3-b8b9-a8b36009d0a4,"{<resource_manager.instance.OnPremInstance object at 0x12bdf7b60>: [(4, 14493.216, None)]}",61.80548621708826,28086.37538457026,14493.216,13797.260855601991,2,20.302455514359178,14493.216,20630.214,True,22.351936047565395,32.30860160276539,9.956665555199999
lamf-test-60d40a4b-09c7-4a73-b379-b1d85406ff0e,"{<resource_manager.instance.CloudReservedInstance object at 0x12c0f8f50>: [(4, 14523.216, None)]}",57.165191884420324,28119.75711197949,14523.216,13821.57248902299,3,17.0847729865389,14523.216,24644.989962467993,True,20.527338378012,36.851735424680385,16.32439704666838
lamf-test-a7986f20-c88c-442a-a9bb-9d4e408bd120,"{<resource_manager.instance.CloudReservedInstance object at 0x12be323f0>: [(1, 14553.216, None)], <resource_manager.instance.CloudOnDemandInstance object at 0x12c0f9590>: [(1, 14553.216, None)], <resource_manager.instance.CloudOnDemandInstance object at 0x12c0f9090>: [(2, 14553.216, 18766.968)]}",50.00049139574834,28494.035867716833,14553.216,14388.844623680989,1,26.491507491063963,14553.216,18775.37876066946,False,26.527967553286125,,
lamf-test-78749043-3668-43d0-99ce-4ee040f7f664,"{<resource_manager.instance.OnPremInstance object at 0x12bdf7b60>: [(2, 14583.216, None)]}",57.07835905715178,28517.43480495991,14583.216,14397.537516805989,2,,14583.216,17558.128,True,8.087208309759632,10.500456924159632,2.4132486144
lamf-test-225e7631-1dba-46ce-9a30-f911bc78acd8,"{<resource_manager.instance.CloudOnDemandInstance object at 0x12c0f9090>: [(5, 14613.216, None)]}",48.6051907309817,28817.685225379384,14613.216,14419.29355561099,1,49.798401703551605,15013.752,27420.309950144052,True,58.11518789960669,115.27901139137715,57.163823491770465
lamf-test-d56ac58c-44ed-4cac-88e0-685510119191,"{<resource_manager.instance.OnPremInstance object at 0x12bdf7b60>: [(2, 15043.752, None)]}",70.70390367140996,29069.78594626383,15043.752,15007.787528535986,2,,15043.752,23146.423,True,22.0268660862736,28.5997528014736,6.572886715199998
lamf-test-093fc8c1-409b-4af5-91bd-f1586aa318b7,"{<resource_manager.instance.OnPremInstance object at 0x12bdf7b60>: [(6, 15073.752, None)]}",48.98947611555658,29169.347570246155,15073.752,15014.942540313987,1,,15073.752,17210.159,True,33.63269062286104,38.83185069806104,5.199160075199998
lamf-test-b31f9afe-254c-4126-a484-8628eb9333c1,"{<resource_manager.instance.CloudOnDemandInstance object at 0x12c0f9090>: [(5, 15103.752, None)], <resource_manager.instance.CloudOnDemandInstance object at 0x12be32520>: [(1, 15103.752, None)]}",58.325064065435534,29214.774006785472,15103.752,15037.001510013986,1,75.5288888888889,15504.288,27738.579951824588,True,92.88666073539508,166.43715294995397,73.55049221455889
lamf-test-412a625e-1641-430d-83ff-ad06d8ff7ded,"{<resource_manager.instance.OnPremInstance object at 0x12bdf7b60>: [(5, 15534.288, None)]}",48.58977843534464,29306.818518490254,15534.288,15025.129382229987,1,,15534.288,17591.796,True,27.07041478439422,31.243041008394215,4.172626223999996
lamf-test-724d0d5f-301b-4490-8457-7773ef64d695,"{<resource_manager.instance.OnPremInstance object at 0x12bdf7b60>: [(5, 15564.288, None)]}",109.55462846539683,43706.08347401336,15564.288,12594.848322774997,2,,15564.288,18757.929132355155,True,12.78030749334652,19.25701170976277,6.476704216416254
lamf-test-6fdb4590-cea7-4d20-bffa-249d0757fa2a,"{<resource_manager.instance.OnPremInstance object at 0x12bdf7b60>: [(6, 15594.288, None)]}",88.08906902383775,44226.51122618066,15594.288,13179.164696136995,1,,15594.288,21082.738628634957,True,86.40271352402739,99.75940697387342,13.356693449846032
lamf-test-8f4c62d4-1881-4ae7-91f8-3b9d5e4e648b,"{<resource_manager.instance.CloudOnDemandInstance object at 0x12be32520>: [(6, 15624.288, None)]}",53.33256697567134,29748.0241116987,15624.288,15619.969014624987,2,,16024.824,29763.424111698703,False,61.1072234574126,,
lamf-test-65b278d1-c75b-4135-b5aa-f825706c680d,"{<resource_manager.instance.CloudOnDemandInstance object at 0x12be32520>: [(4, 16054.824, None)]}",46.808209305960055,29823.021290028315,16054.824,15596.725922052987,1,,16455.36,29838.421290028316,False,145.70842066422813,,
lamf-test-915cb3ce-20ce-43ae-8b31-7f523a6333eb,"{<resource_manager.instance.OnPremInstance object at 0x12bdf7b60>: [(2, 16485.36, None)]}",71.69092063889612,30243.886863462456,16485.36,16206.539548635988,3,,16485.36,24332.779,True,23.872291429006,30.238117721806,6.365826292799999
lamf-test-2ec8c349-ada1-458e-a7a4-ab9b6322b2cf,"{<resource_manager.instance.CloudOnDemandInstance object at 0x12be32520>: [(1, 16515.36, None)], <resource_manager.instance.CloudOnDemandInstance object at 0x12bdf7cb0>: [(3, 16515.36, 19036.968)]}",57.00450481534605,30375.66357953113,16515.36,16219.479984043988,2,11.97134962949771,16915.896,19047.17738033473,False,11.992064834292663,,
lamf-test-920c97be-abc7-45c8-bf90-73719c07896c,"{<resource_manager.instance.CloudOnDemandInstance object at 0x12bdf7cb0>: [(3, 16945.896, None)]}",49.27955402462038,30393.52570565874,16945.896,16188.520116873988,2,,17346.432,27602.730220232443,True,28.97028156180573,83.37128888924829,54.401007327442564
lamf-test-eb592d2c-c121-4645-b005-4e7f00d8eb14,"{<resource_manager.instance.OnPremInstance object at 0x12bdf7b60>: [(5, 17376.432, None)]}",65.43723826831173,30545.241304487805,17376.432,16211.428236525988,1,,17376.432,20704.909000000003,True,43.79241927142751,50.542570627427516,6.750151356000004
lamf-test-cf4eee4f-df46-4434-9c29-6bf0f44daf4d,"{<resource_manager.instance.CloudOnDemandInstance object at 0x12bdf7cb0>: [(6, 17406.432, None)]}",53.667029478259835,30884.3667224683,17406.432,16784.384542867985,2,34.93223037902166,17806.968,30899.766722468303,False,49.1449002891976,,
lamf-test-4fd50982-b738-4cdf-bdb5-50cd3dff6874,"{<resource_manager.instance.OnPremInstance object at 0x12bdf7b60>: [(2, 17836.968, None)]}",66.98837614575113,31046.163446443177,17836.968,16811.525138239987,2,,17836.968,26816.791,True,24.411377272931322,31.69580969053132,7.2844324176
lamf-test-ecaffeb0-92d2-4398-a844-9e4844c48df5,"{<resource_manager.instance.OnPremInstance object at 0x12bdf7b60>: [(3, 17866.968, None)]}",106.56838267415606,44362.85529149983,17866.968,13201.766735976995,1,,17866.968,22584.674000000003,True,37.67276066621038,43.41326532701038,5.740504660800003
lamf-test-198ba68c-5a75-4dd3-95a5-23cb4a91c31d,"{<resource_manager.instance.OnPremInstance object at 0x12bdf7b60>: [(5, 17896.968, 20997.504), (1, 20997.504, None)]}",75.79076386942039,44398.87676591163,17896.968,13230.223432065994,2,12.407719537657805,17896.968,21959.84,True,14.360334355399344,21.038544844999343,6.678210489599999
lamf-test-bff6c6c8-6ce7-4a14-8d30-c8d69887c972,"{<resource_manager.instance.OnPremInstance object at 0x12bdf7b60>: [(4, 18256.968, None)]}",62.55972404682857,32063.301072716713,18256.968,18028.72691985699,2,,18256.968,26208.647999999997,True,28.96130043234571,41.8621060643457,12.900805631999994
lamf-test-f3f23406-4146-4e8a-b0d6-831939b9a4ea,"{<resource_manager.instance.OnPremInstance object at 0x12bdf7b60>: [(5, 18676.968, 19737.504), (1, 19737.504, None)]}",57.3172776265575,32064.055169277235,18676.968,18030.72691985699,1,13.953359799224275,18676.968,31456.471999999998,True,46.92938961137728,53.83337004017728,6.903980428799999
lamf-test-9fd69545-924f-4ce5-9308-d2123ccec4dc,"{<resource_manager.instance.CloudReservedInstance object at 0x12be323f0>: [(3, 18766.968, 19617.504), (1, 19617.504, None)]}",61.631240803228884,32117.455881480633,18766.968,17995.52786021949,1,6.791868583162219,18766.968,20262.184966234312,True,8.60593777098407,10.481520136370364,1.8755823653862937
lamf-test-5a75690c-b8ed-48d0-b610-f947c287d86c,"{<resource_manager.instance.OnPremInstance object at 0x12bdf7b60>: [(5, 18796.968, 19947.504), (2, 19947.504, None)]}",56.45454017440447,32778.39643284386,18796.968,18626.35377665849,3,8.749988592288387,18796.968,26219.661,True,27.830244125028514,35.25150489142851,7.4212607664
lamf-test-b036c054-ee21-47f6-aca9-95247c096cfe,"{<resource_manager.instance.OnPremInstance object at 0x12bdf7b60>: [(6, 18916.968, 21237.504), (1, 21237.504, None)]}",40.69689972228568,32825.0066405115,18916.968,18587.629325242488,3,21.177604380561256,18916.968,24668.418,True,26.39612137805156,33.43495650605156,7.0388351280000006
lamf-test-38f0df60-c850-46c3-8ecc-b21d5524ac44,"{<resource_manager.instance.CloudOnDemandInstance object at 0x12c0f9590>: [(1, 19036.968, None)], <resource_manager.instance.CloudOnDemandInstance object at 0x12c0f9090>: [(2, 19036.968, None)], <resource_manager.instance.CloudOnDemandInstance object at 0x12be32520>: [(1, 19036.968, None)], <resource_manager.instance.CloudOnDemandInstance object at 0x12bdf7cb0>: [(2, 19036.968, None)]}",82.2505270696069,44472.087110697,19036.968,13200.057315762995,3,,19437.504,44487.487110696995,False,135.4883517947212,,
lamf-test-43098e09-15cf-41fe-b455-41529b19decc,"{<resource_manager.instance.OnPremInstance object at 0x12bdf7b60>: [(4, 19467.504, 19917.504), (1, 19917.504, None)]}",67.69762432994189,33287.844571094814,19467.504,19232.527151970487,1,4.757015742642025,19467.504,30384.161000000004,True,34.20916487945852,39.184520958658524,4.975356079200001
lamf-test-9673f22e-b964-4aa7-bb78-d1e21e110802,"{<resource_manager.instance.OnPremInstance object at 0x12bdf7b60>: [(3, 19497.504, None)]}",52.254300807909324,33349.49181972165,19497.504,19194.86197568849,1,,19497.504,27003.784000000003,True,59.940634268765706,69.0742757727657,9.133641504000003
lamf-test-5f1a507d-a26f-433c-85e6-51ac89f0d432,"{<resource_manager.instance.CloudReservedInstance object at 0x12c104710>: [(4, 19587.504, 21057.504), (1, 21057.504, None)]}",64.02975273459877,33475.49288471611,19587.504,19199.71850411849,3,8.94364590463153,19587.504,33490.89288471611,False,27.85518120726459,,
lamf-test-0ee69e3c-f7ac-4d00-b4dc-243374763ca6,"{<resource_manager.instance.CloudReservedInstance object at 0x12be323f0>: [(2, 19617.504, None)]}",95.71047451977611,45049.6549891511,19617.504,13820.57248902299,3,,19617.504,23324.738018646658,True,11.277615084482948,15.628424928766664,4.350809844283717
lamf-test-ff8adf42-1018-4980-bdfd-c498e4f1b637,"{<resource_manager.instance.OnPremInstance object at 0x12bdf7b60>: [(2, 19887.504, None)]}",50.99968955238831,33882.774019307006,19887.504,19787.84179459349,1,,19887.504,30231.883,True,55.85602775876493,64.24738800356494,8.391360244800001
lamf-test-d1831f12-882c-4e14-bb62-b9776ced5649,"{<resource_manager.instance.OnPremInstance object at 0x12bdf7b60>: [(3, 19917.504, None)]}",62.263052342770514,33929.92061577136,19917.504,19800.40859668949,3,,19917.504,21975.012,True,9.38858316221765,11.892158896617648,2.503575734399998
lamf-test-327a626d-9865-47f8-8ba0-52996ec1940c,"{<resource_manager.instance.OnPremInstance object at 0x12bdf7b60>: [(4, 19947.504, 20577.504), (1, 20577.504, None)]}",74.39841740073138,33978.7091916615,19947.504,19839.397910900494,1,6.659822039698836,19947.504,33994.1091916615,False,44.41283687668077,,
lamf-test-0d7701be-3ce7-49c1-9391-e93bc28aface,"{<resource_manager.instance.OnPremInstance object at 0x12bdf7b60>: [(2, 19977.504, None)]}",74.93798997685712,33984.897473041194,19977.504,19807.46231410949,3,,19977.504,27938.636000000002,True,24.21821279184729,30.67628307024729,6.458070278400001
lamf-test-2809816c-7bfc-46e3-bb73-0ce9925ea853,"{<resource_manager.instance.OnPremInstance object at 0x12bdf7b60>: [(2, 20007.504, None)]}",50.90207279429441,33998.47001032643,20007.504,19834.687155455493,1,,20007.504,30574.583000000002,True,57.05852985017873,65.63054433497874,8.5720144848
lamf-test-6ca33400-5b63-4867-9fb5-39d7d8646a8a,"{<resource_manager.instance.OnPremInstance object at 0x12bdf7b60>: [(6, 20037.504, 20547.504), (2, 20547.504, None)]}",105.93846150050236,45066.59571623991,20037.504,13806.145605553991,1,8.028747433264886,20037.504,29684.327999999998,True,57.36440063883184,66.01732826763184,8.652927628799997
lamf-test-55d518fc-620c-44fe-a18a-2336d48b9fc1,"{<resource_manager.instance.OnPremInstance object at 0x12bdf7b60>: [(3, 20067.504, None)]}",83.99778340603386,45165.806123993905,20067.504,13800.534005301992,3,24.91444216290212,20067.504,28320.548000000003,True,37.659338352726444,47.70164229192645,10.042303939200004
lamf-test-a37f5b70-4c4f-44b3-a817-99539c326610,"{<resource_manager.instance.OnPremInstance object at 0x12bdf7b60>: [(4, 20547.504, None)]}",57.694188998700625,34511.54543134609,20547.504,20424.844730201494,3,19.53000228154232,20547.504,25083.689,True,27.598661495170717,34.958168039170715,7.359506543999996
lamf-test-0fdcad07-bf2d-4d92-8354-0c4ee7d909cf,"{<resource_manager.instance.OnPremInstance object at 0x12bdf7b60>: [(6, 20577.504, 21507.504), (1, 21507.504, None)]}",57.46774388158159,34512.364829744314,20577.504,20416.325268599496,1,14.640657084188913,20577.504,34527.76482974431,False,51.278397650052426,,
lamf-test-457a1c73-20e1-45f7-a144-19901295fb3b,"{<resource_manager.instance.OnPremInstance object at 0x12bdf7b60>: [(4, 20667.504, None)]}",49.05334152829353,34546.87774878393,20667.504,20385.040388993497,1,14.58818161076888,20667.504,26131.676000000003,True,57.76256049889727,66.62763315169728,8.865072652800004
lamf-test-73802176-7b43-45cb-be2f-758b39305344,"{<resource_manager.instance.OnPremInstance object at 0x12bdf7b60>: [(4, 20787.504, None)]}",57.80879755607951,34564.590564130376,20787.504,20407.321091759495,3,17.522245037645447,20787.504,25008.533,True,25.681216822572047,32.52941427217205,6.848197449599998
lamf-test-6012bbf1-8566-4834-b341-39822809aef2,"{<resource_manager.instance.OnPremInstance object at 0x12bdf7b60>: [(5, 20967.504, 22407.504), (2, 22407.504, None)]}",93.62462651407313,45589.88172210371,20967.504,14383.675541584988,1,18.94592744695414,20967.504,38740.85,True,107.14028184652825,123.31021212172826,16.1699302752
lamf-test-5c0e0bc7-fda1-478e-8de8-178b5b80a83c,"{<resource_manager.instance.OnPremInstance object at 0x12bdf7b60>: [(4, 20997.504, None)]}",109.02475346006189,45667.516014750785,20997.504,14417.29355561099,2,,20997.504,28290.88,True,26.563651140646996,38.396424363047,11.8327732224
lamf-test-ff97215d-d288-4a40-9a08-b29190e7eee1,"{<resource_manager.instance.CloudReservedInstance object at 0x12c104710>: [(3, 21057.504, None)], <resource_manager.instance.CloudReservedInstance object at 0x12be323f0>: [(1, 21057.504, 21957.504)]}",50.90199713640601,35088.66732817441,21057.504,21036.402854093492,1,9.71937029431896,21057.504,35104.0673281744,False,114.6999124996815,,
lamf-test-e31740c1-403e-4c71-8a7f-0330adf6a272,"{<resource_manager.instance.OnPremInstance object at 0x12bdf7b60>: [(5, 21147.504, None)]}",51.6673689623557,35105.76982090594,21147.504,21026.86132920549,1,,21147.504,25595.959,True,58.52785116738913,67.54931790738912,9.021466739999996
lamf-test-0b722e5a-870b-4bb2-acf4-7c5f987aee07,"{<resource_manager.instance.OnPremInstance object at 0x12bdf7b60>: [(4, 21237.504, 22077.504), (1, 22077.504, None)]}",60.84882595404457,35182.14596402792,21237.504,21045.375189140494,3,5.110654802646589,21237.504,35197.545964027915,False,25.066608812879934,,
lamf-test-86bee4c0-8211-4364-b2b2-315ff254f448,"{<resource_manager.instance.OnPremInstance object at 0x12bdf7b60>: [(4, 21267.504, 21627.504), (1, 21627.504, None)]}",60.879551145103115,35198.608487524114,21267.504,21046.375189140494,1,3.805612594113621,21267.504,35214.00848752411,False,42.03670743314259,,
lamf-test-20bd965c-e3af-463e-ad6b-f7ce4b078baa,"{<resource_manager.instance.OnPremInstance object at 0x12bdf7b60>: [(5, 21507.504, 22767.504), (1, 22767.504, None)]}",49.20241958092055,35215.691797294385,21507.504,21020.24016152199,2,5.042265794510637,21507.504,25856.698000000004,True,11.31035301069944,15.118610097099442,3.808257086400001
lamf-test-4c84a4d8-5052-4c6f-afd2-7c5df767217c,"{<resource_manager.instance.OnPremInstance object at 0x12bdf7b60>: [(6, 21627.504, 22377.504), (1, 22377.504, None)]}",71.28909006291121,35703.83097350687,21627.504,21606.30100109249,1,11.806981519507186,21627.504,28988.51,True,30.409705833143196,34.9163298667432,4.5066240336
lamf-test-a8f2c75b-6fbc-476d-891d-92f88bfed8de,"{<resource_manager.instance.OnPremInstance object at 0x12bdf7b60>: [(6, 22047.504, 22467.504), (1, 22467.504, None)]}",60.82789615796186,35861.03907956096,22047.504,21618.32024614049,2,1.8151769421667903,22047.504,28167.667,True,13.381015419935547,16.715113532735547,3.3340981128000005
lamf-test-e1378e61-db93-479c-b4b7-359d51f2c742,"{<resource_manager.instance.CloudReservedInstance object at 0x12c104710>: [(3, 22107.504, None)], <resource_manager.instance.CloudOnDemandInstance object at 0x12be328b0>: [(3, 22107.504, 24117.504)]}",52.48076757861521,35869.66186460644,22107.504,21607.33579210949,1,32.101300479123886,22107.504,24127.495719718685,False,32.18108833907232,,
lamf-test-1fb51fa6-4d43-412b-9a86-c51ec772c644,"{<resource_manager.instance.OnPremInstance object at 0x12bdf7b60>: [(5, 22167.504, None)]}",79.83864331738259,35984.853632610815,22167.504,21591.181282880993,3,19.393109742185718,22167.504,26159.403456720796,True,30.358958527042326,38.4545306252721,8.095572098229773
lamf-test-db07f320-f70e-4581-b141-d95e0791351c,"{<resource_manager.instance.OnPremInstance object at 0x12bdf7b60>: [(4, 22347.504, None)]}",67.5503798079176,36246.39825694612,22347.504,22197.292752466492,2,,22347.504,25769.568000000003,True,12.463708751196576,18.015665384796577,5.551956633600003
lamf-test-58d64335-ff0b-41b5-93cb-bcafe6abca1b,"{<resource_manager.instance.OnPremInstance object at 0x12bdf7b60>: [(6, 22407.504, 23217.504), (2, 23217.504, None)]}",83.27713277836911,45680.84344971594,22407.504,14395.89293856799,2,3.5006983884645244,22407.504,32595.818,True,28.995361394407247,38.57426571120725,9.5789043168
lamf-test-92b1912c-cdf4-4496-9665-6c2a64a15900,"{<resource_manager.instance.OnPremInstance object at 0x12bdf7b60>: [(5, 22467.504, None)]}",99.7921660649438,45728.675027661564,22467.504,14384.675541584988,3,,22467.504,28121.778000000002,True,43.00155144877939,54.46841912077939,11.466867672000001
lamf-test-bf2ee2bb-aeee-4553-ba75-b56c3562dc59,"{<resource_manager.instance.OnPremInstance object at 0x12bdf7b60>: [(2, 22497.504, None)]}",94.73625576454592,45753.80355442261,22497.504,14389.844623680989,1,,22497.504,35249.187999999995,True,68.85463259563461,79.1987986564346,10.344166060799996
lamf-test-3231937d-3960-4134-90c2-f2e92cf6e932,"{<resource_manager.instance.OnPremInstance object at 0x12bdf7b60>: [(2, 22647.504, None)]}",109.51414052886817,45979.377794186374,22647.504,14996.838101306987,2,,22647.504,35076.731999999996,True,33.788480454378835,43.87107020797883,10.082589753599995
lamf-test-5e0241b4-8be0-4af4-bde6-0b42fa40fc67,"{<resource_manager.instance.OnPremInstance object at 0x12bdf7b60>: [(2, 22677.504, None)]}",98.3173256377796,46202.210292730335,22677.504,14997.838101306987,3,,22677.504,25591.030000000002,True,8.86311050269983,11.22656279389983,2.363452291200001
lamf-test-50bd9009-28ec-4253-bcf7-ae2b62692323,"{<resource_manager.instance.OnPremInstance object at 0x12bdf7b60>: [(3, 22707.504, None)]}",96.71534015432012,46772.035349155616,22707.504,15593.046044574987,2,,22707.504,33371.14,True,34.398565331537974,47.37407761633797,12.975512284799999
lamf-test-4e05654b-8014-4960-848f-0c1b470c0ee8,"{<resource_manager.instance.OnPremInstance object at 0x12bdf7b60>: [(5, 22767.504, 24687.504), (1, 24687.504, None)]}",119.66024806020059,46804.40087306254,22767.504,15603.005550123988,3,14.60187086470454,22767.504,27854.399999999998,True,19.418809034907593,24.597062052507592,5.178253017599999
lamf-test-599db447-ffc5-4f67-bbdb-15246291d10d,"{<resource_manager.instance.OnPremInstance object at 0x12bdf7b60>: [(4, 23187.504, None)]}",58.09494942769889,36722.841443317826,23187.504,22820.758667117498,3,,23187.504,30474.058000000005,True,44.332216898623486,56.15392210822349,11.821705209600006
lamf-test-0edb2b7d-ea79-4551-a1d6-40e8f4f75204,"{<resource_manager.instance.OnPremInstance object at 0x12bdf7b60>: [(2, 23217.504, None)]}",49.09599477194767,36832.163570952725,23217.504,22839.752629296498,3,,23217.504,28117.837000000003,True,14.907089512510463,18.882239642110466,3.975150129600002
lamf-test-9c88980c-fc13-42ba-ae80-9214e850b23c,"{<resource_manager.instance.OnPremInstance object at 0x12bdf7b60>: [(3, 23247.504, None)]}",56.88278421553064,36866.62739832916,23247.504,22817.015462348496,2,,23247.504,25994.99,True,8.862790953150125,12.205931917950126,3.3431409648000012
lamf-test-76f31f64-e074-4b6a-9579-e22c37b55e69,"{<resource_manager.instance.CloudReservedInstance object at 0x12be323f0>: [(2, 23367.504, None)], <resource_manager.instance.CloudOnDemandInstance object at 0x12be328b0>: [(2, 23367.504, None)], <resource_manager.instance.CloudOnDemandInstance object at 0x12bdf7cb0>: [(1, 23367.504, 25917.504)]}",57.885218243385175,37040.794438512756,23367.504,22795.469140772493,3,18.100235759373334,23367.504,25927.961656401676,False,18.163861321175297,,
lamf-test-227b9038-f251-4152-94eb-43a9fb1d09b6,"{<resource_manager.instance.OnPremInstance object at 0x12bdf7b60>: [(5, 23667.504, 24477.504), (1, 24477.504, None)]}",66.25196628808428,37054.52672768744,23667.504,22825.894775251498,2,3.2414565821854096,23667.504,35398.865,True,25.4012960961437,31.473680117743697,6.072384021599998
lamf-test-404b381d-5a0f-4cbc-ae4f-02ebbbeb7a4d,"{<resource_manager.instance.OnPremInstance object at 0x12bdf7b60>: [(6, 23967.504, 25137.504), (1, 25137.504, None)]}",54.32250531179826,37059.43168175709,23967.504,22846.338235576495,1,18.418891170431213,23967.504,31402.497000000003,True,36.04796874287019,41.43636190367019,5.3883931608000015
lamf-test-01d3dab5-d631-4e94-b48f-123fd1e6d0ca,"{<resource_manager.instance.CloudReservedInstance object at 0x12c104710>: [(3, 24117.504, None)]}",62.28353144846482,37499.87444882877,24117.504,23400.275538602495,1,,24117.504,28076.83147947755,True,31.61680624725399,44.59231426299782,12.975508015743825
lamf-test-c7f36b6d-6d0e-497a-bed2-ab51e4200e00,"{<resource_manager.instance.OnPremInstance object at 0x12bdf7b60>: [(6, 24447.504, 25257.504), (2, 25257.504, None)]}",67.30455789142538,37548.46888557463,24447.504,23449.252646677498,2,3.5006983884645244,24447.504,26641.151,True,7.26210091605996,10.35573136245996,3.0936304464000006
lamf-test-d392fb46-3ada-4299-920d-04b5ae462e49,"{<resource_manager.instance.OnPremInstance object at 0x12bdf7b60>: [(4, 24477.504, None)]}",53.88118833696197,37566.86870546836,24477.504,23444.2072858535,2,7.102214355089007,24477.504,27781.128999999997,True,12.03233481991328,17.392136019913274,5.359801199999994
lamf-test-cbaeac35-da39-4580-bb48-6f69d435e1ef,"{<resource_manager.instance.CloudReservedInstance object at 0x12c0f8f50>: [(4, 24687.504, None)], <resource_manager.instance.CloudOnDemandInstance object at 0x12be328b0>: [(2, 24687.504, 26577.504)]}",59.97502759856391,37708.6602775141,24687.504,23433.809337582497,2,9.46778723572299,24687.504,26587.01199215749,False,9.489569489311355,,
lamf-test-6ebb2b55-7f25-4fcc-998e-d62668ae8460,"{<resource_manager.instance.OnPremInstance object at 0x12bdf7b60>: [(6, 24747.504, 25797.504), (1, 25797.504, None)]}",60.69367071554156,37750.89876366848,24747.504,23416.943684049496,2,4.537942355416976,24747.504,37962.407999999996,False,29.220975939116776,,
lamf-test-8ac2f925-7afc-41fe-bb28-31766fc5fb67,"{<resource_manager.instance.CloudReservedInstance object at 0x12be323f0>: [(2, 25047.504, None)]}",78.91788247204538,38072.03071446208,25047.504,24025.438454771494,1,,25047.504,30965.295588870296,True,31.954004320464747,38.899124529162926,6.945120208698178
lamf-test-e68a5a0e-948d-450e-bd18-14ba76978e62,"{<resource_manager.instance.OnPremInstance object at 0x12bdf7b60>: [(2, 25107.504, None)]}",61.643354936762066,38166.80071968273,25107.504,24042.89298291199,2,,25107.504,38182.200719682725,False,35.54316764966666,,
lamf-test-03badbdc-4aa8-4cd2-98f8-bfe0e4080cef,"{<resource_manager.instance.OnPremInstance object at 0x12bdf7b60>: [(2, 25137.504, None)]}",46.039696363479905,38660.54026157683,25137.504,24636.319408956988,2,,25137.504,32765.196999999996,True,20.735652756752245,26.923237318352243,6.187584561599996
lamf-test-3943f80b-7a33-4e35-a8a4-f3b6aa99c52d,"{<resource_manager.instance.OnPremInstance object at 0x12bdf7b60>: [(3, 25167.504, None)]}",31.751233670300554,38726.436171469846,25167.504,24634.850563860487,1,12.93634496919918,25167.504,29729.672,True,36.430727812000896,41.9819738344009,5.551246022399998
lamf-test-aba1aa4f-f6ce-4af2-b868-ea5768a9b8b8,"{<resource_manager.instance.OnPremInstance object at 0x12bdf7b60>: [(5, 25197.504, None)]}",55.6474329845016,38740.13453465954,25197.504,24600.17008417799,3,12.320328542094456,25197.504,28026.147522402658,True,21.512233039795095,27.248722103227685,5.736489063432589
lamf-test-d11d15e3-c05e-424a-bab1-f5785ed94bc2,"{<resource_manager.instance.OnPremInstance object at 0x12bdf7b60>: [(4, 25257.504, 26187.504), (1, 26187.504, None)]}",65.13660288894543,38746.48102054382,25257.504,24614.95037498299,1,9.831165868126854,25257.504,35406.609,True,35.77282569016654,41.02092667816654,5.248100987999998
lamf-test-2ee801ff-df94-45c9-b634-a465808c37ee,"{<resource_manager.instance.OnPremInstance object at 0x12bdf7b60>: [(4, 25647.504, 26367.504), (1, 26367.504, None)]}",44.045311418522864,38749.86911466799,25647.504,24650.814033122988,3,4.380561259411362,25647.504,37181.165,True,20.828444748650085,26.382593650250087,5.5541489016000005
lamf-test-b19f4d76-0891-41df-b5fe-36ccd74b9a06,"{<resource_manager.instance.OnPremInstance object at 0x12bdf7b60>: [(3, 25677.504, None)]}",47.2527689810787,38755.58467312949,25677.504,24652.814033122988,3,,25677.504,37950.278,True,56.001706593657296,70.93521799685729,14.933511403199999
lamf-test-2586faa0-8afe-4587-9352-3a45415e951c,"{<resource_manager.instance.OnPremInstance object at 0x12bdf7b60>: [(3, 25707.504, None)]}",52.1878736324701,38804.49714228923,25707.504,24620.826756761988,2,,25707.504,28816.254999999997,True,10.028153096465774,13.81088131326577,3.7827282167999963
lamf-test-81195703-aa5f-481d-abd3-346d6a96d7d8,"{<resource_manager.instance.OnPremInstance object at 0x12bdf7b60>: [(2, 25737.504, None)]}",57.90728747613712,38832.5802198363,25737.504,24629.614774136986,2,,25737.504,31318.363,True,15.171396424632672,19.69858924543267,4.5271928208
lamf-test-debb5ae3-8ca9-424a-a1fe-ae626817d5d4,"{<resource_manager.instance.OnPremInstance object at 0x12bdf7b60>: [(4, 25797.504, 26727.504), (1, 26727.504, None)]}",50.08229655297103,38850.834984638874,25797.504,24624.982834865987,3,5.658224960073008,25797.504,34582.053,True,17.605215605749486,22.299852680149485,4.694637074399999
lamf-test-0b1411aa-7440-4517-bbd4-2bffa1461af4,"{<resource_manager.instance.OnPremInstance object at 0x12bdf7b60>: [(2, 25827.504, None)]}",54.09958144079154,38945.45055747523,25827.504,24640.997372664988,1,,25827.504,31973.953999999998,True,33.188679747509305,38.1746799875093,4.986000239999997
lamf-test-55529a16-b241-4348-bd90-45ddc000d26d,"{<resource_manager.instance.OnPremInstance object at 0x12bdf7b60>: [(3, 25857.504, None)]}",53.211716625419925,39373.71303783588,25857.504,25257.83196906599,2,,25857.504,35299.87899999999,True,30.459043549721752,41.94852544972174,11.489481899999992
lamf-test-b86de886-591a-45ec-903b-6a80c96225dd,"{<resource_manager.instance.OnPremInstance object at 0x12bdf7b60>: [(6, 26127.504, None)]}",41.149547064693905,39792.190980080326,26127.504,25808.497935095987,3,,26127.504,28773.702999999998,True,24.1496600501939,30.589449936593894,6.439789886399993
lamf-test-65e3ea29-e28c-4094-b1d4-e102c2738358,"{<resource_manager.instance.CloudReservedInstance object at 0x12be323f0>: [(2, 26157.504, None)], <resource_manager.instance.CloudOnDemandInstance object at 0x12be328b0>: [(1, 26157.504, None)]}",53.51848203740168,39944.966402595936,26157.504,25824.763802999987,1,,26157.504,31648.41931280335,True,45.09992043370308,63.787701609298004,18.68778117559492
lamf-test-2f12deb2-00c6-45f2-bf9e-431fba73627e,"{<resource_manager.instance.OnPremInstance object at 0x12bdf7b60>: [(6, 26187.504, 26697.504), (2, 26697.504, None)]}",93.49967154984164,46901.81512555174,26187.504,15615.510516819486,1,8.028747433264886,26187.504,36456.13999999999,True,60.72196790630461,69.8793094295046,9.157341523199992
lamf-test-b18ea74a-e7ea-41d7-821c-d4f1a5e50746,"{<resource_manager.instance.OnPremInstance object at 0x12bdf7b60>: [(4, 26247.504, None)]}",93.66823018165961,47698.23347389003,26247.504,16780.201190608987,3,50.22328085785991,26247.504,36452.83,True,62.090355160088215,78.64747606248821,16.5571209024
lamf-test-4d1918b0-1458-45e2-b527-a49166860d07,"{<resource_manager.instance.OnPremInstance object at 0x12bdf7b60>: [(6, 26307.504, None)]}",99.90881249240506,47942.866667270966,26307.504,16807.797872617986,2,,26307.504,31487.104,True,22.38545354677882,34.99052810677882,12.605074559999997
lamf-test-6f91592c-afdd-4bec-8b7a-080c324249f5,"{<resource_manager.instance.OnPremInstance object at 0x12bdf7b60>: [(5, 26367.504, None)]}",112.19170754417485,48562.67704720971,26367.504,17417.361601814988,3,47.94907597535935,26367.504,34677.96313235516,True,63.20221410263258,80.05582522304884,16.853611120416257
lamf-test-18cbb634-7aef-4481-9ee7-fe1e8a16d0ba,"{<resource_manager.instance.CloudReservedInstance object at 0x12c0f91d0>: [(2, 26487.504, None)], <resource_manager.instance.CloudReservedInstance object at 0x12c0f8f50>: [(2, 26487.504, None)], <resource_manager.instance.CloudOnDemandInstance object at 0x12be328b0>: [(1, 26487.504, None)]}",52.226498354671556,40532.15227447219,26487.504,26412.117855872984,3,,26487.504,28389.711992157492,True,7.715498738692387,14.766222882423344,7.050724143730958
lamf-test-40afb271-d458-48d9-adbe-b89134d80114,"{<resource_manager.instance.CloudReservedInstance object at 0x12c0f8f50>: [(3, 26577.504, None)]}",57.83325208385016,40673.06694241034,26577.504,26443.031112575987,3,,26577.504,33657.91597423176,True,10.769506387149981,19.333972711180714,8.564466324030732
lamf-test-81297157-09b4-4bfd-81e5-a8bf0f0cf407,"{<resource_manager.instance.OnPremInstance object at 0x12bdf7b60>: [(6, 26697.504, 27177.504), (1, 27177.504, None)]}",69.1210403049402,40685.166193763216,26697.504,26447.320478852485,3,4.380561259411362,26697.504,38893.717,True,22.201251806221,28.121475799021,5.920223992799999
lamf-test-e18205c9-e6f7-4d1b-94fe-6bdf96998c05,"{<resource_manager.instance.OnPremInstance object at 0x12bdf7b60>: [(6, 26787.504, None)]}",110.9772195614234,48610.72293446607,26787.504,17391.73249897199,1,,26787.504,31820.884000000002,True,79.23869952087612,91.48793308887613,12.249233568000003
lamf-test-d81a676f-ccce-4b38-95bc-838588f989f1,"{<resource_manager.instance.CloudReservedInstance object at 0x12c0f8f50>: [(1, 26817.504, None)], <resource_manager.instance.CloudOnDemandInstance object at 0x12be328b0>: [(2, 26817.504, None)]}",93.67827368323229,49078.03630854437,26817.504,18027.72691985699,1,75.2506441554491,26817.504,49093.43630854436,False,144.56457198233977,,
lamf-test-2b83bd20-9a87-454f-8bc9-f6503da1f9d0,"{<resource_manager.instance.OnPremInstance object at 0x12bdf7b60>: [(3, 26907.504, None)]}",93.14423892083788,50300.96785553104,26907.504,19206.07831257549,2,26.434715958464395,26907.504,38208.352,True,36.45407234734759,50.20494419374759,13.750871846399999
lamf-test-5471ed7c-c241-4b43-b3db-c6a0ff681a3a,"{<resource_manager.instance.OnPremInstance object at 0x12bdf7b60>: [(2, 27087.504, None)]}",59.30424416492866,41177.37216598661,27087.504,27008.995077077983,2,,27087.504,36871.018,True,26.596186952571927,34.53257350937192,7.936386556799996
lamf-test-9b9326a1-51bc-46fd-a2cb-1abf1c9c75f6,"{<resource_manager.instance.OnPremInstance object at 0x12bdf7b60>: [(5, 27177.504, None)]}",57.78982021342063,41276.018174808414,27177.504,27014.833337396984,1,,27177.504,31433.77476120133,True,55.999303497439335,64.63102060115563,8.631717103716294
lamf-test-f14e2551-1aeb-4008-9226-cf172ac76d45,"{<resource_manager.instance.OnPremInstance object at 0x12bdf7b60>: [(2, 27207.504, None)]}",113.07976716267329,50414.261892542425,27207.504,19221.73262791249,2,,27207.504,35445.147999999994,True,22.393786105149164,29.07616291794916,6.682376812799994
lamf-test-396956b2-43cb-496d-8f0c-0ee7a61c67dd,"{<resource_manager.instance.CloudOnDemandInstance object at 0x12c0f9590>: [(2, 27387.504, None)]}",82.48316532935924,50422.6785289121,27387.504,19202.99133832749,1,,27788.04,50438.0785289121,False,64.86206232943552,,
lamf-test-33fae0e0-9739-4c13-8834-0589e7587a07,"{<resource_manager.instance.CloudOnDemandInstance object at 0x12c0f9590>: [(2, 27818.04, None)]}",87.86109604520695,50431.41563154407,27818.04,19207.93391109249,2,,28218.576,50446.815631544065,False,45.91461049519256,,
lamf-test-b2a69e4a-f75e-4751-ad43-b2adf397fd45,"{<resource_manager.instance.OnPremInstance object at 0x12bdf7b60>: [(5, 28248.576, None)]}",99.34731245959347,50479.61485280817,28248.576,19200.71850411849,1,,28248.576,32641.6095477991,True,57.79867699210922,66.7077490270458,8.909072034936573
lamf-test-fd51a7dd-bca8-4714-a851-595e00860b67,"{<resource_manager.instance.OnPremInstance object at 0x12bdf7b60>: [(3, 28278.576, None)]}",86.19568247701017,50484.35251700146,28278.576,19210.193945796487,3,,28278.576,36773.354,True,38.76239105635408,49.09883692675408,10.336445870399999
lamf-test-1bfc2de0-7e2f-450e-9736-96acfe81a2a7,"{<resource_manager.instance.OnPremInstance object at 0x12bdf7b60>: [(5, 28308.576, None)]}",88.34113338193856,50514.75826794759,28308.576,19242.70178760449,1,,28308.576,33091.60399999999,True,62.92979268385417,72.62977346785415,9.699980783999981
lamf-test-44149545-c52b-4763-ae20-c3268c37dc6f,"{<resource_manager.instance.OnPremInstance object at 0x12bdf7b60>: [(6, 28338.576, None)]}",109.24225266973586,50918.34365733751,28338.576,19842.285708977495,2,19.767069451402957,28338.576,33973.115999999995,True,24.351635923134417,38.0638524671344,13.712216543999986
lamf-test-a691c5b1-12d1-40f2-af64-e72afc904125,"{<resource_manager.instance.CloudReservedInstance object at 0x12c104710>: [(3, 28368.576, None)], <resource_manager.instance.CloudOnDemandInstance object at 0x12be328b0>: [(1, 28368.576, None)], <resource_manager.instance.CloudOnDemandInstance object at 0x12c0f9590>: [(1, 28368.576, None)]}",99.92248787916859,50969.74962411105,28368.576,19817.27252237649,3,,28368.576,37522.11239081159,True,62.652542031564614,119.65893596626103,57.00639393469642
lamf-test-df81467a-4b45-4bf0-9c71-c38863eca94a,"{<resource_manager.instance.CloudOnDemandInstance object at 0x12c0f9590>: [(2, 28398.576, None)], <resource_manager.instance.CloudOnDemandInstance object at 0x12c0f9090>: [(1, 28398.576, None)]}",90.94794091988545,51016.09853989266,28398.576,19816.27252237649,2,,28799.112,51031.49853989265,False,74.8088856305834,,
lamf-test-32172143-1bae-4833-a5f0-e53bac6ac6d4,"{<resource_manager.instance.OnPremInstance object at 0x12bdf7b60>: [(6, 28829.112, None)]}",101.07515126388836,51575.99188224634,28829.112,20392.584958943495,1,,28829.112,32473.04220954499,True,57.36508885662885,66.23295741457754,8.867868557948686
lamf-test-3b06725f-04eb-4610-a2d8-34a69a9c127f,"{<resource_manager.instance.OnPremInstance object at 0x12bdf7b60>: [(5, 28859.112, None)]}",123.85755114021583,51615.19184671607,28859.112,20403.762552911496,3,,28859.112,36547.43339706547,True,58.470768857445194,74.06268465069397,15.59191579324877
lamf-test-f542227f-df52-4f0c-ae96-9700636101a5,"{<resource_manager.instance.OnPremInstance object at 0x12bdf7b60>: [(6, 28889.112, None)]}",98.85116440229747,51617.80764005477,28889.112,20437.31838690349,3,33.97869952087611,28889.112,34193.45,True,48.40828656171568,61.316923518515665,12.908636956799992
lamf-test-9aa73522-f6c8-49a8-a56a-28cd17720766,"{<resource_manager.instance.CloudReservedInstance object at 0x12c0f91d0>: [(2, 28919.112, None)], <resource_manager.instance.CloudReservedInstance object at 0x12c0f8f50>: [(2, 28919.112, None)], <resource_manager.instance.CloudOnDemandInstance object at 0x12be328b0>: [(1, 28919.112, None)], <resource_manager.instance.CloudOnDemandInstance object at 0x12c0f9090>: [(1, 28919.112, None)]}",99.02000673984057,51678.36872261859,28919.112,20440.62716199649,1,,28919.112,39323.06195226414,True,90.20079812594967,138.05158110189862,47.850782975948945
lamf-test-bfb0cddb-1544-48a4-b06e-9eadc91468fd,"{<resource_manager.instance.CloudOnDemandInstance object at 0x12c0f9090>: [(6, 28949.112, None)]}",95.51732021748852,51691.816281613224,28949.112,20412.233005454495,2,,29349.648,51707.21628161322,False,61.86721827759566,,
lamf-test-79eb9a19-2e44-423f-814a-791df0f7734e,"{<resource_manager.instance.CloudOnDemandInstance object at 0x12c0f9090>: [(2, 29379.648, None)]}",110.61449386789155,52084.81804915912,29379.648,20989.27925053249,3,,29780.184,52100.21804915911,False,23.0390854048816,,
lamf-test-cf5ee26c-33df-418f-9253-bf22cfb1db3e,"{<resource_manager.instance.OnPremInstance object at 0x12bdf7b60>: [(3, 29810.184, None)]}",86.78911405093122,52103.65060865099,29810.184,21017.11345504949,3,,29810.184,33195.844,True,15.449053159936097,19.568724247936093,4.119671087999996
lamf-test-7f97cbae-fe7b-4dba-87f8-0ca2882583a5,"{<resource_manager.instance.CloudOnDemandInstance object at 0x12be32520>: [(4, 29840.184, None)]}",101.33638951109616,52106.56387860274,29840.184,20992.82679418549,2,63.64222168803346,30240.72,52121.963878602735,False,81.15383431320294,,
lamf-test-6e9b564f-bd08-4a74-adb5-0f54b0e3a954,"{<resource_manager.instance.OnPremInstance object at 0x12bdf7b60>: [(2, 30270.72, None)]}",95.10170299612852,52196.7153811768,30270.72,21015.75431107949,2,,30270.72,45133.64,True,40.40439856079528,52.461199264795276,12.056800703999999
lamf-test-0b008ed2-19e2-4099-a5b7-5ad49013ab38,"{<resource_manager.instance.CloudOnDemandInstance object at 0x12be32520>: [(6, 30300.72, None)]}",98.70843455961634,52297.04553636796,30300.72,21023.02075263549,3,,30701.256,52312.44553636795,False,200.88273361960253,,
lamf-test-6250b41b-6866-44ee-9930-467c8f1f7d45,"{<resource_manager.instance.OnPremInstance object at 0x12bdf7b60>: [(6, 30731.256, 32552.328), (1, 32552.328, None)]}",92.1601820634213,52825.21057753173,30731.256,21605.30100109249,3,16.619411362080765,30731.256,39245.712,True,26.800237280401547,33.94683465000155,7.1465973696
lamf-test-ea68f53d-4ebe-4fb8-83dd-aa5b6c6a2310,"{<resource_manager.instance.OnPremInstance object at 0x12bdf7b60>: [(4, 30761.256, None)]}",110.2774483129196,52832.31351370635,30761.256,21594.00048077449,3,27.32418891170431,30761.256,37872.314,True,43.26447942809337,54.801459927293365,11.536980499199995
lamf-test-69f3610c-edfc-431a-ac62-c6c3e7603585,"{<resource_manager.instance.CloudOnDemandInstance object at 0x12be32520>: [(1, 30791.256, None)], <resource_manager.instance.CloudOnDemandInstance object at 0x12bdf7cb0>: [(4, 30791.256, None)]}",101.55343618416583,52867.89458474309,30791.256,21642.004172221492,1,,31191.792,52883.29458474308,False,219.53707823711025,,
lamf-test-3caf5282-95cc-4847-bdc6-12864fd51ff6,"{<resource_manager.instance.CloudReservedInstance object at 0x12be323f0>: [(2, 31221.792, None)]}",88.21646259362132,53218.19406458344,31221.792,22246.33819313349,1,,31221.792,41682.38433632664,True,56.48353911926318,68.76009028517612,12.276551165912945
lamf-test-dfcd1cfc-af92-4194-9a51-c980d70402e7,"{<resource_manager.instance.CloudOnDemandInstance object at 0x12bdf7cb0>: [(5, 31251.792, 35552.328), (1, 35552.328, None)]}",104.89919658381315,53390.43836634481,31251.792,22245.324785141493,2,14.503314550191133,31652.328,35562.030667553474,False,14.519905470909316,,
lamf-test-787e33de-2c34-4cf0-bd9d-1f6b1a5da962,"{<resource_manager.instance.OnPremInstance object at 0x12bdf7b60>: [(3, 31682.328, None)]}",98.72547788684845,53626.216822484974,31682.328,22232.112466336494,1,,31682.328,37651.358,True,47.665080994752444,54.928196698752444,7.263115703999999
lamf-test-70da499d-f492-45a5-857f-ba98849424d5,"{<resource_manager.instance.OnPremInstance object at 0x12bdf7b60>: [(4, 31712.328, None)]}",105.64492540905647,53907.65142856762,31712.328,22813.534414503494,3,40.949340634268765,31712.328,39399.606,True,46.770266940451734,59.242106767651734,12.471839827199997
lamf-test-b20c0974-09ea-4c80-b141-7811b8b20475,"{<resource_manager.instance.OnPremInstance object at 0x12bdf7b60>: [(2, 31742.328, None)]}",96.38631983638818,53926.65168461618,31742.328,22830.702122779498,1,,31742.328,36229.634,True,24.22988257662178,27.869985203821777,3.6401026271999974
lamf-test-48887eaf-7764-41b1-8a24-eb297e7a4537,"{<resource_manager.instance.OnPremInstance object at 0x12bdf7b60>: [(6, 31772.328, None)]}",92.60848910013964,53951.86520928645,31772.328,22811.617113537493,1,,31772.328,34221.42,True,38.555178644763814,44.51528893596381,5.960110291199993
lamf-test-41153241-bf67-4ba2-bd57-821911347a85,"{<resource_manager.instance.OnPremInstance object at 0x12bdf7b60>: [(3, 31802.328, None)]}",99.23133172494114,53962.61546232328,31802.328,22814.534414503494,3,11.909650924024639,31802.328,42526.28600000001,True,48.934328085786014,61.98324018018602,13.048912094400007
lamf-test-1bd3ea85-4b86-41d6-88ae-4d09629a5e9f,"{<resource_manager.instance.OnPremInstance object at 0x12bdf7b60>: [(5, 31862.328, 32852.328), (2, 32852.328, None)]}",91.30297666017438,53964.768198223246,31862.328,22823.049868287497,2,3.961780267115501,31862.328,36334.712,True,13.428535862768067,18.261165763568066,4.832629900799999
lamf-test-af303474-9c6d-4cd6-af46-9ee1b2d1d0c4,"{<resource_manager.instance.OnPremInstance object at 0x12bdf7b60>: [(6, 32522.328, 34982.328), (2, 34982.328, None)]}",83.47238892971743,53996.91248768332,32522.328,22809.972841779494,3,22.450376454483226,32522.328,39950.73115560497,True,37.56453922155286,47.581563861379614,10.01702463982675
lamf-test-5d4708b4-be70-4e57-95c0-9df21e198378,"{<resource_manager.instance.OnPremInstance object at 0x12bdf7b60>: [(5, 32552.328, 33212.328), (1, 33212.328, None)]}",119.73047030526563,54017.66011194914,32552.328,22805.730092259495,1,8.683550079853982,32552.328,43367.454,True,37.25908145106091,42.716480556660905,5.457399105599999
lamf-test-67a1a99a-4314-4946-83c9-ed2acd2c23fe,"{<resource_manager.instance.OnPremInstance object at 0x12bdf7b60>: [(2, 32582.328, None)]}",104.56386159081104,54032.183711209276,32582.328,22822.049868287497,2,,32582.328,39975.46,True,20.09800577144797,26.09531444984797,5.997308678399998
lamf-test-04e82c6f-21eb-4e35-8244-b06d0737db1d,"{<resource_manager.instance.OnPremInstance object at 0x12bdf7b60>: [(5, 32702.328, None)]}",95.5159501731966,54258.14014320588,32702.328,22824.894775251498,2,35.45807745542072,32702.328,42716.67852942063,True,40.07541041963263,60.38451329329766,20.30910287366503
lamf-test-9638132b-b89e-4ce9-a020-504ebe7f7390,"{<resource_manager.instance.OnPremInstance object at 0x12bdf7b60>: [(3, 32732.328, None)]}",103.1682902438305,54379.08168004804,32732.328,23415.943684049496,2,19.291905529559976,32732.328,41142.75000000001,True,27.13018811152261,37.36398960112262,10.233801489600008
lamf-test-0967a8c1-fdb4-4be1-a916-cc022480b089,"{<resource_manager.instance.CloudReservedInstance object at 0x12be323f0>: [(2, 32762.328, None)]}",89.68473907463206,54430.03424366203,32762.328,23439.674906442,1,,32762.328,49505.826224103286,True,90.40903292351763,110.05920243932525,19.650169515807615
lamf-test-428fc4b3-a829-4902-849a-b2c3bb41b1dd,"{<resource_manager.instance.OnPremInstance object at 0x12bdf7b60>: [(6, 32852.328, None)]}",111.95659614535904,54526.04407567673,32852.328,23413.355811947495,3,41.43770020533881,32852.328,38879.99894605998,True,55.00954548081205,69.67848549514362,14.668940014331572
lamf-test-faec5c90-186b-4555-954c-a8baf4f027a2,"{<resource_manager.instance.OnPremInstance object at 0x12bdf7b60>: [(4, 33122.328, None)]}",104.23072108364673,54652.04865648465,33122.328,23434.9002149825,3,33.46588181610768,33122.328,39636.513999999996,True,39.63304281694421,50.2016581833442,10.56861536639999
lamf-test-5c066d18-4f49-4722-a66a-a3c4e7ab30cb,"{<resource_manager.instance.OnPremInstance object at 0x12bdf7b60>: [(3, 33212.328, None)]}",105.95282638563052,55140.44998999705,33212.328,24002.3954533345,3,32.21782340862423,33212.328,40951.104,True,35.31268993839834,44.72923257519834,9.4165426368
lamf-test-ff254f04-4cb3-4cab-aa4a-5f045128d210,"{<resource_manager.instance.OnPremInstance object at 0x12bdf7b60>: [(3, 33242.328, None)]}",110.15545315677929,55142.228403712805,33242.328,24021.201200297495,3,22.909130732375083,33242.328,40171.026,True,31.616235455167676,40.04707518156767,8.430839726399997
lamf-test-03f57a47-31b2-463e-9964-32e1833cfbcd,"{<resource_manager.instance.OnPremInstance object at 0x12bdf7b60>: [(6, 33362.328, None)]}",98.51981663568804,55172.64867019344,33362.328,24008.215723649497,1,,33362.328,34644.452,True,20.184019164955448,23.30419613135544,3.120176966399991
lamf-test-947624f9-c308-44e1-a082-5eef08d3ec8d,"{<resource_manager.instance.CloudReservedInstance object at 0x12c104710>: [(2, 33602.328, None)], <resource_manager.instance.CloudReservedInstance object at 0x12c0f91d0>: [(2, 33602.328, None)]}",93.19634223972996,55338.76454019854,33602.328,24047.325101066992,2,,33602.328,47347.44864855312,True,65.25504558339668,104.50011405914555,39.245068475748866
lamf-test-9a44ea70-cb8b-427c-9af4-a87498aeb7c6,"{<resource_manager.instance.OnPremInstance object at 0x12bdf7b60>: [(2, 33632.328, None)]}",116.40460154918469,55401.787378085945,33632.328,24035.90011034049,3,,33632.328,43693.186,True,30.605697771693663,38.76706578129367,8.1613680096
lamf-test-ca1797e6-b093-4c70-86e8-71ffe0d25cca,"{<resource_manager.instance.CloudReservedInstance object at 0x12c0f91d0>: [(2, 33662.328, None)], <resource_manager.instance.CloudReservedInstance object at 0x12c0f8f50>: [(2, 33662.328, None)]}",87.62355008897632,55716.708493128,33662.328,24612.95037498299,3,,33662.328,43761.021004826114,True,25.600661659507978,40.51441148903518,14.913749829527205
lamf-test-c4cd6d33-84be-4a0d-a794-48962ad9461f,"{<resource_manager.instance.OnPremInstance object at 0x12bdf7b60>: [(4, 34022.328, 35462.328), (1, 35462.328, None)]}",92.44374551049617,55893.41412775738,34022.328,24651.814033122988,1,15.222450376454484,34022.328,49277.626,True,54.09734778310136,62.03708865190136,7.939740868799998
lamf-test-b37b6ec3-b4f6-4505-b5ff-6313155b88e1,"{<resource_manager.instance.OnPremInstance object at 0x12bdf7b60>: [(5, 34202.328, None)]}",92.20096869554938,55928.21402171165,34202.328,24604.30033408149,2,,34202.328,41388.159999999996,True,28.756249919603125,43.32911721560311,14.57286729599999
lamf-test-783eef72-16ea-4bd4-8850-a7549496bd66,"{<resource_manager.instance.OnPremInstance object at 0x12bdf7b60>: [(3, 34232.328, None)]}",99.85904399571011,55929.11621521467,34232.328,24659.975620346988,2,,34232.328,41790.537999999986,True,24.381137960305765,33.57796788830575,9.196829927999982
lamf-test-8a7888d4-6626-4d18-8e7e-6823cdaffb96,"{<resource_manager.instance.OnPremInstance object at 0x12bdf7b60>: [(6, 34262.328, None)]}",94.8282048828368,55946.856779116446,34262.328,24641.997372664988,3,34.045503080082135,34262.328,39136.565682574976,True,44.4831182530228,56.34506307733726,11.861944824314458
lamf-test-59f36aea-6cbc-457b-81ba-431f79f73291,"{<resource_manager.instance.OnPremInstance object at 0x12bdf7b60>: [(2, 34292.328, None)]}",94.81833183066266,56529.10112399826,34292.328,25234.15724111999,3,,34292.328,41221.026000000005,True,21.07749030344514,26.698050121045142,5.620559817600003
lamf-test-720b43f5-e992-4463-8b62-736d9e2ae936,"{<resource_manager.instance.CloudReservedInstance object at 0x12c0f8f50>: [(1, 34322.328, None)], <resource_manager.instance.CloudOnDemandInstance object at 0x12be328b0>: [(1, 34322.328, None)]}",92.64800719218381,56927.09792180908,34322.328,25825.97424640499,2,,34322.328,56942.497921809074,False,74.76673424045589,,
lamf-test-abc545e6-fca4-4495-82db-38cb26110a9d,"{<resource_manager.instance.OnPremInstance object at 0x12bdf7b60>: [(5, 34682.328, None)]}",106.90985136127853,57584.5341339362,34682.328,26434.965896033988,1,29.346925849874516,34682.328,38390.444,True,48.78728937561794,56.30734862361794,7.5200592480000035
lamf-test-b3a0db0a-ecb4-42b0-814b-3c34a8d7aaed,"{<resource_manager.instance.OnPremInstance object at 0x12bdf7b60>: [(4, 34742.328, None)]}",100.59507953151345,57959.79082835349,34742.328,27033.352737650985,2,,34742.328,38914.878,True,15.197099747346977,21.96664486734697,6.769545119999993
lamf-test-ce4c822f-a3d7-44c8-9dba-10c2ea1d7fc0,"{<resource_manager.instance.OnPremInstance object at 0x12bdf7b60>: [(6, 34982.328, 36732.864), (1, 36732.864, None)]}",86.88519768848549,58281.09603127183,34982.328,27002.836430138985,2,7.565553770554487,34982.328,40526.35799999999,True,15.262691355985783,21.06143693198578,5.798745575999996
lamf-test-ef36ad8e-1831-459d-b4cc-a917ad7c30ef,"{<resource_manager.instance.CloudReservedInstance object at 0x12be323f0>: [(2, 35192.328, None)], <resource_manager.instance.CloudReservedInstance object at 0x12bdf7e00>: [(2, 35192.328, None)], <resource_manager.instance.CloudOnDemandInstance object at 0x12bdf7cb0>: [(1, 35192.328, 46263.936)]}",103.50768504869966,60697.451842730734,35192.328,29450.13863630998,1,122.0916541181839,35192.328,46273.175469149726,False,122.17550662802245,,
lamf-test-b3747e60-f13b-4587-ba76-a5026ef56274,"{<resource_manager.instance.OnPremInstance object at 0x12bdf7b60>: [(2, 35222.328, None)]}",92.20458272811517,60782.879152768306,35222.328,29439.54634451098,3,,35222.328,40561.846,True,16.24311506578446,20.574532067384453,4.331417001599997
lamf-test-26bbd872-e5de-48b0-8f8f-e6417ce7af20,"{<resource_manager.instance.OnPremInstance object at 0x12bdf7b60>: [(2, 35252.328, None)]}",298.1380358381042,139233.7581062092,35252.328,11993.915039477995,2,,35252.328,64170.441000000006,True,78.61301569799983,102.07138896359983,23.458373265600002
lamf-test-d2eb5728-b98d-4dc8-9b54-d5b61be5f0ce,"{<resource_manager.instance.OnPremInstance object at 0x12bdf7b60>: [(4, 35342.328, 40332.864), (1, 40332.864, None)]}",294.31398108778467,139631.17786221698,35342.328,12005.878613817995,2,18.17633662501973,35342.328,74472.13,True,87.44615159444827,109.38968349044826,21.943531896
lamf-test-9d2ced27-20c6-49c1-84d1-76444fddb91f,"{<resource_manager.instance.OnPremInstance object at 0x12bdf7b60>: [(3, 35402.328, None)]}",313.4023701696379,139635.06649184696,35402.328,11972.153710477995,2,,35402.328,55671.488,True,65.38389199288088,90.04740588088087,24.663513887999997
lamf-test-1393ec0f-c39a-48b5-8afc-5e45c5c5f7c7,"{<resource_manager.instance.OnPremInstance object at 0x12bdf7b60>: [(6, 35582.328, 37092.864), (1, 37092.864, None)]}",354.69102159935267,139644.45013039012,35582.328,12028.375286702996,3,13.785407255304586,35582.328,48228.352999999996,True,30.722800212943937,38.915394960943935,8.192594747999998
lamf-test-a3da9951-7484-4541-a43a-d268b07d7f2b,"{<resource_manager.instance.CloudOnDemandInstance object at 0x12bdf7cb0>: [(4, 35612.328, None)]}",322.8627978188001,139723.88736767694,35612.328,12025.726316923996,2,,36012.864,139739.28736767697,False,319.60373042434753,,
lamf-test-a7a41a4b-e265-4559-96d2-89c830b4e4f3,"{<resource_manager.instance.OnPremInstance object at 0x12bdf7b60>: [(5, 36372.864, None)]}",110.11661546722232,67203.95243421596,36372.864,36016.52283028198,3,37.8736025553274,36372.864,47988.46800000001,True,88.33830709559668,111.89475200759668,23.55644491200001
lamf-test-3babe4ac-4db5-41c5-ad0c-7fee914c7ec7,"{<resource_manager.instance.OnPremInstance object at 0x12bdf7b60>: [(3, 36492.864, None)]}",293.72278396528714,139788.49121598623,36492.864,12017.546944801996,2,43.80957793986227,36492.864,56439.706,True,64.34416438209871,88.61548172769871,24.271317345599996
lamf-test-3058457a-d1e2-4d92-baae-1c4c74ce602b,"{<resource_manager.instance.OnPremInstance object at 0x12bdf7b60>: [(5, 36552.864, 39042.864), (2, 39042.864, None)]}",296.32729201787157,139799.76611875952,36552.864,12015.300404268995,2,9.964477641532927,36552.864,97397.053,True,168.59857578967447,220.98521390647448,52.3866381168
lamf-test-151fcd56-358d-466c-9e97-a24b8c315d14,"{<resource_manager.instance.OnPremInstance object at 0x12bdf7b60>: [(4, 36612.864, 38232.864), (1, 38232.864, None)]}",286.90020368365816,139865.30678937078,36612.864,12586.461552798995,1,17.125256673511295,36612.864,62467.022999999994,True,85.3178099475245,97.7754728379245,12.457662890399996
lamf-test-6323d458-f602-48c5-98a5-f5c1a1584292,"{<resource_manager.instance.OnPremInstance object at 0x12bdf7b60>: [(5, 36732.864, None)]}",313.6595923894348,139948.27620509887,36732.864,11980.956744355995,1,,36732.864,44679.308,True,104.55052186478053,120.66591029678052,16.11538843199999
lamf-test-efb02442-ed88-49c8-bf51-dea5e65f914e,"{<resource_manager.instance.OnPremInstance object at 0x12bdf7b60>: [(2, 36792.864, None)]}",304.7860416350407,139962.54538547408,36792.864,12022.371761629996,3,,36792.864,81995.365,True,137.50855882576622,174.1768276369662,36.6682688112
lamf-test-032ba352-18f7-47d0-a6f0-b7f2f4956a0a,"{<resource_manager.instance.OnPremInstance object at 0x12bdf7b60>: [(6, 37092.864, 40092.864), (1, 40092.864, None)]}",307.62274626708137,139983.48509012867,37092.864,11995.529369870996,3,27.37850787132101,37092.864,46054.725999999995,True,36.44666818769487,46.16559941489487,9.718931227199999
lamf-test-2674780b-0edf-4613-bd86-e3e24ce33fcb,"{<resource_manager.instance.CloudReservedInstance object at 0x12c104710>: [(3, 37572.864, None)], <resource_manager.instance.CloudOnDemandInstance object at 0x12be328b0>: [(1, 37572.864, None)], <resource_manager.instance.CloudOnDemandInstance object at 0x12c0f9590>: [(1, 37572.864, 59327.688)]}",302.61464185285956,140093.17866306216,37572.864,12611.083747587996,1,268.02657905544146,37572.864,59335.58591038983,False,268.11187096169715,,
lamf-test-0479ea03-d843-4f1c-b0bd-6f829a2c5a10,"{<resource_manager.instance.OnPremInstance object at 0x12bdf7b60>: [(5, 37692.864, None)]}",326.10114994784385,140346.05246984804,37692.864,12590.305633506996,3,,37692.864,46134.51699999999,True,64.19996197429455,81.31963425829454,17.119672283999982
lamf-test-0b319882-7fad-4ae3-8912-b51a1940b68d,"{<resource_manager.instance.OnPremInstance object at 0x12bdf7b60>: [(2, 37722.864, None)]}",309.96889456321867,140581.89682328323,37722.864,12570.647665152996,3,,37722.864,91616.42700000001,True,163.94725986767057,207.6657181732706,43.71845830560001
lamf-test-e4ed1a21-f292-441c-946a-d7b9f0990c7d,"{<resource_manager.instance.OnPremInstance object at 0x12bdf7b60>: [(2, 37932.864, None)]}",297.2172710903451,140783.5417282637,37932.864,13184.176405914995,1,,37932.864,74279.112,True,196.25702395619436,225.74110033379435,29.484076377599994
lamf-test-3c60492c-5568-42f7-a13b-d4f3117a23dc,"{<resource_manager.instance.OnPremInstance object at 0x12bdf7b60>: [(6, 38052.864, 43512.864), (1, 43512.864, None)]}",288.51703100665657,140953.25513393784,38052.864,13210.494219228995,2,23.597300248168274,38052.864,47494.935,True,31.677067439563864,46.57965143716386,14.902583997599999
lamf-test-b6b347a8-b100-462f-bbd1-cdcde8345e59,"{<resource_manager.instance.OnPremInstance object at 0x12bdf7b60>: [(4, 38232.864, None)]}",310.4633474601291,141007.5265465603,38232.864,13216.832607129994,1,,38232.864,71335.349,True,349.9312050346034,403.6366766986034,53.705471664
lamf-test-8fdaa8c6-0ab8-4102-bf2c-7c6a5957696b,"{<resource_manager.instance.OnPremInstance object at 0x12bdf7b60>: [(3, 38292.864, None)]}",305.80076715201267,141172.8034787119,38292.864,13777.436049852993,3,,38292.864,54608.05199999999,True,74.44758384668029,94.29990460508027,19.852320758399987
lamf-test-c777b76c-0cc3-4d24-b87d-dcc762dd2026,"{<resource_manager.instance.OnPremInstance object at 0x12bdf7b60>: [(2, 38412.864, None)]}",310.2741421688458,141351.68922678262,38412.864,13197.757890489995,1,,38412.864,68816.604,True,164.16955966233178,188.8330735503318,24.663513888000004
lamf-test-d457b8b2-16f3-450b-ba2f-e7b966006e63,"{<resource_manager.instance.OnPremInstance object at 0x12bdf7b60>: [(6, 38772.864, 46623.936), (1, 46623.936, None)]}",308.6020686022321,141394.13798086107,38772.864,13788.266912619993,1,123.5966160164271,38772.864,59741.08899999999,True,160.50700167313101,184.93368774913102,24.426686075999996
lamf-test-87976d93-8677-4270-9b15-bf91d2c51eaa,"{<resource_manager.instance.CloudReservedInstance object at 0x12bdf7e00>: [(2, 38802.864, None)], <resource_manager.instance.CloudOnDemandInstance object at 0x12bdf7cb0>: [(1, 38802.864, None)]}",311.39111778496914,141577.2761000005,38802.864,13823.87052021699,2,,38802.864,97165.39824334554,True,233.50122943975526,417.13310718301767,183.6318777432624
lamf-test-95f36198-5f8e-46dc-93db-fc5d6a810881,"{<resource_manager.instance.OnPremInstance object at 0x12bdf7b60>: [(3, 38952.864, None)]}",312.84764381313755,141584.32958947474,38952.864,13793.338109328992,2,,38952.864,63414.096,True,78.90660249861372,108.67102959621371,29.7644270976
lamf-test-64282f81-8a38-42e2-8686-39f8e7fadae5,"{<resource_manager.instance.OnPremInstance object at 0x12bdf7b60>: [(5, 39042.864, None)]}",308.1387838586121,141627.77714417665,39042.864,13805.145605553991,2,,39042.864,43522.845,True,17.9279801240933,27.013381592093296,9.085401467999999
lamf-test-6ffd71d7-ab96-484d-939d-8341469b380b,"{<resource_manager.instance.OnPremInstance object at 0x12bdf7b60>: [(3, 39072.864, None)]}",291.65416309527114,141671.86992070812,39072.864,13829.433538180989,3,79.00900752908966,39072.864,69196.395,True,137.45622176591377,174.11053428671377,36.654312520800005
lamf-test-e1a8ae4a-b274-4245-9dc7-b8b20b25f60b,"{<resource_manager.instance.OnPremInstance object at 0x12bdf7b60>: [(4, 39192.864, None)]}",307.3714712616934,141684.57137841565,39192.864,13809.514067536991,3,,39192.864,68894.095,True,180.7056414936497,228.8929186680497,48.1872771744
lamf-test-68fc4f1f-0368-4356-8862-a5c873470b2b,"{<resource_manager.instance.OnPremInstance object at 0x12bdf7b60>: [(4, 39222.864, None)]}",313.35740939256686,141685.51437987192,39222.864,13828.433538180989,2,,39222.864,55753.051999999996,True,60.20560949021539,87.02418650141539,26.81857701119999
lamf-test-20e1ba49-4666-4d28-9ab3-d9b988f76cc5,"{<resource_manager.instance.CloudReservedInstance object at 0x12c0f91d0>: [(2, 39372.864, None)], <resource_manager.instance.CloudReservedInstance object at 0x12c0f8f50>: [(2, 39372.864, None)], <resource_manager.instance.CloudOnDemandInstance object at 0x12be328b0>: [(1, 39372.864, None)], <resource_manager.instance.CloudOnDemandInstance object at 0x12c0f9090>: [(1, 39372.864, 58007.688)]}",285.6765311197183,141764.0546368051,39372.864,14378.322719005988,1,161.56133059548256,39372.864,58018.63016423443,False,161.64426990914635,,
lamf-test-19917d27-b721-40ad-a37a-4370c7a734bc,"{<resource_manager.instance.OnPremInstance object at 0x12bdf7b60>: [(2, 39402.864, None)]}",301.1069329229973,141786.50449807767,39402.864,14425.18531837399,2,,39402.864,58954.115,True,53.14948460774513,69.00945941894513,15.859974811199997
lamf-test-0aaede3d-34d4-43d5-b971-8a2a954407b0,"{<resource_manager.instance.OnPremInstance object at 0x12bdf7b60>: [(2, 39432.864, None)]}",291.4038438976179,141934.40773590066,39432.864,14406.390120764989,1,,39432.864,74796.394,True,190.95069054680965,219.63758608280966,28.686895535999998
lamf-test-68ff13a7-de65-4a50-8bee-581fe346b072,"{<resource_manager.instance.OnPremInstance object at 0x12bdf7b60>: [(4, 39672.864, 42672.864), (1, 42672.864, None)]}",316.0799972187193,141952.03484571766,39672.864,14428.315336802989,1,31.713438284280173,39672.864,49625.144,True,51.27647425659745,58.96351902459745,7.687044767999999
lamf-test-4cc1e286-0e7f-464c-8240-c10883a7da2a,"{<resource_manager.instance.OnPremInstance object at 0x12bdf7b60>: [(4, 39972.864, None)]}",316.2330750787407,141990.65880096413,39972.864,14400.104102471989,3,,39972.864,56775.561,True,102.22950490531598,129.49020051811598,27.2606956128
lamf-test-c5f3d318-ed60-437f-9c1e-4a6f0f18365e,"{<resource_manager.instance.OnPremInstance object at 0x12bdf7b60>: [(5, 40092.864, 47673.936), (2, 47673.936, None)]}",302.37657057421836,142047.01699085708,40092.864,14427.315336802989,2,30.33792065977964,40092.864,55837.08722124289,True,52.52920039856181,74.52556268523404,21.99636228667223
lamf-test-59fd6bbc-b1e0-4afd-a720-743bb563c136,"{<resource_manager.instance.OnPremInstance object at 0x12bdf7b60>: [(2, 40122.864, None)]}",321.20760313523465,142077.44575481184,40122.864,14398.537516805989,2,,40122.864,57915.97899999999,True,48.370045058310524,62.80381994631051,14.433774887999991
lamf-test-a7598ecc-5cec-4bf9-9a0f-c71ca0dbae0e,"{<resource_manager.instance.OnPremInstance object at 0x12bdf7b60>: [(6, 40332.864, 42822.864), (1, 42822.864, None)]}",294.2224632206372,142136.0384190317,40332.864,14410.569221339989,3,22.724161533196437,40332.864,53241.398,True,38.571045706897856,48.85646709729785,10.2854213904
lamf-test-3d2e4ca8-d6e8-4002-a809-14108f6da5be,"{<resource_manager.instance.OnPremInstance object at 0x12bdf7b60>: [(5, 40992.864, None)]}",306.2018292174168,142146.46564544004,40992.864,14387.384501057988,2,,40992.864,53886.46335398863,True,51.597583325985156,77.74580281587409,26.14821948988893
lamf-test-398c2e41-0ba6-4e76-8602-21bfa67e2257,"{<resource_manager.instance.OnPremInstance object at 0x12bdf7b60>: [(5, 41172.864, None)]}",308.43937206382503,142261.8016470309,41172.864,14392.14568288399,2,,41172.864,57265.352,True,64.39889031029594,97.03445597429592,32.63556566399999
lamf-test-404ab15a-5fdc-47da-96ca-6bf36dbfc057,"{<resource_manager.instance.OnPremInstance object at 0x12bdf7b60>: [(4, 41412.864, 48873.936), (1, 48873.936, None)]}",285.63536765098837,142296.40616443055,41412.864,14391.14568288399,2,27.17442700653982,41412.864,73107.23100000001,True,76.34466577938217,98.27853344418217,21.933867664800005
lamf-test-e3ac6e81-3f29-40d1-91c8-119f86b94741,"{<resource_manager.instance.OnPremInstance object at 0x12bdf7b60>: [(2, 41472.864, None)]}",292.3170995981352,142343.6300930291,41472.864,14434.958588780988,2,,41472.864,70671.186,True,79.37475539089475,103.06043419729474,23.6856788064
lamf-test-95c3a7f0-6def-4a58-8473-af92a11ec586,"{<resource_manager.instance.OnPremInstance object at 0x12bdf7b60>: [(3, 41502.864, None)]}",312.05091942501133,142396.58953152294,41502.864,14418.29355561099,1,,41502.864,77361.603,True,286.34630732375086,329.97922093895085,43.6329136152
lamf-test-cd918581-b0d1-458e-92b2-5c59b3bd83b5,"{<resource_manager.instance.OnPremInstance object at 0x12bdf7b60>: [(3, 41832.864, None)]}",301.10787935133226,142635.58292099275,41832.864,14994.764846306987,2,51.7893626761401,41832.864,59576.17,True,57.236037561528704,78.8260923023287,21.5900547408
lamf-test-499e704f-e77f-4d06-942d-f6729f7df6df,"{<resource_manager.instance.OnPremInstance object at 0x12bdf7b60>: [(3, 42552.864, None)]}",295.12516285873096,142688.55853343004,42552.864,15031.006065060987,2,,42552.864,63324.933,True,67.00616680536682,92.2816203645668,25.275453559199995
lamf-test-f9efe039-70ce-49b9-a1a8-bee3de1d2b34,"{<resource_manager.instance.OnPremInstance object at 0x12bdf7b60>: [(5, 42732.864, 44232.864), (2, 44232.864, None)]}",307.9037058422363,142759.10565762702,42732.864,15616.654268586986,3,11.407711613050422,42732.864,73649.51299999999,True,100.89481785687121,127.7996035256712,26.90478566879999
lamf-test-2b6c6b3a-28c9-458c-9ffa-76aefcc26451,"{<resource_manager.instance.OnPremInstance object at 0x12bdf7b60>: [(5, 42822.864, 49773.936), (1, 49773.936, None)]}",317.28833254019617,143286.41427734809,42822.864,15613.212076977987,1,91.45451791010723,42822.864,100475.799,True,234.12460164271047,268.7860512915105,34.6614496488
lamf-test-893ff824-f1d2-4433-939e-c7c4d678a42b,"{<resource_manager.instance.OnPremInstance object at 0x12bdf7b60>: [(2, 42852.864, None)]}",291.47945752946964,143293.03257643568,42852.864,15584.742490422987,1,,42852.864,77721.185,True,188.27673518898774,216.56191718418773,28.285181995199995
lamf-test-9ad3c991-d587-4e6c-87f0-aa8b942b2b5d,"{<resource_manager.instance.CloudReservedInstance object at 0x12be323f0>: [(2, 43332.864, None)], <resource_manager.instance.CloudOnDemandInstance object at 0x12c0f9590>: [(4, 43332.864, 68908.224)]}",294.2702271699325,143428.66389133694,43332.864,15587.905241157987,2,139.05168550672698,43332.864,68918.2540543218,False,139.07895190608892,,
lamf-test-3d742955-a0c8-4cdc-8c38-f5e5804b4cff,"{<resource_manager.instance.OnPremInstance object at 0x12bdf7b60>: [(4, 43392.864, None)]}",303.65987588610506,144070.5791629604,43392.864,16231.090571425988,1,,43392.864,56506.398,True,138.62508373260323,159.90048129420322,21.2753975616
lamf-test-821bad57-9b5b-4590-ab6a-b75593f800f8,"{<resource_manager.instance.OnPremInstance object at 0x12bdf7b60>: [(4, 43512.864, 48003.936), (1, 48003.936, None)]}",293.93899056747387,144072.7706148035,43512.864,16212.428236525988,3,27.32418891170431,43512.864,129632.71199999998,True,151.48386036960983,191.8788071280098,40.39494675839999
lamf-test-308f236e-0576-4952-874f-b146870f6d77,"{<resource_manager.instance.OnPremInstance object at 0x12bdf7b60>: [(3, 43572.864, None)]}",296.126707886245,144347.97159172862,43572.864,16813.09891586299,3,,43572.864,55991.589,True,56.66769336071183,71.77879794071183,15.11110458
lamf-test-7c801ce0-8eb2-4e0d-9312-eaf55e74d22a,"{<resource_manager.instance.OnPremInstance object at 0x12bdf7b60>: [(2, 43602.864, None)]}",282.54429039316733,144511.81671300475,43602.864,16804.044918670985,2,,43602.864,85396.411,True,113.61449366997398,147.51741899637398,33.902925326399995
lamf-test-17fee575-0b26-45f7-83d5-67d080c53e61,"{<resource_manager.instance.OnPremInstance object at 0x12bdf7b60>: [(5, 44232.864, None)]}",339.37001802300927,144646.80616997328,44232.864,16824.77014783699,3,,44232.864,59822.443,True,118.56094760057798,150.17661381257795,31.615666211999994
lamf-test-c8945c61-1ea7-4681-928a-edc22713889d,"{<resource_manager.instance.CloudReservedInstance object at 0x12c0f91d0>: [(2, 44532.864, None)], <resource_manager.instance.CloudReservedInstance object at 0x12c0f8f50>: [(2, 44532.864, None)], <resource_manager.instance.CloudOnDemandInstance object at 0x12c0f9590>: [(1, 44532.864, None)]}",305.7727422550137,144658.96631332912,44532.864,16831.439206621988,2,215.3189938980537,44532.864,94873.79065340602,True,264.46209513692486,375.09131555044996,110.62922041352508
lamf-test-2148cf4d-7170-4032-92ad-bc67bc5cec9e,"{<resource_manager.instance.CloudOnDemandInstance object at 0x12c0f9090>: [(2, 44562.864, None)], <resource_manager.instance.CloudOnDemandInstance object at 0x12be32520>: [(1, 44562.864, None)]}",290.5571510371029,144854.6840475853,44562.864,17413.089916601988,3,,44963.4,144870.08404758532,False,254.28351977992065,,
lamf-test-55230e23-b521-4f16-a8cb-73a7c6580475,"{<resource_manager.instance.OnPremInstance object at 0x12bdf7b60>: [(4, 44993.4, 48483.936), (1, 48483.936, None)]}",312.3489385286271,144959.03255297014,44993.4,17393.38385347499,2,12.713094813412802,44993.4,116519.48700000001,True,150.75970744747232,184.01797253947234,33.258265092
lamf-test-416bbbfd-81e6-4f7c-9a56-8c0e7175f623,"{<resource_manager.instance.OnPremInstance object at 0x12bdf7b60>: [(3, 45203.4, None)]}",318.1012839054559,145043.7069026088,45203.4,17386.033479148988,2,,45203.4,55345.67999999999,True,32.71678451803407,45.05791082203406,12.34112630399999
lamf-test-3e7fd149-2562-452d-b778-aa63ebe3ca13,"{<resource_manager.instance.CloudOnDemandInstance object at 0x12bdf7cb0>: [(2, 45233.4, None)]}",306.14407437283273,145095.3671850339,45233.4,17387.033479148988,2,,45633.936,145110.7671850339,False,228.81320301138905,,
lamf-test-56207b5b-5fb7-4cc8-b917-b36e1b064de2,"{<resource_manager.instance.OnPremInstance object at 0x12bdf7b60>: [(5, 46143.936, 57107.688), (2, 57107.688, None)]}",317.0752713451876,145117.4270287915,46143.936,17401.464847208987,2,43.87472356277586,46143.936,61087.194442485794,True,54.69289148519276,80.15555616733724,25.46266468214447
lamf-test-28862540-93f6-42de-8ec4-72cbed9815ad,"{<resource_manager.instance.OnPremInstance object at 0x12bdf7b60>: [(6, 46623.936, 51123.936), (1, 51123.936, None)]}",315.0001679546882,145453.42000860116,46623.936,18033.879970974987,3,41.067761806981515,46623.936,78823.51199999999,True,83.1995984485512,105.38574647415119,22.186148025599994
lamf-test-5fc71200-6539-46cf-9073-1ac0b6be235f,"{<resource_manager.instance.CloudReservedInstance object at 0x12be323f0>: [(2, 46653.936, None)], <resource_manager.instance.CloudReservedInstance object at 0x12bdf7e00>: [(2, 46653.936, None)], <resource_manager.instance.CloudOnDemandInstance object at 0x12bdf7cb0>: [(1, 46653.936, None)]}",298.6298021940167,145486.71115196642,46653.936,18016.223735219988,2,285.33941255608977,46653.936,100694.0118749894,True,363.11392402315676,596.567051803111,233.45312777995423
lamf-test-927fb6c3-ba3c-488b-96a5-466be1c02fa9,"{<resource_manager.instance.OnPremInstance object at 0x12bdf7b60>: [(6, 47673.936, 55367.688), (1, 55367.688, None)]}",330.8093779162473,145559.58174198616,47673.936,17996.77544015099,1,121.11998357289528,47673.936,86804.6182342997,True,209.58043065397285,241.05476442420482,31.47433377023196
lamf-test-8aea85bd-3d6c-4aba-b7de-dd2346b0e93e,"{<resource_manager.instance.OnPremInstance object at 0x12bdf7b60>: [(6, 48003.936, 56657.688), (1, 56657.688, None)]}",302.51103083949494,145663.3953906831,48003.936,18029.72691985699,1,136.23291991786448,48003.936,94754.573,True,243.43382835196593,279.9456957751659,36.5118674232
lamf-test-232b6ce2-ea24-476c-b62f-210ae1decc5b,"{<resource_manager.instance.CloudReservedInstance object at 0x12c104710>: [(2, 48033.936, None)], <resource_manager.instance.CloudReservedInstance object at 0x12c0f91d0>: [(2, 48033.936, 70918.224)]}",311.1617610976437,145762.4620899618,48033.936,18032.879970974987,2,108.64329930350749,48033.936,145777.86208996183,False,312.1469616729281,,
lamf-test-1e5c4d41-c6bb-47f9-a0f9-f492c659a647,"{<resource_manager.instance.OnPremInstance object at 0x12bdf7b60>: [(6, 48483.936, 50973.936), (1, 50973.936, None)]}",295.19389174920065,145809.02306310946,48483.936,18009.72243354299,3,22.724161533196437,48483.936,64363.724,True,43.09040687504753,54.58096888784753,11.490562012800002
lamf-test-5c2155b4-aa4a-428b-9192-860339f49ef5,"{<resource_manager.instance.OnPremInstance object at 0x12bdf7b60>: [(2, 48873.936, None)]}",326.1375748222798,145809.668303996,48873.936,18034.958729367987,3,,48873.936,87193.32,True,116.56972849646361,147.6544127972636,31.084684300800003
lamf-test-58f4bde2-1252-4878-b4ed-54f9ec3d6ddb,"{<resource_manager.instance.CloudReservedInstance object at 0x12c0f8f50>: [(1, 49143.936, None)], <resource_manager.instance.CloudOnDemandInstance object at 0x12be328b0>: [(2, 49143.936, None)]}",306.6623561408906,145820.65632206036,49143.936,17985.51255785399,3,,49143.936,145836.05632206038,False,343.16670076529147,,
lamf-test-12047e13-b691-4e4d-bcc8-16e2900e16aa,"{<resource_manager.instance.OnPremInstance object at 0x12bdf7b60>: [(3, 49443.936, None)]}",306.19560311302496,146013.49149580166,49443.936,18610.28273536349,1,167.64774811772762,49443.936,78089.54,True,228.74655258955048,263.6025235367505,34.85597094719999
lamf-test-e050ad2a-f776-4985-ad86-c1f9e8bbb5cd,"{<resource_manager.instance.OnPremInstance object at 0x12bdf7b60>: [(3, 49773.936, None)]}",326.0139069441622,146111.56452693505,49773.936,18620.53307775749,3,,49773.936,87333.302,True,171.38656627880442,217.0888028276044,45.702236548799995
lamf-test-8d46ff55-9a1d-4004-b52e-0bb94df560fe,"{<resource_manager.instance.OnPremInstance object at 0x12bdf7b60>: [(3, 50403.936, None)]}",314.6188735020299,146262.4798126665,50403.936,18586.629325242488,1,,50403.936,69962.887,True,156.18601072324893,179.98534230004893,23.799331576800004
lamf-test-62ab7363-ee6e-4e41-9bd6-da86db171176,"{<resource_manager.instance.CloudReservedInstance object at 0x12be323f0>: [(2, 50523.936, None)], <resource_manager.instance.CloudOnDemandInstance object at 0x12c0f9590>: [(4, 50523.936, 76078.224)]}",317.6880653321237,146514.59537059692,50523.936,18641.891353780487,3,155.47517225644535,50523.936,76089.3260543218,False,155.50894533218283,,
lamf-test-79b31340-0554-44ef-87de-f4504dbdfc60,"{<resource_manager.instance.OnPremInstance object at 0x12bdf7b60>: [(6, 51123.936, 56537.688), (2, 56537.688, None)]}",304.54338810954675,146683.80747232764,51123.936,19233.527151970487,1,85.22675975359343,51123.936,66957.16081086974,True,141.48826782049974,163.11545103187729,21.627183211377535
lamf-test-62c9483c-2445-4359-99d9-4d8c66a14529,"{<resource_manager.instance.OnPremInstance object at 0x12bdf7b60>: [(3, 51153.936, None)]}",345.02192360533996,146915.1174875795,51153.936,19189.81921553549,2,,51153.936,62781.84299999999,True,37.509093390710966,51.65793062831096,14.148837237599992
lamf-test-e5f8465a-4435-4b7a-801a-354ef982dcda,"{<resource_manager.instance.CloudOnDemandInstance object at 0x12c0f9590>: [(2, 51183.936, None)], <resource_manager.instance.CloudOnDemandInstance object at 0x12c0f9090>: [(1, 51183.936, None)]}",304.6031866584939,147005.64265845908,51183.936,19209.193945796487,1,,51584.472,147021.0426584591,False,374.14542108151954,,
lamf-test-1f9296c3-4641-4962-ac2a-3bdd3909621e,"{<resource_manager.instance.OnPremInstance object at 0x12bdf7b60>: [(2, 51674.472, None)]}",333.675220822951,147025.7163952846,51674.472,19193.08403287649,2,,51674.472,60116.125,True,22.9483784023552,29.7962473159552,6.847868913599998
lamf-test-56707fec-34cd-4c0e-a454-d4551f611032,"{<resource_manager.instance.CloudOnDemandInstance object at 0x12c0f9090>: [(4, 51734.472, None)]}",312.7950515260771,147033.29546487506,51734.472,19215.69086844949,3,166.95784013993452,52135.008,147048.69546487508,False,193.30083091718015,,
lamf-test-e000b273-6e93-45bd-85e3-de8e007da692,"{<resource_manager.instance.CloudOnDemandInstance object at 0x12c0f9090>: [(3, 52165.008, None)]}",284.69120725614476,147117.54025574075,52165.008,19186.74905863049,3,,52565.544,147132.94025574077,False,144.44890448815994,,
lamf-test-e846f77b-9785-4a57-980e-5e6be4c30da6,"{<resource_manager.instance.CloudOnDemandInstance object at 0x12c0f9090>: [(1, 52595.544, None)], <resource_manager.instance.CloudOnDemandInstance object at 0x12be32520>: [(2, 52595.544, None)]}",318.0816768556553,147123.1936867088,52595.544,19236.22154023649,3,,52996.08,147138.59368670883,False,335.53950759599553,,
lamf-test-3bd57c11-f664-4998-9d53-96c6dc4f87c4,"{<resource_manager.instance.CloudOnDemandInstance object at 0x12be32520>: [(4, 53026.08, None)]}",326.99178124993756,147237.05198136656,53026.08,19228.17517995049,1,,53426.616,147252.45198136655,False,996.0807441942316,,
lamf-test-9655ffad-b7de-4846-8625-1393b7fdfd45,"{<resource_manager.instance.CloudOnDemandInstance object at 0x12be32520>: [(3, 53456.616, None)]}",323.69507710357215,147466.15302009793,53456.616,19790.87481121349,1,,53857.152,147481.55302009796,False,750.8265561723541,,
lamf-test-08f07093-2907-4ba0-a255-32c22f0fcc78,"{<resource_manager.instance.CloudOnDemandInstance object at 0x12be32520>: [(2, 53887.152, None)], <resource_manager.instance.CloudOnDemandInstance object at 0x12bdf7cb0>: [(1, 53887.152, 79858.224)]}",298.09142219625704,147511.56973449848,53887.152,19820.33968058949,3,105.34062210053996,54287.688,79868.07805432181,False,105.37059868985264,,
lamf-test-9c4c82a6-08d5-47bd-9589-83ce8af6f468,"{<resource_manager.instance.OnPremInstance object at 0x12bdf7b60>: [(6, 54317.688, 59297.688), (1, 59297.688, None)]}",291.9040113839834,147512.50185702016,54317.688,19805.67364387049,3,45.448323066392874,54317.688,75657.475,True,70.33202068598372,89.08687829318373,18.7548576072
lamf-test-6f2e770b-ffa0-4b22-be2e-700e1acc453c,"{<resource_manager.instance.OnPremInstance object at 0x12bdf7b60>: [(6, 54857.688, 56867.688), (1, 56867.688, None)]}",314.03861715723247,147897.3948593029,54857.688,20390.954097659494,3,18.343600273785075,54857.688,70479.967,True,39.04826070423606,49.460937066636056,10.412676362400001
lamf-test-9329565e-0cc9-410e-9937-6b7537e158ae,"{<resource_manager.instance.OnPremInstance object at 0x12bdf7b60>: [(6, 55457.688, 59927.688), (2, 59927.688, None)]}",289.93639360238836,148048.28151332116,55457.688,20434.06132075249,1,70.36960985626283,55457.688,68861.431,True,118.60869670697389,136.7339410285739,18.125244321599997
lamf-test-dd9abd19-48be-42ba-b1bc-fa915a5dcef1,"{<resource_manager.instance.CloudReservedInstance object at 0x12c104710>: [(1, 55487.688, None)], <resource_manager.instance.CloudOnDemandInstance object at 0x12bdf7cb0>: [(3, 55487.688, None)]}",320.9475259671587,148065.47812974523,55487.688,20388.827553077495,2,280.8701011462879,55487.688,148080.87812974525,False,439.5867447889351,,
lamf-test-a0961e5f-36f8-49a0-be25-041d077e1525,"{<resource_manager.instance.OnPremInstance object at 0x12bdf7b60>: [(2, 55517.688, None)]}",302.7913218356865,148168.06610609975,55517.688,20427.612710189493,2,,55517.688,69844.34,True,38.946570219702096,50.56835032210209,11.621780102399995
lamf-test-20435df7-63e4-419e-8d22-d33076e8dcf2,"{<resource_manager.instance.OnPremInstance object at 0x12bdf7b60>: [(2, 55697.688, None)]}",307.8323914198774,148172.98503733688,55697.688,20444.79994662049,2,,55697.688,79168.502,True,63.80469809447225,82.84422241127224,19.03952431679999
lamf-test-e9e3c180-3644-4ec5-bd7f-fb857cf9758f,"{<resource_manager.instance.OnPremInstance object at 0x12bdf7b60>: [(5, 55817.688, None)]}",277.1468078662494,148184.46431220547,55817.688,20433.06132075249,1,,55817.688,60297.668999999994,True,58.94263540953675,68.02803687753674,9.085401467999985
lamf-test-3e227187-9182-4a9b-bf09-75d5b5a39b59,"{<resource_manager.instance.OnPremInstance object at 0x12bdf7b60>: [(2, 55877.688, None)]}",320.9833484047092,148203.32603277903,55877.688,20414.978192927494,2,,55877.688,97398.726,True,112.87368619422872,146.5555522198287,33.681866025599994
lamf-test-f86b8860-b2ed-456c-9f30-6f6a9139ebf4,"{<resource_manager.instance.OnPremInstance object at 0x12bdf7b60>: [(5, 56477.688, None)]}",305.1378797801942,148508.55402984627,56477.688,20422.685423288494,3,191.43362993383516,56477.688,83852.665,True,208.1905620199254,263.7070153759254,55.51645335599998
lamf-test-4f1fe545-8677-4a84-8abf-5cf06961f85c,"{<resource_manager.instance.OnPremInstance object at 0x12bdf7b60>: [(6, 56537.688, 58547.688), (2, 58547.688, None)]}",310.3840944895742,148578.10702712068,56537.688,21010.02798108449,2,8.686918223226783,56537.688,76616.848,True,57.80738326635287,77.35662185835287,19.549238591999995
lamf-test-0c64519c-480b-40a3-83cb-e32930215173,"{<resource_manager.instance.OnPremInstance object at 0x12bdf7b60>: [(4, 56657.688, None)]}",305.2027703895845,148667.8211386611,56657.688,21006.90194687149,3,240.57560574948653,56657.688,101860.189,True,275.0171176515324,348.35365527393236,73.33653762239999
lamf-test-4b6bc7a8-825f-4ed7-a11d-b9402493f256,"{<resource_manager.instance.OnPremInstance object at 0x12bdf7b60>: [(2, 56687.688, None)]}",315.0940754980354,148676.35760388963,56687.688,20998.72609203049,2,,56687.688,73770.594,True,46.43936336874591,60.2970167159459,13.857653347199996
lamf-test-d80357f1-4d3d-475b-a1da-53fbb3ddaa84,"{<resource_manager.instance.OnPremInstance object at 0x12bdf7b60>: [(6, 56837.688, 61817.688), (1, 61817.688, None)]}",308.2995677163823,148824.20007805087,56837.688,21022.02075263549,1,78.39835728952772,56837.688,116756.26800000001,True,232.990148300251,267.392564348251,34.402416048000006
lamf-test-6c201a0a-e193-4746-b7c6-ff82b4d5eeef,"{<resource_manager.instance.OnPremInstance object at 0x12bdf7b60>: [(6, 57107.688, 61577.688), (1, 61577.688, None)]}",319.4947582934635,148839.9333877773,57107.688,20995.020102570492,2,19.318668884489412,57107.688,111786.66900000001,True,121.1945212731598,152.4374759667598,31.242954693600005
lamf-test-545db71e-0ac4-4fd9-bae7-0ae698ee188a,"{<resource_manager.instance.CloudReservedInstance object at 0x12c0f8f50>: [(1, 57257.688, None)], <resource_manager.instance.CloudOnDemandInstance object at 0x12be328b0>: [(4, 57257.688, None)]}",303.0498265026395,148841.36088911715,57257.688,21009.02798108449,2,,57257.688,148856.76088911717,False,450.5243087695022,,
lamf-test-7c4919b0-6563-4e4b-a109-6e7eddf9dab2,"{<resource_manager.instance.OnPremInstance object at 0x12bdf7b60>: [(4, 57317.688, None)]}",284.9077105670405,149353.7093973991,57317.688,21620.10579885449,3,123.44991101984941,57317.688,87144.866,True,181.47191725606504,229.86353084326504,48.391613587199984
lamf-test-ed127e72-be6f-436a-8fe9-27a8ad06a858,"{<resource_manager.instance.CloudReservedInstance object at 0x12c0f91d0>: [(2, 58007.688, None)], <resource_manager.instance.CloudReservedInstance object at 0x12c0f8f50>: [(2, 58007.688, None)], <resource_manager.instance.CloudOnDemandInstance object at 0x12be328b0>: [(2, 58007.688, None)]}",328.19458272409565,149519.35272751778,58007.688,21603.608368065492,3,478.6917575481023,58007.688,149534.7527275178,False,510.45590894247766,,
lamf-test-ecb2683b-9e41-48ec-91a2-6a6d38c45b39,"{<resource_manager.instance.OnPremInstance object at 0x12bdf7b60>: [(2, 58037.688, None)]}",329.9077900544537,149595.5615706138,58037.688,21636.99959331749,3,,58037.688,105221.02500000001,True,143.53437371663244,181.80949669103245,38.275122974400006
lamf-test-56573715-8535-4ef6-86b5-dcb681b21f75,"{<resource_manager.instance.OnPremInstance object at 0x12bdf7b60>: [(2, 58067.688, None)]}",309.32301155717374,149632.8304133034,58067.688,21609.16070496749,2,,58067.688,96122.26299999999,True,103.45021135562028,134.32008259562028,30.86987123999999
lamf-test-2b8a61cc-a82b-4153-b888-886b130ebdcb,"{<resource_manager.instance.OnPremInstance object at 0x12bdf7b60>: [(6, 58997.688, 66958.224), (1, 66958.224, None)]}",288.0380279745152,149649.02696279483,58997.688,21623.82751483349,1,125.31986858316223,58997.688,82055.802,True,167.80297650011408,193.2993145465141,25.4963380464
lamf-test-870691de-e40a-44a6-b524-758dc9ee2699,"{<resource_manager.instance.OnPremInstance object at 0x12bdf7b60>: [(6, 59297.688, 64288.224), (1, 64288.224, None)]}",318.593861795503,149726.68546021485,59297.688,22218.593162533492,3,45.544476386036955,59297.688,68764.759,True,52.35341242680052,66.31406343240052,13.960651005600003
lamf-test-f73d4880-234f-4ef4-b427-8c893deb0ab7,"{<resource_manager.instance.CloudReservedInstance object at 0x12c104710>: [(3, 59327.688, None)], <resource_manager.instance.CloudOnDemandInstance object at 0x12be328b0>: [(2, 59327.688, 67858.224)]}",289.55899307824876,149756.92041130527,59327.688,22204.482939379493,2,50.707653843697756,59327.688,67866.85676415593,False,50.73550125913932,,
lamf-test-95b7467a-1a49-4273-9a59-d080cf448191,"{<resource_manager.instance.OnPremInstance object at 0x12bdf7b60>: [(6, 59897.688, 62897.688), (1, 62897.688, None)]}",303.1008089718593,149929.09819182463,59897.688,22238.410919395494,1,47.227926078028744,59897.688,79976.848,True,95.28701194007147,109.51511923607147,14.228107296
lamf-test-6557112d-0dd1-4a4f-956a-4810ab29fb87,"{<resource_manager.instance.OnPremInstance object at 0x12bdf7b60>: [(5, 59927.688, 61427.688), (1, 61427.688, None)]}",284.1643475390076,150103.57660719036,59927.688,22816.015462348496,3,11.407711613050422,59927.688,128200.01199999999,True,112.97030040307246,143.09515501747245,30.124854614399993
lamf-test-4b6ef0de-0d6b-4c17-a583-0b04e2222603,"{<resource_manager.instance.OnPremInstance object at 0x12bdf7b60>: [(6, 60317.688, None)]}",304.5800255914627,150196.87801791448,60317.688,22239.410919395494,2,,60317.688,72233.504,True,51.49836773881456,80.49669755641456,28.9983298176
lamf-test-816ecb3f-0729-4858-99cd-1237c929b94a,"{<resource_manager.instance.OnPremInstance object at 0x12bdf7b60>: [(6, 61427.688, None)]}",325.447174391888,150433.31909075094,61427.688,22801.770602282493,1,,61427.688,68007.00738743976,True,103.57586989124883,119.58730155252223,16.011431661273406
lamf-test-9e038649-678e-4ec1-8038-665a8a0ccdab,"{<resource_manager.instance.OnPremInstance object at 0x12bdf7b60>: [(6, 61577.688, 66238.224), (1, 66238.224, None)]}",305.1144082584737,150537.1496238115,61577.688,22799.927025323494,1,73.3691498973306,61577.688,114961.18800000001,True,210.4708053844399,241.5747199924399,31.103914608000004
lamf-test-fe21cf99-74f2-4c6e-92c0-836166b37c9b,"{<resource_manager.instance.OnPremInstance object at 0x12bdf7b60>: [(3, 61817.688, None)]}",306.6266107573227,150617.11292748718,61817.688,22808.052029886494,3,,61817.688,75937.04,True,64.42779831165863,81.60822582525863,17.18042751359999
lamf-test-fb5bb86a-097c-4cce-b52f-faf7de14091c,"{<resource_manager.instance.OnPremInstance object at 0x12bdf7b60>: [(5, 62237.688, 64228.224), (2, 64228.224, None)]}",310.7135837098068,150638.19342964573,62237.688,22841.391698751497,2,7.96572348058891,62237.688,76354.34,True,40.93020312916647,54.80371543636647,13.873512307199995
lamf-test-ab19fe1e-973b-44c8-a2b5-9c88f8dd630c,"{<resource_manager.instance.OnPremInstance object at 0x12bdf7b60>: [(5, 62897.688, 65398.224), (1, 65398.224, None)]}",310.22675767562004,150646.81424803805,62897.688,22831.702122779498,3,19.016929044033766,62897.688,103993.326,True,77.72116814966917,98.44642852886916,20.725260379199998
lamf-test-ffa00229-4854-4a3b-9050-ac62a552280b,"{<resource_manager.instance.OnPremInstance object at 0x12bdf7b60>: [(2, 62927.688, None)]}",328.09484391630104,150684.0141187979,62927.688,22842.391698751497,3,,62927.688,95039.755,True,97.68671990265419,123.73602865305419,26.0493087504
lamf-test-38119ffa-10d5-4f96-9e4f-d7aa2d684f4c,"{<resource_manager.instance.OnPremInstance object at 0x12bdf7b60>: [(5, 63377.688, 72028.224), (1, 72028.224, None)]}",315.0920376046709,150694.44075221068,63377.688,22838.752629296498,2,34.617699823002276,63377.688,95544.564,True,82.33321077037212,109.41472528237212,27.081514512
lamf-test-9dd25f94-b2d8-4857-adb4-87c377066854,"{<resource_manager.instance.OnPremInstance object at 0x12bdf7b60>: [(3, 63437.688, None)]}",304.2337725718405,150866.8587282692,63437.688,22804.730092259495,2,,63437.688,79249.96699999999,True,51.006965374850154,70.24734646205013,19.240381087199985
lamf-test-05011c3e-5178-4e8c-a944-565636c84b62,"{<resource_manager.instance.CloudOnDemandInstance object at 0x12c0f9590>: [(1, 63467.688, None)], <resource_manager.instance.CloudOnDemandInstance object at 0x12c0f9090>: [(1, 63467.688, None)]}",311.6110618417853,150887.27636467357,63467.688,23399.275538602495,2,,63868.224,150902.6763646736,False,244.007191224893,,
lamf-test-5704a2cc-027b-4370-a7eb-9804c4d8380a,"{<resource_manager.instance.OnPremInstance object at 0x12bdf7b60>: [(5, 64228.224, 69688.224), (1, 69688.224, None)]}",328.518781280289,150923.82114751104,64228.224,23424.754817331497,3,41.52407027150354,64228.224,118411.99599999998,True,115.6343022283063,146.46954415150628,30.835241923199995
lamf-test-64767f79-cec9-4cb3-b8c5-46b3e86d20f8,"{<resource_manager.instance.OnPremInstance object at 0x12bdf7b60>: [(4, 64288.224, 66778.224), (1, 66778.224, None)]}",283.87618715962776,150969.06391310124,64288.224,23406.507072212495,2,9.0689814072675,64288.224,150984.46391310127,False,179.9265112103931,,
lamf-test-4f40bb80-4246-4e5c-807f-5b2f111e8553,"{<resource_manager.instance.OnPremInstance object at 0x12bdf7b60>: [(4, 65398.224, 68878.224), (1, 68878.224, None)]}",300.28901978300945,150975.85904870363,65398.224,23410.727230862496,3,21.172712753821582,65398.224,105988.65299999999,True,77.61872233629931,98.31666433869931,20.697942002399994
lamf-test-e42daae1-319e-4d66-892f-ff458cefa185,"{<resource_manager.instance.OnPremInstance object at 0x12bdf7b60>: [(5, 66238.224, 67738.224), (1, 67738.224, None)]}",331.8539601540227,151079.6761479914,66238.224,23402.136948635496,3,11.407711613050422,66238.224,136986.59300000002,True,116.73643470986389,147.8655731762639,31.129138466400008
lamf-test-902ad2da-a958-4f6f-a105-0cf09133c223,"{<resource_manager.instance.OnPremInstance object at 0x12bdf7b60>: [(4, 66778.224, None)]}",319.6161610919672,151112.29957414136,66778.224,23450.252646677498,3,,66778.224,76920.504,True,61.706776180698135,78.16161125269814,16.454835071999998
lamf-test-1945932c-936e-4e58-b59b-8fc5fe0a5a90,"{<resource_manager.instance.OnPremInstance object at 0x12bdf7b60>: [(4, 66958.224, 69958.224), (1, 69958.224, None)]}",307.9539703217035,151132.3618181879,66958.224,23394.136939972494,1,31.713438284280173,66958.224,80872.17599999999,True,62.42423180469995,71.71813073589995,9.293898931199996
lamf-test-b4f2a445-161d-42de-8bf2-99cedcdf1a1d,"{<resource_manager.instance.OnPremInstance object at 0x12bdf7b60>: [(2, 66988.224, None)]}",317.30210148260704,151216.46651493604,66988.224,23445.2072858535,2,,66988.224,85276.54800000001,True,49.716255749540345,64.55174417834036,14.835488428800007
lamf-test-4bdc3b38-4b50-41c5-90d1-8319dfa6ef3f,"{<resource_manager.instance.OnPremInstance object at 0x12bdf7b60>: [(5, 67738.224, None)]}",321.16833722466623,151273.93462208344,67738.224,23431.756803555498,2,,67738.224,82632.994,True,59.60586451436764,89.81245807436764,30.206593560000005
lamf-test-10d63afb-c09f-4af6-a622-71a25fae2fdf,"{<resource_manager.instance.CloudReservedInstance object at 0x12c104710>: [(3, 67858.224, None)], <resource_manager.instance.CloudOnDemandInstance object at 0x12be328b0>: [(1, 67858.224, 76408.224)]}",310.7244065884292,151369.67146198673,67858.224,24018.834605086497,2,44.92869793227089,67858.224,76417.39276415594,False,44.95827436687796,,
lamf-test-068fc1f2-6deb-41a2-ae15-564e581e4490,"{<resource_manager.instance.OnPremInstance object at 0x12bdf7b60>: [(3, 68068.224, None)]}",318.6864958169501,151392.9465813647,68068.224,24030.407197997494,1,,68068.224,81692.36699999998,True,108.79420602327158,125.37206322567157,16.57785720239998
lamf-test-8af4e2ac-cf32-4cee-877b-e9f4b759f7f3,"{<resource_manager.instance.OnPremInstance object at 0x12bdf7b60>: [(4, 68098.224, None)]}",289.77114078776196,151402.8215537616,68098.224,24028.058722757494,3,,68098.224,73288.414,True,31.577701726367035,39.99826598236704,8.420564256000004
lamf-test-f3dda1e4-5862-4683-8e1d-465d2dca42c3,"{<resource_manager.instance.OnPremInstance object at 0x12bdf7b60>: [(4, 68878.224, 70378.224), (1, 70378.224, None)]}",305.16980399325007,151602.42836445544,68878.224,24033.305063282492,1,15.856719142140086,68878.224,133461.385,True,193.36656452962205,221.38669463122204,28.0201301016
lamf-test-fd42a6f7-5546-4968-b0ee-4f887fda9461,"{<resource_manager.instance.CloudReservedInstance object at 0x12be323f0>: [(2, 68908.224, None)], <resource_manager.instance.CloudOnDemandInstance object at 0x12be328b0>: [(1, 68908.224, None)], <resource_manager.instance.CloudOnDemandInstance object at 0x12c0f9590>: [(2, 68908.224, None)]}",313.44017426263486,151614.14560827444,68908.224,24050.26192280999,1,847.8025279488932,68908.224,151629.54560827446,False,912.205615119005,,
lamf-test-b284ea68-a93a-41ac-9d3b-a2d0c0674e21,"{<resource_manager.instance.OnPremInstance object at 0x12bdf7b60>: [(2, 68938.224, None)]}",312.0323931368153,151631.02813810343,68938.224,24009.215723649497,1,,68938.224,87241.94799999999,True,98.8337062894516,113.68168719825158,14.84798090879999
lamf-test-bc23b10d-c69c-4408-9782-8739fbb3209f,"{<resource_manager.instance.OnPremInstance object at 0x12bdf7b60>: [(3, 68968.224, 72448.224), (1, 72448.224, None)]}",310.0193593332558,151666.69040338896,68968.224,24024.152798192496,1,27.78918548939083,68968.224,131075.34000000003,True,192.76015605749495,220.77377830709497,28.013622249600008
lamf-test-274e2f12-b4e9-499b-9b88-36da25e54e24,"{<resource_manager.instance.OnPremInstance object at 0x12bdf7b60>: [(5, 69268.224, 76738.224), (1, 76738.224, None)]}",331.60036141298406,151763.4795185842,69268.224,24016.484139588498,1,98.2819986310746,69268.224,116324.06999999999,True,209.67269769564223,240.87787683324223,31.205179137599995
lamf-test-88d97e0c-88fe-4c62-bc84-030e5f7776f1,"{<resource_manager.instance.OnPremInstance object at 0x12bdf7b60>: [(3, 69388.224, None)]}",304.4592028444548,151804.27775325807,69388.224,24619.508654312987,1,,69388.224,84482.594,True,120.5345539584759,138.9013833744759,18.366829415999995
lamf-test-9bda5a96-e4e1-4b91-bbbb-1dacf1ed28b2,"{<resource_manager.instance.OnPremInstance object at 0x12bdf7b60>: [(6, 69928.224, 73918.224), (2, 73918.224, None)]}",334.4551264679061,151833.8688183221,69928.224,24038.286907163492,3,36.41341546885695,69928.224,114725.725,True,160.55213628412807,203.36524509532808,42.8131088112
lamf-test-5168b562-8a76-449b-98c0-cc2731c9ca3c,"{<resource_manager.instance.OnPremInstance object at 0x12bdf7b60>: [(2, 69958.224, None)]}",309.5107801118846,151846.8899092567,69958.224,24019.834605086497,1,,69958.224,87759.03899999999,True,96.11817362537069,110.55819475337067,14.440021127999989
lamf-test-72ac3048-5fdb-4c21-afcd-eed6fe82e6d1,"{<resource_manager.instance.OnPremInstance object at 0x12bdf7b60>: [(3, 70048.224, None)]}",305.99164294117367,151874.18556970803,70048.224,24043.89298291199,1,,70048.224,73537.787,True,27.865549851699704,32.111650110099696,4.246100258399994
lamf-test-f483d0b8-ba08-4711-99f9-47af2ee222a5,"{<resource_manager.instance.OnPremInstance object at 0x12bdf7b60>: [(3, 70378.224, 72388.224), (1, 72388.224, None)]}",312.7927875459608,151985.353550709,70378.224,24017.834605086497,2,6.483821870550658,70378.224,152000.75355070902,False,168.0205459238966,,
lamf-test-1e1b6610-69b2-4869-80ff-74a807042404,"{<resource_manager.instance.OnPremInstance object at 0x12bdf7b60>: [(5, 71368.224, 76828.224), (1, 76828.224, None)]}",310.82543279392,152009.27111031563,71368.224,24054.18691203299,3,41.52407027150354,71368.224,90219.26599999999,True,61.892222982736314,78.39650961793632,16.504286635199996
lamf-test-9953a2a0-1d7c-4068-bf98-538acafc2ac3,"{<resource_manager.instance.OnPremInstance object at 0x12bdf7b60>: [(6, 72028.224, 76018.224), (2, 76018.224, None)]}",299.47595690366575,152055.12222940027,72028.224,24658.975620346988,2,17.244180950584507,72028.224,107409.054,True,102.57920303737293,137.75350833337293,35.174305296
lamf-test-9f4c8a2a-2fe4-4712-9592-1f90f46792d9,"{<resource_manager.instance.OnPremInstance object at 0x12bdf7b60>: [(5, 72268.224, None)]}",322.9477688777042,152056.444183362,72268.224,24626.939864051987,1,133.6881478439423,72268.224,83764.25213274574,True,151.25202425773912,174.56596931094748,23.313945053208347
lamf-test-8c42c6bf-e604-4e96-bc18-75bc6db194f5,"{<resource_manager.instance.OnPremInstance object at 0x12bdf7b60>: [(2, 72298.224, None)]}",304.5244415439068,152099.46885668766,72298.224,24648.268170563988,2,,72298.224,78271.532,True,16.238257163356,21.083804612956,4.845547449600003
lamf-test-a7dc0f00-a53e-4f14-ba21-5c93f2b6c280,"{<resource_manager.instance.CloudReservedInstance object at 0x12c104710>: [(2, 72328.224, None)], <resource_manager.instance.CloudOnDemandInstance object at 0x12c0f9590>: [(2, 72328.224, 105949.29599999999)]}",278.74097160023985,152238.8959193187,72328.224,24618.508654312987,2,159.61624797768553,72328.224,105961.50165961075,False,159.64942869423453,,
lamf-test-d2030552-fada-4868-9884-3081a3d5e562,"{<resource_manager.instance.OnPremInstance object at 0x12bdf7b60>: [(4, 72448.224, None)]}",335.70235460840024,152243.09395987538,72448.224,24609.69449343699,3,99.23840292037407,72448.224,93945.90199999999,True,130.7942991862498,165.67213197344978,34.87783278719998
lamf-test-292ff255-562b-496c-972f-f8340f6cddab,"{<resource_manager.instance.OnPremInstance object at 0x12bdf7b60>: [(2, 73348.224, None)]}",321.5271161172489,152378.37694948845,73348.224,24633.850563860487,1,,73348.224,106220.309,True,177.4977591451821,204.1635944971821,26.66583535199999
lamf-test-ea317cde-8e65-4009-bbcb-6720d6ab3fc4,"{<resource_manager.instance.OnPremInstance object at 0x12bdf7b60>: [(5, 73588.224, None)]}",322.00845242777757,152438.14498942232,73588.224,24607.24767243099,2,38.62164303647563,73588.224,86474.12335398863,True,51.56676947946316,77.6993733693521,26.132603889888937
lamf-test-8f5d07e8-2d0c-4ca5-874d-d1e790990809,"{<resource_manager.instance.OnPremInstance object at 0x12bdf7b60>: [(6, 73918.224, 75928.224), (1, 75928.224, None)]}",302.97405507839164,152460.79272391988,73918.224,24642.997372664988,1,31.642710472279262,73918.224,152476.1927239199,False,247.04120790820872,,
lamf-test-a13d6194-2358-4887-a070-b00cd35c865e,"{<resource_manager.instance.OnPremInstance object at 0x12bdf7b60>: [(3, 73948.224, None)]}",302.61921821621866,152514.45363256967,73948.224,24611.69449343699,2,,73948.224,86071.34,True,39.10652968160327,53.857937230403266,14.751407548799994
lamf-test-7bd8b2d3-250f-4731-829c-d7a0653ffcb3,"{<resource_manager.instance.OnPremInstance object at 0x12bdf7b60>: [(4, 74848.224, None)]}",301.8009690341694,152539.111857254,74848.224,24613.95037498299,3,,74848.224,81028.83200000001,True,37.60351661723329,47.6309350364333,10.027418419200012
lamf-test-8b57f8ca-98cc-4c1b-8aa2-5b91c1f45b09,"{<resource_manager.instance.OnPremInstance object at 0x12bdf7b60>: [(2, 75688.224, None)]}",306.9047417051023,152587.25833033907,75688.224,24610.69449343699,2,,75688.224,97220.31099999999,True,58.5343273726642,76.00115634706418,17.466828974399988
lamf-test-fd11e4ea-cdef-4f38-a062-f8e8f6529d33,"{<resource_manager.instance.OnPremInstance object at 0x12bdf7b60>: [(6, 75988.224, None)]}",323.9849795842166,152588.63873738563,75988.224,24647.109442673987,1,194.9107843942503,75988.224,91546.4092342997,True,244.92694071792823,282.78934030412,37.862399586191756
lamf-test-aa0c06ad-8e28-471d-8a21-4c2106849993,"{<resource_manager.instance.OnPremInstance object at 0x12bdf7b60>: [(4, 76018.224, 79018.224), (1, 79018.224, None)]}",297.7430444733612,152642.5243717342,76018.224,24606.24767243099,1,31.713438284280173,76018.224,152657.92437173423,False,238.9283530119527,,
lamf-test-096a164d-3416-42b7-999a-d92269a9a7ca,"{<resource_manager.instance.CloudReservedInstance object at 0x12be323f0>: [(2, 76168.224, None)], <resource_manager.instance.CloudOnDemandInstance object at 0x12c0f9590>: [(4, 76168.224, None)]}",310.89137174012484,152798.27119174972,76168.224,24623.232987452986,3,417.1941409993153,76168.224,152813.67119174975,False,466.3195509422754,,
lamf-test-e0a17229-9bf9-416c-a5a2-49e15e4b17e7,"{<resource_manager.instance.OnPremInstance object at 0x12bdf7b60>: [(2, 76198.224, None)]}",300.8789137634496,152866.23189941896,76198.224,24638.40282917499,3,,76198.224,96252.384,True,61.00588637919234,77.27382097119235,16.267934592000003
lamf-test-9805f54e-1cae-487c-b904-2cb93c2a7afb,"{<resource_manager.instance.CloudReservedInstance object at 0x12c104710>: [(3, 76408.224, 82819.29599999999), (1, 82819.29599999999, None)]}",328.01417674151406,153461.29292553608,76408.224,25816.153483931987,3,29.25426420260089,76408.224,91354.16933727289,True,42.236047360670554,72.56990815270743,30.333860792036866
lamf-test-ca0b2ac7-3ce2-4e8c-a6e1-096d01ef9a8a,"{<resource_manager.instance.OnPremInstance object at 0x12bdf7b60>: [(6, 76738.224, 81709.29599999999), (2, 81709.29599999999, None)]}",322.6901850057595,153802.90220478488,76738.224,25833.072257897988,1,78.25780698151928,76738.224,109137.8,True,226.36213308996867,260.70973635396865,34.34760326399998
lamf-test-72359355-373b-4aa6-9d80-111deeae4206,"{<resource_manager.instance.OnPremInstance object at 0x12bdf7b60>: [(4, 76828.224, 81799.29599999999), (1, 81799.29599999999, None)]}",293.68085416171726,153899.6026096453,76828.224,26436.910649459987,3,30.24456308464513,76828.224,153915.00260964534,False,139.93458758787023,,
lamf-test-aa966776-8b52-45e3-81e8-3d502aee1701,"{<resource_manager.instance.OnPremInstance object at 0x12bdf7b60>: [(3, 77008.224, None)]}",277.6854198628887,153950.62137855432,77008.224,26441.04997737899,1,100.78428473648175,77008.224,93818.621,True,134.23771275382157,154.69260382342156,20.4548910696
lamf-test-6a7cd0bb-34c7-4263-9cc7-17fa07eb0a15,"{<resource_manager.instance.OnPremInstance object at 0x12bdf7b60>: [(4, 77428.224, 81409.29599999999), (1, 81409.29599999999, None)]}",298.21973828332,154012.43942601068,77428.224,26419.686690224986,1,42.08449372575846,77428.224,103935.10100000001,True,105.46990592440481,121.0652636452048,15.595357720799985
lamf-test-f6c3e1ca-41d1-4659-a1c2-f6d7cca0c5e7,"{<resource_manager.instance.OnPremInstance object at 0x12bdf7b60>: [(2, 77458.224, None)]}",330.89870791023526,154039.6565495241,77458.224,26445.710400425985,2,,77458.224,88590.92199999999,True,30.263902856838907,39.2947474744389,9.03084461759999
lamf-test-47c1fe4b-c260-4538-9b53-fe9eeae00c5f,"{<resource_manager.instance.OnPremInstance object at 0x12bdf7b60>: [(2, 77788.224, None)]}",307.40827687661385,154084.96668537753,77788.224,26402.536574906986,3,,77788.224,119796.771,True,127.79237052247315,161.86970384887314,34.077333326399994
lamf-test-9293cd6c-713f-41c3-8b50-410b94532b8e,"{<resource_manager.instance.OnPremInstance object at 0x12bdf7b60>: [(4, 78328.224, 80828.76), (1, 80828.76, None)]}",276.94819521132933,154223.640058431,78328.224,26432.366600441987,2,9.107355217752202,78328.224,149581.80200000003,True,148.60978324081955,180.55288668241957,31.9431034416
lamf-test-2ef3ba74-0be9-4758-9e8b-663933377574,"{<resource_manager.instance.OnPremInstance object at 0x12bdf7b60>: [(4, 79018.224, None)]}",315.97195408362086,154401.77133722845,79018.224,26433.70429353299,3,104.16653433721186,79018.224,98342.73499999997,True,117.57250589398413,148.92459254038408,31.35208664639995
lamf-test-2744811c-a0e4-4a9d-a448-520fba53466a,"{<resource_manager.instance.OnPremInstance object at 0x12bdf7b60>: [(2, 79228.224, None)]}",316.8459168651483,154425.4727225994,79228.224,26454.865047656986,2,,79228.224,90856.13100000001,True,31.61011354806873,41.04267170646873,9.432558158400004
lamf-test-692078cb-d4fe-44db-acc1-5eececdc7c24,"{<resource_manager.instance.OnPremInstance object at 0x12bdf7b60>: [(3, 79288.224, None)]}",293.9568407519619,154783.34781287206,79288.224,27038.686848245983,2,,79288.224,100785.902,True,69.34682327485359,95.50519786525359,26.1583745904
lamf-test-dc701733-214d-4503-9e86-a7c5623aa494,"{<resource_manager.instance.CloudOnDemandInstance object at 0x12be328b0>: [(1, 79858.224, None)], <resource_manager.instance.CloudOnDemandInstance object at 0x12be32520>: [(1, 79858.224, None)]}",290.04127710324553,154809.95401786774,79858.224,27011.309712677983,2,,80258.76,124525.89861480564,True,181.26467954420735,341.5144289922841,160.24974944807673
lamf-test-cb995d16-8bd4-4a69-981f-1cf758860367,"{<resource_manager.instance.OnPremInstance object at 0x12bdf7b60>: [(5, 80828.76, 85309.29599999999), (1, 85309.29599999999, None)]}",320.1908267325743,154961.77771533222,80828.76,27022.808570165984,3,34.07510837326027,80828.76,98699.384,True,54.44181002357591,68.95935672437591,14.517546700799992
lamf-test-0111158b-0edf-40ea-8c3c-c453441d9f4b,"{<resource_manager.instance.CloudOnDemandInstance object at 0x12be32520>: [(1, 80858.76, None)], <resource_manager.instance.CloudOnDemandInstance object at 0x12bdf7cb0>: [(1, 80858.76, None)]}",288.9103792556111,155199.01192808407,80858.76,27020.901245969984,3,,81259.29599999999,155214.4119280841,False,188.49507422131998,,
lamf-test-c609bf72-d17c-450a-8e65-16fe23e38281,"{<resource_manager.instance.OnPremInstance object at 0x12bdf7b60>: [(2, 81289.29599999999, None)]}",326.56864801291823,164040.34163375275,81289.29599999999,36035.646066134985,3,,81289.29599999999,123520.54299999999,True,128.46983648946687,162.72782405586688,34.257987566400004
