,instances,budget,deadline,sched_start_time,submit_time,software_id,current_license_cost,exec_start_time,finish_time,complete,license_cost,cost,hardware_cost
lamf-test-ce4837ee-c9b5-4728-816b-793fbe63012e,"{<resource_manager.instance.OnPremInstance object at 0x131c43620>: [(5, 30, 390), (2, 390, None), (3, 3840, None), (1, 5580, None)]}",64.81020493737797,14109.368596154949,30,1.0,1,46.65525895505362,30,6281.701999999999,True,58.022094912160604,66.7871968993606,8.765101987199998
lamf-test-fdbe52b3-5ac4-4817-bbd7-3ee39ada2008,"{<resource_manager.instance.OnPremInstance object at 0x131c43620>: [(3, 60, 3540), (1, 3540, None), (1, 33680.184, None), (2, 37661.256, None)]}",309.54978900857253,127533.6606450161,60,48.422975935,1,135.00540999315538,60,48574.173,True,255.34710631987224,292.74099109747226,37.3938847776
lamf-test-312a25ed-966e-4a84-89af-21712bfc7175,"{<resource_manager.instance.OnPremInstance object at 0x131c43620>: [(4, 1200, 5670), (1, 5670, None)]}",330.5774711754339,128554.3118753968,1200,1196.356813354,1,47.25302304357746,1200,22031.878,True,93.29374750931629,107.18225322611629,13.888505716800001
lamf-test-6d60a076-8aec-42f5-ae5c-3923b3793c72,"{<resource_manager.instance.OnPremInstance object at 0x131c43620>: [(5, 1260, 6720), (2, 6720, None)]}",295.26855467250385,128854.83842984118,1260,1235.169693868,1,146.88119552817705,1260,26576.858999999997,True,179.0567335158567,206.2374975366567,27.180764020799998
lamf-test-f42e0220-9054-4dba-814a-9d6b93e25e15,"{<resource_manager.instance.OnPremInstance object at 0x131c43620>: [(2, 6630, 9630), (1, 9630, None)]}",293.5168981771201,134389.9058416342,6630,6603.062050975,3,22.72036504677162,6630,45054.59299999999,True,63.007974750931616,79.80978967173161,16.801814920799995
lamf-test-c2212f64-c788-46d9-9572-57170e08d2ac,"{<resource_manager.instance.OnPremInstance object at 0x131c43620>: [(4, 6660, None), (1, 7920, None)]}",57.825321252479114,20766.996430152045,6660,6604.253159778999,3,7.665982203969882,6660,8393.795,True,11.269260019773366,14.274340279773366,3.00508026
lamf-test-0aa73555-99c3-40be-a09f-6bf3df006265,"{<resource_manager.instance.OnPremInstance object at 0x131c43620>: [(6, 6690, None)]}",310.4901833144852,134463.47529899096,6690,6612.057244008999,3,,6690,22575.188000000002,True,144.97091489847136,183.62910841527136,38.658193516800004
lamf-test-761a035c-9b31-431d-b128-35fe1a248496,"{<resource_manager.instance.OnPremInstance object at 0x131c43620>: [(4, 6720, 19838.04), (2, 19838.04, None), (2, 28769.112, None)]}",281.9460745575701,134593.0313095006,6720,6631.756878306999,1,243.17331325576092,6720,36085.679,True,265.9111860978021,306.3091781010021,40.39799200319999
lamf-test-c947c209-c0e1-414b-aa78-1430406df6ae,"{<resource_manager.instance.OnPremInstance object at 0x131c43620>: [(2, 6750, 7410), (1, 7410, None), (1, 9810, None)]}",91.00759406898061,37682.38700172964,6750,6637.570502475999,3,5.658224960073008,6750,18455.037999999997,True,31.95691839683625,40.478605222436244,8.521686825599996
lamf-test-1b5247ff-56d3-4066-aafc-ee4137f1169c,"{<resource_manager.instance.OnPremInstance object at 0x131c43620>: [(3, 6780, 7740), (2, 7740, None), (2, 20498.04, None)]}",98.97570184637311,37995.58243606576,6780,6638.768942844999,3,43.19123887748117,6780,21782.675999999996,True,51.00710928587722,64.60875278027721,13.60164349439999
lamf-test-a35e3102-219f-4336-95ce-4d87e6b5e69c,"{<resource_manager.instance.OnPremInstance object at 0x131c43620>: [(6, 7230, 8520), (1, 8520, None), (1, 9960, None), (1, 11271.072, None)]}",88.24903114605627,38423.007720941736,7230,7214.5849453929995,3,17.951394022359114,7230,13813.698000000002,True,29.5536116814967,37.434428604696706,7.880816923200002
lamf-test-8d2ae00d-f906-47ac-81a5-138a54772bef,"{<resource_manager.instance.OnPremInstance object at 0x131c43620>: [(2, 7260, 9270), (1, 9270, None), (1, 13903.752, None)]}",310.3508838593914,135043.34759992946,7260,7234.811665767999,3,62.97900068446269,7260,38229.157999999996,True,87.16185869647879,110.40458985487878,23.242731158399994
lamf-test-b41bc5e6-51fb-4710-b8ea-caebbe600cb8,"{<resource_manager.instance.OnPremInstance object at 0x131c43620>: [(6, 7290, 9300), (2, 9300, None)]}",308.5846884800438,135348.21347201715,7290,7247.999715886,2,8.686918223226783,7290,14773.935,True,23.567644987273614,32.899637059273616,9.331992072
lamf-test-8a5bf643-d5be-430a-ac2f-d8a1f25fa6d3,"{<resource_manager.instance.OnPremInstance object at 0x131c43620>: [(3, 7830, 9840), (1, 9840, None), (1, 12922.68, None)]}",322.3613792231315,135514.25196242635,7830,7807.093098616,2,12.738691943327208,7830,26313.533,True,67.07974951573178,81.63851247733177,14.5587629616
lamf-test-cbef53e7-aa65-412f-b9a4-02aefd0bda1b,"{<resource_manager.instance.OnPremInstance object at 0x131c43620>: [(2, 7860, None), (2, 10080, None)]}",89.7921856815224,39080.37275950827,7860,7831.643731723,1,11.987223362993383,7860,16185.16,True,77.91867974750932,89.62455533150931,11.705875584000001
lamf-test-decf70b3-3bab-4cf4-b55a-9508b27560e7,"{<resource_manager.instance.OnPremInstance object at 0x131c43620>: [(3, 7890, 11391.072), (2, 11391.072, None)]}",317.6420201174764,135402.04137465663,7890,7832.977218265,2,53.72367987449518,7890,37913.74,True,83.39476603083699,109.17005872203698,25.775292691199997
lamf-test-1faee22d-4d95-436a-a021-6148365dd51b,"{<resource_manager.instance.OnPremInstance object at 0x131c43620>: [(2, 7920, None)]}",300.8642397517245,135250.38475543313,7920,7834.948398532,3,30.20002737850787,7920,42352.921,True,104.74688873678606,132.67887425198606,27.9319855152
lamf-test-585c2356-1279-476b-b41a-cbdb8ebd0ee3,"{<resource_manager.instance.OnPremInstance object at 0x131c43620>: [(4, 7950, 13443.216), (1, 13443.216, None), (1, 21378.576, None)]}",290.6639501784463,135412.9234267089,7950,7839.037698328,2,58.30814672806909,7950,31819.968,True,78.48024271628827,99.08107556108827,20.6008328448
lamf-test-17aa2292-304e-4763-ab73-533f31d66f3d,"{<resource_manager.instance.OnPremInstance object at 0x131c43620>: [(5, 8430, 9720), (2, 9720, None), (2, 11331.072, None)]}",100.9864715008785,39569.734291992485,8430,8400.001802044,2,9.541970254693503,8430,12765.006000000001,True,17.338182687496136,23.58761881549614,6.249436128000002
lamf-test-17be3ad6-6cd4-4c64-93c6-3fc4d170d157,"{<resource_manager.instance.OnPremInstance object at 0x131c43620>: [(2, 8460, None), (1, 10170, None)]}",64.77903730143166,22388.45071026635,8460,8414.078690851,2,4.648583289081818,8460,15410.415,True,29.5274860244254,37.2911749964254,7.763688972000001
lamf-test-410c24b3-e037-404b-8fa3-3b9be7b4adaa,"{<resource_manager.instance.OnPremInstance object at 0x131c43620>: [(5, 8490, 9930), (1, 9930, None)]}",105.56808496111117,39572.16629603028,8490,8415.509470906,3,10.951403148528405,8490,11523.282,True,13.374830025096964,16.941385204296964,3.5665551791999994
lamf-test-dbfc6e86-f385-4c1b-a2d1-36902c12232e,"{<resource_manager.instance.OnPremInstance object at 0x131c43620>: [(2, 8520, None), (2, 28589.112, None), (1, 39521.256, None)]}",332.81097832014945,136230.06990626903,8520,8429.966314072,3,150.37919233401777,8520,46505.57244248579,True,180.68048096802636,228.86104879338754,48.18056782536118
lamf-test-ee649544-0852-4484-9313-a2ec39aaf5e5,"{<resource_manager.instance.OnPremInstance object at 0x131c43620>: [(4, 8550, 10140), (2, 10140, None)]}",94.51083597672981,39464.55083364189,8550,8434.198252507,1,32.31958932238193,8550,16087.887999999999,True,48.92463670241082,56.32917944801082,7.404542745599999
lamf-test-3e8d9edc-8d07-4ff0-a6aa-1b9473f39dae,"{<resource_manager.instance.OnPremInstance object at 0x131c43620>: [(5, 8580, 9510), (1, 9510, None), (4, 10230, None), (1, 11911.608, None)]}",46.55013787044631,22627.12249937438,8580,8440.244639695,1,36.770325347935206,8580,12610.016000000003,True,48.08380196212645,55.371820694926456,7.2880187328000074
lamf-test-8daeea4f-cbbf-4fb6-b9f3-5857c1ab865e,"{<resource_manager.instance.OnPremInstance object at 0x131c43620>: [(4, 8610, 9210), (2, 9210, None), (3, 11391.072, None)]}",56.56222725445129,22663.22770880942,8610,8442.838606426,1,18.11971343828428,8610,11862.464,True,24.429318123051182,28.12802670545118,3.6987085823999997
lamf-test-665b3cd3-6953-4941-a220-b425974f248a,"{<resource_manager.instance.OnPremInstance object at 0x131c43620>: [(3, 8640, None)]}",295.24467469152273,136023.12308852628,8640,8449.187139996999,3,,8640,23469.561,True,67.66854209445586,85.71315191925586,18.044609824800002
lamf-test-7b6d3b7a-f2bc-4206-bf5c-c8e1aaff27be,"{<resource_manager.instance.OnPremInstance object at 0x131c43620>: [(3, 8670, 9480), (2, 9480, None)]}",57.77199384513077,22627.029348701464,8670,8450.187139996999,2,2.612883440371161,8670,10181.369000000002,True,4.519533857260072,6.074092390060073,1.554558532800002
lamf-test-e86f1528-c4b7-428d-9220-137c2eee5f81,"{<resource_manager.instance.OnPremInstance object at 0x131c43620>: [(5, 9000, 19808.04), (1, 19808.04, None), (4, 28739.112, None)]}",291.443531643958,136935.82553263506,9000,8996.797039927998,2,93.87814799208836,9000,38020.057221242896,True,114.00714091516227,158.37004574704287,44.36290483188059
lamf-test-905b51bb-7f4b-480b-babc-216c95cb3e5c,"{<resource_manager.instance.OnPremInstance object at 0x131c43620>: [(4, 9030, None)]}",76.07511246679637,23140.58843662565,9030,9003.677053795498,3,7.848505589778689,9030,11798.969000000001,True,16.846719902654197,21.3390952082542,4.492375305600001
lamf-test-d53de693-fd3a-47ec-b96e-28dcf292d471,"{<resource_manager.instance.OnPremInstance object at 0x131c43620>: [(4, 9060, 10350), (2, 10350, None), (3, 14334.288, None)]}",82.04480128359563,40177.835867170215,9060,9015.019603444998,2,28.084670141758412,9060,18399.754981621525,True,39.695713761643944,53.26543122597239,13.569717464328452
lamf-test-d608e81f-e921-488f-9511-ac29f6be8717,"{<resource_manager.instance.OnPremInstance object at 0x131c43620>: [(4, 9090, None)]}",290.8535591080783,137056.9355954595,9090,9022.790054251998,3,,9090,18026.862,True,54.372877024868814,68.87204193366881,14.499164908800001
lamf-test-794e981d-7b48-479b-88a9-08c76168b3f4,"{<resource_manager.instance.OnPremInstance object at 0x131c43620>: [(2, 9120, None), (2, 10380, None)]}",55.43753343799916,23210.831127390877,9120,9033.091110763999,3,3.832991101984941,9120,12218.351,True,15.017726062818468,19.02237872521847,4.004652662400001
lamf-test-d89dd74a-ca32-43e3-9fdb-057b16e15c3a,"{<resource_manager.instance.OnPremInstance object at 0x131c43620>: [(2, 9150, None), (2, 14334.288, None)]}",52.589033620058174,23243.30320644001,9150,9035.398571875998,1,27.9933415468857,9150,14920.437,True,34.32334063426876,39.47980319746876,5.156462563199999
lamf-test-9d73df9e-a4e9-43ed-b3cd-731892da568c,"{<resource_manager.instance.OnPremInstance object at 0x131c43620>: [(6, 9180, 11301.072), (1, 11301.072, None)]}",116.24356079750007,40157.39340920383,9180,9041.542630384998,3,19.35726214921287,9180,13207.57294605998,True,22.257103880234208,28.192221483156136,5.935117602921928
lamf-test-700b88cb-1fe1-443f-85f3-4e83586778d7,"{<resource_manager.instance.OnPremInstance object at 0x131c43620>: [(2, 9210, None)]}",323.88597973304996,136326.7965989837,9210,9049.033980028998,1,113.60673876340407,9210,40668.967,True,169.86741630542244,195.38693033582243,25.519514030399996
lamf-test-cacf2328-5a7f-4177-ad3a-d6767db7f233,"{<resource_manager.instance.OnPremInstance object at 0x131c43620>: [(5, 9240, None)]}",299.34289693362723,136979.14064670855,9240,9054.650186608998,2,,9240,23301.842999999997,True,56.272658703713354,84.79007630771335,28.51741760399999
lamf-test-76901c5b-cc70-4a21-8b6a-aa4aa3dedd24,"{<resource_manager.instance.OnPremInstance object at 0x131c43620>: [(2, 9630, None)]}",295.82083300729096,136903.25144191767,9630,9599.492253649998,2,,9630,19277.071,True,26.225270783149604,34.050974778349605,7.8257039952
lamf-test-c0570041-d32e-4e8b-8d2d-a250dfe399fc,"{<resource_manager.instance.OnPremInstance object at 0x131c43620>: [(5, 9660, 20798.04), (1, 20798.04, None), (3, 26759.112, None)]}",309.1917473885502,137432.47206466808,9660,9600.492253649998,1,163.31588592288387,9660,35693.11926549147,True,259.7969135067145,299.29720281744784,39.500289310733365
lamf-test-ca7252f0-85f2-4005-896c-fb17b2f26952,"{<resource_manager.instance.OnPremInstance object at 0x131c43620>: [(6, 9690, 17146.968), (1, 17146.968, None)]}",304.02222934164064,137600.54587259222,9690,9603.891759753498,1,155.1062085329683,9690,57803.773,True,231.79665077192186,266.43432820472185,34.637677432800004
lamf-test-0ae28a41-e363-4bde-bdce-50f826df3b42,"{<resource_manager.instance.OnPremInstance object at 0x131c43620>: [(4, 9720, 11331.072), (1, 11331.072, None), (1, 22439.112, None)]}",87.69850691765791,40885.36272693173,9720,9607.570334502498,3,30.621838923112023,9720,26266.133999999995,True,38.339603011635845,48.56330749483584,10.223704483199995
lamf-test-9da27dae-e6dc-4f47-b706-a6e8a3713464,"{<resource_manager.instance.OnPremInstance object at 0x131c43620>: [(6, 9750, None)]}",296.9549680882063,137373.5832682122,9750,9608.932046943497,3,,9750,14725.189999999999,True,45.404426192105845,57.51204857610584,12.107622383999997
lamf-test-50c28631-c9b3-47d9-9e36-b5f64438ea4d,"{<resource_manager.instance.OnPremInstance object at 0x131c43620>: [(6, 9780, 11271.072), (1, 11271.072, None), (1, 13903.752, None), (1, 14394.288, None)]}",57.792712238435485,23502.72283248983,9780,9611.982108132497,3,19.104394250513344,9780,14982.146,True,21.786840063883187,27.596556308683187,5.809716244800001
lamf-test-6ea3ccb6-5ec7-474a-bd76-4c0b7e74a8fd,"{<resource_manager.instance.OnPremInstance object at 0x131c43620>: [(4, 9810, 11331.072), (2, 11331.072, None)]}",318.43627200467716,137110.97306305365,9810,9615.230897694497,3,9.254373716632443,9810,23233.743,True,45.462970568104026,57.586204496104024,12.123233927999998
lamf-test-f6a7b87b-3fe2-4927-871e-a0cac1bfa236,"{<resource_manager.instance.OnPremInstance object at 0x131c43620>: [(3, 9840, 11451.072), (2, 11451.072, None), (4, 15805.896, None)]}",80.84812600328213,40922.42961840026,9840,9616.319431734497,3,20.599078256901667,9840,17554.944,True,36.56118640200775,46.31065525320775,9.749468851199998
lamf-test-01aed4d0-4ac3-4934-b29d-300b9eb1cf38,"{<resource_manager.instance.OnPremInstance object at 0x131c43620>: [(6, 9870, None)]}",48.38806555130056,23988.170547715566,9870,9624.579316890497,3,,9870,10802.804,True,8.51292721879991,10.78299903319991,2.2700718144000005
lamf-test-f035cec5-13b9-4feb-9d16-93fce26c2cc2,"{<resource_manager.instance.OnPremInstance object at 0x131c43620>: [(3, 9900, 10840.536), (2, 10840.536, None), (1, 17236.968, None)]}",59.50673849065216,23835.32481940529,9900,9628.315487136497,2,27.024049374650247,9900,19183.388000000003,True,29.663112114554195,38.3647458137542,8.701633699200002
lamf-test-7dc86417-03bf-4f7d-b2cc-4f303d7c708b,"{<resource_manager.instance.OnPremInstance object at 0x131c43620>: [(4, 9930, 12402.144), (2, 12402.144, None)]}",122.20824587768153,40968.98155366891,9930,9630.323682111497,2,9.003946976742133,9930,15726.408,True,18.04085813399142,24.74830751639142,6.7074493824
lamf-test-6e11c3c3-b9bf-4aa2-897f-6c03a891a9cd,"{<resource_manager.instance.OnPremInstance object at 0x131c43620>: [(5, 9960, 19808.04), (2, 19808.04, None)]}",323.10613238146993,137265.91744125594,9960,9631.323682111497,3,74.89573351585672,9960,27750.0592212429,True,99.05580415618799,125.47019526846023,26.41439111227224
lamf-test-c5a6ffed-1196-4516-a2cc-67f21c8eb5f5,"{<resource_manager.instance.OnPremInstance object at 0x131c43620>: [(2, 9990, None)]}",321.906162634098,137331.67459296933,9990,9632.323682111497,2,,9990,21122.698,True,30.263902856838936,39.294747474438935,9.0308446176
lamf-test-6718dd63-82fd-49d3-b154-c2385c7724e4,"{<resource_manager.instance.CloudReservedInstance object at 0x131e143b0>: [(4, 10020, 11331.072), (2, 11331.072, None)], <resource_manager.instance.CloudOnDemandInstance object at 0x131c663f0>: [(3, 15315.36, None)]}",53.92864783453742,23741.218253169798,10020,9638.459111408498,1,35.373295003422314,10020,16618.059099095764,True,52.809985355605335,75.39626949116644,22.586284135561108
lamf-test-93fc33e5-0604-48d1-8efe-1dfc9145e379,"{<resource_manager.instance.CloudReservedInstance object at 0x131e143b0>: [(2, 10050, None)], <resource_manager.instance.CloudReservedInstance object at 0x131e0d450>: [(3, 10050, 21498.576)]}",318.63019504491797,137360.45386882953,10050,9645.222825587498,1,108.83504449007529,10050,55823.20546045137,True,294.17603556864,405.69402288423413,111.51798731559414
lamf-test-561c40aa-4fd2-4142-aa20-b41c53e185e4,"{<resource_manager.instance.CloudReservedInstance object at 0x131e0d450>: [(2, 10080, None)]}",92.22367706149063,40929.36817591562,10080,9652.112981969498,2,32.25987771436623,10080,38087.114123048384,True,56.82745531585917,75.60342462395081,18.77596930809164
lamf-test-d81c27cf-4838-43c5-ac8d-f0f7d5a86a71,"{<resource_manager.instance.CloudReservedInstance object at 0x131e0d450>: [(1, 10230, None)], <resource_manager.instance.CloudReservedInstance object at 0x131e0d1d0>: [(3, 10230, None)], <resource_manager.instance.CloudReservedInstance object at 0x131c662c0>: [(1, 71827.152, None)]}",313.16578296695053,137910.83921522717,10230,10199.738583380498,3,205.3723750855578,10230,102380.93795989631,True,256.7194355460351,417.0031661077501,160.283730561715
lamf-test-92b10550-cff6-47f7-a077-4b4db1587046,"{<resource_manager.instance.CloudReservedInstance object at 0x131e0d1d0>: [(3, 10260, None)], <resource_manager.instance.CloudReservedInstance object at 0x131c662c0>: [(1, 10260, 12402.144)]}",81.64667311738593,41332.873189688195,10260,10200.738583380498,2,29.97141678400646,10260,32562.283711830034,True,49.598634740185624,77.83248721721523,28.23385247702961
lamf-test-29b14cf4-c2e0-462e-a5b2-16a34ab23f1f,"{<resource_manager.instance.CloudReservedInstance object at 0x131c662c0>: [(2, 10290, None)]}",89.42960233211319,41283.09903063846,10290,10202.688729234498,3,35.95440565822496,10290,24434.7263549733,True,43.02905576081314,59.629306611009795,16.600250850196662
lamf-test-0ee3ab93-6383-46f5-aeca-265dafdbd84c,"{<resource_manager.instance.CloudReservedInstance object at 0x131c662c0>: [(3, 10320, None)], <resource_manager.instance.CloudReservedInstance object at 0x131c43e00>: [(2, 10320, 11301.072)]}",39.66592451958817,24335.129636561738,10320,10206.224974080498,3,6.466365503080082,10320,14338.299315474018,True,20.325490830362845,28.816757770923306,8.491266940560461
lamf-test-3484ce7d-9fee-4f95-9c2d-f871cc58413f,"{<resource_manager.instance.CloudReservedInstance object at 0x131c43e00>: [(3, 10350, 14334.288), (2, 14334.288, None)], <resource_manager.instance.CloudReservedInstance object at 0x131e143b0>: [(2, 62876.616, None)]}",280.48808000057255,137936.92841821862,10350,10207.224974080498,3,157.1629781732451,10350,79534.88140567724,True,195.02506860180617,334.25661316625224,139.2315445644461
lamf-test-0ab21652-7e84-40ef-afc1-d04cb7c18425,"{<resource_manager.instance.CloudReservedInstance object at 0x131c43e00>: [(1, 10380, None)], <resource_manager.instance.CloudReservedInstance object at 0x131c66520>: [(1, 10380, None)]}",99.9394489602227,41486.53481879401,10380,10217.868500629498,3,,10380,20169.301557444454,True,17.371437853857373,35.137062320307564,17.765624466450195
lamf-test-107c896d-ee0f-4ca2-89f1-19c67b8002a2,"{<resource_manager.instance.CloudOnDemandInstance object at 0x131c66780>: [(2, 10410, 14854.824), (1, 14854.824, None)]}",98.1671155759394,41449.64271344672,10410,10222.013431699499,3,13.521405430070727,10810.536,14862.6400119571,False,13.533293804786828,,
lamf-test-34f82a8b-288c-437f-910d-553d4a2c7dfc,"{<resource_manager.instance.CloudOnDemandInstance object at 0x131c66780>: [(2, 10840.536, None)]}",332.1651620956545,138021.89169829353,10840.536,10227.5156885115,1,71.37568605977641,11241.072,34913.48610142882,True,129.98550895136103,237.34123722369299,107.35572827233196
lamf-test-aa879c60-c521-40a2-972a-cf0714098824,"{<resource_manager.instance.OnPremInstance object at 0x131c43620>: [(2, 11271.072, None), (2, 12432.144, None)]}",56.99333448866139,24452.615378262417,11271.072,10235.2412005275,2,3.1563391208308804,11271.072,16386.991,True,24.65860306828745,32.016808447487456,7.358205379200003
lamf-test-cfb32c98-2421-4b31-9da7-090b5212bb9a,"{<resource_manager.instance.OnPremInstance object at 0x131c43620>: [(6, 11301.072, 15315.36), (1, 15315.36, None), (1, 19287.504, None)]}",311.65623815536327,137746.20646978085,11301.072,10236.2412005275,1,74.37272370522474,11301.072,38841.066999999995,True,184.41635150962048,211.6584746984205,27.242123188799997
lamf-test-2e0bd3ff-93cb-46df-ab43-ee2f13d4c7e1,"{<resource_manager.instance.OnPremInstance object at 0x131c43620>: [(3, 11331.072, None)]}",316.2487464140096,137940.51723455347,11331.072,10237.2412005275,1,,11331.072,20770.843,True,75.38032968286562,86.86664303566562,11.486313352800002
lamf-test-75f66efa-1a77-47ea-a0c6-c0317f11e7c2,"{<resource_manager.instance.OnPremInstance object at 0x131c43620>: [(5, 11361.072, 12922.68), (2, 12922.68, None)]}",323.850834844211,138299.12770417015,11361.072,10243.795470099,3,11.87624914442163,11361.072,26045.632999999998,True,51.79701270058558,65.60929319818558,13.812280497599998
lamf-test-c1ff5343-c068-4179-8505-1de35f1c5237,"{<resource_manager.instance.CloudReservedInstance object at 0x131e143b0>: [(2, 11391.072, None), (3, 128237.688, None)], <resource_manager.instance.CloudReservedInstance object at 0x131c662c0>: [(2, 11391.072, 27029.112)], <resource_manager.instance.CloudReservedInstance object at 0x131e0d450>: [(1, 128237.688, None)]}",328.6266875432299,137926.866888537,11391.072,10252.115973165499,2,360.1555309598557,11391.072,137942.26688853704,False,432.5390993100327,,
lamf-test-c8383b87-eaaf-4727-8a38-364a265a9c1b,"{<resource_manager.instance.CloudReservedInstance object at 0x131c662c0>: [(1, 11421.072, None)], <resource_manager.instance.CloudReservedInstance object at 0x131c43e00>: [(1, 11421.072, None), (1, 20228.04, None)], <resource_manager.instance.CloudReservedInstance object at 0x131c66520>: [(1, 20228.04, None)]}",87.74670802746411,41821.30508531779,11421.072,10806.158930385498,2,90.10560386761713,11421.072,29795.808195945086,True,99.55276142260978,140.97255177234223,41.419790349732445
lamf-test-a5bf6748-f8d5-4a59-badc-d9816f45493a,"{<resource_manager.instance.OnPremInstance object at 0x131c43620>: [(2, 11451.072, None), (3, 15315.36, None)]}",54.40376906069801,24968.24027361506,11451.072,10811.850667518498,2,10.504950070759884,11451.072,16931.657,True,20.112626397852,26.525187139452,6.412560741599998
lamf-test-9d2ced27-20c6-49c1-84d1-76444fddb91f,"{<resource_manager.instance.CloudOnDemandInstance object at 0x131c66780>: [(3, 11481.072, 33189.648), (2, 33189.648, None)]}",313.4023701696379,138476.98877953598,11481.072,10814.075998166998,2,70.0271342523936,11881.608,33198.92991038984,False,70.05236684510058,,
lamf-test-6323d458-f602-48c5-98a5-f5c1a1584292,"{<resource_manager.instance.OnPremInstance object at 0x131c43620>: [(5, 11911.608, None)]}",313.6595923894348,138807.08311027836,11911.608,10839.763649535498,1,,11911.608,19858.052,True,104.55052186478058,120.66591029678058,16.115388432
lamf-test-48feb4fc-2742-45dc-808f-e652fe900563,"{<resource_manager.instance.OnPremInstance object at 0x131c43620>: [(3, 11941.608, 12922.68), (2, 12922.68, None)]}",41.254966979320166,24805.69520275735,11941.608,10840.763649535498,1,7.834250513347024,11941.608,15442.385000000002,True,21.43977602859534,24.67752913419534,3.2377531056000013
lamf-test-bbc839c8-f836-4f9a-a8e0-6cb8342496f2,"{<resource_manager.instance.CloudOnDemandInstance object at 0x131c66780>: [(3, 11971.608, 17326.968), (2, 17326.968, None)]}",114.4912360012796,42069.76142075188,11971.608,10842.213241477499,3,24.436960985626282,12372.144,17338.82165103826,False,24.473020460987932,,
lamf-test-d4b58a16-b6c8-4064-88b0-a3ec8e4212ba,"{<resource_manager.instance.OnPremInstance object at 0x131c43620>: [(2, 12402.144, None)]}",56.907858453854786,25229.72486937943,12402.144,10855.2755832435,2,,12402.144,16506.486,True,11.157529610454182,14.486971840854181,3.3294422304
lamf-test-26bbd872-e5de-48b0-8f8f-e6417ce7af20,"{<resource_manager.instance.OnPremInstance object at 0x131c43620>: [(2, 12432.144, None), (2, 22109.112, None)]}",298.1380358381042,138650.6161572247,12432.144,11410.7730904935,2,45.22709440104617,12432.144,33532.121999999996,True,88.4127593729874,114.79540723858739,26.382647865599992
lamf-test-032ba352-18f7-47d0-a6f0-b7f2f4956a0a,"{<resource_manager.instance.CloudReservedInstance object at 0x131e0d1d0>: [(3, 12462.144, None)], <resource_manager.instance.CloudOnDemandInstance object at 0x131c66780>: [(2, 12462.144, None)], <resource_manager.instance.CloudOnDemandInstance object at 0x131e0d810>: [(1, 12462.144, 34830.72)]}",307.62274626708137,139401.20523810317,12462.144,11413.2495178455,3,119.0813232945471,12462.144,34840.98339708131,False,119.12815604417662,,
lamf-test-05c2e1a5-42c3-4e97-863b-94fa07e33793,"{<resource_manager.instance.CloudOnDemandInstance object at 0x131e0d810>: [(4, 12492.144, None)]}",91.04820322006628,42687.701500094285,12492.144,11414.2495178455,2,42.29114706057345,12892.68,42703.101500094286,False,82.12757437549668,,
lamf-test-d2eb5728-b98d-4dc8-9b54-d5b61be5f0ce,"{<resource_manager.instance.OnPremInstance object at 0x131c43620>: [(4, 12922.68, 17907.504), (1, 17907.504, None), (1, 25379.112, None)]}",294.31398108778467,139046.55313098247,12922.68,11421.2538825835,2,41.47242406064451,12922.68,40777.884,True,95.8050367833589,119.4143832921589,23.6093465088
lamf-test-3058457a-d1e2-4d92-baae-1c4c74ce602b,"{<resource_manager.instance.OnPremInstance object at 0x131c43620>: [(5, 12952.68, 24089.112), (1, 24089.112, None)]}",296.32729201787157,139214.59059639001,12952.68,11430.124881899499,2,130.10595375588161,12952.68,86072.303,True,170.3319076914753,218.0569740570753,47.7250663656
lamf-test-7a641bba-d417-49ff-88d9-3fe54ccc21c1,"{<resource_manager.instance.OnPremInstance object at 0x131c43620>: [(5, 12982.68, None)]}",72.4727596207448,25588.070816176252,12982.68,11431.124881899499,1,,12982.68,14142.910000000002,True,15.265023195680296,17.6179696356803,2.3529464400000024
lamf-test-3babe4ac-4db5-41c5-ad0c-7fee914c7ec7,"{<resource_manager.instance.CloudOnDemandInstance object at 0x131e0d810>: [(3, 13012.68, 34010.184), (2, 34010.184, None)]}",293.72278396528714,139205.07208269474,13012.68,11434.1278115105,2,50.555456010557094,13413.216,34018.91345720312,False,50.57316839738004,,
lamf-test-efb02442-ed88-49c8-bf51-dea5e65f914e,"{<resource_manager.instance.OnPremInstance object at 0x131c43620>: [(2, 13443.216, None), (2, 49135.008, None)]}",304.7860416350407,139378.5601079711,13443.216,11438.386484126999,3,108.57644535706136,13443.216,53608.835999999996,True,135.79571982660272,172.00724004420272,36.2115202176
lamf-test-a3da9951-7484-4541-a43a-d268b07d7f2b,"{<resource_manager.instance.CloudOnDemandInstance object at 0x131e0d810>: [(4, 13473.216, None)]}",322.8627978188001,139156.15884811044,13473.216,11457.997797357499,2,224.9655296116896,13873.752,139171.55884811044,False,341.7071438766101,,
lamf-test-a4d8ead1-b39f-46fe-9cfa-58d32f343ff0,"{<resource_manager.instance.CloudOnDemandInstance object at 0x131e0d310>: [(4, 13903.752, 21318.576), (1, 21318.576, None)]}",84.41713409588449,42657.24430454566,13903.752,11459.351745627499,1,27.255544908358054,14304.288,21330.700996611395,False,27.268762006091467,,
lamf-test-1393ec0f-c39a-48b5-8afc-5e45c5c5f7c7,"{<resource_manager.instance.CloudReservedInstance object at 0x131c43e00>: [(1, 14334.288, None)], <resource_manager.instance.CloudOnDemandInstance object at 0x131e0d310>: [(5, 14334.288, 37961.256)]}",354.69102159935267,139617.83027628763,14334.288,12001.7554326005,3,83.85366491748422,14334.288,37970.656554095905,False,83.86319725616235,,
lamf-test-98a6ab80-499b-4f3a-95f7-4dd7df820566,"{<resource_manager.instance.OnPremInstance object at 0x131c43620>: [(2, 14364.288, None)]}",105.87093398460661,43176.25006549957,14364.288,12002.7554326005,1,31.5002199406799,14364.288,23046.444,True,46.88060506502395,53.92357001222395,7.042964947199999
lamf-test-0b319882-7fad-4ae3-8912-b51a1940b68d,"{<resource_manager.instance.CloudReservedInstance object at 0x131c43e00>: [(1, 14394.288, None)], <resource_manager.instance.CloudOnDemandInstance object at 0x131e0d310>: [(1, 14394.288, None)]}",309.96889456321867,140017.34556604773,14394.288,12006.0964079175,3,151.8950490531599,14394.288,140032.74556604776,False,191.09963885625942,,
lamf-test-151fcd56-358d-466c-9e97-a24b8c315d14,"{<resource_manager.instance.CloudOnDemandInstance object at 0x131e0d310>: [(2, 14424.288, None)], <resource_manager.instance.CloudOnDemandInstance object at 0x131c663f0>: [(2, 14424.288, None)]}",286.90020368365816,139285.94164448927,14424.288,12007.0964079175,1,690.7112327933683,14824.824,127200.52098540656,True,829.0898564090527,1336.693425551708,507.60356914265526
lamf-test-0479ea03-d843-4f1c-b0bd-6f829a2c5a10,"{<resource_manager.instance.OnPremInstance object at 0x131c43620>: [(5, 14854.824, None)]}",326.10114994784385,139764.24613015156,14854.824,12008.499293810499,3,,14854.824,23296.477,True,64.19996197429461,81.3196342582946,17.119672283999996
lamf-test-724d0d5f-301b-4490-8457-7773ef64d695,"{<resource_manager.instance.CloudOnDemandInstance object at 0x131c66780>: [(2, 14884.824, None)], <resource_manager.instance.CloudOnDemandInstance object at 0x131c663f0>: [(3, 14884.824, 20768.04)]}",109.55462846539683,43121.88261683186,14884.824,12010.647465593498,2,34.971317208637785,15285.36,20779.40183448696,False,35.00220401210527,,
lamf-test-2674780b-0edf-4613-bd86-e3e24ce33fcb,"{<resource_manager.instance.OnPremInstance object at 0x131c43620>: [(5, 15315.36, 19287.504), (2, 19287.504, None), (1, 34890.72, None)]}",302.61464185285956,139495.8077759677,15315.36,12013.712860493499,1,136.51298562628335,15315.36,45812.00899999999,True,226.21556468172474,260.2174259881247,34.00186130639999
lamf-test-15ce12ce-cdd4-4322-97b9-e92908eec275,"{<resource_manager.instance.OnPremInstance object at 0x131c43620>: [(4, 15345.36, None), (1, 16296.432, None)]}",62.79223748275714,26286.01566207208,15345.36,12015.998390900499,2,13.281209009815326,15345.36,18591.685,True,16.480790973558975,22.678583270358978,6.197792296800001
lamf-test-6fdb4590-cea7-4d20-bffa-249d0757fa2a,"{<resource_manager.instance.CloudOnDemandInstance object at 0x131c663f0>: [(4, 15375.36, None)], <resource_manager.instance.CloudOnDemandInstance object at 0x131c43b60>: [(2, 15375.36, None)]}",88.08906902383775,43065.78859246316,15375.36,12018.442062419499,1,357.2553946307704,15775.896,43081.18859246316,False,394.7239503375236,,
lamf-test-e4ed1a21-f292-441c-946a-d7b9f0990c7d,"{<resource_manager.instance.OnPremInstance object at 0x131c43620>: [(2, 15805.896, None), (1, 29429.112, None)]}",297.2172710903451,139619.7998128952,15805.896,12020.434490546499,1,73.5606005019393,15805.896,44524.009,True,197.54332740132327,226.96195089012326,29.418623488799998
lamf-test-c777b76c-0cc3-4d24-b87d-dcc762dd2026,"{<resource_manager.instance.OnPremInstance object at 0x131c43620>: [(2, 15835.896, 18327.504), (1, 18327.504, None), (2, 25769.112, None), (1, 33710.184, None)]}",310.2741421688458,140176.55703054112,15835.896,12022.625694248498,1,149.14327173169065,15835.896,41392.98999999999,True,184.33997338200612,211.5067628604061,27.166789478399984
lamf-test-38f0df60-c850-46c3-8ecc-b21d5524ac44,"{<resource_manager.instance.CloudOnDemandInstance object at 0x131c43b60>: [(6, 15865.896, None)]}",82.2505270696069,43295.6554891825,15865.896,12023.625694248498,3,,16266.432,43311.0554891825,False,166.97944780094303,,
lamf-test-ecaffeb0-92d2-4398-a844-9e4844c48df5,"{<resource_manager.instance.OnPremInstance object at 0x131c43620>: [(3, 16296.432, 16906.968), (1, 16906.968, None), (3, 18507.504, None)]}",106.56838267415606,43188.43013169233,16296.432,12027.341576169498,1,29.903583846680355,16296.432,21736.028000000002,True,44.24492508936042,50.87496003336042,6.630034944000002
lamf-test-3c60492c-5568-42f7-a13b-d4f3117a23dc,"{<resource_manager.instance.OnPremInstance object at 0x131c43620>: [(6, 16446.432, None)]}",288.51703100665657,139771.27393306533,16446.432,12028.513018356498,2,,16446.432,23321.604693719884,True,29.713464159654936,46.44488442709165,16.73142026743671
lamf-test-04f3f31f-b20f-4cb7-a3dd-c0c2f380b4cc,"{<resource_manager.instance.CloudOnDemandInstance object at 0x131c43b60>: [(4, 16476.432, 18627.504), (2, 18627.504, None)]}",63.69847192731158,26128.30803357806,16476.432,12029.513018356498,3,8.724909879078258,16876.968,18639.653401359552,False,8.749549322097096,,
lamf-test-b6b347a8-b100-462f-bbd1-cdcde8345e59,"{<resource_manager.instance.OnPremInstance object at 0x131c43620>: [(4, 16906.968, 20888.04), (2, 20888.04, None), (1, 38741.256, None), (2, 40241.256, None)]}",310.4633474601291,139831.96896177178,16906.968,12041.275022341499,1,299.52778462240474,16906.968,55336.961,True,356.30683238269074,409.68754215469073,53.380709772
lamf-test-d4113937-9912-4267-ad39-f41249bcbcef,"{<resource_manager.instance.OnPremInstance object at 0x131c43620>: [(2, 16936.968, None)]}",44.164232744169574,26363.91272776608,16936.968,12042.275022341499,3,20.753347022587267,16936.968,24914.639000000006,True,24.2685253631455,30.740012078345504,6.471486715200005
lamf-test-198ba68c-5a75-4dd3-95a5-23cb4a91c31d,"{<resource_manager.instance.CloudReservedInstance object at 0x131e143b0>: [(2, 16966.968, None)], <resource_manager.instance.CloudOnDemandInstance object at 0x131c663f0>: [(3, 16966.968, 21378.576)]}",75.79076386942039,43214.04262646613,16966.968,12045.389292620499,2,26.223708728043324,16966.968,21386.281467589568,False,26.244655808669886,,
lamf-test-9bb4d80d-2aee-48e9-ac53-5a922312b6c8,"{<resource_manager.instance.OnPremInstance object at 0x131c43620>: [(6, 17146.968, None)]}",62.348183689222225,26244.764923662227,17146.968,12048.130554772999,2,21.44564136312211,17146.968,22675.589,True,23.89386990756929,37.34832197316929,13.454452065599998
lamf-test-8fdaa8c6-0ab8-4102-bf2c-7c6a5957696b,"{<resource_manager.instance.OnPremInstance object at 0x131c43620>: [(3, 17176.968, 21648.576), (2, 21648.576, None)]}",305.80076715201267,139447.75567979738,17176.968,12052.388250938498,3,55.239133013917396,17176.968,36088.409999999996,True,64.33111567419573,81.48576162939572,17.154645955199996
lamf-test-c89d3402-a23f-46ae-8720-cd373edbf82e,"{<resource_manager.instance.CloudOnDemandInstance object at 0x131c66780>: [(3, 17356.968, None)]}",59.063695813800784,26282.664576084044,17356.968,12053.7801926365,3,31.266913073237507,17757.504,26298.064576084045,False,40.79898049775972,,
lamf-test-d457b8b2-16f3-450b-ba2f-e7b966006e63,"{<resource_manager.instance.OnPremInstance object at 0x131c43620>: [(6, 17787.504, 23249.112), (1, 23249.112, None)]}",308.6020686022321,139665.28308422156,17787.504,12059.412015980499,1,85.98013963039016,17787.504,48473.753,True,156.95981238116968,180.4822959995697,23.5224836184
lamf-test-87f7683b-4f57-45f2-93ec-cd6117faec52,"{<resource_manager.instance.OnPremInstance object at 0x131c43620>: [(2, 17907.504, None)]}",62.86965238334432,26669.684329235803,17907.504,12606.2096658505,1,1.9438740588637917,17907.504,20313.851,True,12.99343197201307,14.945460658413069,1.9520286863999983
lamf-test-95f36198-5f8e-46dc-93db-fc5d6a810881,"{<resource_manager.instance.OnPremInstance object at 0x131c43620>: [(3, 18087.504, 25049.112), (2, 25049.112, None)]}",312.84764381313755,140418.97686557227,18087.504,12627.9853854265,2,60.33074210428111,18087.504,43454.363,True,72.49074821566992,95.89197244126993,23.401224225599996
lamf-test-067d037c-dcca-41c3-b8b9-a8b36009d0a4,"{<resource_manager.instance.OnPremInstance object at 0x131c43620>: [(4, 18447.504, None), (1, 19808.04, None)]}",61.80548621708826,26919.805851778772,18447.504,12630.6913228105,2,18.17526149909994,18447.504,22689.946,True,21.299149987752987,29.350988962152982,8.051838974399997
lamf-test-55d518fc-620c-44fe-a18a-2336d48b9fc1,"{<resource_manager.instance.OnPremInstance object at 0x131c43620>: [(3, 18477.504, None), (1, 20858.04, None)]}",83.99778340603386,44000.06254568191,18477.504,12634.790426990001,3,28.14798996121378,18477.504,25291.730000000003,True,37.837657616548796,47.9275124773488,10.089854860800004
lamf-test-64282f81-8a38-42e2-8686-39f8e7fadae5,"{<resource_manager.instance.OnPremInstance object at 0x131c43620>: [(5, 18627.504, None)]}",308.1387838586121,140462.43248220714,18627.504,12639.800943584502,2,,18627.504,23107.485,True,17.9279801240933,27.013381592093296,9.085401467999999
lamf-test-6ca33400-5b63-4867-9fb5-39d7d8646a8a,"{<resource_manager.instance.OnPremInstance object at 0x131c43620>: [(6, 19347.504, 19838.04), (2, 19838.04, None), (2, 24119.112, None), (1, 24929.112, None)]}",105.93846150050236,43905.96307295742,19347.504,12645.512962271501,1,39.58605703855807,19347.504,25888.902,True,52.65187268993837,60.57904482593837,7.927172135999995
lamf-test-e1a8ae4a-b274-4245-9dc7-b8b20b25f60b,"{<resource_manager.instance.CloudOnDemandInstance object at 0x131c43b60>: [(4, 19377.504, None)]}",307.3714712616934,140530.38284647517,19377.504,12655.325535596501,3,108.12266788348924,19778.04,140545.7828464752,False,491.4676557263171,,
lamf-test-5f552717-b86e-4e0e-9794-6b12cd0fea27,"{<resource_manager.instance.OnPremInstance object at 0x131c43620>: [(2, 19808.04, None), (3, 22109.112, None)]}",43.981392744961866,27444.87777909998,19808.04,13207.8959626465,2,17.8466856273362,19808.04,25424.253370162387,True,25.961429653491827,34.551165958581144,8.58973630508932
lamf-test-0ee69e3c-f7ac-4d00-b4dc-243374763ca6,"{<resource_manager.instance.OnPremInstance object at 0x131c43620>: [(2, 19838.04, None)]}",95.71047451977611,44442.966977973614,19838.04,13213.8844778455,3,,19838.04,22064.432000000004,True,6.772810099627358,8.57885929002736,1.8060491904000027
lamf-test-60d40a4b-09c7-4a73-b379-b1d85406ff0e,"{<resource_manager.instance.OnPremInstance object at 0x131c43620>: [(4, 19868.04, None), (1, 22439.112, None)]}",57.165191884420324,27513.069100802,19868.04,13214.8844778455,3,41.19596623317362,19868.04,27249.72,True,52.22804471822952,66.15526495502952,13.9272202368
lamf-test-87976d93-8677-4270-9b15-bf91d2c51eaa,"{<resource_manager.instance.OnPremInstance object at 0x131c43620>: [(3, 19898.04, 22409.112), (1, 22409.112, None), (1, 25409.112, None), (1, 32859.648, None)]}",311.39111778496914,140972.106662948,19898.04,13218.7010831645,2,44.42209844017981,19898.04,40800.318,True,92.7578249581394,112.7361794269394,19.9783544688
lamf-test-68fc4f1f-0368-4356-8862-a5c873470b2b,"{<resource_manager.instance.OnPremInstance object at 0x131c43620>: [(4, 19928.04, 23909.112), (2, 23909.112, None), (1, 37301.256, None)]}",313.35740939256686,141092.97509627245,19928.04,13235.8942545815,2,50.90584448511896,19928.04,40300.109,True,65.14291771397454,86.11452046997454,20.971602755999992
lamf-test-6ffd71d7-ab96-484d-939d-8341469b380b,"{<resource_manager.instance.OnPremInstance object at 0x131c43620>: [(3, 19958.04, 23939.112), (2, 23939.112, None), (4, 34470.72, None)]}",291.65416309527114,141082.67897767364,19958.04,13240.242595146501,3,109.43744467259867,19958.04,44644.89565772968,True,143.0549637940194,181.20224649387035,38.14728269985095
lamf-test-20e1ba49-4666-4d28-9ab3-d9b988f76cc5,"{<resource_manager.instance.OnPremInstance object at 0x131c43620>: [(6, 20828.04, 23339.112), (1, 23339.112, None), (1, 29309.112, None)]}",285.6765311197183,140627.8683527626,20828.04,13242.1364349635,1,56.32990371891399,20828.04,45669.28999999999,True,148.4017853829188,170.2055385957188,21.803753212799993
lamf-test-6012bbf1-8566-4834-b341-39822809aef2,"{<resource_manager.instance.CloudOnDemandInstance object at 0x131c66780>: [(2, 20888.04, None)], <resource_manager.instance.CloudOnDemandInstance object at 0x131c663f0>: [(3, 20888.04, None)]}",93.62462651407313,44449.34261548222,20888.04,13243.1364349635,1,233.34443805612597,21288.576,44464.74261548222,False,315.5753030895787,,
lamf-test-92b1912c-cdf4-4496-9665-6c2a64a15900,"{<resource_manager.instance.CloudReservedInstance object at 0x131e143b0>: [(2, 21378.576, None)], <resource_manager.instance.CloudOnDemandInstance object at 0x131e0d310>: [(3, 21378.576, 24149.112)]}",99.7921660649438,44595.049352510076,21378.576,13251.049866433501,3,12.642190280629706,21378.576,24160.79691724348,False,12.677736458265958,,
lamf-test-3d2e4ca8-d6e8-4002-a809-14108f6da5be,"{<resource_manager.instance.CloudReservedInstance object at 0x131e143b0>: [(2, 21498.576, None)], <resource_manager.instance.CloudReservedInstance object at 0x131e0d450>: [(1, 21498.576, None)], <resource_manager.instance.CloudOnDemandInstance object at 0x131e0d310>: [(1, 21498.576, None)], <resource_manager.instance.CloudOnDemandInstance object at 0x131c663f0>: [(1, 21498.576, 42101.256)]}",306.2018292174168,141011.13101081553,21498.576,13252.049866433501,2,155.30780850317234,21498.576,42111.973457203116,False,155.36685308470382,,
lamf-test-a7986f20-c88c-442a-a9bb-9d4e408bd120,"{<resource_manager.instance.OnPremInstance object at 0x131c43620>: [(4, 21648.576, None)]}",50.00049139574834,27360.976448287343,21648.576,13255.7852042515,1,12.162484143280858,21648.576,24282.349000000002,True,27.841999163434494,32.1150324786345,4.273033315200002
lamf-test-bf2ee2bb-aeee-4553-ba75-b56c3562dc59,"{<resource_manager.instance.CloudOnDemandInstance object at 0x131c663f0>: [(2, 21678.576, None)]}",94.73625576454592,44620.74413499312,21678.576,13256.7852042515,1,30.67290714122747,22079.112,44636.14413499311,False,123.96283653391976,,
lamf-test-404ab15a-5fdc-47da-96ca-6bf36dbfc057,"{<resource_manager.instance.OnPremInstance object at 0x131c43620>: [(4, 22109.112, None)]}",285.63536765098837,141164.02915705903,22109.112,13258.768675512501,2,45.56929330402383,22109.112,36744.422999999995,True,53.30416198738052,77.04849055378051,23.74432856639999
lamf-test-398c2e41-0ba6-4e76-8602-21bfa67e2257,"{<resource_manager.instance.OnPremInstance object at 0x131c43620>: [(5, 22649.112, None)]}",308.43937206382503,141675.1545514974,22649.112,13805.498587350501,2,23.890735550181354,22649.112,38741.6,True,64.39889031029594,97.03445597429592,32.63556566399999
lamf-test-58d64335-ff0b-41b5-93cb-bcafe6abca1b,"{<resource_manager.instance.OnPremInstance object at 0x131c43620>: [(6, 22709.112, 23519.112), (2, 23519.112, None)]}",83.27713277836911,45092.086769578455,22709.112,13807.1362584305,2,14.265838636864524,22709.112,32692.426,True,28.43807509366937,37.850683410469365,9.412608316799998
lamf-test-78749043-3668-43d0-99ce-4ee040f7f664,"{<resource_manager.instance.OnPremInstance object at 0x131c43620>: [(2, 22739.112, None), (2, 23219.112, None)]}",57.07835905715178,27935.27522691242,22739.112,13815.3779387585,2,6.361219237690909,22739.112,24644.36,True,9.053852660791717,11.755551015991717,2.701698355199999
lamf-test-59fd6bbc-b1e0-4afd-a720-743bb563c136,"{<resource_manager.instance.OnPremInstance object at 0x131c43620>: [(2, 22769.112, None)]}",321.20760313523465,141497.01876182534,22769.112,13818.1105238195,2,23.516220521169984,22769.112,40352.227,True,47.79916640877418,62.06258929677418,14.263422887999997
lamf-test-4cc1e286-0e7f-464c-8240-c10883a7da2a,"{<resource_manager.instance.OnPremInstance object at 0x131c43620>: [(4, 22799.112, 27269.112), (2, 27269.112, None), (3, 34710.72, None)]}",316.2330750787407,141412.62668170064,22799.112,13822.0719832085,3,49.83377595254392,22799.112,38196.390999999996,True,76.34279564985927,96.70049684745926,20.35770119759999
lamf-test-0aaede3d-34d4-43d5-b971-8a2a954407b0,"{<resource_manager.instance.OnPremInstance object at 0x131c43620>: [(2, 23129.112, None), (3, 46675.008, None)]}",291.4038438976179,141351.08959834417,23129.112,13823.0719832085,1,160.46837143509012,23129.112,51374.716,True,190.04541972773592,218.67685838693592,28.6314386592
lamf-test-a7598ecc-5cec-4bf9-9a0f-c71ca0dbae0e,"{<resource_manager.instance.OnPremInstance object at 0x131c43620>: [(6, 23249.112, 25739.112), (1, 25739.112, None)]}",294.2224632206372,141551.64166098923,23249.112,13826.1724632975,3,22.724161533196437,23249.112,36157.64599999999,True,38.57104570689785,48.856467097297845,10.285421390399996
lamf-test-5c0e0bc7-fda1-478e-8de8-178b5b80a83c,"{<resource_manager.instance.OnPremInstance object at 0x131c43620>: [(4, 23309.112, 24449.112), (2, 24449.112, None), (1, 32079.648, None)]}",109.02475346006189,45077.39492243729,23309.112,13827.1724632975,2,24.895445143100343,23309.112,32570.536,True,27.225938969628835,35.86267829122883,8.636739321599999
lamf-test-95c3a7f0-6def-4a58-8473-af92a11ec586,"{<resource_manager.instance.OnPremInstance object at 0x131c43620>: [(3, 23339.112, None), (2, 37961.256, None)]}",312.05091942501133,141806.46843920945,23339.112,13828.1724632975,1,269.53726306182983,23339.112,53560.551999999996,True,325.5609716328238,374.98856874002377,49.42759710719999
lamf-test-225e7631-1dba-46ce-9a30-f911bc78acd8,"{<resource_manager.instance.OnPremInstance object at 0x131c43620>: [(5, 23369.112, None)]}",48.6051907309817,28227.580536212896,23369.112,13829.1888664445,1,30.78713210130048,23369.112,26266.871674642924,True,38.12551705173211,44.002173671907954,5.876656620175846
lamf-test-19917d27-b721-40ad-a37a-4370c7a734bc,"{<resource_manager.instance.OnPremInstance object at 0x131c43620>: [(2, 23399.112, None)]}",301.1069329229973,141195.7450161792,23399.112,13834.425836475499,2,12.151559825845455,23399.112,42950.363,True,53.14948460774513,69.00945941894513,15.859974811199997
lamf-test-c5f3d318-ed60-437f-9c1e-4a6f0f18365e,"{<resource_manager.instance.OnPremInstance object at 0x131c43620>: [(5, 23429.112, 28889.112), (1, 28889.112, None), (1, 33860.184, None), (1, 36851.256, None)]}",302.37657057421836,141455.9186046821,23429.112,13836.216950627999,2,44.074292912839745,23429.112,39344.299999999996,True,59.249724328732825,77.79876467753282,18.54904034879999
lamf-test-68ff13a7-de65-4a50-8bee-581fe346b072,"{<resource_manager.instance.OnPremInstance object at 0x131c43620>: [(4, 23489.112, None)]}",316.0799972187193,141377.20011046116,23489.112,13853.480601546498,1,31.713438284280173,23489.112,28598.959,True,54.016939158871374,62.30715493167137,8.290215772799996
lamf-test-e3ac6e81-3f29-40d1-91c8-119f86b94741,"{<resource_manager.instance.OnPremInstance object at 0x131c43620>: [(2, 23519.112, None)]}",292.3170995981352,141763.4286210766,23519.112,13854.757116828498,2,51.330537462243576,23519.112,52322.43400000001,True,78.30095983581445,101.66621464221446,23.365254806400007
lamf-test-cd918581-b0d1-458e-92b2-5c59b3bd83b5,"{<resource_manager.instance.OnPremInstance object at 0x131c43620>: [(3, 23549.112, 25049.112), (2, 25049.112, None), (2, 37181.256, None)]}",301.10787935133226,141496.57519151425,23549.112,13855.757116828498,2,48.74778805599522,23549.112,40216.288,True,54.320825045438625,70.91165617503862,16.590831129599998
lamf-test-3231937d-3960-4134-90c2-f2e92cf6e932,"{<resource_manager.instance.OnPremInstance object at 0x131c43620>: [(2, 23579.112, None)]}",109.51414052886817,44841.44678388388,23579.112,13858.907091004497,2,19.846286345579077,23579.112,35618.34,True,32.728277248097015,42.49449900169701,9.766221753599996
lamf-test-5e0241b4-8be0-4af4-bde6-0b42fa40fc67,"{<resource_manager.instance.OnPremInstance object at 0x131c43620>: [(2, 23609.112, None), (2, 25349.112, None)]}",98.3173256377796,45064.279282427844,23609.112,13859.907091004497,3,5.2931781884553954,23609.112,25840.504,True,8.282862575100767,10.491584955900766,2.2087223808
lamf-test-d56ac58c-44ed-4cac-88e0-685510119191,"{<resource_manager.instance.OnPremInstance object at 0x131c43620>: [(2, 23909.112, None)]}",70.70390367140996,27922.980603369346,23909.112,13860.982185641498,2,5.953448773736364,23909.112,27938.380603369347,False,10.95344485195601,,
lamf-test-093fc8c1-409b-4af5-91bd-f1586aa318b7,"{<resource_manager.instance.OnPremInstance object at 0x131c43620>: [(6, 24329.112, None)]}",48.98947611555658,28017.863920545664,24329.112,13863.458890613498,1,9.445585215605751,24329.112,26465.519,True,33.63269062286104,38.83185069806104,5.199160075199998
lamf-test-412a625e-1641-430d-83ff-ad06d8ff7ded,"{<resource_manager.instance.CloudReservedInstance object at 0x131e143b0>: [(2, 24359.112, None)], <resource_manager.instance.CloudOnDemandInstance object at 0x131e0d310>: [(3, 24359.112, None)]}",48.58977843534464,28147.564312034767,24359.112,13865.875175774498,1,,24359.112,28162.96431203477,False,31.24314013991595,,
lamf-test-499e704f-e77f-4d06-942d-f6729f7df6df,"{<resource_manager.instance.OnPremInstance object at 0x131c43620>: [(3, 24449.112, None), (1, 40061.256, None)]}",295.12516285873096,141524.42764414355,24449.112,13866.875175774498,2,50.36137348924688,24449.112,45031.181,True,76.47742718176632,103.53749032096631,27.060063139199993
lamf-test-b31f9afe-254c-4126-a484-8628eb9333c1,"{<resource_manager.instance.OnPremInstance object at 0x131c43620>: [(6, 25049.112, None)]}",58.325064065435534,28585.344843172985,25049.112,14407.572346401497,1,30.2258726899384,25049.112,27778.629774769342,True,42.969821231824,49.61237568850267,6.64255445667867
lamf-test-893ff824-f1d2-4433-939e-c7c4d678a42b,"{<resource_manager.instance.CloudReservedInstance object at 0x131c662c0>: [(2, 25079.112, None)], <resource_manager.instance.CloudReservedInstance object at 0x131e0d450>: [(1, 109277.688, None)]}",291.47945752946964,142118.50307521218,25079.112,14410.212989199497,1,454.64285466575404,25079.112,120733.70020983434,True,533.926230671148,650.026510686946,116.10028001579802
lamf-test-9ad3c991-d587-4e6c-87f0-aa8b942b2b5d,"{<resource_manager.instance.OnPremInstance object at 0x131c43620>: [(6, 25469.112, 34470.72), (1, 34470.72, None)]}",294.2702271699325,142251.97163937846,25469.112,14411.212989199497,2,38.90359829529552,25469.112,43401.51711714985,True,57.02451114194184,82.55315568145781,25.52864453951598
lamf-test-50bd9009-28ec-4253-bcf7-ae2b62692323,"{<resource_manager.instance.OnPremInstance object at 0x131c43620>: [(3, 25739.112, None), (2, 27329.112, None)]}",96.71534015432012,45591.91896786513,25739.112,14412.929663284498,2,28.19587646414913,25739.112,32520.432,True,35.987506595697425,48.450215555697426,12.46270896
lamf-test-65b278d1-c75b-4135-b5aa-f825706c680d,"{<resource_manager.instance.OnPremInstance object at 0x131c43620>: [(4, 25889.112, None)]}",46.808209305960055,28640.928427035826,25889.112,14414.633059060498,1,13.319644079397673,25889.112,28656.328427035827,False,29.252649126015655,,
lamf-test-4e05654b-8014-4960-848f-0c1b470c0ee8,"{<resource_manager.instance.OnPremInstance object at 0x131c43620>: [(5, 25949.112, None)]}",119.66024806020059,45617.02838199905,25949.112,14415.633059060498,3,14.60187086470454,25949.112,29407.32083088789,True,26.30016602698219,33.31341353602283,7.013247509040637
lamf-test-2b6c6b3a-28c9-458c-9ffa-76aefcc26451,"{<resource_manager.instance.OnPremInstance object at 0x131c43620>: [(5, 26369.112, 37031.256), (2, 37031.256, None), (2, 43161.792, None)]}",317.28833254019617,142089.83525943058,26369.112,14416.633059060498,1,216.5073876340406,26369.112,51323.253000000004,True,261.5215172256446,301.3585903872446,39.8370731616
lamf-test-2f12deb2-00c6-45f2-bf9e-431fba73627e,"{<resource_manager.instance.OnPremInstance object at 0x131c43620>: [(6, 26489.112, None)]}",93.49967154984164,45704.608818095745,26489.112,14418.304209363498,1,69.5909158110883,26489.112,31914.223155604966,True,85.40558287400015,98.60813338228039,13.202550508280245
lamf-test-f9efe039-70ce-49b9-a1a8-bee3de1d2b34,"{<resource_manager.instance.OnPremInstance object at 0x131c43620>: [(5, 26549.112, 28049.112), (2, 28049.112, None), (1, 37001.256, None)]}",307.9037058422363,141566.4079431515,26549.112,14423.956554111497,3,68.71625827059091,26549.112,49142.41700000001,True,94.0417841660963,119.11912808369631,25.077343917600004
lamf-test-8f4c62d4-1881-4ae7-91f8-3b9d5e4e648b,"{<resource_manager.instance.CloudReservedInstance object at 0x131e143b0>: [(2, 27029.112, None)], <resource_manager.instance.CloudReservedInstance object at 0x131c662c0>: [(1, 27029.112, None)], <resource_manager.instance.CloudOnDemandInstance object at 0x131c66780>: [(3, 27029.112, None)]}",53.33256697567134,28553.01165118521,27029.112,14424.956554111497,2,,27029.112,28568.41165118521,False,12.273279793250936,,
lamf-test-920c97be-abc7-45c8-bf90-73719c07896c,"{<resource_manager.instance.OnPremInstance object at 0x131c43620>: [(3, 27329.112, None)]}",49.27955402462038,28631.59123270775,27329.112,14426.585643922997,2,1.1612815290538492,27329.112,28646.99123270775,False,4.251191140186582,,
lamf-test-915cb3ce-20ce-43ae-8b31-7f523a6333eb,"{<resource_manager.instance.OnPremInstance object at 0x131c43620>: [(2, 27359.112, None)]}",71.69092063889612,28465.309249396465,27359.112,14427.961934569998,3,3.194159251654118,27359.112,28480.709249396466,False,3.4119621245614584,,
lamf-test-eb592d2c-c121-4645-b005-4e7f00d8eb14,"{<resource_manager.instance.OnPremInstance object at 0x131c43620>: [(5, 27869.112, None)]}",65.43723826831173,28763.574024438814,27869.112,14429.760956476997,1,,27869.112,28778.974024438816,False,11.970958265108749,,
lamf-test-821bad57-9b5b-4590-ab6a-b75593f800f8,"{<resource_manager.instance.OnPremInstance object at 0x131c43620>: [(4, 27989.112, 32469.648), (1, 32469.648, None), (2, 37451.256, None), (2, 53056.08, None)]}",293.93899056747387,142291.1169076925,27989.112,14430.774529414997,3,106.04338580880675,27989.112,63968.06,True,189.03053312038935,239.43774021478936,50.40720709439999
lamf-test-2ec8c349-ada1-458e-a7a4-ab9b6322b2cf,"{<resource_manager.instance.OnPremInstance object at 0x131c43620>: [(4, 28049.112, None)]}",57.00450481534605,28587.95812490214,28049.112,14431.774529414997,2,,28049.112,28603.35812490214,False,2.0186537356576575,,
lamf-test-3d742955-a0c8-4cdc-8c38-f5e5804b4cff,"{<resource_manager.instance.CloudReservedInstance object at 0x131e143b0>: [(2, 28229.112, None)], <resource_manager.instance.CloudOnDemandInstance object at 0x131e0d310>: [(2, 28229.112, None)]}",303.65987588610506,142282.80954754743,28229.112,14443.320956012998,1,104.62954749410602,28229.112,59702.69746857176,True,231.38235571490378,356.338155270518,124.95579955561422
lamf-test-b18ea74a-e7ea-41d7-821c-d4f1a5e50746,"{<resource_manager.instance.CloudReservedInstance object at 0x131e143b0>: [(2, 28649.112, None)], <resource_manager.instance.CloudReservedInstance object at 0x131c662c0>: [(1, 28649.112, None)], <resource_manager.instance.CloudOnDemandInstance object at 0x131c66780>: [(1, 28649.112, 32319.648)]}",93.66823018165961,45363.52170269904,28649.112,14445.489419417998,3,22.331955281770476,28649.112,32328.606556324637,False,22.372833932578764,,
lamf-test-cf4eee4f-df46-4434-9c29-6bf0f44daf4d,"{<resource_manager.instance.OnPremInstance object at 0x131c43620>: [(6, 28889.112, None)]}",53.667029478259835,28546.47159901831,28889.112,14446.489419417998,2,,28889.112,28904.512000000002,False,0.06655648787945527,,
lamf-test-7c801ce0-8eb2-4e0d-9312-eaf55e74d22a,"{<resource_manager.instance.OnPremInstance object at 0x131c43620>: [(2, 28919.112, None), (2, 59416.08, None)]}",282.54429039316733,142156.84644398477,28919.112,14449.074649650998,2,82.90508527044618,28919.112,64880.36,True,112.61404514748008,146.21843346108008,33.6043883136
lamf-test-4d1918b0-1458-45e2-b527-a49166860d07,"{<resource_manager.instance.OnPremInstance object at 0x131c43620>: [(6, 28949.112, None)]}",99.90881249240506,45585.143444303976,28949.112,14450.074649650998,2,15.085572530959762,28949.112,34128.71199999999,True,22.385453546778788,34.99052810677877,12.605074559999979
lamf-test-4fd50982-b738-4cdf-bdb5-50cd3dff6874,"{<resource_manager.instance.OnPremInstance object at 0x131c43620>: [(2, 28979.112, None)]}",66.98837614575113,28686.46450623719,28979.112,14451.826198033998,2,,28979.112,28994.512000000002,False,0.04186443429933729,,
lamf-test-308f236e-0576-4952-874f-b146870f6d77,"{<resource_manager.instance.OnPremInstance object at 0x131c43620>: [(3, 29009.112, None)]}",296.126707886245,141988.49484482463,29009.112,14453.622168958998,3,,29009.112,41427.83699999999,True,56.667693360711795,71.77879794071178,15.11110457999999
lamf-test-17fee575-0b26-45f7-83d5-67d080c53e61,"{<resource_manager.instance.OnPremInstance object at 0x131c43620>: [(5, 29039.112, 34500.72), (2, 34500.72, None)]}",339.37001802300927,142278.16488682127,29039.112,14456.128864684999,3,41.53629933835273,29039.112,49375.781,True,86.7870743022283,109.92986480942831,23.1427905072
lamf-test-c8945c61-1ea7-4681-928a-edc22713889d,"{<resource_manager.instance.OnPremInstance object at 0x131c43620>: [(5, 29489.112, None)]}",305.7727422550137,142286.87122277214,29489.112,14459.344116064998,2,,29489.112,37155.347,True,30.678725804111316,46.22585038411132,15.54712458
lamf-test-416bbbfd-81e6-4f7c-9a56-8c0e7175f623,"{<resource_manager.instance.CloudOnDemandInstance object at 0x131c66780>: [(2, 29519.112, None)], <resource_manager.instance.CloudOnDemandInstance object at 0x131e0d310>: [(1, 29519.112, 42731.256)]}",318.1012839054559,142121.3607484938,29519.112,14463.687325033998,2,52.779159174137504,29919.648,42743.2011462339,False,52.81163169294951,,
lamf-test-3e7fd149-2562-452d-b778-aa63ebe3ca13,"{<resource_manager.instance.CloudReservedInstance object at 0x131c662c0>: [(1, 29949.648, None)], <resource_manager.instance.CloudReservedInstance object at 0x131c43e00>: [(1, 29949.648, None)]}",306.14407437283273,142173.0210309189,29949.648,14464.687325033998,2,,29949.648,84113.20478134605,True,202.51593572382706,273.4268642619653,70.91092853813825
lamf-test-e18205c9-e6f7-4d1b-94fe-6bdf96998c05,"{<resource_manager.instance.OnPremInstance object at 0x131c43620>: [(6, 31929.648, None)]}",110.9772195614234,45686.911377146076,31929.648,14467.920941651997,1,60.94933880903491,31929.648,36963.028,True,79.23869952087607,91.48793308887606,12.249233567999994
lamf-test-55230e23-b521-4f16-a8cb-73a7c6580475,"{<resource_manager.instance.CloudReservedInstance object at 0x131e143b0>: [(2, 32319.648, None)], <resource_manager.instance.CloudReservedInstance object at 0x131c662c0>: [(1, 32319.648, None), (1, 110687.688, None)], <resource_manager.instance.CloudReservedInstance object at 0x131c43e00>: [(1, 32319.648, 42281.256)], <resource_manager.instance.CloudReservedInstance object at 0x131e0d450>: [(1, 110687.688, None)], <resource_manager.instance.CloudReservedInstance object at 0x131e0d1d0>: [(3, 110687.688, None)]}",312.3489385286271,142592.47093489364,32319.648,15026.822235398497,2,625.3119341080367,32319.648,142607.87093489367,False,718.503692650403,,
lamf-test-56207b5b-5fb7-4cc8-b917-b36e1b064de2,"{<resource_manager.instance.OnPremInstance object at 0x131c43620>: [(5, 32589.648, 39551.256), (1, 39551.256, None)]}",317.0752713451876,142744.96531947854,32589.648,15029.003137895996,2,27.85895070888223,32589.648,57618.598000000005,True,64.51824611755872,85.96450105675872,21.446254939200003
lamf-test-2148cf4d-7170-4032-92ad-bc67bc5cec9e,"{<resource_manager.instance.OnPremInstance object at 0x131c43620>: [(3, 32619.648, 40571.256), (2, 40571.256, None), (3, 53986.08, None)]}",290.5571510371029,142478.69000335032,32619.648,15037.095872366996,3,77.09251197809718,32619.648,58956.925,True,114.8964894668796,145.53498497007962,30.638495503200005
lamf-test-6f91592c-afdd-4bec-8b7a-080c324249f5,"{<resource_manager.instance.OnPremInstance object at 0x131c43620>: [(5, 32769.648, None), (1, 33740.184, None)]}",112.19170754417485,46185.50750858872,32769.648,15040.192063193996,3,52.47412274697695,32769.648,40140.74694605998,True,65.79368419858527,83.33834119211684,17.544656993531568
lamf-test-58f4bde2-1252-4878-b4ed-54f9ec3d6ddb,"{<resource_manager.instance.CloudReservedInstance object at 0x131c662c0>: [(1, 32799.648, None)], <resource_manager.instance.CloudReservedInstance object at 0x131c66520>: [(1, 32799.648, None)], <resource_manager.instance.CloudOnDemandInstance object at 0x131c66780>: [(1, 32799.648, 68767.152), (1, 94307.688, None)], <resource_manager.instance.CloudReservedInstance object at 0x131c43e00>: [(1, 124937.688, None)]}",306.6623561408906,142882.57512369836,32799.648,15047.431359491995,3,311.51352041980374,32799.648,138062.2477874811,True,374.7291352858621,738.731532672802,364.0023973869399
lamf-test-9fd69545-924f-4ce5-9308-d2123ccec4dc,"{<resource_manager.instance.CloudOnDemandInstance object at 0x131c66780>: [(3, 33249.648, None)]}",61.631240803228884,29170.35938075314,33249.648,15048.431359491995,1,,33650.184,33665.583999999995,False,3.3214145562399726,,
lamf-test-927fb6c3-ba3c-488b-96a5-466be1c02fa9,"{<resource_manager.instance.CloudOnDemandInstance object at 0x131c66780>: [(3, 34040.184, None)], <resource_manager.instance.CloudOnDemandInstance object at 0x131e0d810>: [(3, 34040.184, None)]}",330.8093779162473,142618.60262170315,34040.184,15055.796319867995,1,643.1525694729637,34440.72,132172.86339078026,True,1186.637464684315,2055.2883161156237,868.6508514313085
lamf-test-1e5c4d41-c6bb-47f9-a0f9-f492c659a647,"{<resource_manager.instance.OnPremInstance object at 0x131c43620>: [(6, 34470.72, 36971.256), (1, 36971.256, None)]}",295.19389174920065,142857.09704941645,34470.72,15057.796419849996,3,22.820314852840518,34470.72,50360.508,True,43.18574492356833,54.70172994436833,11.5159850208
lamf-test-5fc71200-6539-46cf-9073-1ac0b6be235f,"{<resource_manager.instance.CloudReservedInstance object at 0x131e0d1d0>: [(3, 34830.72, None)], <resource_manager.instance.CloudOnDemandInstance object at 0x131c66780>: [(2, 34830.72, 57196.08)]}",298.6298021940167,142537.66267981543,34830.72,15067.175263068995,2,106.17968540295831,34830.72,57207.25939708132,False,106.20236880708578,,
lamf-test-d81a676f-ccce-4b38-95bc-838588f989f1,"{<resource_manager.instance.CloudOnDemandInstance object at 0x131c66780>: [(2, 34920.72, None), (1, 43161.792, None)], <resource_manager.instance.CloudOnDemandInstance object at 0x131e0d810>: [(1, 34920.72, None)]}",93.67827368323229,46120.87151283537,34920.72,15070.562124147995,1,57.03380880675336,35321.256,46136.27151283537,False,85.98911929750754,,
lamf-test-bff6c6c8-6ce7-4a14-8d30-c8d69887c972,"{<resource_manager.instance.OnPremInstance object at 0x131c43620>: [(4, 35711.256, None)]}",62.55972404682857,29652.35300361272,35711.256,15617.778850752995,2,,35711.256,35726.655999999995,False,0.05608928259914327,,
lamf-test-8aea85bd-3d6c-4aba-b7de-dd2346b0e93e,"{<resource_manager.instance.OnPremInstance object at 0x131c43620>: [(6, 35771.256, None)]}",302.51103083949494,143258.72999118408,35771.256,15625.061520357995,1,241.8829240246407,35771.256,54310.394657729674,True,291.85502335919404,336.971871196645,45.11684783745093
lamf-test-f3f23406-4146-4e8a-b0d6-831939b9a4ea,"{<resource_manager.instance.OnPremInstance object at 0x131c43620>: [(5, 36191.256, None)]}",57.3172776265575,29659.42847759224,36191.256,15626.100228171994,1,,36191.256,36206.655999999995,False,0.20261616852984965,,
lamf-test-232b6ce2-ea24-476c-b62f-210ae1decc5b,"{<resource_manager.instance.OnPremInstance object at 0x131c43620>: [(4, 36311.256, 41291.256), (1, 41291.256, None)]}",311.1617610976437,143356.6823471588,36311.256,15627.100228171994,2,48.33981320969315,36311.256,72042.104,True,80.53255416611889,101.08465011491889,20.5520959488
lamf-test-28862540-93f6-42de-8ec4-72cbed9815ad,"{<resource_manager.instance.OnPremInstance object at 0x131c43620>: [(6, 36791.256, 41291.256), (1, 41291.256, None), (4, 51706.08, None)]}",315.0001679546882,143047.97631790114,36791.256,15628.436280274995,3,87.25351585671913,36791.256,57795.4782212429,True,103.21973550264579,130.74448770972637,27.524752207080592
lamf-test-5c2155b4-aa4a-428b-9192-860339f49ef5,"{<resource_manager.instance.OnPremInstance object at 0x131c43620>: [(2, 36971.256, 40961.256), (1, 40961.256, None), (4, 55846.08, None)]}",326.1375748222798,143412.09672564603,36971.256,15637.387151017994,3,34.7780424366872,36971.256,63796.042,True,95.23862499049356,120.63512054089355,25.396495550399997
lamf-test-8d46ff55-9a1d-4004-b52e-0bb94df560fe,"{<resource_manager.instance.OnPremInstance object at 0x131c43620>: [(3, 37031.256, None)]}",314.6188735020299,143317.143750705,37031.256,15641.293263280993,1,35.69472963723477,37031.256,56590.207,True,156.18601072324893,179.98534230004893,23.799331576800004
lamf-test-b036c054-ee21-47f6-aca9-95247c096cfe,"{<resource_manager.instance.OnPremInstance object at 0x131c43620>: [(6, 37061.256, None)]}",40.69689972228568,29881.802114747006,37061.256,15644.424799477993,3,,37061.256,37076.655999999995,False,0.14054300707272807,,
lamf-test-12047e13-b691-4e4d-bcc8-16e2900e16aa,"{<resource_manager.instance.OnPremInstance object at 0x131c43620>: [(3, 37091.256, None)]}",306.19560311302496,143048.63355991617,37091.256,15645.424799477993,1,167.73188227241616,37091.256,65736.86,True,228.74655258955053,263.60252353675054,34.8559709472
lamf-test-e050ad2a-f776-4985-ad86-c1f9e8bbb5cd,"{<resource_manager.instance.OnPremInstance object at 0x131c43620>: [(3, 37121.256, 39131.256), (2, 39131.256, None), (2, 52516.08, None), (1, 56506.08, None), (1, 63686.616, None)]}",326.0139069441622,143139.09436485055,37121.256,15648.062915672992,3,128.77378964179783,37121.256,67667.905,True,165.10770704996577,209.13561219716576,44.02790514719999
lamf-test-5a75690c-b8ed-48d0-b610-f947c287d86c,"{<resource_manager.instance.OnPremInstance object at 0x131c43620>: [(5, 37211.256, None)]}",56.45454017440447,29813.458002314364,37211.256,15661.415346128992,3,,37211.256,37226.655999999995,False,0.11711917256060674,,
lamf-test-62ab7363-ee6e-4e41-9bd6-da86db171176,"{<resource_manager.instance.CloudReservedInstance object at 0x131c43e00>: [(1, 37991.256, None)], <resource_manager.instance.CloudOnDemandInstance object at 0x131e0d310>: [(5, 37991.256, None)]}",317.6880653321237,143538.27065505943,37991.256,15665.566638242992,3,336.68721271579585,37991.256,143553.67065505945,False,374.64795933045156,,
lamf-test-e000b273-6e93-45bd-85e3-de8e007da692,"{<resource_manager.instance.OnPremInstance object at 0x131c43620>: [(3, 38051.256, 45003.936), (2, 45003.936, None), (2, 71797.152, None)]}",284.69120725614476,144145.01644554126,38051.256,16214.225248430992,3,137.50775268081222,38051.256,78716.03,True,155.32737698684306,196.74724249724306,41.419865510399994
lamf-test-62c9483c-2445-4359-99d9-4d8c66a14529,"{<resource_manager.instance.OnPremInstance object at 0x131c43620>: [(3, 38231.256, 42701.256), (2, 42701.256, None)]}",345.02192360533996,143969.273915324,38231.256,16243.975643279991,2,14.419245652418628,38231.256,49654.163,True,33.320513073904,44.399807232304,11.0792941584
lamf-test-1f9296c3-4641-4962-ac2a-3bdd3909621e,"{<resource_manager.instance.OnPremInstance object at 0x131c43620>: [(2, 38261.256, None)]}",333.675220822951,144078.5737307131,38261.256,16245.941368304992,2,,38261.256,46702.909,True,22.9483784023552,29.7962473159552,6.847868913599998
lamf-test-9673f22e-b964-4aa7-bb78-d1e21e110802,"{<resource_manager.instance.OnPremInstance object at 0x131c43620>: [(3, 38291.256, None)]}",52.254300807909324,30401.571212338145,38291.256,16246.941368304992,1,,38291.256,38306.655999999995,False,0.12297513118863707,,
lamf-test-5f1a507d-a26f-433c-85e6-51ac89f0d432,"{<resource_manager.instance.OnPremInstance object at 0x131c43620>: [(4, 38351.256, None)]}",64.02975273459877,30525.511403989618,38351.256,16249.737023391992,3,,38351.256,38366.655999999995,False,0.09369533804848537,,
lamf-test-b2a69e4a-f75e-4751-ad43-b2adf397fd45,"{<resource_manager.instance.OnPremInstance object at 0x131c43620>: [(5, 38771.256, None)]}",99.34731245959347,47539.49955155317,38771.256,16260.603202863493,1,39.47068218115445,38771.256,43164.28954779911,True,57.798676992109364,66.70774902704596,8.909072034936594
lamf-test-396956b2-43cb-496d-8f0c-0ee7a61c67dd,"{<resource_manager.instance.OnPremInstance object at 0x131c43620>: [(2, 38801.256, None), (1, 41201.256, None)]}",82.48316532935924,47490.29413012761,38801.256,16270.606939542993,1,12.959160392425279,38801.256,43735.774,True,33.776556696326686,38.80743819872668,5.030881502399995
lamf-test-2b83bd20-9a87-454f-8bc9-f6503da1f9d0,"{<resource_manager.instance.OnPremInstance object at 0x131c43620>: [(3, 38891.256, None), (1, 40631.256, None), (2, 42401.256, None)]}",93.14423892083788,47919.997373155544,38891.256,16825.10783019999,2,36.38340317318844,38891.256,46100.63715560496,True,44.41012164961724,58.40181562989748,13.991693980280237
lamf-test-33fae0e0-9739-4c13-8834-0589e7587a07,"{<resource_manager.instance.CloudReservedInstance object at 0x131e0d450>: [(2, 38921.256, None)]}",87.86109604520695,48050.43015496158,38921.256,16826.94843450999,2,,38921.256,48065.83015496157,False,18.55467424778278,,
lamf-test-e5f8465a-4435-4b7a-801a-354ef982dcda,"{<resource_manager.instance.OnPremInstance object at 0x131c43620>: [(3, 39371.256, None)]}",304.6031866584939,144631.7412994126,39371.256,16835.29258674999,1,71.49927446954142,39371.256,65886.233,True,211.73264772986533,243.99607174346534,32.263424013599995
lamf-test-fd51a7dd-bca8-4714-a851-595e00860b67,"{<resource_manager.instance.OnPremInstance object at 0x131c43620>: [(3, 39551.256, None), (1, 40691.256, None), (1, 43622.328, None)]}",86.19568247701017,48114.63802551997,39551.256,16840.47945431499,3,23.03488934519735,39551.256,44900.852,True,32.75824473343978,41.493614618239775,8.735369884799995
lamf-test-56707fec-34cd-4c0e-a454-d4551f611032,"{<resource_manager.instance.OnPremInstance object at 0x131c43620>: [(4, 40211.256, 45674.472), (1, 45674.472, None)]}",312.7950515260771,144659.08405074055,40211.256,16841.47945431499,3,33.23882272416153,40211.256,63741.87900000001,True,60.719858544376,76.91152046197601,16.1916619176
lamf-test-f14e2551-1aeb-4008-9226-cf172ac76d45,"{<resource_manager.instance.OnPremInstance object at 0x131c43620>: [(2, 40271.256, None), (1, 42221.256, None)]}",113.07976716267329,48040.76087800592,40271.256,16848.231613375992,2,5.301016031409091,40271.256,45081.096,True,18.878124180028024,23.93981749202802,5.061693311999996
lamf-test-3bd57c11-f664-4998-9d53-96c6dc4f87c4,"{<resource_manager.instance.OnPremInstance object at 0x131c43620>: [(4, 40331.256, None), (1, 56416.08, None)]}",326.99178124993756,144867.63327123204,40331.256,16858.75646981599,1,286.3654428473648,40331.256,68300.1394424858,True,329.1037339628489,379.3006249698101,50.1968910069612
lamf-test-43098e09-15cf-41fe-b455-41529b19decc,"{<resource_manager.instance.OnPremInstance object at 0x131c43620>: [(4, 40571.256, None)]}",67.69762432994189,30919.57557191232,40571.256,16864.258152787992,1,,40571.256,40586.655999999995,False,0.16279564985924336,,
lamf-test-79b31340-0554-44ef-87de-f4504dbdfc60,"{<resource_manager.instance.OnPremInstance object at 0x131c43620>: [(6, 40811.256, None)]}",304.54338810954675,144315.53847314513,40811.256,16865.258152787992,1,85.0608952772074,40811.256,49891.55481086974,True,142.94789366872277,165.04570885485538,22.0978151861326
lamf-test-e846f77b-9785-4a57-980e-5e6be4c30da6,"{<resource_manager.instance.OnPremInstance object at 0x131c43620>: [(3, 40871.256, None), (2, 54496.08, None)]}",318.0816768556553,144757.24444037033,40871.256,16870.272293897993,3,150.62716860597763,40871.256,68617.70226549148,True,169.5681547303329,214.7854905279496,45.21733579761671
lamf-test-1bfc2de0-7e2f-450e-9736-96acfe81a2a7,"{<resource_manager.instance.OnPremInstance object at 0x131c43620>: [(5, 41291.256, None)]}",88.34113338193856,48692.52882684309,41291.256,17420.47234649999,1,37.51830435774583,41291.256,46074.284,True,62.92979268385426,72.62977346785425,9.699980783999996
lamf-test-ff8adf42-1018-4980-bdfd-c498e4f1b637,"{<resource_manager.instance.OnPremInstance object at 0x131c43620>: [(2, 41321.256, None)]}",50.99968955238831,31521.17891034951,41321.256,17426.246685635993,1,,41321.256,41336.655999999995,False,0.08315461251803077,,
lamf-test-9655ffad-b7de-4846-8625-1393b7fdfd45,"{<resource_manager.instance.OnPremInstance object at 0x131c43620>: [(3, 41351.256, None), (1, 54976.08, None)]}",323.69507710357215,145103.74514672742,41351.256,17428.466937842994,1,108.79964407939768,41351.256,60442.69799999999,True,167.8352936344968,193.28302052089677,25.447726886399984
lamf-test-d1831f12-882c-4e14-bb62-b9776ced5649,"{<resource_manager.instance.OnPremInstance object at 0x131c43620>: [(3, 41411.256, None)]}",62.263052342770514,31559.737749428867,41411.256,17430.225730346992,3,,41411.256,41426.655999999995,False,0.07027150353636404,,
lamf-test-9c4c82a6-08d5-47bd-9589-83ce8af6f468,"{<resource_manager.instance.OnPremInstance object at 0x131c43620>: [(6, 41531.256, 46675.008), (1, 46675.008, None)]}",291.9040113839834,145138.05394349666,41531.256,17431.225730346992,3,46.942751540041066,41531.256,63036.043000000005,True,71.82834740284432,90.98221806604431,19.153870663200003
lamf-test-0d7701be-3ce7-49c1-9391-e93bc28aface,"{<resource_manager.instance.CloudReservedInstance object at 0x131e143b0>: [(2, 42101.256, None)]}",74.93798997685712,31628.2604395627,42101.256,17450.825280630994,3,,42101.256,42116.655999999995,False,0.046847669024242686,,
lamf-test-df81467a-4b45-4bf0-9c71-c38863eca94a,"{<resource_manager.instance.CloudReservedInstance object at 0x131e0d450>: [(1, 42131.256, None)], <resource_manager.instance.CloudOnDemandInstance object at 0x131e0d310>: [(1, 42131.256, None)], <resource_manager.instance.CloudOnDemandInstance object at 0x131c663f0>: [(1, 42131.256, None)]}",90.94794091988545,48655.51874053516,42131.256,17455.692723018994,2,,42131.256,48670.918740535155,False,31.51962806109703,,
lamf-test-a691c5b1-12d1-40f2-af64-e72afc904125,"{<resource_manager.instance.CloudReservedInstance object at 0x131e143b0>: [(4, 42281.256, None)], <resource_manager.instance.CloudReservedInstance object at 0x131c662c0>: [(1, 42281.256, None)]}",99.92248787916859,48609.16982475355,42281.256,17456.692723018994,3,,42281.256,48624.56982475355,False,48.2417965225762,,
lamf-test-08f07093-2907-4ba0-a255-32c22f0fcc78,"{<resource_manager.instance.CloudOnDemandInstance object at 0x131c66780>: [(1, 42731.256, None)], <resource_manager.instance.CloudOnDemandInstance object at 0x131e0d810>: [(2, 42731.256, None)]}",298.09142219625704,145152.530029661,42731.256,17461.299975751994,3,40.169819758156514,43131.792,60407.42952831187,True,53.771917342191394,118.6682208340356,64.8963034918442
lamf-test-2809816c-7bfc-46e3-bb73-0ce9925ea853,"{<resource_manager.instance.CloudOnDemandInstance object at 0x131e0d810>: [(2, 43161.792, None)]}",50.90207279429441,32178.628073679938,43161.792,18014.845218808994,1,,43562.328,43577.727999999996,False,1.1704032245797997,,
lamf-test-327a626d-9865-47f8-8ba0-52996ec1940c,"{<resource_manager.instance.OnPremInstance object at 0x131c43620>: [(4, 43592.328, None)]}",74.39841740073138,32158.416666193003,43592.328,18019.105385431994,1,,43592.328,43607.727999999996,False,0.16279564985924336,,
lamf-test-44149545-c52b-4763-ae20-c3268c37dc6f,"{<resource_manager.instance.CloudOnDemandInstance object at 0x131e0d810>: [(2, 43622.328, None)], <resource_manager.instance.CloudOnDemandInstance object at 0x131e0d310>: [(1, 43622.328, None)], <resource_manager.instance.CloudOnDemandInstance object at 0x131c663f0>: [(3, 43622.328, None)]}",109.24225266973586,49098.803128396,43622.328,18022.745180035996,2,,44022.864,49114.203128395995,False,35.86795651757535,,
lamf-test-457a1c73-20e1-45f7-a144-19901295fb3b,"{<resource_manager.instance.OnPremInstance object at 0x131c43620>: [(4, 44052.864, None)]}",49.05334152829353,32192.929043727432,44052.864,18031.091683936997,1,,44052.864,44068.263999999996,False,0.16279564985924336,,
lamf-test-dd9abd19-48be-42ba-b1bc-fa915a5dcef1,"{<resource_manager.instance.OnPremInstance object at 0x131c43620>: [(4, 44082.864, 47575.008), (2, 47575.008, None)]}",320.9475259671587,145708.74226060475,44082.864,18032.091683936997,2,65.27280026274207,44082.864,78323.48500000002,True,96.30775628987269,126.9165752578727,30.60881896800001
lamf-test-6f2e770b-ffa0-4b22-be2e-700e1acc453c,"{<resource_manager.instance.OnPremInstance object at 0x131c43620>: [(6, 44112.864, 46124.472), (1, 46124.472, None), (2, 52096.08, None)]}",314.03861715723247,145540.3653268499,44112.864,18033.924565206496,3,27.441259411362083,44112.864,54588.053,True,38.812343143965315,49.16210932396531,10.349766179999998
lamf-test-32172143-1bae-4833-a5f0-e53bac6ac6d4,"{<resource_manager.instance.CloudOnDemandInstance object at 0x131c663f0>: [(1, 44142.864, None)], <resource_manager.instance.CloudOnDemandInstance object at 0x131c43b60>: [(5, 44142.864, None)]}",101.07515126388836,49218.331488509335,44142.864,18034.924565206496,1,,44543.4,49233.73148850933,False,59.36570701737244,,
lamf-test-3b06725f-04eb-4610-a2d8-34a69a9c127f,"{<resource_manager.instance.CloudOnDemandInstance object at 0x131c66780>: [(2, 44573.4, None)], <resource_manager.instance.CloudOnDemandInstance object at 0x131c663f0>: [(3, 44573.4, None)]}",123.85755114021583,49264.79310258007,44573.4,18053.363808775495,3,,44973.936,49280.193102580066,False,35.79582555768548,,
lamf-test-73802176-7b43-45cb-be2f-758b39305344,"{<resource_manager.instance.OnPremInstance object at 0x131c43620>: [(4, 45003.936, None)]}",57.80879755607951,32212.431051768377,45003.936,18055.161579397496,3,,45003.936,45019.335999999996,False,0.09369533804848537,,
lamf-test-bfb0cddb-1544-48a4-b06e-9eadc91468fd,"{<resource_manager.instance.OnPremInstance object at 0x131c43620>: [(6, 45033.936, None)]}",95.51732021748852,49336.701386811226,45033.936,18057.118110652496,2,9.81523221047766,45033.936,48540.17662863496,True,15.153445578063256,23.68623277190929,8.532787193846033
lamf-test-3e227187-9182-4a9b-bf09-75d5b5a39b59,"{<resource_manager.instance.OnPremInstance object at 0x131c43620>: [(2, 45063.936, None), (2, 58186.08, None)]}",320.9833484047092,145848.88745100203,45063.936,18060.539611150496,2,64.92580046031082,45063.936,72715.27799999999,True,114.66652243768836,148.88337648568836,34.21685404799999
lamf-test-0fdcad07-bf2d-4d92-8354-0c4ee7d909cf,"{<resource_manager.instance.OnPremInstance object at 0x131c43620>: [(6, 45093.936, None)]}",57.46774388158159,32157.579172295314,45093.936,18061.539611150496,1,,45093.936,45109.335999999996,False,0.24243668720045594,,
lamf-test-f86b8860-b2ed-456c-9f30-6f6a9139ebf4,"{<resource_manager.instance.OnPremInstance object at 0x131c43620>: [(5, 45123.936, None), (1, 60956.616, None)]}",305.1378797801942,146150.04797554528,45123.936,18064.179368987498,3,165.40667122975134,45123.936,68095.977,True,185.56478211270817,235.04780608230817,49.48302396959999
lamf-test-a37f5b70-4c4f-44b3-a817-99539c326610,"{<resource_manager.instance.CloudOnDemandInstance object at 0x131c663f0>: [(2, 45153.936, None)], <resource_manager.instance.CloudOnDemandInstance object at 0x131c43b60>: [(2, 45153.936, None)]}",57.694188998700625,32151.88007013209,45153.936,18065.179368987498,3,,45554.472,45569.871999999996,False,2.108834638882522,,
lamf-test-a0961e5f-36f8-49a0-be25-041d077e1525,"{<resource_manager.instance.OnPremInstance object at 0x131c43620>: [(2, 45584.472, None), (2, 54736.08, None)]}",302.7913218356865,145808.23161635775,45584.472,18067.778220447497,2,24.878369600600866,45584.472,57230.079,True,38.43809132502981,49.908139712229804,11.470048387199995
lamf-test-e9e3c180-3644-4ec5-bd7f-fb857cf9758f,"{<resource_manager.instance.OnPremInstance object at 0x131c43620>: [(5, 45614.472, None)]}",277.1468078662494,146368.81213931748,45614.472,18617.4091478645,1,,45614.472,50094.452999999994,True,58.94263540953675,68.02803687753674,9.085401467999985
lamf-test-9329565e-0cc9-410e-9937-6b7537e158ae,"{<resource_manager.instance.OnPremInstance object at 0x131c43620>: [(6, 45674.472, None)]}",289.93639360238836,146235.36150419718,45674.472,18621.1413116285,1,,45674.472,54826.333999999995,True,144.07448733744002,166.34645870064,22.271971363199988
lamf-test-f542227f-df52-4f0c-ae96-9700636101a5,"{<resource_manager.instance.OnPremInstance object at 0x131c43620>: [(6, 45854.472, None)]}",98.85116440229747,49805.361005454775,45854.472,18624.8717523035,3,22.272744695414097,45854.472,49820.76100545477,False,36.19702491859245,,
lamf-test-9aa73522-f6c8-49a8-a56a-28cd17720766,"{<resource_manager.instance.OnPremInstance object at 0x131c43620>: [(6, 46124.472, None)]}",99.02000673984057,49868.7875761186,46124.472,18631.0460154965,1,25.196665297741273,46124.472,48880.62,True,43.38905133470227,50.09641310750228,6.707361772800003
lamf-test-20435df7-63e4-419e-8d22-d33076e8dcf2,"{<resource_manager.instance.OnPremInstance object at 0x131c43620>: [(2, 46154.472, None), (1, 54346.08, None)]}",307.8323914198774,146369.9152200709,46154.472,18641.7301293545,2,22.268638631291775,46154.472,61802.15099999999,True,57.666381977346546,73.38396157974654,15.717579602399987
lamf-test-79eb9a19-2e44-423f-814a-791df0f7734e,"{<resource_manager.instance.OnPremInstance object at 0x131c43620>: [(2, 46184.472, None)]}",110.61449386789155,49740.00640475213,46184.472,18644.467606125498,3,3.865042208532968,46184.472,49755.406404752124,False,10.862983967608555,,
lamf-test-7f97cbae-fe7b-4dba-87f8-0ca2882583a5,"{<resource_manager.instance.OnPremInstance object at 0x131c43620>: [(4, 46214.472, None), (2, 47815.008, None)]}",101.33638951109616,49788.62024356774,46214.472,18674.883159150497,2,10.02742656929512,46214.472,49819.93389211996,False,18.582003847618367,,
lamf-test-6c201a0a-e193-4746-b7c6-ff82b4d5eeef,"{<resource_manager.instance.CloudOnDemandInstance object at 0x131c66780>: [(3, 46244.472, None)], <resource_manager.instance.CloudOnDemandInstance object at 0x131e0d810>: [(1, 46244.472, None)], <resource_manager.instance.CloudOnDemandInstance object at 0x131c663f0>: [(2, 46244.472, None)]}",319.4947582934635,147065.5863197523,46244.472,19220.673034545496,2,663.0280664525599,46645.008,147080.98631975232,False,752.1095773747375,,
lamf-test-4b6bc7a8-825f-4ed7-a11d-b9402493f256,"{<resource_manager.instance.OnPremInstance object at 0x131c43620>: [(2, 46675.008, None)]}",315.0940754980354,146902.32417821465,46675.008,19224.692666355495,2,17.59141354482179,46675.008,63757.914,True,46.43936336874591,60.2970167159459,13.857653347199996
lamf-test-0c64519c-480b-40a3-83cb-e32930215173,"{<resource_manager.instance.OnPremInstance object at 0x131c43620>: [(4, 46705.008, 50686.08), (2, 50686.08, None), (3, 64076.616, None)]}",305.2027703895845,146889.9240762951,46705.008,19229.004884505495,3,261.55710700433485,46705.008,95589.39,True,304.61514944102214,385.84434912902213,81.229199688
lamf-test-545db71e-0ac4-4fd9-bae7-0ae698ee188a,"{<resource_manager.instance.OnPremInstance object at 0x131c43620>: [(5, 46765.008, 50746.08), (2, 50746.08, None)]}",303.0498265026395,147063.32210934616,46765.008,19230.989201313496,2,15.93144696117782,46765.008,55221.661,True,28.09817856675214,39.80238388995214,11.7042053232
lamf-test-4f1fe545-8677-4a84-8abf-5cf06961f85c,"{<resource_manager.instance.OnPremInstance object at 0x131c43620>: [(6, 48625.008, 50626.08), (2, 50626.08, None), (3, 59566.08, None)]}",310.3840944895742,146800.0682473497,48625.008,19231.989201313496,2,32.95145239934706,48625.008,65527.914,True,68.39009479480589,92.60263096600588,24.21253617119999
lamf-test-6e9b564f-bd08-4a74-adb5-0f54b0e3a954,"{<resource_manager.instance.CloudReservedInstance object at 0x131e0d450>: [(2, 48655.008, None)]}",95.10170299612852,50413.95027141081,48655.008,19232.989201313496,2,,48655.008,50429.3502714108,False,3.600205137189001,,
lamf-test-cf5ee26c-33df-418f-9253-bf22cfb1db3e,"{<resource_manager.instance.OnPremInstance object at 0x131c43620>: [(3, 48685.008, None), (1, 50446.08, None)]}",86.78911405093122,50320.920351490495,48685.008,19234.383197888998,3,8.035920602327172,48685.008,50461.888,False,8.132098258422678,,
lamf-test-20bd965c-e3af-463e-ad6b-f7ce4b078baa,"{<resource_manager.instance.CloudReservedInstance object at 0x131e143b0>: [(4, 48745.008, None)], <resource_manager.instance.CloudReservedInstance object at 0x131c662c0>: [(1, 48745.008, None)]}",49.20241958092055,33430.83483366139,48745.008,19235.383197888998,2,,48745.008,48760.407999999996,False,0.08733644387463162,,
lamf-test-d80357f1-4d3d-475b-a1da-53fbb3ddaa84,"{<resource_manager.instance.CloudReservedInstance object at 0x131e0d450>: [(1, 48805.008, None)], <resource_manager.instance.CloudOnDemandInstance object at 0x131e0d310>: [(1, 48805.008, None)], <resource_manager.instance.CloudOnDemandInstance object at 0x131c663f0>: [(1, 48805.008, None)], <resource_manager.instance.CloudOnDemandInstance object at 0x131c43b60>: [(3, 48805.008, None)]}",308.2995677163823,147043.46892988938,48805.008,19241.289604473997,1,,48805.008,147058.8689298894,False,1063.5637340498079,,
lamf-test-0b008ed2-19e2-4099-a5b7-5ad49013ab38,"{<resource_manager.instance.OnPremInstance object at 0x131c43620>: [(6, 48925.008, None)]}",98.70843455961634,50517.577603674465,48925.008,19243.552819941997,3,,48925.008,50532.97760367446,False,14.67460281701535,,
lamf-test-e31740c1-403e-4c71-8a7f-0330adf6a272,"{<resource_manager.instance.CloudReservedInstance object at 0x131e143b0>: [(4, 48955.008, None)], <resource_manager.instance.CloudReservedInstance object at 0x131c662c0>: [(1, 48955.008, None)]}",51.6673689623557,33324.860133884446,48955.008,19245.951642183998,1,,48955.008,48970.407999999996,False,0.20612974370666787,,
lamf-test-ff97215d-d288-4a40-9a08-b29190e7eee1,"{<resource_manager.instance.CloudReservedInstance object at 0x131e143b0>: [(4, 49045.008, None)]}",50.90199713640601,33303.383579190915,49045.008,19251.11910511,1,,49045.008,49060.407999999996,False,0.16279564985924336,,
lamf-test-0b722e5a-870b-4bb2-acf4-7c5f987aee07,"{<resource_manager.instance.CloudReservedInstance object at 0x131e143b0>: [(4, 49105.008, None)]}",60.84882595404457,33388.88987999743,49105.008,19252.11910511,3,,49105.008,49120.407999999996,False,0.09369533804848537,,
lamf-test-86bee4c0-8211-4364-b2b2-315ff254f448,"{<resource_manager.instance.CloudReservedInstance object at 0x131c662c0>: [(1, 49165.008, None)], <resource_manager.instance.CloudOnDemandInstance object at 0x131e0d810>: [(2, 49165.008, None)], <resource_manager.instance.CloudOnDemandInstance object at 0x131e0d310>: [(1, 49165.008, None)]}",60.879551145103115,33405.35240349362,49165.008,19253.11910511,1,,49165.008,49180.407999999996,False,0.10345526909520263,,
lamf-test-1fb51fa6-4d43-412b-9a86-c51ec772c644,"{<resource_manager.instance.CloudReservedInstance object at 0x131e143b0>: [(4, 49225.008, None)], <resource_manager.instance.CloudOnDemandInstance object at 0x131c663f0>: [(1, 49225.008, None)]}",79.83864331738259,33647.79145483982,49225.008,19254.11910511,3,,49225.008,49240.407999999996,False,0.11711917256060672,,
lamf-test-ea68f53d-4ebe-4fb8-83dd-aa5b6c6a2310,"{<resource_manager.instance.CloudReservedInstance object at 0x131c662c0>: [(1, 49345.008, None)], <resource_manager.instance.CloudOnDemandInstance object at 0x131e0d810>: [(2, 49345.008, None)], <resource_manager.instance.CloudOnDemandInstance object at 0x131e0d310>: [(1, 49345.008, None)]}",110.2774483129196,50497.79826861486,49345.008,19259.485235682998,3,,49345.008,50513.198268614855,False,4.145984171320492,,
lamf-test-ed127e72-be6f-436a-8fe9-27a8ad06a858,"{<resource_manager.instance.CloudOnDemandInstance object at 0x131c663f0>: [(3, 49405.008, None)], <resource_manager.instance.CloudOnDemandInstance object at 0x131c43b60>: [(3, 49405.008, None)]}",328.19458272409565,147177.8010237963,49405.008,19262.056664343996,3,,49805.544,147193.2010237963,False,743.693003451185,,
lamf-test-6250b41b-6866-44ee-9930-467c8f1f7d45,"{<resource_manager.instance.OnPremInstance object at 0x131c43620>: [(6, 49835.544, None)]}",92.1601820634213,50482.96624078324,49835.544,19263.056664343996,3,,49835.544,50498.36624078323,False,6.049027978856755,,
lamf-test-4c84a4d8-5052-4c6f-afd2-7c5df767217c,"{<resource_manager.instance.OnPremInstance object at 0x131c43620>: [(6, 49865.544, None)]}",71.28909006291121,33367.08734241637,49865.544,19269.557370001996,1,,49865.544,49880.943999999996,False,0.24243668720045594,,
lamf-test-e1378e61-db93-479c-b4b7-359d51f2c742,"{<resource_manager.instance.CloudReservedInstance object at 0x131e143b0>: [(4, 49895.544, None)], <resource_manager.instance.CloudOnDemandInstance object at 0x131c66780>: [(2, 49895.544, None)]}",52.48076757861521,33533.29958693394,49895.544,19270.973514436995,1,,49895.544,49910.943999999996,False,0.24595026237727413,,
lamf-test-56573715-8535-4ef6-86b5-dcb681b21f75,"{<resource_manager.instance.OnPremInstance object at 0x131c43620>: [(2, 49925.544, None), (4, 75997.152, None)]}",309.32301155717374,147297.0190170419,49925.544,19273.349308705994,2,89.83296751582816,49925.544,80693.78311714985,True,100.74841526103542,133.3274251573313,32.57900989629588
lamf-test-a8f2c75b-6fbc-476d-891d-92f88bfed8de,"{<resource_manager.instance.OnPremInstance object at 0x131c43620>: [(6, 49955.544, None)]}",60.82789615796186,33522.23258651746,49955.544,19279.513753096995,2,,49955.544,49970.943999999996,False,0.06655648787942382,,
lamf-test-7c4919b0-6563-4e4b-a109-6e7eddf9dab2,"{<resource_manager.instance.OnPremInstance object at 0x131c43620>: [(4, 49985.544, 52966.08), (2, 52966.08, None), (1, 83747.688, None)]}",284.9077105670405,147554.6543632356,49985.544,19821.050764690994,3,111.77330595482543,49985.544,90696.58200000001,True,143.48169746748803,181.74277370268805,38.261076235200015
lamf-test-2b8a61cc-a82b-4153-b888-886b130ebdcb,"{<resource_manager.instance.CloudOnDemandInstance object at 0x131c663f0>: [(4, 50015.544, None)], <resource_manager.instance.CloudOnDemandInstance object at 0x131c43b60>: [(2, 50015.544, None)]}",288.0380279745152,147855.12278255835,50015.544,19829.923334596995,1,,50416.08,147870.52278255834,False,1394.1363874514611,,
lamf-test-ecb2683b-9e41-48ec-91a2-6a6d38c45b39,"{<resource_manager.instance.OnPremInstance object at 0x131c43620>: [(2, 50446.08, None), (3, 63566.616, None), (1, 67057.152, None)]}",329.9077900544537,147795.0372736043,50446.08,19836.475296307995,3,105.88448094912161,50446.08,76531.21699999998,True,152.92135067305472,193.69962106825466,40.77827039519993
lamf-test-69f3610c-edfc-431a-ac62-c6c3e7603585,"{<resource_manager.instance.OnPremInstance object at 0x131c43620>: [(5, 50476.08, None)]}",101.55343618416583,51063.36570882959,50476.08,19837.475296307995,1,,50476.08,51078.76570882958,False,7.929472022778717,,
lamf-test-db07f320-f70e-4581-b141-d95e0791351c,"{<resource_manager.instance.OnPremInstance object at 0x131c43620>: [(4, 50506.08, None)]}",67.5503798079176,33888.84605842162,50506.08,19839.740553941996,2,,50506.08,50521.479999999996,False,0.05608928259914327,,
lamf-test-f73d4880-234f-4ef4-b427-8c893deb0ab7,"{<resource_manager.instance.OnPremInstance object at 0x131c43620>: [(5, 50536.08, 53536.08), (1, 53536.08, None), (1, 57526.08, None)]}",289.55899307824876,147396.4965577788,50536.08,19844.059085852998,2,20.10125017021444,50536.08,70915.44900000001,True,74.43628556244595,93.00008569524596,18.563800132800004
lamf-test-870691de-e40a-44a6-b524-758dc9ee2699,"{<resource_manager.instance.OnPremInstance object at 0x131c43620>: [(6, 50566.08, None)]}",318.593861795503,147355.13224614738,50566.08,19847.039948465997,3,45.448323066392874,50566.08,56570.767,True,54.7997900981063,69.4127963813063,14.613006283199997
lamf-test-787e33de-2c34-4cf0-bd9d-1f6b1a5da962,"{<resource_manager.instance.OnPremInstance object at 0x131c43620>: [(3, 50596.08, None)]}",98.72547788684845,51243.29047603348,50596.08,19849.186119885,1,,50596.08,51258.69047603347,False,5.291208455663128,,
lamf-test-95b7467a-1a49-4273-9a59-d080cf448191,"{<resource_manager.instance.OnPremInstance object at 0x131c43620>: [(6, 50626.08, 53626.08), (1, 53626.08, None)]}",303.1008089718593,147547.9802543701,50626.08,19857.292981941,1,64.0269221994068,50626.08,70510.23999999999,True,94.73830101148373,108.88731630748373,14.149015295999996
lamf-test-4b6ef0de-0d6b-4c17-a583-0b04e2222603,"{<resource_manager.instance.CloudReservedInstance object at 0x131e143b0>: [(4, 50656.08, None)], <resource_manager.instance.CloudReservedInstance object at 0x131e0d450>: [(2, 50656.08, None)]}",304.5800255914627,147816.92818324096,50656.08,19859.461084722,2,,50656.08,105581.00655254166,True,311.4901146218267,588.3117444466366,276.8216298248099
lamf-test-dfcd1cfc-af92-4194-9a51-c980d70402e7,"{<resource_manager.instance.OnPremInstance object at 0x131c43620>: [(5, 50686.08, None)]}",104.89919658381315,51005.677250111316,50686.08,19860.563668908,2,,50686.08,51021.07725011131,False,1.3405914091201372,,
lamf-test-3caf5282-95cc-4847-bdc6-12864fd51ff6,"{<resource_manager.instance.OnPremInstance object at 0x131c43620>: [(2, 50716.08, None)]}",88.21646259362132,50837.436985718945,50716.08,19865.581114269,1,,50716.08,50852.83698571894,False,0.7384398802984677,,
lamf-test-76f31f64-e074-4b6a-9579-e22c37b55e69,"{<resource_manager.instance.OnPremInstance object at 0x131c43620>: [(5, 50746.08, None)]}",57.885218243385175,34112.82408359226,50746.08,19867.498785852,3,,50746.08,50761.479999999996,False,0.11711917256060674,,
lamf-test-9e038649-678e-4ec1-8038-665a8a0ccdab,"{<resource_manager.instance.OnPremInstance object at 0x131c43620>: [(6, 50776.08, 52786.08), (1, 52786.08, None), (1, 66187.152, None), (3, 69187.152, None)]}",305.1144082584737,147610.91786799,50776.08,19873.695269502,1,210.93966141911923,50776.08,81042.51999999999,True,247.62495520571892,284.4282523129189,36.80329710719998
lamf-test-816ecb3f-0729-4858-99cd-1237c929b94a,"{<resource_manager.instance.CloudReservedInstance object at 0x131c662c0>: [(1, 50806.08, None)], <resource_manager.instance.CloudOnDemandInstance object at 0x131c66780>: [(2, 50806.08, None)], <resource_manager.instance.CloudOnDemandInstance object at 0x131e0d810>: [(2, 50806.08, None)], <resource_manager.instance.CloudOnDemandInstance object at 0x131e0d310>: [(1, 50806.08, None)]}",325.447174391888,148053.21407253045,50806.08,20421.665584062,1,825.5864482470149,50806.08,141853.03352647758,True,1103.2637155083094,1775.253054931647,671.9893394233378
lamf-test-9dd25f94-b2d8-4857-adb4-87c377066854,"{<resource_manager.instance.OnPremInstance object at 0x131c43620>: [(3, 50836.08, 54316.08), (2, 54316.08, None), (3, 67717.152, None)]}",304.2337725718405,148490.48682504072,50836.08,20428.358189031,2,47.65613042704233,50836.08,69219.61300000001,True,56.58713690795472,74.73954142235475,18.152404514400022
lamf-test-5d4708b4-be70-4e57-95c0-9df21e198378,"{<resource_manager.instance.OnPremInstance object at 0x131c43620>: [(5, 51076.08, None)]}",119.73047030526563,51641.28820872065,51076.08,20429.358189031,1,,51076.08,51656.68820872065,False,7.639000692727325,,
lamf-test-fe21cf99-74f2-4c6e-92c0-836166b37c9b,"{<resource_manager.instance.OnPremInstance object at 0x131c43620>: [(3, 51106.08, None)]}",306.6266107573227,148240.81974856067,51106.08,20431.758850960003,3,11.362080766598218,51106.08,65225.432,True,64.42779831165866,81.60822582525867,17.1804275136
lamf-test-af303474-9c6d-4cd6-af46-9ee1b2d1d0c4,"{<resource_manager.instance.OnPremInstance object at 0x131c43620>: [(6, 51136.08, None)]}",83.47238892971743,51620.24454558884,51136.08,20433.304899685,3,,51136.08,51635.64454558883,False,4.55911061454556,,
lamf-test-48887eaf-7764-41b1-8a24-eb297e7a4537,"{<resource_manager.instance.OnPremInstance object at 0x131c43620>: [(6, 51376.08, None)]}",92.60848910013964,51577.64447043996,51376.08,20437.396374691,1,,51376.08,51593.044470439956,False,3.4155939904989387,,
lamf-test-70da499d-f492-45a5-857f-ba98849424d5,"{<resource_manager.instance.OnPremInstance object at 0x131c43620>: [(4, 51436.08, None)]}",105.64492540905647,51533.532029424125,51436.08,20439.415015360002,3,,51436.08,51548.93202942412,False,0.6866044835294977,,
lamf-test-41153241-bf67-4ba2-bd57-821911347a85,"{<resource_manager.instance.OnPremInstance object at 0x131c43620>: [(3, 51616.08, None)]}",99.23133172494114,51588.49606317979,51616.08,20440.415015360002,3,,51616.08,51631.479999999996,False,0.07027150353636404,,
lamf-test-6557112d-0dd1-4a4f-956a-4810ab29fb87,"{<resource_manager.instance.OnPremInstance object at 0x131c43620>: [(5, 51676.08, None)]}",284.1643475390076,147730.04360710585,51676.08,20442.482462264,3,137.5091033538672,51676.08,72606.28166372869,True,159.17713638853667,201.62358536257844,42.44644897404177
lamf-test-9c88980c-fc13-42ba-ae80-9214e850b23c,"{<resource_manager.instance.OnPremInstance object at 0x131c43620>: [(3, 51736.08, None)]}",56.88278421553064,34495.31889812967,51736.08,20445.706962149,2,,51736.08,51751.479999999996,False,0.049677043187284775,,
lamf-test-599db447-ffc5-4f67-bbdb-15246291d10d,"{<resource_manager.instance.OnPremInstance object at 0x131c43620>: [(4, 51796.08, None)]}",58.09494942769889,34349.519127199324,51796.08,20447.436350999,3,,51796.08,51811.479999999996,False,0.09369533804848537,,
lamf-test-67a1a99a-4314-4946-83c9-ed2acd2c23fe,"{<resource_manager.instance.OnPremInstance object at 0x131c43620>: [(2, 51826.08, None)]}",104.56386159081104,51664.64957779278,51826.08,20454.515734870998,2,,51826.08,51841.479999999996,False,0.04186443429931751,,
lamf-test-1bd3ea85-4b86-41d6-88ae-4d09629a5e9f,"{<resource_manager.instance.OnPremInstance object at 0x131c43620>: [(5, 51856.08, None)]}",91.30297666017438,51597.23406480675,51856.08,20455.515734870998,2,,51856.08,51871.479999999996,False,0.06162769304399561,,
lamf-test-04e82c6f-21eb-4e35-8244-b06d0737db1d,"{<resource_manager.instance.OnPremInstance object at 0x131c43620>: [(5, 51976.08, None)]}",95.5159501731966,51891.13798586337,51976.08,20457.892617908998,2,,51976.08,51991.479999999996,False,0.06162769304399561,,
lamf-test-227b9038-f251-4152-94eb-43a9fb1d09b6,"{<resource_manager.instance.OnPremInstance object at 0x131c43620>: [(5, 52096.08, None)]}",66.25196628808428,34688.18783397194,52096.08,20459.555881536,2,,52096.08,52111.479999999996,False,0.06162769304399561,,
lamf-test-b20c0974-09ea-4c80-b141-7811b8b20475,"{<resource_manager.instance.OnPremInstance object at 0x131c43620>: [(2, 52126.08, None)]}",96.38631983638818,51559.06918842068,52126.08,20463.119626583997,1,,52126.08,52141.479999999996,False,0.08315461251803077,,
lamf-test-ab19fe1e-973b-44c8-a2b5-9c88f8dd630c,"{<resource_manager.instance.OnPremInstance object at 0x131c43620>: [(5, 52156.08, None)]}",310.22675767562004,148279.92987819354,52156.08,20464.817752934996,3,37.8736025553274,52156.08,64790.85626549148,True,96.08925595476065,121.71258222117736,25.62332626641671
lamf-test-38119ffa-10d5-4f96-9e4f-d7aa2d684f4c,"{<resource_manager.instance.OnPremInstance object at 0x131c43620>: [(5, 52216.08, 56686.08), (2, 56686.08, None), (3, 68107.152, None)]}",315.0920376046709,148322.99037054618,52216.08,20467.302247631997,2,48.93587703108572,52216.08,70602.313,True,63.767742258815176,87.15786237321515,23.390120114399984
lamf-test-0edb2b7d-ea79-4551-a1d6-40e8f4f75204,"{<resource_manager.instance.OnPremInstance object at 0x131c43620>: [(2, 52276.08, None)]}",49.09599477194767,34467.908620971226,52276.08,20475.497679314998,3,,52276.08,52291.479999999996,False,0.046847669024242686,,
lamf-test-fb5bb86a-097c-4cce-b52f-faf7de14091c,"{<resource_manager.instance.OnPremInstance object at 0x131c43620>: [(5, 52786.08, 54796.08), (2, 54796.08, None)]}",310.7135837098068,148273.29941020923,52786.08,20476.497679314998,2,21.581593885010257,52786.08,66922.732,True,41.009551230088135,54.92297133248813,13.9134201024
lamf-test-ffa00229-4854-4a3b-9050-ac62a552280b,"{<resource_manager.instance.OnPremInstance object at 0x131c43620>: [(2, 52816.08, None), (1, 61466.616, None), (1, 67177.152, None)]}",328.09484391630104,148319.7493324734,52816.08,20478.126912426997,3,82.67195984485511,52816.08,75339.17599999998,True,102.03175298501772,129.2397157306177,27.207962745599964
lamf-test-404b381d-5a0f-4cbc-ae4f-02ebbbeb7a4d,"{<resource_manager.instance.OnPremInstance object at 0x131c43620>: [(6, 53596.08, None)]}",54.32250531179826,35237.09479744459,53596.08,21024.001351263996,1,,53596.08,53611.479999999996,False,0.24243668720045594,,
lamf-test-1945932c-936e-4e58-b59b-8fc5fe0a5a90,"{<resource_manager.instance.OnPremInstance object at 0x131c43620>: [(4, 53626.08, 56626.08), (1, 56626.08, None)]}",307.9539703217035,148763.2262294794,53626.08,21025.001351263996,1,31.713438284280173,53626.08,67540.03199999999,True,62.42423180469995,71.71813073589995,9.293898931199996
lamf-test-05011c3e-5178-4e8c-a944-565636c84b62,"{<resource_manager.instance.OnPremInstance object at 0x131c43620>: [(2, 53656.08, 58846.08), (1, 58846.08, None), (2, 64807.152, None)]}",311.6110618417853,148516.35362833407,53656.08,21028.352802262994,2,26.204090400805736,53656.08,69776.268,True,49.794999449924816,62.46935860192481,12.674359151999994
lamf-test-01d3dab5-d631-4e94-b48f-123fd1e6d0ca,"{<resource_manager.instance.OnPremInstance object at 0x131c43620>: [(3, 53686.08, None)]}",62.28353144846482,35131.649045845275,53686.08,21032.050135618996,1,,53686.08,53701.479999999996,False,0.12297513118863707,,
lamf-test-e42daae1-319e-4d66-892f-ff458cefa185,"{<resource_manager.instance.OnPremInstance object at 0x131c43620>: [(5, 53716.08, None)]}",331.8539601540227,148711.1027392839,53716.08,21033.563539927996,3,60.76915354779831,53716.08,73817.87970797726,True,152.8770226479372,193.64347245571508,40.76644980777788
lamf-test-64767f79-cec9-4cb3-b8c5-46b3e86d20f8,"{<resource_manager.instance.OnPremInstance object at 0x131c43620>: [(4, 53746.08, 56236.08), (1, 56236.08, None), (5, 98897.688, None)]}",283.87618715962776,148599.20605565974,53746.08,21036.649214770998,2,119.6939693412317,53746.08,108052.761,True,150.84367079737987,194.46678065497989,43.62310985760001
lamf-test-4f40bb80-4246-4e5c-807f-5b2f111e8553,"{<resource_manager.instance.OnPremInstance object at 0x131c43620>: [(4, 54376.08, None)]}",300.28901978300945,148603.09958057912,54376.08,21037.967762737997,3,90.29475701574263,54376.08,71592.63299999999,True,104.74745151722554,132.6795871044255,27.932135587199976
lamf-test-428fc4b3-a829-4902-849a-b2c3bb41b1dd,"{<resource_manager.instance.OnPremInstance object at 0x131c43620>: [(6, 54856.08, None)]}",111.95659614535904,52152.91678543023,54856.08,21040.228521700996,3,,54856.08,54871.479999999996,False,0.14054300707272807,,
lamf-test-9638132b-b89e-4ce9-a020-504ebe7f7390,"{<resource_manager.instance.OnPremInstance object at 0x131c43620>: [(3, 54886.08, None)]}",103.1682902438305,52004.36651769954,54886.08,21041.228521700996,2,,54886.08,54901.479999999996,False,0.049677043187284775,,
lamf-test-6ebb2b55-7f25-4fcc-998e-d62668ae8460,"{<resource_manager.instance.OnPremInstance object at 0x131c43620>: [(6, 54916.08, None)]}",60.69367071554156,35380.121962894984,54916.08,21046.166883275997,2,,54916.08,54931.479999999996,False,0.06655648787942382,,
lamf-test-5704a2cc-027b-4370-a7eb-9804c4d8380a,"{<resource_manager.instance.OnPremInstance object at 0x131c43620>: [(5, 55036.08, None)]}",328.518781280289,148546.23321345556,55036.08,21047.166883275997,3,51.871138489618986,55036.08,72534.89048673437,True,133.0809224027254,168.5685100698227,35.48758766709729
lamf-test-4bdc3b38-4b50-41c5-90d1-8319dfa6ef3f,"{<resource_manager.instance.OnPremInstance object at 0x131c43620>: [(5, 55276.08, None)]}",321.16833722466623,148890.34470180393,55276.08,21048.166883275997,2,,55276.08,70170.85,True,59.60586451436764,89.81245807436764,30.206593560000005
lamf-test-cbaeac35-da39-4580-bb48-6f69d435e1ef,"{<resource_manager.instance.OnPremInstance object at 0x131c43620>: [(6, 55396.08, None)]}",59.97502759856391,35330.584597069595,55396.08,21055.733657137996,2,,55396.08,55411.479999999996,False,0.06655648787942382,,
lamf-test-faec5c90-186b-4555-954c-a8baf4f027a2,"{<resource_manager.instance.OnPremInstance object at 0x131c43620>: [(4, 55456.08, None)]}",104.23072108364673,52281.63482607615,55456.08,21064.486384573996,3,,55456.08,55471.479999999996,False,0.09369533804848537,,
lamf-test-0967a8c1-fdb4-4be1-a916-cc022480b089,"{<resource_manager.instance.OnPremInstance object at 0x131c43620>: [(2, 55486.08, None)]}",89.68473907463206,52055.845721794016,55486.08,21065.486384573996,1,,55486.08,55501.479999999996,False,0.08315461251803077,,
lamf-test-d392fb46-3ada-4299-920d-04b5ae462e49,"{<resource_manager.instance.OnPremInstance object at 0x131c43620>: [(4, 55516.08, None)]}",53.88118833696197,35190.964782606854,55516.08,21068.303362991996,2,,55516.08,55531.479999999996,False,0.05608928259914327,,
lamf-test-b4f2a445-161d-42de-8bf2-99cedcdf1a1d,"{<resource_manager.instance.OnPremInstance object at 0x131c43620>: [(2, 55576.08, None), (2, 64807.152, None)]}",317.30210148260704,148846.16679746553,55576.08,21074.907568382994,2,25.094390081585427,55576.08,69282.523,True,49.426711535435,64.17579905223499,14.7490875168
lamf-test-c7f36b6d-6d0e-497a-bed2-ab51e4200e00,"{<resource_manager.instance.OnPremInstance object at 0x131c43620>: [(6, 56596.08, None)]}",67.30455789142538,35181.339946173124,56596.08,21082.123707275994,2,,56596.08,56611.479999999996,False,0.06655648787942382,,
lamf-test-902ad2da-a958-4f6f-a105-0cf09133c223,"{<resource_manager.instance.OnPremInstance object at 0x131c43620>: [(4, 56626.08, 59626.08), (2, 59626.08, None)]}",319.6161610919672,148745.17063473986,56626.08,21083.123707275994,3,18.252338580880675,56626.08,70044.82299999999,True,49.946742718077374,63.26562703967736,13.318884321599988
lamf-test-5c066d18-4f49-4722-a66a-a3c4e7ab30cb,"{<resource_manager.instance.OnPremInstance object at 0x131c43620>: [(3, 56656.08, None)]}",105.95282638563052,52223.879192388544,56656.08,21085.824655725995,3,,56656.08,56671.479999999996,False,0.07027150353636404,,
lamf-test-03f57a47-31b2-463e-9964-32e1833cfbcd,"{<resource_manager.instance.OnPremInstance object at 0x131c43620>: [(6, 56716.08, None)]}",98.51981663568804,52791.04640934594,56716.08,21626.613462801994,1,,56716.08,56731.479999999996,False,0.24243668720045594,,
lamf-test-b284ea68-a93a-41ac-9d3b-a2d0c0674e21,"{<resource_manager.instance.OnPremInstance object at 0x131c43620>: [(2, 56746.08, None), (1, 70867.152, None)]}",312.0323931368153,149259.82780936692,56746.08,21638.015394912993,1,76.24884873374401,56746.08,72863.96799999998,True,92.64980150581775,106.53454082101771,13.88473931519997
lamf-test-274e2f12-b4e9-499b-9b88-36da25e54e24,"{<resource_manager.instance.OnPremInstance object at 0x131c43620>: [(5, 56836.08, 64286.616), (1, 64286.616, None), (1, 80657.688, None)]}",331.60036141298406,149386.43381575771,56836.08,21639.438436761993,1,158.1057412731006,56836.08,92077.11899999999,True,208.35883230663927,239.37206854503927,31.013236238399994
lamf-test-f483d0b8-ba08-4711-99f9-47af2ee222a5,"{<resource_manager.instance.OnPremInstance object at 0x131c43620>: [(3, 56866.08, 58876.08), (1, 58876.08, None), (2, 69787.152, None)]}",312.7927875459608,149614.75425955548,56866.08,21647.235313932993,2,113.7006405061895,56866.08,98622.536,True,165.51894912546095,207.47714317986095,41.958194054399996
lamf-test-10d63afb-c09f-4af6-a622-71a25fae2fdf,"{<resource_manager.instance.CloudReservedInstance object at 0x131e0d450>: [(2, 57196.08, None)], <resource_manager.instance.CloudReservedInstance object at 0x131e0d1d0>: [(2, 57196.08, None)], <resource_manager.instance.CloudReservedInstance object at 0x131e143b0>: [(2, 80327.688, None)]}",310.7244065884292,148999.2382377882,57196.08,21648.401380887994,2,305.20189599336,57196.08,134884.6230884042,True,438.7865414752433,672.7129736893442,233.92643221410077
lamf-test-5168b562-8a76-449b-98c0-cc2731c9ca3c,"{<resource_manager.instance.OnPremInstance object at 0x131c43620>: [(2, 57226.08, None)]}",309.5107801118846,149476.4566850582,57226.08,21649.401380887994,1,41.421105179101076,57226.08,74826.89499999999,True,95.03824359266858,109.31602472066857,14.27778112799999
lamf-test-ff254f04-4cb3-4cab-aa4a-5f045128d210,"{<resource_manager.instance.CloudReservedInstance object at 0x131e0d1d0>: [(1, 57256.08, None)], <resource_manager.instance.CloudOnDemandInstance object at 0x131c66780>: [(2, 57256.08, None)]}",110.15545315677929,52773.579515911304,57256.08,21652.552312495995,3,,57256.08,57271.479999999996,False,0.054655613861616464,,
lamf-test-bc23b10d-c69c-4408-9782-8739fbb3209f,"{<resource_manager.instance.OnPremInstance object at 0x131c43620>: [(3, 57316.08, 60866.616), (1, 60866.616, None)]}",310.0193593332558,149296.08991769244,57316.08,21653.552312495995,1,115.02364772986537,57316.08,118923.19600000001,True,191.71798159555863,219.58602264835864,27.868041052800006
lamf-test-8ac2f925-7afc-41fe-bb28-31766fc5fb67,"{<resource_manager.instance.CloudReservedInstance object at 0x131e0d1d0>: [(1, 57376.08, None)], <resource_manager.instance.CloudOnDemandInstance object at 0x131c66780>: [(1, 57376.08, None)]}",78.91788247204538,35701.68732997458,57376.08,21655.095070283995,1,,57376.08,57391.479999999996,False,0.06012117524777813,,
lamf-test-8af4e2ac-cf32-4cee-877b-e9f4b759f7f3,"{<resource_manager.instance.OnPremInstance object at 0x131c43620>: [(4, 57856.08, 59866.08), (2, 59866.08, None)]}",289.77114078776196,149031.8656877921,57856.08,21657.102856787995,3,12.229066849190051,57856.08,64341.897,True,25.8447547342003,32.736561484600294,6.891806750399996
lamf-test-068fc1f2-6deb-41a2-ae15-564e581e4490,"{<resource_manager.instance.CloudReservedInstance object at 0x131e0d1d0>: [(1, 57886.08, None)], <resource_manager.instance.CloudOnDemandInstance object at 0x131c66780>: [(2, 57886.08, 85847.688), (1, 85847.688, None)]}",318.6864958169501,149029.46352796722,57886.08,21666.924144599994,1,181.46301741577298,57886.08,85859.52924635164,False,181.5092453149327,,
lamf-test-f3dda1e4-5862-4683-8e1d-465d2dca42c3,"{<resource_manager.instance.OnPremInstance object at 0x131c43620>: [(4, 58876.08, 60376.08), (1, 60376.08, None), (3, 65347.152, None), (1, 67837.152, None), (1, 70837.152, None)]}",305.16980399325007,149240.79066832495,58876.08,21671.667367151993,1,97.57469495779146,58876.08,76304.59499999999,True,187.38895368469062,215.26816577269057,27.87921208799996
lamf-test-9a44ea70-cb8b-427c-9af4-a87498aeb7c6,"{<resource_manager.instance.OnPremInstance object at 0x131c43620>: [(2, 58996.08, None)]}",116.40460154918469,53039.79028334144,58996.08,21673.90301559599,3,,58996.08,59011.479999999996,False,0.046847669024242686,,
lamf-test-9bda5a96-e4e1-4b91-bbbb-1dacf1ed28b2,"{<resource_manager.instance.OnPremInstance object at 0x131c43620>: [(6, 60376.08, 64346.616), (2, 64346.616, None), (3, 73777.152, None)]}",334.4551264679061,149475.8756156296,60376.08,21680.29370447099,3,134.59117499429607,60376.08,87611.266,True,170.13439501102744,215.50272541582746,45.368330404800005
lamf-test-e68a5a0e-948d-450e-bd18-14ba76978e62,"{<resource_manager.instance.CloudReservedInstance object at 0x131e143b0>: [(2, 60406.08, None)]}",61.643354936762066,35807.18372021473,60406.08,21683.27598344399,2,,60406.08,60421.479999999996,False,0.04186443429931751,,
lamf-test-72ac3048-5fdb-4c21-afcd-eed6fe82e6d1,"{<resource_manager.instance.CloudOnDemandInstance object at 0x131c66780>: [(1, 60436.08, None)], <resource_manager.instance.CloudOnDemandInstance object at 0x131e0d810>: [(2, 60436.08, None)]}",305.99164294117367,149515.10444093702,60436.08,21684.81185414099,1,,60836.616,75767.56133727288,True,86.28257806359368,142.57057864525734,56.28800058166366
lamf-test-947624f9-c308-44e1-a082-5eef08d3ec8d,"{<resource_manager.instance.OnPremInstance object at 0x131c43620>: [(4, 60866.616, None)]}",93.19634223972996,53520.504509492544,60866.616,22229.06507036099,2,,60866.616,60882.015999999996,False,0.05608928259914327,,
lamf-test-fd42a6f7-5546-4968-b0ee-4f887fda9461,"{<resource_manager.instance.OnPremInstance object at 0x131c43620>: [(5, 60926.616, 65917.152), (2, 65917.152, None), (4, 93737.688, None)]}",313.44017426263486,149795.82151441643,60926.616,22231.93782895199,1,215.88111521788724,60926.616,99203.909,True,303.1810171115675,349.1724383483675,45.99142123680001
lamf-test-1e1b6610-69b2-4869-80ff-74a807042404,"{<resource_manager.instance.OnPremInstance object at 0x131c43620>: [(5, 63926.616, 69397.152), (1, 69397.152, None)]}",310.82543279392,150190.37649333864,63926.616,22235.292295055988,3,41.6041980378736,63926.616,82787.65800000001,True,61.971535477983124,78.49697171958313,16.525436241600005
lamf-test-aba1aa4f-f6ce-4af2-b868-ea5768a9b8b8,"{<resource_manager.instance.OnPremInstance object at 0x131c43620>: [(5, 64046.616, None)]}",55.6474329845016,36381.435783938534,64046.616,22241.471333456986,3,,64046.616,64062.015999999996,False,0.11711917256060674,,
lamf-test-b37b6ec3-b4f6-4505-b5ff-6313155b88e1,"{<resource_manager.instance.OnPremInstance object at 0x131c43620>: [(5, 64106.616, None)]}",92.20096869554938,53571.03377510214,64106.616,22247.120087471987,2,,64106.616,64122.015999999996,False,0.06162769304399561,,
lamf-test-aa0c06ad-8e28-471d-8a21-4c2106849993,"{<resource_manager.instance.OnPremInstance object at 0x131c43620>: [(4, 64166.616, 67147.152), (1, 67147.152, None), (1, 73117.152, None), (4, 75607.152, None)]}",297.7430444733612,150286.1491082452,64166.616,22249.87240894199,1,190.78627059091934,64166.616,88689.49299999999,True,274.24010472279235,315.3542313867923,41.11412666399997
lamf-test-ea317cde-8e65-4009-bbcb-6720d6ab3fc4,"{<resource_manager.instance.OnPremInstance object at 0x131c43620>: [(5, 64286.616, 67777.152), (2, 67777.152, None)]}",322.00845242777757,150092.0331810713,64286.616,22261.135864079988,2,13.968420855006336,64286.616,80679.313,True,49.04255536824793,66.58759537944792,17.545040011199994
lamf-test-d2030552-fada-4868-9884-3081a3d5e562,"{<resource_manager.instance.OnPremInstance object at 0x131c43620>: [(4, 64346.616, 68827.152), (2, 68827.152, None), (1, 91247.688, None)]}",335.70235460840024,149906.47149037686,64346.616,22273.072023938486,3,95.46462240474557,64346.616,97209.31,True,122.66800821355234,155.37887027275235,32.7108620592
lamf-test-8b57f8ca-98cc-4c1b-8aa2-5b91c1f45b09,"{<resource_manager.instance.CloudOnDemandInstance object at 0x131e0d310>: [(2, 64376.616, None)]}",306.9047417051023,150253.05449645306,64376.616,22276.490659550986,2,64.36374717135676,64777.152,150268.45449645305,False,146.86937123014755,,
lamf-test-a13d6194-2358-4887-a070-b00cd35c865e,"{<resource_manager.instance.OnPremInstance object at 0x131c43620>: [(3, 64807.152, 69787.152), (2, 69787.152, None)]}",302.61921821621866,150183.59077787265,64807.152,22280.831638739986,2,16.064394485244915,64807.152,80206.73099999999,True,44.38970490551846,58.901731390318446,14.512026484799986
lamf-test-ca1797e6-b093-4c70-86e8-71ffe0d25cca,"{<resource_manager.instance.OnPremInstance object at 0x131c43620>: [(4, 64927.152, None)]}",87.62355008897632,53935.56214799699,64927.152,22831.804029851985,3,,64927.152,64942.551999999996,False,0.09369533804848537,,
lamf-test-7bd8b2d3-250f-4731-829c-d7a0653ffcb3,"{<resource_manager.instance.OnPremInstance object at 0x131c43620>: [(4, 64987.152, 66997.152), (2, 66997.152, None)]}",301.8009690341694,150757.965512123,64987.152,22832.804029851985,3,12.229066849190051,64987.152,72958.59599999999,True,30.36411590234995,38.46106327514994,8.096947372799992
lamf-test-d11d15e3-c05e-424a-bab1-f5785ed94bc2,"{<resource_manager.instance.OnPremInstance object at 0x131c43620>: [(4, 65587.152, None)]}",65.13660288894543,36966.301971246816,65587.152,22834.771325685986,1,,65587.152,65602.552,False,0.16279564985924336,,
lamf-test-a7dc0f00-a53e-4f14-ba21-5c93f2b6c280,"{<resource_manager.instance.OnPremInstance object at 0x131c43620>: [(4, 65647.152, 70627.152), (2, 70627.152, None), (1, 92957.688, None)]}",278.74097160023985,150456.1585906917,65647.152,22835.771325685986,2,78.8428496483595,65647.152,100908.191,True,116.58791198293751,152.45616683653753,35.86825485360001
lamf-test-88d97e0c-88fe-4c62-bc84-030e5f7776f1,"{<resource_manager.instance.OnPremInstance object at 0x131c43620>: [(3, 65767.152, 70747.152), (2, 70747.152, None)]}",304.4592028444548,150022.31496127005,65767.152,22837.545862324987,1,39.76728268309377,65767.152,80671.522,True,93.35540877633278,107.46572172033278,14.110312943999997
lamf-test-2586faa0-8afe-4587-9352-3a45415e951c,"{<resource_manager.instance.OnPremInstance object at 0x131c43620>: [(3, 65917.152, None)]}",52.1878736324701,37022.21624785222,65917.152,22838.545862324987,2,,65917.152,65932.552,False,0.049677043187284775,,
lamf-test-096a164d-3416-42b7-999a-d92269a9a7ca,"{<resource_manager.instance.OnPremInstance object at 0x131c43620>: [(6, 66007.152, 70987.152), (1, 70987.152, None), (2, 76957.152, None), (1, 81947.688, None)]}",310.89137174012484,151023.11059486071,66007.152,22848.072390563986,3,109.60773899155825,66007.152,95198.75199999998,True,157.92206859837236,200.03383903677235,42.11177043839997
lamf-test-debb5ae3-8ca9-424a-a1fe-ae626817d5d4,"{<resource_manager.instance.OnPremInstance object at 0x131c43620>: [(4, 66997.152, None)]}",50.08229655297103,37076.340001349876,66997.152,22850.487851576985,3,,66997.152,67012.552,False,0.09369533804848537,,
lamf-test-9f4c8a2a-2fe4-4712-9592-1f90f46792d9,"{<resource_manager.instance.OnPremInstance object at 0x131c43620>: [(5, 67147.152, None)]}",322.9477688777042,150280.992170887,67147.152,22851.487851576985,1,133.41090577230207,67147.152,78643.18013274574,True,151.25202425773912,174.56596931094748,23.313945053208347
lamf-test-81195703-aa5f-481d-abd3-346d6a96d7d8,"{<resource_manager.instance.OnPremInstance object at 0x131c43620>: [(2, 67687.152, None)]}",57.90728747613712,37055.453297276305,67687.152,22852.487851576985,2,,67687.152,67702.552,False,0.04186443429931751,,
lamf-test-292ff255-562b-496c-972f-f8340f6cddab,"{<resource_manager.instance.OnPremInstance object at 0x131c43620>: [(2, 67717.152, None), (1, 78857.688, None), (1, 84347.688, None)]}",321.5271161172489,150598.01423720494,67717.152,22853.487851576985,1,105.24739949806064,67717.152,91300.47499999999,True,181.91894220092775,208.91657863292772,26.997636431999993
lamf-test-3943f80b-7a33-4e35-a8a4-f3b6aa99c52d,"{<resource_manager.instance.OnPremInstance object at 0x131c43620>: [(3, 67777.152, None)]}",31.751233670300554,36946.073459186344,67777.152,22854.487851576985,1,,67777.152,67792.552,False,0.12297513118863707,,
lamf-test-03badbdc-4aa8-4cd2-98f8-bfe0e4080cef,"{<resource_manager.instance.OnPremInstance object at 0x131c43620>: [(2, 67807.152, None)]}",46.039696363479905,36883.21788545083,67807.152,22858.997032830986,2,,67807.152,67822.552,False,0.04186443429931751,,
lamf-test-e0a17229-9bf9-416c-a5a2-49e15e4b17e7,"{<resource_manager.instance.OnPremInstance object at 0x131c43620>: [(2, 67837.152, None)]}",300.8789137634496,151087.91004191895,67837.152,22860.080971674986,3,7.57472051106548,67837.152,87891.31199999999,True,61.00588637919229,77.27382097119228,16.267934591999992
lamf-test-0b1411aa-7440-4517-bbd4-2bffa1461af4,"{<resource_manager.instance.OnPremInstance object at 0x131c43620>: [(2, 67867.152, None)]}",54.09958144079154,37165.81444736923,67867.152,22861.361262558985,1,,67867.152,67882.552,False,0.08315461251803077,,
lamf-test-8a7888d4-6626-4d18-8e7e-6823cdaffb96,"{<resource_manager.instance.OnPremInstance object at 0x131c43620>: [(6, 68347.152, None)]}",94.8282048828368,54167.22066901044,68347.152,22862.361262558985,3,,68347.152,68362.552,False,0.14054300707272807,,
lamf-test-8f5d07e8-2d0c-4ca5-874d-d1e790990809,"{<resource_manager.instance.OnPremInstance object at 0x131c43620>: [(6, 68407.152, None)]}",302.97405507839164,150681.15661381386,68407.152,22863.361262558985,1,274.08783572895265,68407.152,90498.7972342997,True,347.7808626891807,401.54309053137246,53.762227842191734
lamf-test-fd11e4ea-cdef-4f38-a062-f8e8f6529d33,"{<resource_manager.instance.OnPremInstance object at 0x131c43620>: [(6, 68647.152, None)]}",323.9849795842166,150805.89055727064,68647.152,22864.361262558985,1,194.74491991786437,68647.152,84205.3372342997,True,244.92694071792823,282.78934030412,37.862399586191756
lamf-test-8c42c6bf-e604-4e96-bc18-75bc6db194f5,"{<resource_manager.instance.OnPremInstance object at 0x131c43620>: [(2, 68677.152, None)]}",304.5244415439068,150317.20151113364,68677.152,22866.000825009985,2,,68677.152,74650.45999999999,True,16.23825716335596,21.08380461295595,4.845547449599992
lamf-test-2ee801ff-df94-45c9-b634-a465808c37ee,"{<resource_manager.instance.OnPremInstance object at 0x131c43620>: [(4, 69247.152, None)]}",44.045311418522864,36971.886576590994,69247.152,22872.831495045986,3,,69247.152,69262.552,False,0.09369533804848537,,
lamf-test-c4cd6d33-84be-4a0d-a794-48962ad9461f,"{<resource_manager.instance.OnPremInstance object at 0x131c43620>: [(4, 69307.152, None)]}",92.44374551049617,54115.43158968038,69307.152,22873.831495045986,1,,69307.152,69322.552,False,0.16279564985924336,,
lamf-test-b19f4d76-0891-41df-b5fe-36ccd74b9a06,"{<resource_manager.instance.OnPremInstance object at 0x131c43620>: [(3, 69367.152, None)]}",47.2527689810787,36977.60213505248,69367.152,22874.831495045986,3,,69367.152,69382.552,False,0.07027150353636404,,
lamf-test-9953a2a0-1d7c-4068-bf98-538acafc2ac3,"{<resource_manager.instance.OnPremInstance object at 0x131c43620>: [(6, 69397.152, 73387.152), (2, 73387.152, None), (1, 85337.688, None), (1, 90317.688, None)]}",299.47595690366575,150275.52475018724,69397.152,22879.378141133988,2,73.37393258542141,69397.152,94794.011,True,103.70792632182119,136.4343155602212,32.7263892384
lamf-test-783eef72-16ea-4bd4-8850-a7549496bd66,"{<resource_manager.instance.OnPremInstance object at 0x131c43620>: [(3, 69427.152, None)]}",99.85904399571011,54151.98736231467,69427.152,22882.846767446987,2,,69427.152,69442.552,False,0.049677043187284775,,
lamf-test-59f36aea-6cbc-457b-81ba-431f79f73291,"{<resource_manager.instance.OnPremInstance object at 0x131c43620>: [(2, 69487.152, None)]}",94.81833183066266,54178.79065032526,69487.152,22883.846767446987,3,,69487.152,69502.552,False,0.046847669024242686,,
lamf-test-55529a16-b241-4348-bd90-45ddc000d26d,"{<resource_manager.instance.OnPremInstance object at 0x131c43620>: [(3, 69547.152, None)]}",53.211716625419925,37000.72783621687,69547.152,22884.846767446987,2,,69547.152,69562.552,False,0.049677043187284775,,
lamf-test-b86de886-591a-45ec-903b-6a80c96225dd,"{<resource_manager.instance.OnPremInstance object at 0x131c43620>: [(6, 69667.152, None)]}",41.149547064693905,36870.714716482325,69667.152,22887.021671497987,3,,69667.152,69682.552,False,0.14054300707272807,,
lamf-test-9805f54e-1cae-487c-b904-2cb93c2a7afb,"{<resource_manager.instance.OnPremInstance object at 0x131c43620>: [(3, 69727.152, 74197.152), (1, 74197.152, None)]}",328.01417674151406,150536.04640158807,69727.152,22890.906959983986,3,20.396988364134153,69727.152,80159.641,True,29.46610236519887,37.32358390359887,7.8574815384
lamf-test-65e3ea29-e28c-4094-b1d4-e102c2738358,"{<resource_manager.instance.OnPremInstance object at 0x131c43620>: [(3, 69757.152, None)]}",53.51848203740168,37012.10955957994,69757.152,22891.906959983986,1,,69757.152,69772.552,False,0.12297513118863707,,
lamf-test-720b43f5-e992-4463-8b62-736d9e2ae936,"{<resource_manager.instance.OnPremInstance object at 0x131c43620>: [(2, 69787.152, None)]}",92.64800719218381,53994.977446298086,69787.152,22893.853770893988,2,,69787.152,69802.552,False,0.04186443429931751,,
lamf-test-ca0b2ac7-3ce2-4e8c-a6e1-096d01ef9a8a,"{<resource_manager.instance.OnPremInstance object at 0x131c43620>: [(6, 69907.152, None)]}",322.6901850057595,150865.2153319819,69907.152,22895.38538509499,1,171.13095687885,69907.152,85550.2,True,246.26290485968508,284.3318264724851,38.06892161279999
lamf-test-47c1fe4b-c260-4538-9b53-fe9eeae00c5f,"{<resource_manager.instance.OnPremInstance object at 0x131c43620>: [(2, 70087.152, None), (3, 90677.688, None)]}",307.40827687661385,151119.39790513355,70087.152,23436.96779466299,3,62.63757243896871,70087.152,97634.847,True,115.54774811772755,146.35990937292755,30.812161255199992
lamf-test-18cbb634-7aef-4481-9ee7-fe1e8a16d0ba,"{<resource_manager.instance.OnPremInstance object at 0x131c43620>: [(5, 70207.152, None)]}",52.226498354671556,37559.70558820519,70207.152,23439.67116960599,3,,70207.152,70222.552,False,0.11711917256060674,,
lamf-test-6a7cd0bb-34c7-4263-9cc7-17fa07eb0a15,"{<resource_manager.instance.OnPremInstance object at 0x131c43620>: [(4, 70267.152, None), (1, 79427.688, None)]}",298.21973828332,151033.42390539168,70267.152,23440.67116960599,1,96.83736436230883,70267.152,80932.341,True,116.97721743098334,134.89070732138333,17.9134898904
lamf-test-9293cd6c-713f-41c3-8b50-410b94532b8e,"{<resource_manager.instance.OnPremInstance object at 0x131c43620>: [(4, 70627.152, 73117.152), (1, 73117.152, None), (5, 126227.688, None)]}",276.94819521132933,151234.32311784697,70627.152,23443.04965985799,2,116.83219464234914,70627.152,128720.505,True,131.86596189690897,163.513890749709,31.64792885280002
lamf-test-2ef3ba74-0be9-4758-9e8b-663933377574,"{<resource_manager.instance.OnPremInstance object at 0x131c43620>: [(4, 70657.152, 73147.152), (2, 73147.152, None), (2, 85067.688, None)]}",315.97195408362086,151413.73089090845,70657.152,23445.66384721299,3,89.74229523157652,70657.152,93548.33499999998,True,103.00959768803699,130.47831418403695,27.468716495999963
lamf-test-abc545e6-fca4-4495-82db-38cb26110a9d,"{<resource_manager.instance.OnPremInstance object at 0x131c43620>: [(5, 70987.152, None)]}",106.90985136127853,54599.1794824452,70987.152,23449.61124454299,1,,70987.152,71002.552,False,0.20261616852984965,,
lamf-test-72359355-373b-4aa6-9d80-111deeae4206,"{<resource_manager.instance.OnPremInstance object at 0x131c43620>: [(4, 71047.152, 76027.152), (1, 76027.152, None), (1, 82997.688, None), (1, 96407.688, None), (3, 107057.688, None)]}",293.68085416171726,150914.16764137681,71047.152,23451.47568119149,3,130.2920921743098,71047.152,111532.98099999999,True,171.13437371663233,216.7693601630323,45.63498644639997
lamf-test-aa966776-8b52-45e3-81e8-3d502aee1701,"{<resource_manager.instance.OnPremInstance object at 0x131c43620>: [(3, 71077.152, None)]}",277.6854198628887,150962.04708236683,71077.152,23452.47568119149,1,100.93971252566729,71077.152,87887.549,True,134.23771275382157,154.69260382342156,20.4548910696
lamf-test-40afb271-d458-48d9-adbe-b89134d80114,"{<resource_manager.instance.OnPremInstance object at 0x131c43620>: [(3, 71647.152, None)]}",57.83325208385016,37689.61292563184,71647.152,23459.57709579749,3,,71647.152,71662.552,False,0.07027150353636404,,
lamf-test-f6c3e1ca-41d1-4659-a1c2-f6d7cca0c5e7,"{<resource_manager.instance.OnPremInstance object at 0x131c43620>: [(2, 71707.152, 74707.152), (1, 74707.152, None)]}",330.89870791023526,151054.52324489562,71707.152,23460.57709579749,2,8.15540927909091,71707.152,86611.522,True,32.30980988124843,39.57182235324842,7.2620124719999986
lamf-test-81297157-09b4-4bfd-81e5-a8bf0f0cf407,"{<resource_manager.instance.OnPremInstance object at 0x131c43620>: [(6, 72547.152, None)]}",69.1210403049402,37700.17909109022,72547.152,23462.33337617949,3,,72547.152,72562.552,False,0.14054300707272807,,
lamf-test-2744811c-a0e4-4a9d-a448-520fba53466a,"{<resource_manager.instance.OnPremInstance object at 0x131c43620>: [(2, 72607.152, 74107.152), (1, 74107.152, None)]}",316.8459168651483,151443.7907733049,72607.152,23473.18309836249,2,4.077704639545455,72607.152,88982.149,True,34.259615693544234,41.509714476744236,7.250098783200001
lamf-test-ce4c822f-a3d7-44c8-9dba-10c2ea1d7fc0,"{<resource_manager.instance.OnPremInstance object at 0x131c43620>: [(6, 72667.152, None)]}",86.88519768848549,54752.44269949534,72667.152,23474.18309836249,2,,72667.152,72682.552,False,0.06655648787942382,,
lamf-test-5471ed7c-c241-4b43-b3db-c6a0ff681a3a,"{<resource_manager.instance.OnPremInstance object at 0x131c43620>: [(2, 72697.152, None)]}",59.30424416492866,37643.56018727111,72697.152,23475.18309836249,2,,72697.152,72712.552,False,0.04186443429931751,,
lamf-test-dc701733-214d-4503-9e86-a7c5623aa494,"{<resource_manager.instance.OnPremInstance object at 0x131c43620>: [(2, 72727.152, None)]}",290.04127710324553,151282.80613415525,72727.152,23484.16182896549,2,9.460274763745455,72727.152,88332.13100000001,True,42.42166351220627,55.08042247700628,12.658758964800006
lamf-test-9b9326a1-51bc-46fd-a2cb-1abf1c9c75f6,"{<resource_manager.instance.OnPremInstance object at 0x131c43620>: [(5, 72757.152, None)]}",57.78982021342063,37750.93856560992,72757.152,23489.75372819849,1,,72757.152,72772.552,False,0.20261616852984965,,
lamf-test-0111158b-0edf-40ea-8c3c-c453441d9f4b,"{<resource_manager.instance.OnPremInstance object at 0x131c43620>: [(2, 72787.152, None), (1, 97847.688, None)]}",288.9103792556111,151668.86441031258,72787.152,23490.75372819849,3,101.15000684462693,72787.152,105019.42800000001,True,108.96082135523619,138.01650139043622,29.05568003520002
lamf-test-cb995d16-8bd4-4a69-981f-1cf758860367,"{<resource_manager.instance.OnPremInstance object at 0x131c43620>: [(5, 72907.152, 77377.152), (1, 77377.152, None)]}",320.1908267325743,151430.72287336472,72907.152,23491.75372819849,3,33.99498060689026,72907.152,90767.776,True,54.36249752832914,68.85889462272914,14.496397094399997
lamf-test-b3a0db0a-ecb4-42b0-814b-3c34a8d7aaed,"{<resource_manager.instance.OnPremInstance object at 0x131c43620>: [(4, 72937.152, None)]}",100.59507953151345,54419.80682769,72937.152,23493.36873698749,2,,72937.152,72952.552,False,0.05608928259914327,,
lamf-test-692078cb-d4fe-44db-acc1-5eececdc7c24,"{<resource_manager.instance.OnPremInstance object at 0x131c43620>: [(3, 72967.152, 74467.152), (2, 74467.152, None), (1, 78947.688, None), (2, 82937.688, None), (1, 85427.688, None)]}",293.9568407519619,151239.30160546958,72967.152,23494.64064084349,2,83.03674181545551,72967.152,89452.028,True,92.76286282988744,117.92105945708747,25.158196627200024
lamf-test-b3747e60-f13b-4587-ba76-a5026ef56274,"{<resource_manager.instance.OnPremInstance object at 0x131c43620>: [(2, 73027.152, None)]}",92.20458272811517,54839.52064502881,73027.152,23496.18783677149,3,,73027.152,73042.552,False,0.046847669024242686,,
lamf-test-ef36ad8e-1831-459d-b4cc-a917ad7c30ef,"{<resource_manager.instance.OnPremInstance object at 0x131c43620>: [(5, 73117.152, None)]}",103.50768504869966,54746.71720902625,73117.152,23499.40400260549,1,,73117.152,73132.552,False,0.20261616852984965,,
lamf-test-a7a41a4b-e265-4559-96d2-89c830b4e4f3,"{<resource_manager.instance.OnPremInstance object at 0x131c43620>: [(5, 73147.152, None)]}",110.11661546722232,55227.81787924847,73147.152,24040.38827531449,3,,73147.152,73162.552,False,0.11711917256060674,,
lamf-test-c609bf72-d17c-450a-8e65-16fe23e38281,"{<resource_manager.instance.OnPremInstance object at 0x131c43620>: [(2, 73207.152, None), (2, 78887.688, None), (2, 86567.688, None)]}",326.56864801291823,152046.54548022826,73207.152,24041.84991261049,3,64.00649783253476,73207.152,93524.41199999998,True,127.49473876340392,161.49270509300388,33.99796632959996
lamf-test-2be5e6dd-c6ce-4cb1-a0eb-f7b6d8f68bd8,"{<resource_manager.instance.OnPremInstance object at 0x131c43620>: [(2, 73237.152, None)]}",93.23301746575929,55257.726253036206,73237.152,24043.675487460492,1,,73237.152,73252.552,False,0.08315461251803077,,
lamf-test-5ccd4315-8d5b-4044-a8be-038248a6e5e8,"{<resource_manager.instance.OnPremInstance object at 0x131c43620>: [(6, 73267.152, None)]}",316.3732896893923,151841.05817656888,73267.152,24047.07877402249,1,91.3157618069814,73267.152,83238.1909640098,True,156.97049703779973,181.236017460614,24.26552042281425
lamf-test-16723367-a744-4f94-a768-1e436a8648c3,"{<resource_manager.instance.OnPremInstance object at 0x131c43620>: [(2, 73327.152, None)]}",100.67432907273152,55138.44350208659,73327.152,24049.43703041749,3,,73327.152,73342.552,False,0.046847669024242686,,
lamf-test-aa81efdb-fc5d-4cd5-94a6-0293c55ec5bf,"{<resource_manager.instance.OnPremInstance object at 0x131c43620>: [(3, 73387.152, None)]}",315.17534780850235,151661.65099199602,73387.152,24050.955262497493,1,76.9835181382614,73387.152,91960.685,True,148.31705566963265,170.91733062403264,22.600274954399996
lamf-test-468c807d-fae3-4ffc-8fac-cef2c72bf30d,"{<resource_manager.instance.OnPremInstance object at 0x131c43620>: [(6, 74107.152, 75607.152), (1, 75607.152, None)]}",313.1968318342145,151942.74041826453,74107.152,24055.06544941549,2,6.482774793452823,74107.152,82558.80500000001,True,20.58793209360313,27.05792255040313,6.469990456800002
lamf-test-9997ef6b-f372-462c-b591-ebc6c42f345e,"{<resource_manager.instance.OnPremInstance object at 0x131c43620>: [(6, 74707.152, 78197.688), (1, 78197.688, None), (3, 89117.688, None)]}",309.99816308035867,151668.80743416128,74707.152,24056.39276493349,3,48.4648505589778,74707.152,100028.61099999999,True,114.84813750095053,145.4737393857505,30.625601884799977
lamf-test-b6e7251f-5c74-4bdc-b21f-2dc66654db99,"{<resource_manager.instance.OnPremInstance object at 0x131c43620>: [(3, 75367.152, 77867.688), (2, 77867.688, None)]}",320.3340679876566,151757.14074991574,75367.152,24063.540170076492,3,62.790490531599325,75367.152,100716.311,True,80.91695794356983,102.49441312596983,21.577455182399998
lamf-test-801af7b0-7341-46d2-ba63-e3fe9d27ac0a,"{<resource_manager.instance.OnPremInstance object at 0x131c43620>: [(6, 76327.152, None)]}",98.05192865733181,55221.54583361758,76327.152,24064.540170076492,1,,76327.152,76342.552,False,0.24243668720045594,,
lamf-test-7741d198-baa3-4b02-8577-d94aba790819,"{<resource_manager.instance.OnPremInstance object at 0x131c43620>: [(2, 76357.152, None)]}",58.57374457030712,38269.02176379562,76357.152,24067.025265415494,2,,76357.152,76372.552,False,0.04186443429931751,,
lamf-test-46c0ddc9-3e57-4092-abb9-12bad9e5fc70,"{<resource_manager.instance.OnPremInstance object at 0x131c43620>: [(3, 76387.152, None)]}",59.85312775121128,38237.17525177124,76387.152,24070.743462931492,1,,76387.152,76402.552,False,0.12297513118863707,,
lamf-test-3f74eedf-69e6-447f-8faf-d6b3b1a74541,"{<resource_manager.instance.OnPremInstance object at 0x131c43620>: [(2, 76417.152, None), (4, 95987.688, None)]}",300.3151945622659,152088.9800021231,76417.152,24071.743462931492,3,59.534674880219,76417.152,97489.43000000002,True,73.2398266027837,92.77008473718375,19.53025813440006
lamf-test-df1d19ca-065c-450e-a725-063e1023eff0,"{<resource_manager.instance.OnPremInstance object at 0x131c43620>: [(5, 76507.152, 81977.688), (1, 81977.688, None), (1, 89447.688, None), (4, 91457.688, None)]}",308.41567960151576,151804.167165688,76507.152,24072.743462931492,2,64.3791930697183,76507.152,98137.33899999999,True,96.64048656978278,128.65067625138278,32.01018968159998
lamf-test-d878f6cc-ec52-4963-a36e-567d3077f66a,"{<resource_manager.instance.OnPremInstance object at 0x131c43620>: [(6, 76567.152, 79547.688), (1, 79547.688, None), (2, 87017.688, None)]}",318.40559881515793,151665.90371455267,76567.152,24074.85199202099,2,51.68091226291675,76567.152,98162.33899999999,True,80.94763114421498,104.79170689061496,23.84407574639998
lamf-test-e95a3924-2808-4cd5-8af6-82985caaa091,"{<resource_manager.instance.OnPremInstance object at 0x131c43620>: [(4, 77377.152, None), (1, 84557.688, None), (1, 104147.688, None)]}",315.57124577879193,151734.6644537339,77377.152,24075.85199202099,1,338.1195911476157,77377.152,106147.96500000001,True,370.521979237965,426.76807495156504,56.24609571360003
lamf-test-8433fa81-6093-4f66-8fcd-c8019d82fc62,"{<resource_manager.instance.CloudOnDemandInstance object at 0x131c66780>: [(1, 77407.152, None)], <resource_manager.instance.CloudOnDemandInstance object at 0x131e0d810>: [(1, 77407.152, None)], <resource_manager.instance.CloudReservedInstance object at 0x131e143b0>: [(3, 107867.688, None)], <resource_manager.instance.CloudReservedInstance object at 0x131e0d450>: [(1, 107867.688, None)]}",289.2015979209701,152035.74749952674,77407.152,24079.70938240899,1,132.04430390143733,77807.688,126182.22085872632,True,385.54228703994147,595.6174237133623,210.07513667342081
lamf-test-fce34ab6-8bce-4303-a50f-d59fbea8d614,"{<resource_manager.instance.OnPremInstance object at 0x131c43620>: [(2, 78197.688, None)]}",47.41181351390231,38265.777528592815,78197.688,24081.68471176299,3,,78197.688,78213.08799999999,False,0.046847669024242686,,
lamf-test-ac6005c9-5daa-4585-b9e3-32cefa81cdb6,"{<resource_manager.instance.OnPremInstance object at 0x131c43620>: [(2, 78227.688, None)]}",56.43144675229202,38231.619362404854,78227.688,24082.68471176299,3,,78227.688,78243.08799999999,False,0.046847669024242686,,
lamf-test-d13deae5-f303-4855-93f8-a16639da1c4e,"{<resource_manager.instance.OnPremInstance object at 0x131c43620>: [(6, 78317.688, 85277.688), (2, 85277.688, None)]}",299.620254990436,151730.66488895865,78317.688,24089.49302364199,2,38.235484320712004,78317.688,98209.948,True,65.23603277615986,92.66453808815987,27.428505312000006
lamf-test-b395ec81-f5cf-4d31-b896-54e96e62d931,"{<resource_manager.instance.OnPremInstance object at 0x131c43620>: [(6, 78677.688, None)]}",60.66671241836613,38219.02022701364,78677.688,24090.50517841699,3,,78677.688,78693.08799999999,False,0.14054300707272807,,
lamf-test-218a245a-408e-4403-969e-14eebe33638f,"{<resource_manager.instance.OnPremInstance object at 0x131c43620>: [(2, 78737.688, None), (2, 90887.688, None), (1, 97847.688, None)]}",310.9184525812873,151765.81100904685,78737.688,24091.50517841699,3,102.12183436002736,78737.688,106012.874,True,141.40380257053766,179.11078377853767,37.706981208
lamf-test-790ebc9f-5e2e-4113-9df6-6e81d9cf4244,"{<resource_manager.instance.OnPremInstance object at 0x131c43620>: [(3, 78767.688, None)]}",301.00617936440153,151742.12663049027,78767.688,24092.50517841699,1,11.978097193702943,78767.688,82472.251,True,29.582410449463914,34.09012270786393,4.507712258400011
lamf-test-af430514-5203-4847-a3dd-4d540698c45d,"{<resource_manager.instance.OnPremInstance object at 0x131c43620>: [(2, 78797.688, None)]}",43.871600174569394,38239.29607938059,78797.688,24098.069433069988,3,,78797.688,78813.08799999999,False,0.046847669024242686,,
lamf-test-8293fc83-5d58-4550-955e-87592cc2b6b3,"{<resource_manager.instance.OnPremInstance object at 0x131c43620>: [(6, 79547.688, 85007.688), (1, 85007.688, None), (2, 90977.688, None)]}",333.7462784146,151887.53453193806,79547.688,24099.069433069988,3,58.90942276979237,79547.688,97941.62099999997,True,90.68643851243428,114.86904018683424,24.18260167439997
lamf-test-f110d8f3-23dd-42e9-8429-8b28407ddd7e,"{<resource_manager.instance.OnPremInstance object at 0x131c43620>: [(6, 80777.688, None)]}",301.2291020786883,152320.30131301936,80777.688,24645.71926509449,1,,80777.688,90704.968,True,156.2816153319644,180.4406439399644,24.159028608
lamf-test-b7f32954-df1d-496f-a3cc-c6c4fa4f08d9,"{<resource_manager.instance.OnPremInstance object at 0x131c43620>: [(5, 80837.688, 85307.688), (2, 85307.688, None), (2, 101687.688, None), (2, 109847.688, None)]}",304.69312328634965,152078.0320553,80837.688,24646.71926509449,1,235.3798767967146,80837.688,113332.47299999998,True,291.8297364818615,335.9017092578615,44.07197277599997
lamf-test-a9c2f748-704b-4cdc-85cd-14af26c3a0f5,"{<resource_manager.instance.OnPremInstance object at 0x131c43620>: [(4, 80957.688, 85427.688), (1, 85427.688, None), (4, 95357.688, None), (1, 104807.688, None)]}",318.66785267265954,152221.9630767255,80957.688,24647.71926509449,2,116.81842501442442,80957.688,110892.63038743977,True,136.877091216443,182.12974301051645,45.252651794073444
lamf-test-709c216f-6a83-488b-bc0b-72ed1c83abc3,"{<resource_manager.instance.OnPremInstance object at 0x131c43620>: [(4, 81077.688, None)]}",66.23572922815853,38703.91813194749,81077.688,24648.71926509449,1,,81077.688,81093.08799999999,False,0.16279564985924336,,
lamf-test-4efeb549-c3cf-448a-a777-1713f6f5a77e,"{<resource_manager.instance.OnPremInstance object at 0x131c43620>: [(6, 81137.688, None)]}",68.3929603445819,38845.76343562612,81137.688,24649.71926509449,2,,81137.688,81153.08799999999,False,0.06655648787942382,,
lamf-test-a7d1927a-cf2d-4926-967f-138bb5393300,"{<resource_manager.instance.OnPremInstance object at 0x131c43620>: [(6, 81197.688, 82697.688), (1, 82697.688, None)]}",312.0843911485237,152215.84145679322,81197.688,24650.71926509449,2,6.482774793452823,81197.688,93115.80399999999,True,27.621511860911816,35.49749971051182,7.875987849599998
lamf-test-d2d7cb5f-b6d4-4643-85b6-7c5def471a4e,"{<resource_manager.instance.OnPremInstance object at 0x131c43620>: [(4, 81977.688, None), (2, 104057.688, None)]}",304.94728314192844,152654.54012186753,81977.688,24654.19624497649,1,289.46840063883184,81977.688,110146.79438743978,True,330.6587832810369,381.29982458551035,50.64104130447345
lamf-test-f4699487-e2f2-4f73-9c8b-3bed156050c7,"{<resource_manager.instance.CloudReservedInstance object at 0x131c43e00>: [(2, 82007.688, None)], <resource_manager.instance.CloudOnDemandInstance object at 0x131e0d810>: [(1, 82007.688, None)], <resource_manager.instance.CloudReservedInstance object at 0x131e143b0>: [(1, 105617.688, None)]}",295.77899706678875,152569.4110533983,82007.688,24655.19624497649,2,89.84531336543034,82007.688,115575.32011227781,True,147.94240889824835,231.51419032004947,83.57178142180113
lamf-test-f16665ee-edca-44bc-8667-81b0b7135bf5,"{<resource_manager.instance.OnPremInstance object at 0x131c43620>: [(3, 82517.688, 85007.688), (2, 85007.688, None), (2, 99887.688, None)]}",311.6491108609515,152526.93480309946,82517.688,24657.80292721949,2,113.56319331405882,82517.688,113959.78099999997,True,124.99214581920008,162.92319750240006,37.93105168319997
lamf-test-be2bbdb1-c4fd-4c6f-98ba-e30fc22c630e,"{<resource_manager.instance.OnPremInstance object at 0x131c43620>: [(4, 82697.688, None)]}",51.26544011550611,38727.49056612654,82697.688,24658.80292721949,1,,82697.688,82713.08799999999,False,0.16279564985924336,,
lamf-test-301ed0a6-99cf-4eba-bab7-e5dbbca6ce7c,"{<resource_manager.instance.OnPremInstance object at 0x131c43620>: [(4, 82757.688, None), (2, 100217.688, None)]}",322.7128466056759,152310.4112637666,82757.688,24659.80292721949,3,128.95277207392198,82757.688,106401.09399999998,True,162.65942048824994,206.0344613298499,43.37504084159997
lamf-test-c6c963f9-b511-4173-9da1-afb01f8ea9e8,"{<resource_manager.instance.OnPremInstance object at 0x131c43620>: [(5, 83297.688, None)]}",55.16582208546895,38912.96605362686,83297.688,24660.80292721949,2,,83297.688,83313.08799999999,False,0.06162769304399561,,
lamf-test-fd3332ce-df25-4a32-8132-74451e729842,"{<resource_manager.instance.OnPremInstance object at 0x131c43620>: [(5, 83357.688, 84857.688), (1, 84857.688, None), (3, 94787.688, None)]}",314.3128283614734,152250.3246188207,83357.688,24661.80292721949,1,135.79968058407485,83357.688,105615.53,True,164.6105075671154,189.24720642791542,24.636698860800006
lamf-test-ad16e952-0cca-41c7-9fd4-aa3d76092c2a,"{<resource_manager.instance.CloudReservedInstance object at 0x131c662c0>: [(1, 84137.688, None), (2, 124127.688, None)], <resource_manager.instance.CloudReservedInstance object at 0x131c43e00>: [(1, 84137.688, None)], <resource_manager.instance.CloudReservedInstance object at 0x131e143b0>: [(1, 124127.688, None)], <resource_manager.instance.CloudReservedInstance object at 0x131e0d450>: [(1, 124127.688, None)]}",295.4536471781582,152312.97940688801,84137.688,24662.80292721949,1,597.761046467412,84137.688,152411.90927278044,False,600.7223506991766,,
lamf-test-991152cd-8fe7-4378-a610-0074b2c690c7,"{<resource_manager.instance.OnPremInstance object at 0x131c43620>: [(4, 84257.688, None)]}",88.26977600456904,55965.83136104153,84257.688,24663.80292721949,1,,84257.688,84273.08799999999,False,0.16279564985924336,,
lamf-test-ffd1b71e-c754-457f-beb0-15002780a4cd,"{<resource_manager.instance.OnPremInstance object at 0x131c43620>: [(2, 84287.688, None), (1, 89747.688, None)]}",333.17802435465063,152206.10690670917,84287.688,24664.80292721949,3,53.02304357745835,84287.688,103389.12999999999,True,78.8566826374629,99.88474126306289,21.028058625599996
lamf-test-2044ce9f-358f-4536-9714-09641c49ba86,"{<resource_manager.instance.OnPremInstance object at 0x131c43620>: [(3, 84317.688, None)]}",48.79729657189927,38808.8570692034,84317.688,24665.80292721949,2,,84317.688,84333.08799999999,False,0.049677043187284775,,
lamf-test-00d387e4-de4a-4f41-acfd-aaa44673560f,"{<resource_manager.instance.OnPremInstance object at 0x131c43620>: [(2, 84377.688, None)]}",98.67187509741939,55988.60512445211,84377.688,24666.80292721949,3,,84377.688,84393.08799999999,False,0.046847669024242686,,
lamf-test-be918503-1360-4f36-b485-22f30f9e797e,"{<resource_manager.instance.OnPremInstance object at 0x131c43620>: [(2, 84437.688, None), (4, 100547.688, None)]}",285.4277316494616,152918.9230055369,84437.688,24667.80292721949,3,71.73169062286105,84437.688,104158.9512702899,True,81.96452904667943,103.82133134125692,21.8568022945775
lamf-test-7e75828d-051b-4c5f-920b-c422e487e5af,"{<resource_manager.instance.OnPremInstance object at 0x131c43620>: [(3, 84857.688, None)]}",99.15520505278813,56130.90939553985,84857.688,24669.28699028349,1,,84857.688,84873.08799999999,False,0.12297513118863707,,
lamf-test-163e5afc-c48a-4e5a-9de1-7c84bd3faaf7,"{<resource_manager.instance.OnPremInstance object at 0x131c43620>: [(6, 85007.688, None)]}",100.39270820446175,55855.762169512454,85007.688,24671.15463614049,2,,85007.688,85023.08799999999,False,0.06655648787942382,,
lamf-test-ca0646aa-2851-4f2a-8895-2a2c8b5e84b5,"{<resource_manager.instance.OnPremInstance object at 0x131c43620>: [(2, 85037.688, None)]}",94.28001103179955,55798.29933945999,85037.688,24672.15463614049,1,,85037.688,85053.08799999999,False,0.08315461251803077,,
lamf-test-85ef9298-5c31-4c16-9153-df2b312fad0a,"{<resource_manager.instance.OnPremInstance object at 0x131c43620>: [(3, 85097.688, None)]}",97.20592300310147,55814.290038070496,85097.688,24673.713434664493,3,,85097.688,85113.08799999999,False,0.07027150353636404,,
lamf-test-ead8fa92-dd65-4aea-b802-324a84d102bb,"{<resource_manager.instance.OnPremInstance object at 0x131c43620>: [(4, 85157.688, None)]}",64.57300483587817,38848.8791680185,85157.688,24675.929669853493,1,,85157.688,85173.08799999999,False,0.16279564985924336,,
lamf-test-b87c5197-7932-482c-81b3-61882a5ae41e,"{<resource_manager.instance.OnPremInstance object at 0x131c43620>: [(2, 85217.688, None)]}",46.96697712554091,38896.71346070659,85217.688,24679.329783078494,3,,85217.688,85233.08799999999,False,0.046847669024242686,,
lamf-test-a45d60d7-4f78-42c1-a625-3f2365379d5f,"{<resource_manager.instance.OnPremInstance object at 0x131c43620>: [(5, 85277.688, None)]}",84.78789055156865,55776.59160592276,85277.688,24686.395793451495,3,,85277.688,85293.08799999999,False,0.11711917256060674,,
lamf-test-68ac11d3-bedc-4a83-9d98-64a41fc6b97b,"{<resource_manager.instance.OnPremInstance object at 0x131c43620>: [(2, 85307.688, None)]}",92.68285924520144,55871.61031785741,85307.688,24687.395793451495,2,,85307.688,85323.08799999999,False,0.04186443429931751,,
lamf-test-a0b5829d-4134-40de-ab3a-fd1ed034a5b9,"{<resource_manager.instance.OnPremInstance object at 0x131c43620>: [(3, 85337.688, 89327.688), (2, 89327.688, None), (1, 104207.688, None)]}",283.38611537295816,151994.46097018922,85337.688,24691.845299863493,1,112.20853296828656,85337.688,108683.311,True,148.96929682865624,171.34092289505625,22.371626066400008
lamf-test-392c05ba-10be-4e78-a3a0-52bfeef6fc2d,"{<resource_manager.instance.OnPremInstance object at 0x131c43620>: [(3, 85367.688, 88847.688), (2, 88847.688, None), (3, 100757.688, None)]}",321.5347583668584,152559.54534678225,85367.688,24695.063639767493,1,92.09901893680129,85367.688,104736.639,True,145.3574702258727,167.32263885387272,21.965168628000004
lamf-test-3db3ef42-5e5e-4b66-b377-23e8be44e0c4,"{<resource_manager.instance.OnPremInstance object at 0x131c43620>: [(3, 85397.688, 88877.688), (1, 88877.688, None), (2, 98807.688, None), (3, 109967.688, None)]}",310.51400717904033,152190.833180169,85397.688,24696.063639767493,2,84.35622262160226,85397.688,114443.71,True,120.04483615727626,152.7792432964763,32.73440713920003
lamf-test-8638fd62-6efe-4c20-99a4-4066fa449bb7,"{<resource_manager.instance.OnPremInstance object at 0x131c43620>: [(2, 85427.688, None), (1, 102017.688, None)]}",298.8839218054394,152427.87494146856,85427.688,24697.063639767493,3,50.46771617613506,85427.688,105501.84799999998,True,66.36623317362532,84.0635670616253,17.697333887999985
lamf-test-8d9e2b15-af68-4d53-96f3-d2ed88fe313d,"{<resource_manager.instance.OnPremInstance object at 0x131c43620>: [(6, 85577.688, 88577.688), (2, 88577.688, None), (2, 103457.688, None), (2, 108437.688, None)]}",290.64783908667005,152252.41583166676,85577.688,24698.336220165493,3,152.2245037645448,85577.688,118015.90981086972,True,190.35566334355212,241.1162319424847,50.760568598932565
lamf-test-0c9d7093-d308-489f-9f7c-949564b43da8,"{<resource_manager.instance.OnPremInstance object at 0x131c43620>: [(3, 85607.688, 89087.688), (2, 89087.688, None), (4, 98027.688, None)]}",341.93839758920444,152220.46002677598,85607.688,24704.305819272493,3,70.4540269221994,85607.688,104208.92099999999,True,99.48649783253472,126.0157384613347,26.529240628799982
lamf-test-61ec6a0a-d66e-4c08-8b27-302f072141f8,"{<resource_manager.instance.OnPremInstance object at 0x131c43620>: [(5, 87677.688, None)]}",101.82362679709799,55935.92999209672,87677.688,24705.65674909549,1,,87677.688,87693.08799999999,False,0.20261616852984965,,
lamf-test-8add939b-0d3e-460d-9871-cabe0ac805f6,"{<resource_manager.instance.CloudReservedInstance object at 0x131e0d1d0>: [(1, 87707.688, None)], <resource_manager.instance.CloudOnDemandInstance object at 0x131c66780>: [(1, 87707.688, None)], <resource_manager.instance.CloudReservedInstance object at 0x131e143b0>: [(2, 147527.688, None)]}",308.8827630823316,152233.1512906935,87707.688,24709.51055088049,1,233.5356300859381,87707.688,152248.55129069352,False,277.4567604047082,,
lamf-test-cfddfdef-fe2e-45ad-8560-6fe3d62d6b0a,"{<resource_manager.instance.OnPremInstance object at 0x131c43620>: [(2, 87737.688, None)]}",315.13941756268656,152813.18778162892,87737.688,24710.51055088049,3,7.57472051106548,87737.688,97384.75899999999,True,29.346934367632507,37.1726383628325,7.825703995199997
lamf-test-17816b27-b52b-478c-9ec4-0160430c532f,"{<resource_manager.instance.OnPremInstance object at 0x131c43620>: [(3, 87767.688, None)]}",105.18873887331532,55900.086322827294,87767.688,24711.51055088049,1,,87767.688,87783.08799999999,False,0.12297513118863707,,
lamf-test-e53ad4a6-c56e-4dd1-b22c-a4f51924970e,"{<resource_manager.instance.OnPremInstance object at 0x131c43620>: [(4, 87917.688, None)]}",55.354429897570796,38944.841997386786,87917.688,24712.51055088049,3,,87917.688,87933.08799999999,False,0.09369533804848537,,
lamf-test-ef516eeb-4aa2-4149-84fb-f2df08d8e508,"{<resource_manager.instance.OnPremInstance object at 0x131c43620>: [(2, 87947.688, None), (1, 103547.688, None), (2, 107747.688, None)]}",311.8946764585727,152439.35354271557,87947.688,24714.27122717749,3,66.62103582021446,87947.688,111728.711,True,96.897277359495,122.73607200349501,25.838794644
lamf-test-b3e3f869-98f2-4ec8-bbf6-0c042404572c,"{<resource_manager.instance.OnPremInstance object at 0x131c43620>: [(4, 88037.688, 92027.688), (2, 92027.688, None)]}",313.64851936596733,152867.3589572289,88037.688,25268.81939612449,2,14.53222321887443,88037.688,105418.10299999999,True,50.93366146616711,68.2693421141671,17.335680647999993
lamf-test-82c4ab04-3ecb-433b-af0f-ca823445bb19,"{<resource_manager.instance.OnPremInstance object at 0x131c43620>: [(2, 88067.688, 90077.688), (1, 90077.688, None), (3, 99017.688, None), (1, 104507.688, None)]}",315.22781690787207,153155.33368224808,88067.688,25292.496289431492,2,83.26336976093826,88067.688,111973.72253098292,True,106.83417579448806,136.13884582332145,29.304670028833378
lamf-test-126e2855-07db-43fa-b439-d9b840b19bc8,"{<resource_manager.instance.OnPremInstance object at 0x131c43620>: [(5, 88577.688, 90587.688), (2, 90587.688, None)]}",318.1127601463231,153622.72541256875,88577.688,25868.975549655494,2,8.04361448171935,88577.688,97052.04099999998,True,25.6167626282257,34.93692578182569,9.32016315359999
lamf-test-48a10b5f-21dc-470f-9659-627dfd23c08d,"{<resource_manager.instance.OnPremInstance object at 0x131c43620>: [(3, 88757.688, None)]}",92.04085175874731,57184.76954002807,88757.688,25883.134855461492,1,,88757.688,88773.08799999999,False,0.12297513118863707,,
lamf-test-e15b5aaf-9b3e-4030-9089-2acfa9cb2d3e,"{<resource_manager.instance.OnPremInstance object at 0x131c43620>: [(5, 88817.688, None)]}",97.31114029433286,57064.92557548304,88817.688,25896.34715561749,3,,88817.688,88833.08799999999,False,0.11711917256060674,,
lamf-test-66cd8497-ae77-462b-b793-0f387087c6da,"{<resource_manager.instance.OnPremInstance object at 0x131c43620>: [(6, 88877.688, 93857.688), (2, 93857.688, None)]}",301.4980639885899,153793.92325886784,88877.688,25898.236506999492,2,21.522812314263373,88877.688,108252.03899999999,True,60.6534202182272,84.44944574942718,23.796025531199994
lamf-test-001a4b71-83f9-4df6-aec9-864db3283caa,"{<resource_manager.instance.OnPremInstance object at 0x131c43620>: [(2, 88907.688, None)]}",48.99000092192328,39922.309870646146,88907.688,25911.372211509493,3,,88907.688,88923.08799999999,False,0.046847669024242686,,
lamf-test-48b882cf-9036-46be-bc48-393458a804a5,"{<resource_manager.instance.OnPremInstance object at 0x131c43620>: [(3, 88997.688, None), (2, 97187.688, None), (1, 102167.688, None)]}",302.75177020472233,153302.04792253394,88997.688,25915.219253721494,1,132.05795117499432,88997.688,107631.62099999998,True,220.56793132557596,253.92999067437592,33.362059348799974
lamf-test-41abfa7b-4d2e-4f8d-8223-ac01154402e5,"{<resource_manager.instance.OnPremInstance object at 0x131c43620>: [(5, 89477.688, 92477.688), (1, 92477.688, None), (2, 100427.688, None)]}",281.0110578746165,154269.4814545919,89477.688,26457.080673699493,1,61.84120465434633,89477.688,103914.54899999998,True,90.48072005475692,104.0320525195569,13.551332464799989
lamf-test-f7a44344-fc5e-4a49-a1d7-2ef5e757b2cc,"{<resource_manager.instance.OnPremInstance object at 0x131c43620>: [(5, 90557.688, None)]}",58.088742770112894,40606.229241442095,90557.688,26458.919609058492,1,,90557.688,90573.08799999999,False,0.20261616852984965,,
lamf-test-19bc22b3-fa83-4e8f-80ba-b5e9bf28dfd3,"{<resource_manager.instance.OnPremInstance object at 0x131c43620>: [(3, 90587.688, None), (3, 101537.688, None)]}",295.4218339024769,154368.75541533798,90587.688,26462.536447917493,3,133.74401095140314,90587.688,115374.129,True,176.23947980835047,223.2358026259505,46.99632281760002
lamf-test-6849d36d-a755-4e76-b818-c17b557c62c1,"{<resource_manager.instance.OnPremInstance object at 0x131c43620>: [(3, 90617.688, None)]}",39.636907285102794,40719.55433912557,90617.688,26463.536447917493,2,,90617.688,90633.08799999999,False,0.049677043187284775,,
lamf-test-2655d61c-0fa6-49c7-9b40-d21f2644dd36,"{<resource_manager.instance.OnPremInstance object at 0x131c43620>: [(4, 90737.688, None)]}",98.54453325124068,57628.452082269636,90737.688,26471.19714751949,3,,90737.688,90753.08799999999,False,0.09369533804848537,,
lamf-test-99025f0c-24c1-4390-aabb-11e1215ca402,"{<resource_manager.instance.OnPremInstance object at 0x131c43620>: [(4, 90797.688, 94787.688), (1, 94787.688, None), (1, 103727.688, None)]}",311.1930919467007,153892.9665621156,90797.688,26473.60622033849,1,67.33515856719143,90797.688,109191.22099999999,True,98.08285360103427,112.61431157063427,14.531457969599996
lamf-test-5092ef74-6b46-43b7-99dd-8d0710db91b8,"{<resource_manager.instance.OnPremInstance object at 0x131c43620>: [(2, 90827.688, None)]}",322.80175063254035,154315.92527722317,90827.688,26474.60622033849,2,4.077704639545455,90827.688,102950.80399999999,True,32.956324239298475,42.79059593849847,9.834271699199995
lamf-test-6620de74-3135-4711-a32d-634f822e03d2,"{<resource_manager.instance.OnPremInstance object at 0x131c43620>: [(4, 90857.688, None)]}",98.27879946704434,57610.31129222346,90857.688,26476.43813990949,3,,90857.688,90873.08799999999,False,0.09369533804848537,,
lamf-test-7ebc6423-600b-435f-a9e9-a2b0849ab334,"{<resource_manager.instance.OnPremInstance object at 0x131c43620>: [(2, 90977.688, None), (4, 98657.688, None)]}",316.11199289564274,154568.35445447513,90977.688,26477.43813990949,3,73.1918777093315,90977.688,106131.28254057982,True,91.56828236896942,115.98603804292449,24.417755673955064
lamf-test-bd57b50e-03ca-4810-aec9-f7f4669d252f,"{<resource_manager.instance.OnPremInstance object at 0x131c43620>: [(6, 92117.688, None)]}",70.84381642365693,40477.84884370626,92117.688,26479.65942564949,3,,92117.688,92133.08799999999,False,0.14054300707272807,,
lamf-test-a4fb3475-0825-4c5b-85c8-d701cc8e051a,"{<resource_manager.instance.OnPremInstance object at 0x131c43620>: [(3, 92177.688, None)]}",101.67173585300391,57520.68167124604,92177.688,26491.94512386949,2,,92177.688,92193.08799999999,False,0.049677043187284775,,
lamf-test-e78e1cc2-6e29-4c61-bc91-985e5bc2f3d3,"{<resource_manager.instance.OnPremInstance object at 0x131c43620>: [(2, 92207.688, None), (2, 108287.688, None)]}",302.016014841831,154242.08784733055,92207.688,26493.37938800149,2,43.71299373592727,92207.688,111276.42999999998,True,59.96260322899967,77.85563424979964,17.893031020799974
lamf-test-40e901f4-82e9-4267-8389-b0ffba33f220,"{<resource_manager.instance.OnPremInstance object at 0x131c43620>: [(2, 92237.688, None), (3, 97697.688, None)]}",288.17880631872265,154416.73960918246,92237.688,26500.77842177749,3,54.48323066392881,92237.688,114964.06030974003,True,147.92282538398382,187.3681804281366,39.44535504415279
lamf-test-6b1442b6-bf8d-43ee-9a7c-ebfe1af3d782,"{<resource_manager.instance.OnPremInstance object at 0x131c43620>: [(6, 92477.688, None)]}",47.933135757937364,40711.602763844,92477.688,26504.87471630449,3,,92477.688,92493.08799999999,False,0.14054300707272807,,
lamf-test-c274bdfc-8db1-4605-b2d9-a7aecde8c778,"{<resource_manager.instance.OnPremInstance object at 0x131c43620>: [(6, 92537.688, 97007.688), (2, 97007.688, None), (2, 108917.688, None)]}",265.46601281858847,154391.66880636668,92537.688,26505.87471630449,1,134.67944330367328,92537.688,111906.639,True,166.95802281542325,192.34688091782326,25.3888581024
lamf-test-d82e7cf7-6019-488e-8e11-17029d37b11e,"{<resource_manager.instance.OnPremInstance object at 0x131c43620>: [(4, 93557.688, None)]}",58.17814683116276,40454.25361091327,93557.688,26511.81003385349,1,,93557.688,93573.08799999999,False,0.16279564985924336,,
lamf-test-bb0f8113-f05a-4407-a64f-cf580915278f,"{<resource_manager.instance.OnPremInstance object at 0x131c43620>: [(3, 93587.688, None)]}",55.45396955229691,41132.25071965693,93587.688,27066.501404020488,1,,93587.688,93603.08799999999,False,0.12297513118863707,,
lamf-test-b5a60c8a-d1f9-478b-ae9a-509c17955932,"{<resource_manager.instance.OnPremInstance object at 0x131c43620>: [(2, 93617.688, None), (2, 99077.688, None), (1, 100577.688, None)]}",324.40240962171197,154678.82123823639,93617.688,27068.642377738488,3,25.73579739904175,93617.688,105053.295,True,59.77342003194162,75.71270302794163,15.939282996000008
lamf-test-9a7f6ef4-eca1-47fa-bd17-e85ad4733068,"{<resource_manager.instance.OnPremInstance object at 0x131c43620>: [(2, 93647.688, None)]}",78.08322369616431,58110.44726096164,93647.688,27075.22403339249,3,,93647.688,93663.08799999999,False,0.046847669024242686,,
lamf-test-1427c66a-6963-488b-ab08-8c64fb5d9b94,"{<resource_manager.instance.OnPremInstance object at 0x131c43620>: [(2, 93677.688, None), (1, 103337.688, None)]}",298.2879652023477,154841.9874353908,93677.688,27082.35408847349,3,29.386265115217885,93677.688,111286.203,True,65.65601186402006,83.16395691602006,17.507945051999997
lamf-test-2ac6e5ae-946b-4f89-bc34-4a9884f2cfe6,"{<resource_manager.instance.OnPremInstance object at 0x131c43620>: [(5, 93857.688, None)]}",95.77075929852428,58164.75994240572,93857.688,27090.67573546949,2,,93857.688,93873.08799999999,False,0.06162769304399561,,
lamf-test-9ae48453-c026-4d89-8443-e59c272cd1c1,"{<resource_manager.instance.OnPremInstance object at 0x131c43620>: [(3, 93917.688, None)]}",49.958054880775016,41267.91072402751,93917.688,27096.04766884349,3,,93917.688,93933.08799999999,False,0.07027150353636404,,
lamf-test-149ce9f5-0d8c-4297-a44f-d357e4f39148,"{<resource_manager.instance.OnPremInstance object at 0x131c43620>: [(2, 93947.688, None), (4, 98417.688, None)]}",300.3994249069391,154541.62719689467,93947.688,27103.34613906699,2,87.71585571897234,93947.688,112904.8281623193,True,104.29891217186383,143.18088047088412,38.88196829902027
lamf-test-69f48fe6-1e8c-4fc5-9c19-482eb942f9fa,"{<resource_manager.instance.OnPremInstance object at 0x131c43620>: [(5, 93977.688, None)]}",98.65433601246767,58427.82450634497,93977.688,27105.68169917849,1,,93977.688,93993.08799999999,False,0.20261616852984965,,
lamf-test-40d5168b-a00e-400f-be31-0989d001eb8a,"{<resource_manager.instance.OnPremInstance object at 0x131c43620>: [(5, 94037.688, 99017.688), (1, 99017.688, None), (5, 104987.688, None)]}",309.100009518621,154773.35488691297,94037.688,27111.93549433349,1,225.57837097878166,94037.688,117159.15165772966,True,276.7082947846398,318.8496407420907,42.1413459574509
lamf-test-24897bbd-5428-45bb-8605-42c32b3705e5,"{<resource_manager.instance.OnPremInstance object at 0x131c43620>: [(4, 94817.688, 98297.688), (2, 98297.688, None), (2, 102767.688, None)]}",286.04299928912167,154919.69151562874,94817.688,27114.87392063549,1,115.67647729865388,94817.688,110771.18000000001,True,147.3561384135677,169.61301983436772,22.25688142080002
lamf-test-9e35d55c-f665-44e0-9363-3dbcea008e08,"{<resource_manager.instance.OnPremInstance object at 0x131c43620>: [(5, 95657.688, None)]}",86.26069651046296,60752.399827008485,95657.688,29470.87379971949,1,,95657.688,95673.08799999999,False,0.20261616852984965,,
lamf-test-d25e5772-26d6-4d1a-8442-10078b0905a7,"{<resource_manager.instance.OnPremInstance object at 0x131c43620>: [(3, 95717.688, None)]}",48.70139863364064,43513.14091650929,95717.688,29510.81242674149,2,,95717.688,95733.08799999999,False,0.049677043187284775,,
lamf-test-9b398170-0f91-43dd-888b-ca47a69e7be6,"{<resource_manager.instance.OnPremInstance object at 0x131c43620>: [(5, 95777.688, None)]}",66.9431854355246,50160.750053629075,95777.688,36091.30112739749,1,,95777.688,95793.08799999999,False,0.20261616852984965,,
lamf-test-5aa93d3d-910f-451f-93e3-8a493339688f,"{<resource_manager.instance.OnPremInstance object at 0x131c43620>: [(2, 95837.688, None)]}",113.0038570701071,67434.29777582778,95837.688,36104.80136918849,1,,95837.688,95853.08799999999,False,0.08315461251803077,,
