,instances,budget,deadline,sched_start_time,submit_time,software_id,current_license_cost,exec_start_time,finish_time,complete,license_cost,cost,hardware_cost
lamf-test-ce4837ee-c9b5-4728-816b-793fbe63012e,"{<resource_manager.instance.OnPremInstance object at 0x139143e00>: [(5, 30, 390), (2, 390, None), (6, 3840, None), (7, 4650, None), (10, 5280, None)]}",64.81020493737797,14109.368596154949,30,1.0,1,65.35706137348848,30,5760.1461313637155,True,96.8336729207942,111.69228269282227,14.858609772028075
lamf-test-fdbe52b3-5ac4-4817-bbd7-3ee39ada2008,"{<resource_manager.instance.OnPremInstance object at 0x139143e00>: [(3, 60, 3540), (1, 3540, None)]}",309.54978900857253,127499.4040162151,60,14.166347134,1,27.78918548939083,60,69322.742,True,212.89538778614343,243.81133194134344,30.9159441552
lamf-test-312a25ed-966e-4a84-89af-21712bfc7175,"{<resource_manager.instance.OnPremInstance object at 0x139143e00>: [(4, 1200, 5670), (1, 5670, None)]}",330.5774711754339,128551.14866804681,1200,1193.193606004,1,47.25302304357746,1200,22031.878,True,93.29374750931629,107.18225322611629,13.888505716800001
lamf-test-6d60a076-8aec-42f5-ae5c-3923b3793c72,"{<resource_manager.instance.OnPremInstance object at 0x139143e00>: [(5, 1230, 6690), (2, 6690, None)]}",295.26855467250385,128830.3415304422,1230,1210.672794469,1,71.83664156970111,1230,26756.858999999997,True,180.1906600501939,207.5417760709939,27.3511160208
lamf-test-c2212f64-c788-46d9-9572-57170e08d2ac,"{<resource_manager.instance.OnPremInstance object at 0x139143e00>: [(4, 6600, None), (6, 7860, None)]}",57.825321252479114,20747.549400939046,6600,6584.806130566,3,7.665982203969882,6600,8153.834999999999,True,12.135295459730763,15.37131421973076,3.2360187599999963
lamf-test-c947c209-c0e1-414b-aa78-1430406df6ae,"{<resource_manager.instance.OnPremInstance object at 0x139143e00>: [(2, 6630, None)]}",91.00759406898061,37649.09159490064,6630,6604.275095647,3,2.007757243896874,6630,17708.147999999997,True,33.70035135751767,42.686945015117665,8.986593657599999
lamf-test-a35e3102-219f-4336-95ce-4d87e6b5e69c,"{<resource_manager.instance.OnPremInstance object at 0x139143e00>: [(6, 6660, 7950), (1, 7950, None), (5, 9450, None)]}",88.24903114605627,37820.068197686734,6660,6611.645422138,3,14.054300707278118,6660,12068.626,True,37.95232489162674,48.07275712522674,10.120432233599999
lamf-test-1b5247ff-56d3-4066-aafc-ee4137f1169c,"{<resource_manager.instance.OnPremInstance object at 0x139143e00>: [(3, 6690, 7650), (2, 7650, None)]}",98.97570184637311,37963.37045683576,6690,6606.556963615,3,4.380561259411362,6690,23351.699999999993,True,52.14601870864702,66.05136574864702,13.905347039999993
lamf-test-f42e0220-9054-4dba-814a-9d6b93e25e15,"{<resource_manager.instance.OnPremInstance object at 0x139143e00>: [(2, 6720, None)]}",293.5168981771201,134370.6328422382,6720,6583.789051579,3,,6720,33154.367999999995,True,80.41483915126624,101.85839847286623,21.443559321599995
lamf-test-8d2ae00d-f906-47ac-81a5-138a54772bef,"{<resource_manager.instance.OnPremInstance object at 0x139143e00>: [(2, 6750, None)]}",310.3508838593914,134435.63092943246,6750,6627.094995271,3,6.114533424595026,6750,36658.530999999995,True,90.98343904479425,115.24523939199425,24.261800347199994
lamf-test-0aa73555-99c3-40be-a09f-6bf3df006265,"{<resource_manager.instance.OnPremInstance object at 0x139143e00>: [(6, 6780, None)]}",310.4901833144852,134444.00613095096,6780,6592.588075969,3,,6780,22665.188000000002,True,144.97091489847136,183.62910841527136,38.658193516800004
lamf-test-761a035c-9b31-431d-b128-35fe1a248496,"{<resource_manager.instance.OnPremInstance object at 0x139143e00>: [(4, 6810, None)]}",281.9460745575701,134559.19408895262,6810,6597.919657759,1,,6810,33394.424999999996,True,281.0278405201916,324.1584116401916,43.13057111999999
lamf-test-b41bc5e6-51fb-4710-b8ea-caebbe600cb8,"{<resource_manager.instance.OnPremInstance object at 0x139143e00>: [(6, 7200, 9210), (2, 9210, None)]}",308.5846884800438,135287.03944513213,7200,7186.825689001,2,8.686918223226783,7200,14683.935,True,23.567644987273614,32.899637059273616,9.331992072
lamf-test-cbef53e7-aa65-412f-b9a4-02aefd0bda1b,"{<resource_manager.instance.OnPremInstance object at 0x139143e00>: [(2, 7230, None)]}",89.7921856815224,38475.799588863265,7230,7227.0705610780005,1,,7230,19260.115999999998,True,64.95841782645067,74.71724792565067,9.758830099199999
lamf-test-decf70b3-3bab-4cf4-b55a-9508b27560e7,"{<resource_manager.instance.OnPremInstance object at 0x139143e00>: [(3, 7260, None)]}",317.6420201174764,134809.00700926565,7260,7239.942852874001,2,,7260,31011.023000000005,True,76.61562307231429,105.5158678587143,28.90024478640001
lamf-test-8a5bf643-d5be-430a-ac2f-d8a1f25fa6d3,"{<resource_manager.instance.OnPremInstance object at 0x139143e00>: [(3, 7290, 9300), (1, 9300, None)]}",322.3613792231315,134918.45173915435,7290,7211.292875344,2,6.483821870550658,7290,39254.176,True,67.26193669825952,81.85711848385952,14.595181785600001
lamf-test-1faee22d-4d95-436a-a021-6148365dd51b,"{<resource_manager.instance.OnPremInstance object at 0x139143e00>: [(2, 7800, None)]}",300.8642397517245,135205.91368313512,7800,7790.477326234,3,,7800,42437.921,True,105.37051030496615,133.46879182016613,28.0982815152
lamf-test-17be3ad6-6cd4-4c64-93c6-3fc4d170d157,"{<resource_manager.instance.OnPremInstance object at 0x139143e00>: [(2, 7830, None), (4, 9540, None)]}",64.77903730143166,21796.85186094635,7830,7822.479841531,2,7.510867224427534,7830,12063.641000000001,True,20.700532384370263,28.229217121970265,7.528684737600004
lamf-test-17aa2292-304e-4763-ab73-533f31d66f3d,"{<resource_manager.instance.OnPremInstance object at 0x139143e00>: [(5, 7860, 9150), (2, 9150, None)]}",100.9864715008785,38974.143310935484,7860,7804.410820987,2,5.162319741998986,7860,13796.408,True,17.793439381213062,24.178725550813063,6.3852861696
lamf-test-410c24b3-e037-404b-8fa3-3b9be7b4adaa,"{<resource_manager.instance.OnPremInstance object at 0x139143e00>: [(5, 7890, 9330), (1, 9330, None)]}",105.56808496111117,38980.13666665528,7890,7823.479841531,3,10.951403148528405,7890,10923.282,True,13.374830025096964,16.941385204296964,3.5665551791999994
lamf-test-585c2356-1279-476b-b41a-cbdb8ebd0ee3,"{<resource_manager.instance.OnPremInstance object at 0x139143e00>: [(4, 7920, None)]}",290.6639501784463,135373.26695045142,7920,7799.3812220705,2,,7920,21436.760999999995,True,49.23022256846524,71.15981561486522,21.92959304639999
lamf-test-dbfc6e86-f385-4c1b-a2d1-36902c12232e,"{<resource_manager.instance.OnPremInstance object at 0x139143e00>: [(2, 7950, None)]}",332.81097832014945,135634.45406585402,7950,7834.350473656999,3,,7950,54200.428,True,140.69641189444062,178.2147590880406,37.5183471936
lamf-test-3e8d9edc-8d07-4ff0-a6aa-1b9473f39dae,"{<resource_manager.instance.OnPremInstance object at 0x139143e00>: [(5, 8400, 9390), (1, 9390, None)]}",46.55013787044631,22579.650821059382,8400,8392.77296138,1,13.025325119780971,8400,18945.518,True,39.913618221918014,45.797056322718014,5.883438100799999
lamf-test-905b51bb-7f4b-480b-babc-216c95cb3e5c,"{<resource_manager.instance.OnPremInstance object at 0x139143e00>: [(4, 8430, None)]}",76.07511246679637,22545.076600695153,8430,8408.165217865,3,7.848505589778689,8430,11008.969000000001,True,15.690738459198423,19.874857764798424,4.184119305600001
lamf-test-7b6d3b7a-f2bc-4206-bf5c-c8e1aaff27be,"{<resource_manager.instance.OnPremInstance object at 0x139143e00>: [(3, 8460, None), (5, 9270, None)]}",57.77199384513077,22578.864583567465,8460,8402.022374863,2,2.612883440371161,8460,9495.260000000002,True,4.240968173063883,5.957499821063889,1.7165316480000068
lamf-test-794e981d-7b48-479b-88a9-08c76168b3f4,"{<resource_manager.instance.OnPremInstance object at 0x139143e00>: [(2, 8490, None)]}",55.43753343799916,22613.658123720877,8490,8435.918107094,3,3.832991101984941,8490,12498.055,True,12.192729485131949,15.444063701131949,3.251334216
lamf-test-8daeea4f-cbbf-4fb6-b9f3-5857c1ab865e,"{<resource_manager.instance.OnPremInstance object at 0x139143e00>: [(4, 8520, 9120), (2, 9120, None)]}",56.56222725445129,22614.16206376342,8520,8393.77296138,1,6.342687656856034,8520,12892.168,True,26.71107521484523,30.744497896445232,4.033422681599999
lamf-test-d89dd74a-ca32-43e3-9fdb-057b16e15c3a,"{<resource_manager.instance.OnPremInstance object at 0x139143e00>: [(2, 8550, None)]}",52.589033620058174,22645.805247480013,8550,8437.900612915999,1,,8550,15159.002,True,35.68629872994145,41.047521152341446,5.3612224224
lamf-test-ee649544-0852-4484-9313-a2ec39aaf5e5,"{<resource_manager.instance.OnPremInstance object at 0x139143e00>: [(4, 8580, None)]}",94.51083597672981,39415.7231850689,8580,8385.370603934,1,,8580,14456.974000000002,True,62.126350749106415,71.66115336670642,9.534802617600002
lamf-test-9d73df9e-a4e9-43ed-b3cd-731892da568c,"{<resource_manager.instance.OnPremInstance object at 0x139143e00>: [(6, 8610, None)]}",116.24356079750007,39559.67373052784,8610,8443.822951708999,3,,8610,11629.289365149953,True,27.5545458831846,34.90228848221352,7.347742599028925
lamf-test-d53de693-fd3a-47ec-b96e-28dcf292d471,"{<resource_manager.instance.OnPremInstance object at 0x139143e00>: [(4, 8640, None)]}",82.04480128359563,39571.981481590214,8640,8409.165217865,2,,8640,17304.185999999998,True,31.556362145826252,45.613137512226245,14.056775366399997
lamf-test-665b3cd3-6953-4941-a220-b425974f248a,"{<resource_manager.instance.OnPremInstance object at 0x139143e00>: [(3, 8670, None)]}",295.24467469152273,135968.70890990927,8670,8394.77296138,3,,8670,23499.561,True,67.66854209445586,85.71315191925586,18.044609824800002
lamf-test-e86f1528-c4b7-428d-9220-137c2eee5f81,"{<resource_manager.instance.OnPremInstance object at 0x139143e00>: [(5, 8700, None)]}",291.443531643958,136343.00278102406,8700,8403.974288317,2,69.91000678773109,8700,31802.549221242898,True,92.45174103513605,139.30371085581663,46.851969820680594
lamf-test-d608e81f-e921-488f-9511-ac29f6be8717,"{<resource_manager.instance.OnPremInstance object at 0x139143e00>: [(4, 8730, None)]}",290.8535591080783,136466.3849121465,8730,8432.239370939,3,,8730,17666.862,True,54.372877024868814,68.87204193366881,14.499164908800001
lamf-test-700b88cb-1fe1-443f-85f3-4e83586778d7,"{<resource_manager.instance.OnPremInstance object at 0x139143e00>: [(2, 9000, None)]}",323.88597973304996,136270.15838591568,9000,8992.395766960999,1,,9000,40658.967,True,170.94734633812456,196.62910036852455,25.681754030399997
lamf-test-0ae28a41-e363-4bde-bdce-50f826df3b42,"{<resource_manager.instance.OnPremInstance object at 0x139143e00>: [(4, 9030, None)]}",87.69850691765791,40301.138586478235,9030,9023.346194048998,3,,9030,16937.442,True,48.1097695642254,60.9388034650254,12.829033900799999
lamf-test-50c28631-c9b3-47d9-9e36-b5f64438ea4d,"{<resource_manager.instance.OnPremInstance object at 0x139143e00>: [(6, 9060, 9870), (2, 9870, None)]}",57.792712238435485,22923.38994485433,9060,9032.649220496998,3,7.392197125256673,9060,14334.572,True,20.973677085709937,26.566553892109937,5.5928768064
lamf-test-f035cec5-13b9-4feb-9d16-93fce26c2cc2,"{<resource_manager.instance.OnPremInstance object at 0x139143e00>: [(3, 9090, None), (7, 9930, None)]}",59.50673849065216,23251.785872909793,9090,9044.776540640998,2,2.709656901125648,9090,13159.382665538507,True,28.02194911103311,42.142437202457295,14.120488091424187
lamf-test-01aed4d0-4ac3-4934-b29d-300b9eb1cf38,"{<resource_manager.instance.OnPremInstance object at 0x139143e00>: [(6, 9120, None)]}",48.38806555130056,23406.271128649067,9120,9042.679897823999,3,,9120,10052.804,True,8.51292721879991,10.78299903319991,2.2700718144000005
lamf-test-f6a7b87b-3fe2-4927-871e-a0cac1bfa236,"{<resource_manager.instance.OnPremInstance object at 0x139143e00>: [(3, 9150, None)]}",80.84812600328213,40347.622784057756,9150,9041.512597391998,3,,9150,17479.7,True,38.00912616929044,48.14470512929044,10.135578960000002
lamf-test-76901c5b-cc70-4a21-8b6a-aa4aa3dedd24,"{<resource_manager.instance.OnPremInstance object at 0x139143e00>: [(2, 9180, None)]}",295.82083300729096,136309.91228674466,9180,9006.153098476998,2,,9180,18827.071,True,26.225270783149604,34.050974778349605,7.8257039952
lamf-test-6ea3ccb6-5ec7-474a-bd76-4c0b7e74a8fd,"{<resource_manager.instance.OnPremInstance object at 0x139143e00>: [(4, 9210, None)]}",318.43627200467716,136532.89595065016,9210,9037.153785290999,3,,9210,18857.071,True,58.693868735265035,74.34527672566503,15.6514079904
lamf-test-9da27dae-e6dc-4f47-b706-a6e8a3713464,"{<resource_manager.instance.OnPremInstance object at 0x139143e00>: [(6, 9240, None)]}",296.9549680882063,136792.91331762372,9240,9028.262096354998,3,,9240,14215.189999999999,True,45.404426192105845,57.51204857610584,12.107622383999997
lamf-test-c0570041-d32e-4e8b-8d2d-a250dfe399fc,"{<resource_manager.instance.OnPremInstance object at 0x139143e00>: [(5, 9270, None)]}",309.1917473885502,136839.13290949506,9270,9007.153098476998,1,146.79809810631988,9270,27360.826530982948,True,238.01908813294165,274.70728433777504,36.68819620483342
lamf-test-cacf2328-5a7f-4177-ad3a-d6767db7f233,"{<resource_manager.instance.OnPremInstance object at 0x139143e00>: [(5, 9300, None)]}",299.34289693362723,136918.36854983354,9300,8993.878089733998,2,,9300,23361.842999999997,True,56.272658703713354,84.79007630771335,28.51741760399999
lamf-test-ca7252f0-85f2-4005-896c-fb17b2f26952,"{<resource_manager.instance.OnPremInstance object at 0x139143e00>: [(6, 9330, None)]}",304.02222934164064,137018.88910004773,9330,9022.234987208998,1,,9330,25117.425,True,248.53578028747432,286.9560577674743,38.42027748
lamf-test-6718dd63-82fd-49d3-b154-c2385c7724e4,"{<resource_manager.instance.OnPremInstance object at 0x139143e00>: [(4, 9600, None)]}",53.92864783453742,23693.638117804294,9600,9590.878976042997,1,,9600,13813.329000000002,True,44.539716404289315,51.37542137388932,6.835704969600003
lamf-test-0ee3ab93-6383-46f5-aeca-265dafdbd84c,"{<resource_manager.instance.CloudReservedInstance object at 0x139350710>: [(5, 9630, None)]}",39.66592451958817,23740.897059900235,9630,9611.992397418997,3,,9630,13219.133220905594,True,27.29586448327321,46.899710135859564,19.603845652586358
lamf-test-a5bf6748-f8d5-4a59-badc-d9816f45493a,"{<resource_manager.instance.OnPremInstance object at 0x139143e00>: [(2, 9660, None)]}",54.40376906069801,23798.268505833563,9660,9641.878899736997,2,,9660,18644.549,True,24.424224761015648,31.712490909815646,7.288266148799999
lamf-test-aa879c60-c521-40a2-972a-cf0714098824,"{<resource_manager.instance.CloudReservedInstance object at 0x139350710>: [(1, 9690, None)], <resource_manager.instance.CloudReservedInstance object at 0x139349310>: [(1, 9690, None)]}",56.99333448866139,23844.506483057914,9690,9627.132305322997,2,,9690,22575.32125751209,True,45.65897248445628,64.05405711168054,18.395084627224257
lamf-test-c8383b87-eaaf-4727-8a38-364a265a9c1b,"{<resource_manager.instance.CloudReservedInstance object at 0x139349310>: [(2, 9720, None)]}",87.74670802746411,40656.02505466929,9720,9640.878899736997,2,,9720,40671.425054669286,False,62.801569505831665,,
lamf-test-29b14cf4-c2e0-462e-a5b2-16a34ab23f1f,"{<resource_manager.instance.CloudReservedInstance object at 0x139349310>: [(2, 9750, None)]}",89.42960233211319,40691.40269882296,9750,9610.992397418997,3,,9750,38289.386948990505,True,43.40921279031181,62.54201780091505,19.132805010603235
lamf-test-92b10550-cff6-47f7-a077-4b4db1587046,"{<resource_manager.instance.CloudReservedInstance object at 0x139349310>: [(1, 9780, None)], <resource_manager.instance.CloudReservedInstance object at 0x139349090>: [(3, 9780, None)]}",81.64667311738593,40738.4034140717,9780,9606.268807763998,2,,9780,24564.89147006575,True,52.39007544525485,75.22977578821242,22.839700342957574
lamf-test-107c896d-ee0f-4ca2-89f1-19c67b8002a2,"{<resource_manager.instance.CloudReservedInstance object at 0x139349090>: [(2, 9810, None)]}",98.1671155759394,40842.62167916622,9810,9614.992397418997,3,,9810,15942.911047119684,True,6.218887162136217,11.16446663053353,4.945579468397313
lamf-test-561c40aa-4fd2-4142-aa20-b41c53e185e4,"{<resource_manager.instance.CloudReservedInstance object at 0x139349090>: [(1, 9840, None)], <resource_manager.instance.CloudReservedInstance object at 0x13918a2c0>: [(1, 9840, None)]}",92.22367706149063,40879.05489661612,9840,9601.799702669998,2,,9840,25475.38654354194,True,51.67984124295684,67.15887392106336,15.47903267810652
lamf-test-0ab21652-7e84-40ef-afc1-d04cb7c18425,"{<resource_manager.instance.OnPremInstance object at 0x139143e00>: [(2, 9870, None)]}",99.9394489602227,40882.65871558351,9870,9613.992397418997,3,,9870,13885.172,True,12.214379800745304,15.471487327145304,3.2571075264000005
lamf-test-7dc86417-03bf-4f7d-b2cc-4f303d7c708b,"{<resource_manager.instance.CloudReservedInstance object at 0x13918a2c0>: [(4, 9900, None)]}",122.20824587768153,40924.79372098541,9900,9586.135849427998,2,,9900,17777.220467196646,True,28.690106810423057,47.17951869102703,18.489411880603967
lamf-test-cfb32c98-2421-4b31-9da7-090b5212bb9a,"{<resource_manager.instance.CloudReservedInstance object at 0x13918a2c0>: [(1, 9930, None)], <resource_manager.instance.CloudReservedInstance object at 0x1393586e0>: [(5, 9930, None)]}",311.65623815536327,137138.09757457636,9930,9628.132305322997,1,,9930,43385.278969209205,True,390.1292449574425,530.6012702933581,140.4720253359156
lamf-test-6e11c3c3-b9bf-4aa2-897f-6c03a891a9cd,"{<resource_manager.instance.CloudReservedInstance object at 0x1393586e0>: [(1, 9960, None)], <resource_manager.instance.CloudReservedInstance object at 0x13918a520>: [(1, 9960, None)], <resource_manager.instance.CloudOnDemandInstance object at 0x13918a780>: [(3, 9960, None)]}",323.10613238146993,137221.85687707944,9960,9587.263117934997,3,359.85002661799376,9960,87917.59450096793,True,494.06542006342636,1157.0323952185577,662.9669751551314
lamf-test-c5a6ffed-1196-4516-a2cc-67f21c8eb5f5,"{<resource_manager.instance.CloudOnDemandInstance object at 0x13918a780>: [(2, 9990, None)]}",321.906162634098,137288.35896765083,9990,9589.008056792998,2,,10390.536,39024.53188051978,True,78.92949690415061,208.41189527851662,129.48239837436603
lamf-test-48feb4fc-2742-45dc-808f-e652fe900563,"{<resource_manager.instance.CloudOnDemandInstance object at 0x13918a780>: [(3, 10420.536, None)]}",41.254966979320166,24165.620312651845,10420.536,10200.688759429997,1,,10821.072,20342.990698693884,True,79.23475118737987,145.61001964882274,66.37526846144287
lamf-test-7a641bba-d417-49ff-88d9-3fe54ccc21c1,"{<resource_manager.instance.CloudOnDemandInstance object at 0x13918a780>: [(4, 10851.072, None)], <resource_manager.instance.CloudOnDemandInstance object at 0x1393496d0>: [(1, 10851.072, None)]}",72.4727596207448,24387.88941814575,10851.072,10230.943483868998,1,,11251.608,18416.106998995296,True,91.47772186784181,164.40465925815647,72.92693739031465
lamf-test-d4b58a16-b6c8-4064-88b0-a3ec8e4212ba,"{<resource_manager.instance.OnPremInstance object at 0x139143e00>: [(2, 11281.608, None)]}",56.907858453854786,24582.98341494093,11281.608,10208.534128804997,2,,11281.608,15385.95,True,11.157529610454182,14.486971840854181,3.3294422304
lamf-test-15ce12ce-cdd4-4322-97b9-e92908eec275,"{<resource_manager.instance.OnPremInstance object at 0x139143e00>: [(4, 11311.608, None)]}",62.79223748275714,25078.657825801576,11311.608,10808.640554629996,2,,11311.608,16543.628000000004,True,19.055860282109137,27.544289530109143,8.488429248000006
lamf-test-98a6ab80-499b-4f3a-95f7-4dd7df820566,"{<resource_manager.instance.CloudOnDemandInstance object at 0x1393496d0>: [(2, 11341.608, None)]}",105.87093398460661,41419.955974949065,11341.608,10246.461342049997,1,,11742.144,41435.35597494907,False,84.68086356932965,,
lamf-test-04f3f31f-b20f-4cb7-a3dd-c0c2f380b4cc,"{<resource_manager.instance.OnPremInstance object at 0x139143e00>: [(4, 11772.144, None)]}",63.69847192731158,25494.202861238555,11772.144,11395.407846016993,3,,11772.144,17125.577,True,32.570890562019926,41.25630026121993,8.685409699200001
lamf-test-87f7683b-4f57-45f2-93ec-cd6117faec52,"{<resource_manager.instance.OnPremInstance object at 0x139143e00>: [(2, 11802.144, None)]}",62.86965238334432,25494.5768547323,11802.144,11431.102191346994,1,,11802.144,14208.491000000002,True,12.99343197201309,14.94546065841309,1.9520286864000012
lamf-test-9bb4d80d-2aee-48e9-ac53-5a922312b6c8,"{<resource_manager.instance.CloudOnDemandInstance object at 0x1393496d0>: [(6, 11832.144, None)], <resource_manager.instance.CloudReservedInstance object at 0x139349090>: [(1, 25589.112, None)], <resource_manager.instance.CloudReservedInstance object at 0x13918a2c0>: [(1, 25589.112, None)]}",62.348183689222225,25615.691481554222,11832.144,11419.057112664994,2,44.376980094957986,12232.68,25631.091481554224,False,44.651152064242545,,
lamf-test-c89d3402-a23f-46ae-8720-cd373edbf82e,"{<resource_manager.instance.OnPremInstance object at 0x139143e00>: [(3, 12262.68, None)]}",59.063695813800784,25650.78083513354,12262.68,11421.896451685994,3,,12262.68,16256.283000000003,True,18.22314852840521,23.082564658805214,4.859416130400004
lamf-test-d4113937-9912-4267-ad39-f41249bcbcef,"{<resource_manager.instance.OnPremInstance object at 0x139143e00>: [(2, 12292.68, None)]}",44.164232744169574,25719.045551441573,12292.68,11397.407846016993,3,,12292.68,21040.351,True,26.6109088143585,33.707019529558494,7.096110715199998
lamf-test-067d037c-dcca-41c3-b8b9-a8b36009d0a4,"{<resource_manager.instance.OnPremInstance object at 0x139143e00>: [(4, 12322.68, None)]}",61.80548621708826,25730.949084667263,12322.68,11441.834555698993,2,,12322.68,18459.678000000004,True,22.35193604756541,32.308601602765414,9.956665555200004
lamf-test-d56ac58c-44ed-4cac-88e0-685510119191,"{<resource_manager.instance.OnPremInstance object at 0x139143e00>: [(2, 12352.68, None)]}",70.70390367140996,26120.983787853336,12352.68,12058.985370125492,2,,12352.68,20455.351,True,22.0268660862736,28.5997528014736,6.572886715199998
lamf-test-a7986f20-c88c-442a-a9bb-9d4e408bd120,"{<resource_manager.instance.CloudOnDemandInstance object at 0x1393496d0>: [(3, 12382.68, None)], <resource_manager.instance.CloudOnDemandInstance object at 0x1393491d0>: [(1, 12382.68, None)]}",50.00049139574834,26123.250392047332,12382.68,12018.05914801149,1,,12783.216,26138.650392047333,False,71.48766523106201,,
lamf-test-78749043-3668-43d0-99ce-4ee040f7f664,"{<resource_manager.instance.OnPremInstance object at 0x139143e00>: [(2, 12813.216, None)]}",57.07835905715178,26144.40228162641,12813.216,12024.504993472492,2,,12813.216,15788.128,True,8.087208309759632,10.500456924159632,2.4132486144
lamf-test-093fc8c1-409b-4af5-91bd-f1586aa318b7,"{<resource_manager.instance.CloudOnDemandInstance object at 0x1393491d0>: [(6, 12843.216, None)]}",48.98947611555658,26214.39040005766,12843.216,12059.985370125492,1,,13243.752,26229.79040005766,False,72.28281864811726,,
lamf-test-5f552717-b86e-4e0e-9794-6b12cd0fea27,"{<resource_manager.instance.OnPremInstance object at 0x139143e00>: [(2, 13273.752, None)]}",43.981392744961866,26238.36741726947,13273.752,12001.385600815991,2,,13273.752,22266.001,True,24.445156978165315,31.739669366965316,7.294512388799999
lamf-test-60d40a4b-09c7-4a73-b379-b1d85406ff0e,"{<resource_manager.instance.OnPremInstance object at 0x139143e00>: [(4, 13303.752, None)]}",57.165191884420324,26307.440601981492,13303.752,12009.25597902499,3,,13303.752,22051.423000000003,True,53.22181762871702,67.41403905911702,14.192221430400004
lamf-test-225e7631-1dba-46ce-9a30-f911bc78acd8,"{<resource_manager.instance.OnPremInstance object at 0x139143e00>: [(5, 13333.752, None)]}",48.6051907309817,26440.908412742887,13333.752,12042.516742974492,1,,13333.752,16231.511674642921,True,38.12551705173209,44.00217367190793,5.876656620175843
lamf-test-b31f9afe-254c-4126-a484-8628eb9333c1,"{<resource_manager.instance.CloudReservedInstance object at 0x139350710>: [(5, 13363.752, None)], <resource_manager.instance.CloudOnDemandInstance object at 0x1393491d0>: [(1, 13363.752, None)]}",58.325064065435534,26788.659696434977,13363.752,12610.887199663492,1,,13363.752,18045.592461805158,True,66.70201382955607,96.45365859378468,29.751644764228615
lamf-test-65b278d1-c75b-4135-b5aa-f825706c680d,"{<resource_manager.instance.CloudOnDemandInstance object at 0x1393491d0>: [(4, 13393.752, None)]}",46.808209305960055,26849.02269143782,13393.752,12622.727323462492,1,,13794.288,26864.422691437823,False,49.51573631096115,,
lamf-test-412a625e-1641-430d-83ff-ad06d8ff7ded,"{<resource_manager.instance.CloudOnDemandInstance object at 0x13918a3f0>: [(5, 13824.288, None)]}",48.58977843534464,26889.07849370476,13824.288,12607.389357444492,1,,14224.824,21379.332555104607,True,99.40092083299848,150.69211831760367,51.29119748460518
lamf-test-915cb3ce-20ce-43ae-8b31-7f523a6333eb,"{<resource_manager.instance.OnPremInstance object at 0x139143e00>: [(2, 14254.824, None)]}",71.69092063889612,27257.10908153646,14254.824,13219.761766709993,3,,14254.824,22102.243,True,23.872291429006,30.238117721806,6.365826292799999
lamf-test-cf4eee4f-df46-4434-9c29-6bf0f44daf4d,"{<resource_manager.instance.OnPremInstance object at 0x139143e00>: [(6, 14284.824, None)]}",53.667029478259835,27337.786850006807,14284.824,13237.804670406493,2,,14284.824,17942.31310923084,True,15.807118803099934,24.707984299324103,8.90086549622417
lamf-test-8f4c62d4-1881-4ae7-91f8-3b9d5e4e648b,"{<resource_manager.instance.OnPremInstance object at 0x139143e00>: [(6, 14314.824, None)]}",53.33256697567134,27345.484213345204,14314.824,13217.429116271493,2,,14314.824,18690.205996615514,True,18.90974407959089,29.557673706554404,10.647929626963514
lamf-test-2ec8c349-ada1-458e-a7a4-ab9b6322b2cf,"{<resource_manager.instance.OnPremInstance object at 0x139143e00>: [(4, 14344.824, None)]}",57.00450481534605,27386.554912460633,14344.824,13230.371316973493,2,,14344.824,15357.658000000001,True,3.688904704678064,5.332126586278065,1.6432218816000013
lamf-test-920c97be-abc7-45c8-bf90-73719c07896c,"{<resource_manager.instance.CloudOnDemandInstance object at 0x13918a3f0>: [(3, 14374.824, None)]}",49.27955402462038,27423.767355494747,14374.824,13218.761766709993,2,,14775.36,24772.42028052302,True,33.540379186473295,75.89394787555577,42.353568689082465
lamf-test-4fd50982-b738-4cdf-bdb5-50cd3dff6874,"{<resource_manager.instance.OnPremInstance object at 0x139143e00>: [(2, 14805.36, None)]}",66.98837614575113,27480.217080623683,14805.36,13245.578772420491,2,,14805.36,23785.183,True,24.411377272931322,31.69580969053132,7.2844324176
lamf-test-eb592d2c-c121-4645-b005-4e7f00d8eb14,"{<resource_manager.instance.OnPremInstance object at 0x139143e00>: [(5, 14835.36, None)]}",65.43723826831173,27561.65297769831,14835.36,13227.839909736493,1,,14835.36,18163.837000000003,True,43.79241927142751,50.542570627427516,6.750151356000004
lamf-test-bff6c6c8-6ce7-4a14-8d30-c8d69887c972,"{<resource_manager.instance.CloudOnDemandInstance object at 0x13918a3f0>: [(4, 14865.36, None)]}",62.55972404682857,27864.739874691215,14865.36,13830.165721831492,2,,15265.896,27880.139874691216,False,47.401926386848956,,
lamf-test-f3f23406-4146-4e8a-b0d6-831939b9a4ea,"{<resource_manager.instance.CloudOnDemandInstance object at 0x139358440>: [(5, 15295.896, None)]}",57.3172776265575,27866.049245705737,15295.896,13832.720996285492,1,46.99346444596547,15696.432,27881.44924570574,False,111.34834290950648,,
lamf-test-9fd69545-924f-4ce5-9308-d2123ccec4dc,"{<resource_manager.instance.OnPremInstance object at 0x139143e00>: [(3, 15726.432, None)]}",61.631240803228884,27944.946254449635,15726.432,13823.018233188492,1,,15726.432,17215.375,True,11.88980264658909,13.701548488989088,1.8117458423999993
lamf-test-5a75690c-b8ed-48d0-b610-f947c287d86c,"{<resource_manager.instance.OnPremInstance object at 0x139143e00>: [(5, 15756.432, None)]}",56.45454017440447,27999.091006419865,15756.432,13847.048350234492,3,,15756.432,20799.24176120133,True,38.35127965017362,48.57809784588992,10.226818195716296
lamf-test-9673f22e-b964-4aa7-bb78-d1e21e110802,"{<resource_manager.instance.CloudOnDemandInstance object at 0x139358440>: [(3, 15786.432, None)]}",52.254300807909324,28019.74272289165,15786.432,13865.112878858492,1,,16186.968,28035.14272289165,False,66.13875285765512,,
lamf-test-b036c054-ee21-47f6-aca9-95247c096cfe,"{<resource_manager.instance.CloudReservedInstance object at 0x139349090>: [(2, 16216.968, None)], <resource_manager.instance.CloudOnDemandInstance object at 0x139358440>: [(4, 16216.968, None)]}",40.69689972228568,28078.447117153504,16216.968,13841.069801884492,3,41.228017339721646,16216.968,27200.527955185662,True,55.687681979292016,139.3033272061294,83.6156452268374
lamf-test-5f1a507d-a26f-433c-85e6-51ac89f0d432,"{<resource_manager.instance.OnPremInstance object at 0x139143e00>: [(4, 16276.968, None)]}",64.02975273459877,28141.887259456118,16276.968,13866.112878858492,3,,16276.968,22396.529999999995,True,37.23210586356373,47.16048325236372,9.92837738879999
lamf-test-43098e09-15cf-41fe-b455-41529b19decc,"{<resource_manager.instance.OnPremInstance object at 0x139143e00>: [(4, 16306.968, None)]}",67.69762432994189,28479.184527053818,16306.968,14423.867107929493,1,,16306.968,19747.134000000002,True,36.36649737622634,41.947822694626346,5.581325318400002
lamf-test-ff8adf42-1018-4980-bdfd-c498e4f1b637,"{<resource_manager.instance.OnPremInstance object at 0x139143e00>: [(2, 16336.968, None)]}",50.99968955238831,28532.187964403012,16336.968,14437.255739689494,1,,16336.968,26681.347,True,55.85602775876493,64.24738800356494,8.391360244800001
lamf-test-a37f5b70-4c4f-44b3-a817-99539c326610,"{<resource_manager.instance.OnPremInstance object at 0x139143e00>: [(4, 16576.968, None)]}",57.694188998700625,28559.19955204709,16576.968,14472.498850902493,3,,16576.968,21113.153,True,27.598661495170717,34.958168039170715,7.359506543999996
lamf-test-0fdcad07-bf2d-4d92-8354-0c4ee7d909cf,"{<resource_manager.instance.OnPremInstance object at 0x139143e00>: [(6, 17176.968, None)]}",57.46774388158159,28566.046091312313,17176.968,14470.006530167493,1,,17176.968,21383.80421846168,True,66.22671664929405,76.46447327054238,10.23775662124834
lamf-test-d1831f12-882c-4e14-bb62-b9776ced5649,"{<resource_manager.instance.OnPremInstance object at 0x139143e00>: [(3, 17206.968, None)]}",62.263052342770514,28568.767758771366,17206.968,14439.255739689494,3,,17206.968,19264.476,True,9.38858316221765,11.892158896617648,2.503575734399998
lamf-test-327a626d-9865-47f8-8ba0-52996ec1940c,"{<resource_manager.instance.OnPremInstance object at 0x139143e00>: [(4, 17356.968, None)]}",74.39841740073138,28587.7950514555,17356.968,14448.483770694493,1,,17356.968,23753.944000000003,True,67.62336786067384,78.00182172307385,10.378453862400004
lamf-test-2809816c-7bfc-46e3-bb73-0ce9925ea853,"{<resource_manager.instance.OnPremInstance object at 0x139143e00>: [(2, 17386.968, None)]}",50.90207279429441,28611.266625565433,17386.968,14447.483770694493,1,,17386.968,27954.047000000002,True,57.05852985017873,65.63054433497874,8.5720144848
lamf-test-457a1c73-20e1-45f7-a144-19901295fb3b,"{<resource_manager.instance.OnPremInstance object at 0x139143e00>: [(4, 17536.968, None)]}",49.05334152829353,28612.97958275993,17536.968,14451.142222969493,1,,17536.968,23001.140000000003,True,57.76256049889727,66.62763315169728,8.865072652800004
lamf-test-73802176-7b43-45cb-be2f-758b39305344,"{<resource_manager.instance.OnPremInstance object at 0x139143e00>: [(4, 17716.968, None)]}",57.80879755607951,28614.013053046376,17716.968,14456.743580675493,3,,17716.968,21937.997,True,25.681216822572047,32.52941427217205,6.848197449599998
lamf-test-0d7701be-3ce7-49c1-9391-e93bc28aface,"{<resource_manager.instance.OnPremInstance object at 0x139143e00>: [(2, 17776.968, None)]}",74.93798997685712,28620.0620101382,17776.968,14442.626851206493,3,,17776.968,25738.100000000002,True,24.21821279184729,30.67628307024729,6.458070278400001
lamf-test-e31740c1-403e-4c71-8a7f-0330adf6a272,"{<resource_manager.instance.OnPremInstance object at 0x139143e00>: [(5, 18016.968, None)]}",51.6673689623557,29160.58601809194,18016.968,15081.677526391493,1,,18016.968,22465.423,True,58.52785116738913,67.54931790738912,9.021466739999996
lamf-test-20bd965c-e3af-463e-ad6b-f7ce4b078baa,"{<resource_manager.instance.CloudReservedInstance object at 0x139350710>: [(5, 18076.968, None)]}",49.20241958092055,29271.202402957886,18076.968,15075.750767185493,2,,18076.968,21171.62759959812,True,12.38420336881554,29.287234101820466,16.903030733004925
lamf-test-ff97215d-d288-4a40-9a08-b29190e7eee1,"{<resource_manager.instance.CloudReservedInstance object at 0x13918a2c0>: [(4, 18106.968, None)]}",50.90199713640601,29674.57498410141,18106.968,15622.310510020494,1,65.34668126853752,18106.968,24999.54179592051,True,72.86240456559062,89.04065377937525,16.17824921378462
lamf-test-db07f320-f70e-4581-b141-d95e0791351c,"{<resource_manager.instance.OnPremInstance object at 0x139143e00>: [(4, 18196.968, None)]}",67.5503798079176,29730.086627760124,18196.968,15680.981123280495,2,,18196.968,21619.032000000003,True,12.463708751196576,18.015665384796577,5.551956633600003
lamf-test-4c84a4d8-5052-4c6f-afd2-7c5df767217c,"{<resource_manager.instance.CloudOnDemandInstance object at 0x13918a780>: [(4, 18436.968, None)], <resource_manager.instance.CloudOnDemandInstance object at 0x1393496d0>: [(1, 18436.968, None)], <resource_manager.instance.CloudOnDemandInstance object at 0x1393491d0>: [(1, 18436.968, None)]}",71.28909006291121,29745.39846911587,18436.968,15647.868496701494,1,73.57812153015438,18837.504,29760.79846911587,False,149.27350226735246,,
lamf-test-0b722e5a-870b-4bb2-acf4-7c5f987aee07,"{<resource_manager.instance.OnPremInstance object at 0x139143e00>: [(4, 18867.504, None)]}",60.84882595404457,29767.566295622426,18867.504,15630.795520734993,3,34.44260095824777,18867.504,25458.155,True,40.098264506806586,50.79093668920658,10.692672182399997
lamf-test-86bee4c0-8211-4364-b2b2-315ff254f448,"{<resource_manager.instance.OnPremInstance object at 0x139143e00>: [(4, 18897.504, None), (3, 22698.576, None), (8, 23208.576, None)]}",60.879551145103115,29786.921591444112,18897.504,15634.688293060493,1,49.64552498288844,18897.504,23712.522434671915,True,69.53663454214947,80.2174958634934,10.680861321343926
lamf-test-a8f2c75b-6fbc-476d-891d-92f88bfed8de,"{<resource_manager.instance.OnPremInstance object at 0x139143e00>: [(6, 18927.504, None)]}",60.82789615796186,29907.52859164796,18927.504,15664.809758227495,2,,18927.504,20542.812,True,6.981118657375132,10.912132206175134,3.9310135488000024
lamf-test-e1378e61-db93-479c-b4b7-359d51f2c742,"{<resource_manager.instance.OnPremInstance object at 0x139143e00>: [(6, 18957.504, None), (4, 20577.504, None)]}",52.48076757861521,29915.239906957446,18957.504,15652.913834460494,1,25.503080082135526,18957.504,21010.14,True,36.88737211955278,42.584575735552775,5.697203615999995
lamf-test-1fb51fa6-4d43-412b-9a86-c51ec772c644,"{<resource_manager.instance.OnPremInstance object at 0x139143e00>: [(5, 19407.504, None)]}",79.83864331738259,30029.360642790314,19407.504,15635.688293060493,3,,19407.504,23399.403456720796,True,30.358958527042326,38.4545306252721,8.095572098229773
lamf-test-76f31f64-e074-4b6a-9579-e22c37b55e69,"{<resource_manager.instance.OnPremInstance object at 0x139143e00>: [(5, 19827.504, None)]}",57.885218243385175,30514.996457092755,19827.504,16269.671159352496,3,,19827.504,23479.967999999997,True,27.777503992699035,35.18470098469903,7.407196991999992
lamf-test-599db447-ffc5-4f67-bbdb-15246291d10d,"{<resource_manager.instance.OnPremInstance object at 0x139143e00>: [(4, 20607.504, None)]}",58.09494942769889,30771.01345478282,20607.504,16868.930678582496,3,,20607.504,27894.058000000005,True,44.332216898623486,56.15392210822349,11.821705209600006
lamf-test-9c88980c-fc13-42ba-ae80-9214e850b23c,"{<resource_manager.instance.CloudOnDemandInstance object at 0x13918a780>: [(3, 20637.504, None)]}",56.88278421553064,30913.035631353163,20637.504,16863.423695372494,2,,21038.04,30710.48667867379,True,32.49324646450899,99.87545679522944,67.38221033072045
lamf-test-227b9038-f251-4152-94eb-43a9fb1d09b6,"{<resource_manager.instance.OnPremInstance object at 0x139143e00>: [(5, 21068.04, None), (3, 23988.576, None)]}",66.25196628808428,31107.004051287437,21068.04,16878.372098851498,2,14.939806976370253,21068.04,24939.325,True,18.559010571376646,27.566847934576643,9.007837363199998
lamf-test-0edb2b7d-ea79-4551-a1d6-40e8f4f75204,"{<resource_manager.instance.OnPremInstance object at 0x139143e00>: [(2, 21098.04, None)]}",49.09599477194767,31431.372795494724,21098.04,17438.961853838497,3,,21098.04,25998.373000000003,True,14.907089512510463,18.882239642110466,3.975150129600002
lamf-test-01d3dab5-d631-4e94-b48f-123fd1e6d0ca,"{<resource_manager.instance.OnPremInstance object at 0x139143e00>: [(3, 21128.04, None)]}",62.28353144846482,31566.44403801777,21128.04,17466.845127791494,1,,21128.04,24330.378000000004,True,25.571943874058892,29.468548752458897,3.8966048784000042
lamf-test-404b381d-5a0f-4cbc-ae4f-02ebbbeb7a4d,"{<resource_manager.instance.OnPremInstance object at 0x139143e00>: [(6, 21158.04, None)]}",54.32250531179826,31670.300684170088,21158.04,17457.207237989496,1,39.837322381930186,21158.04,23925.028665538506,True,43.559712051598645,50.29345566805315,6.733743616454507
lamf-test-8ac2f925-7afc-41fe-bb28-31766fc5fb67,"{<resource_manager.instance.OnPremInstance object at 0x139143e00>: [(2, 21188.04, None)]}",78.91788247204538,32132.63136118808,21188.04,18086.039101497492,1,,21188.04,27569.615999999998,True,34.45827789185488,39.635012343054875,5.176734451199998
lamf-test-c7f36b6d-6d0e-497a-bed2-ab51e4200e00,"{<resource_manager.instance.CloudReservedInstance object at 0x139350710>: [(5, 21428.04, None)], <resource_manager.instance.CloudOnDemandInstance object at 0x13918a3f0>: [(1, 21428.04, 23598.576)]}",67.30455789142538,32160.622971438628,21428.04,18061.406732541494,2,13.090143817874782,21428.04,26472.291319316802,True,24.590172752598846,55.08902723950722,30.49885448690837
lamf-test-d392fb46-3ada-4299-920d-04b5ae462e49,"{<resource_manager.instance.CloudOnDemandInstance object at 0x13918a3f0>: [(4, 21458.04, None)]}",53.88118833696197,32181.757062051358,21458.04,18059.095642436496,2,,21858.576,31122.077797405866,True,35.19798357582496,87.6853056610957,52.48732208527073
lamf-test-cbaeac35-da39-4580-bb48-6f69d435e1ef,"{<resource_manager.instance.OnPremInstance object at 0x139143e00>: [(6, 21888.576, None), (6, 23628.576, None), (8, 24378.576, None)]}",59.97502759856391,32329.123667933098,21888.576,18054.2727280015,2,14.002793553858098,21888.576,25122.87532769252,True,24.068256729815054,37.99087687605677,13.922620146241714
lamf-test-6ebb2b55-7f25-4fcc-998e-d62668ae8460,"{<resource_manager.instance.OnPremInstance object at 0x139143e00>: [(6, 21918.576, None), (4, 25559.112, None)]}",60.69367071554156,32380.751588515483,21918.576,18046.796508896496,2,15.733850010305044,21918.576,26056.253999999997,True,19.693094401686757,30.569110763286744,10.876016361599985
lamf-test-e68a5a0e-948d-450e-bd18-14ba76978e62,"{<resource_manager.instance.OnPremInstance object at 0x139143e00>: [(2, 21948.576, None)]}",61.643354936762066,32786.90885300324,21948.576,18663.001116232495,2,,21948.576,32802.30885300323,False,29.5055445407188,,
lamf-test-03badbdc-4aa8-4cd2-98f8-bfe0e4080cef,"{<resource_manager.instance.OnPremInstance object at 0x139143e00>: [(2, 21978.576, None)]}",46.039696363479905,33294.67168318683,21978.576,19270.45083056699,2,,21978.576,29606.268999999997,True,20.735652756752245,26.923237318352243,6.187584561599996
lamf-test-3943f80b-7a33-4e35-a8a4-f3b6aa99c52d,"{<resource_manager.instance.OnPremInstance object at 0x139143e00>: [(3, 22008.576, None), (3, 23778.576, None)]}",31.751233670300554,33360.77035686135,22008.576,19269.184749251992,1,14.134154688569474,22008.576,25149.741331077006,True,36.03275682760446,41.52336077731346,5.4906039497090005
lamf-test-aba1aa4f-f6ce-4af2-b868-ea5768a9b8b8,"{<resource_manager.instance.OnPremInstance object at 0x139143e00>: [(5, 22158.576, None)]}",55.6474329845016,33372.06483407305,22158.576,19232.100383591496,3,18.708647045402692,22158.576,24867.21952240266,True,20.599616110751064,26.092745174183655,5.493129063432589
lamf-test-2ee801ff-df94-45c9-b634-a465808c37ee,"{<resource_manager.instance.OnPremInstance object at 0x139143e00>: [(4, 22218.576, None)]}",44.045311418522864,33379.20573969599,22218.576,19280.15065815099,3,7.483458818161076,22218.576,27098.082,True,29.687465206479562,37.603975740879555,7.916510534399996
lamf-test-d11d15e3-c05e-424a-bab1-f5785ed94bc2,"{<resource_manager.instance.OnPremInstance object at 0x139143e00>: [(4, 22458.576, None), (3, 23538.576, None), (5, 25349.112, None)]}",65.13660288894543,33379.48343650083,22458.576,19247.952790939995,1,45.01412913529546,22458.576,25657.174483578896,True,54.78384969597681,63.17591722725201,8.392067531275197
lamf-test-b19f4d76-0891-41df-b5fe-36ccd74b9a06,"{<resource_manager.instance.OnPremInstance object at 0x139143e00>: [(3, 22518.576, None)]}",47.2527689810787,33389.046214992486,22518.576,19286.27557498599,3,,22518.576,33404.44621499248,False,49.673147227891754,,
lamf-test-2586faa0-8afe-4587-9352-3a45415e951c,"{<resource_manager.instance.OnPremInstance object at 0x139143e00>: [(3, 22548.576, None)]}",52.1878736324701,33438.67610969123,22548.576,19255.005724163995,2,,22548.576,25657.326999999997,True,10.028153096465774,13.81088131326577,3.7827282167999963
lamf-test-81195703-aa5f-481d-abd3-346d6a96d7d8,"{<resource_manager.instance.CloudReservedInstance object at 0x139350710>: [(1, 22638.576, None)], <resource_manager.instance.CloudReservedInstance object at 0x139349310>: [(1, 22638.576, None)]}",57.90728747613712,33463.90563637731,22638.576,19260.940190677993,2,,22638.576,30473.475111205338,True,27.762865650591237,38.94796762174798,11.185101971156739
lamf-test-debb5ae3-8ca9-424a-a1fe-ae626817d5d4,"{<resource_manager.instance.OnPremInstance object at 0x139143e00>: [(4, 22698.576, None)]}",50.08229655297103,33483.79835568388,22698.576,19257.946205910994,3,,22698.576,26308.526,True,21.963343220016732,27.820126100016733,5.856782880000001
lamf-test-0b1411aa-7440-4517-bbd4-2bffa1461af4,"{<resource_manager.instance.OnPremInstance object at 0x139143e00>: [(2, 23058.576, None)]}",54.09958144079154,33578.74379207624,23058.576,19274.29060726599,1,,23058.576,29205.025999999998,True,33.188679747509305,38.1746799875093,4.986000239999997
lamf-test-b86de886-591a-45ec-903b-6a80c96225dd,"{<resource_manager.instance.OnPremInstance object at 0x139143e00>: [(6, 23598.576, None)]}",41.149547064693905,33823.217458973326,23598.576,19839.52441398899,3,,23598.576,26244.774999999998,True,24.1496600501939,30.589449936593894,6.439789886399993
lamf-test-55529a16-b241-4348-bd90-45ddc000d26d,"{<resource_manager.instance.CloudReservedInstance object at 0x139350710>: [(3, 23628.576, None)]}",53.211716625419925,33954.405482758884,23628.576,19838.52441398899,2,,23628.576,33969.80548275888,False,33.35855218343049,,
lamf-test-65e3ea29-e28c-4094-b1d4-e102c2738358,"{<resource_manager.instance.OnPremInstance object at 0x139143e00>: [(3, 23778.576, None)]}",53.51848203740168,33966.63740226695,23778.576,19846.434802670992,1,,23778.576,27991.905000000002,True,33.645109514031496,38.7718882412315,5.126778727200002
lamf-test-18cbb634-7aef-4481-9ee7-fe1e8a16d0ba,"{<resource_manager.instance.OnPremInstance object at 0x139143e00>: [(5, 23808.576, None)]}",52.226498354671556,33978.0291459752,23808.576,19857.99472737599,3,,23808.576,24627.667,True,6.229302608563391,7.890419156563392,1.6611165480000005
lamf-test-5471ed7c-c241-4b43-b3db-c6a0ff681a3a,"{<resource_manager.instance.OnPremInstance object at 0x139143e00>: [(2, 23838.576, None)]}",59.30424416492866,34064.662445965616,23838.576,19896.28535705699,2,,23838.576,33622.08999999999,True,26.596186952571905,34.53257350937189,7.936386556799991
lamf-test-40afb271-d458-48d9-adbe-b89134d80114,"{<resource_manager.instance.OnPremInstance object at 0x139143e00>: [(3, 23868.576, None)]}",57.83325208385016,34111.76843941634,23868.576,19881.732609581988,3,,23868.576,30005.574,True,28.00364134154688,35.471140507946885,7.4674991664
lamf-test-81297157-09b4-4bfd-81e5-a8bf0f0cf407,"{<resource_manager.instance.OnPremInstance object at 0x139143e00>: [(6, 23958.576, None), (6, 24828.576, None), (6, 25469.112, None)]}",69.1210403049402,34125.077305871724,23958.576,19887.23159096099,3,42.917453798767966,23958.576,26973.754641820105,True,60.825917640523045,77.04586145912327,16.21994381860022
lamf-test-b395ec81-f5cf-4d31-b896-54e96e62d931,"{<resource_manager.instance.CloudReservedInstance object at 0x139350710>: [(1, 24798.576, None)], <resource_manager.instance.CloudReservedInstance object at 0x139349310>: [(1, 24798.576, None)], <resource_manager.instance.CloudReservedInstance object at 0x139349090>: [(3, 24798.576, None)], <resource_manager.instance.CloudOnDemandInstance object at 0x13918a3f0>: [(1, 24798.576, None)]}",60.66671241836613,34631.96638074165,24798.576,20503.451332144992,3,,24798.576,28129.90469126164,True,17.73465726582361,31.04331538741386,13.308658121590248
lamf-test-ac6005c9-5daa-4585-b9e3-32cefa81cdb6,"{<resource_manager.instance.CloudOnDemandInstance object at 0x13918a3f0>: [(2, 24828.576, None)]}",56.43144675229202,34650.15180374785,24828.576,20501.217153105994,3,,25229.112,34665.55180374785,False,29.924635496989413,,
lamf-test-46c0ddc9-3e57-4092-abb9-12bad9e5fc70,"{<resource_manager.instance.OnPremInstance object at 0x139143e00>: [(3, 25259.112, None), (3, 26229.648, None)]}",59.85312775121128,34651.239418405734,25259.112,20484.807629565992,1,7.750116358658453,25259.112,28969.431105846354,True,51.50663413398236,59.35511850517004,7.848484371187684
lamf-test-fce34ab6-8bce-4303-a50f-d59fbea8d614,"{<resource_manager.instance.OnPremInstance object at 0x139143e00>: [(2, 25289.112, None)]}",47.41181351390231,34681.66435410181,25289.112,20497.571537271993,3,,25289.112,31329.549000000003,True,18.375350216746522,23.275352711146525,4.900002494400002
lamf-test-7741d198-baa3-4b02-8577-d94aba790819,"{<resource_manager.instance.OnPremInstance object at 0x139143e00>: [(2, 25319.112, None)]}",58.57374457030712,34684.11424157012,25319.112,20482.117743189992,2,,25319.112,32034.127,True,18.254565213411546,23.701785381411547,5.447220167999999
lamf-test-9b9326a1-51bc-46fd-a2cb-1abf1c9c75f6,"{<resource_manager.instance.OnPremInstance object at 0x139143e00>: [(5, 25349.112, None)]}",57.78982021342063,34703.53579836992,25349.112,20442.35096095849,1,,25349.112,29605.38276120133,True,55.999303497439335,64.63102060115563,8.631717103716294
lamf-test-709c216f-6a83-488b-bc0b-72ed1c83abc3,"{<resource_manager.instance.OnPremInstance object at 0x139143e00>: [(4, 25379.112, None)]}",66.23572922815853,35121.34836225149,25379.112,21066.14949539849,1,,25379.112,32594.693000000003,True,76.2769609095749,87.9835195239749,11.706558614400002
lamf-test-be2bbdb1-c4fd-4c6f-98ba-e30fc22c630e,"{<resource_manager.instance.OnPremInstance object at 0x139143e00>: [(4, 25409.112, None)]}",51.26544011550611,35150.58601528902,25409.112,21081.898376381985,1,,25409.112,29033.963999999996,True,38.31884006388314,44.19979994868313,5.880959884799992
lamf-test-af430514-5203-4847-a3dd-4d540698c45d,"{<resource_manager.instance.OnPremInstance object at 0x139143e00>: [(2, 25439.112, None)]}",43.871600174569394,35197.20224334159,25439.112,21055.97559703099,3,,25439.112,33741.382999999994,True,25.255976880371108,31.9907791155711,6.734802235199995
lamf-test-2044ce9f-358f-4536-9714-09641c49ba86,"{<resource_manager.instance.OnPremInstance object at 0x139143e00>: [(3, 25469.112, None)]}",48.79729657189927,35241.05474037589,25469.112,21098.000598391987,2,,25469.112,31838.262,True,20.545489585481448,28.295471305481446,7.749981719999998
lamf-test-4efeb549-c3cf-448a-a777-1713f6f5a77e,"{<resource_manager.instance.OnPremInstance object at 0x139143e00>: [(6, 25529.112, None)]}",68.3929603445819,35265.81021125162,25529.112,21069.76604071999,2,5.925567334405966,25529.112,28053.722665538506,True,10.91098825722345,17.054880772877954,6.143892515654506
lamf-test-ead8fa92-dd65-4aea-b802-324a84d102bb,"{<resource_manager.instance.CloudReservedInstance object at 0x13918a2c0>: [(4, 25559.112, None)]}",64.57300483587817,35283.967459308995,25559.112,21111.017961143985,1,,25559.112,31536.758086598376,True,63.19057008420216,77.22130097866587,14.030730894463705
lamf-test-b87c5197-7932-482c-81b3-61882a5ae41e,"{<resource_manager.instance.CloudReservedInstance object at 0x139349090>: [(1, 25709.112, None)], <resource_manager.instance.CloudReservedInstance object at 0x13918a2c0>: [(1, 25709.112, None)]}",46.96697712554091,35329.40163877208,25709.112,21112.017961143985,3,,25709.112,35076.34343739252,True,18.997097751195312,28.270656874213905,9.273559123018593
lamf-test-c6c963f9-b511-4173-9da1-afb01f8ea9e8,"{<resource_manager.instance.CloudOnDemandInstance object at 0x1393496d0>: [(5, 25739.112, None)]}",55.16582208546895,35340.51345914735,25739.112,21088.350332739985,2,,26139.648,35355.91345914734,False,28.724414283276758,,
lamf-test-001a4b71-83f9-4df6-aec9-864db3283caa,"{<resource_manager.instance.OnPremInstance object at 0x139143e00>: [(2, 26169.648, None)]}",48.99000092192328,35726.60159222664,26169.648,21715.663933089985,3,,26169.648,29834.537999999997,True,11.148802190280616,14.121760958280612,2.9729587679999967
lamf-test-e53ad4a6-c56e-4dd1-b22c-a4f51924970e,"{<resource_manager.instance.OnPremInstance object at 0x139143e00>: [(4, 26199.648, None)]}",55.354429897570796,35927.95094102128,26199.648,21695.619494514987,3,,26199.648,32375.506999999998,True,37.574623165259695,47.59433680685969,10.019713641599994
lamf-test-bd57b50e-03ca-4810-aec9-f7f4669d252f,"{<resource_manager.instance.OnPremInstance object at 0x139143e00>: [(6, 26229.648, None)]}",70.84381642365693,36301.52782797876,26229.648,22303.338409921984,3,,26229.648,30911.791887384672,True,42.730037758472925,54.12450312281226,11.394465364339336
lamf-test-f7a44344-fc5e-4a49-a1d7-2ef5e757b2cc,"{<resource_manager.instance.OnPremInstance object at 0x139143e00>: [(5, 26259.648, None)]}",58.088742770112894,36412.33678884159,26259.648,22265.027156457985,1,,26259.648,28215.869000000002,True,25.73779245570007,29.705008643700072,3.9672161880000023
lamf-test-6b1442b6-bf8d-43ee-9a7c-ebfe1af3d782,"{<resource_manager.instance.OnPremInstance object at 0x139143e00>: [(6, 26289.648, None)]}",47.933135757937364,36519.95661285549,26289.648,22313.228565315985,3,,26289.648,30169.538,True,35.40853296828655,44.85063327228655,9.442100303999998
lamf-test-6849d36d-a755-4e76-b818-c17b557c62c1,"{<resource_manager.instance.CloudOnDemandInstance object at 0x1393496d0>: [(3, 26319.648, None)]}",39.636907285102794,36526.12490040806,26319.648,22270.107009199986,2,,26720.184,36541.524900408054,False,24.611098918419493,,
lamf-test-d82e7cf7-6019-488e-8e11-17029d37b11e,"{<resource_manager.instance.OnPremInstance object at 0x139143e00>: [(4, 26750.184, None)]}",58.17814683116276,36803.91417291477,26750.184,22861.470595854986,1,,26750.184,28807.692,True,21.750217659137554,25.08831863833755,3.3381009791999965
lamf-test-d25e5772-26d6-4d1a-8442-10078b0905a7,"{<resource_manager.instance.OnPremInstance object at 0x139143e00>: [(3, 26780.184, None)]}",48.70139863364064,36887.612527626785,26780.184,22885.28403785898,2,,26780.184,33834.585999999996,True,22.75596316977924,31.339759523379232,8.583796353599993
lamf-test-bb0f8113-f05a-4407-a64f-cf580915278f,"{<resource_manager.instance.OnPremInstance object at 0x139143e00>: [(3, 26810.184, None)]}",55.45396955229691,36928.22742794543,26810.184,22862.478112308985,1,,26810.184,36808.698,True,79.84211498973303,92.00830682493303,12.166191835199996
lamf-test-9b398170-0f91-43dd-888b-ca47a69e7be6,"{<resource_manager.instance.OnPremInstance object at 0x139143e00>: [(5, 26840.184, None)]}",66.9431854355246,36957.51013483357,26840.184,22888.06120860198,1,,26840.184,30720.074,True,51.04730169594645,58.915718615946446,7.868416919999998
lamf-test-95560630-f5ce-4b54-af45-e19485ee5922,"{<resource_manager.instance.CloudReservedInstance object at 0x139350710>: [(1, 26870.184, None)], <resource_manager.instance.CloudOnDemandInstance object at 0x1393496d0>: [(1, 26870.184, None)]}",59.57220196896465,36960.67943104187,26870.184,22907.42629628298,3,,26870.184,36976.079431041864,False,23.057028133793892,,
lamf-test-9887e099-b361-4b4e-9635-a15f075166e7,"{<resource_manager.instance.CloudOnDemandInstance object at 0x1393491d0>: [(2, 26900.184, None)]}",35.564787144994426,36961.20295565864,26900.184,22901.196106494983,3,,27300.72,36976.602955658636,False,10.217678358971416,,
lamf-test-46c864e1-45db-4f91-aeb7-6635dbd4c402,"{<resource_manager.instance.OnPremInstance object at 0x139143e00>: [(3, 27330.72, None)]}",52.404009574895966,37030.77685033975,27330.72,22912.580095408983,2,,27330.72,33151.431,True,18.77634491739043,25.858986062190425,7.082641144799995
lamf-test-fb68c73b-7616-477a-9624-12fe33c84899,"{<resource_manager.instance.OnPremInstance object at 0x139143e00>: [(2, 27360.72, None)]}",57.07316459038334,37035.798090934535,27360.72,22911.580095408983,1,,27360.72,36246.956,True,47.98256567039317,55.19108031359317,7.208514643199997
lamf-test-9ae48453-c026-4d89-8443-e59c272cd1c1,"{<resource_manager.instance.OnPremInstance object at 0x139143e00>: [(3, 27390.72, None)]}",49.958054880775016,37045.974193527,27390.72,22874.11113834298,3,,27390.72,30921.771000000004,True,16.112484599589333,20.409067456389337,4.296582856800004
lamf-test-4934301a-0ee3-435b-9029-b60facd69218,"{<resource_manager.instance.OnPremInstance object at 0x139143e00>: [(4, 27420.72, None)]}",52.890558120332045,37174.869761845635,27420.72,22894.20616963498,1,,27420.72,29933.08,True,26.558524602631383,30.634577466631384,4.076052864000001
lamf-test-73046f72-e863-4f29-945a-1ed957c987ac,"{<resource_manager.instance.OnPremInstance object at 0x139143e00>: [(2, 27450.72, None)]}",49.64802637292328,37527.776944495716,27450.72,23514.254054173478,2,,27450.72,30190.506000000005,True,7.448025389041132,9.670539792241135,2.222514403200003
lamf-test-a4b5dddb-c265-42fa-86a6-3769ba731a7d,"{<resource_manager.instance.OnPremInstance object at 0x139143e00>: [(3, 27480.72, None)]}",52.551032993574616,37550.87844609346,27480.72,23505.42199797648,3,,27480.72,33627.17,True,28.04677161761349,35.52577197761349,7.479000359999997
lamf-test-5732e2ca-542b-4ef0-9ba8-d02986867ef0,"{<resource_manager.instance.OnPremInstance object at 0x139143e00>: [(5, 27510.72, None)]}",47.97415618366852,37581.23251943452,27510.72,23513.254054173478,3,,27510.72,31193.699761201326,True,28.009580661657346,35.47866361737363,7.469082955716285
lamf-test-f6694ce8-d10c-4d5c-8d02-a0790805227c,"{<resource_manager.instance.OnPremInstance object at 0x139143e00>: [(4, 27540.72, None)]}",59.39258429217821,37669.333953198,27540.72,23492.57882905948,3,,27540.72,33443.937000000005,True,35.91583846680358,45.493217727603586,9.577379260800006
lamf-test-9a613963-6b08-48f7-a968-de04ae02d54b,"{<resource_manager.instance.CloudReservedInstance object at 0x139349090>: [(2, 27570.72, None)], <resource_manager.instance.CloudOnDemandInstance object at 0x1393491d0>: [(3, 27570.72, None)]}",60.09404415021537,37716.65845115996,27570.72,23516.964189967475,1,,27570.72,31835.479983194626,True,20.325370163525474,35.18579838216765,14.860428218642173
lamf-test-e255d1b1-9398-4d26-ab74-bb5794234e47,"{<resource_manager.instance.OnPremInstance object at 0x139143e00>: [(2, 27600.72, None)]}",52.18465366625499,37731.280913045775,27600.72,23531.408147751477,3,,27600.72,30567.932,True,9.026426344208682,11.433428718608681,2.4070023743999998
lamf-test-dc05c32e-684f-4b3c-9aa4-d42d6979a3fe,"{<resource_manager.instance.CloudOnDemandInstance object at 0x1393491d0>: [(2, 27630.72, None)]}",53.18730478197852,37743.90354459706,27630.72,23480.96146390448,1,,28031.256,37759.30354459705,False,19.77085539924387,,
lamf-test-1d000706-26a3-4b4f-ad47-fa83618f238b,"{<resource_manager.instance.CloudOnDemandInstance object at 0x1393491d0>: [(4, 28061.256, None)], <resource_manager.instance.CloudOnDemandInstance object at 0x13918a3f0>: [(2, 28061.256, None)]}",81.70373679543748,37760.56381311763,28061.256,23508.127515477478,3,,28461.792,34927.547973111396,True,34.81274608011455,77.9767292882031,43.163983208088545
lamf-test-2eec3224-ea88-4f7c-9564-fd5b3d3b7737,"{<resource_manager.instance.OnPremInstance object at 0x139143e00>: [(2, 28491.792, None)]}",37.4151337220024,37785.55394790756,28491.792,23525.468065529476,3,,28491.792,34865.668000000005,True,19.389690470758243,24.560178681958245,5.170488211200003
lamf-test-db485ebb-20db-4f84-be49-680a38510307,"{<resource_manager.instance.OnPremInstance object at 0x139143e00>: [(4, 28521.792, None)]}",34.692999599854716,37802.43374179971,28521.792,23515.630762564477,1,,28521.792,32735.121,True,44.53971640428928,51.375421373889274,6.8357049695999965
lamf-test-eb814bf1-bbb0-4b2f-bc01-f5e613979714,"{<resource_manager.instance.OnPremInstance object at 0x139143e00>: [(2, 28551.792, None)]}",47.7909014064123,37840.896068027185,28551.792,23479.942862645483,3,,28551.792,32769.847,True,12.831561335462773,16.253247551462774,3.4216862160000003
lamf-test-e8a77b29-caaa-4f0e-91f9-2b96865ed1ae,"{<resource_manager.instance.OnPremInstance object at 0x139143e00>: [(3, 28581.792, None)]}",74.9679267745451,38159.103821018536,28581.792,24094.52810519698,1,,28581.792,32117.569,True,28.234587040839596,32.53692049443959,4.302333453599998
lamf-test-dd64f63e-d0c8-4966-b4ae-6daebbc14d2f,"{<resource_manager.instance.OnPremInstance object at 0x139143e00>: [(5, 28611.792, None)]}",50.48192034153112,38196.425545866965,28611.792,24093.52810519698,1,,28611.792,30454.3,True,24.241682561411487,27.978288785411483,3.7366062239999955
lamf-test-7f94fa02-84ad-49c5-b83e-515b628c4152,"{<resource_manager.instance.OnPremInstance object at 0x139143e00>: [(5, 28641.792, None)]}",70.77056876301576,38200.42481390659,28641.792,24112.765780323974,2,,28641.792,35367.48099999999,True,26.91485046763207,40.55454775963205,13.639697291999981
lamf-test-3f24393a-2ab1-4481-a2f9-eb1ac8cef898,"{<resource_manager.instance.CloudReservedInstance object at 0x139350710>: [(1, 28671.792, None)], <resource_manager.instance.CloudReservedInstance object at 0x139349310>: [(1, 28671.792, None)]}",48.75501181450081,38238.29298437695,28671.792,24139.247962151974,1,,28671.792,38253.69298437695,False,41.53687399113893,,
lamf-test-baf1e374-4927-43ba-aa7b-5acc143a9325,"{<resource_manager.instance.CloudReservedInstance object at 0x139349090>: [(3, 28701.792, None)]}",54.82249465439443,38335.20975754775,28701.792,24081.52669635748,1,,28701.792,31282.8099893566,True,7.262732193033245,10.384731552958986,3.1219993599257414
lamf-test-c6b79105-5602-4776-b975-272c1194b070,"{<resource_manager.instance.CloudOnDemandInstance object at 0x13918a3f0>: [(4, 28731.792, None)], <resource_manager.instance.CloudOnDemandInstance object at 0x139358440>: [(2, 28731.792, None)]}",67.523143913155,38340.696458633145,28731.792,24104.537006804978,3,,29132.328,34400.54331280335,True,45.98576368537711,96.06578028320699,50.08001659782988
lamf-test-5272c089-3cee-4f90-b1b0-a9dd8f5d025b,"{<resource_manager.instance.OnPremInstance object at 0x139143e00>: [(5, 29162.328, None)]}",53.336023790220985,38663.23014321254,29162.328,24717.570458434977,3,,29162.328,33375.657,True,32.04296144193473,40.58759265393472,8.544631211999995
lamf-test-c3129dd5-59a1-4a07-96aa-5b13e194579c,"{<resource_manager.instance.OnPremInstance object at 0x139143e00>: [(2, 29192.328, None)]}",31.023009070250673,38728.7259134623,29192.328,24720.93167902298,1,,29192.328,38538.142,True,50.46412609323902,58.04545041003902,7.581324316799999
lamf-test-3e6bc1fc-6ba9-403d-b2be-a05585a85500,"{<resource_manager.instance.OnPremInstance object at 0x139143e00>: [(2, 29222.328, None)]}",67.87358828782767,38738.77999657918,29222.328,24708.275125920976,3,,29222.328,30837.41,True,4.913170583314315,6.223325101714314,1.3101545183999987
lamf-test-358199b9-f0db-4bd8-96db-4a43f0785512,"{<resource_manager.instance.OnPremInstance object at 0x139143e00>: [(4, 29252.328, None)]}",72.71248082573206,38779.49334508013,29252.328,24721.93167902298,2,,29252.328,33293.575,True,14.71887305428736,21.275392187087355,6.556519132799993
lamf-test-340aa55d-5d91-404a-a687-a5e34b17263d,"{<resource_manager.instance.OnPremInstance object at 0x139143e00>: [(3, 29282.328, None)]}",47.27984716691024,38779.50770133163,29282.328,24740.79339230398,2,,29282.328,34054.77,True,15.394857619668903,21.2019650452689,5.807107425599995
lamf-test-5109c4b4-a4ca-4faa-939d-2cc5a27a2f91,"{<resource_manager.instance.CloudOnDemandInstance object at 0x139358440>: [(2, 29312.328, None)]}",70.55941972326221,38806.310948861865,29312.328,24755.120298635986,1,,29712.864,38821.71094886186,False,34.954762785128636,,
lamf-test-6e780daf-1fbc-4440-95e7-f6c9fbd1d74f,"{<resource_manager.instance.OnPremInstance object at 0x139143e00>: [(4, 29742.864, None)]}",68.86514064514569,38807.78040706324,29742.864,24685.333657414976,1,,29742.864,38048.109,True,87.79595824777545,101.27038773577544,13.474429487999993
lamf-test-21f91f21-910d-4aaf-b1c8-cb62e93174c8,"{<resource_manager.instance.CloudOnDemandInstance object at 0x139358440>: [(4, 29772.864, None)]}",48.49156754040947,38815.99481615569,29772.864,24712.356656438977,2,,30173.4,38922.69849404282,False,28.08418928987976,,
lamf-test-f29d3084-eb72-4e8b-90aa-b576b87131ce,"{<resource_manager.instance.OnPremInstance object at 0x139143e00>: [(3, 30203.4, None)]}",57.12216039339765,38828.52178029385,30203.4,24734.478079932982,1,,30203.4,38843.921780293844,False,68.99800645911122,,
lamf-test-80c2fcd2-e695-47d5-b849-81cb8f84ffd9,"{<resource_manager.instance.OnPremInstance object at 0x139143e00>: [(2, 30233.4, None)]}",65.29325948676846,38828.96758869862,30233.4,24696.366979823975,1,,30233.4,32639.747,True,12.99343197201307,14.945460658413069,1.9520286863999983
lamf-test-7632946b-5dae-4479-8ca8-d89d2df62bd6,"{<resource_manager.instance.OnPremInstance object at 0x139143e00>: [(5, 30263.4, None)]}",62.53920946343962,38857.80182087048,30263.4,24688.053904967976,2,,30263.4,33001.48245672079,True,10.95725358259753,16.51008480482729,5.55283122222976
lamf-test-a59ce49f-3a29-47cb-9bba-c14bd4eba4f3,"{<resource_manager.instance.OnPremInstance object at 0x139143e00>: [(2, 30293.4, None)]}",63.11052064207584,38903.51308438508,30293.4,24730.29657645898,1,,30293.4,38918.91308438507,False,46.57475313646209,,
lamf-test-97ca980d-52bb-4b13-af30-16dae1ed0330,"{<resource_manager.instance.OnPremInstance object at 0x139143e00>: [(5, 30323.4, None)]}",68.58204338220374,38913.43774922723,30323.4,24749.366031049984,1,,30323.4,32380.908,True,27.07041478439422,31.243041008394215,4.172626223999996
lamf-test-d7587f1a-842d-473c-8fbd-2c6c55715c2f,"{<resource_manager.instance.OnPremInstance object at 0x139143e00>: [(2, 30353.4, None)]}",54.079766354108955,38937.7492313759,30353.4,24743.04414444098,3,,30353.4,32524.621000000003,True,6.6049768043197234,8.366271279519724,1.761294475200001
lamf-test-a88f8e83-60f6-4e0a-ab98-3da3ebeeae4e,"{<resource_manager.instance.CloudOnDemandInstance object at 0x13918a780>: [(4, 30383.4, None)], <resource_manager.instance.CloudOnDemandInstance object at 0x1393496d0>: [(1, 30383.4, None)]}",66.2051601132845,38949.093603537694,30383.4,24718.570458434977,2,,30783.936,38964.49360353769,False,44.24937094279822,,
lamf-test-b91eabf6-c310-4478-8fe0-95d95af45b05,"{<resource_manager.instance.OnPremInstance object at 0x139143e00>: [(6, 30813.936, None)]}",84.54144052563579,38976.615760163164,30813.936,24756.288094109987,2,,30813.936,34106.70310584635,True,14.230845062994195,22.244123091781862,8.013278028787667
lamf-test-6287174b-e645-40a5-9c80-04f4684ca22c,"{<resource_manager.instance.OnPremInstance object at 0x139143e00>: [(5, 30843.936, None)]}",59.78427655757174,39057.77953947365,30843.936,24735.478079932982,1,,30843.936,33741.69567464292,True,38.12551705173207,44.002173671907904,5.876656620175839
lamf-test-9e9b18e5-28c3-485d-9334-826a01c521ca,"{<resource_manager.instance.CloudReservedInstance object at 0x139350710>: [(1, 30873.936, None)], <resource_manager.instance.CloudReservedInstance object at 0x139349310>: [(1, 30873.936, None)], <resource_manager.instance.CloudOnDemandInstance object at 0x13918a780>: [(3, 30873.936, None)]}",56.83995333719585,40060.96792421676,30873.936,25910.12255733899,1,,30873.936,40076.36792421676,False,113.37698469260889,,
lamf-test-9709f52a-b95d-4937-b829-7d859975ef12,"{<resource_manager.instance.OnPremInstance object at 0x139143e00>: [(2, 30903.936, None)]}",50.993670331949964,40193.419153259354,30903.936,25948.24009813799,3,,30903.936,38751.354999999996,True,23.872291429005987,30.23811772180598,6.365826292799995
lamf-test-b2c0ba06-ef98-4e70-aec3-ada93dcf2a86,"{<resource_manager.instance.CloudOnDemandInstance object at 0x1393491d0>: [(1, 30933.936, None)], <resource_manager.instance.CloudOnDemandInstance object at 0x139358440>: [(4, 30933.936, None)]}",52.43686034060011,40201.748424762365,30933.936,25951.398009365992,1,,31334.472,40217.14842476236,False,76.24815133275037,,
lamf-test-738a10cf-064e-4cc8-b5cf-a5f6441a1d8d,"{<resource_manager.instance.OnPremInstance object at 0x139143e00>: [(2, 31364.472, None)]}",61.40652430012268,40641.66829625075,31364.472,26510.58648004499,2,,31364.472,40344.295,True,24.41137727293131,31.69580969053131,7.284432417599997
lamf-test-2dbedc5f-cb12-4a7f-8ba8-cf1d208835ca,"{<resource_manager.instance.OnPremInstance object at 0x139143e00>: [(3, 31394.472, None)]}",57.236777194680464,40655.648562287395,31394.472,26511.58648004499,3,,31394.472,34275.797,True,13.147729865388989,16.653726125388985,3.5059962599999968
lamf-test-a4e0f749-acf3-4e9f-a68a-d2897f53ecbf,"{<resource_manager.instance.OnPremInstance object at 0x139143e00>: [(5, 31424.472, None)]}",55.23704198655464,40779.836807905245,31424.472,26546.310434832987,2,,31424.472,34707.96752240265,True,13.139886634158502,19.798815553591073,6.658928919432571
lamf-test-0e5b3b54-f64d-4af5-b8a5-5fd343d8abf7,"{<resource_manager.instance.OnPremInstance object at 0x139143e00>: [(6, 31454.472, None)]}",54.10469347501437,40791.169841009745,31454.472,26559.156688399988,3,,31454.472,32879.644,True,13.006360939995423,16.47465951919542,3.468298579199997
lamf-test-972afe65-af15-494a-89f0-89fb6330556f,"{<resource_manager.instance.OnPremInstance object at 0x139143e00>: [(5, 31484.472, None)]}",68.54266845665799,40808.8099597347,31484.472,26530.84400014599,2,,31484.472,33428.267,True,7.778675428603806,11.720691688603802,3.9420162599999964
lamf-test-12568f9b-46c5-48e3-b4e3-4fbc909e2d8c,"{<resource_manager.instance.CloudReservedInstance object at 0x139349090>: [(3, 31514.472, None)], <resource_manager.instance.CloudOnDemandInstance object at 0x13918a3f0>: [(3, 31514.472, None)]}",56.80065244059149,40810.552398385626,31514.472,26508.89960344199,2,,31514.472,39641.32596806978,True,42.705142347495226,85.63931186080787,42.93416951331264
lamf-test-53ddc7b7-4b5b-402f-8327-96f330b858b2,"{<resource_manager.instance.CloudReservedInstance object at 0x139349090>: [(2, 31934.472, None)], <resource_manager.instance.CloudReservedInstance object at 0x13918a2c0>: [(4, 31934.472, None)]}",47.39878124712635,40889.58424323706,31934.472,26505.26064830899,2,,31934.472,36235.517588616334,True,23.019605295942796,36.58338266420326,13.563777368260466
lamf-test-4038cc91-1923-48ea-80c3-afc2bd1ddb33,"{<resource_manager.instance.OnPremInstance object at 0x139143e00>: [(5, 31964.472, None)]}",51.76651523139675,41148.9525822829,31964.472,27142.648186713985,3,,31964.472,37007.28176120133,True,38.35127965017362,48.57809784588992,10.226818195716296
lamf-test-618b513d-3e44-4ac2-bdff-aa4f98ef0412,"{<resource_manager.instance.OnPremInstance object at 0x139143e00>: [(3, 31994.472, None)]}",41.25285473765505,41328.286438664094,31994.472,27162.719051103988,2,,31994.472,34847.971,True,9.204765782982292,12.676903366182287,3.4721375831999954
lamf-test-bbc839c8-f836-4f9a-a8e0-6cb8342496f2,"{<resource_manager.instance.CloudOnDemandInstance object at 0x1393491d0>: [(3, 32024.472, None)]}",114.4912360012796,41431.86228610337,32024.472,10204.314106828997,3,,32425.008,41447.262286103374,False,14.332329889882686,,
lamf-test-a4d8ead1-b39f-46fe-9cfa-58d32f343ff0,"{<resource_manager.instance.OnPremInstance object at 0x139143e00>: [(4, 32455.008, None)]}",84.41713409588449,41436.67466085316,32455.008,10238.782101934998,1,,32455.008,41452.074660853155,False,95.10930609617373,,
lamf-test-05c2e1a5-42c3-4e97-863b-94fa07e33793,"{<resource_manager.instance.OnPremInstance object at 0x139143e00>: [(4, 32485.008, None)]}",91.04820322006628,41490.30610873078,32485.008,10216.854126481996,2,,32485.008,41505.706108730774,False,32.85483671833433,,
lamf-test-6fdb4590-cea7-4d20-bffa-249d0757fa2a,"{<resource_manager.instance.OnPremInstance object at 0x139143e00>: [(6, 32515.008, None)]}",88.08906902383775,41873.17740992766,32515.008,10825.830879883995,1,,32515.008,38003.458628634966,True,86.4027135240275,99.75940697387355,13.35669344984605
lamf-test-724d0d5f-301b-4490-8457-7773ef64d695,"{<resource_manager.instance.OnPremInstance object at 0x139143e00>: [(5, 32665.008, None)]}",109.55462846539683,41917.39557786336,32665.008,10806.160426624996,2,,32665.008,35858.64913235516,True,12.780307493346536,19.257011709762796,6.476704216416261
lamf-test-ecaffeb0-92d2-4398-a844-9e4844c48df5,"{<resource_manager.instance.OnPremInstance object at 0x139143e00>: [(3, 32725.008, None)]}",106.56838267415606,42003.805888761824,32725.008,10842.717333238994,1,,32725.008,37442.71399999999,True,37.67276066621029,43.41326532701028,5.7405046607999894
lamf-test-38f0df60-c850-46c3-8ecc-b21d5524ac44,"{<resource_manager.instance.OnPremInstance object at 0x139143e00>: [(6, 32845.008, None)]}",82.2505270696069,42108.685852012,32845.008,10836.656057077995,3,,32845.008,39078.872,True,56.89129819758157,72.06202962798157,15.170731430400004
lamf-test-198ba68c-5a75-4dd3-95a5-23cb4a91c31d,"{<resource_manager.instance.OnPremInstance object at 0x139143e00>: [(5, 32965.008, None)]}",75.79076386942039,42573.467129079625,32965.008,11404.813795233993,2,,32965.008,36655.77384926637,True,14.769700315320486,22.25457345763268,7.484873142312195
lamf-test-6ca33400-5b63-4867-9fb5-39d7d8646a8a,"{<resource_manager.instance.OnPremInstance object at 0x139143e00>: [(6, 33085.008, None)]}",105.93846150050236,42712.80264283791,33085.008,11452.352532151992,1,,33085.008,38945.091257269916,True,92.25319296181247,106.51429157670454,14.261098614892065
lamf-test-55d518fc-620c-44fe-a18a-2336d48b9fc1,"{<resource_manager.instance.OnPremInstance object at 0x139143e00>: [(3, 33205.008, None)]}",83.99778340603386,42814.5951327129,33205.008,11449.323014020993,3,,33205.008,41458.051999999996,True,37.659338352726415,47.70164229192641,10.042303939199995
lamf-test-3231937d-3960-4134-90c2-f2e92cf6e932,"{<resource_manager.instance.OnPremInstance object at 0x139143e00>: [(2, 33235.008, None)]}",109.51414052886817,43039.248669963876,33235.008,12056.708977084492,2,,33235.008,43054.64866996387,False,26.694396212387268,,
lamf-test-6012bbf1-8566-4834-b341-39822809aef2,"{<resource_manager.instance.OnPremInstance object at 0x139143e00>: [(5, 33325.008, None)]}",93.62462651407313,43221.01718274222,33325.008,12014.81100222349,1,,33325.008,43236.41718274221,False,130.40336060646453,,
lamf-test-0ee69e3c-f7ac-4d00-b4dc-243374763ca6,"{<resource_manager.instance.OnPremInstance object at 0x139143e00>: [(2, 33445.008, None)]}",95.71047451977611,43232.4713109661,33445.008,12003.38881083799,3,,33445.008,35671.399999999994,True,6.772810099627325,8.578859290027319,1.806049190399994
lamf-test-5e0241b4-8be0-4af4-bde6-0b42fa40fc67,"{<resource_manager.instance.OnPremInstance object at 0x139143e00>: [(2, 33475.008, None)]}",98.3173256377796,43262.081168507844,33475.008,12057.708977084492,3,,33475.008,36388.534,True,8.863110502699818,11.226562793899816,2.3634522911999984
lamf-test-5c0e0bc7-fda1-478e-8de8-178b5b80a83c,"{<resource_manager.instance.OnPremInstance object at 0x139143e00>: [(4, 33505.008, None)]}",109.02475346006189,43286.18086030229,33505.008,12035.958401162492,2,,33505.008,40798.384000000005,True,26.56365114064701,38.39642436304702,11.832773222400006
lamf-test-58d64335-ff0b-41b5-93cb-bcafe6abca1b,"{<resource_manager.instance.OnPremInstance object at 0x139143e00>: [(6, 33625.008, None)]}",83.27713277836911,43307.66029048144,33625.008,12022.709779333492,2,,33625.008,39113.45862863496,True,23.720259593616664,37.076953043462694,13.356693449846032
lamf-test-92b1912c-cdf4-4496-9665-6c2a64a15900,"{<resource_manager.instance.OnPremInstance object at 0x139143e00>: [(5, 33685.008, None)]}",99.7921660649438,43359.81048830006,33685.008,12015.81100222349,3,,33685.008,39339.282,True,43.00155144877936,54.46841912077935,11.466867671999994
lamf-test-bf2ee2bb-aeee-4553-ba75-b56c3562dc59,"{<resource_manager.instance.OnPremInstance object at 0x139143e00>: [(2, 33715.008, None)]}",94.73625576454592,43383.01807875311,33715.008,12019.05914801149,1,,33715.008,43398.41807875311,False,52.287026815078754,,
lamf-test-50bd9009-28ec-4253-bcf7-ae2b62692323,"{<resource_manager.instance.OnPremInstance object at 0x139143e00>: [(3, 33745.008, None)]}",96.71534015432012,43798.62316758812,33745.008,12619.633863007492,2,,33745.008,43814.023167588115,False,32.480448138564235,,
lamf-test-4e05654b-8014-4960-848f-0c1b470c0ee8,"{<resource_manager.instance.OnPremInstance object at 0x139143e00>: [(5, 33865.008, None)]}",119.66024806020059,43832.976388133044,33865.008,12631.581065194492,3,,33865.008,37323.21683088789,True,26.30016602698219,33.31341353602283,7.013247509040637
lamf-test-2f12deb2-00c6-45f2-bf9e-431fba73627e,"{<resource_manager.instance.OnPremInstance object at 0x139143e00>: [(6, 33985.008, None)]}",93.49967154984164,43921.26740063274,33985.008,12634.962791900492,1,,33985.008,39410.11915560497,True,85.40558287400015,98.60813338228039,13.202550508280245
lamf-test-b18ea74a-e7ea-41d7-821c-d4f1a5e50746,"{<resource_manager.instance.CloudReservedInstance object at 0x139350710>: [(3, 34045.008, None)], <resource_manager.instance.CloudOnDemandInstance object at 0x13918a3f0>: [(1, 34045.008, None)]}",93.66823018165961,44154.83695368754,34045.008,13236.804670406493,3,,34045.008,44170.236953687534,False,61.603035690547,,
lamf-test-4d1918b0-1458-45e2-b527-a49166860d07,"{<resource_manager.instance.OnPremInstance object at 0x139143e00>: [(6, 34165.008, None)]}",99.90881249240506,44375.74114797447,34165.008,13240.672353321492,2,,34165.008,39344.608,True,22.38545354677882,34.99052810677882,12.605074559999997
lamf-test-d81a676f-ccce-4b38-95bc-838588f989f1,"{<resource_manager.instance.OnPremInstance object at 0x139143e00>: [(3, 34195.008, None)]}",93.67827368323229,44879.47511051887,34195.008,13829.165721831492,1,,34195.008,40866.57199999999,True,53.27509468400632,61.39305375920631,8.11795907519999
lamf-test-6f91592c-afdd-4bec-8b7a-080c324249f5,"{<resource_manager.instance.OnPremInstance object at 0x139143e00>: [(5, 34345.008, None)]}",112.19170754417485,44961.555402586215,34345.008,13816.239957191492,3,,34345.008,42655.46713235516,True,63.20221410263258,80.05582522304884,16.853611120416257
lamf-test-e18205c9-e6f7-4d1b-94fe-6bdf96998c05,"{<resource_manager.instance.CloudOnDemandInstance object at 0x13918a3f0>: [(4, 34465.008, None)], <resource_manager.instance.CloudOnDemandInstance object at 0x139358440>: [(2, 34465.008, None)]}",110.9772195614234,45026.41757979957,34465.008,13807.427144305491,1,,34865.544,45041.817579799565,False,150.68742829232525,,
lamf-test-396956b2-43cb-496d-8f0c-0ee7a61c67dd,"{<resource_manager.instance.OnPremInstance object at 0x139143e00>: [(2, 34895.544, None)]}",82.48316532935924,45089.3096180931,34895.544,13869.622427508491,1,,34895.544,40020.062,True,27.67060445661265,31.827613458212646,4.157009001599997
lamf-test-b2a69e4a-f75e-4751-ad43-b2adf397fd45,"{<resource_manager.instance.OnPremInstance object at 0x139143e00>: [(5, 34925.544, None)]}",99.34731245959347,45146.95265035717,34925.544,13868.056301667491,1,,34925.544,39318.57754779911,True,57.798676992109364,66.70774902704596,8.909072034936594
lamf-test-2b83bd20-9a87-454f-8bc9-f6503da1f9d0,"{<resource_manager.instance.OnPremInstance object at 0x139143e00>: [(3, 34955.544, None)]}",93.14423892083788,45508.088059435046,34955.544,14413.198516479491,2,,34955.544,45523.48805943504,False,34.08988398971184,,
lamf-test-44149545-c52b-4763-ae20-c3268c37dc6f,"{<resource_manager.instance.CloudOnDemandInstance object at 0x1393491d0>: [(4, 34985.544, None)], <resource_manager.instance.CloudOnDemandInstance object at 0x13918a3f0>: [(2, 34985.544, None)]}",109.24225266973586,45525.5417190545,34985.544,14449.483770694493,2,,35386.08,45540.94171905449,False,52.87632793250988,,
lamf-test-a691c5b1-12d1-40f2-af64-e72afc904125,"{<resource_manager.instance.CloudReservedInstance object at 0x139349090>: [(1, 35416.08, None)], <resource_manager.instance.CloudReservedInstance object at 0x13918a2c0>: [(1, 35416.08, None)], <resource_manager.instance.CloudOnDemandInstance object at 0x1393496d0>: [(3, 35416.08, None)]}",99.92248787916859,45597.103952941055,35416.08,14444.626851206493,3,,35416.08,45612.50395294105,False,43.94230415494152,,
lamf-test-f14e2551-1aeb-4008-9226-cf172ac76d45,"{<resource_manager.instance.CloudOnDemandInstance object at 0x1393496d0>: [(2, 35446.08, None)]}",113.07976716267329,45613.17046410443,35446.08,14420.641199474492,2,,35846.616,45628.57046410442,False,20.660644267409957,,
lamf-test-33fae0e0-9739-4c13-8834-0589e7587a07,"{<resource_manager.instance.OnPremInstance object at 0x139143e00>: [(2, 35876.616, None)]}",87.86109604520695,45638.14711172607,35876.616,14414.665391274491,2,,35876.616,42954.99199999999,True,19.24235110376477,24.98432971496476,5.7419786111999915
lamf-test-32172143-1bae-4833-a5f0-e53bac6ac6d4,"{<resource_manager.instance.OnPremInstance object at 0x139143e00>: [(6, 35906.616, None)]}",101.07515126388836,45638.15050397833,35906.616,14454.743580675493,1,,35906.616,39550.546209544984,True,57.36508885662874,66.23295741457741,8.867868557948668
lamf-test-df81467a-4b45-4bf0-9c71-c38863eca94a,"{<resource_manager.instance.OnPremInstance object at 0x139143e00>: [(3, 35936.616, None)]}",90.94794091988545,45643.452868722656,35936.616,14443.626851206493,2,,35936.616,41349.156,True,17.459674242403118,24.04565291440312,6.585978672000001
lamf-test-f542227f-df52-4f0c-ae96-9700636101a5,"{<resource_manager.instance.CloudReservedInstance object at 0x139349090>: [(2, 36266.616, None)], <resource_manager.instance.CloudReservedInstance object at 0x13918a2c0>: [(4, 36266.616, None)]}",98.85116440229747,45658.80532696977,36266.616,14478.316073818492,3,58.79535782188759,36266.616,45674.205326969764,False,66.77630774334,,
lamf-test-3b06725f-04eb-4610-a2d8-34a69a9c127f,"{<resource_manager.instance.OnPremInstance object at 0x139143e00>: [(5, 36446.616, None)]}",123.85755114021583,45667.17287448007,36446.616,14455.743580675493,3,,36446.616,44134.93739706547,True,58.470768857445194,74.06268465069397,15.59191579324877
lamf-test-fd51a7dd-bca8-4714-a851-595e00860b67,"{<resource_manager.instance.CloudOnDemandInstance object at 0x1393496d0>: [(3, 36626.616, None)]}",86.19568247701017,45692.35035018147,36626.616,14418.191778976492,3,,37027.152,45707.750350181464,False,20.71899235724723,,
lamf-test-1bfc2de0-7e2f-450e-9736-96acfe81a2a7,"{<resource_manager.instance.OnPremInstance object at 0x139143e00>: [(5, 37057.152, None)]}",88.34113338193856,45705.65516601759,37057.152,14433.598685674493,1,,37057.152,41840.18,True,62.92979268385426,72.62977346785425,9.699980783999996
lamf-test-bfb0cddb-1544-48a4-b06e-9eadc91468fd,"{<resource_manager.instance.CloudReservedInstance object at 0x139350710>: [(1, 37087.152, None)], <resource_manager.instance.CloudOnDemandInstance object at 0x1393496d0>: [(1, 37087.152, None)], <resource_manager.instance.CloudOnDemandInstance object at 0x1393491d0>: [(2, 37087.152, None)], <resource_manager.instance.CloudOnDemandInstance object at 0x13918a3f0>: [(2, 37087.152, None)]}",95.51732021748852,45743.699043160224,37087.152,14464.115767001493,2,,37087.152,45759.099043160226,False,69.13181689581546,,
lamf-test-79eb9a19-2e44-423f-814a-791df0f7734e,"{<resource_manager.instance.OnPremInstance object at 0x139143e00>: [(2, 37117.152, None)]}",110.61449386789155,46126.71002204412,37117.152,15031.171223417492,3,,37117.152,43566.016,True,19.617808198342082,24.849126675142085,5.231318476800001
lamf-test-7f97cbae-fe7b-4dba-87f8-0ca2882583a5,"{<resource_manager.instance.OnPremInstance object at 0x139143e00>: [(4, 37147.152, None)]}",101.33638951109616,46145.90830783474,37147.152,15032.171223417492,2,,37147.152,46161.30830783473,False,32.83101042488203,,
lamf-test-cf5ee26c-33df-418f-9253-bf22cfb1db3e,"{<resource_manager.instance.OnPremInstance object at 0x139143e00>: [(3, 37177.152, None)]}",86.78911405093122,46161.28792078699,37177.152,15074.750767185493,3,,37177.152,40562.812000000005,True,15.449053159936131,19.568724247936135,4.119671088000005
lamf-test-6e9b564f-bd08-4a74-adb5-0f54b0e3a954,"{<resource_manager.instance.OnPremInstance object at 0x139143e00>: [(2, 37387.152, None)]}",95.10170299612852,46253.751685567804,37387.152,15072.790615470492,2,,37387.152,46269.1516855678,False,24.145447550854048,,
lamf-test-9aa73522-f6c8-49a8-a56a-28cd17720766,"{<resource_manager.instance.OnPremInstance object at 0x139143e00>: [(6, 37507.152, None)]}",99.02000673984057,46263.26957320459,37507.152,15025.528012582492,1,,37507.152,40263.3,True,43.38905133470227,50.09641310750228,6.707361772800003
lamf-test-0b008ed2-19e2-4099-a5b7-5ad49013ab38,"{<resource_manager.instance.OnPremInstance object at 0x139143e00>: [(6, 38047.152, None)]}",98.70843455961634,46353.22456602996,38047.152,15079.199782297494,3,,38047.152,42707.236,True,42.52871549167232,53.86949591407231,11.34078042239999
lamf-test-6250b41b-6866-44ee-9930-467c8f1f7d45,"{<resource_manager.instance.CloudReservedInstance object at 0x139350710>: [(1, 38347.152, None)], <resource_manager.instance.CloudReservedInstance object at 0x139349310>: [(3, 38347.152, None)], <resource_manager.instance.CloudOnDemandInstance object at 0x1393491d0>: [(2, 38347.152, None)]}",92.1601820634213,46866.77807314074,38347.152,15646.868496701494,3,29.15327401323294,38347.152,46882.178073140734,False,41.10971566650795,,
lamf-test-ea68f53d-4ebe-4fb8-83dd-aa5b6c6a2310,"{<resource_manager.instance.OnPremInstance object at 0x139143e00>: [(4, 38377.152, None)]}",110.2774483129196,46881.88582116935,38377.152,15643.572788237494,3,,38377.152,45488.21,True,43.26447942809337,54.801459927293365,11.536980499199995
lamf-test-69f3610c-edfc-431a-ac62-c6c3e7603585,"{<resource_manager.instance.OnPremInstance object at 0x139143e00>: [(5, 38767.152, None)]}",101.55343618416583,46899.67146364009,38767.152,15673.781051118494,1,,38767.152,45530.772000000004,True,88.9882318047,102.70485316470001,13.716621360000005
lamf-test-3caf5282-95cc-4847-bdc6-12864fd51ff6,"{<resource_manager.instance.CloudOnDemandInstance object at 0x139358440>: [(2, 38887.152, None)]}",88.21646259362132,47224.049927298445,38887.152,16252.194055848497,1,,39287.688,47239.44992729844,False,30.701528619623126,,
lamf-test-dfcd1cfc-af92-4194-9a51-c980d70402e7,"{<resource_manager.instance.OnPremInstance object at 0x139143e00>: [(5, 39317.688, None)]}",104.89919658381315,47394.07496069682,39317.688,16248.961379493496,2,,39317.688,44250.39400000001,True,19.73969423664874,29.74322200464875,10.00352776800001
lamf-test-787e33de-2c34-4cf0-bd9d-1f6b1a5da962,"{<resource_manager.instance.OnPremInstance object at 0x139143e00>: [(3, 39347.688, None)]}",98.72547788684845,47627.85986161398,39347.688,16233.755505465495,1,,39347.688,45316.718,True,47.665080994752444,54.928196698752444,7.263115703999999
lamf-test-70da499d-f492-45a5-857f-ba98849424d5,"{<resource_manager.instance.OnPremInstance object at 0x139143e00>: [(4, 39377.688, None)]}",105.64492540905647,47942.75812447062,39377.688,16848.641110406497,3,,39377.688,47064.966,True,46.770266940451734,59.242106767651734,12.471839827199997
lamf-test-b20c0974-09ea-4c80-b141-7811b8b20475,"{<resource_manager.instance.OnPremInstance object at 0x139143e00>: [(2, 39407.688, None)]}",96.38631983638818,47982.72937916318,39407.688,16886.779817326496,1,,39407.688,43894.994,True,24.22988257662178,27.869985203821777,3.6401026271999974
lamf-test-48887eaf-7764-41b1-8a24-eb297e7a4537,"{<resource_manager.instance.OnPremInstance object at 0x139143e00>: [(6, 39437.688, None)]}",92.60848910013964,47987.88920615546,39437.688,16847.641110406497,1,,39437.688,41886.78,True,38.555178644763814,44.51528893596381,5.960110291199993
lamf-test-41153241-bf67-4ba2-bd57-821911347a85,"{<resource_manager.instance.OnPremInstance object at 0x139143e00>: [(3, 39467.688, None)]}",99.23133172494114,47999.69382359828,39467.688,16851.612775778496,3,,39467.688,48015.093823598276,False,39.00253627012673,,
lamf-test-1bd3ea85-4b86-41d6-88ae-4d09629a5e9f,"{<resource_manager.instance.OnPremInstance object at 0x139143e00>: [(5, 39497.688, None)]}",91.30297666017438,48015.21714837424,39497.688,16873.498818438497,2,,39497.688,42418.914000000004,True,11.690157093519955,17.61440342151996,5.924246328000004
lamf-test-af303474-9c6d-4cd6-af46-9ee1b2d1d0c4,"{<resource_manager.instance.CloudOnDemandInstance object at 0x13918a780>: [(6, 39527.688, None)]}",83.47238892971743,48028.94482055083,39527.688,16842.005174646998,3,,39928.224,48044.344820550825,False,77.72445193293015,,
lamf-test-5d4708b4-be70-4e57-95c0-9df21e198378,"{<resource_manager.instance.OnPremInstance object at 0x139143e00>: [(5, 39958.224, None)]}",119.73047030526563,48042.02374789614,39958.224,16830.093728206495,1,,39958.224,44353.474,True,57.82783861890638,66.74140561890637,8.913566999999999
lamf-test-67a1a99a-4314-4946-83c9-ed2acd2c23fe,"{<resource_manager.instance.OnPremInstance object at 0x139143e00>: [(2, 39988.224, None)]}",104.56386159081104,48082.63266136028,39988.224,16872.498818438497,2,,39988.224,47381.356,True,20.09800577144797,26.09531444984797,5.997308678399998
lamf-test-04e82c6f-21eb-4e35-8244-b06d0737db1d,"{<resource_manager.instance.OnPremInstance object at 0x139143e00>: [(5, 40018.224, None)]}",95.5159501731966,48307.74418639287,40018.224,16874.498818438497,2,25.662251599319426,40018.224,48323.14418639286,False,33.23461506507113,,
lamf-test-9638132b-b89e-4ce9-a020-504ebe7f7390,"{<resource_manager.instance.OnPremInstance object at 0x139143e00>: [(3, 40048.224, None)]}",103.1682902438305,48999.804545391045,40048.224,18036.666549392496,2,,40048.224,48458.64600000001,True,27.13018811152261,37.36398960112262,10.233801489600008
lamf-test-0967a8c1-fdb4-4be1-a916-cc022480b089,"{<resource_manager.instance.OnPremInstance object at 0x139143e00>: [(2, 40078.224, None)]}",89.68473907463206,49048.35035397952,40078.224,18057.991016759497,1,,40078.224,49063.750353979514,False,48.51869884649368,,
lamf-test-428fc4b3-a829-4902-849a-b2c3bb41b1dd,"{<resource_manager.instance.OnPremInstance object at 0x139143e00>: [(6, 40108.224, None)]}",111.95659614535904,49144.37189838473,40108.224,18031.683634655496,3,41.63000684462696,40108.224,45945.89494605998,True,53.27557331562839,67.48212932995996,14.206556014331571
lamf-test-ff254f04-4cb3-4cab-aa4a-5f045128d210,"{<resource_manager.instance.OnPremInstance object at 0x139143e00>: [(3, 40138.224, None)]}",110.15545315677929,49203.1333912968,40138.224,18082.10618788149,3,,40138.224,47066.922,True,31.616235455167676,40.04707518156767,8.430839726399997
lamf-test-5c066d18-4f49-4722-a66a-a3c4e7ab30cb,"{<resource_manager.instance.CloudReservedInstance object at 0x139350710>: [(1, 40168.224, None)], <resource_manager.instance.CloudReservedInstance object at 0x139349310>: [(1, 40168.224, None)], <resource_manager.instance.CloudReservedInstance object at 0x139349090>: [(1, 40168.224, None)]}",105.95282638563052,49205.78958585004,40168.224,18067.735049187493,3,,40168.224,49221.189585850036,False,25.244662824638212,,
lamf-test-03f57a47-31b2-463e-9964-32e1833cfbcd,"{<resource_manager.instance.CloudReservedInstance object at 0x139349090>: [(2, 40198.224, None)], <resource_manager.instance.CloudOnDemandInstance object at 0x13918a780>: [(3, 40198.224, None)], <resource_manager.instance.CloudOnDemandInstance object at 0x1393496d0>: [(1, 40198.224, None)]}",98.51981663568804,49233.16799573143,40198.224,18068.735049187493,1,,40198.224,48532.539595933675,True,95.49802644971786,163.97776397526647,68.47973752554861
lamf-test-faec5c90-186b-4555-954c-a8baf4f027a2,"{<resource_manager.instance.CloudOnDemandInstance object at 0x13918a3f0>: [(3, 40228.224, None)], <resource_manager.instance.CloudOnDemandInstance object at 0x139358440>: [(1, 40228.224, None)]}",104.23072108364673,49273.131032352656,40228.224,18055.982590850497,3,,40628.76,49288.53103235265,False,50.530269655932834,,
lamf-test-947624f9-c308-44e1-a082-5eef08d3ec8d,"{<resource_manager.instance.OnPremInstance object at 0x139143e00>: [(4, 40658.76, None)]}",93.19634223972996,49965.03693860205,40658.76,18673.597499470496,2,,40658.76,46255.412,True,20.383908807609007,29.463917012409,9.080008204799991
lamf-test-9a44ea70-cb8b-427c-9af4-a87498aeb7c6,"{<resource_manager.instance.OnPremInstance object at 0x139143e00>: [(2, 40688.76, None)]}",116.40460154918469,50006.41374829395,40688.76,18640.526480548495,3,,40688.76,50021.81374829394,False,28.391676167903075,,
lamf-test-ca1797e6-b093-4c70-86e8-71ffe0d25cca,"{<resource_manager.instance.OnPremInstance object at 0x139143e00>: [(4, 40718.76, None)]}",87.62355008897632,50347.9644860815,40718.76,19244.206367936495,3,,40718.76,44733.932,True,24.428759601490597,30.942974654290595,6.514215052799997
lamf-test-c4cd6d33-84be-4a0d-a794-48962ad9461f,"{<resource_manager.instance.CloudReservedInstance object at 0x139349310>: [(2, 40748.76, None)], <resource_manager.instance.CloudOnDemandInstance object at 0x1393491d0>: [(1, 40748.76, None)], <resource_manager.instance.CloudOnDemandInstance object at 0x139358440>: [(1, 40748.76, None), (1, 50574.12, None)], <resource_manager.instance.CloudOnDemandInstance object at 0x13918a3f0>: [(1, 50574.12, None)]}",92.44374551049617,50526.44863877038,40748.76,19284.848544135988,1,57.536901665525896,40748.76,50591.37086695825,False,57.72013773558206,,
lamf-test-b37b6ec3-b4f6-4505-b5ff-6313155b88e1,"{<resource_manager.instance.CloudOnDemandInstance object at 0x139358440>: [(5, 40778.76, None)]}",92.20096869554938,50557.01407122165,40778.76,19233.100383591496,2,,41179.296,50572.41407122165,False,33.028544718771684,,
lamf-test-783eef72-16ea-4bd4-8850-a7549496bd66,"{<resource_manager.instance.OnPremInstance object at 0x139143e00>: [(3, 41209.296, None)]}",99.85904399571011,50560.54883264267,41209.296,19291.40823777499,2,,41209.296,48767.505999999994,True,24.38113796030579,33.57796788830578,9.19682992799999
lamf-test-8a7888d4-6626-4d18-8e7e-6823cdaffb96,"{<resource_manager.instance.OnPremInstance object at 0x139143e00>: [(6, 41239.296, None), (3, 44279.832, None)]}",94.8282048828368,50580.150013717444,41239.296,19275.29060726599,3,37.19403148528405,41239.296,45784.48211397668,True,48.34598376422555,61.238006949886014,12.892023185660463
lamf-test-59f36aea-6cbc-457b-81ba-431f79f73291,"{<resource_manager.instance.OnPremInstance object at 0x139143e00>: [(2, 41419.296, None)]}",94.81833183066266,50591.94733305627,41419.296,19297.003450177992,3,,41419.296,48347.994000000006,True,21.07749030344514,26.698050121045142,5.620559817600003
lamf-test-720b43f5-e992-4463-8b62-736d9e2ae936,"{<resource_manager.instance.OnPremInstance object at 0x139143e00>: [(2, 41449.296, None)]}",92.64800719218381,50950.76573173709,41449.296,19849.642056332992,2,,41449.296,51176.363999999994,False,26.44274020851606,,
lamf-test-abc545e6-fca4-4495-82db-38cb26110a9d,"{<resource_manager.instance.CloudOnDemandInstance object at 0x1393496d0>: [(2, 41539.296, None)], <resource_manager.instance.CloudOnDemandInstance object at 0x1393491d0>: [(3, 41539.296, None)]}",106.90985136127853,51025.1337826092,41539.296,19875.565544706988,1,,41939.832,51040.5337826092,False,53.4711077582387,,
lamf-test-ce4c822f-a3d7-44c8-9dba-10c2ea1d7fc0,"{<resource_manager.instance.OnPremInstance object at 0x139143e00>: [(6, 41969.832, None)]}",86.88519768848549,51171.867716297835,41969.832,19893.60811516499,2,,41969.832,44710.534,True,11.844902561310482,18.514674948510475,6.669772387199995
lamf-test-b3a0db0a-ecb4-42b0-814b-3c34a8d7aaed,"{<resource_manager.instance.OnPremInstance object at 0x139143e00>: [(4, 41999.832, None)]}",100.59507953151345,51373.196084134994,41999.832,20446.75799343249,2,,41999.832,46172.382,True,15.197099747346977,21.96664486734697,6.769545119999993
lamf-test-16723367-a744-4f94-a768-1e436a8648c3,"{<resource_manager.instance.OnPremInstance object at 0x139143e00>: [(2, 42029.832, None)]}",100.67432907273152,51551.55413248509,42029.832,20462.54766081599,3,,42029.832,50424.85399999999,True,25.53813065632364,32.348172502723635,6.810041846399992
lamf-test-801af7b0-7341-46d2-ba63-e3fe9d27ac0a,"{<resource_manager.instance.OnPremInstance object at 0x139143e00>: [(6, 42059.832, None)]}",98.05192865733181,51632.34713805608,42059.832,20475.341474514993,1,,42059.832,49313.74,True,114.19567693360706,131.84878744240706,17.65311050879999
lamf-test-a7a41a4b-e265-4559-96d2-89c830b4e4f3,"{<resource_manager.instance.OnPremInstance object at 0x139143e00>: [(5, 42449.832, None)]}",110.11661546722232,51643.95181735347,42449.832,20456.522213419492,3,,42449.832,51659.35181735346,False,70.03969744736071,,
lamf-test-2be5e6dd-c6ce-4cb1-a0eb-f7b6d8f68bd8,"{<resource_manager.instance.OnPremInstance object at 0x139143e00>: [(2, 42479.832, None)]}",93.23301746575929,51673.71666253471,42479.832,20459.66589695899,1,,42479.832,51689.1166625347,False,49.726915433870545,,
lamf-test-ef36ad8e-1831-459d-b4cc-a917ad7c30ef,"{<resource_manager.instance.OnPremInstance object at 0x139143e00>: [(5, 42689.832, None)]}",103.50768504869966,51702.83541984025,42689.832,20455.522213419492,1,,42689.832,51718.235419840246,False,118.7857473292541,,
lamf-test-b3747e60-f13b-4587-ba76-a5026ef56274,"{<resource_manager.instance.OnPremInstance object at 0x139143e00>: [(2, 42719.832, None)]}",92.20458272811517,51796.80936730081,42719.832,20453.47655904349,3,,42719.832,48059.35,True,16.24311506578446,20.574532067384453,4.331417001599997
lamf-test-ca0646aa-2851-4f2a-8895-2a2c8b5e84b5,"{<resource_manager.instance.OnPremInstance object at 0x139143e00>: [(2, 42749.832, None)]}",94.28001103179955,52235.16266446348,42749.832,21109.017961143985,1,,42749.832,52250.562664463476,False,51.30062188583973,,
lamf-test-85ef9298-5c31-4c16-9153-df2b312fad0a,"{<resource_manager.instance.OnPremInstance object at 0x139143e00>: [(3, 42779.832, None), (3, 44519.832, None)]}",97.20592300310147,52250.59456454999,42779.832,21110.017961143985,3,7.939767282683093,42779.832,49947.765892119955,True,57.4760108794885,72.80266279935162,15.326651919863117
lamf-test-163e5afc-c48a-4e5a-9de1-7c84bd3faaf7,"{<resource_manager.instance.OnPremInstance object at 0x139143e00>: [(6, 43109.832, None)]}",100.39270820446175,52292.625494515945,43109.832,21108.017961143985,2,8.557262727357726,43109.832,46020.459892119965,True,12.579296754770677,19.662600793033818,7.083304038263142
lamf-test-991152cd-8fe7-4378-a610-0074b2c690c7,"{<resource_manager.instance.OnPremInstance object at 0x139143e00>: [(4, 43289.832, None)]}",88.26977600456904,52394.57955095502,43289.832,21092.551117132985,1,,43289.832,51127.66399999999,True,82.85486713818528,95.57096577498527,12.71609863679998
lamf-test-00d387e4-de4a-4f41-acfd-aaa44673560f,"{<resource_manager.instance.OnPremInstance object at 0x139143e00>: [(2, 43319.832, None)]}",98.67187509741939,52424.08634781161,43319.832,21102.284150578987,3,,43319.832,49446.24,True,18.636878850102654,23.60662101970265,4.969742169599996
lamf-test-7e75828d-051b-4c5f-920b-c422e487e5af,"{<resource_manager.instance.CloudReservedInstance object at 0x13918a2c0>: [(1, 43469.832, None)], <resource_manager.instance.CloudReservedInstance object at 0x1393586e0>: [(2, 43469.832, None)]}",99.15520505278813,52568.640366400345,43469.832,21107.017961143985,1,,43469.832,52584.04036640034,False,59.14866382230553,,
lamf-test-a45d60d7-4f78-42c1-a625-3f2365379d5f,"{<resource_manager.instance.OnPremInstance object at 0x139143e00>: [(5, 43889.832, None), (5, 44849.832, None)]}",84.78789055156865,52745.70506045775,43889.832,21655.509247986487,3,7.30093543235227,43889.832,49566.13409544987,True,79.03722101224221,100.11342231138687,21.07620129914465
lamf-test-68ac11d3-bedc-4a83-9d98-64a41fc6b97b,"{<resource_manager.instance.OnPremInstance object at 0x139143e00>: [(2, 43919.832, None)]}",92.68285924520144,52840.723772392404,43919.832,21656.509247986487,2,,43919.832,52856.1237723924,False,24.293038947077566,,
lamf-test-e15b5aaf-9b3e-4030-9089-2acfa9cb2d3e,"{<resource_manager.instance.OnPremInstance object at 0x139143e00>: [(5, 44189.832, None)]}",97.31114029433286,52882.24235295553,44189.832,21713.663933089985,3,,44189.832,49866.88026471031,True,43.174752944789,54.68780682562149,11.513053880832498
lamf-test-17816b27-b52b-478c-9ec4-0160430c532f,"{<resource_manager.instance.CloudReservedInstance object at 0x1393586e0>: [(3, 44219.832, None)]}",105.18873887331532,52882.36224203529,44219.832,21693.786470088486,1,,44219.832,52897.762242035285,False,46.85778745033882,,
lamf-test-61ec6a0a-d66e-4c08-8b27-302f072141f8,"{<resource_manager.instance.CloudReservedInstance object at 0x139350710>: [(3, 44249.832, None)], <resource_manager.instance.CloudOnDemandInstance object at 0x13918a3f0>: [(1, 44249.832, None)], <resource_manager.instance.CloudOnDemandInstance object at 0x139358440>: [(1, 44249.832, None)]}",101.82362679709799,52914.13529413722,44249.832,21683.862051135988,1,,44249.832,52888.54947954667,True,110.15476188840663,164.89485906930207,54.74009718089543
lamf-test-48a10b5f-21dc-470f-9659-627dfd23c08d,"{<resource_manager.instance.OnPremInstance object at 0x139143e00>: [(3, 44309.832, None)]}",92.04085175874731,53014.29861765656,44309.832,21712.663933089985,1,,44309.832,51073.452,True,54.010198494182035,62.24017131018203,8.229972815999995
lamf-test-a4fb3475-0825-4c5b-85c8-d701cc8e051a,"{<resource_manager.instance.OnPremInstance object at 0x139143e00>: [(3, 44429.832, None)]}",101.67173585300391,53336.67743781154,44429.832,22307.940890434984,2,,44429.832,51730.908,True,23.551679725051006,32.435629001851005,8.883949276800001
lamf-test-6620de74-3135-4711-a32d-634f822e03d2,"{<resource_manager.instance.OnPremInstance object at 0x139143e00>: [(4, 44789.832, None)]}",98.27879946704434,53425.94719170795,44789.832,22292.074039393985,3,,44789.832,50680.630000000005,True,35.84027986919158,45.39751054439159,9.557230675200003
lamf-test-2655d61c-0fa6-49c7-9b40-d21f2644dd36,"{<resource_manager.instance.CloudOnDemandInstance object at 0x13918a3f0>: [(4, 45089.832, None)]}",98.54453325124068,53432.53623420413,45089.832,22275.281299453985,3,,45490.368,53447.93623420413,False,50.85164945899536,,
lamf-test-9a7f6ef4-eca1-47fa-bd17-e85ad4733068,"{<resource_manager.instance.OnPremInstance object at 0x139143e00>: [(2, 45520.368, None)]}",78.08322369616431,53899.70133987814,45520.368,22864.478112308985,3,,45520.368,53850.068,True,25.339417446193615,32.09647008619361,6.757052639999998
lamf-test-37c8ef81-42b5-4306-a9c3-b1cac47dcc55,"{<resource_manager.instance.OnPremInstance object at 0x139143e00>: [(3, 45550.368, None)]}",94.44155216210058,53914.46862929163,45550.368,22929.467131792982,3,,45550.368,50582.83,True,22.963550079853977,29.087049841453975,6.1234997616
lamf-test-2ac6e5ae-946b-4f89-bc34-4a9884f2cfe6,"{<resource_manager.instance.OnPremInstance object at 0x139143e00>: [(5, 45610.368, None)]}",95.77075929852428,53943.74213613221,45610.368,22869.657929195982,2,,45610.368,49681.00498162152,True,16.289867947857296,24.545119746585726,8.255251798728432
lamf-test-7dd29e36-66af-4783-b073-b6c0b522e329,"{<resource_manager.instance.CloudOnDemandInstance object at 0x139358440>: [(2, 45640.368, None)]}",83.46710826795761,53999.42669964279,45640.368,22923.04494282498,3,,46040.904,54014.826699642785,False,16.983717290831308,,
lamf-test-fd191bba-3764-4aa2-81d0-45d1ba51f949,"{<resource_manager.instance.OnPremInstance object at 0x139143e00>: [(4, 46070.904, None)]}",100.27899055090289,54039.87418129876,46070.904,22897.20616963498,3,,46070.904,49299.186,True,19.6412320328542,24.8787967496542,5.237564716799999
lamf-test-95bfd6d8-e883-4198-903e-cd0ba022b850,"{<resource_manager.instance.OnPremInstance object at 0x139143e00>: [(3, 46100.904, None)]}",108.5127056419366,54039.90995889331,46100.904,22902.196106494983,3,,46100.904,54055.309958893304,False,36.296627692873834,,
lamf-test-0c976fb6-216b-4050-8a58-4c7808a95db4,"{<resource_manager.instance.OnPremInstance object at 0x139143e00>: [(4, 46130.904, None)]}",96.91256106343577,54149.546338628126,46130.904,22915.941334001982,2,,46130.904,51164.45599999999,True,18.333007831531745,26.499442596331725,8.166434764799982
lamf-test-9e35d55c-f665-44e0-9363-3dbcea008e08,"{<resource_manager.instance.OnPremInstance object at 0x139143e00>: [(5, 46160.904, None)]}",86.26069651046296,54164.704835325974,46160.904,22883.17880803698,1,,46160.904,48130.162000000004,True,25.90931888356531,29.902974107565313,3.993655224000003
lamf-test-0e5529ab-179e-4c81-ab1e-a5b6748ed38f,"{<resource_manager.instance.OnPremInstance object at 0x139143e00>: [(4, 46190.904, None)]}",90.40968795722229,54196.58694196398,46190.904,22926.467131792982,1,,46190.904,52067.878000000004,True,62.126350749106415,71.66115336670642,9.534802617600002
lamf-test-69f48fe6-1e8c-4fc5-9c19-482eb942f9fa,"{<resource_manager.instance.OnPremInstance object at 0x139143e00>: [(5, 46220.904, None)]}",98.65433601246767,54198.80063646546,46220.904,22876.65782929898,1,,46220.904,48447.296,True,29.292403680888278,33.80752665688828,4.515122975999999
lamf-test-5aa93d3d-910f-451f-93e3-8a493339688f,"{<resource_manager.instance.OnPremInstance object at 0x139143e00>: [(2, 46250.904, None)]}",113.0038570701071,54219.75716752628,46250.904,22890.26076088698,1,,46250.904,50108.698,True,20.830738002889923,23.96018049568992,3.1294424927999955
lamf-test-f2ffe8b3-b45a-4a58-abb1-8afdd7e300f5,"{<resource_manager.instance.CloudReservedInstance object at 0x139350710>: [(1, 46280.904, None)], <resource_manager.instance.CloudReservedInstance object at 0x139349090>: [(3, 46280.904, None)], <resource_manager.instance.CloudReservedInstance object at 0x13918a2c0>: [(1, 46280.904, None)]}",93.64754554289101,54268.91558624212,46280.904,22927.467131792982,1,,46280.904,54284.31558624211,False,67.56245235933335,,
lamf-test-82b7898a-b46e-4b11-b960-f79eca48e5a9,"{<resource_manager.instance.CloudReservedInstance object at 0x13918a2c0>: [(4, 46310.904, None)], <resource_manager.instance.CloudOnDemandInstance object at 0x1393496d0>: [(2, 46310.904, None)]}",98.3988004891017,54626.26323856626,46310.904,23498.00694112148,3,,46310.904,54641.66323856625,False,63.35659927421286,,
lamf-test-d810e1eb-4d17-4900-af04-d2b542e8cfec,"{<resource_manager.instance.OnPremInstance object at 0x139143e00>: [(4, 46340.904, None)]}",84.1782634626678,54656.6948165436,46340.904,23504.42199797648,3,,46340.904,49569.186,True,19.6412320328542,24.8787967496542,5.237564716799999
lamf-test-806099cf-b277-4bb2-b9dd-8fe5f8178c51,"{<resource_manager.instance.OnPremInstance object at 0x139143e00>: [(4, 46370.904, None), (3, 47381.976, None)]}",111.44661170355707,54686.2324641493,46370.904,23524.011552089476,2,3.6824872166300273,46370.904,50795.0230708769,True,27.123100750585643,38.45378720701933,11.330686456433693
lamf-test-173e9366-5762-42bc-86c2-633481cf4423,"{<resource_manager.instance.OnPremInstance object at 0x139143e00>: [(3, 46400.904, None)]}",93.84380170129782,54687.86327518578,46400.904,23509.15133294448,2,,46400.904,54703.263275185775,False,26.78160131622817,,
lamf-test-555576d3-2284-4491-8498-d0f099444eff,"{<resource_manager.instance.CloudOnDemandInstance object at 0x1393496d0>: [(4, 46430.904, None)]}",94.23503159233334,54711.91456381029,46430.904,23477.288690732483,3,,46831.44,54727.31456381029,False,25.238149102776738,,
lamf-test-8a05feee-4197-48d4-a52c-e2d3966c37bb,"{<resource_manager.instance.CloudOnDemandInstance object at 0x1393496d0>: [(3, 46861.44, None)], <resource_manager.instance.CloudOnDemandInstance object at 0x1393491d0>: [(3, 46861.44, None)]}",95.16517220690687,54742.16532003251,46861.44,23482.47451652948,3,,47261.976,54757.5653200325,False,30.025573503812076,,
lamf-test-c2ae55a6-cf55-4cbe-aa6e-24e58b9f12f6,"{<resource_manager.instance.OnPremInstance object at 0x139143e00>: [(6, 47291.976, None)]}",91.82563906844803,55104.69781735348,47291.976,24080.298197986478,1,49.780501026694054,47291.976,51332.19294605998,True,63.60368908923987,73.43596104917142,9.832271959931559
lamf-test-a6c9693f-0d92-4afb-bfe4-52f7d289bf50,"{<resource_manager.instance.OnPremInstance object at 0x139143e00>: [(2, 47321.976, None)]}",89.94496241994834,55163.286848904725,47321.976,24117.929281684977,3,,47321.976,55178.68684890472,False,23.90055775771455,,
lamf-test-dbb0850f-8e0f-49b0-9c09-4303fd5a9eef,"{<resource_manager.instance.CloudReservedInstance object at 0x139350710>: [(1, 47351.976, None)], <resource_manager.instance.CloudReservedInstance object at 0x139349310>: [(3, 47351.976, None)], <resource_manager.instance.CloudOnDemandInstance object at 0x1393491d0>: [(1, 47351.976, None)]}",108.07778601288287,55226.104224900555,47351.976,24115.440650820976,1,,47351.976,52774.80425942125,True,43.44091388387241,59.65891213104095,16.21799824716854
lamf-test-a0395ef2-51d1-40c3-9888-b0d61a55c626,"{<resource_manager.instance.CloudOnDemandInstance object at 0x1393491d0>: [(2, 47381.976, None)]}",92.41754576857483,55238.30432800276,47381.976,24077.205624907478,2,,47782.512,55253.70432800276,False,13.460135564289358,,
lamf-test-3930d2af-5fdf-4edf-821d-dfe945829644,"{<resource_manager.instance.CloudOnDemandInstance object at 0x1393491d0>: [(2, 47812.512, None)], <resource_manager.instance.CloudOnDemandInstance object at 0x13918a3f0>: [(2, 47812.512, None)]}",97.22721355921198,55259.21855274067,47812.512,24124.797349721975,1,,48213.048,55274.61855274066,False,54.85869395124576,,
lamf-test-466a331a-ad26-47a4-b179-e35d1a0c5537,"{<resource_manager.instance.OnPremInstance object at 0x139143e00>: [(4, 48243.048, None)]}",97.90328572452589,55363.70643466825,48243.048,24119.599947022976,2,,48243.048,53267.810000000005,True,18.30099323451578,26.453167103315785,8.152173868800004
lamf-test-a0f19f32-a3f4-4c78-acaf-fde1ac3637c6,"{<resource_manager.instance.OnPremInstance object at 0x139143e00>: [(3, 48273.048, None)]}",107.04597303714239,55399.71447578879,48273.048,24092.48131931048,2,,48273.048,55028.96800000001,True,21.793125299348578,30.013728755348588,8.220603456000008
lamf-test-55af92f6-5c1e-4d8c-8aae-c07ea4fdcdce,"{<resource_manager.instance.OnPremInstance object at 0x139143e00>: [(4, 48303.048, None)]}",70.67215333655905,55408.990078723655,48303.048,24109.028219519976,2,17.56497801333367,48303.048,55424.39007872365,False,25.937075866159216,,
lamf-test-d9cc477a-0eb2-4ec8-a9de-7c741beaa58e,"{<resource_manager.instance.CloudOnDemandInstance object at 0x13918a780>: [(6, 48333.048, None)]}",82.7847457737088,55758.73764772747,48333.048,24725.03148746098,2,,48733.584,55774.13764772746,False,32.15927226940688,,
lamf-test-0e15ce23-2ef0-4903-9aa0-8a7f0ca26080,"{<resource_manager.instance.OnPremInstance object at 0x139143e00>: [(5, 48763.584, None)]}",96.46734181705244,55777.69509192147,48763.584,24724.03148746098,2,,48763.584,54045.48,True,21.137082167430602,31.8487672554306,10.711685088000001
lamf-test-78a0f553-3295-40e2-a5ac-19ddb0f1516d,"{<resource_manager.instance.OnPremInstance object at 0x139143e00>: [(2, 48793.584, None)]}",116.37656681463137,55809.59215415458,48793.584,24736.478079932982,2,,48793.584,55169.426,True,17.332533669605837,22.504616700005833,5.172083030399998
lamf-test-fec81841-4526-43a0-95bd-3f076bd5a851,"{<resource_manager.instance.OnPremInstance object at 0x139143e00>: [(4, 48823.584, None)]}",72.62226182858821,55839.37194117662,48823.584,24719.93167902298,1,17.55376865160849,48823.584,52239.322,True,36.1082654194235,41.6499587506235,5.541693331199996
lamf-test-864339a1-b0a5-460e-b1ca-0027edfdc65c,"{<resource_manager.instance.OnPremInstance object at 0x139143e00>: [(3, 48853.584, None)]}",93.58805253764653,55854.43413810947,48853.584,24694.366979823975,3,,48853.584,54200.802,True,24.3998083504449,30.9063032128449,6.506494862400001
lamf-test-aad2193f-32c5-4ab4-8d2f-4cb5e12998b4,"{<resource_manager.instance.CloudReservedInstance object at 0x139349090>: [(2, 48883.584, None)], <resource_manager.instance.CloudOnDemandInstance object at 0x13918a780>: [(3, 48883.584, None)], <resource_manager.instance.CloudOnDemandInstance object at 0x1393496d0>: [(1, 48883.584, None)]}",98.21469697151382,55884.818332230934,48883.584,24752.449736075985,1,,48883.584,55900.21833223093,False,80.39949091612489,,
lamf-test-59641966-e6cc-4be0-a119-7ab22cc61df0,"{<resource_manager.instance.OnPremInstance object at 0x139143e00>: [(2, 48913.584, None)]}",95.81804573544144,55887.39872838011,48913.584,24746.080363809982,2,,48913.584,55902.798728380105,False,18.999968883129977,,
lamf-test-30b3bc1a-2d98-405b-81ea-06c96187cb9a,"{<resource_manager.instance.CloudOnDemandInstance object at 0x13918a3f0>: [(2, 48943.584, None)], <resource_manager.instance.CloudOnDemandInstance object at 0x139358440>: [(2, 48943.584, None)]}",105.68868119220394,55890.17691878305,48943.584,24683.981602450975,3,,49344.12,55905.576918783045,False,35.29795887536716,,
lamf-test-bd596546-4204-431a-99fb-fb0e3c382d90,"{<resource_manager.instance.OnPremInstance object at 0x139143e00>: [(3, 49374.12, None)]}",78.4483714429441,55944.56144386903,49374.12,24757.818173495987,2,,49374.12,55959.961443869026,False,21.24448895011786,,
lamf-test-f68c03b2-1108-4e06-99a8-f01efdd4ee00,"{<resource_manager.instance.OnPremInstance object at 0x139143e00>: [(4, 49404.12, None)]}",89.4837421843555,55970.429001027995,49404.12,24709.275125920976,3,,49404.12,55985.82900102799,False,40.043860375864234,,
lamf-test-6e573628-dcc1-4b7d-869b-827070035704,"{<resource_manager.instance.CloudReservedInstance object at 0x139350710>: [(1, 49434.12, None)], <resource_manager.instance.CloudReservedInstance object at 0x139349310>: [(1, 49434.12, None)], <resource_manager.instance.CloudReservedInstance object at 0x139349090>: [(1, 49434.12, None)], <resource_manager.instance.CloudOnDemandInstance object at 0x13918a3f0>: [(2, 49434.12, None)]}",109.24245790651099,55977.42600113258,49434.12,24715.951086766978,1,,49434.12,55992.82600113258,False,70.99570214423426,,
lamf-test-b88b2052-6ae6-4002-8c66-e36cde33cc19,"{<resource_manager.instance.OnPremInstance object at 0x139143e00>: [(6, 49464.12, None), (4, 50424.12, None)]}",88.64826611743442,55984.3345143697,49464.12,24731.29657645898,3,8.761122518822724,49464.12,51112.386,True,19.229842573579678,24.357705469579663,5.127862895999984
lamf-test-e6933cbf-7cce-43d9-910c-796b557ba72c,"{<resource_manager.instance.OnPremInstance object at 0x139143e00>: [(3, 49524.12, None)]}",88.97355341205305,56941.55883860834,49524.12,25943.18681919299,2,,49524.12,55178.394,True,18.239455434470614,25.119576037670612,6.880120603199997
lamf-test-7497ac95-625b-43bd-83d3-57c84bf962da,"{<resource_manager.instance.OnPremInstance object at 0x139143e00>: [(4, 49644.12, None)]}",98.22957400728787,57711.71733842537,49644.12,26500.83947874599,2,3.277945086964157,49644.12,50850.513999999996,True,4.393881428047794,6.351135053647782,1.9572536255999886
lamf-test-b0145057-cb9a-4116-b9cc-7e53df875f10,"{<resource_manager.instance.OnPremInstance object at 0x139143e00>: [(3, 49674.12, None)]}",96.35027898917578,57714.40187610814,49674.12,26553.490493277986,3,,49674.12,57662.33,True,36.4508783937942,46.1709323217942,9.720053928
lamf-test-61ade784-0ecd-402a-9c8b-e4ebdddeaeba,"{<resource_manager.instance.OnPremInstance object at 0x139143e00>: [(6, 49704.12, None), (5, 51154.656, None)]}",102.43286554393279,57737.77463002746,49704.12,26536.93242132299,1,78.9313493041296,49704.12,53717.47924185223,True,96.89967175479848,111.86398834024635,14.964316585447882
lamf-test-b4e74caf-873d-4a82-b93a-d2a9010c8027,"{<resource_manager.instance.OnPremInstance object at 0x139143e00>: [(4, 49764.12, None), (4, 51364.656, None), (5, 53905.728, None)]}",99.8115769311322,57748.64975069241,49764.12,26504.26064830899,3,40.658179329226556,49764.12,56786.05840663496,True,97.61200895315912,123.64139515326393,26.029386200104813
lamf-test-43a50a08-2df6-4deb-93fc-9d7b4c5cb4ce,"{<resource_manager.instance.OnPremInstance object at 0x139143e00>: [(5, 49944.12, None), (3, 53365.728, None)]}",101.53404208454661,57763.43910996587,49944.12,26561.699093338986,2,13.692584905257107,49944.12,55135.36800000001,True,26.48280006268556,39.16394895868558,12.681148896000021
lamf-test-cf0468d1-688d-4c6c-8936-592c1c287c29,"{<resource_manager.instance.OnPremInstance object at 0x139143e00>: [(5, 50004.12, None), (5, 54726.264, None)]}",77.96659588995469,58033.34672962432,50004.12,27118.606005266985,1,62.12874834588182,50004.12,55603.27411397668,True,85.20620666483613,98.33986771912554,13.133661054289405
lamf-test-378dfd97-e0c1-4551-898b-30698d53fa5a,"{<resource_manager.instance.OnPremInstance object at 0x139143e00>: [(6, 50184.12, None)]}",102.1627982073452,58262.91682842128,50184.12,27136.157686659986,3,30.404818617385352,50184.12,54487.159999999996,True,39.27027150353633,49.742149647536316,10.471878143999986
lamf-test-3b51ff08-48bf-48a9-8957-4cbd397fd4f6,"{<resource_manager.instance.CloudOnDemandInstance object at 0x139358440>: [(3, 50604.12, None)]}",92.62541190029211,58314.04144453723,50604.12,27161.136782055986,3,,51004.656,58329.441444537224,False,23.500863775305255,,
lamf-test-ad4070ae-efcf-4ab3-9f00-c5f3048296cd,"{<resource_manager.instance.OnPremInstance object at 0x139143e00>: [(3, 51034.656, None)]}",100.80181912635685,58336.71413638099,51034.656,27104.809501816984,1,14.541984941820672,51034.656,57576.219999999994,True,52.23699292721873,60.19676800241872,7.95977507519999
lamf-test-b8d23111-ed1c-4edb-9006-edb462b74e47,"{<resource_manager.instance.OnPremInstance object at 0x139143e00>: [(2, 51064.656, None)]}",103.94302407732705,58362.55289898178,51064.656,27131.543566712986,3,,51064.656,58377.95289898178,False,22.247461857120005,,
lamf-test-73522a23-7429-4b2e-a07b-d69ba98b1759,"{<resource_manager.instance.OnPremInstance object at 0x139143e00>: [(4, 51094.656, None), (4, 52795.728, None), (6, 53965.728, None)]}",96.6340572191015,58509.12313369506,51094.656,27121.531902869985,2,14.718235676076024,51094.656,54894.99325726992,True,25.503448343704157,37.336423393385644,11.832975049681487
lamf-test-7c11bf42-7b5f-4632-8894-9841db6abbcf,"{<resource_manager.instance.OnPremInstance object at 0x139143e00>: [(2, 51124.656, None)]}",88.20773492460633,60752.242896697906,51124.656,29510.86871896299,2,,51124.656,53823.182,True,7.335861326756019,9.524905617956017,2.1890442911999983
lamf-test-2d67774a-b8e7-4e45-a539-5388bfb6ad2b,"{<resource_manager.instance.OnPremInstance object at 0x139143e00>: [(4, 51154.656, None)]}",85.08088075678369,67308.64220137955,51154.656,36128.25259528299,3,10.166990645676476,51154.656,59231.408,True,49.13987071260171,62.24359315740171,13.1037224448
lamf-test-93fc33e5-0604-48d1-8efe-1dfc9145e379,"{<resource_manager.instance.OnPremInstance object at 0x139143e00>: [(5, 51184.656, None)]}",318.63019504491797,137307.53853978202,51184.656,9592.307496539997,1,,51184.656,58850.891,True,100.86384173701423,116.41096631701423,15.54712458
lamf-test-9d2ced27-20c6-49c1-84d1-76444fddb91f,"{<resource_manager.instance.OnPremInstance object at 0x139143e00>: [(3, 51214.656, None)]}",313.4023701696379,137310.66455188495,51214.656,9647.751770515997,2,,51214.656,71483.816,True,65.38389199288089,90.0474058808809,24.663513888000008
lamf-test-d81c27cf-4838-43c5-ac8d-f0f7d5a86a71,"{<resource_manager.instance.OnPremInstance object at 0x139143e00>: [(4, 51244.656, None), (4, 60410.016, None), (6, 63110.016, None), (10, 64220.016, None)]}",313.16578296695053,137314.13304048366,51244.656,9603.032408636998,3,172.48678986995208,51244.656,66987.71979051447,True,213.28820590515963,270.1640057475437,56.87579984238404
lamf-test-c1ff5343-c068-4179-8505-1de35f1c5237,"{<resource_manager.instance.CloudReservedInstance object at 0x139349310>: [(2, 51274.656, None)], <resource_manager.instance.CloudOnDemandInstance object at 0x1393496d0>: [(2, 51274.656, None)]}",328.6266875432299,137314.6298151085,51274.656,9639.878899736997,2,204.3094909545457,51274.656,137330.02981510852,False,349.2189797693701,,
lamf-test-2e0bd3ff-93cb-46df-ab43-ee2f13d4c7e1,"{<resource_manager.instance.OnPremInstance object at 0x139143e00>: [(3, 51304.656, None)]}",316.2487464140096,137332.40833934897,51304.656,9629.132305322997,1,,51304.656,60744.426999999996,True,75.38032968286558,86.86664303566558,11.486313352799993
lamf-test-3484ce7d-9fee-4f95-9c2d-f871cc58413f,"{<resource_manager.instance.OnPremInstance object at 0x139143e00>: [(3, 51334.656, None), (3, 61970.016, None), (3, 68450.016, None)]}",280.48808000057255,137342.69584155714,51334.656,9612.992397418997,3,107.66762491444216,51334.656,70845.68962173947,True,140.4626094693972,177.91861050619494,37.456001036797744
lamf-test-34f82a8b-288c-437f-910d-553d4a2c7dfc,"{<resource_manager.instance.CloudOnDemandInstance object at 0x1393491d0>: [(2, 51364.656, None)]}",332.1651620956545,137416.65586850504,51364.656,9622.279858722997,1,,51765.192,113441.70034197361,True,121.17353447237986,232.0046478996527,110.83111342727285
lamf-test-26bbd872-e5de-48b0-8f8f-e6417ce7af20,"{<resource_manager.instance.OnPremInstance object at 0x139143e00>: [(2, 51795.192, None)]}",298.1380358381042,137449.6221373482,51795.192,10209.779070616996,2,,51795.192,80713.30500000001,True,78.61301569799983,102.07138896359983,23.458373265600002
lamf-test-151fcd56-358d-466c-9e97-a24b8c315d14,"{<resource_manager.instance.OnPremInstance object at 0x139143e00>: [(4, 51825.192, 53335.728), (1, 53335.728, None)]}",286.90020368365816,137531.57973565976,51825.192,10252.734499087997,1,15.968096737394479,51825.192,77569.351,True,84.15914175982962,96.43899285502962,12.279851095199996
lamf-test-75f66efa-1a77-47ea-a0c6-c0317f11e7c2,"{<resource_manager.instance.OnPremInstance object at 0x139143e00>: [(5, 51855.192, None)]}",323.850834844211,137690.25001656666,51855.192,9634.917782495497,3,,51855.192,60646.48922124289,True,66.8590556030336,84.68780636771417,17.828750764680574
lamf-test-d2eb5728-b98d-4dc8-9b54-d5b61be5f0ce,"{<resource_manager.instance.OnPremInstance object at 0x139143e00>: [(4, 51885.192, None), (3, 59570.016, None), (7, 60680.016, None)]}",294.31398108778467,137843.153374881,51885.192,10217.854126481996,2,35.61278484959877,51885.192,64090.96739823722,True,74.77146962722021,109.75958650457042,34.98811687735021
lamf-test-1393ec0f-c39a-48b5-8afc-5e45c5c5f7c7,"{<resource_manager.instance.CloudOnDemandInstance object at 0x1393491d0>: [(2, 51915.192, None)], <resource_manager.instance.CloudOnDemandInstance object at 0x13918a3f0>: [(1, 51915.192, None)], <resource_manager.instance.CloudOnDemandInstance object at 0x139358440>: [(3, 51915.192, None)]}",354.69102159935267,137857.16315441113,51915.192,10241.088310723997,3,315.02768575557064,52315.728,127237.99265693771,True,420.0830518043525,1041.3440051667617,621.260953362409
lamf-test-a3da9951-7484-4541-a43a-d268b07d7f2b,"{<resource_manager.instance.OnPremInstance object at 0x139143e00>: [(4, 52345.728, None)]}",322.8627978188001,137935.94315268795,52345.728,10237.782101934998,2,,52345.728,67167.58899999999,True,53.983607160684016,78.030594447084,24.046987286399983
lamf-test-3babe4ac-4db5-41c5-ad0c-7fee914c7ec7,"{<resource_manager.instance.OnPremInstance object at 0x139143e00>: [(3, 52375.728, None), (3, 61250.016, None)]}",293.72278396528714,138002.88775505323,52375.728,10231.943483868998,2,62.88432382348918,52375.728,67769.49289202939,True,70.68734145977353,97.35137406261626,26.664032602842717
lamf-test-3058457a-d1e2-4d92-baae-1c4c74ce602b,"{<resource_manager.instance.OnPremInstance object at 0x139143e00>: [(5, 52405.728, None)]}",296.32729201787157,138004.6951300775,52405.728,10220.229415586997,2,86.65609181498584,52405.728,79030.70499999999,True,106.5477863545495,160.54323971054947,53.99545335599996
lamf-test-6323d458-f602-48c5-98a5-f5c1a1584292,"{<resource_manager.instance.CloudReservedInstance object at 0x139350710>: [(1, 52825.728, None)], <resource_manager.instance.CloudReservedInstance object at 0x139349310>: [(3, 52825.728, None)], <resource_manager.instance.CloudReservedInstance object at 0x13918a2c0>: [(1, 52825.728, None)]}",313.6595923894348,138163.33017403085,52825.728,10196.010713287997,1,,52825.728,89444.91236836111,True,356.4724008784107,454.7875870705866,98.3151861921759
lamf-test-efb02442-ed88-49c8-bf51-dea5e65f914e,"{<resource_manager.instance.CloudReservedInstance object at 0x1393586e0>: [(2, 52855.728, None)]}",304.7860416350407,138175.0830219021,52855.728,10234.909398057998,3,,52855.728,138190.48302190212,False,173.06209348625165,,
lamf-test-032ba352-18f7-47d0-a6f0-b7f2f4956a0a,"{<resource_manager.instance.CloudReservedInstance object at 0x139350710>: [(3, 52945.728, None)], <resource_manager.instance.CloudOnDemandInstance object at 0x1393491d0>: [(1, 52945.728, None)], <resource_manager.instance.CloudOnDemandInstance object at 0x13918a3f0>: [(1, 52945.728, None)], <resource_manager.instance.CloudOnDemandInstance object at 0x139358440>: [(1, 52945.728, 61490.016)]}",307.62274626708137,138202.49764797065,52945.728,10214.541927712997,3,64.98051562856492,52945.728,61499.896764155936,False,65.04564095319142,,
lamf-test-0b319882-7fad-4ae3-8912-b51a1940b68d,"{<resource_manager.instance.CloudReservedInstance object at 0x1393586e0>: [(2, 53005.728, None)]}",309.96889456321867,138261.3287667962,53005.728,10250.079608665998,3,,53005.728,138276.72876679624,False,172.9327974584556,,
lamf-test-2674780b-0edf-4613-bd86-e3e24ce33fcb,"{<resource_manager.instance.OnPremInstance object at 0x139143e00>: [(5, 53335.728, None)]}",302.61464185285956,138289.63702821618,53335.728,10807.542112741996,1,284.50846634725076,53335.728,77950.92026549147,True,323.859476913075,373.7790868274917,49.91960991441669
lamf-test-e4ed1a21-f292-441c-946a-d7b9f0990c7d,"{<resource_manager.instance.CloudReservedInstance object at 0x1393586e0>: [(1, 53365.728, None)], <resource_manager.instance.CloudOnDemandInstance object at 0x139358440>: [(1, 53365.728, None)]}",297.2172710903451,138428.9618079117,53365.728,10829.596485562995,1,,53365.728,138444.36180791172,False,332.14463980577494,,
lamf-test-0479ea03-d843-4f1c-b0bd-6f829a2c5a10,"{<resource_manager.instance.OnPremInstance object at 0x139143e00>: [(5, 53785.728, None)]}",326.10114994784385,138552.92451845304,53785.728,10797.177682111997,3,,53785.728,62227.380999999994,True,64.19996197429455,81.31963425829454,17.119672283999982
lamf-test-3c60492c-5568-42f7-a13b-d4f3117a23dc,"{<resource_manager.instance.CloudOnDemandInstance object at 0x13918a3f0>: [(4, 54085.728, None)], <resource_manager.instance.CloudOnDemandInstance object at 0x139358440>: [(2, 54085.728, None)]}",288.51703100665657,138592.50964466284,54085.728,10849.748729953993,2,,54486.264,138607.90964466287,False,501.47878276277186,,
lamf-test-8fdaa8c6-0ab8-4102-bf2c-7c6a5957696b,"{<resource_manager.instance.OnPremInstance object at 0x139143e00>: [(3, 54516.264, None)]}",305.80076715201267,138815.42454152388,54516.264,11420.057112664994,3,,54516.264,70831.452,True,74.44758384668036,94.29990460508037,19.852320758400005
lamf-test-c777b76c-0cc3-4d24-b87d-dcc762dd2026,"{<resource_manager.instance.OnPremInstance object at 0x139143e00>: [(2, 54546.264, None)]}",310.2741421688458,138988.86803232963,54546.264,10834.936696036995,1,,54546.264,84950.004,True,164.16955966233172,188.83307355033173,24.663513887999997
lamf-test-d457b8b2-16f3-450b-ba2f-e7b966006e63,"{<resource_manager.instance.OnPremInstance object at 0x139143e00>: [(6, 54576.264, 60140.016), (1, 60140.016, None)]}",308.6020686022321,139029.47852673006,54576.264,11423.607458488994,1,87.58815605749487,54576.264,85362.513,True,158.56179580196215,182.33198745236214,23.7701916504
lamf-test-b6b347a8-b100-462f-bbd1-cdcde8345e59,"{<resource_manager.instance.OnPremInstance object at 0x139143e00>: [(4, 54606.264, None)]}",310.4633474601291,139187.10178544727,54606.264,11396.407846016993,1,172.3493442847365,54606.264,87498.749,True,347.7112643547037,401.0760320187037,53.36476766399999
lamf-test-95f36198-5f8e-46dc-93db-fc5d6a810881,"{<resource_manager.instance.CloudReservedInstance object at 0x139350710>: [(1, 54636.264, None)], <resource_manager.instance.CloudReservedInstance object at 0x139349090>: [(2, 54636.264, None)]}",312.84764381313755,139228.34563473976,54636.264,11437.354154593993,2,,54636.264,113839.56583297336,True,221.35939331026339,333.77462283071316,112.4152295204498
lamf-test-64282f81-8a38-42e2-8686-39f8e7fadae5,"{<resource_manager.instance.CloudReservedInstance object at 0x139349090>: [(1, 54666.264, None)], <resource_manager.instance.CloudReservedInstance object at 0x13918a2c0>: [(4, 54666.264, None)]}",308.1387838586121,139273.50260889664,54666.264,11450.871070273992,2,,54666.264,71443.193547811,True,82.51627827010677,128.6595452984061,46.14326702829935
lamf-test-e1a8ae4a-b274-4245-9dc7-b8b20b25f60b,"{<resource_manager.instance.CloudReservedInstance object at 0x13918a2c0>: [(1, 54786.264, None)], <resource_manager.instance.CloudOnDemandInstance object at 0x1393496d0>: [(3, 54786.264, None)]}",307.3714712616934,139329.42192848364,54786.264,11454.364617604992,3,,54786.264,139344.82192848367,False,321.5398810878533,,
lamf-test-20e1ba49-4666-4d28-9ab3-d9b988f76cc5,"{<resource_manager.instance.CloudOnDemandInstance object at 0x1393496d0>: [(6, 54846.264, None)]}",285.6765311197183,139398.98789682408,54846.264,12013.25597902499,1,551.2705544147843,55246.8,139414.3878968241,False,675.3101383501812,,
lamf-test-19917d27-b721-40ad-a37a-4370c7a734bc,"{<resource_manager.instance.OnPremInstance object at 0x139143e00>: [(2, 55276.8, None)]}",301.1069329229973,139404.86751086818,55276.8,12043.548331164493,2,,55276.8,74828.05099999999,True,53.14948460774511,69.0094594189451,15.859974811199992
lamf-test-0aaede3d-34d4-43d5-b971-8a2a954407b0,"{<resource_manager.instance.OnPremInstance object at 0x139143e00>: [(2, 55306.8, None)]}",291.4038438976179,139558.02161127017,55306.8,12030.003996134492,1,,55306.8,90670.33,True,190.95069054680965,219.63758608280966,28.686895535999998
lamf-test-68ff13a7-de65-4a50-8bee-581fe346b072,"{<resource_manager.instance.OnPremInstance object at 0x139143e00>: [(4, 55336.8, 58479.48), (1, 58479.48, None)]}",316.0799972187193,139572.95027101116,55336.8,12049.230762096493,1,33.22172940908054,55336.8,65429.08,True,52.77722412350749,60.694665915507485,7.917441792
lamf-test-4cc1e286-0e7f-464c-8240-c10883a7da2a,"{<resource_manager.instance.OnPremInstance object at 0x139143e00>: [(4, 55366.8, None)]}",316.2330750787407,139619.04447288363,55366.8,12028.489774391492,3,,55366.8,72169.497,True,102.22950490531598,129.49020051811598,27.2606956128
lamf-test-c5f3d318-ed60-437f-9c1e-4a6f0f18365e,"{<resource_manager.instance.OnPremInstance object at 0x139143e00>: [(5, 55396.8, 60860.016), (1, 60860.016, None)]}",302.37657057421836,139667.8698016606,55396.8,12048.168147606493,2,21.86268822605018,55396.8,79645.332,True,59.97877904833806,78.67750526593807,18.698726217599997
lamf-test-cd918581-b0d1-458e-92b2-5c59b3bd83b5,"{<resource_manager.instance.OnPremInstance object at 0x139143e00>: [(3, 55426.8, None)]}",301.10787935133226,139696.52705177024,55426.8,12055.708977084492,2,51.78417561864366,55426.8,72985.106,True,56.639267886876034,78.00421462767603,21.364946740799997
lamf-test-59fd6bbc-b1e0-4afd-a720-743bb563c136,"{<resource_manager.instance.OnPremInstance object at 0x139143e00>: [(2, 55456.8, None)]}",321.20760313523465,139704.41323147833,55456.8,12025.504993472492,2,,55456.8,73249.915,True,48.370045058310524,62.80381994631051,14.433774887999991
lamf-test-a7598ecc-5cec-4bf9-9a0f-c71ca0dbae0e,"{<resource_manager.instance.OnPremInstance object at 0x139143e00>: [(6, 55486.8, 57988.944), (1, 57988.944, None)]}",294.2224632206372,139758.7071160842,55486.8,12033.237918392491,3,22.834989733059547,55486.8,68405.334,True,38.67861282226785,48.992718244667856,10.3141054224
lamf-test-87976d93-8677-4270-9b15-bf91d2c51eaa,"{<resource_manager.instance.OnPremInstance object at 0x139143e00>: [(3, 55516.8, 58018.944), (1, 58018.944, None)]}",311.39111778496914,139763.6615588085,55516.8,12010.25597902499,2,8.071371139535874,55516.8,92155.55700000002,True,77.33580307527197,94.22622212727197,16.890419052000006
lamf-test-3d2e4ca8-d6e8-4002-a809-14108f6da5be,"{<resource_manager.instance.OnPremInstance object at 0x139143e00>: [(5, 55546.8, 60050.016), (1, 60050.016, None)]}",306.2018292174168,139775.89214660553,55546.8,12016.81100222349,2,18.02096190642303,55546.8,83071.795,True,64.73299055979463,83.20314617019463,18.4701556104
lamf-test-6ffd71d7-ab96-484d-939d-8341469b380b,"{<resource_manager.instance.CloudOnDemandInstance object at 0x1393491d0>: [(3, 55576.8, None)]}",291.65416309527114,139854.69236155212,55576.8,12012.25597902499,3,,55977.336,139870.09236155212,False,128.21247602335097,,
lamf-test-68fc4f1f-0368-4356-8862-a5c873470b2b,"{<resource_manager.instance.OnPremInstance object at 0x139143e00>: [(4, 56007.336, None), (4, 70640.016, None)]}",313.35740939256686,139868.33682071592,56007.336,12011.25597902499,2,53.29457946124298,56007.336,71549.22727028992,True,59.91756749781916,86.60783625965588,26.690268761836723
lamf-test-398c2e41-0ba6-4e76-8602-21bfa67e2257,"{<resource_manager.instance.OnPremInstance object at 0x139143e00>: [(5, 56037.336, None)]}",308.43937206382503,139891.3657434804,56037.336,12021.709779333492,2,,56037.336,72129.824,True,64.39889031029591,97.0344559742959,32.63556566399998
lamf-test-404ab15a-5fdc-47da-96ca-6bf36dbfc057,"{<resource_manager.instance.CloudReservedInstance object at 0x139349090>: [(2, 56067.336, None)], <resource_manager.instance.CloudOnDemandInstance object at 0x13918a780>: [(2, 56067.336, None)]}",285.63536765098837,139925.54871457003,56067.336,12020.288233023492,2,306.1521642705128,56067.336,139940.94871457006,False,371.426218234943,,
lamf-test-e3ac6e81-3f29-40d1-91c8-119f86b94741,"{<resource_manager.instance.OnPremInstance object at 0x139143e00>: [(2, 56097.336, None)]}",292.3170995981352,139959.2578636036,56097.336,12050.586359355493,2,,56097.336,85295.65800000001,True,79.37475539089476,103.06043419729477,23.685678806400006
lamf-test-95c3a7f0-6def-4a58-8473-af92a11ec586,"{<resource_manager.instance.OnPremInstance object at 0x139143e00>: [(3, 56127.336, None)]}",312.05091942501133,140015.25437707445,56127.336,12036.958401162492,1,,56127.336,91986.075,True,286.3463073237508,329.9792209389508,43.632913615199996
lamf-test-499e704f-e77f-4d06-942d-f6729f7df6df,"{<resource_manager.instance.CloudOnDemandInstance object at 0x13918a780>: [(3, 56157.336, None)]}",295.12516285873096,140265.94182581353,56157.336,12608.389357444492,2,,56557.872,138664.5726564944,True,266.1503609512822,818.0742698412357,551.9239088899535
lamf-test-2b6c6b3a-28c9-458c-9ffa-76aefcc26451,"{<resource_manager.instance.OnPremInstance object at 0x139143e00>: [(5, 56587.872, None)]}",317.28833254019617,140307.16499227058,56587.872,12633.962791900492,1,245.2727136664385,56587.872,79211.17700000001,True,297.6524271807743,343.53248972077427,45.88006254000001
lamf-test-893ff824-f1d2-4433-939e-c7c4d678a42b,"{<resource_manager.instance.CloudReservedInstance object at 0x139350710>: [(1, 56617.872, None)], <resource_manager.instance.CloudReservedInstance object at 0x139349310>: [(1, 56617.872, None)]}",291.47945752946964,140321.3223429192,56617.872,12613.032256906492,1,,56617.872,140336.7223429192,False,362.9153904894969,,
lamf-test-f9efe039-70ce-49b9-a1a8-bee3de1d2b34,"{<resource_manager.instance.CloudReservedInstance object at 0x139349090>: [(1, 56647.872, None)], <resource_manager.instance.CloudOnDemandInstance object at 0x13918a780>: [(4, 56647.872, None)]}",307.9037058422363,140358.22559014152,56647.872,13215.774201101493,3,184.17008745912233,56647.872,140373.6255901415,False,551.8466786685119,,
lamf-test-9ad3c991-d587-4e6c-87f0-aa8b942b2b5d,"{<resource_manager.instance.CloudOnDemandInstance object at 0x1393496d0>: [(1, 56677.872, None), (1, 139442.15999999997, None)], <resource_manager.instance.CloudOnDemandInstance object at 0x1393491d0>: [(4, 56677.872, None)], <resource_manager.instance.CloudOnDemandInstance object at 0x13918a3f0>: [(1, 56677.872, None)]}",294.2702271699325,140456.79639627846,56677.872,12616.037746099491,2,482.8823451624528,57078.408,140472.19639627848,False,490.4519586931828,,
lamf-test-308f236e-0576-4952-874f-b146870f6d77,"{<resource_manager.instance.OnPremInstance object at 0x139143e00>: [(3, 57108.408, None)]}",296.126707886245,140785.39457719662,57108.408,13250.52190133099,3,,57108.408,69527.133,True,56.66769336071183,71.77879794071183,15.11110458
lamf-test-416bbbfd-81e6-4f7c-9a56-8c0e7175f623,"{<resource_manager.instance.OnPremInstance object at 0x139143e00>: [(3, 57138.408, None)]}",318.1012839054559,140917.03348282332,57138.408,13259.360059363491,2,,57138.408,67280.688,True,32.71678451803407,45.05791082203406,12.34112630399999
lamf-test-7c801ce0-8eb2-4e0d-9312-eaf55e74d22a,"{<resource_manager.instance.OnPremInstance object at 0x139143e00>: [(2, 57168.408, None)]}",282.54429039316733,140947.17386707175,57168.408,13239.402072737992,2,,57168.408,98961.95499999999,True,113.61449366997397,147.51741899637395,33.90292532639999
lamf-test-3e7fd149-2562-452d-b778-aa63ebe3ca13,"{<resource_manager.instance.OnPremInstance object at 0x139143e00>: [(2, 57198.408, None)]}",306.14407437283273,140971.3694862894,57198.408,13263.03578040449,2,,57198.408,76262.15000000001,True,51.824206133665044,67.28871364406504,15.464507510400004
lamf-test-3d742955-a0c8-4cdc-8c38-f5e5804b4cff,"{<resource_manager.instance.CloudOnDemandInstance object at 0x13918a3f0>: [(4, 57228.408, None)]}",303.65987588610506,141075.2932619409,57228.408,13235.804670406493,1,,57628.944,141090.69326194093,False,886.5204693444209,,
lamf-test-17fee575-0b26-45f7-83d5-67d080c53e61,"{<resource_manager.instance.OnPremInstance object at 0x139143e00>: [(5, 57658.944, None)]}",339.37001802300927,141078.23752589777,57658.944,13256.201503761491,3,,57658.944,73248.523,True,118.56094760057798,150.17661381257795,31.615666211999994
lamf-test-c8945c61-1ea7-4681-928a-edc22713889d,"{<resource_manager.instance.OnPremInstance object at 0x139143e00>: [(5, 57988.944, 63470.016), (2, 63470.016, None)]}",305.7727422550137,141084.72861046862,57988.944,13257.201503761491,2,21.934144335595246,57988.944,67451.015,True,32.75636973047911,47.101370135279105,14.345000404799997
lamf-test-821bad57-9b5b-4590-ab6a-b75593f800f8,"{<resource_manager.instance.OnPremInstance object at 0x139143e00>: [(4, 58018.944, 62510.016), (1, 62510.016, None)]}",293.93899056747387,141089.713695251,58018.944,13229.371316973493,3,27.32418891170431,58018.944,141105.11369525103,False,146.86955007263066,,
lamf-test-12047e13-b691-4e4d-bcc8-16e2900e16aa,"{<resource_manager.instance.CloudOnDemandInstance object at 0x13918a3f0>: [(1, 58048.944, None)], <resource_manager.instance.CloudOnDemandInstance object at 0x139358440>: [(2, 58048.944, None)]}",306.19560311302496,141245.89499321667,58048.944,13842.686232778493,1,,58449.48,141261.2949932167,False,540.0248904672973,,
lamf-test-28862540-93f6-42de-8ec4-72cbed9815ad,"{<resource_manager.instance.OnPremInstance object at 0x139143e00>: [(6, 58479.48, 62960.016), (1, 62960.016, None)]}",315.0001679546882,141254.52443706966,58479.48,13834.984399443492,3,40.890130047912386,58479.48,90659.056,True,83.02115141835878,105.15971445195879,22.1385630336
lamf-test-2148cf4d-7170-4032-92ad-bc67bc5cec9e,"{<resource_manager.instance.CloudOnDemandInstance object at 0x139358440>: [(3, 58509.48, None)]}",290.5571510371029,141256.53620835982,58509.48,13814.942077376492,3,,58910.016,141271.93620835984,False,251.7680620833822,,
lamf-test-5fc71200-6539-46cf-9073-1ac0b6be235f,"{<resource_manager.instance.OnPremInstance object at 0x139143e00>: [(5, 58940.016, None), (5, 72140.016, None)]}",298.6298021940167,141298.6531385779,58940.016,13828.165721831492,2,52.82373689487334,58940.016,74536.0717414284,True,72.0008002389134,108.48880232614698,36.48800208723358
lamf-test-e050ad2a-f776-4985-ad86-c1f9e8bbb5cd,"{<resource_manager.instance.OnPremInstance object at 0x139143e00>: [(3, 59300.016, None)]}",326.0139069441622,141334.96151142503,59300.016,13843.930062247493,3,,59300.016,96859.382,True,171.38656627880442,217.0888028276044,45.702236548799995
lamf-test-55230e23-b521-4f16-a8cb-73a7c6580475,"{<resource_manager.instance.OnPremInstance object at 0x139143e00>: [(4, 60140.016, None)]}",312.3489385286271,141376.45891191062,60140.016,13810.810212415492,2,87.30260414947873,60140.016,88087.711,True,101.7900105746919,147.1323509426919,45.34234036799999
lamf-test-927fb6c3-ba3c-488b-96a5-466be1c02fa9,"{<resource_manager.instance.CloudReservedInstance object at 0x139350710>: [(3, 61580.016, None)], <resource_manager.instance.CloudOnDemandInstance object at 0x1393491d0>: [(1, 61580.016, None)], <resource_manager.instance.CloudOnDemandInstance object at 0x13918a3f0>: [(1, 61580.016, None)], <resource_manager.instance.CloudOnDemandInstance object at 0x139358440>: [(1, 61580.016, 74390.016)]}",330.8093779162473,141386.82453502365,61580.016,13824.018233188492,1,177.30778005932012,61580.016,74401.2691462339,False,177.4415728847237,,
lamf-test-8aea85bd-3d6c-4aba-b7de-dd2346b0e93e,"{<resource_manager.instance.OnPremInstance object at 0x139143e00>: [(6, 62510.016, 66500.016), (2, 66500.016, None)]}",302.51103083949494,141465.38946711158,62510.016,13831.720996285492,1,62.813141683778234,62510.016,96190.219,True,223.12985116738915,256.92460784098915,33.7947566736
lamf-test-8d46ff55-9a1d-4004-b52e-0bb94df560fe,"{<resource_manager.instance.OnPremInstance object at 0x139143e00>: [(3, 62960.016, None)]}",314.6188735020299,141513.41274627252,62960.016,13837.562258848493,1,,62960.016,82518.967,True,156.18601072324893,179.98534230004893,23.799331576800004
lamf-test-56207b5b-5fb7-4cc8-b917-b36e1b064de2,"{<resource_manager.instance.OnPremInstance object at 0x139143e00>: [(5, 64160.016, None), (5, 74930.016, None)]}",317.0752713451876,141527.77239399802,64160.016,13811.810212415492,2,43.099367148317114,64160.016,76136.37613620568,True,52.75458691125536,79.48914362370559,26.734556712450235
lamf-test-232b6ce2-ea24-476c-b62f-210ae1decc5b,"{<resource_manager.instance.OnPremInstance object at 0x139143e00>: [(4, 64190.016, None)]}",311.1617610976437,141563.5665184303,64190.016,13833.984399443492,2,18.137962814535,64190.016,78111.66799999999,True,50.704900862027436,73.29138906682742,22.58648820479998
lamf-test-62c9483c-2445-4359-99d9-4d8c66a14529,"{<resource_manager.instance.OnPremInstance object at 0x139143e00>: [(3, 67040.016, None)]}",345.02192360533996,141583.31991278852,67040.016,13858.021640744491,2,,67040.016,78667.92300000001,True,37.50909339071101,51.65793062831102,14.14883723760001
lamf-test-5c2155b4-aa4a-428b-9192-860339f49ef5,"{<resource_manager.instance.OnPremInstance object at 0x139143e00>: [(2, 67070.016, None)]}",326.1375748222798,141611.27183347652,67070.016,13836.562258848493,3,,67070.016,105389.40000000001,True,116.56972849646361,147.6544127972636,31.084684300800003
lamf-test-1e5c4d41-c6bb-47f9-a0f9-f492c659a647,"{<resource_manager.instance.OnPremInstance object at 0x139143e00>: [(6, 67100.016, 69590.016), (1, 69590.016, None)]}",295.19389174920065,141626.46635139795,67100.016,13827.165721831492,3,22.724161533196437,67100.016,82979.80399999999,True,43.090406875047506,54.580968887847504,11.490562012799995
lamf-test-58f4bde2-1252-4878-b4ed-54f9ec3d6ddb,"{<resource_manager.instance.OnPremInstance object at 0x139143e00>: [(3, 67130.016, None)]}",306.6623561408906,141657.16199739487,67130.016,13822.018233188492,3,,67130.016,90320.621,True,105.82069358886605,134.03902175286603,28.218328163999995
lamf-test-1f9296c3-4641-4962-ac2a-3bdd3909621e,"{<resource_manager.instance.OnPremInstance object at 0x139143e00>: [(2, 67160.016, None)]}",333.675220822951,141692.5192364186,67160.016,13859.886874010492,2,,67160.016,75601.669,True,22.94837840235518,29.79624731595517,6.847868913599993
lamf-test-62ab7363-ee6e-4e41-9bd6-da86db171176,"{<resource_manager.instance.OnPremInstance object at 0x139143e00>: [(6, 67190.016, 71300.016), (2, 71300.016, None)]}",317.6880653321237,141720.75236705094,67190.016,13848.048350234492,3,37.50855578370978,67190.016,98291.08627028992,True,119.61691465598877,151.51416685924795,31.89725220325918
lamf-test-e000b273-6e93-45bd-85e3-de8e007da692,"{<resource_manager.instance.OnPremInstance object at 0x139143e00>: [(3, 67220.016, None)]}",284.69120725614476,141780.31245341126,67220.016,13849.521256300992,3,134.20276522929495,67220.016,101598.128,True,156.8702349988592,198.7015216804592,41.8312866816
lamf-test-79b31340-0554-44ef-87de-f4504dbdfc60,"{<resource_manager.instance.OnPremInstance object at 0x139143e00>: [(6, 67340.016, 72740.016), (2, 72740.016, None)]}",304.54338810954675,141875.14742828664,67340.016,14424.867107929493,1,85.01026694045174,67340.016,83158.24081086974,True,141.26503624395403,162.85774021053157,21.59270396657753
lamf-test-6f2e770b-ffa0-4b22-be2e-700e1acc453c,"{<resource_manager.instance.OnPremInstance object at 0x139143e00>: [(6, 67820.016, 69830.016), (1, 69830.016, None)]}",314.03861715723247,141959.5829846129,67820.016,14453.142222969493,3,18.343600273785075,67820.016,83442.295,True,39.04826070423605,49.46093706663605,10.4126763624
lamf-test-9329565e-0cc9-410e-9937-6b7537e158ae,"{<resource_manager.instance.OnPremInstance object at 0x139143e00>: [(6, 69590.016, 74150.016), (2, 74150.016, None)]}",289.93639360238836,142089.97816352217,69590.016,14475.757970953493,1,71.7864476386037,69590.016,83083.759,True,120.0255344893148,138.3698028109148,18.344268321600005
lamf-test-9655ffad-b7de-4846-8625-1393b7fdfd45,"{<resource_manager.instance.OnPremInstance object at 0x139143e00>: [(3, 69620.016, None)]}",323.69507710357215,142113.53394857392,69620.016,14438.255739689494,1,,69620.016,94353.75699999998,True,197.5087691079168,227.6047851567168,30.096016048799978
lamf-test-dd9abd19-48be-42ba-b1bc-fa915a5dcef1,"{<resource_manager.instance.OnPremInstance object at 0x139143e00>: [(4, 69830.016, None), (3, 91050.552, None)]}",320.9475259671587,142128.79279963725,69830.016,14452.142222969493,2,77.28861302660667,69830.016,91882.858,True,83.00484338699833,119.79612418859831,36.79128080159998
lamf-test-08f07093-2907-4ba0-a255-32c22f0fcc78,"{<resource_manager.instance.OnPremInstance object at 0x139143e00>: [(3, 70940.016, 73940.016), (1, 73940.016, None)]}",298.09142219625704,142137.0015413095,70940.016,14445.771487400492,3,13.689253935660505,70940.016,76930.624,True,18.238053083884694,23.10144368868469,4.8633906047999975
lamf-test-9c4c82a6-08d5-47bd-9589-83ce8af6f468,"{<resource_manager.instance.OnPremInstance object at 0x139143e00>: [(6, 70970.016, 75950.016), (1, 75950.016, None)]}",291.9040113839834,142148.07843461318,70970.016,14441.250221463493,3,45.448323066392874,70970.016,92309.80299999999,True,70.33202068598368,89.08687829318367,18.754857607199995
lamf-test-e5f8465a-4435-4b7a-801a-354ef982dcda,"{<resource_manager.instance.OnPremInstance object at 0x139143e00>: [(3, 71300.016, None)]}",304.6031866584939,142213.6404916391,71300.016,14417.191778976492,1,71.38945927446954,71300.016,97614.99299999999,True,210.1355681040382,242.1556321176382,32.020064013599985
lamf-test-a0961e5f-36f8-49a0-be25-041d077e1525,"{<resource_manager.instance.CloudReservedInstance object at 0x139349090>: [(1, 71480.016, None)], <resource_manager.instance.CloudReservedInstance object at 0x13918a2c0>: [(1, 71480.016, None)]}",302.7913218356865,142214.07617554875,71480.016,14473.622779638494,2,,71480.016,120080.00673920634,True,160.63816515292785,208.7521559847421,48.11399083181426
lamf-test-e9e3c180-3644-4ec5-bd7f-fb857cf9758f,"{<resource_manager.instance.OnPremInstance object at 0x139143e00>: [(5, 71600.016, None)]}",277.1468078662494,142226.0257710915,71600.016,14474.622779638494,1,,71600.016,76079.997,True,58.94263540953684,68.02803687753683,9.085401467999999
lamf-test-56707fec-34cd-4c0e-a454-d4551f611032,"{<resource_manager.instance.OnPremInstance object at 0x139143e00>: [(4, 71630.016, None), (3, 77090.016, None), (6, 78200.016, None)]}",312.7950515260771,142236.79637540205,71630.016,14419.191778976492,3,45.03764544832306,71630.016,80301.21496400979,True,86.5854232749673,109.67444117239812,23.089017897430818
lamf-test-3e227187-9182-4a9b-bf09-75d5b5a39b59,"{<resource_manager.instance.OnPremInstance object at 0x139143e00>: [(2, 71660.016, None)]}",320.9833484047092,142255.87379550902,71660.016,14467.525955657493,2,,71660.016,113181.054,True,112.87368619422875,146.55555221982877,33.6818660256
lamf-test-e846f77b-9785-4a57-980e-5e6be4c30da6,"{<resource_manager.instance.CloudReservedInstance object at 0x13918a2c0>: [(3, 71690.016, None)]}",318.0816768556553,142315.6710719228,71690.016,14428.698925450493,3,,71690.016,142331.07107192284,False,322.3411137208434,,
lamf-test-3bd57c11-f664-4998-9d53-96c6dc4f87c4,"{<resource_manager.instance.OnPremInstance object at 0x139143e00>: [(4, 72260.016, None)]}",326.99178124993756,142431.74390934556,72260.016,14422.867107929493,1,214.49422039698828,72260.016,100744.56499999999,True,301.1143289223513,347.3276612199513,46.213332297599976
lamf-test-f86b8860-b2ed-456c-9f30-6f6a9139ebf4,"{<resource_manager.instance.OnPremInstance object at 0x139143e00>: [(5, 72740.016, None)]}",305.1378797801942,142557.36745746026,72740.016,14471.498850902493,3,151.3463837554186,72740.016,99814.993,True,205.9090196973154,260.81707305331537,54.908053355999996
lamf-test-4f1fe545-8677-4a84-8abf-5cf06961f85c,"{<resource_manager.instance.OnPremInstance object at 0x139143e00>: [(6, 73280.016, 75290.016), (2, 75290.016, None)]}",310.3840944895742,142631.9277251597,73280.016,15063.848679123492,2,8.686918223226783,73280.016,93359.17599999999,True,57.80738326635285,77.35662185835284,19.54923859199999
lamf-test-0c64519c-480b-40a3-83cb-e32930215173,"{<resource_manager.instance.OnPremInstance object at 0x139143e00>: [(4, 73340.016, None), (4, 112871.08799999999, None)]}",305.2027703895845,142696.0904152071,73340.016,15035.171223417492,3,240.51150353639048,73340.016,116162.09565772967,True,280.557227563826,355.37110042442725,74.81387286060125
lamf-test-4b6bc7a8-825f-4ed7-a11d-b9402493f256,"{<resource_manager.instance.OnPremInstance object at 0x139143e00>: [(2, 73940.016, None)]}",315.0940754980354,142711.80273527664,73940.016,15034.171223417492,2,,73940.016,91022.922,True,46.43936336874593,60.29701671594593,13.857653347200001
lamf-test-20435df7-63e4-419e-8d22-d33076e8dcf2,"{<resource_manager.instance.OnPremInstance object at 0x139143e00>: [(2, 74150.016, None)]}",307.8323914198774,142754.71310329888,74150.016,15026.528012582492,2,,74150.016,97620.83,True,63.804698094472265,82.84422241127226,19.039524316799998
lamf-test-6c201a0a-e193-4746-b7c6-ff82b4d5eeef,"{<resource_manager.instance.CloudReservedInstance object at 0x139350710>: [(3, 74480.016, None)], <resource_manager.instance.CloudOnDemandInstance object at 0x1393491d0>: [(1, 74480.016, None)], <resource_manager.instance.CloudOnDemandInstance object at 0x13918a3f0>: [(1, 74480.016, None)], <resource_manager.instance.CloudOnDemandInstance object at 0x139358440>: [(1, 74480.016, 87290.016)]}",319.4947582934635,142878.0845086243,74480.016,15033.171223417492,2,105.56757702765617,74480.016,87298.5691462339,False,105.62343843565137,,
lamf-test-d80357f1-4d3d-475b-a1da-53fbb3ddaa84,"{<resource_manager.instance.OnPremInstance object at 0x139143e00>: [(6, 74600.016, None), (3, 79580.016, None), (8, 82580.016, None)]}",308.2995677163823,142879.0280367109,74600.016,15076.848711295494,1,216.54574492356832,74600.016,87071.69158574927,True,350.1006592771177,404.142188775976,54.04152949885835
lamf-test-545db71e-0ac4-4fd9-bae7-0ae698ee188a,"{<resource_manager.instance.OnPremInstance object at 0x139143e00>: [(5, 74630.016, None)]}",303.0498265026395,142882.73515087515,74630.016,15050.402242842492,2,,74630.016,81801.042,True,28.696999294719387,43.23984002271938,14.542840727999994
lamf-test-f73d4880-234f-4ef4-b427-8c893deb0ab7,"{<resource_manager.instance.OnPremInstance object at 0x139143e00>: [(5, 75950.016, 78950.016), (1, 78950.016, None)]}",289.55899307824876,143236.65733952928,75950.016,15684.219867603495,2,12.005394748834851,75950.016,109895.028,True,74.7939519330094,93.4292488002094,18.6352968672
lamf-test-7c4919b0-6563-4e4b-a109-6e7eddf9dab2,"{<resource_manager.instance.OnPremInstance object at 0x139143e00>: [(4, 75980.016, None), (3, 96270.552, None)]}",284.9077105670405,143399.41335677213,75980.016,15665.809758227495,3,123.44991101984937,75980.016,102150.73099999999,True,186.05733820062343,235.67170802382338,49.61436982319996
lamf-test-ed127e72-be6f-436a-8fe9-27a8ad06a858,"{<resource_manager.instance.OnPremInstance object at 0x139143e00>: [(6, 76220.016, None), (3, 88470.552, None)]}",328.19458272409565,143560.6449649158,76220.016,15644.900605463494,3,111.80046543463374,76220.016,91164.10304516944,True,148.67316968062198,188.3186128255085,39.64544314488652
lamf-test-ecb2683b-9e41-48ec-91a2-6a6d38c45b39,"{<resource_manager.instance.OnPremInstance object at 0x139143e00>: [(2, 76250.016, None)]}",329.9077900544537,143628.1099331288,76250.016,15669.547955832495,3,,76250.016,123433.35300000002,True,143.53437371663247,181.80949669103248,38.27512297440001
lamf-test-56573715-8535-4ef6-86b5-dcb681b21f75,"{<resource_manager.instance.OnPremInstance object at 0x139143e00>: [(2, 76280.016, None)]}",309.32301155717374,143677.5835427964,76280.016,15653.913834460494,2,,76280.016,114334.591,True,103.4502113556203,134.3200825956203,30.86987124
lamf-test-2b8a61cc-a82b-4153-b888-886b130ebdcb,"{<resource_manager.instance.OnPremInstance object at 0x139143e00>: [(6, 76340.016, None), (6, 85790.016, None)]}",288.0380279745152,143692.00920618884,76340.016,15666.809758227495,1,148.76796714579058,76340.016,86998.85081086976,True,186.82847453799363,215.7096353294589,28.88116079146527
lamf-test-870691de-e40a-44a6-b524-758dc9ee2699,"{<resource_manager.instance.OnPremInstance object at 0x139143e00>: [(6, 78140.016, None)]}",318.593861795503,143737.86764913786,78140.016,16229.775351456496,3,45.448323066392874,78140.016,83954.703,True,53.06581793292256,67.21644021612255,14.15062228319998
lamf-test-816ecb3f-0729-4858-99cd-1237c929b94a,"{<resource_manager.instance.OnPremInstance object at 0x139143e00>: [(6, 79100.016, None)]}",325.447174391888,143910.78627179796,79100.016,16279.237783329496,1,62.813141683778234,79100.016,85489.33538743977,True,100.58476790630712,116.13381556758054,15.549047661273423
lamf-test-95b7467a-1a49-4273-9a59-d080cf448191,"{<resource_manager.instance.OnPremInstance object at 0x139143e00>: [(6, 79280.016, 82280.016), (1, 82280.016, None)]}",303.1008089718593,143928.8196317316,79280.016,16238.132359302495,1,47.227926078028744,79280.016,99359.17599999999,True,95.28701194007147,109.51511923607146,14.228107295999996
lamf-test-9e038649-678e-4ec1-8038-665a8a0ccdab,"{<resource_manager.instance.OnPremInstance object at 0x139143e00>: [(6, 80360.016, 82370.016), (1, 82370.016, None)]}",305.1144082584737,144011.6453027435,80360.016,16274.422704255496,1,31.642710472279262,80360.016,144027.04530274353,False,205.13956074237666,,
lamf-test-6557112d-0dd1-4a4f-956a-4810ab29fb87,"{<resource_manager.instance.OnPremInstance object at 0x139143e00>: [(5, 80390.016, 81890.016), (1, 81890.016, None)]}",284.1643475390076,144146.27259783435,80390.016,16858.711452992495,3,11.407711613050422,80390.016,144161.67259783437,False,106.12465829771749,,
lamf-test-4b6ef0de-0d6b-4c17-a583-0b04e2222603,"{<resource_manager.instance.OnPremInstance object at 0x139143e00>: [(6, 81860.016, None)]}",304.5800255914627,144200.78808289746,81860.016,16243.320984378495,2,,81860.016,93775.83200000001,True,51.498367738814586,80.4966975564146,28.998329817600016
lamf-test-9dd25f94-b2d8-4857-adb4-87c377066854,"{<resource_manager.instance.OnPremInstance object at 0x139143e00>: [(3, 81890.016, None)]}",304.2337725718405,144342.3664193392,81890.016,16280.237783329496,2,,81890.016,97702.295,True,51.006965374850175,70.24734646205017,19.240381087199996
lamf-test-fe21cf99-74f2-4c6e-92c0-836166b37c9b,"{<resource_manager.instance.OnPremInstance object at 0x139143e00>: [(3, 81920.016, None)]}",306.6266107573227,144649.97087766218,81920.016,16840.909980061497,3,,81920.016,96039.368,True,64.42779831165866,81.60822582525867,17.1804275136
lamf-test-05011c3e-5178-4e8c-a944-565636c84b62,"{<resource_manager.instance.OnPremInstance object at 0x139143e00>: [(2, 82280.016, None)]}",311.6110618417853,144950.13296024056,82280.016,17462.132134169493,2,,82280.016,101781.458,True,53.01408034748438,68.83365009788437,15.819569750399996
lamf-test-64767f79-cec9-4cb3-b8c5-46b3e86d20f8,"{<resource_manager.instance.OnPremInstance object at 0x139143e00>: [(4, 82310.016, 84800.016), (1, 84800.016, None)]}",283.87618715962776,145039.82267288124,82310.016,17477.265831992496,2,9.0689814072675,82310.016,145055.22267288127,False,131.32899183558663,,
lamf-test-4f40bb80-4246-4e5c-807f-5b2f111e8553,"{<resource_manager.instance.OnPremInstance object at 0x139143e00>: [(4, 82370.016, None)]}",300.28901978300945,145051.4109880826,82370.016,17486.279170241494,3,,82370.016,99586.56899999999,True,104.74745151722554,132.6795871044255,27.932135587199976
lamf-test-e42daae1-319e-4d66-892f-ff458cefa185,"{<resource_manager.instance.OnPremInstance object at 0x139143e00>: [(5, 84020.016, 85520.016), (1, 85520.016, None)]}",331.8539601540227,145147.36813071743,84020.016,17469.828931361495,3,11.407711613050422,84020.016,145162.76813071745,False,102.12602042850018,,
lamf-test-1945932c-936e-4e58-b59b-8fc5fe0a5a90,"{<resource_manager.instance.OnPremInstance object at 0x139143e00>: [(4, 84050.016, None), (3, 87050.016, None)]}",307.9539703217035,145196.6070895179,84050.016,17458.382211302494,1,31.713438284280173,84050.016,90055.859,True,87.49149684386633,100.8928862894663,13.401389445599982
lamf-test-fb5bb86a-097c-4cce-b52f-faf7de14091c,"{<resource_manager.instance.OnPremInstance object at 0x139143e00>: [(5, 84980.016, 86990.016), (2, 86990.016, None)]}",310.7135837098068,145241.36687295872,84980.016,17444.565142064497,2,8.04361448171935,84980.016,99116.66799999999,True,41.00955123008809,54.92297133248808,13.91342010239999
lamf-test-ab19fe1e-973b-44c8-a2b5-9c88f8dd630c,"{<resource_manager.instance.OnPremInstance object at 0x139143e00>: [(5, 85520.016, 88010.016), (1, 88010.016, None)]}",310.22675767562004,145251.08632066104,85520.016,17435.974195402498,3,18.9368012776637,85520.016,126605.654,True,77.64185565442237,98.34596642722236,20.704110772799996
lamf-test-ffa00229-4854-4a3b-9050-ac62a552280b,"{<resource_manager.instance.OnPremInstance object at 0x139143e00>: [(2, 85550.016, None)]}",328.09484391630104,145293.2904909279,85550.016,17451.668070881497,3,,85550.016,117662.083,True,97.68671990265418,123.73602865305418,26.049308750399994
lamf-test-38119ffa-10d5-4f96-9e4f-d7aa2d684f4c,"{<resource_manager.instance.OnPremInstance object at 0x139143e00>: [(5, 85580.016, None)]}",315.0920376046709,145293.6499767527,85580.016,17437.961853838497,2,34.61769982300225,85580.016,100880.29048673438,True,61.22861165959089,92.25756831868819,31.028956659097304
lamf-test-10d63afb-c09f-4af6-a622-71a25fae2fdf,"{<resource_manager.instance.OnPremInstance object at 0x139143e00>: [(4, 87020.016, None)]}",310.7244065884292,145430.3047594937,87020.016,18079.46790259349,2,10.85559259746642,87020.016,109442.489,True,81.66626134215163,118.04448153735163,36.378220195199994
lamf-test-5704a2cc-027b-4370-a7eb-9804c4d8380a,"{<resource_manager.instance.OnPremInstance object at 0x139143e00>: [(5, 87140.016, None), (3, 93780.552, None), (7, 101291.08799999999, None)]}",328.518781280289,145547.84580673906,87140.016,18048.779476559495,3,141.8921104266483,87140.016,103092.2330273142,True,182.98599651640896,231.78135708338857,48.79536056697962
lamf-test-b284ea68-a93a-41ac-9d3b-a2d0c0674e21,"{<resource_manager.instance.OnPremInstance object at 0x139143e00>: [(2, 87170.016, None)]}",312.0323931368153,145693.9811003814,87170.016,18072.168685927492,1,,87170.016,105473.74,True,98.83370628945168,113.68168719825168,14.847980908800002
lamf-test-902ad2da-a958-4f6f-a105-0cf09133c223,"{<resource_manager.instance.OnPremInstance object at 0x139143e00>: [(4, 87200.016, None)]}",319.6161610919672,145724.98227856235,87200.016,18062.935351098495,3,,87200.016,97342.296,True,61.706776180698135,78.16161125269814,16.454835071999998
lamf-test-bc23b10d-c69c-4408-9782-8739fbb3209f,"{<resource_manager.instance.OnPremInstance object at 0x139143e00>: [(3, 87230.016, None), (3, 90720.552, None), (5, 92520.552, None)]}",310.0193593332558,145727.57670669394,87230.016,18085.039101497492,1,178.08322153775947,87230.016,100853.6125206006,True,299.34355915963414,345.1501061831458,45.806547023511634
lamf-test-274e2f12-b4e9-499b-9b88-36da25e54e24,"{<resource_manager.instance.OnPremInstance object at 0x139143e00>: [(5, 87260.016, None), (4, 94710.552, None)]}",331.60036141298406,145820.85909333322,87260.016,18073.86371433749,1,98.02591284508317,87260.016,103041.20151538706,True,295.6958990646256,341.21578906359457,45.51988999896892
lamf-test-b4f2a445-161d-42de-8bf2-99cedcdf1a1d,"{<resource_manager.instance.CloudReservedInstance object at 0x139350710>: [(2, 87290.016, None)]}",317.30210148260704,145831.35487151903,87290.016,18060.095642436496,2,,87290.016,113307.1222924678,True,70.72671669089544,127.56889051867908,56.84217382778364
lamf-test-4bdc3b38-4b50-41c5-90d1-8319dfa6ef3f,"{<resource_manager.instance.OnPremInstance object at 0x139143e00>: [(5, 87560.016, None)]}",321.16833722466623,145892.98135163545,87560.016,18050.803533107497,2,,87560.016,102454.78600000001,True,59.60586451436764,89.81245807436764,30.206593560000005
lamf-test-5168b562-8a76-449b-98c0-cc2731c9ca3c,"{<resource_manager.instance.CloudReservedInstance object at 0x139350710>: [(1, 87590.016, None)], <resource_manager.instance.CloudOnDemandInstance object at 0x1393491d0>: [(1, 87590.016, None)]}",309.5107801118846,145907.52320676367,87590.016,18080.46790259349,1,,87590.016,134201.8468058447,True,181.97130185058637,274.4999810649606,92.52867921437422
lamf-test-068fc1f2-6deb-41a2-ae15-564e581e4490,"{<resource_manager.instance.CloudReservedInstance object at 0x1393586e0>: [(1, 87980.016, None)], <resource_manager.instance.CloudReservedInstance object at 0x13918a520>: [(1, 87980.016, None)], <resource_manager.instance.CloudOnDemandInstance object at 0x13918a780>: [(1, 87980.016, None)]}",318.6864958169501,145999.4765699337,87980.016,18636.937186566494,1,,87980.016,146014.87656993372,False,364.86032959017325,,
lamf-test-8af4e2ac-cf32-4cee-877b-e9f4b759f7f3,"{<resource_manager.instance.OnPremInstance object at 0x139143e00>: [(4, 88010.016, None)]}",289.77114078776196,146007.14250500262,88010.016,18632.379673998494,3,,88010.016,93200.20599999999,True,31.577701726366946,39.998265982366924,8.42056425599998
lamf-test-f483d0b8-ba08-4711-99f9-47af2ee222a5,"{<resource_manager.instance.CloudOnDemandInstance object at 0x13918a780>: [(2, 88040.016, None)], <resource_manager.instance.CloudOnDemandInstance object at 0x13918a3f0>: [(1, 88040.016, 96990.552)]}",312.7927875459608,146042.472227311,88040.016,18074.95328168849,2,42.49272520844074,88440.552,96999.72076415592,False,42.51765021653242,,
lamf-test-f3dda1e4-5862-4683-8e1d-465d2dca42c3,"{<resource_manager.instance.CloudReservedInstance object at 0x139350710>: [(1, 89460.552, None)], <resource_manager.instance.CloudReservedInstance object at 0x139349310>: [(3, 89460.552, None)], <resource_manager.instance.CloudReservedInstance object at 0x13918a2c0>: [(1, 96360.552, None)]}",305.16980399325007,146208.64978172144,89460.552,18639.526480548495,1,106.26272781200085,89460.552,146224.04978172146,False,533.1529177930145,,
lamf-test-fd42a6f7-5546-4968-b0ee-4f887fda9461,"{<resource_manager.instance.OnPremInstance object at 0x139143e00>: [(5, 90060.552, None), (5, 103181.08799999999, None), (7, 105281.08799999999, None)]}",313.44017426263486,146239.87809525593,90060.552,18675.994409791496,1,337.7042153775951,90060.552,111029.65862173947,True,484.5131708085079,559.2767619675259,74.76359115901802
lamf-test-88d97e0c-88fe-4c62-bc84-030e5f7776f1,"{<resource_manager.instance.OnPremInstance object at 0x139143e00>: [(3, 90090.552, None)]}",304.4592028444548,146435.59060721006,90090.552,19250.821508264995,1,,90090.552,105184.92199999999,True,120.5345539584759,138.9013833744759,18.366829415999995
lamf-test-9bda5a96-e4e1-4b91-bbbb-1dacf1ed28b2,"{<resource_manager.instance.OnPremInstance object at 0x139143e00>: [(6, 91200.552, None), (5, 95190.552, None)]}",334.4551264679061,146453.40183721512,91200.552,18657.819926056494,3,193.19476157882715,91200.552,107253.78603913795,True,238.24712819304506,301.77851718206296,63.5313889890179
lamf-test-72ac3048-5fdb-4c21-afcd-eed6fe82e6d1,"{<resource_manager.instance.OnPremInstance object at 0x139143e00>: [(3, 91230.552, None)]}",305.99164294117367,146502.54796537652,91230.552,18672.255378580496,1,,91230.552,94720.115,True,27.86554985169982,32.11165011009983,4.246100258400012
lamf-test-1e1b6610-69b2-4869-80ff-74a807042404,"{<resource_manager.instance.OnPremInstance object at 0x139143e00>: [(5, 91920.552, None)]}",310.82543279392,146632.07860807414,91920.552,18676.994409791496,3,,91920.552,102062.832,True,77.13347022587268,97.70201406587267,20.568543839999997
lamf-test-9953a2a0-1d7c-4068-bf98-538acafc2ac3,"{<resource_manager.instance.OnPremInstance object at 0x139143e00>: [(6, 92040.552, None)]}",299.47595690366575,146683.42218403926,92040.552,19287.27557498599,2,54.88980976276006,92040.552,109217.80300000001,True,74.23749986907494,116.04005790267499,41.80255803360005
lamf-test-9f4c8a2a-2fe4-4712-9592-1f90f46792d9,"{<resource_manager.instance.OnPremInstance object at 0x139143e00>: [(5, 93780.552, None)]}",322.9477688777042,146689.444509988,93780.552,19259.940190677993,1,133.54952680812218,93780.552,105081.58013274573,True,148.6864299159641,171.60491496917246,22.918485053208347
lamf-test-8c42c6bf-e604-4e96-bc18-75bc6db194f5,"{<resource_manager.instance.OnPremInstance object at 0x139143e00>: [(2, 93810.552, None)]}",304.5244415439068,146730.35134427465,93810.552,19279.15065815099,2,,93810.552,99783.85999999999,True,16.23825716335596,21.08380461295595,4.845547449599992
lamf-test-a7dc0f00-a53e-4f14-ba21-5c93f2b6c280,"{<resource_manager.instance.CloudOnDemandInstance object at 0x13918a780>: [(2, 97020.552, None)], <resource_manager.instance.CloudOnDemandInstance object at 0x13918a3f0>: [(1, 97020.552, None)], <resource_manager.instance.CloudOnDemandInstance object at 0x139358440>: [(1, 97020.552, None)]}",278.74097160023985,146869.3400559457,97020.552,19248.952790939995,2,,97421.08799999999,146884.74005594573,False,321.9950106301278,,
lamf-test-d2030552-fada-4868-9884-3081a3d5e562,"{<resource_manager.instance.OnPremInstance object at 0x139143e00>: [(4, 97451.08799999999, None), (4, 113771.08799999999, None), (6, 115001.08799999999, None)]}",335.70235460840024,146870.77517775388,97451.08799999999,19237.375711315493,3,114.25963951631302,97451.08799999999,116650.44369371988,True,149.38167117207152,189.21604454329054,39.83437337121901
lamf-test-292ff255-562b-496c-972f-f8340f6cddab,"{<resource_manager.instance.OnPremInstance object at 0x139143e00>: [(2, 97481.08799999999, None)]}",321.5271161172489,147012.71113487997,97481.08799999999,19268.184749251992,1,,97481.08799999999,130353.17299999997,True,177.49775914518204,204.16359449718203,26.66583535199998
lamf-test-ea317cde-8e65-4009-bbcb-6720d6ab3fc4,"{<resource_manager.instance.OnPremInstance object at 0x139143e00>: [(5, 97691.08799999999, None), (3, 107351.08799999999, None)]}",322.00845242777757,147067.2730283068,97691.08799999999,19236.375711315493,2,38.65737109124822,97691.08799999999,110386.98735398862,True,60.599577378296694,90.040943602119,29.4413662238223
lamf-test-8f5d07e8-2d0c-4ca5-874d-d1e790990809,"{<resource_manager.instance.OnPremInstance object at 0x139143e00>: [(6, 99011.08799999999, 101021.08799999999), (1, 101021.08799999999, None)]}",302.97405507839164,147094.61231239588,99011.08799999999,19276.81696114099,1,31.642710472279262,99011.08799999999,147110.0123123959,False,161.3324358931211,,
lamf-test-a13d6194-2358-4887-a070-b00cd35c865e,"{<resource_manager.instance.OnPremInstance object at 0x139143e00>: [(3, 99131.08799999999, None)]}",302.61921821621866,147142.67895670916,99131.08799999999,19239.919817576494,2,,99131.08799999999,111254.20399999998,True,39.10652968160327,53.857937230403266,14.751407548799994
lamf-test-7bd8b2d3-250f-4731-829c-d7a0653ffcb3,"{<resource_manager.instance.OnPremInstance object at 0x139143e00>: [(4, 99611.08799999999, None)]}",301.8009690341694,147171.2359353575,99611.08799999999,19246.074453086494,3,,99611.08799999999,105791.69599999998,True,37.603516617233204,47.63093503643319,10.027418419199988
lamf-test-8b57f8ca-98cc-4c1b-8aa2-5b91c1f45b09,"{<resource_manager.instance.OnPremInstance object at 0x139143e00>: [(2, 99851.08799999999, None)]}",306.9047417051023,147215.48365447856,99851.08799999999,19238.919817576494,2,,99851.08799999999,121383.17499999997,True,58.5343273726642,76.00115634706418,17.466828974399988
lamf-test-fd11e4ea-cdef-4f38-a062-f8e8f6529d33,"{<resource_manager.instance.OnPremInstance object at 0x139143e00>: [(6, 99911.08799999999, None), (5, 103901.08799999999, None)]}",323.9849795842166,147219.67995286264,99911.08799999999,19278.15065815099,1,243.1462468628793,99911.08799999999,112551.84979099594,True,312.8161442374676,361.12244704417515,48.306302806707535
lamf-test-aa0c06ad-8e28-471d-8a21-4c2106849993,"{<resource_manager.instance.OnPremInstance object at 0x139143e00>: [(4, 100811.08799999999, None), (3, 103811.08799999999, None)]}",297.7430444733612,147271.1412224337,100811.08799999999,19234.864523130494,1,253.2785763175907,100811.08799999999,120722.07144248577,True,345.5228504043297,398.40371459423534,52.88086418990564
lamf-test-72359355-373b-4aa6-9d80-111deeae4206,"{<resource_manager.instance.OnPremInstance object at 0x139143e00>: [(4, 100871.08799999999, None), (3, 105851.08799999999, None), (5, 112241.08799999999, None)]}",293.68085416171726,147339.2575048923,100871.08799999999,19876.565544706988,3,188.13597992242757,100871.08799999999,119624.85041927896,True,233.10540578195693,295.2656942290715,62.16028844711459
lamf-test-aa966776-8b52-45e3-81e8-3d502aee1701,"{<resource_manager.instance.OnPremInstance object at 0x139143e00>: [(3, 100901.08799999999, None)]}",277.6854198628887,147390.30401075733,100901.08799999999,19880.732609581988,1,100.85557837097879,100901.08799999999,117511.48499999999,True,132.6406331279945,152.8521641975945,20.2115310696
lamf-test-096a164d-3416-42b7-999a-d92269a9a7ca,"{<resource_manager.instance.OnPremInstance object at 0x139143e00>: [(6, 100931.08799999999, None), (4, 105911.08799999999, None)]}",310.89137174012484,147431.98441020772,100931.08799999999,19256.946205910994,3,143.0983344741045,100931.08799999999,114521.38753489043,True,176.41340839440926,223.45611130792486,47.04270291351561
lamf-test-6a7cd0bb-34c7-4263-9cc7-17fa07eb0a15,"{<resource_manager.instance.OnPremInstance object at 0x139143e00>: [(4, 101021.08799999999, None)]}",298.21973828332,147453.1199317807,101021.08799999999,19860.36719599499,1,42.17887291809263,101021.08799999999,113176.90399999998,True,128.50090683702174,148.22250271542174,19.721595878399985
lamf-test-f6c3e1ca-41d1-4659-a1c2-f6d7cca0c5e7,"{<resource_manager.instance.OnPremInstance object at 0x139143e00>: [(2, 101051.08799999999, None)]}",330.89870791023526,147477.00244106312,101051.08799999999,19883.05629196499,2,,101051.08799999999,112183.78599999998,True,30.263902856838907,39.2947474744389,9.03084461759999
lamf-test-9805f54e-1cae-487c-b904-2cb93c2a7afb,"{<resource_manager.instance.OnPremInstance object at 0x139143e00>: [(3, 102131.08799999999, None)]}",328.01417674151406,147489.9185938591,102131.08799999999,19844.779152254992,3,20.396988364134153,102131.08799999999,109592.32299999999,True,34.04624686287931,43.12507761087931,9.078830748000001
lamf-test-e0a17229-9bf9-416c-a5a2-49e15e4b17e7,"{<resource_manager.instance.OnPremInstance object at 0x139143e00>: [(2, 102161.08799999999, None)]}",300.8789137634496,147501.11967750994,102161.08799999999,19273.29060726599,3,,102161.08799999999,122215.24799999998,True,61.00588637919229,77.27382097119228,16.267934591999992
lamf-test-47c1fe4b-c260-4538-9b53-fe9eeae00c5f,"{<resource_manager.instance.OnPremInstance object at 0x139143e00>: [(2, 102191.08799999999, None)]}",307.40827687661385,147539.10311042855,102191.08799999999,19856.67299995799,3,,102191.08799999999,144199.635,True,127.79237052247323,161.86970384887326,34.077333326400016
lamf-test-9293cd6c-713f-41c3-8b50-410b94532b8e,"{<resource_manager.instance.OnPremInstance object at 0x139143e00>: [(4, 102221.08799999999, None)]}",276.94819521132933,147662.74055057098,102221.08799999999,19871.46709258199,2,25.130912333391873,102221.08799999999,126882.33199999998,True,89.8202262313603,129.8306284969603,40.010402265599986
lamf-test-ca0b2ac7-3ce2-4e8c-a6e1-096d01ef9a8a,"{<resource_manager.instance.OnPremInstance object at 0x139143e00>: [(6, 102491.08799999999, None)]}",322.6901850057595,147822.4669329379,102491.08799999999,19852.63698605099,1,164.82546201232034,102491.08799999999,117539.13599999998,True,236.89603285420938,273.51696246700936,36.62092961279999
lamf-test-2ef3ba74-0be9-4758-9e8b-663933377574,"{<resource_manager.instance.OnPremInstance object at 0x139143e00>: [(4, 103091.08799999999, None), (4, 120011.08799999999, None)]}",315.97195408362086,147840.53413627745,103091.08799999999,19872.46709258199,3,102.943189596167,103091.08799999999,121219.53669371986,True,117.64786607309898,149.0200483944812,31.372182321382223
lamf-test-2744811c-a0e4-4a9d-a448-520fba53466a,"{<resource_manager.instance.OnPremInstance object at 0x139143e00>: [(2, 103121.08799999999, None)]}",316.8459168651483,147858.8597738844,103121.08799999999,19888.25209894199,2,,103121.08799999999,114748.995,True,31.61011354806873,41.04267170646873,9.432558158400004
lamf-test-aa81efdb-fc5d-4cd5-94a6-0293c55ec5bf,"{<resource_manager.instance.OnPremInstance object at 0x139143e00>: [(3, 103151.08799999999, None)]}",315.17534780850235,148076.1935606355,103151.08799999999,20465.497831136992,1,,103151.08799999999,121934.62099999998,True,149.99398927675105,172.84979223115104,22.855802954399998
lamf-test-d878f6cc-ec52-4963-a36e-567d3077f66a,"{<resource_manager.instance.OnPremInstance object at 0x139143e00>: [(6, 103181.08799999999, None)]}",318.40559881515793,148079.63921379668,103181.08799999999,20488.587491264992,2,40.06354822353845,103181.08799999999,113552.62538743975,True,44.82422742976536,70.06440081583877,25.24017338607341
lamf-test-9997ef6b-f372-462c-b591-ebc6c42f345e,"{<resource_manager.instance.OnPremInstance object at 0x139143e00>: [(6, 107291.08799999999, None), (3, 110771.08799999999, None)]}",309.99816308035867,148082.8195296288,107291.08799999999,20470.40486040099,3,76.93360711841204,107291.08799999999,119537.52765772966,True,151.76508771703863,192.23502704361502,40.469939326576394
lamf-test-d13deae5-f303-4855-93f8-a16639da1c4e,"{<resource_manager.instance.OnPremInstance object at 0x139143e00>: [(6, 109271.08799999999, None), (5, 116231.08799999999, None), (5, 118991.08799999999, None)]}",299.620254990436,148143.38901842266,109271.08799999999,20502.217153105994,2,53.05334383050236,109271.08799999999,119724.9570039915,True,62.09860687558556,96.11299516388885,34.0143882883033
lamf-test-e95a3924-2808-4cd5-8af6-82985caaa091,"{<resource_manager.instance.OnPremInstance object at 0x139143e00>: [(4, 109511.08799999999, None)]}",315.57124577879193,148150.5746620279,109511.08799999999,20491.76220031499,1,,109511.08799999999,146080.036,True,386.57569183968366,445.9051530748837,59.32946123520001
lamf-test-b6e7251f-5c74-4bdc-b21f-2dc66654db99,"{<resource_manager.instance.OnPremInstance object at 0x139143e00>: [(3, 109631.08799999999, None)]}",320.3340679876566,148165.0823187252,109631.08799999999,20471.481738885992,3,,109631.08799999999,130403.15699999998,True,94.7847091033538,120.0601626625538,25.27545355919999
lamf-test-218a245a-408e-4403-969e-14eebe33638f,"{<resource_manager.instance.OnPremInstance object at 0x139143e00>: [(2, 110411.08799999999, None)]}",310.9184525812873,148179.90857963986,110411.08799999999,20505.60274900999,3,,110411.08799999999,148195.30857963988,False,114.94173117237779,,
lamf-test-692078cb-d4fe-44db-acc1-5eececdc7c24,"{<resource_manager.instance.OnPremInstance object at 0x139143e00>: [(3, 110441.08799999999, None)]}",293.9568407519619,148192.41895805858,110441.08799999999,20447.75799343249,2,,110441.08799999999,131938.766,True,69.34682327485365,95.50519786525366,26.15837459040002
lamf-test-df1d19ca-065c-450e-a725-063e1023eff0,"{<resource_manager.instance.OnPremInstance object at 0x139143e00>: [(5, 111071.08799999999, None)]}",308.41567960151576,148219.01119402153,111071.08799999999,20487.587491264992,2,58.70638032180242,111071.08799999999,129722.45817699429,True,74.6390205271541,112.46399924609854,37.824978718944436
lamf-test-dc701733-214d-4503-9e86-a7c5623aa494,"{<resource_manager.instance.OnPremInstance object at 0x139143e00>: [(2, 111101.08799999999, None)]}",290.04127710324553,148239.99526614824,111101.08799999999,20441.35096095849,2,,111101.08799999999,126706.067,True,42.42166351220627,55.08042247700628,12.658758964800006
lamf-test-5ccd4315-8d5b-4044-a8be-038248a6e5e8,"{<resource_manager.instance.OnPremInstance object at 0x139143e00>: [(6, 111131.08799999999, None), (3, 114611.08799999999, None), (7, 116711.08799999999, None)]}",316.3732896893923,148254.64529950538,111131.08799999999,20460.66589695899,1,104.61327857631761,111131.08799999999,118902.44696400978,True,196.77401377271391,227.12982490555186,30.35581113283795
lamf-test-468c807d-fae3-4ffc-8fac-cef2c72bf30d,"{<resource_manager.instance.OnPremInstance object at 0x139143e00>: [(6, 111311.08799999999, 112811.08799999999), (1, 112811.08799999999, None)]}",313.1968318342145,148357.07982925003,111311.08799999999,20469.40486040099,2,6.482774793452823,111311.08799999999,119762.741,True,20.58793209360313,27.05792255040313,6.469990456800002
lamf-test-cb995d16-8bd4-4a69-981f-1cf758860367,"{<resource_manager.instance.OnPremInstance object at 0x139143e00>: [(5, 112571.08799999999, None), (4, 117041.08799999999, None)]}",320.1908267325743,148384.72713859874,112571.08799999999,20445.75799343249,3,33.99498060689026,112571.08799999999,119504.56,True,67.71807437827984,85.77589256707986,18.05781818880003
lamf-test-8433fa81-6093-4f66-8fcd-c8019d82fc62,"{<resource_manager.instance.OnPremInstance object at 0x139143e00>: [(2, 112601.08799999999, None)]}",289.2015979209701,148448.80031743273,112601.08799999999,20492.76220031499,1,,112601.08799999999,135346.293,True,122.81614989733067,141.26706019333068,18.450910296000014
lamf-test-c609bf72-d17c-450a-8e65-16fe23e38281,"{<resource_manager.instance.OnPremInstance object at 0x139143e00>: [(2, 112631.08799999999, None)]}",326.56864801291823,148462.21778103727,112631.08799999999,20457.522213419492,3,,112631.08799999999,148477.6177810373,False,109.04716641885253,,
lamf-test-b7f32954-df1d-496f-a3cc-c6c4fa4f08d9,"{<resource_manager.instance.OnPremInstance object at 0x139143e00>: [(5, 112811.08799999999, None), (5, 128421.62399999998, None)]}",304.69312328634965,148490.28838723648,112811.08799999999,21058.97559703099,1,342.74414236824083,112811.08799999999,137127.1878789726,True,434.462531760934,501.43046586204684,66.96793410111287
lamf-test-3f74eedf-69e6-447f-8faf-d6b3b1a74541,"{<resource_manager.instance.OnPremInstance object at 0x139143e00>: [(2, 113291.08799999999, None)]}",300.3151945622659,148503.0441687576,113291.08799999999,20485.807629565992,3,,113291.08799999999,137744.62000000002,True,74.38902426040013,94.22572941880017,19.83670515840003
lamf-test-0111158b-0edf-40ea-8c3c-c453441d9f4b,"{<resource_manager.instance.CloudReservedInstance object at 0x139350710>: [(2, 113351.08799999999, None)]}",288.9103792556111,148622.8686755466,113351.08799999999,20444.75799343249,3,,113351.08799999999,148638.26867554663,False,107.34559487579781,,
lamf-test-a9c2f748-704b-4cdc-85cd-14af26c3a0f5,"{<resource_manager.instance.OnPremInstance object at 0x139143e00>: [(4, 113591.08799999999, None), (3, 118061.08799999999, None), (8, 120791.08799999999, None)]}",318.66785267265954,148634.64170957697,113591.08799999999,21060.39789794599,2,101.63912734103687,113591.08799999999,127806.96393013428,True,117.45000818731572,175.13774134625277,57.68773315893705
lamf-test-a7d1927a-cf2d-4926-967f-138bb5393300,"{<resource_manager.instance.OnPremInstance object at 0x139143e00>: [(6, 114551.08799999999, None)]}",312.0843911485237,148635.8882324187,114551.08799999999,21070.76604071999,2,6.482774793452823,114551.08799999999,117970.30799999999,True,14.777355486179845,23.09836927817985,8.321013792000004
lamf-test-ffd1b71e-c754-457f-beb0-15002780a4cd,"{<resource_manager.instance.OnPremInstance object at 0x139143e00>: [(2, 114581.08799999999, None)]}",333.17802435465063,148638.15023628267,114581.08799999999,21096.846256792986,3,,114581.08799999999,138819.62,True,73.73498212791849,93.3972792863185,19.662297158400005
lamf-test-fd3332ce-df25-4a32-8132-74451e729842,"{<resource_manager.instance.CloudReservedInstance object at 0x139350710>: [(1, 114611.08799999999, None)], <resource_manager.instance.CloudReservedInstance object at 0x139349090>: [(2, 114611.08799999999, None), (1, 121031.08799999999, None)], <resource_manager.instance.CloudOnDemandInstance object at 0x1393491d0>: [(2, 114611.08799999999, None)], <resource_manager.instance.CloudOnDemandInstance object at 0x139358440>: [(1, 130371.62399999998, None)]}",314.3128283614734,148678.3676447732,114611.08799999999,21089.845953171985,1,116.05914487793743,114611.08799999999,148693.76764477324,False,294.88200347904024,,
lamf-test-790ebc9f-5e2e-4113-9df6-6e81d9cf4244,"{<resource_manager.instance.OnPremInstance object at 0x139143e00>: [(3, 116711.08799999999, None)]}",301.00617936440153,148703.13849413526,116711.08799999999,21053.51704206199,1,11.978097193702943,116711.08799999999,120210.651,True,27.945403832991175,32.203672091391184,4.258268258400012
lamf-test-f110d8f3-23dd-42e9-8429-8b28407ddd7e,"{<resource_manager.instance.OnPremInstance object at 0x139143e00>: [(6, 117611.08799999999, None)]}",301.2291020786883,148732.55764495587,117611.08799999999,21057.97559703099,1,,117611.08799999999,127538.36799999999,True,156.2816153319644,180.4406439399644,24.159028608
lamf-test-301ed0a6-99cf-4eba-bab7-e5dbbca6ce7c,"{<resource_manager.instance.OnPremInstance object at 0x139143e00>: [(4, 117731.08799999999, None), (3, 129861.62399999998, None)]}",322.7128466056759,148737.95866928712,117731.08799999999,21087.350332739985,3,153.6575313712069,117731.08799999999,140844.494,True,190.74033614723572,241.6034822576358,50.86314611040005
lamf-test-ad16e952-0cca-41c7-9fd4-aa3d76092c2a,"{<resource_manager.instance.OnPremInstance object at 0x139143e00>: [(2, 118031.08799999999, None)]}",295.4536471781582,148741.02243284052,118031.08799999999,21090.845953171985,1,,118031.08799999999,148756.42243284054,False,165.9060570942033,,
lamf-test-8293fc83-5d58-4550-955e-87592cc2b6b3,"{<resource_manager.instance.OnPremInstance object at 0x139143e00>: [(6, 118931.08799999999, None), (3, 124391.08799999999, None)]}",333.7462784146,148845.44069589904,118931.08799999999,21056.97559703099,3,114.86017796030106,118931.08799999999,130245.23354057981,True,129.9677692071159,164.62519808844849,34.65742888133257
lamf-test-f16665ee-edca-44bc-8667-81b0b7135bf5,"{<resource_manager.instance.OnPremInstance object at 0x139143e00>: [(3, 118961.08799999999, None)]}",311.6491108609515,148947.18473988795,118961.08799999999,21078.052864007986,2,,118961.08799999999,148962.58473988797,False,96.77828891111442,,
lamf-test-a0b5829d-4134-40de-ab3a-fd1ed034a5b9,"{<resource_manager.instance.OnPremInstance object at 0x139143e00>: [(3, 118991.08799999999, None)]}",283.38611537295816,148965.01221020523,118991.08799999999,21662.396539879486,1,,118991.08799999999,137559.621,True,148.2771286789872,170.87131963338723,22.59419095440003
lamf-test-f4699487-e2f2-4f73-9c8b-3bed156050c7,"{<resource_manager.instance.OnPremInstance object at 0x139143e00>: [(3, 119531.08799999999, None)]}",295.77899706678875,148990.40920492882,119531.08799999999,21076.194396506988,2,,119531.08799999999,131158.995,True,37.50909339071101,51.65793062831102,14.14883723760001
lamf-test-d2d7cb5f-b6d4-4643-85b6-7c5def471a4e,"{<resource_manager.instance.OnPremInstance object at 0x139143e00>: [(4, 119561.08799999999, None)]}",304.94728314192844,149075.49944169304,119561.08799999999,21075.15556480199,1,,119561.08799999999,149197.11,False,313.2867182295231,,
lamf-test-48b882cf-9036-46be-bc48-393458a804a5,"{<resource_manager.instance.OnPremInstance object at 0x139143e00>: [(3, 119591.08799999999, None)]}",302.75177020472233,149104.13756339042,119591.08799999999,21717.308894577985,1,51.74537987679672,119591.08799999999,148819.41,True,233.3997878165641,268.9648100261641,35.56502220960002
lamf-test-3db3ef42-5e5e-4b66-b377-23e8be44e0c4,"{<resource_manager.instance.OnPremInstance object at 0x139143e00>: [(3, 119621.08799999999, None), (3, 135561.62399999998, None)]}",310.51400717904033,149161.91505556248,119621.08799999999,21667.145515160988,2,51.420694500049784,119621.08799999999,142125.6609640098,True,93.7689994018903,129.13968396230456,35.37068456041426
lamf-test-0c9d7093-d308-489f-9f7c-949564b43da8,"{<resource_manager.instance.OnPremInstance object at 0x139143e00>: [(3, 119651.08799999999, None)]}",341.93839758920444,149198.24552056447,119651.08799999999,21682.091313060988,3,,119651.08799999999,144599.82900000003,True,113.84321697467504,144.2008450234751,30.35762804880005
lamf-test-8add939b-0d3e-460d-9871-cabe0ac805f6,"{<resource_manager.instance.OnPremInstance object at 0x139143e00>: [(2, 119681.08799999999, None)]}",308.8827630823316,149210.198971526,119681.08799999999,21686.55823171299,1,,119681.08799999999,147823.783,True,151.9607076583771,174.7900618423771,22.829354184000007
lamf-test-8d9e2b15-af68-4d53-96f3-d2ed88fe313d,"{<resource_manager.instance.OnPremInstance object at 0x139143e00>: [(6, 119711.08799999999, None), (6, 122711.08799999999, None)]}",290.64783908667005,149224.10801847125,119711.08799999999,21670.02840696999,3,209.36410677618053,119711.08799999999,135080.8114981808,True,253.1548893119927,320.6616075223383,67.5067182103456
lamf-test-b3e3f869-98f2-4ec8-bbf6-0c042404572c,"{<resource_manager.instance.OnPremInstance object at 0x139143e00>: [(4, 119741.08799999999, None)]}",313.64851936596733,149306.8843384194,119741.08799999999,21708.344777314986,2,,119741.08799999999,132854.622,True,47.76160483115275,69.03700239275278,21.275397561600023
lamf-test-be918503-1360-4f36-b485-22f30f9e797e,"{<resource_manager.instance.OnPremInstance object at 0x139143e00>: [(2, 119771.08799999999, None)]}",285.4277316494616,149355.6153481554,119771.08799999999,21104.495269837986,3,,119771.08799999999,145007.73799999998,True,76.77131340786369,97.24328388786368,20.471970479999996
lamf-test-8638fd62-6efe-4c20-99a4-4066fa449bb7,"{<resource_manager.instance.OnPremInstance object at 0x139143e00>: [(2, 119801.08799999999, None)]}",298.8839218054394,149398.95681686205,119801.08799999999,21668.145515160988,3,,119801.08799999999,143536.71099999998,True,72.20510457068976,91.45944194828975,19.25433737759999
lamf-test-ef516eeb-4aa2-4149-84fb-f2df08d8e508,"{<resource_manager.instance.OnPremInstance object at 0x139143e00>: [(2, 119831.08799999999, None)]}",311.8946764585727,149432.4270928531,119831.08799999999,21707.344777314986,3,,119831.08799999999,149447.8270928531,False,90.09579159739333,,
lamf-test-126e2855-07db-43fa-b439-d9b840b19bc8,"{<resource_manager.instance.OnPremInstance object at 0x139143e00>: [(5, 119861.08799999999, None), (5, 121871.08799999999, None)]}",318.1127601463231,149465.41379600324,119861.08799999999,21711.663933089985,2,17.888038175763928,119861.08799999999,124314.358760353,True,27.598567785935224,41.58475398992705,13.986186203991824
lamf-test-392c05ba-10be-4e78-a3a0-52bfeef6fc2d,"{<resource_manager.instance.OnPremInstance object at 0x139143e00>: [(3, 119891.08799999999, None)]}",321.5347583668584,149527.87824689425,119891.08799999999,21663.396539879486,1,,119891.08799999999,139665.039,True,157.90287132101304,181.96381489781305,24.060943576800003
lamf-test-82c4ab04-3ecb-433b-af0f-ca823445bb19,"{<resource_manager.instance.OnPremInstance object at 0x139143e00>: [(2, 119921.08799999999, None)]}",315.22781690787207,149572.18217013156,119921.08799999999,21709.344777314986,2,,119921.08799999999,149587.5821701316,False,80.64746727772919,,
lamf-test-66cd8497-ae77-462b-b793-0f387087c6da,"{<resource_manager.instance.OnPremInstance object at 0x139143e00>: [(6, 121271.08799999999, None)]}",301.4980639885899,149610.35068495834,121271.08799999999,21714.663933089985,2,44.90633658084271,121271.08799999999,134058.1366577297,True,55.26370448065656,86.38226609410755,31.118561613450996
lamf-test-99025f0c-24c1-4390-aabb-11e1215ca402,"{<resource_manager.instance.OnPremInstance object at 0x139143e00>: [(4, 121451.08799999999, None)]}",311.1930919467007,149704.3101488441,121451.08799999999,22284.949807066987,1,42.17887291809263,121451.08799999999,131113.54,True,102.14319172560671,117.81955385040675,15.67636212480003
lamf-test-cfddfdef-fe2e-45ad-8560-6fe3d62d6b0a,"{<resource_manager.instance.OnPremInstance object at 0x139143e00>: [(2, 124331.08799999999, None)]}",315.13941756268656,149792.3458902624,124331.08799999999,21689.668659513987,3,,124331.08799999999,133978.15899999999,True,29.346934367632507,37.1726383628325,7.825703995199997
lamf-test-e78e1cc2-6e29-4c61-bc91-985e5bc2f3d3,"{<resource_manager.instance.OnPremInstance object at 0x139143e00>: [(2, 124361.08799999999, None)]}",302.016014841831,150059.93702464504,124361.08799999999,22311.228565315985,2,,124361.08799999999,146611.084,True,60.48594127937857,78.53513803457858,18.04919675520001
lamf-test-41abfa7b-4d2e-4f8d-8223-ac01154402e5,"{<resource_manager.instance.OnPremInstance object at 0x139143e00>: [(5, 126911.08799999999, None)]}",281.0110578746165,150076.3509647224,126911.08799999999,22263.950183829984,1,79.07998539812904,126911.08799999999,136405.73335398862,True,124.92004306335329,144.17518384124222,19.255140777888936
lamf-test-5092ef74-6b46-43b7-99dd-8d0710db91b8,"{<resource_manager.instance.OnPremInstance object at 0x139143e00>: [(2, 126941.08799999999, None)]}",322.80175063254035,150128.47456904766,126941.08799999999,22287.155512162986,2,,126941.08799999999,139064.204,True,32.95632423929851,42.79059593849852,9.834271699200007
lamf-test-19bc22b3-fa83-4e8f-80ba-b5e9bf28dfd3,"{<resource_manager.instance.CloudReservedInstance object at 0x13918a2c0>: [(1, 127271.08799999999, None)], <resource_manager.instance.CloudOnDemandInstance object at 0x1393491d0>: [(2, 127271.08799999999, None)]}",295.4218339024769,150172.24612387846,127271.08799999999,22266.027156457985,3,,127271.08799999999,150187.64612387848,False,58.094552497980814,,
lamf-test-c274bdfc-8db1-4605-b2d9-a7aecde8c778,"{<resource_manager.instance.OnPremInstance object at 0x139143e00>: [(6, 127571.08799999999, None), (6, 132051.62399999998, None)]}",265.46601281858847,150200.45150882116,127571.08799999999,22314.657418758987,1,146.10015605749476,127571.08799999999,136730.41265293123,True,217.84846408955337,251.52489663070037,33.67643254114698
lamf-test-40e901f4-82e9-4267-8389-b0ffba33f220,"{<resource_manager.instance.CloudOnDemandInstance object at 0x13918a3f0>: [(1, 127601.08799999999, None)], <resource_manager.instance.CloudOnDemandInstance object at 0x139358440>: [(1, 127601.08799999999, None)]}",288.17880631872265,150228.18975272097,127601.08799999999,22312.228565315985,3,,128001.62399999998,150243.589752721,False,57.39980670956219,,
lamf-test-149ce9f5-0d8c-4297-a44f-d357e4f39148,"{<resource_manager.instance.OnPremInstance object at 0x139143e00>: [(2, 128031.62399999998, None)]}",300.3994249069391,150313.93888712666,128031.62399999998,22875.65782929898,2,,128031.62399999998,150329.33888712668,False,60.61566363099886,,
lamf-test-bf71bbb6-9331-40ad-a925-11646e59f2d1,"{<resource_manager.instance.OnPremInstance object at 0x139143e00>: [(3, 128061.62399999998, None), (3, 131541.62399999998, None), (5, 136131.62399999998, None)]}",282.21590282196104,150374.9558442245,128061.62399999998,22892.61934538398,1,189.65893132557585,128061.62399999998,143338.28615735716,True,311.0085638655258,358.56649574679057,47.55793188126477
lamf-test-69086cac-7446-4f6a-8081-52b2794b57e0,"{<resource_manager.instance.OnPremInstance object at 0x139143e00>: [(5, 128091.62399999998, None)]}",305.46905892401105,150376.08906660645,128091.62399999998,22891.26076088698,1,,128091.62399999998,150391.48906660647,False,293.3969622422179,,
lamf-test-7ebc6423-600b-435f-a9e9-a2b0849ab334,"{<resource_manager.instance.OnPremInstance object at 0x139143e00>: [(2, 128121.62399999998, None)]}",316.11199289564274,150387.75040487963,128121.62399999998,22296.834090313983,3,,128121.62399999998,150403.15040487965,False,67.78166067344944,,
lamf-test-b58f906b-2d05-4446-a3bc-51167f13e3e6,"{<resource_manager.instance.OnPremInstance object at 0x139143e00>: [(6, 130281.62399999998, None), (4, 137121.62399999998, None)]}",316.2032012612325,150431.40157414263,130281.62399999998,22905.086735893983,3,62.4229979466119,130281.62399999998,143392.0857079772,True,157.7984897403183,199.87730642787395,42.078816687555644
lamf-test-b5a60c8a-d1f9-478b-ae9a-509c17955932,"{<resource_manager.instance.OnPremInstance object at 0x139143e00>: [(2, 130311.62399999998, None)]}",324.40240962171197,150473.65697280687,130311.62399999998,22863.478112308985,3,,130311.62399999998,150489.0569728069,False,61.38088971878291,,
lamf-test-9f0d95ee-6854-40c8-8565-0f4dd00f352a,"{<resource_manager.instance.OnPremInstance object at 0x139143e00>: [(6, 130461.62399999998, None)]}",320.55973978326983,150513.97074571002,130461.62399999998,22908.42629628298,2,17.373836446453566,130461.62399999998,135391.4262702899,True,21.305865263027986,33.303032068005535,11.997166804977546
lamf-test-839b9375-daf1-448d-ba2a-4e7b8a8c32c7,"{<resource_manager.instance.OnPremInstance object at 0x139143e00>: [(5, 131241.62399999998, None)]}",301.3962656663327,150521.10658433917,131241.62399999998,22932.025182049983,2,76.1756703287267,131241.62399999998,150536.5065843392,False,77.21422735247033,,
lamf-test-428a5c4f-d275-462f-92b2-ce62eba8c360,"{<resource_manager.instance.OnPremInstance object at 0x139143e00>: [(3, 134121.62399999998, None)]}",317.27331098542436,150538.23345093764,134121.62399999998,22930.474328647982,2,,134121.62399999998,140797.441,True,21.534730481788035,29.65786460738805,8.123134125600012
lamf-test-40d5168b-a00e-400f-be31-0989d001eb8a,"{<resource_manager.instance.OnPremInstance object at 0x139143e00>: [(5, 134151.62399999998, None)]}",309.100009518621,150539.07722187848,134151.62399999998,22877.65782929898,1,65.65995345653651,134151.62399999998,150554.4772218785,False,215.81060212829757,,
lamf-test-2bdcc975-2bba-4e1b-b91b-cbf27bbd3d9e,"{<resource_manager.instance.CloudReservedInstance object at 0x139350710>: [(1, 134241.62399999998, None)], <resource_manager.instance.CloudOnDemandInstance object at 0x1393491d0>: [(1, 134241.62399999998, None)], <resource_manager.instance.CloudOnDemandInstance object at 0x139358440>: [(1, 134241.62399999998, None)]}",305.14777040330046,150585.28413357274,134241.62399999998,22910.580095408983,2,,134241.62399999998,150600.68413357277,False,82.04472114764353,,
lamf-test-148cba0e-a0fd-4d8a-bdee-4b95ab96aac5,"{<resource_manager.instance.OnPremInstance object at 0x139143e00>: [(2, 135141.62399999998, None)]}",312.0707447319161,150612.31290781102,135141.62399999998,22918.010346288982,2,,135141.62399999998,150627.71290781104,False,42.09846439186305,,
lamf-test-5bc1a782-dd52-49ae-bc07-d0663fcf61e7,"{<resource_manager.instance.OnPremInstance object at 0x139143e00>: [(2, 135171.62399999998, None)]}",301.43918655680113,150615.97148200573,135171.62399999998,22896.20616963498,3,,135171.62399999998,150631.37148200575,False,47.02942423608112,,
lamf-test-d45fbec7-9b0f-4259-abad-f034f5395e54,"{<resource_manager.instance.OnPremInstance object at 0x139143e00>: [(6, 135201.62399999998, None)]}",280.99105703286153,150623.49528709232,135201.62399999998,22898.55559902598,3,,135201.62399999998,150638.89528709234,False,140.88315114845864,,
lamf-test-1427c66a-6963-488b-ab08-8c64fb5d9b94,"{<resource_manager.instance.OnPremInstance object at 0x139143e00>: [(2, 135231.62399999998, None)]}",298.2879652023477,150627.0467110273,135231.62399999998,22867.413364109983,3,,135231.62399999998,150642.44671102733,False,46.880592321932745,,
lamf-test-7a3c0981-c912-40bd-abf1-e641ec485e3c,"{<resource_manager.instance.OnPremInstance object at 0x139143e00>: [(4, 135441.62399999998, None)]}",284.5214240267859,150658.68607653477,135441.62399999998,22928.467131792982,1,,135441.62399999998,148425.006,True,137.24922792607816,158.31346688287817,21.06423895680002
lamf-test-4074e8ae-38e4-47d8-96f0-2b516c5dbf1c,"{<resource_manager.instance.OnPremInstance object at 0x139143e00>: [(5, 136761.62399999998, None), (5, 143435.37599999993, None)]}",310.48405344969365,150660.18704374388,136761.62399999998,22916.941334001982,2,26.707009071941826,136761.62399999998,146132.13181086973,True,48.290754439079265,72.76316506396707,24.4724106248878
lamf-test-f7210e1f-cff9-45ee-8bc0-a8175fe8ebd6,"{<resource_manager.instance.OnPremInstance object at 0x139143e00>: [(5, 136791.62399999998, None)]}",326.41616010620436,150661.39966240586,136791.62399999998,22922.04494282498,3,,136791.62399999998,143371.6852212429,True,50.04229387210367,63.3866580287843,13.344364156680623
lamf-test-24897bbd-5428-45bb-8605-42c32b3705e5,"{<resource_manager.instance.OnPremInstance object at 0x139143e00>: [(4, 137181.62399999998, None)]}",286.04299928912167,150684.21941197923,137181.62399999998,22879.40181698598,1,107.44817339721591,137181.62399999998,150699.61941197925,False,142.900704408329,,
lamf-test-fcfa61f8-fb72-4399-968e-6a610b0ab0bf,"{<resource_manager.instance.OnPremInstance object at 0x139143e00>: [(2, 137211.62399999998, None)]}",313.1978271806075,150685.49165186542,137211.62399999998,22914.941334001982,3,,137211.62399999998,150700.89165186544,False,41.03511339832827,,
lamf-test-4ba33463-237c-4203-b07d-0e82e6721170,"{<resource_manager.instance.OnPremInstance object at 0x139143e00>: [(3, 137241.62399999998, None)]}",300.31933938422,150748.71637664613,137241.62399999998,23528.870824245478,3,48.57078713210103,137241.62399999998,150764.11637664615,False,61.70427732898093,,
lamf-test-02fe1a43-a736-43c9-9c85-be0376b7fc19,"{<resource_manager.instance.OnPremInstance object at 0x139143e00>: [(5, 137781.62399999998, None)]}",308.8536180971014,150785.64080017302,137781.62399999998,22895.20616963498,1,162.82130047912293,137781.62399999998,150801.04080017304,False,171.29508756787124,,
lamf-test-f8986cb1-d053-4850-bf13-41d00a98cf1e,"{<resource_manager.instance.CloudReservedInstance object at 0x139349310>: [(2, 137811.62399999998, None)], <resource_manager.instance.CloudOnDemandInstance object at 0x1393496d0>: [(2, 137811.62399999998, None)]}",287.57775868831527,150867.42486769025,137811.62399999998,22900.196106494983,1,,137811.62399999998,150882.82486769027,False,73.56216170120021,,
lamf-test-d212c24c-f064-4abc-b718-e3f5047c2ba0,"{<resource_manager.instance.CloudReservedInstance object at 0x1393586e0>: [(2, 138261.62399999998, None)]}",293.3563284527143,150934.39039357394,138261.62399999998,23533.888510261477,1,,138261.62399999998,150949.79039357396,False,46.63939278191566,,
lamf-test-1283a5be-14de-41ee-87aa-766aaeeafbd0,"{<resource_manager.instance.CloudReservedInstance object at 0x1393586e0>: [(2, 138321.62399999998, None)]}",301.49919325008074,151003.6834646913,138321.62399999998,23483.47451652948,1,,138321.62399999998,151019.08346469133,False,46.673552421736645,,
lamf-test-f0315257-5d66-421d-9c01-8e16991d06a5,"{<resource_manager.instance.CloudReservedInstance object at 0x1393586e0>: [(1, 138501.62399999998, None)], <resource_manager.instance.CloudOnDemandInstance object at 0x139358440>: [(1, 138501.62399999998, None)]}",305.3642818037283,151031.85519892673,138501.62399999998,23517.964189967475,2,,138501.62399999998,151047.25519892675,False,42.90440158520502,,
lamf-test-e6e8ad32-a552-476d-b1c5-243e186072d9,"{<resource_manager.instance.CloudOnDemandInstance object at 0x13918a3f0>: [(4, 138681.62399999998, None)], <resource_manager.instance.CloudOnDemandInstance object at 0x139358440>: [(1, 138681.62399999998, None)]}",301.57276338943484,151042.77469620682,138681.62399999998,23527.870824245478,3,,139082.15999999997,151058.17469620684,False,87.85038646634524,,
lamf-test-dc2541ca-2f35-4ff7-a081-304448699c5d,"{<resource_manager.instance.OnPremInstance object at 0x139143e00>: [(4, 139112.15999999997, None)]}",302.5926540431739,151049.78567413337,139112.15999999997,23476.288690732483,2,,139112.15999999997,151065.1856741334,False,43.53484642542451,,
lamf-test-56deb4eb-b644-4e7e-85a7-0b42646d64fc,"{<resource_manager.instance.CloudReservedInstance object at 0x13918a2c0>: [(1, 139382.15999999997, None)], <resource_manager.instance.CloudOnDemandInstance object at 0x13918a780>: [(3, 139382.15999999997, None)], <resource_manager.instance.CloudOnDemandInstance object at 0x1393496d0>: [(2, 139382.15999999997, None)]}",306.28440469326864,151102.31877388823,139382.15999999997,23491.57882905948,1,,139382.15999999997,151117.71877388825,False,159.75853833188845,,
lamf-test-83f17b85-900c-4e31-a217-dd0b4f586b8a,"{<resource_manager.instance.CloudOnDemandInstance object at 0x1393496d0>: [(5, 139442.15999999997, None)]}",288.7334571232547,151175.95211335534,139442.15999999997,23486.73056358048,2,,139842.69599999997,151191.35211335536,False,35.09364971206871,,
lamf-test-abcbfaf9-4394-4781-ad4d-3fb7fa5ff51e,"{<resource_manager.instance.OnPremInstance object at 0x139143e00>: [(2, 139872.69599999997, None)]}",309.876487988864,151208.0976106217,139872.69599999997,23487.95101385448,2,,139872.69599999997,149519.767,True,26.225270783149675,34.0509747783497,7.82570399520002
lamf-test-5fe98500-df89-4426-8e51-1b37ee4edaf5,"{<resource_manager.instance.CloudOnDemandInstance object at 0x1393496d0>: [(1, 139932.69599999997, None)], <resource_manager.instance.CloudOnDemandInstance object at 0x1393491d0>: [(3, 139932.69599999997, None)]}",303.76251598622537,151281.21118751378,139932.69599999997,23474.627915968984,3,,140333.23199999996,151296.6111875138,False,25.92725345086432,,
lamf-test-41484c5d-dab9-4fc2-841b-978aca5bdeb2,"{<resource_manager.instance.CloudReservedInstance object at 0x139350710>: [(1, 140363.23199999996, None)], <resource_manager.instance.CloudReservedInstance object at 0x139349310>: [(1, 140363.23199999996, None)]}",313.1753681024487,151405.35205262335,140363.23199999996,23532.408147751477,3,,140363.23199999996,151420.75205262337,False,25.228199983169993,,
lamf-test-9ad89462-a613-4c9d-9a32-fabf39e2e806,"{<resource_manager.instance.CloudReservedInstance object at 0x139349090>: [(2, 140393.23199999996, None)], <resource_manager.instance.CloudOnDemandInstance object at 0x13918a780>: [(2, 140393.23199999996, None)]}",296.81691444265005,151411.55061726642,140393.23199999996,23510.43295042548,2,,140393.23199999996,151426.95061726644,False,48.861760528026664,,
lamf-test-12a002f4-7e1c-496b-9a4e-a93d4e06b741,"{<resource_manager.instance.CloudReservedInstance object at 0x139349090>: [(1, 140423.23199999996, None)], <resource_manager.instance.CloudOnDemandInstance object at 0x13918a780>: [(3, 140423.23199999996, None)]}",314.11889639051043,151426.432670729,140423.23199999996,23520.102075248476,3,,140423.23199999996,151441.83267072903,False,55.86534170268494,,
lamf-test-9ffee495-f8cb-44fb-b137-e305b7d85839,"{<resource_manager.instance.CloudOnDemandInstance object at 0x13918a780>: [(1, 140543.23199999996, None)], <resource_manager.instance.CloudOnDemandInstance object at 0x1393496d0>: [(2, 140543.23199999996, None)], <resource_manager.instance.CloudOnDemandInstance object at 0x1393491d0>: [(3, 140543.23199999996, None)]}",307.10562435897356,151433.91097405337,140543.23199999996,23493.57882905948,3,,140943.76799999995,151449.3109740534,False,49.76536150606177,,
lamf-test-78bf4bff-956c-4436-83bb-3c669d0a9c53,"{<resource_manager.instance.OnPremInstance object at 0x139143e00>: [(6, 140973.76799999995, None)]}",306.11726586615526,151524.61177104266,140973.76799999995,24141.545681073974,3,,140973.76799999995,151540.0117710427,False,96.42932941859668,,
lamf-test-a7c97e24-903a-4dca-ba7e-7021d2a7a153,"{<resource_manager.instance.OnPremInstance object at 0x139143e00>: [(5, 141003.76799999995, None)]}",272.31748586313887,151596.23994570368,141003.76799999995,24132.118240463973,2,18.134580962325913,141003.76799999995,149515.5581769943,True,34.062467031357315,51.324377510301844,17.261910478944525
lamf-test-312a9c71-c247-4c60-8584-abd787ddbb55,"{<resource_manager.instance.CloudOnDemandInstance object at 0x1393491d0>: [(1, 141033.76799999995, None)], <resource_manager.instance.CloudOnDemandInstance object at 0x13918a3f0>: [(1, 141033.76799999995, None)]}",292.183210394434,151612.40152618615,141033.76799999995,24103.537006804978,2,,141434.30399999995,151627.80152618617,False,35.016593240670815,,
lamf-test-7ba8094d-b37b-4d4a-94ab-43b835082051,"{<resource_manager.instance.CloudOnDemandInstance object at 0x13918a3f0>: [(5, 141464.30399999995, None)]}",332.19054549183284,151693.32095189314,141464.30399999995,23490.29625243348,1,,141864.83999999994,151708.72095189316,False,134.78470854646943,,
lamf-test-0cd37ffc-60a0-45ac-a12c-e91d25ec64ae,"{<resource_manager.instance.CloudOnDemandInstance object at 0x139358440>: [(4, 141894.83999999994, None)]}",319.43122695892134,151700.07424326852,141894.83999999994,24085.196422815978,2,,142295.37599999993,151715.47424326855,False,30.143119114799134,,
lamf-test-645d6243-57db-44a7-8643-adaa04af4482,"{<resource_manager.instance.OnPremInstance object at 0x139143e00>: [(2, 142325.37599999993, None)]}",322.6425482972228,151710.64058299124,142325.37599999993,24096.52810519698,2,,142325.37599999993,151726.04058299126,False,25.55542238991626,,
lamf-test-d2f5cd50-cfbe-4991-819e-7c0f2710b47f,"{<resource_manager.instance.OnPremInstance object at 0x139143e00>: [(5, 142355.37599999993, None)]}",311.4299673200502,151727.0294531152,142355.37599999993,24128.178237896474,3,,142355.37599999993,150797.02899999995,True,64.19996197429478,81.31963425829483,17.11967228400004
lamf-test-dc511cd7-1e75-49c2-8aa3-d524b909408f,"{<resource_manager.instance.CloudReservedInstance object at 0x13918a2c0>: [(3, 142385.37599999993, None)], <resource_manager.instance.CloudOnDemandInstance object at 0x139358440>: [(1, 142385.37599999993, None)]}",314.927009218563,151750.350829459,142385.37599999993,24136.560666368976,2,,142385.37599999993,151765.75082945902,False,46.298865959498954,,
lamf-test-9b31ccd0-de9d-4a37-a3f7-8fd2b636291f,"{<resource_manager.instance.OnPremInstance object at 0x139143e00>: [(3, 143345.37599999993, None)]}",327.6403585971007,151756.53094442672,143345.37599999993,24095.52810519698,3,,143345.37599999993,151771.93094442674,False,38.45108347901807,,
lamf-test-b990cc86-2c21-4994-9a3c-749243831b25,"{<resource_manager.instance.OnPremInstance object at 0x139143e00>: [(6, 143375.37599999993, None)]}",310.5105298170665,151759.24376551097,143375.37599999993,24138.022485497975,1,31.642710472279262,143375.37599999993,151774.643765511,False,132.226665713042,,
lamf-test-04b92d0c-09b8-4d57-b497-ad0e8c94db20,"{<resource_manager.instance.OnPremInstance object at 0x139143e00>: [(4, 143405.37599999993, None)]}",288.85732232610275,151773.52369306146,143405.37599999993,24110.028219519976,2,28.12529331736628,143405.37599999993,151788.9236930615,False,30.5342321908898,,
lamf-test-c5b0481f-991f-4411-b1f4-57a207573df6,"{<resource_manager.instance.OnPremInstance object at 0x139143e00>: [(2, 143465.37599999993, None)]}",313.8720815034799,151787.69009969174,143465.37599999993,24140.247962151974,1,,143465.37599999993,151803.09009969176,False,45.02073930170508,,
lamf-test-fc29d004-f407-4101-a296-9bd4c445802f,"{<resource_manager.instance.OnPremInstance object at 0x139143e00>: [(3, 143495.37599999993, None), (3, 144995.37599999993, None)]}",287.35046195532897,151798.8339011189,143495.37599999993,24142.748701926976,1,11.978097193702943,143495.37599999993,151814.23390111892,False,120.88068744657292,,
lamf-test-77e5d9c6-171e-477d-8afc-4f99278cdf05,"{<resource_manager.instance.OnPremInstance object at 0x139143e00>: [(4, 143585.37599999993, None)]}",322.5604323889228,151799.34123814464,143585.37599999993,24120.599947022976,1,26.322153775952543,143585.37599999993,151814.74123814466,False,86.99382219956786,,
lamf-test-23584a84-c1ab-462f-856d-dbafc172fc72,"{<resource_manager.instance.OnPremInstance object at 0x139143e00>: [(3, 144185.37599999993, None)]}",302.5519454321837,151812.53818264807,144185.37599999993,24116.929281684977,2,,144185.37599999993,151827.9381826481,False,24.653239714874402,,
lamf-test-cde41d2e-d3b7-483c-acf5-fce25843f6ec,"{<resource_manager.instance.OnPremInstance object at 0x139143e00>: [(6, 145205.37599999993, None)]}",306.0420948865999,151904.62071807747,145205.37599999993,24121.599947022976,3,,145205.37599999993,150423.68065772962,True,47.623131715534484,60.32239793058547,12.69926621505098
lamf-test-65c75674-6d61-48c2-8e2f-0deaa2e53c50,"{<resource_manager.instance.OnPremInstance object at 0x139143e00>: [(5, 146165.37599999993, None)]}",310.9138494061531,151925.26473990467,146165.37599999993,24083.397847543478,3,,146165.37599999993,151940.6647399047,False,43.921885617953926,,
lamf-test-d6fa2a21-a6b8-4090-9263-4f50b3edb3c2,"{<resource_manager.instance.OnPremInstance object at 0x139143e00>: [(2, 146195.37599999993, None)]}",330.4100477007284,151945.21083842163,146195.37599999993,24123.599947022976,3,,146195.37599999993,151960.61083842165,False,17.538169711527015,,
lamf-test-45c4a9c4-2171-4eea-b952-821722a13bda,"{<resource_manager.instance.OnPremInstance object at 0x139143e00>: [(2, 146225.37599999993, None)]}",298.1165366351332,151989.98424656875,146225.37599999993,24122.599947022976,1,,146225.37599999993,152005.38424656878,False,31.210022473677704,,
lamf-test-1ad130e5-9bde-4344-b318-966e1bea0db8,"{<resource_manager.instance.OnPremInstance object at 0x139143e00>: [(3, 146255.37599999993, None)]}",318.45733543495004,152050.93318516953,146255.37599999993,24750.366031049984,2,,146255.37599999993,152066.33318516955,False,18.74488123683398,,
lamf-test-c13983c3-88d3-4223-81f1-3d841bb80c73,"{<resource_manager.instance.OnPremInstance object at 0x139143e00>: [(2, 146285.37599999993, None)]}",305.7706698908458,152053.8210205937,146285.37599999993,24088.43914073048,2,,146285.37599999993,152069.22102059372,False,15.723207783258099,,
lamf-test-1e44c24c-1701-4294-a6ab-3ce0d97fb03e,"{<resource_manager.instance.CloudReservedInstance object at 0x139350710>: [(1, 146315.37599999993, None)], <resource_manager.instance.CloudReservedInstance object at 0x139349310>: [(1, 146315.37599999993, None)]}",298.2553599828783,152153.85222841753,146315.37599999993,24741.79339230398,2,,146315.37599999993,152169.25222841755,False,20.743136185673947,,
lamf-test-7979bb4a-71ea-47f3-84d7-1d24a91cba4c,"{<resource_manager.instance.CloudReservedInstance object at 0x139349310>: [(2, 146345.37599999993, None)], <resource_manager.instance.CloudReservedInstance object at 0x13918a2c0>: [(1, 146345.37599999993, None)], <resource_manager.instance.CloudReservedInstance object at 0x1393586e0>: [(1, 146345.37599999993, None)], <resource_manager.instance.CloudReservedInstance object at 0x13918a520>: [(1, 146345.37599999993, None)]}",311.8838093943903,152160.0625149955,146345.37599999993,24135.476145374974,1,,146345.37599999993,152175.4625149955,False,53.05856107900253,,
lamf-test-e33fe393-b630-4b60-808f-c6f040f082e2,"{<resource_manager.instance.CloudOnDemandInstance object at 0x13918a780>: [(1, 146375.37599999993, None)], <resource_manager.instance.CloudOnDemandInstance object at 0x139358440>: [(1, 146375.37599999993, None)]}",327.52562812519227,152171.02929996845,146375.37599999993,24087.43914073048,2,,146775.91199999992,152186.42929996847,False,21.727356298533604,,
lamf-test-15a5355c-cd07-47e3-bf06-04b51c890922,"{<resource_manager.instance.OnPremInstance object at 0x139143e00>: [(5, 147855.91199999992, None)]}",322.38171487119865,152175.0333982063,147855.91199999992,24737.478079932982,2,,147855.91199999992,152190.4333982063,False,17.34588014424642,,
lamf-test-f3078c7f-f25a-4299-8013-371831a11b64,"{<resource_manager.instance.CloudOnDemandInstance object at 0x13918a780>: [(2, 147885.91199999992, None)]}",312.7795478127634,152231.55334735897,147885.91199999992,24705.475613652976,2,,148286.44799999992,152246.953347359,False,11.855359023583771,,
lamf-test-f2614325-1947-40b1-a523-3000b383e339,"{<resource_manager.instance.OnPremInstance object at 0x139143e00>: [(3, 148466.44799999992, None)]}",278.85761232530825,152266.41193425306,148466.44799999992,24713.356656438977,3,,148466.44799999992,152281.81193425308,False,17.40982858431744,,
lamf-test-805d6c2e-fd88-4e3f-a058-f7e8f540eed7,"{<resource_manager.instance.CloudReservedInstance object at 0x139350710>: [(3, 148766.44799999992, None)], <resource_manager.instance.CloudReservedInstance object at 0x139349090>: [(3, 148766.44799999992, None)]}",301.5658399516932,152338.7304396494,148766.44799999992,24682.981602450975,2,,148766.44799999992,152354.13043964942,False,18.85261995414332,,
lamf-test-5b196625-a7df-4339-87a7-0589b911f17b,"{<resource_manager.instance.OnPremInstance object at 0x139143e00>: [(6, 148826.44799999992, None)]}",323.31432092168734,152375.8187440163,148826.44799999992,24703.108646822977,1,51.031474332648536,148826.44799999992,152391.2187440163,False,56.11890972784193,,
lamf-test-f58f745a-82e9-43d3-8360-ed7f11305cc1,"{<resource_manager.instance.CloudOnDemandInstance object at 0x1393491d0>: [(2, 148856.44799999992, None)], <resource_manager.instance.CloudOnDemandInstance object at 0x13918a3f0>: [(1, 148856.44799999992, None)], <resource_manager.instance.CloudOnDemandInstance object at 0x139358440>: [(1, 148856.44799999992, None)]}",277.06316426751624,152402.6089062742,148856.44799999992,24704.475613652976,3,,149256.9839999999,152418.00890627422,False,12.640214132339654,,
lamf-test-20f36af9-76f0-448f-b61f-5fa96da2f073,"{<resource_manager.instance.OnPremInstance object at 0x139143e00>: [(5, 149286.9839999999, None)]}",306.7750534246782,152414.5508858817,149286.9839999999,24701.001584597976,2,,149286.9839999999,152429.95088588173,False,12.577519382509136,,
lamf-test-176e7c79-1f86-4828-a8d1-7155fdf161df,"{<resource_manager.instance.OnPremInstance object at 0x139143e00>: [(2, 149316.9839999999, None)]}",293.43464758797063,152427.8197714288,149316.9839999999,24726.03148746098,2,,149316.9839999999,152443.21977142882,False,8.49857740631242,,
lamf-test-634e53a9-aba8-416a-9ebe-5cb9ee543a7e,"{<resource_manager.instance.OnPremInstance object at 0x139143e00>: [(3, 149346.9839999999, None)]}",288.18037476346586,152445.80115764125,149346.9839999999,24693.366979823975,3,,149346.9839999999,152461.20115764128,False,14.210436493914521,,
lamf-test-7626bae1-06ab-482b-a023-1a1539062cfb,"{<resource_manager.instance.OnPremInstance object at 0x139143e00>: [(4, 149526.9839999999, None)]}",300.40391955978936,152447.54516227747,149526.9839999999,24699.001584597976,2,,149526.9839999999,152462.9451622775,False,10.69324385267265,,
lamf-test-e05a8c26-5e2e-4fab-a8e5-9ce1b734956f,"{<resource_manager.instance.OnPremInstance object at 0x139143e00>: [(4, 149556.9839999999, None)]}",328.4711524477416,152448.77734470018,149556.9839999999,24738.478079932982,1,,149556.9839999999,152464.1773447002,False,30.73236557254096,,
lamf-test-d3c1ce6e-976b-4e11-a316-3c379f3ce935,"{<resource_manager.instance.OnPremInstance object at 0x139143e00>: [(3, 149646.9839999999, None)]}",297.3863310840442,152483.86721825763,149646.9839999999,24700.001584597976,3,,149646.9839999999,152499.26721825765,False,13.01520975705106,,
lamf-test-6183c783-1429-4d5f-8608-07133770df8f,"{<resource_manager.instance.CloudReservedInstance object at 0x13918a2c0>: [(1, 150246.9839999999, None)], <resource_manager.instance.CloudOnDemandInstance object at 0x1393491d0>: [(1, 150246.9839999999, None)]}",310.41904333689564,152489.875572789,150246.9839999999,24728.29657645898,2,,150246.9839999999,152505.27557278902,False,7.464359748128755,,
lamf-test-ccffacfb-9ba1-4a70-a2f8-c26ca5c073dd,"{<resource_manager.instance.CloudOnDemandInstance object at 0x1393491d0>: [(1, 150306.9839999999, None)], <resource_manager.instance.CloudOnDemandInstance object at 0x13918a3f0>: [(1, 150306.9839999999, None)], <resource_manager.instance.CloudOnDemandInstance object at 0x139358440>: [(1, 150306.9839999999, None)]}",308.5948421811894,152517.67458135824,150306.9839999999,24698.001584597976,2,,150707.5199999999,152533.07458135826,False,11.164393278445251,,
lamf-test-a315b39b-1ef1-430b-b0b4-9fc98d8c4171,"{<resource_manager.instance.OnPremInstance object at 0x139143e00>: [(3, 150737.5199999999, None)]}",298.94072038973326,152519.12499750225,150737.5199999999,24711.356656438977,2,,150737.5199999999,152534.52499750227,False,5.79674642004712,,
lamf-test-c6476f48-7d2c-41f6-9b97-5a54f98dd980,"{<resource_manager.instance.OnPremInstance object at 0x139143e00>: [(2, 150767.5199999999, None)]}",292.9421630666556,152562.0853170837,150767.5199999999,24686.333657414976,3,,150767.5199999999,152577.48531708372,False,5.506016631177469,,
lamf-test-673ed82c-6612-45cc-838b-3e7192b26eb3,"{<resource_manager.instance.OnPremInstance object at 0x139143e00>: [(6, 150797.5199999999, None)]}",323.9926877676555,152576.21645888902,150797.5199999999,24747.080363809982,1,,150797.5199999999,152591.61645888904,False,28.243818312423095,,
lamf-test-c8cde8a0-c192-4372-8fd9-91e35fa2a643,"{<resource_manager.instance.OnPremInstance object at 0x139143e00>: [(4, 150827.5199999999, None)]}",313.0223440097014,152579.74393171517,150827.5199999999,24729.29657645898,3,,150827.5199999999,152595.1439317152,False,10.754423495111682,,
lamf-test-aedf9ed2-1b2e-476d-94af-4a073cb14972,"{<resource_manager.instance.OnPremInstance object at 0x139143e00>: [(6, 150857.5199999999, None)]}",293.1352863380843,152580.62689652044,150857.5199999999,24689.255466698974,2,,150857.5199999999,152596.02689652046,False,7.513565791338243,,
lamf-test-bb7523bc-058b-4a16-8696-3b517a47ab6e,"{<resource_manager.instance.OnPremInstance object at 0x139143e00>: [(4, 150887.5199999999, None)]}",293.0416764098332,152613.51450455008,150887.5199999999,24733.17161153748,2,,150887.5199999999,152628.9145045501,False,6.342439511840805,,
lamf-test-ade0d831-afab-43db-90f6-16f2ab4e4c93,"{<resource_manager.instance.OnPremInstance object at 0x139143e00>: [(6, 150917.5199999999, None)]}",313.9137363895947,152633.41665464683,150917.5199999999,24695.366979823975,1,,150917.5199999999,152648.81665464686,False,27.25518347493494,,
lamf-test-ca77114b-9a8d-48d4-8ede-72293f2b41fe,"{<resource_manager.instance.OnPremInstance object at 0x139143e00>: [(6, 150977.5199999999, None)]}",277.9408537525406,152634.36290925372,150977.5199999999,24714.356656438977,1,,150977.5199999999,152649.76290925374,False,26.32552150091598,,
lamf-test-e58610ed-a0a4-4c8f-abf3-018a5c02838d,"{<resource_manager.instance.CloudReservedInstance object at 0x139350710>: [(1, 151007.5199999999, None)], <resource_manager.instance.CloudOnDemandInstance object at 0x1393491d0>: [(1, 151007.5199999999, None)]}",313.0676987743484,152667.50917472015,151007.5199999999,24739.79339230398,2,,151007.5199999999,152682.90917472017,False,5.5376850664094945,,
lamf-test-30951be6-8d18-4462-8f42-1bda6c60c2b6,"{<resource_manager.instance.OnPremInstance object at 0x139143e00>: [(4, 151097.5199999999, None)]}",320.13751117032376,152851.08700426586,151097.5199999999,25303.908372992988,1,,151097.5199999999,152866.4870042659,False,18.70000863890577,,
lamf-test-14df0a15-dd26-474b-91c7-36ae75747600,"{<resource_manager.instance.OnPremInstance object at 0x139143e00>: [(5, 151157.5199999999, None)]}",297.27944487542703,153069.46475788503,151157.5199999999,25310.058647516988,3,,151157.5199999999,153084.86475788505,False,14.657728784585506,,
lamf-test-8b2bdb5b-09e4-4beb-8935-257054020e26,"{<resource_manager.instance.OnPremInstance object at 0x139143e00>: [(6, 151277.5199999999, None)]}",264.60808242087944,153331.5459709956,151277.5199999999,25911.20899145999,1,23.94569199178622,151277.5199999999,153346.9459709956,False,32.578232260712774,,
lamf-test-c8ca42d3-92bd-477a-88a0-ba208fc51e60,"{<resource_manager.instance.OnPremInstance object at 0x139143e00>: [(6, 151337.5199999999, None)]}",282.96322394825097,153372.25242431829,151337.5199999999,25914.93942581099,2,,151337.5199999999,153387.6524243183,False,8.860364535741127,,
lamf-test-97282fb2-8a15-45ef-9ffc-d2d1017e826d,"{<resource_manager.instance.CloudReservedInstance object at 0x139349310>: [(2, 151397.5199999999, None)], <resource_manager.instance.CloudOnDemandInstance object at 0x1393496d0>: [(2, 151397.5199999999, None)], <resource_manager.instance.CloudOnDemandInstance object at 0x139358440>: [(1, 151397.5199999999, None)]}",338.8782653222551,153467.80233513218,151397.5199999999,25913.22448266899,3,,151397.5199999999,153483.2023351322,False,8.45968447844367,,
lamf-test-b8f89e26-0ea4-4ae6-b0d2-471177f4ea26,"{<resource_manager.instance.CloudReservedInstance object at 0x1393586e0>: [(2, 151457.5199999999, None)]}",280.4613956789944,153964.31758359278,151457.5199999999,26535.93242132299,2,,151457.5199999999,153979.7175835928,False,5.778207055261217,,
lamf-test-37816ca3-8f1b-4f48-b98a-19da64fc3ae0,"{<resource_manager.instance.CloudReservedInstance object at 0x1393586e0>: [(3, 151577.5199999999, None)], <resource_manager.instance.CloudOnDemandInstance object at 0x139358440>: [(1, 151577.5199999999, None)]}",306.58987892209666,154034.3587633575,151577.5199999999,25953.051776915992,3,,151577.5199999999,154049.75876335753,False,10.02758643590693,,
lamf-test-c1154d77-1b34-44ce-a971-3f2383feb4ea,"{<resource_manager.instance.CloudOnDemandInstance object at 0x13918a3f0>: [(3, 151637.5199999999, None)]}",323.4876460165175,154149.04864330665,151637.5199999999,26549.66708566899,3,,152038.0559999999,154164.44864330668,False,11.53058929184018,,
lamf-test-b0689249-ecb4-459e-8e95-7a9d2be06c96,"{<resource_manager.instance.OnPremInstance object at 0x139143e00>: [(3, 152068.0559999999, None)]}",284.5904514592743,154212.83765039456,152068.0559999999,26531.84400014599,2,,152068.0559999999,154228.23765039459,False,6.968275138901149,,
lamf-test-13fc8f66-f398-48d2-89aa-66ced308660e,"{<resource_manager.instance.CloudReservedInstance object at 0x139350710>: [(1, 152098.0559999999, None)], <resource_manager.instance.CloudReservedInstance object at 0x139349310>: [(1, 152098.0559999999, None)], <resource_manager.instance.CloudReservedInstance object at 0x139349090>: [(3, 152098.0559999999, None)]}",321.3650971033735,154225.57529708894,152098.0559999999,26518.43031719199,3,,152098.0559999999,154240.97529708897,False,8.148601783744287,,
lamf-test-2b8cc9bb-59e9-4060-b39c-6d5f04292052,"{<resource_manager.instance.CloudReservedInstance object at 0x13918a2c0>: [(1, 152128.0559999999, None)], <resource_manager.instance.CloudOnDemandInstance object at 0x13918a780>: [(3, 152128.0559999999, None)]}",299.1358581203067,154238.62296228344,152128.0559999999,26545.310434832987,2,,152128.0559999999,154254.02296228346,False,11.171570463441615,,
lamf-test-0b735a3d-c6da-43cd-8bcd-eb44b37e0f0a,"{<resource_manager.instance.CloudOnDemandInstance object at 0x13918a780>: [(4, 152158.0559999999, None)]}",342.8375802682962,154287.78619940646,152158.0559999999,26503.26064830899,1,,152558.5919999999,154303.18619940648,False,22.676484730208806,,
lamf-test-1f0a5d71-9d06-4c04-96bf-7cfa55982510,"{<resource_manager.instance.OnPremInstance object at 0x139143e00>: [(2, 152588.5919999999, None)]}",312.0850513441156,154373.03765901254,152588.5919999999,26507.89960344199,2,,152588.5919999999,154388.43765901256,False,4.892825996147816,,
lamf-test-5ba9c014-6195-45d7-abea-81512079841f,"{<resource_manager.instance.OnPremInstance object at 0x139143e00>: [(5, 152618.5919999999, None)]}",301.93265828529036,154474.02138205146,152618.5919999999,26550.756597192987,3,,152618.5919999999,154489.42138205149,False,14.227921378443968,,
lamf-test-20be8e85-7cad-4afc-88e8-0e3edb5fe2c5,"{<resource_manager.instance.OnPremInstance object at 0x139143e00>: [(3, 152648.5919999999, None)]}",295.20685518392753,154535.99496120552,152648.5919999999,26556.094587873988,1,,152648.5919999999,154551.39496120554,False,15.194639206524746,,
lamf-test-08634fb2-ded7-4587-9003-1ad5dae4cfd2,"{<resource_manager.instance.OnPremInstance object at 0x139143e00>: [(3, 152678.5919999999, None)]}",310.64872288923095,154538.91312300958,152678.5919999999,27140.940813144985,3,,152678.5919999999,154554.3131230096,False,8.559074255120768,,
lamf-test-1dd5cfe3-7849-452f-a318-28b2a5efd4c8,"{<resource_manager.instance.OnPremInstance object at 0x139143e00>: [(6, 152708.5919999999, None)]}",310.0959093491745,154602.0903309888,152708.5919999999,26557.094587873988,1,,152708.5919999999,154617.49033098883,False,30.05110308880611,,
lamf-test-b791b0f5-42f3-4531-8b1f-ce78516f8ce4,"{<resource_manager.instance.OnPremInstance object at 0x139143e00>: [(6, 152738.5919999999, None)]}",288.9682550881497,154656.8217689129,152738.5919999999,27128.321166104986,3,,152738.5919999999,154672.22176891292,False,17.646632616135335,,
lamf-test-99a8d2c5-cce0-4ff2-9978-994ca454d47c,"{<resource_manager.instance.OnPremInstance object at 0x139143e00>: [(6, 152768.5919999999, None)]}",285.4522970138994,154749.3618150474,152768.5919999999,27117.412602431985,1,,152768.5919999999,154764.76181504742,False,31.424986821418987,,
lamf-test-046c91ff-d93d-41be-8b0f-0dffe54bb883,"{<resource_manager.instance.CloudReservedInstance object at 0x13918a2c0>: [(3, 152798.5919999999, None)]}",323.54597562068136,154961.51710850344,152798.5919999999,27138.578545008986,1,,152798.5919999999,154976.91710850346,False,17.394793246092878,,
lamf-test-d4c89c20-f07a-465b-9f1e-1768a0a2cb23,"{<resource_manager.instance.CloudOnDemandInstance object at 0x13918a780>: [(2, 152828.5919999999, None)], <resource_manager.instance.CloudOnDemandInstance object at 0x1393496d0>: [(4, 152828.5919999999, None)]}",339.10870115855664,154971.91368042774,152828.5919999999,27149.137321878985,3,,153229.12799999988,154987.31368042776,False,13.133906337685739,,
lamf-test-81133641-6f19-4f6d-8a8d-ba18329ce46e,"{<resource_manager.instance.OnPremInstance object at 0x139143e00>: [(4, 153259.12799999988, None)]}",323.355428277159,155038.60299032426,153259.12799999988,27116.412602431985,2,,153259.12799999988,155054.00299032428,False,6.537224062498571,,
lamf-test-f8ca1580-1486-4a42-a770-8472d8f3e8bf,"{<resource_manager.instance.OnPremInstance object at 0x139143e00>: [(3, 153289.12799999988, None)]}",295.2963611823595,155040.170322989,153289.12799999988,27135.157686659986,1,,153289.12799999988,155055.57032298902,False,14.105745221222884,,
lamf-test-ee0dce40-638f-4c76-99f2-8cba14b9d265,"{<resource_manager.instance.OnPremInstance object at 0x139143e00>: [(3, 153319.12799999988, None)]}",321.17308588746675,157430.69061027557,153319.12799999988,29516.10664577799,1,,153319.12799999988,157446.0906102756,False,32.95543950710703,,
lamf-test-2035c917-29e7-4cfb-863c-48ca06202031,"{<resource_manager.instance.OnPremInstance object at 0x139143e00>: [(5, 153349.12799999988, None), (5, 160039.12799999988, None), (7, 161209.12799999988, None)]}",306.5999723469549,163896.5762681963,153349.12799999988,36133.11115035999,1,118.80675336527491,153349.12799999988,162517.8315416931,True,177.2301299698775,204.56674263056058,27.336612660683084
