,instances,budget,deadline,sched_start_time,submit_time,software_id,current_license_cost,exec_start_time,finish_time,complete,license_cost,cost,hardware_cost
lamf-test-ce4837ee-c9b5-4728-816b-793fbe63012e,"{<resource_manager.instance.OnPremInstance object at 0x11c543e00>: [(5, 30, 390), (2, 390, None), (6, 3840, None), (7, 4650, None), (10, 5280, None)]}",64.81020493737797,14109.368596154949,30,1.0,1,65.35706137348848,30,5760.1461313637155,True,96.8336729207942,111.69228269282227,14.858609772028075
lamf-test-fdbe52b3-5ac4-4817-bbd7-3ee39ada2008,"{<resource_manager.instance.OnPremInstance object at 0x11c543e00>: [(3, 60, 3540), (1, 3540, None)]}",309.54978900857253,127496.5699430801,60,11.332273999,1,27.78918548939083,60,69322.742,True,212.89538778614343,243.81133194134344,30.9159441552
lamf-test-312a25ed-966e-4a84-89af-21712bfc7175,"{<resource_manager.instance.OnPremInstance object at 0x11c543e00>: [(4, 1260, 5730), (1, 5730, None)]}",330.5774711754339,128587.47448312181,1260,1229.519421079,1,47.25302304357746,1260,22091.878,True,93.29374750931629,107.18225322611629,13.888505716800001
lamf-test-6d60a076-8aec-42f5-ae5c-3923b3793c72,"{<resource_manager.instance.OnPremInstance object at 0x11c543e00>: [(5, 1290, 6750), (2, 6750, None)]}",295.26855467250385,128868.86149050319,1290,1249.19275453,1,71.83664156970111,1290,26816.858999999997,True,180.1906600501939,207.5417760709939,27.3511160208
lamf-test-c2212f64-c788-46d9-9572-57170e08d2ac,"{<resource_manager.instance.OnPremInstance object at 0x11c543e00>: [(4, 6630, None), (6, 7890, None)]}",57.825321252479114,20781.402279438043,6630,6618.659009065,3,7.665982203969882,6630,8183.834999999999,True,12.135295459730763,15.37131421973076,3.2360187599999963
lamf-test-c947c209-c0e1-414b-aa78-1430406df6ae,"{<resource_manager.instance.OnPremInstance object at 0x11c543e00>: [(2, 6660, None), (7, 9750, None)]}",91.00759406898061,37687.36459253764,6660,6642.548093284,3,9.399954369153546,6660,12507.051999999998,True,47.14193931097419,59.71288993177418,12.57095062079999
lamf-test-1b5247ff-56d3-4066-aafc-ee4137f1169c,"{<resource_manager.instance.OnPremInstance object at 0x11c543e00>: [(3, 6690, 7650), (2, 7650, None)]}",98.97570184637311,38003.771509146754,6690,6646.958015926,3,4.380561259411362,6690,23351.699999999993,True,52.14601870864702,66.05136574864702,13.905347039999993
lamf-test-f42e0220-9054-4dba-814a-9d6b93e25e15,"{<resource_manager.instance.OnPremInstance object at 0x11c543e00>: [(2, 6720, None)]}",293.5168981771201,134396.02614529722,6720,6609.182354638,3,,6720,33154.367999999995,True,80.41483915126624,101.85839847286623,21.443559321599995
lamf-test-0aa73555-99c3-40be-a09f-6bf3df006265,"{<resource_manager.instance.OnPremInstance object at 0x11c543e00>: [(6, 6750, None)]}",310.4901833144852,134484.23516956498,6750,6632.817114583,3,,6750,22635.188000000002,True,144.97091489847136,183.62910841527136,38.658193516800004
lamf-test-761a035c-9b31-431d-b128-35fe1a248496,"{<resource_manager.instance.OnPremInstance object at 0x11c543e00>: [(4, 6780, None)]}",281.9460745575701,134598.7843029886,6780,6637.509871795,1,258.69488843258046,6780,33169.424999999996,True,278.9664670317134,321.7806701517134,42.814203119999995
lamf-test-a35e3102-219f-4336-95ce-4d87e6b5e69c,"{<resource_manager.instance.OnPremInstance object at 0x11c543e00>: [(6, 7230, 8520), (1, 8520, None), (5, 10050, None)]}",88.24903114605627,38418.33992730273,7230,7209.917151754,3,14.09993155373032,7230,12668.626,True,37.99795573807894,48.130555971678945,10.132600233600002
lamf-test-8d2ae00d-f906-47ac-81a5-138a54772bef,"{<resource_manager.instance.OnPremInstance object at 0x11c543e00>: [(2, 7260, None)]}",310.3508838593914,135024.12383941346,7260,7215.5879052519995,3,6.114533424595026,7260,37168.530999999995,True,90.98343904479425,115.24523939199425,24.261800347199994
lamf-test-b41bc5e6-51fb-4710-b8ea-caebbe600cb8,"{<resource_manager.instance.OnPremInstance object at 0x11c543e00>: [(6, 7290, 9300), (2, 9300, None)]}",308.5846884800438,135330.00400785313,7290,7229.790251721999,2,8.686918223226783,7290,14773.935,True,23.567644987273614,32.899637059273616,9.331992072
lamf-test-cbef53e7-aa65-412f-b9a4-02aefd0bda1b,"{<resource_manager.instance.OnPremInstance object at 0x11c543e00>: [(2, 7830, None)]}",89.7921856815224,39064.091491632265,7830,7815.362463846999,1,,7830,19860.115999999998,True,64.95841782645067,74.71724792565067,9.758830099199999
lamf-test-1faee22d-4d95-436a-a021-6148365dd51b,"{<resource_manager.instance.OnPremInstance object at 0x11c543e00>: [(2, 7860, None)]}",300.8642397517245,135247.95350982412,7860,7832.517152922999,3,,7860,42497.921,True,105.37051030496615,133.46879182016613,28.0982815152
lamf-test-decf70b3-3bab-4cf4-b55a-9508b27560e7,"{<resource_manager.instance.OnPremInstance object at 0x11c543e00>: [(3, 7890, None)]}",317.6420201174764,135394.01844119164,7890,7824.954284799999,2,,7890,31641.023000000005,True,76.61562307231429,105.5158678587143,28.90024478640001
lamf-test-585c2356-1279-476b-b41a-cbdb8ebd0ee3,"{<resource_manager.instance.OnPremInstance object at 0x11c543e00>: [(4, 7920, None)]}",290.6639501784463,135413.8859031909,7920,7840.000174809999,2,,7920,21436.760999999995,True,49.23022256846524,71.15981561486522,21.92959304639999
lamf-test-8a5bf643-d5be-430a-ac2f-d8a1f25fa6d3,"{<resource_manager.instance.OnPremInstance object at 0x11c543e00>: [(3, 7950, 9960), (1, 9960, None)]}",322.3613792231315,135515.86331575733,7950,7808.704451946999,2,6.483821870550658,7950,39914.176,True,67.26193669825952,81.85711848385952,14.595181785600001
lamf-test-17aa2292-304e-4763-ab73-533f31d66f3d,"{<resource_manager.instance.OnPremInstance object at 0x11c543e00>: [(5, 8400, 9690), (2, 9690, None)]}",100.9864715008785,39567.188320347486,8400,8397.455830399,2,5.162319741998986,8400,14336.408,True,17.793439381213062,24.178725550813063,6.3852861696
lamf-test-17be3ad6-6cd4-4c64-93c6-3fc4d170d157,"{<resource_manager.instance.OnPremInstance object at 0x11c543e00>: [(2, 8430, None)]}",64.77903730143166,22386.064001283346,8430,8411.691981868,2,4.648583289081818,8430,18109.527000000002,True,26.313501437670336,34.16553374007034,7.852032302400001
lamf-test-3e8d9edc-8d07-4ff0-a6aa-1b9473f39dae,"{<resource_manager.instance.OnPremInstance object at 0x11c543e00>: [(5, 8460, 9390), (1, 9390, None)]}",46.55013787044631,22616.447007535382,8460,8429.569147856,1,14.261921058635638,8460,18760.518,True,38.60363267168606,44.290354772486054,5.6867221008
lamf-test-7b6d3b7a-f2bc-4206-bf5c-c8e1aaff27be,"{<resource_manager.instance.OnPremInstance object at 0x11c543e00>: [(3, 8490, None)]}",57.77199384513077,22631.941641668465,8490,8455.099432964,2,,8490,10206.369000000002,True,5.536632268723969,7.6251100679239725,2.088477799200003
lamf-test-8daeea4f-cbbf-4fb6-b9f3-5857c1ab865e,"{<resource_manager.instance.OnPremInstance object at 0x11c543e00>: [(4, 8520, 9120), (2, 9120, None)]}",56.56222725445129,22655.35031817642,8520,8434.961215793,1,6.342687656856034,8520,12892.168,True,26.71107521484523,30.744497896445232,4.033422681599999
lamf-test-ee649544-0852-4484-9313-a2ec39aaf5e5,"{<resource_manager.instance.OnPremInstance object at 0x11c543e00>: [(4, 8550, None)]}",94.51083597672981,39458.1343615799,8550,8427.781780445,1,,8550,14426.974000000002,True,62.126350749106415,71.66115336670642,9.534802617600002
lamf-test-410c24b3-e037-404b-8fa3-3b9be7b4adaa,"{<resource_manager.instance.OnPremInstance object at 0x11c543e00>: [(5, 8580, 10020), (1, 10020, None)]}",105.56808496111117,39570.33488108328,8580,8413.678055959,3,10.951403148528405,8580,11613.282,True,13.374830025096964,16.941385204296964,3.5665551791999994
lamf-test-665b3cd3-6953-4941-a220-b425974f248a,"{<resource_manager.instance.OnPremInstance object at 0x11c543e00>: [(3, 8610, None)]}",295.24467469152273,136021.6736382843,8610,8447.737689755,3,,8610,23439.561,True,67.66854209445586,85.71315191925586,18.044609824800002
lamf-test-dbfc6e86-f385-4c1b-a2d1-36902c12232e,"{<resource_manager.instance.OnPremInstance object at 0x11c543e00>: [(2, 8640, None)]}",332.81097832014945,136226.88537264202,8640,8426.781780445,3,,8640,54890.428,True,140.69641189444062,178.2147590880406,37.5183471936
lamf-test-905b51bb-7f4b-480b-babc-216c95cb3e5c,"{<resource_manager.instance.OnPremInstance object at 0x11c543e00>: [(4, 9030, None)]}",76.07511246679637,23156.392039972154,9030,9019.480657142,3,7.848505589778689,9030,11608.969000000001,True,15.690738459198423,19.874857764798424,4.184119305600001
lamf-test-794e981d-7b48-479b-88a9-08c76168b3f4,"{<resource_manager.instance.OnPremInstance object at 0x11c543e00>: [(2, 9060, None)]}",55.43753343799916,23213.722420086877,9060,9035.982403459999,3,,9060,13278.055,True,12.831561335462773,16.253247551462774,3.4216862160000003
lamf-test-d89dd74a-ca32-43e3-9fdb-057b16e15c3a,"{<resource_manager.instance.OnPremInstance object at 0x11c543e00>: [(2, 9090, None), (6, 10260, None)]}",52.589033620058174,23244.88703802401,9090,9036.982403459999,1,6.317590691307323,9090,12573.723000000002,True,55.23499840292041,63.69167079332042,8.456672390400007
lamf-test-9d73df9e-a4e9-43ed-b3cd-731892da568c,"{<resource_manager.instance.OnPremInstance object at 0x11c543e00>: [(6, 9120, None)]}",116.24356079750007,40157.69792293884,9120,9041.847144119998,3,,9120,12139.289365149953,True,27.5545458831846,34.90228848221352,7.347742599028925
lamf-test-d53de693-fd3a-47ec-b96e-28dcf292d471,"{<resource_manager.instance.OnPremInstance object at 0x11c543e00>: [(4, 9150, None)]}",82.04480128359563,40188.47592564421,9150,9025.659661918999,2,,9150,17814.185999999998,True,31.556362145826252,45.613137512226245,14.056775366399997
lamf-test-700b88cb-1fe1-443f-85f3-4e83586778d7,"{<resource_manager.instance.OnPremInstance object at 0x11c543e00>: [(2, 9180, None)]}",323.88597973304996,136320.6097630747,9180,9042.847144119998,1,,9180,40838.967,True,170.94734633812456,196.62910036852455,25.681754030399997
lamf-test-e86f1528-c4b7-428d-9220-137c2eee5f81,"{<resource_manager.instance.OnPremInstance object at 0x11c543e00>: [(5, 9210, None)]}",291.443531643958,136945.69681331105,9210,9006.668320604,2,69.86784384137319,9210,32312.549221242898,True,92.45174103513605,139.30371085581663,46.851969820680594
lamf-test-cacf2328-5a7f-4177-ad3a-d6767db7f233,"{<resource_manager.instance.OnPremInstance object at 0x11c543e00>: [(5, 9240, None)]}",299.34289693362723,136975.41261884553,9240,9050.922158745998,2,,9240,23301.842999999997,True,56.272658703713354,84.79007630771335,28.51741760399999
lamf-test-d608e81f-e921-488f-9511-ac29f6be8717,"{<resource_manager.instance.OnPremInstance object at 0x11c543e00>: [(4, 9270, None)]}",290.8535591080783,137062.7395480575,9270,9028.594006849999,3,,9270,18206.862,True,54.372877024868814,68.87204193366881,14.499164908800001
lamf-test-50c28631-c9b3-47d9-9e36-b5f64438ea4d,"{<resource_manager.instance.OnPremInstance object at 0x11c543e00>: [(6, 9630, None)]}",57.792712238435485,23515.08589258333,9630,9624.345168225997,3,,9630,13220.606327692522,True,32.76848120184824,41.50658076092076,8.738099559072522
lamf-test-6718dd63-82fd-49d3-b154-c2385c7724e4,"{<resource_manager.instance.OnPremInstance object at 0x11c543e00>: [(4, 9660, None)]}",53.92864783453742,23749.894602418295,9660,9647.135460656997,1,,9660,13873.329000000002,True,44.539716404289315,51.37542137388932,6.835704969600003
lamf-test-f035cec5-13b9-4feb-9d16-93fce26c2cc2,"{<resource_manager.instance.OnPremInstance object at 0x11c543e00>: [(3, 9690, None)]}",59.50673849065216,23838.436732196787,9690,9631.427399927996,2,,9690,17191.554,True,24.19837805388894,33.32626896108894,9.127890907200001
lamf-test-01aed4d0-4ac3-4934-b29d-300b9eb1cf38,"{<resource_manager.instance.OnPremInstance object at 0x11c543e00>: [(6, 9720, None)]}",48.38806555130056,23992.016778856065,9720,9628.425548030997,3,,9720,10652.804,True,8.51292721879991,10.78299903319991,2.2700718144000005
lamf-test-0ae28a41-e363-4bde-bdce-50f826df3b42,"{<resource_manager.instance.OnPremInstance object at 0x11c543e00>: [(4, 9750, None)]}",87.69850691765791,40896.36070486423,9750,9618.568312434996,3,,9750,17657.442,True,48.1097695642254,60.9388034650254,12.829033900799999
lamf-test-561c40aa-4fd2-4142-aa20-b41c53e185e4,"{<resource_manager.instance.OnPremInstance object at 0x11c543e00>: [(2, 9780, None)]}",92.22367706149063,40932.86547049312,9780,9655.610276546997,2,,9780,18274.778,True,23.0927971083391,29.983761021939095,6.8909639135999985
lamf-test-f6a7b87b-3fe2-4927-871e-a0cac1bfa236,"{<resource_manager.instance.OnPremInstance object at 0x11c543e00>: [(3, 9810, None)]}",80.84812600328213,40933.53573469676,9810,9627.425548030997,3,,9810,18139.7,True,38.00912616929044,48.14470512929044,10.135578960000002
lamf-test-7dc86417-03bf-4f7d-b2cc-4f303d7c708b,"{<resource_manager.instance.OnPremInstance object at 0x11c543e00>: [(4, 9840, None)]}",122.20824587768153,40972.034050242415,9840,9633.376178684995,2,,9840,14649.762,True,17.51792857485211,25.321286443652113,7.803357868800001
lamf-test-76901c5b-cc70-4a21-8b6a-aa4aa3dedd24,"{<resource_manager.instance.OnPremInstance object at 0x11c543e00>: [(2, 9870, None)]}",295.82083300729096,136909.54606786967,9870,9605.786879601997,2,,9870,19517.071,True,26.225270783149604,34.050974778349605,7.8257039952
lamf-test-6ea3ccb6-5ec7-474a-bd76-4c0b7e74a8fd,"{<resource_manager.instance.OnPremInstance object at 0x11c543e00>: [(4, 9900, None)]}",318.43627200467716,137121.08733358516,9900,9625.345168225997,3,,9900,19547.071,True,58.693868735265035,74.34527672566503,15.6514079904
lamf-test-6e11c3c3-b9bf-4aa2-897f-6c03a891a9cd,"{<resource_manager.instance.OnPremInstance object at 0x11c543e00>: [(5, 9930, None)]}",323.10613238146993,137273.12202925346,9930,9638.528270108996,3,,9930,23888.387221242898,True,106.15550400215147,134.46311328683208,28.307609284680595
lamf-test-c5a6ffed-1196-4516-a2cc-67f21c8eb5f5,"{<resource_manager.instance.OnPremInstance object at 0x11c543e00>: [(2, 9960, None)]}",321.906162634098,137344.52757272733,9960,9645.176661869496,2,,9960,21092.698,True,30.263902856838936,39.294747474438935,9.0308446176
lamf-test-93fc33e5-0604-48d1-8efe-1dfc9145e379,"{<resource_manager.instance.CloudReservedInstance object at 0x11c744710>: [(5, 9990, None)]}",318.63019504491797,137368.745935109,9990,9653.514891866997,1,,9990,20876.56095519492,True,143.23332916942132,202.695725106696,59.46239593727465
lamf-test-9da27dae-e6dc-4f47-b706-a6e8a3713464,"{<resource_manager.instance.CloudReservedInstance object at 0x11c744710>: [(1, 10020, None)], <resource_manager.instance.CloudReservedInstance object at 0x11c741310>: [(5, 10020, None)]}",296.9549680882063,137387.94530969273,10020,9623.294088423996,3,,10020,32915.65273022569,True,121.88726831818374,185.27159333654055,63.38432501835679
lamf-test-c0570041-d32e-4e8b-8d2d-a250dfe399fc,"{<resource_manager.instance.CloudReservedInstance object at 0x11c741310>: [(1, 10050, None)], <resource_manager.instance.CloudReservedInstance object at 0x11c741090>: [(4, 10050, 26208.576)]}",309.1917473885502,137440.83551174807,10050,9608.855700729997,1,83.97363753897636,10050,137456.2355117481,False,253.18446651722275,,
lamf-test-ca7252f0-85f2-4005-896c-fb17b2f26952,"{<resource_manager.instance.CloudReservedInstance object at 0x11c741090>: [(2, 10080, None)], <resource_manager.instance.CloudReservedInstance object at 0x11c58e2c0>: [(4, 10080, 38022.864)]}",304.02222934164064,137613.42856760873,10080,9616.774454769997,1,349.9321828275915,10080,137628.82856760873,False,544.361652031989,,
lamf-test-0ee3ab93-6383-46f5-aeca-265dafdbd84c,"{<resource_manager.instance.CloudReservedInstance object at 0x11c58e2c0>: [(2, 10230, None)], <resource_manager.instance.CloudReservedInstance object at 0x11c74c6e0>: [(3, 10230, None)]}",39.66592451958817,24343.294753735237,10230,10214.390091253996,3,,10230,12953.73302963808,True,16.57149915362738,25.670946459042277,9.0994473054149
lamf-test-aa879c60-c521-40a2-972a-cf0714098824,"{<resource_manager.instance.CloudReservedInstance object at 0x11c74c6e0>: [(2, 10260, None)]}",56.99333448866139,24455.014190298913,10260,10237.640012563996,2,,10260,17732.69876785323,True,17.119515545940125,27.91607072573447,10.796555179794348
lamf-test-29b14cf4-c2e0-462e-a5b2-16a34ab23f1f,"{<resource_manager.instance.CloudReservedInstance object at 0x11c74c6e0>: [(1, 10290, None)], <resource_manager.instance.CloudReservedInstance object at 0x11c58e520>: [(1, 10290, None)]}",89.42960233211319,41293.800392657955,10290,10213.390091253996,3,,10290,27067.43599396761,True,29.77211244398136,60.21980328583378,30.447690841852417
lamf-test-92b10550-cff6-47f7-a077-4b4db1587046,"{<resource_manager.instance.CloudOnDemandInstance object at 0x11c58e780>: [(4, 10320, None)]}",81.64667311738593,41344.5246975617,10320,10212.390091253996,2,,10720.536,29292.29932599072,True,69.1001726267163,238.31790477509273,169.21773214837643
lamf-test-107c896d-ee0f-4ca2-89f1-19c67b8002a2,"{<resource_manager.instance.OnPremInstance object at 0x11c543e00>: [(2, 10750.536, None)]}",98.1671155759394,41453.25929430622,10750.536,10225.630012558995,3,,10750.536,13671.762000000002,True,8.88653433721196,11.256232868411963,2.369698531200002
lamf-test-0ab21652-7e84-40ef-afc1-d04cb7c18425,"{<resource_manager.instance.CloudOnDemandInstance object at 0x11c58e780>: [(2, 10780.536, None)]}",99.9394489602227,41488.41731906751,10780.536,10219.751000902996,3,,11181.072,20176.99893517913,True,28.58457049259755,70.4890365983224,41.90446610572485
lamf-test-48feb4fc-2742-45dc-808f-e652fe900563,"{<resource_manager.instance.CloudOnDemandInstance object at 0x11c58e780>: [(3, 11211.072, None)]}",41.254966979320166,24795.143620312847,11211.072,10830.212067090995,1,,11611.608,21133.526698693884,True,79.23475118737987,145.61001964882274,66.37526846144287
lamf-test-a5bf6748-f8d5-4a59-badc-d9816f45493a,"{<resource_manager.instance.OnPremInstance object at 0x11c543e00>: [(2, 11641.608, None)]}",54.40376906069801,24967.37428364656,11641.608,10810.984677549995,2,,11641.608,20626.157,True,24.424224761015648,31.712490909815646,7.288266148799999
lamf-test-d4b58a16-b6c8-4064-88b0-a3ec8e4212ba,"{<resource_manager.instance.OnPremInstance object at 0x11c543e00>: [(2, 11671.608, None)]}",56.907858453854786,25229.304490733928,11671.608,10854.855204597996,2,,11671.608,15775.95,True,11.157529610454182,14.486971840854181,3.3294422304
lamf-test-7a641bba-d417-49ff-88d9-3fe54ccc21c1,"{<resource_manager.instance.CloudOnDemandInstance object at 0x11c58e780>: [(3, 11701.608, None)], <resource_manager.instance.CloudOnDemandInstance object at 0x11c7416d0>: [(2, 11701.608, None)]}",72.4727596207448,25581.000847283747,11701.608,11424.054913006994,1,,12102.144,19266.642998995296,True,81.69708493857571,143.20838451540646,61.51129957683075
lamf-test-04f3f31f-b20f-4cb7-a3dd-c0c2f380b4cc,"{<resource_manager.instance.CloudOnDemandInstance object at 0x11c7416d0>: [(4, 12132.144, None)]}",63.69847192731158,26144.672360812554,12132.144,12045.877345590992,3,,12532.68,26160.072360812555,False,42.673749671648196,,
lamf-test-9bb4d80d-2aee-48e9-ac53-5a922312b6c8,"{<resource_manager.instance.OnPremInstance object at 0x11c543e00>: [(6, 12562.68, None)]}",62.348183689222225,26257.72108777222,12562.68,12061.086718882992,2,,12562.68,18091.301000000003,True,23.893869907569304,37.34832197316931,13.454452065600007
lamf-test-c89d3402-a23f-46ae-8720-cd373edbf82e,"{<resource_manager.instance.OnPremInstance object at 0x11c543e00>: [(3, 12592.68, None)]}",59.063695813800784,26292.789769751536,12592.68,12063.905386303994,3,,12592.68,16586.283000000003,True,18.22314852840521,23.082564658805214,4.859416130400004
lamf-test-15ce12ce-cdd4-4322-97b9-e92908eec275,"{<resource_manager.instance.OnPremInstance object at 0x11c543e00>: [(4, 12622.68, None)]}",62.79223748275714,26294.927145067573,12622.68,12024.909873895993,2,,12622.68,17854.7,True,19.055860282109123,27.544289530109126,8.488429248000001
lamf-test-d4113937-9912-4267-ad39-f41249bcbcef,"{<resource_manager.instance.OnPremInstance object at 0x11c543e00>: [(2, 12652.68, None)]}",44.164232744169574,26376.40548982557,12652.68,12054.767784400992,3,,12652.68,21400.351,True,26.6109088143585,33.707019529558494,7.096110715199998
lamf-test-87f7683b-4f57-45f2-93ec-cd6117faec52,"{<resource_manager.instance.OnPremInstance object at 0x11c543e00>: [(2, 12682.68, None)]}",62.86965238334432,26672.872712250297,12682.68,12609.398048864994,1,,12682.68,15089.027000000002,True,12.99343197201309,14.94546065841309,1.9520286864000012
lamf-test-067d037c-dcca-41c3-b8b9-a8b36009d0a4,"{<resource_manager.instance.OnPremInstance object at 0x11c543e00>: [(4, 12712.68, None)]}",61.80548621708826,26915.050657815264,12712.68,12625.936128846994,2,,12712.68,18849.678000000004,True,22.35193604756541,32.308601602765414,9.956665555200004
lamf-test-c8383b87-eaaf-4727-8a38-364a265a9c1b,"{<resource_manager.instance.OnPremInstance object at 0x11c543e00>: [(2, 12742.68, None)]}",87.74670802746411,41820.60607420329,12742.68,10805.459919270996,2,,12742.68,27248.71,True,39.43420388825703,51.20149542425703,11.767291535999998
lamf-test-bbc839c8-f836-4f9a-a8e0-6cb8342496f2,"{<resource_manager.instance.OnPremInstance object at 0x11c543e00>: [(3, 12772.68, None)]}",114.4912360012796,42065.02450662937,12772.68,10837.476327354996,3,,12772.68,23344.260000000002,True,48.239014373716635,61.10251291771664,12.863498544000002
lamf-test-a4d8ead1-b39f-46fe-9cfa-58d32f343ff0,"{<resource_manager.instance.OnPremInstance object at 0x11c543e00>: [(4, 12802.68, None)]}",84.41713409588449,42656.91279789916,12802.68,11459.020238980995,1,,12802.68,24103.528,True,119.462915202677,137.797410997877,18.334495795199995
lamf-test-05c2e1a5-42c3-4e97-863b-94fa07e33793,"{<resource_manager.instance.CloudOnDemandInstance object at 0x11c7416d0>: [(4, 12832.68, None)]}",91.04820322006628,42689.18358774678,12832.68,11415.731605497995,2,,13233.216,42704.583587746776,False,81.20586656787303,,
lamf-test-a7986f20-c88c-442a-a9bb-9d4e408bd120,"{<resource_manager.instance.OnPremInstance object at 0x11c543e00>: [(4, 13263.216, None)]}",50.00049139574834,27364.37339598484,13263.216,13259.182151948995,1,,13263.216,15896.989000000001,True,27.841999163434494,32.1150324786345,4.273033315200002
lamf-test-5f552717-b86e-4e0e-9794-6b12cd0fea27,"{<resource_manager.instance.OnPremInstance object at 0x11c543e00>: [(2, 13293.216, None)]}",43.981392744961866,27445.08954862447,13293.216,13208.107732170993,2,,13293.216,22285.465,True,24.445156978165315,31.739669366965316,7.294512388799999
lamf-test-60d40a4b-09c7-4a73-b379-b1d85406ff0e,"{<resource_manager.instance.OnPremInstance object at 0x11c543e00>: [(4, 13323.216, None)]}",57.165191884420324,27511.039248654495,13323.216,13212.854625697993,3,,13323.216,22070.887000000002,True,53.22181762871702,67.41403905911702,14.192221430400004
lamf-test-6fdb4590-cea7-4d20-bffa-249d0757fa2a,"{<resource_manager.instance.CloudReservedInstance object at 0x11c58e2c0>: [(2, 13353.216, None)], <resource_manager.instance.CloudReservedInstance object at 0x11c74c6e0>: [(3, 13353.216, None)], <resource_manager.instance.CloudOnDemandInstance object at 0x11c7416d0>: [(1, 13353.216, None)]}",88.08906902383775,43073.25640393965,13353.216,12025.909873895993,1,,13353.216,23203.727141155225,True,121.36153356659413,161.3703696175102,40.00883605091606
lamf-test-724d0d5f-301b-4490-8457-7773ef64d695,"{<resource_manager.instance.CloudOnDemandInstance object at 0x11c7416d0>: [(1, 13383.216, None)], <resource_manager.instance.CloudOnDemandInstance object at 0x11c7411d0>: [(4, 13383.216, None)]}",109.55462846539683,43129.714192757354,13383.216,12018.479041518993,2,,13783.752,43145.11419275735,False,113.25569968141969,,
lamf-test-98a6ab80-499b-4f3a-95f7-4dd7df820566,"{<resource_manager.instance.OnPremInstance object at 0x11c543e00>: [(2, 13813.752, None)]}",105.87093398460661,43180.09847270706,13813.752,12006.603839807995,1,,13813.752,22680.908000000003,True,47.87954034527342,55.07257729247342,7.193036947200002
lamf-test-78749043-3668-43d0-99ce-4ee040f7f664,"{<resource_manager.instance.CloudOnDemandInstance object at 0x11c7411d0>: [(2, 13843.752, None)]}",57.07835905715178,27937.294156291915,13843.752,13817.396868137994,2,,14244.288,20932.743973111395,True,12.121708092084079,24.7782525810377,12.656544488953623
lamf-test-d56ac58c-44ed-4cac-88e0-685510119191,"{<resource_manager.instance.OnPremInstance object at 0x11c543e00>: [(2, 14274.288, None)]}",70.70390367140996,27928.478862553842,14274.288,13866.480444825995,2,,14274.288,22376.959,True,22.0268660862736,28.5997528014736,6.572886715199998
lamf-test-093fc8c1-409b-4af5-91bd-f1586aa318b7,"{<resource_manager.instance.CloudOnDemandInstance object at 0x11c7411d0>: [(6, 14304.288, None)]}",48.98947611555658,28021.885474758164,14304.288,13867.480444825995,1,,14704.824,27835.935946222795,True,73.06616504538889,145.54356587607066,72.47740083068176
lamf-test-412a625e-1641-430d-83ff-ad06d8ff7ded,"{<resource_manager.instance.OnPremInstance object at 0x11c543e00>: [(5, 14734.824, None)]}",48.58977843534464,28151.184089195263,14734.824,13869.494952934994,1,,14734.824,16792.332000000002,True,27.07041478439427,31.243041008394272,4.172626224000003
lamf-test-225e7631-1dba-46ce-9a30-f911bc78acd8,"{<resource_manager.instance.OnPremInstance object at 0x11c543e00>: [(5, 14764.824, None)]}",48.6051907309817,28232.55895644039,14764.824,13834.167286671995,1,,14764.824,17662.58367464292,True,38.12551705173207,44.002173671907904,5.876656620175839
lamf-test-915cb3ce-20ce-43ae-8b31-7f523a6333eb,"{<resource_manager.instance.OnPremInstance object at 0x11c543e00>: [(2, 14794.824, None)]}",71.69092063889612,28474.085883663458,14794.824,14436.738568836992,3,,14794.824,22642.243,True,23.872291429006,30.238117721806,6.365826292799999
lamf-test-cf4eee4f-df46-4434-9c29-6bf0f44daf4d,"{<resource_manager.instance.CloudOnDemandInstance object at 0x11c58e3f0>: [(6, 14824.824, None)]}",53.667029478259835,28561.063970621308,14824.824,14461.081791020993,2,,15225.36,28576.46397062131,False,59.43252331345476,,
lamf-test-8f4c62d4-1881-4ae7-91f8-3b9d5e4e648b,"{<resource_manager.instance.CloudOnDemandInstance object at 0x11c58e3f0>: [(6, 15255.36, None)]}",53.33256697567134,28562.199192418706,15255.36,14434.144095344993,2,,15655.896,28577.599192418707,False,57.57671761930752,,
lamf-test-b31f9afe-254c-4126-a484-8628eb9333c1,"{<resource_manager.instance.CloudOnDemandInstance object at 0x11c74c440>: [(6, 15685.896, None)]}",58.325064065435534,28589.71826141548,15685.896,14411.945764643995,1,89.03738078941365,16086.432,26034.916032307585,True,109.40100269912193,215.06035762096946,105.65935492184751
lamf-test-2ec8c349-ada1-458e-a7a4-ab9b6322b2cf,"{<resource_manager.instance.OnPremInstance object at 0x11c543e00>: [(4, 16116.432, None)]}",57.00450481534605,28607.467442864137,16116.432,14451.283847376993,2,,16116.432,17129.266,True,3.688904704678057,5.332126586278055,1.6432218815999982
lamf-test-920c97be-abc7-45c8-bf90-73719c07896c,"{<resource_manager.instance.OnPremInstance object at 0x11c543e00>: [(3, 16146.432, None)]}",49.27955402462038,28640.744157621746,16146.432,14435.738568836992,2,,16146.432,20359.761000000002,True,13.591280954241464,18.718059681441467,5.126778727200002
lamf-test-65b278d1-c75b-4135-b5aa-f825706c680d,"{<resource_manager.instance.OnPremInstance object at 0x11c543e00>: [(4, 16176.432, None)]}",46.808209305960055,28651.312613286325,16176.432,14425.017245310994,1,,16176.432,23768.192,True,80.25360407635559,92.57047550035558,12.316871423999997
lamf-test-4fd50982-b738-4cdf-bdb5-50cd3dff6874,"{<resource_manager.instance.CloudOnDemandInstance object at 0x11c74c440>: [(2, 16206.432, None)]}",66.98837614575113,28700.420662409186,16206.432,14465.782354205994,2,,16606.968,28715.820662409187,False,28.6582773278099,,
lamf-test-eb592d2c-c121-4645-b005-4e7f00d8eb14,"{<resource_manager.instance.OnPremInstance object at 0x11c543e00>: [(5, 16816.968, None)]}",65.43723826831173,28776.91633231481,16816.968,14443.103264352992,1,,16816.968,20145.445000000003,True,43.79241927142751,50.542570627427516,6.750151356000004
lamf-test-9fd69545-924f-4ce5-9308-d2123ccec4dc,"{<resource_manager.instance.OnPremInstance object at 0x11c543e00>: [(3, 16846.968, None)]}",61.631240803228884,29151.94658920914,16846.968,15030.018567947995,1,,16846.968,18335.911,True,11.88980264658909,13.701548488989088,1.8117458423999993
lamf-test-bff6c6c8-6ce7-4a14-8d30-c8d69887c972,"{<resource_manager.instance.CloudOnDemandInstance object at 0x11c74c440>: [(4, 16876.968, None)]}",62.55972404682857,29658.43795641872,16876.968,15623.863803558992,2,,17277.504,29673.83795641872,False,39.27827529645769,,
lamf-test-f3f23406-4146-4e8a-b0d6-831939b9a4ea,"{<resource_manager.instance.OnPremInstance object at 0x11c543e00>: [(5, 17307.504, None)]}",57.3172776265575,29668.45060687024,17307.504,15635.122357449993,1,,17307.504,21804.945674642917,True,59.17236365603654,68.29317537221237,9.120811716175833
lamf-test-5a75690c-b8ed-48d0-b610-f947c287d86c,"{<resource_manager.instance.OnPremInstance object at 0x11c543e00>: [(5, 17727.504, None)]}",56.45454017440447,29820.775140329366,17727.504,15668.732484143991,3,,17727.504,22770.31376120133,True,38.35127965017362,48.57809784588992,10.226818195716296
lamf-test-b036c054-ee21-47f6-aca9-95247c096cfe,"{<resource_manager.instance.OnPremInstance object at 0x11c543e00>: [(6, 17787.504, None)]}",40.69689972228568,29894.792947178008,17787.504,15657.415631908993,3,,17787.504,20994.794,True,29.270271503536396,37.075532447536396,7.805260944000002
lamf-test-9673f22e-b964-4aa7-bb78-d1e21e110802,"{<resource_manager.instance.OnPremInstance object at 0x11c543e00>: [(3, 17907.504, None)]}",52.254300807909324,30403.61206865815,17907.504,16248.982224624991,1,,17907.504,25413.784000000003,True,59.940634268765706,69.0742757727657,9.133641504000003
lamf-test-5f1a507d-a26f-433c-85e6-51ac89f0d432,"{<resource_manager.instance.OnPremInstance object at 0x11c543e00>: [(4, 17967.504, None)]}",64.02975273459877,30527.436523726617,17967.504,16251.662143128991,3,,17967.504,24087.065999999995,True,37.23210586356373,47.16048325236372,9.92837738879999
lamf-test-43098e09-15cf-41fe-b455-41529b19decc,"{<resource_manager.instance.OnPremInstance object at 0x11c543e00>: [(4, 18147.504, None)]}",67.69762432994189,30925.45258833331,18147.504,16870.13516920899,1,,18147.504,21587.670000000002,True,36.36649737622634,41.947822694626346,5.581325318400002
lamf-test-ff8adf42-1018-4980-bdfd-c498e4f1b637,"{<resource_manager.instance.OnPremInstance object at 0x11c543e00>: [(2, 18177.504, None)]}",50.99968955238831,31523.496413785502,18177.504,17428.564189071985,1,,18177.504,28521.883,True,55.85602775876493,64.24738800356494,8.391360244800001
lamf-test-d1831f12-882c-4e14-bb62-b9776ced5649,"{<resource_manager.instance.OnPremInstance object at 0x11c543e00>: [(3, 18207.504, None)]}",62.263052342770514,31580.370892887855,18207.504,17450.858873805984,3,,18207.504,20265.012,True,9.38858316221765,11.892158896617648,2.503575734399998
lamf-test-0d7701be-3ce7-49c1-9391-e93bc28aface,"{<resource_manager.instance.CloudReservedInstance object at 0x11c74c6e0>: [(2, 18237.504, None)]}",74.93798997685712,31645.655260434694,18237.504,17468.220101502986,3,,18237.504,25810.145605438203,True,15.357602059346876,26.298554650883993,10.940952591537116
lamf-test-0fdcad07-bf2d-4d92-8354-0c4ee7d909cf,"{<resource_manager.instance.OnPremInstance object at 0x11c543e00>: [(6, 18327.504, None)]}",57.46774388158159,32150.37587728831,18327.504,18054.336316143486,1,,18327.504,22534.34021846168,True,66.22671664929405,76.46447327054238,10.23775662124834
lamf-test-a37f5b70-4c4f-44b3-a817-99539c326610,"{<resource_manager.instance.OnPremInstance object at 0x11c543e00>: [(4, 18447.504, None)]}",57.694188998700625,32151.08215444108,18447.504,18064.381453296486,3,,18447.504,22983.689,True,27.598661495170717,34.958168039170715,7.359506543999996
lamf-test-327a626d-9865-47f8-8ba0-52996ec1940c,"{<resource_manager.instance.OnPremInstance object at 0x11c543e00>: [(4, 18927.504, None)]}",74.39841740073138,32166.210516020492,18927.504,18026.899235259483,1,,18927.504,25324.480000000003,True,67.62336786067384,78.00182172307385,10.378453862400004
lamf-test-2809816c-7bfc-46e3-bb73-0ce9925ea853,"{<resource_manager.instance.OnPremInstance object at 0x11c543e00>: [(2, 18957.504, None)]}",50.90207279429441,32185.729354094925,18957.504,18021.946499223985,1,,18957.504,29524.583000000002,True,57.05852985017873,65.63054433497874,8.5720144848
lamf-test-457a1c73-20e1-45f7-a144-19901295fb3b,"{<resource_manager.instance.CloudOnDemandInstance object at 0x11c58e780>: [(3, 19347.504, None)], <resource_manager.instance.CloudOnDemandInstance object at 0x11c7416d0>: [(1, 19347.504, None)]}",49.05334152829353,32190.73659504992,19347.504,18028.899235259483,1,63.79831165868127,19748.04,32206.13659504992,False,122.23964365208303,,
lamf-test-73802176-7b43-45cb-be2f-758b39305344,"{<resource_manager.instance.OnPremInstance object at 0x11c543e00>: [(4, 19778.04, None)]}",57.80879755607951,32198.805418415366,19778.04,18041.535946044485,3,,19778.04,23999.069,True,25.681216822572047,32.52941427217205,6.848197449599998
lamf-test-ff97215d-d288-4a40-9a08-b29190e7eee1,"{<resource_manager.instance.OnPremInstance object at 0x11c543e00>: [(4, 19928.04, None)]}",50.90199713640601,33314.09035788241,19928.04,19261.825883801488,1,,19928.04,27311.155,True,78.04798729941439,90.02635307541439,11.978365775999997
lamf-test-e31740c1-403e-4c71-8a7f-0330adf6a272,"{<resource_manager.instance.OnPremInstance object at 0x11c543e00>: [(5, 20168.04, None)]}",51.6673689623557,33331.587454008935,20168.04,19252.678962308488,1,,20168.04,24616.495,True,58.52785116738913,67.54931790738912,9.021466739999996
lamf-test-4c84a4d8-5052-4c6f-afd2-7c5df767217c,"{<resource_manager.instance.OnPremInstance object at 0x11c543e00>: [(6, 20408.04, None)]}",71.28909006291121,33375.35366649336,20408.04,19277.823694078987,1,,20408.04,22828.17,True,38.09924024640653,43.98886861440653,5.889628367999994
lamf-test-0b722e5a-870b-4bb2-acf4-7c5f987aee07,"{<resource_manager.instance.CloudReservedInstance object at 0x11c744710>: [(4, 20888.04, None)]}",60.84882595404457,33400.86637417592,20888.04,19264.09559928849,3,,20888.04,29716.388264610352,True,53.71266721186615,92.28901778890753,38.57635057704139
lamf-test-86bee4c0-8211-4364-b2b2-315ff254f448,"{<resource_manager.instance.CloudReservedInstance object at 0x11c744710>: [(1, 20918.04, None)], <resource_manager.instance.CloudOnDemandInstance object at 0x11c58e780>: [(2, 20918.04, None)], <resource_manager.instance.CloudOnDemandInstance object at 0x11c7416d0>: [(1, 20918.04, None)]}",60.879551145103115,33421.692837251605,20918.04,19269.459538867988,1,,20918.04,33437.09283725161,False,121.8677285853073,,
lamf-test-20bd965c-e3af-463e-ad6b-f7ce4b078baa,"{<resource_manager.instance.OnPremInstance object at 0x11c543e00>: [(5, 21008.04, None)]}",49.20241958092055,33442.01494267688,21008.04,19246.563306904485,2,,21008.04,23520.4,True,10.053957850394244,15.149023930394245,5.0950660800000005
lamf-test-a8f2c75b-6fbc-476d-891d-92f88bfed8de,"{<resource_manager.instance.OnPremInstance object at 0x11c543e00>: [(6, 21128.04, None)]}",60.82789615796186,33526.13871288745,21128.04,19283.419879466986,2,,21128.04,22743.348,True,6.981118657375132,10.912132206175134,3.9310135488000024
lamf-test-e1378e61-db93-479c-b4b7-359d51f2c742,"{<resource_manager.instance.OnPremInstance object at 0x11c543e00>: [(6, 21488.04, None)]}",52.48076757861521,33543.713718926934,21488.04,19281.387646429986,1,,21488.04,23775.676,True,36.01343463381244,41.580625603412436,5.567190969599997
lamf-test-1fb51fa6-4d43-412b-9a86-c51ec772c644,"{<resource_manager.instance.CloudOnDemandInstance object at 0x11c58e780>: [(3, 21518.04, None)], <resource_manager.instance.CloudOnDemandInstance object at 0x11c7411d0>: [(2, 21518.04, None)]}",79.83864331738259,33664.13188859781,21518.04,19270.459538867988,3,52.78032397900981,21918.576,33679.531888597805,False,67.82589843312589,,
lamf-test-db07f320-f70e-4581-b141-d95e0791351c,"{<resource_manager.instance.OnPremInstance object at 0x11c543e00>: [(4, 21948.576, None)]}",67.5503798079176,33890.95239843361,21948.576,19841.846893953985,2,,21948.576,25370.640000000003,True,12.463708751196576,18.015665384796577,5.551956633600003
lamf-test-76f31f64-e074-4b6a-9579-e22c37b55e69,"{<resource_manager.instance.OnPremInstance object at 0x11c543e00>: [(5, 21978.576, None)]}",57.885218243385175,34118.107263151745,21978.576,19872.781965411483,3,,21978.576,25631.039999999997,True,27.777503992699035,35.18470098469903,7.407196991999992
lamf-test-599db447-ffc5-4f67-bbdb-15246291d10d,"{<resource_manager.instance.OnPremInstance object at 0x11c543e00>: [(4, 22098.576, None)]}",58.09494942769889,34350.75076174931,22098.576,20448.667985548986,3,,22098.576,29385.130000000005,True,44.332216898623486,56.15392210822349,11.821705209600006
lamf-test-0edb2b7d-ea79-4551-a1d6-40e8f4f75204,"{<resource_manager.instance.OnPremInstance object at 0x11c543e00>: [(2, 22338.576, None)]}",49.09599477194767,34468.39353533521,22338.576,20475.982593678986,3,,22338.576,27238.909000000003,True,14.907089512510463,18.882239642110466,3.975150129600002
lamf-test-9c88980c-fc13-42ba-ae80-9214e850b23c,"{<resource_manager.instance.OnPremInstance object at 0x11c543e00>: [(3, 22398.576, None)]}",56.88278421553064,34497.056400545654,22398.576,20447.444464564986,2,,22398.576,25146.062,True,8.862790953150125,12.205931917950126,3.3431409648000012
lamf-test-227b9038-f251-4152-94eb-43a9fb1d09b6,"{<resource_manager.instance.OnPremInstance object at 0x11c543e00>: [(5, 22578.576, None), (3, 25458.576, None), (6, 25908.576, None)]}",66.25196628808428,34688.446265947925,22578.576,20459.814313511986,2,14.777590082523997,22578.576,26437.442552923178,True,20.885697387339597,31.189613221458565,10.303915834118966
lamf-test-01d3dab5-d631-4e94-b48f-123fd1e6d0ca,"{<resource_manager.instance.OnPremInstance object at 0x11c543e00>: [(3, 22698.576, None)]}",62.28353144846482,35145.93006237826,22698.576,21046.331152151983,1,,22698.576,25900.914000000004,True,25.571943874058892,29.468548752458897,3.8966048784000042
lamf-test-c7f36b6d-6d0e-497a-bed2-ab51e4200e00,"{<resource_manager.instance.OnPremInstance object at 0x11c543e00>: [(6, 22758.576, None), (6, 23658.576, None)]}",67.30455789142538,35187.56522809011,22758.576,21088.348989192982,2,3.8896648760716936,22758.576,23968.319887384674,True,6.5669980301562925,10.264823478834973,3.6978254486786817
lamf-test-d392fb46-3ada-4299-920d-04b5ae462e49,"{<resource_manager.instance.OnPremInstance object at 0x11c543e00>: [(4, 22878.576, None)]}",53.88118833696197,35198.26771834384,22878.576,21075.60629872898,2,7.3207440275532845,22878.576,26042.200999999997,True,11.522432250829967,16.65509745082996,5.132665199999994
lamf-test-404b381d-5a0f-4cbc-ae4f-02ebbbeb7a4d,"{<resource_manager.instance.OnPremInstance object at 0x11c543e00>: [(6, 22938.576, None), (4, 24168.576, None)]}",54.32250531179826,35254.72898522057,22938.576,21041.635539039984,1,49.361168149669176,22938.576,25545.594665538505,True,55.59802709531694,64.17654280274111,8.578515707424174
lamf-test-cbaeac35-da39-4580-bb48-6f69d435e1ef,"{<resource_manager.instance.OnPremInstance object at 0x11c543e00>: [(6, 22998.576, None), (5, 25428.576, None)]}",59.97502759856391,35339.483905496585,22998.576,21064.632965564982,2,12.499770712252811,22998.576,26452.38190126092,True,19.02389522238992,29.50535563145564,10.481460409065718
lamf-test-6ebb2b55-7f25-4fcc-998e-d62668ae8460,"{<resource_manager.instance.OnPremInstance object at 0x11c543e00>: [(6, 23058.576, None), (6, 24618.576, None), (7, 25698.576, None)]}",60.69367071554156,35393.291603738966,23058.576,21059.336524119983,2,19.258730784707232,23058.576,26426.846546728193,True,25.731264066402996,40.396600207709135,14.66533614130614
lamf-test-8ac2f925-7afc-41fe-bb28-31766fc5fb67,"{<resource_manager.instance.CloudReservedInstance object at 0x11c58e2c0>: [(2, 23238.576, None)]}",78.91788247204538,35720.31556947356,23238.576,21673.723309782978,1,,23238.576,29156.367588870296,True,31.954004320464747,38.899124529162926,6.945120208698178
lamf-test-e68a5a0e-948d-450e-bd18-14ba76978e62,"{<resource_manager.instance.CloudReservedInstance object at 0x11c74c6e0>: [(2, 23268.576, None)]}",61.643354936762066,35814.016235615716,23268.576,21690.108498844977,2,,23268.576,35829.41623561571,False,28.77614987088113,,
lamf-test-aba1aa4f-f6ce-4af2-b868-ea5768a9b8b8,"{<resource_manager.instance.OnPremInstance object at 0x11c543e00>: [(5, 23358.576, None), (3, 25038.576, None)]}",55.6474329845016,36407.500846805524,23358.576,22267.536396323976,3,18.9824321241159,23358.576,25771.288,True,21.692442010799294,27.476985908399293,5.784543897599998
lamf-test-b86de886-591a-45ec-903b-6a80c96225dd,"{<resource_manager.instance.OnPremInstance object at 0x11c543e00>: [(6, 23478.576, None)]}",41.149547064693905,36879.7760005368,23478.576,22896.08295555247,3,,23478.576,26124.774999999998,True,24.1496600501939,30.589449936593894,6.439789886399993
lamf-test-03badbdc-4aa8-4cd2-98f8-bfe0e4080cef,"{<resource_manager.instance.CloudReservedInstance object at 0x11c74c6e0>: [(1, 23508.576, None)], <resource_manager.instance.CloudOnDemandInstance object at 0x11c7416d0>: [(1, 23508.576, None)]}",46.039696363479905,36892.164000211815,23508.576,22867.94314759197,2,,23508.576,36686.34515985673,True,42.4901989668277,61.50835541833293,19.018156451505234
lamf-test-3943f80b-7a33-4e35-a8a4-f3b6aa99c52d,"{<resource_manager.instance.OnPremInstance object at 0x11c543e00>: [(3, 23538.576, None)]}",31.751233670300554,36956.710905055326,23538.576,22865.12529744597,1,12.93634496919918,23538.576,27900.744,True,34.83364818617384,40.14153420857384,5.307886022399998
lamf-test-d11d15e3-c05e-424a-bab1-f5785ed94bc2,"{<resource_manager.instance.OnPremInstance object at 0x11c543e00>: [(4, 23598.576, None), (4, 27579.648, None)]}",65.13660288894543,36976.18876719881,23598.576,22844.658121637975,1,42.08449372575861,23598.576,27886.496887384674,True,48.57198256087452,56.0265370434603,7.4545544825857855
lamf-test-2ee801ff-df94-45c9-b634-a465808c37ee,"{<resource_manager.instance.OnPremInstance object at 0x11c543e00>: [(4, 23898.576, None)]}",44.045311418522864,36980.81395694848,23898.576,22881.75887540347,3,8.213552361396303,23898.576,28898.082,True,30.41755874971479,38.52875728411479,8.111198534399996
lamf-test-b19f4d76-0891-41df-b5fe-36ccd74b9a06,"{<resource_manager.instance.OnPremInstance object at 0x11c543e00>: [(3, 23958.576, None)]}",47.2527689810787,36987.244315439966,23958.576,22884.47367543347,3,,23958.576,36231.34999999999,True,56.00170659365726,70.93521799685725,14.93351140319999
lamf-test-55529a16-b241-4348-bd90-45ddc000d26d,"{<resource_manager.instance.OnPremInstance object at 0x11c543e00>: [(3, 23988.576, None)]}",53.211716625419925,37010.964024322355,23988.576,22895.08295555247,2,,23988.576,33430.950999999994,True,30.459043549721752,41.94852544972174,11.489481899999992
lamf-test-65e3ea29-e28c-4094-b1d4-e102c2738358,"{<resource_manager.instance.OnPremInstance object at 0x11c543e00>: [(3, 24018.576, None)]}",53.51848203740168,37018.285555148424,24018.576,22898.08295555247,1,,24018.576,28231.905000000002,True,33.645109514031496,38.7718882412315,5.126778727200002
lamf-test-2586faa0-8afe-4587-9352-3a45415e951c,"{<resource_manager.instance.OnPremInstance object at 0x11c543e00>: [(3, 24048.576, None)]}",52.1878736324701,37037.02060161921,24048.576,22853.350216091974,2,,24048.576,27157.326999999997,True,10.028153096465774,13.81088131326577,3.7827282167999963
lamf-test-81195703-aa5f-481d-abd3-346d6a96d7d8,"{<resource_manager.instance.OnPremInstance object at 0x11c543e00>: [(2, 24078.576, None)]}",57.90728747613712,37062.05831171429,24078.576,22859.092866014973,2,,24078.576,29659.435,True,15.171396424632672,19.69858924543267,4.5271928208
lamf-test-debb5ae3-8ca9-424a-a1fe-ae626817d5d4,"{<resource_manager.instance.OnPremInstance object at 0x11c543e00>: [(4, 24108.576, None), (4, 26178.576, None)]}",50.08229655297103,37081.429300904856,24108.576,22855.577151131973,3,12.594113620807665,24108.576,26996.97844030785,True,22.552619244752876,28.566539483063778,6.013920238310903
lamf-test-0b1411aa-7440-4517-bbd4-2bffa1461af4,"{<resource_manager.instance.OnPremInstance object at 0x11c543e00>: [(2, 24138.576, None)]}",54.09958144079154,37178.86730570222,24138.576,22874.41412089197,1,,24138.576,30285.025999999998,True,33.188679747509305,38.1746799875093,4.986000239999997
lamf-test-18cbb634-7aef-4481-9ee7-fe1e8a16d0ba,"{<resource_manager.instance.OnPremInstance object at 0x11c543e00>: [(5, 24198.576, None)]}",52.226498354671556,37568.19985013367,24198.576,23448.165431534468,3,,24198.576,25017.667,True,6.229302608563391,7.890419156563392,1.6611165480000005
lamf-test-5471ed7c-c241-4b43-b3db-c6a0ff681a3a,"{<resource_manager.instance.OnPremInstance object at 0x11c543e00>: [(2, 25038.576, None)]}",59.30424416492866,37663.675837896095,25038.576,23495.298748987465,2,,25038.576,34822.09,True,26.596186952571927,34.53257350937192,7.936386556799996
lamf-test-40afb271-d458-48d9-adbe-b89134d80114,"{<resource_manager.instance.OnPremInstance object at 0x11c543e00>: [(3, 25218.576, None)]}",57.83325208385016,37714.629049381816,25218.576,23484.593219547467,3,,25218.576,31355.574,True,28.00364134154688,35.471140507946885,7.4674991664
lamf-test-81297157-09b4-4bfd-81e5-a8bf0f0cf407,"{<resource_manager.instance.OnPremInstance object at 0x11c543e00>: [(6, 25578.576, 26088.576), (1, 26088.576, None)]}",69.1210403049402,37725.06725107921,25578.576,23487.22153616847,3,4.654346338124571,25578.576,37740.4672510792,False,22.37720168998281,,
lamf-test-9b9326a1-51bc-46fd-a2cb-1abf1c9c75f6,"{<resource_manager.instance.OnPremInstance object at 0x11c543e00>: [(5, 25608.576, None)]}",57.78982021342063,37758.776520209896,25608.576,23497.591682798466,1,,25608.576,29864.84676120133,True,55.999303497439335,64.63102060115563,8.631717103716294
lamf-test-b395ec81-f5cf-4d31-b896-54e96e62d931,"{<resource_manager.instance.OnPremInstance object at 0x11c543e00>: [(6, 25818.576, None)]}",60.66671241836613,38230.45396075012,25818.576,24101.938912153466,3,,25818.576,27534.945,True,15.66387405886378,19.840829657263775,4.1769555983999975
lamf-test-46c0ddc9-3e57-4092-abb9-12bad9e5fc70,"{<resource_manager.instance.CloudReservedInstance object at 0x11c74c6e0>: [(2, 26058.576, None), (1, 27669.648, None)], <resource_manager.instance.CloudOnDemandInstance object at 0x11c74c440>: [(1, 26058.576, None)]}",59.85312775121128,38240.58274936521,26058.576,24074.150960525465,1,9.06679808350445,26058.576,32231.9178792486,True,43.64784845223542,66.36743510187239,22.719586649636973
lamf-test-ac6005c9-5daa-4585-b9e3-32cefa81cdb6,"{<resource_manager.instance.OnPremInstance object at 0x11c543e00>: [(2, 26088.576, None)]}",56.43144675229202,38248.87356279533,26088.576,24099.938912153466,3,,26088.576,34398.547,True,25.279400714883252,32.02044919008325,6.741048475199998
lamf-test-af430514-5203-4847-a3dd-4d540698c45d,"{<resource_manager.instance.OnPremInstance object at 0x11c543e00>: [(2, 26118.576, None)]}",43.871600174569394,38254.05757494607,26118.576,24112.830928635467,3,,26118.576,34420.846999999994,True,25.255976880371108,31.9907791155711,6.734802235199995
lamf-test-7741d198-baa3-4b02-8577-d94aba790819,"{<resource_manager.instance.OnPremInstance object at 0x11c543e00>: [(2, 26148.576, None)]}",58.57374457030712,38273.02069743959,26148.576,24071.024199059466,2,,26148.576,32863.591,True,18.254565213411546,23.701785381411547,5.447220167999999
lamf-test-fce34ab6-8bce-4303-a50f-d59fbea8d614,"{<resource_manager.instance.OnPremInstance object at 0x11c543e00>: [(2, 26178.576, None)]}",47.41181351390231,38273.929847988285,26178.576,24089.837031158466,3,,26178.576,32219.013000000003,True,18.375350216746522,23.275352711146525,4.900002494400002
lamf-test-709c216f-6a83-488b-bc0b-72ed1c83abc3,"{<resource_manager.instance.CloudReservedInstance object at 0x11c741310>: [(1, 26208.576, None)], <resource_manager.instance.CloudReservedInstance object at 0x11c741090>: [(3, 26208.576, None)], <resource_manager.instance.CloudOnDemandInstance object at 0x11c7411d0>: [(1, 35382.864, None)]}",66.23572922815853,38717.772239856466,26208.576,24662.573373003466,1,39.769900068446276,26208.576,36160.204448442186,True,43.98697249389377,60.05417216596711,16.067199672073343
lamf-test-be2bbdb1-c4fd-4c6f-98ba-e30fc22c630e,"{<resource_manager.instance.CloudOnDemandInstance object at 0x11c7416d0>: [(4, 26238.576, None)]}",51.26544011550611,38746.605856510505,26238.576,24677.918217603466,1,,26639.112,38762.0058565105,False,67.6221400724196,,
lamf-test-2044ce9f-358f-4536-9714-09641c49ba86,"{<resource_manager.instance.OnPremInstance object at 0x11c543e00>: [(3, 26669.112, None)]}",48.79729657189927,38833.46201769037,26669.112,24690.407875706467,2,,26669.112,33038.261999999995,True,20.545489585481437,28.29547130548143,7.749981719999994
lamf-test-4efeb549-c3cf-448a-a777-1713f6f5a77e,"{<resource_manager.instance.OnPremInstance object at 0x11c543e00>: [(6, 26699.112, None), (3, 27519.648, None)]}",68.3929603445819,38859.617543535096,26699.112,24663.573373003466,2,5.584094008225632,26699.112,28577.21297912345,True,11.52834455809783,17.385736167490073,5.857391609392243
lamf-test-ead8fa92-dd65-4aea-b802-324a84d102bb,"{<resource_manager.instance.OnPremInstance object at 0x11c543e00>: [(4, 26729.112, None)]}",64.57300483587817,38872.596420396476,26729.112,24699.646922231466,1,52.88406114533424,26729.112,32657.329,True,62.66804798844019,72.2859872492402,9.6179392608
lamf-test-b87c5197-7932-482c-81b3-61882a5ae41e,"{<resource_manager.instance.OnPremInstance object at 0x11c543e00>: [(2, 26759.112, None)]}",46.96697712554091,38919.92153755056,26759.112,24702.537859922468,3,,26759.112,36080.07399999999,True,28.354892387253756,35.91605676165375,7.5611643743999934
lamf-test-c6c963f9-b511-4173-9da1-afb01f8ea9e8,"{<resource_manager.instance.OnPremInstance object at 0x11c543e00>: [(5, 26789.112, None)]}",55.16582208546895,38936.37662939783,26789.112,24684.213502990468,2,,26789.112,29869.65237016239,True,12.327701061173764,18.575036931863085,6.247335870689321
lamf-test-e53ad4a6-c56e-4dd1-b22c-a4f51924970e,"{<resource_manager.instance.OnPremInstance object at 0x11c543e00>: [(4, 26819.112, None)]}",55.354429897570796,38957.63153355976,26819.112,24725.30008705347,3,32.44462696783025,26819.112,32789.971,True,36.32738002889951,46.014501670499506,9.687121641599994
lamf-test-001a4b71-83f9-4df6-aec9-864db3283caa,"{<resource_manager.instance.OnPremInstance object at 0x11c543e00>: [(2, 26849.112, None)]}",48.99000092192328,39930.71917888512,26849.112,25919.781519748467,3,,26849.112,30514.001999999997,True,11.148802190280616,14.121760958280612,2.9729587679999967
lamf-test-d82e7cf7-6019-488e-8e11-17029d37b11e,"{<resource_manager.instance.OnPremInstance object at 0x11c543e00>: [(4, 26879.112, None), (4, 27729.648, None)]}",58.17814683116276,40471.590733031255,26879.112,26529.147155971474,1,8.99114031485284,26879.112,28402.171996615514,True,23.209839155761856,26.771954626379873,3.562115470618017
lamf-test-bd57b50e-03ca-4810-aec9-f7f4669d252f,"{<resource_manager.instance.OnPremInstance object at 0x11c543e00>: [(6, 26909.112, None), (6, 30741.792, None)]}",70.84381642365693,40498.938761059246,26909.112,26500.749343002473,3,34.97768651608487,26909.112,31268.90744030785,True,44.59877600379369,56.49156232286005,11.892786319066357
lamf-test-f7a44344-fc5e-4a49-a1d7-2ef5e757b2cc,"{<resource_manager.instance.OnPremInstance object at 0x11c543e00>: [(5, 26939.112, None)]}",58.088742770112894,40630.14497705008,26939.112,26482.83534466647,1,,26939.112,28895.333000000002,True,25.73779245570007,29.705008643700072,3.9672161880000023
lamf-test-6b1442b6-bf8d-43ee-9a7c-ebfe1af3d782,"{<resource_manager.instance.OnPremInstance object at 0x11c543e00>: [(6, 26969.112, 27699.648), (2, 27699.648, None)]}",47.933135757937364,40731.08280421998,26969.112,26524.354756680474,3,6.666995208761122,26969.112,34305.39199999999,True,26.7620412198646,33.898453162264595,7.136411942399993
lamf-test-6849d36d-a755-4e76-b818-c17b557c62c1,"{<resource_manager.instance.CloudOnDemandInstance object at 0x11c74c440>: [(3, 26999.112, None)]}",39.636907285102794,40742.64788352755,26999.112,26486.62999231947,2,,27399.648,38302.08892091221,True,30.72680095405261,88.42623753992525,57.69943658587265
lamf-test-bb0f8113-f05a-4407-a64f-cf580915278f,"{<resource_manager.instance.OnPremInstance object at 0x11c543e00>: [(3, 27429.648, None)]}",55.45396955229691,41138.63657371991,27429.648,27072.887258083472,1,,27429.648,37423.162000000004,True,79.80218799908741,91.96229583428742,12.160107835200005
lamf-test-9ae48453-c026-4d89-8443-e59c272cd1c1,"{<resource_manager.instance.OnPremInstance object at 0x11c543e00>: [(3, 27459.648, 27819.648), (1, 27819.648, None)]}",49.958054880775016,41276.28053362349,27459.648,27104.41747843947,3,1.6427104722792607,27459.648,33519.810999999994,True,10.312819225796627,13.062853338596625,2.750034112799997
lamf-test-ecaffeb0-92d2-4398-a844-9e4844c48df5,"{<resource_manager.instance.OnPremInstance object at 0x11c543e00>: [(3, 27489.648, None)]}",106.56838267415606,43200.76329382682,27489.648,12039.674738303993,1,,27489.648,32207.354000000003,True,37.67276066621038,43.41326532701038,5.740504660800003
lamf-test-198ba68c-5a75-4dd3-95a5-23cb4a91c31d,"{<resource_manager.instance.OnPremInstance object at 0x11c543e00>: [(5, 27519.648, None)]}",75.79076386942039,43227.005762458626,27519.648,12058.352428612992,2,,27519.648,31210.413849266366,True,14.769700315320472,22.25457345763266,7.484873142312187
lamf-test-38f0df60-c850-46c3-8ecc-b21d5524ac44,"{<resource_manager.instance.OnPremInstance object at 0x11c543e00>: [(6, 27549.648, None)]}",82.2505270696069,43309.498306322,27549.648,12037.468511387993,3,,27549.648,33783.511999999995,True,56.891298197581506,72.06202962798149,15.170731430399988
lamf-test-6ca33400-5b63-4867-9fb5-39d7d8646a8a,"{<resource_manager.instance.CloudReservedInstance object at 0x11c58e520>: [(1, 27849.648, None)], <resource_manager.instance.CloudOnDemandInstance object at 0x11c7411d0>: [(5, 27849.648, None)]}",105.93846150050236,43916.86933303092,27849.648,12656.419222344994,1,81.14956087915431,27849.648,43932.26933303091,False,97.44078126586021,,
lamf-test-55d518fc-620c-44fe-a18a-2336d48b9fc1,"{<resource_manager.instance.CloudOnDemandInstance object at 0x11c7411d0>: [(1, 27879.648, None)], <resource_manager.instance.CloudOnDemandInstance object at 0x11c74c440>: [(2, 27879.648, None)]}",83.99778340603386,43992.9075651809,27879.648,12627.635446488994,3,,28280.184,44109.51324237563,False,41.14347160082041,,
lamf-test-0ee69e3c-f7ac-4d00-b4dc-243374763ca6,"{<resource_manager.instance.OnPremInstance object at 0x11c543e00>: [(2, 28310.184, None)]}",95.71047451977611,44438.19023229911,28310.184,13209.107732170993,3,,28310.184,30536.576000000005,True,6.772810099627358,8.57885929002736,1.8060491904000027
lamf-test-6012bbf1-8566-4834-b341-39822809aef2,"{<resource_manager.instance.OnPremInstance object at 0x11c543e00>: [(5, 28340.184, None), (5, 31581.792, None)]}",93.62462651407313,44451.033977163715,28340.184,13244.827796644995,1,80.02917636322154,28340.184,35885.389993784906,True,155.89345880672118,179.92283329351275,24.029374486791568
lamf-test-92b1912c-cdf4-4496-9665-6c2a64a15900,"{<resource_manager.instance.OnPremInstance object at 0x11c543e00>: [(5, 28370.184, None)]}",99.7921660649438,44594.65225564157,28370.184,13250.652769564995,3,,28370.184,34024.458,True,43.00155144877936,54.46841912077935,11.466867671999994
lamf-test-bf2ee2bb-aeee-4553-ba75-b56c3562dc59,"{<resource_manager.instance.OnPremInstance object at 0x11c543e00>: [(2, 28400.184, None)]}",94.73625576454592,44624.431800365615,28400.184,13260.472869623994,1,,28400.184,41151.868,True,68.85463259563465,79.19879865643466,10.344166060800001
lamf-test-3231937d-3960-4134-90c2-f2e92cf6e932,"{<resource_manager.instance.OnPremInstance object at 0x11c543e00>: [(2, 28460.184, None)]}",109.51414052886817,44844.90737834138,28460.184,13862.367685461995,2,,28460.184,40889.412,True,33.788480454378835,43.87107020797883,10.082589753599995
lamf-test-5e0241b4-8be0-4af4-bde6-0b42fa40fc67,"{<resource_manager.instance.OnPremInstance object at 0x11c543e00>: [(2, 28490.184, None)]}",98.3173256377796,45069.734136985346,28490.184,13865.361945561996,3,,28490.184,31403.710000000003,True,8.86311050269983,11.22656279389983,2.363452291200001
lamf-test-5c0e0bc7-fda1-478e-8de8-178b5b80a83c,"{<resource_manager.instance.OnPremInstance object at 0x11c543e00>: [(4, 28520.184, None)]}",109.02475346006189,45078.913526737786,28520.184,13828.691067597994,2,,28520.184,35813.56,True,26.563651140646982,38.396424363046975,11.832773222399995
lamf-test-58d64335-ff0b-41b5-93cb-bcafe6abca1b,"{<resource_manager.instance.CloudOnDemandInstance object at 0x11c58e3f0>: [(6, 28640.184, None)]}",83.27713277836911,45099.31285161395,28640.184,13814.362340465994,2,36.01259191060564,29040.72,45114.71285161394,False,71.20044024883609,,
lamf-test-b18ea74a-e7ea-41d7-821c-d4f1a5e50746,"{<resource_manager.instance.OnPremInstance object at 0x11c543e00>: [(4, 29070.72, None), (4, 36642.864, None), (5, 37092.864, None)]}",93.66823018165961,45378.11407430204,29070.72,14460.081791020993,3,51.545480264658906,29070.72,38220.74480797928,True,73.84748118295023,93.53977753286338,19.692296349913143
lamf-test-4d1918b0-1458-45e2-b527-a49166860d07,"{<resource_manager.instance.OnPremInstance object at 0x11c543e00>: [(6, 29100.72, None)]}",99.90881249240506,45599.757497694976,29100.72,14464.688703041995,2,,29100.72,34275.32,True,22.36384429746731,34.956750857467306,12.592906559999998
lamf-test-50bd9009-28ec-4253-bcf7-ae2b62692323,"{<resource_manager.instance.OnPremInstance object at 0x11c543e00>: [(3, 29130.72, None)]}",96.71534015432012,45601.74699328063,29130.72,14422.757688699994,2,,29130.72,39794.356,True,34.398565331537974,47.37407761633797,12.975512284799999
lamf-test-4e05654b-8014-4960-848f-0c1b470c0ee8,"{<resource_manager.instance.OnPremInstance object at 0x11c543e00>: [(5, 29160.72, None)]}",119.66024806020059,45630.18374989055,29160.72,14428.788426951993,3,14.533972165183664,29160.72,32413.92883088789,True,24.74111210653197,31.338619615572604,6.597507509040637
lamf-test-e18205c9-e6f7-4d1b-94fe-6bdf96998c05,"{<resource_manager.instance.CloudReservedInstance object at 0x11c58e2c0>: [(2, 29190.72, None)], <resource_manager.instance.CloudOnDemandInstance object at 0x11c58e3f0>: [(4, 29190.72, None)]}",110.9772195614234,45694.29525766807,29190.72,14475.304822173994,1,192.9700205338809,29190.72,45709.69525766806,False,263.82118823562956,,
lamf-test-2f12deb2-00c6-45f2-bf9e-431fba73627e,"{<resource_manager.instance.CloudOnDemandInstance object at 0x11c58e780>: [(4, 29340.72, None)], <resource_manager.instance.CloudOnDemandInstance object at 0x11c58e3f0>: [(2, 29340.72, None)]}",93.49967154984164,45718.448704077244,29340.72,14432.144095344993,1,261.03129363449693,29741.256,45900.86259219594,False,264.47866334787034,,
lamf-test-d25e5772-26d6-4d1a-8442-10078b0905a7,"{<resource_manager.instance.OnPremInstance object at 0x11c543e00>: [(3, 29771.256, None), (3, 35802.864, None)]}",48.70139863364064,43528.95920020628,29771.256,29526.630710438476,2,19.456652669148415,29771.256,36402.25977476934,True,23.323692901551514,32.121643073430185,8.797950171878671
lamf-test-d81a676f-ccce-4b38-95bc-838588f989f1,"{<resource_manager.instance.OnPremInstance object at 0x11c543e00>: [(3, 29801.256, None), (3, 31551.792, None), (5, 32031.792, None), (8, 33242.328, None)]}",93.67827368323229,46103.84724011937,29801.256,15053.537851431993,1,56.904826830937715,29801.256,34054.53576870056,True,97.54918851661476,112.50749408772874,14.958305571113986
lamf-test-6f91592c-afdd-4bec-8b7a-080c324249f5,"{<resource_manager.instance.OnPremInstance object at 0x11c543e00>: [(5, 29831.256, None), (5, 34172.328, None), (8, 36132.864, None)]}",112.19170754417485,46167.605417272716,29831.256,15022.289971877994,3,62.83477070499657,29831.256,36913.85904772493,True,84.21724976659628,106.67476644302644,22.457516676430163
lamf-test-396956b2-43cb-496d-8f0c-0ee7a61c67dd,"{<resource_manager.instance.CloudReservedInstance object at 0x11c744710>: [(2, 29861.256, None)]}",82.48316532935924,47479.1491601676,29861.256,16259.461969582992,1,,29861.256,35763.152562303185,True,31.868176737662637,44.76264034698263,12.894463609319994
lamf-test-b2a69e4a-f75e-4751-ad43-b2adf397fd45,"{<resource_manager.instance.OnPremInstance object at 0x11c543e00>: [(5, 29891.256, None)]}",99.34731245959347,47537.35831827267,29891.256,16258.461969582992,1,30.1363394934976,29891.256,34084.2895477991,True,55.167298180032205,63.67077021496877,8.503472034936566
lamf-test-2b83bd20-9a87-454f-8bc9-f6503da1f9d0,"{<resource_manager.instance.CloudReservedInstance object at 0x11c744710>: [(2, 29921.256, None)], <resource_manager.instance.CloudOnDemandInstance object at 0x11c74c440>: [(1, 29921.256, None)]}",93.14423892083788,47914.75170375254,29921.256,16819.86216079699,2,,29921.256,47256.081503460875,True,76.76560567891977,144.1356715155701,67.37006583665034
lamf-test-f14e2551-1aeb-4008-9226-cf172ac76d45,"{<resource_manager.instance.OnPremInstance object at 0x11c543e00>: [(2, 29951.256, None)]}",113.07976716267329,48040.85532098393,29951.256,16848.32605635399,2,,29951.256,38188.899999999994,True,22.393786105149164,29.07616291794916,6.682376812799994
lamf-test-33fae0e0-9739-4c13-8834-0589e7587a07,"{<resource_manager.instance.OnPremInstance object at 0x11c543e00>: [(2, 29981.256, None)]}",87.86109604520695,48044.34388124857,29981.256,16820.86216079699,2,,29981.256,37059.63199999999,True,19.24235110376477,24.98432971496476,5.7419786111999915
lamf-test-fd51a7dd-bca8-4714-a851-595e00860b67,"{<resource_manager.instance.CloudOnDemandInstance object at 0x11c74c440>: [(3, 30011.256, None)]}",86.19568247701017,48103.35364999197,30011.256,16829.19507878699,3,,30411.792,48118.753649991966,False,55.08402966002574,,
lamf-test-a691c5b1-12d1-40f2-af64-e72afc904125,"{<resource_manager.instance.OnPremInstance object at 0x11c543e00>: [(5, 30561.792, None)]}",99.92248787916859,48628.65121644255,30561.792,17476.174114707985,3,,30561.792,34527.041999999994,True,30.156285649098734,38.19781264909872,8.041526999999984
lamf-test-df81467a-4b45-4bf0-9c71-c38863eca94a,"{<resource_manager.instance.OnPremInstance object at 0x11c543e00>: [(3, 31341.792, None), (3, 36072.864, None)]}",90.94794091988545,48670.64868924015,31341.792,17470.822671723985,2,15.26140701728848,31341.792,36434.82420954498,True,17.596616492827632,24.234251268376298,6.637634775548666
lamf-test-1bfc2de0-7e2f-450e-9736-96acfe81a2a7,"{<resource_manager.instance.OnPremInstance object at 0x11c543e00>: [(5, 31371.792, 31881.792), (2, 31881.792, None)]}",88.34113338193856,48691.61827113108,31371.792,17419.561790787986,1,6.710015970796258,31371.792,40281.648,True,52.06629979466119,59.91454298186119,7.8482431872
lamf-test-44149545-c52b-4763-ae20-c3268c37dc6f,"{<resource_manager.instance.OnPremInstance object at 0x11c543e00>: [(6, 31401.792, None), (6, 32912.328, None), (7, 34202.328, None)]}",109.24225266973586,49103.957183619495,31401.792,18027.899235259483,2,17.67868244834089,31401.792,35869.98795105238,True,39.7852473600811,62.591630416471176,22.80638305639007
lamf-test-32172143-1bae-4833-a5f0-e53bac6ac6d4,"{<resource_manager.instance.CloudOnDemandInstance object at 0x11c58e780>: [(3, 32241.792, None)], <resource_manager.instance.CloudOnDemandInstance object at 0x11c7416d0>: [(1, 32241.792, None)], <resource_manager.instance.CloudOnDemandInstance object at 0x11c74c440>: [(2, 32241.792, None)]}",101.07515126388836,49221.03909104782,32241.792,18037.632167744985,1,196.33308084264965,32642.328,49236.43909104782,False,224.02759366605483,,
lamf-test-3b06725f-04eb-4610-a2d8-34a69a9c127f,"{<resource_manager.instance.OnPremInstance object at 0x11c543e00>: [(5, 32672.328, None), (3, 33962.328, None)]}",123.85755114021583,49251.86026162406,32672.328,18040.430967819484,3,32.571736253707506,32672.328,37581.95220954499,True,53.85503639266847,68.21611302780003,14.361076635131568
lamf-test-bfb0cddb-1544-48a4-b06e-9eadc91468fd,"{<resource_manager.instance.OnPremInstance object at 0x11c543e00>: [(6, 32702.328, None)]}",95.51732021748852,49324.05058866822,32702.328,18044.467312509485,2,,32702.328,36208.56862863496,True,15.153445578063256,23.68623277190929,8.532787193846033
lamf-test-79eb9a19-2e44-423f-814a-791df0f7734e,"{<resource_manager.instance.OnPremInstance object at 0x11c543e00>: [(2, 32732.328, None)]}",110.61449386789155,49757.46492083011,32732.328,18661.926122203487,3,,32732.328,39181.192,True,19.617808198342082,24.849126675142085,5.231318476800001
lamf-test-7f97cbae-fe7b-4dba-87f8-0ca2882583a5,"{<resource_manager.instance.CloudReservedInstance object at 0x11c74c6e0>: [(3, 32762.328, None)], <resource_manager.instance.CloudOnDemandInstance object at 0x11c74c440>: [(1, 32762.328, None)]}",101.33638951109616,49778.52663527173,32762.328,18664.789550854486,2,33.04063897151314,32762.328,49793.926635271724,False,75.42279468898423,,
lamf-test-f542227f-df52-4f0c-ae96-9700636101a5,"{<resource_manager.instance.OnPremInstance object at 0x11c543e00>: [(6, 32822.328, 33332.328), (2, 33332.328, None)]}",98.85116440229747,49823.33495721976,32822.328,18642.845704068488,3,4.654346338124571,32822.328,46925.657999999996,True,46.006023271731664,58.27406856773166,12.268045295999997
lamf-test-9aa73522-f6c8-49a8-a56a-28cd17720766,"{<resource_manager.instance.CloudReservedInstance object at 0x11c744710>: [(1, 32942.328, None)], <resource_manager.instance.CloudReservedInstance object at 0x11c741310>: [(5, 32942.328, None)], <resource_manager.instance.CloudOnDemandInstance object at 0x11c74c440>: [(1, 38502.864, None)]}",99.02000673984057,49882.35699762459,32942.328,18644.61543700249,1,52.860825918320785,32942.328,41759.993215074,True,90.18235620486847,120.13551165864924,29.953155453780766
lamf-test-cf5ee26c-33df-418f-9253-bf22cfb1db3e,"{<resource_manager.instance.OnPremInstance object at 0x11c543e00>: [(3, 33482.328, None)]}",86.78911405093122,50332.100460505986,33482.328,19245.563306904485,3,,33482.328,36867.988000000005,True,15.449053159936131,19.568724247936135,4.119671088000005
lamf-test-6e9b564f-bd08-4a74-adb5-0f54b0e3a954,"{<resource_manager.instance.OnPremInstance object at 0x11c543e00>: [(2, 33512.328, None)]}",95.10170299612852,50424.130172242796,33512.328,19243.169102145486,2,,33512.328,48375.24800000001,True,40.4043985607953,52.461199264795304,12.056800704000004
lamf-test-6250b41b-6866-44ee-9930-467c8f1f7d45,"{<resource_manager.instance.CloudReservedInstance object at 0x11c744710>: [(1, 33722.328, None)], <resource_manager.instance.CloudOnDemandInstance object at 0x11c58e780>: [(5, 33722.328, None)]}",92.1601820634213,50496.733270518234,33722.328,19276.823694078987,3,147.24424366872006,33722.328,50512.13327051823,False,153.22660525227678,,
lamf-test-ea68f53d-4ebe-4fb8-83dd-aa5b6c6a2310,"{<resource_manager.instance.OnPremInstance object at 0x11c543e00>: [(4, 33842.328, None), (4, 38352.864, None)]}",110.2774483129196,50511.24812059585,33842.328,19272.935087663987,3,33.28335843029888,33842.328,39928.57494605998,True,46.616216546474796,59.046977030650226,12.430760484175432
lamf-test-0b008ed2-19e2-4099-a5b7-5ad49013ab38,"{<resource_manager.instance.OnPremInstance object at 0x11c543e00>: [(6, 34142.328, None)]}",98.70843455961634,50525.69995674795,34142.328,19251.675173015487,3,,34142.328,38802.412,True,42.52871549167232,53.86949591407231,11.34078042239999
lamf-test-3caf5282-95cc-4847-bdc6-12864fd51ff6,"{<resource_manager.instance.OnPremInstance object at 0x11c543e00>: [(2, 34172.328, None)]}",88.21646259362132,50837.182978515426,34172.328,19865.327107065485,1,,34172.328,40613.49199999999,True,34.780032245798104,40.0051044825981,5.225072236799992
lamf-test-dfcd1cfc-af92-4194-9a51-c980d70402e7,"{<resource_manager.instance.OnPremInstance object at 0x11c543e00>: [(5, 34202.328, None)]}",104.89919658381315,51007.8507070498,34202.328,19862.737125846485,2,11.92750374770441,34202.328,38930.03400000001,True,18.919325595478362,28.507113363478375,9.58778776800001
lamf-test-69f3610c-edfc-431a-ac62-c6c3e7603585,"{<resource_manager.instance.OnPremInstance object at 0x11c543e00>: [(5, 34322.328, None)]}",101.55343618416583,51066.73730647558,34322.328,19840.846893953985,1,,34322.328,41085.948000000004,True,88.9882318047,102.70485316470001,13.716621360000005
lamf-test-787e33de-2c34-4cf0-bd9d-1f6b1a5da962,"{<resource_manager.instance.OnPremInstance object at 0x11c543e00>: [(3, 34352.328, None)]}",98.72547788684845,51240.05262549197,34352.328,19845.948269343484,1,,34352.328,40321.358,True,47.665080994752444,54.928196698752444,7.263115703999999
lamf-test-70da499d-f492-45a5-857f-ba98849424d5,"{<resource_manager.instance.OnPremInstance object at 0x11c543e00>: [(4, 34382.328, None), (4, 40163.4, None)]}",105.64492540905647,51537.94009940661,34382.328,20443.823085342487,3,39.553255760894366,34382.328,41114.251892119966,True,46.74287495164608,59.207410383996944,12.464535432350862
lamf-test-b20c0974-09ea-4c80-b141-7811b8b20475,"{<resource_manager.instance.CloudOnDemandInstance object at 0x11c7416d0>: [(1, 34412.328, None)], <resource_manager.instance.CloudOnDemandInstance object at 0x11c7411d0>: [(1, 34412.328, None)]}",96.38631983638818,51558.28679686567,34412.328,20462.337235028986,1,,34812.864,51573.686796865666,False,44.80999711200252,,
lamf-test-48887eaf-7764-41b1-8a24-eb297e7a4537,"{<resource_manager.instance.OnPremInstance object at 0x11c543e00>: [(6, 34842.864, None), (6, 35982.864, None)]}",92.60848910013964,51583.07118109145,34842.864,20442.823085342487,1,17.946611909650926,34842.864,36799.77115560497,True,43.66716574800035,50.41752025576085,6.750354507760498
lamf-test-41153241-bf67-4ba2-bd57-821911347a85,"{<resource_manager.instance.OnPremInstance object at 0x11c543e00>: [(3, 34872.864, None)]}",99.23133172494114,51592.90413316227,34872.864,20444.823085342487,3,11.909650924024639,34872.864,45406.822,True,48.06734200319415,60.885062097594144,12.817720094399998
lamf-test-1bd3ea85-4b86-41d6-88ae-4d09629a5e9f,"{<resource_manager.instance.OnPremInstance object at 0x11c543e00>: [(5, 36012.864, None), (5, 37002.864, None)]}",91.30297666017438,51599.38105413273,36012.864,20457.662724196987,2,3.961780267115501,36012.864,38279.22810166495,True,14.177283522935294,21.361936319288326,7.184652796353032
lamf-test-af303474-9c6d-4cd6-af46-9ee1b2d1d0c4,"{<resource_manager.instance.OnPremInstance object at 0x11c543e00>: [(6, 36042.864, None), (6, 38382.864, None)]}",83.47238892971743,51628.762731246316,36042.864,20441.823085342487,3,21.35523613963039,36042.864,40596.23902617567,True,61.754506523854246,78.22206945125644,16.4675629274022
lamf-test-5d4708b4-be70-4e57-95c0-9df21e198378,"{<resource_manager.instance.OnPremInstance object at 0x11c543e00>: [(5, 36072.864, None)]}",119.73047030526563,51650.56224640213,36072.864,20438.632226712485,1,8.683550079853982,36072.864,40278.114,True,55.32802874743326,63.85627574743326,8.528246999999999
lamf-test-9b398170-0f91-43dd-888b-ca47a69e7be6,"{<resource_manager.instance.OnPremInstance object at 0x11c543e00>: [(5, 36102.864, None), (5, 36912.864, None)]}",66.9431854355246,50160.50910882206,36102.864,36091.060182590474,1,35.91832078485056,36102.864,38644.505774769335,True,56.223138951265454,64.88935798972987,8.666219038464417
lamf-test-67a1a99a-4314-4946-83c9-ed2acd2c23fe,"{<resource_manager.instance.CloudReservedInstance object at 0x11c744710>: [(2, 36132.864, None)]}",104.56386159081104,51664.541974920765,36132.864,20454.408131998985,2,,36132.864,44629.37202391421,True,23.09750012603344,41.66067085668121,18.56317073064777
lamf-test-04e82c6f-21eb-4e35-8244-b06d0737db1d,"{<resource_manager.instance.CloudReservedInstance object at 0x11c741310>: [(1, 36192.864, None)], <resource_manager.instance.CloudReservedInstance object at 0x11c741090>: [(3, 36192.864, None)], <resource_manager.instance.CloudReservedInstance object at 0x11c74c6e0>: [(1, 36192.864, None)], <resource_manager.instance.CloudOnDemandInstance object at 0x11c58e3f0>: [(1, 47765.544, None)], <resource_manager.instance.CloudOnDemandInstance object at 0x11c74c440>: [(1, 47765.544, None), (1, 49736.616, None)], <resource_manager.instance.CloudReservedInstance object at 0x11c58e2c0>: [(1, 49736.616, None)]}",95.5159501731966,51892.05968146636,36192.864,20458.814313511986,2,78.52081478438299,36192.864,51907.45968146635,False,106.15861171642771,,
lamf-test-9638132b-b89e-4ce9-a020-504ebe7f7390,"{<resource_manager.instance.OnPremInstance object at 0x11c543e00>: [(3, 36312.864, None), (3, 42293.4, None)]}",103.1682902438305,52019.12461637253,36312.864,21055.986620373984,2,19.291905529559976,36312.864,44058.95336514996,True,30.68248614904615,42.256253023275086,11.573766874228935
lamf-test-0967a8c1-fdb4-4be1-a916-cc022480b089,"{<resource_manager.instance.OnPremInstance object at 0x11c543e00>: [(2, 36342.864, None)]}",89.68473907463206,52063.557213470005,36342.864,21073.197876249982,1,,36342.864,46634.122,True,55.56919294242909,63.91746143202909,8.3482684896
lamf-test-428fc4b3-a829-4902-849a-b2c3bb41b1dd,"{<resource_manager.instance.OnPremInstance object at 0x11c543e00>: [(6, 36432.864, None), (3, 37632.864, None), (7, 40583.4, None)]}",111.95659614535904,52167.67488410322,36432.864,21054.986620373984,3,51.34203969883641,36432.864,41515.74044180291,True,74.03189758741586,93.77337073294001,19.74147314552416
lamf-test-5c066d18-4f49-4722-a66a-a3c4e7ab30cb,"{<resource_manager.instance.OnPremInstance object at 0x11c543e00>: [(3, 36492.864, None)]}",105.95282638563052,52228.40352585553,36492.864,21090.348989192982,3,,36492.864,44231.64,True,35.31268993839834,44.72923257519834,9.4165426368
lamf-test-faec5c90-186b-4555-954c-a8baf4f027a2,"{<resource_manager.instance.CloudReservedInstance object at 0x11c74c6e0>: [(2, 36732.864, None)], <resource_manager.instance.CloudOnDemandInstance object at 0x11c7416d0>: [(1, 36732.864, None)], <resource_manager.instance.CloudOnDemandInstance object at 0x11c7411d0>: [(1, 36732.864, None)], <resource_manager.instance.CloudOnDemandInstance object at 0x11c58e780>: [(1, 50876.616, None)]}",104.23072108364673,52282.78140706714,36732.864,21065.632965564982,3,46.61159936116815,36732.864,52298.18140706713,False,53.45869615795256,,
lamf-test-ff254f04-4cb3-4cab-aa4a-5f045128d210,"{<resource_manager.instance.OnPremInstance object at 0x11c543e00>: [(3, 36852.864, None), (3, 41843.4, None)]}",110.15545315677929,52792.014066989286,36852.864,21670.986863573977,3,22.772238193018477,36852.864,43116.700101664945,True,34.39259047834764,43.56377781055945,9.171187332211806
lamf-test-03f57a47-31b2-463e-9964-32e1833cfbcd,"{<resource_manager.instance.OnPremInstance object at 0x11c543e00>: [(6, 36882.864, None)]}",98.51981663568804,52801.62583952592,36882.864,21637.19289298198,1,,36882.864,38164.988,True,20.184019164955448,23.30419613135544,3.120176966399991
lamf-test-9a44ea70-cb8b-427c-9af4-a87498aeb7c6,"{<resource_manager.instance.OnPremInstance object at 0x11c543e00>: [(2, 36972.864, None)]}",116.40460154918469,53048.161119667435,36972.864,21682.27385192198,3,,36972.864,47033.722,True,30.605697771693663,38.76706578129367,8.1613680096
lamf-test-947624f9-c308-44e1-a082-5eef08d3ec8d,"{<resource_manager.instance.OnPremInstance object at 0x11c543e00>: [(4, 37002.864, None)]}",93.19634223972996,53530.38016463553,37002.864,22238.940725503977,2,,37002.864,42599.515999999996,True,20.383908807609007,29.463917012409,9.080008204799991
lamf-test-b37b6ec3-b4f6-4505-b5ff-6313155b88e1,"{<resource_manager.instance.OnPremInstance object at 0x11c543e00>: [(5, 37032.864, None)]}",92.20096869554938,53600.32713751563,37032.864,22276.413449885476,2,,37032.864,44218.695999999996,True,28.756249919603125,43.32911721560311,14.57286729599999
lamf-test-ca1797e6-b093-4c70-86e8-71ffe0d25cca,"{<resource_manager.instance.OnPremInstance object at 0x11c543e00>: [(4, 37452.864, None)]}",87.62355008897632,53946.21592189098,37452.864,22842.457803745976,3,,37452.864,41468.036,True,24.428759601490597,30.942974654290595,6.514215052799997
lamf-test-720b43f5-e992-4463-8b62-736d9e2ae936,"{<resource_manager.instance.OnPremInstance object at 0x11c543e00>: [(2, 37632.864, None)]}",92.64800719218381,54000.315770388566,37632.864,22899.192094984468,2,,37632.864,48618.956,True,29.86535887924879,38.77727670964879,8.911917830399997
lamf-test-c4cd6d33-84be-4a0d-a794-48962ad9461f,"{<resource_manager.instance.OnPremInstance object at 0x11c543e00>: [(4, 37812.864, None)]}",92.44374551049617,54124.358970037865,37812.864,22882.75887540347,1,,37812.864,45022.802,True,76.21730793216216,87.91471134336216,11.697403411200003
lamf-test-783eef72-16ea-4bd4-8850-a7549496bd66,"{<resource_manager.instance.CloudReservedInstance object at 0x11c741090>: [(2, 38022.864, None)], <resource_manager.instance.CloudReservedInstance object at 0x11c58e2c0>: [(1, 38022.864, None)], <resource_manager.instance.CloudOnDemandInstance object at 0x11c74c440>: [(1, 41873.4, None)]}",99.85904399571011,54160.68788193115,38022.864,22891.54728706347,2,14.39704013948441,38022.864,54112.59324237564,True,81.0872335538231,124.32965555552722,43.24242200170413
lamf-test-8a7888d4-6626-4d18-8e7e-6823cdaffb96,"{<resource_manager.instance.OnPremInstance object at 0x11c543e00>: [(6, 38232.864, None), (5, 41573.4, None)]}",94.8282048828368,54181.44808961343,38232.864,22876.58868316197,3,30.4862970568104,38232.864,42198.48709990277,True,40.94482333094601,51.8632403454722,10.918417014526193
lamf-test-59f36aea-6cbc-457b-81ba-431f79f73291,"{<resource_manager.instance.CloudReservedInstance object at 0x11c58e2c0>: [(2, 38262.864, None)]}",94.81833183066266,54188.52760758274,38262.864,22893.58372470447,3,,38262.864,49528.31362603664,True,34.270133473379374,47.49126515449597,13.221131681116594
lamf-test-b3a0db0a-ecb4-42b0-814b-3c34a8d7aaed,"{<resource_manager.instance.OnPremInstance object at 0x11c543e00>: [(4, 38352.864, None)]}",100.59507953151345,54427.79788674998,38352.864,23501.359796047465,2,,38352.864,42525.414,True,15.197099747346977,21.96664486734697,6.769545119999993
lamf-test-abc545e6-fca4-4495-82db-38cb26110a9d,"{<resource_manager.instance.OnPremInstance object at 0x11c543e00>: [(5, 38412.864, None), (5, 40643.4, None)]}",106.90985136127853,54605.502871350676,38412.864,23455.934633448465,1,29.346925849874516,38412.864,41575.62589211996,True,53.87732045581462,62.181955682253175,8.30463522643856
lamf-test-ef36ad8e-1831-459d-b4cc-a917ad7c30ef,"{<resource_manager.instance.OnPremInstance object at 0x11c543e00>: [(5, 38442.864, None)]}",103.50768504869966,54756.71785068922,38442.864,23509.404644268467,1,,38442.864,47640.17599999999,True,121.0080596243059,139.6602083603059,18.65214873599998
lamf-test-ce4c822f-a3d7-44c8-9dba-10c2ea1d7fc0,"{<resource_manager.instance.OnPremInstance object at 0x11c543e00>: [(6, 38712.864, None), (4, 40463.4, None)]}",86.88519768848549,54772.36106472081,38712.864,23494.101463587966,2,7.565553770554487,38712.864,41243.566,True,13.778804431023165,21.203262136623152,7.424457705599989
lamf-test-b3747e60-f13b-4587-ba76-a5026ef56274,"{<resource_manager.instance.OnPremInstance object at 0x11c543e00>: [(2, 38742.864, None)]}",92.20458272811517,54851.73745252579,38742.864,23508.404644268467,3,,38742.864,44082.382,True,16.24311506578446,20.574532067384453,4.331417001599997
lamf-test-16723367-a744-4f94-a768-1e436a8648c3,"{<resource_manager.instance.OnPremInstance object at 0x11c543e00>: [(2, 38772.864, None)]}",100.67432907273152,55152.649587190564,38772.864,24063.643115521467,3,,38772.864,47167.88599999999,True,25.53813065632364,32.348172502723635,6.810041846399992
lamf-test-801af7b0-7341-46d2-ba63-e3fe9d27ac0a,"{<resource_manager.instance.CloudOnDemandInstance object at 0x11c7416d0>: [(4, 38832.864, None)], <resource_manager.instance.CloudOnDemandInstance object at 0x11c74c440>: [(2, 38832.864, None)]}",98.05192865733181,55227.02986260055,38832.864,24070.024199059466,1,,39233.4,55242.42986260055,False,148.92449562225255,,
lamf-test-a7a41a4b-e265-4559-96d2-89c830b4e4f3,"{<resource_manager.instance.OnPremInstance object at 0x11c543e00>: [(5, 39263.4, None)]}",110.11661546722232,55240.985621034444,39263.4,24053.556017100465,3,,39263.4,50879.004,True,88.33830709559662,111.89475200759662,23.556444911999996
lamf-test-2be5e6dd-c6ce-4cb1-a0eb-f7b6d8f68bd8,"{<resource_manager.instance.OnPremInstance object at 0x11c543e00>: [(2, 39293.4, None)]}",93.23301746575929,55270.757431618185,39293.4,24056.706666042468,1,,39293.4,48790.068,True,51.27868491900524,58.982382000605234,7.703697081599998
lamf-test-a45d60d7-4f78-42c1-a625-3f2365379d5f,"{<resource_manager.instance.OnPremInstance object at 0x11c543e00>: [(5, 39323.4, None)]}",84.78789055156865,55794.45556004073,39323.4,24704.259747569467,3,28.519279032626056,39323.4,45447.59637868699,True,46.57537743316594,58.995247689143156,12.419870255977214
lamf-test-ca0646aa-2851-4f2a-8895-2a2c8b5e84b5,"{<resource_manager.instance.OnPremInstance object at 0x11c543e00>: [(2, 39353.4, None)]}",94.28001103179955,55823.730476344965,39353.4,24697.585773025465,1,,39353.4,49007.445999999996,True,52.12847106243818,59.959833177638174,7.831362115199996
lamf-test-85ef9298-5c31-4c16-9153-df2b312fad0a,"{<resource_manager.instance.OnPremInstance object at 0x11c543e00>: [(3, 39863.4, None), (3, 41603.4, None)]}",97.20592300310147,55839.162376431465,39863.4,24698.585773025465,3,46.01056810403833,39863.4,46896.333892119954,True,56.24397802527905,71.24209394514216,14.998115919863118
lamf-test-163e5afc-c48a-4e5a-9de1-7c84bd3faaf7,"{<resource_manager.instance.OnPremInstance object at 0x11c543e00>: [(6, 40043.4, 40553.4), (2, 40553.4, None)]}",100.39270820446175,55881.19330639743,40043.4,24696.585773025465,2,2.2041434297739597,40043.4,44358.406,True,12.54793717623949,16.87569404343949,4.3277568672000015
lamf-test-68ac11d3-bedc-4a83-9d98-64a41fc6b97b,"{<resource_manager.instance.OnPremInstance object at 0x11c543e00>: [(2, 40073.4, None)]}",92.68285924520144,55889.474271975385,40073.4,24705.259747569467,2,,40073.4,55904.87427197538,False,43.037384059785666,,
lamf-test-17816b27-b52b-478c-9ec4-0160430c532f,"{<resource_manager.instance.OnPremInstance object at 0x11c543e00>: [(3, 40403.4, None)]}",105.18873887331532,55910.628309818276,40403.4,24722.05253787147,1,,40403.4,48483.666,True,64.5241409993155,74.3562086681155,9.832067668799995
lamf-test-61ec6a0a-d66e-4c08-8b27-302f072141f8,"{<resource_manager.instance.OnPremInstance object at 0x11c543e00>: [(5, 40703.4, None)]}",101.82362679709799,55947.515524043694,40703.4,24717.24228104247,1,,40703.4,45670.54,True,65.35213476309984,75.42549468309984,10.073359919999998
lamf-test-991152cd-8fe7-4378-a610-0074b2c690c7,"{<resource_manager.instance.OnPremInstance object at 0x11c543e00>: [(4, 40943.4, None), (3, 47705.544, None)]}",88.26977600456904,55989.241936812505,40943.4,24687.213502990468,1,71.48361213780515,40943.4,48630.50012599169,True,88.64760139493283,102.24463925344844,13.5970378585156
lamf-test-00d387e4-de4a-4f41-acfd-aaa44673560f,"{<resource_manager.instance.OnPremInstance object at 0x11c543e00>: [(2, 41123.4, None)]}",98.67187509741939,56014.66126808009,41123.4,24692.859070847466,3,,41123.4,47249.808,True,18.636878850102654,23.60662101970265,4.969742169599996
lamf-test-7e75828d-051b-4c5f-920b-c422e487e5af,"{<resource_manager.instance.OnPremInstance object at 0x11c543e00>: [(3, 41153.4, None)]}",99.15520505278813,56156.64181892082,41153.4,24695.019413664464,1,,41153.4,49878.577999999994,True,69.67402007757238,80.29081666797236,10.616796590399991
lamf-test-e15b5aaf-9b3e-4030-9089-2acfa9cb2d3e,"{<resource_manager.instance.OnPremInstance object at 0x11c543e00>: [(5, 41183.4, None), (3, 42143.4, None)]}",97.31114029433286,57066.93988248802,41183.4,25898.36146262247,3,17.157198266027834,41183.4,44807.456000000006,True,39.717770172636754,50.30897908143677,10.591208908800013
lamf-test-48a10b5f-21dc-470f-9659-627dfd23c08d,"{<resource_manager.instance.OnPremInstance object at 0x11c543e00>: [(3, 41213.4, None)]}",92.04085175874731,57191.05783580505,41213.4,25889.42315123847,1,,41213.4,47977.02,True,54.010198494182035,62.24017131018203,8.229972815999995
lamf-test-a4fb3475-0825-4c5b-85c8-d701cc8e051a,"{<resource_manager.instance.OnPremInstance object at 0x11c543e00>: [(3, 41243.4, None)]}",101.67173585300391,57534.524758812026,41243.4,26505.788211435472,2,19.780959890828854,41243.4,48339.476,True,22.890394409895343,31.524899686695345,8.634505276800002
lamf-test-6620de74-3135-4711-a32d-634f822e03d2,"{<resource_manager.instance.OnPremInstance object at 0x11c543e00>: [(4, 41303.4, None)]}",98.27879946704434,57626.32463309144,41303.4,26492.451480777472,3,31.650431211498972,41303.4,46809.198000000004,True,33.497896417978566,42.43050309317857,8.932606675200004
lamf-test-2655d61c-0fa6-49c7-9b40-d21f2644dd36,"{<resource_manager.instance.OnPremInstance object at 0x11c543e00>: [(4, 41333.4, None), (4, 42923.4, None)]}",98.54453325124068,57645.686397759615,41333.4,26488.43146300947,3,9.673739447866756,41333.4,43968.15862863496,True,22.386598264628017,28.35624706282274,5.969648798194723
lamf-test-9a7f6ef4-eca1-47fa-bd17-e85ad4733068,"{<resource_manager.instance.OnPremInstance object at 0x11c543e00>: [(2, 41363.4, None)]}",78.08322369616431,58118.693363025624,41363.4,27083.47013545647,3,,41363.4,49693.09999999999,True,25.339417446193593,32.096470086193584,6.7570526399999915
lamf-test-2ac6e5ae-946b-4f89-bc34-4a9884f2cfe6,"{<resource_manager.instance.OnPremInstance object at 0x11c543e00>: [(5, 41603.4, None)]}",95.77075929852428,58177.2240673057,41603.4,27103.139860369472,2,,41603.4,45674.03698162152,True,16.289867947857296,24.545119746585726,8.255251798728432
lamf-test-69f48fe6-1e8c-4fc5-9c19-482eb942f9fa,"{<resource_manager.instance.OnPremInstance object at 0x11c543e00>: [(5, 41633.4, None)]}",98.65433601246767,58444.259737121945,41633.4,27122.11692995547,1,,41633.4,43859.792,True,29.292403680888278,33.80752665688828,4.515122975999999
lamf-test-9e35d55c-f665-44e0-9363-3dbcea008e08,"{<resource_manager.instance.OnPremInstance object at 0x11c543e00>: [(5, 41663.4, None)]}",86.26069651046296,60788.77620189747,41663.4,29507.250174608474,1,17.367100159707963,41663.4,43472.658,True,23.80421583390374,27.473391057903743,3.669175224000003
lamf-test-5aa93d3d-910f-451f-93e3-8a493339688f,"{<resource_manager.instance.OnPremInstance object at 0x11c543e00>: [(2, 41693.4, None)]}",113.0038570701071,67452.45993593876,41693.4,36122.96352929947,1,,41693.4,45551.193999999996,True,20.830738002889923,23.96018049568992,3.1294424927999955
lamf-test-cfb32c98-2421-4b31-9da7-090b5212bb9a,"{<resource_manager.instance.CloudReservedInstance object at 0x11c744710>: [(1, 41843.4, None)], <resource_manager.instance.CloudReservedInstance object at 0x11c741310>: [(5, 41843.4, 60178.224)]}",311.65623815536327,137749.81969107734,41843.4,10239.854421823995,1,174.29865389002967,41843.4,137765.21969107736,False,392.62087159250615,,
lamf-test-d81c27cf-4838-43c5-ac8d-f0f7d5a86a71,"{<resource_manager.instance.OnPremInstance object at 0x11c543e00>: [(4, 42263.4, None), (4, 51416.616, None), (6, 54107.688, None)]}",313.16578296695053,137919.47817634867,42263.4,10208.377544501996,3,150.62581793292264,42263.4,58738.28756333962,True,187.04058694464157,236.91715156910925,49.876564624467676
lamf-test-c1ff5343-c068-4179-8505-1de35f1c5237,"{<resource_manager.instance.OnPremInstance object at 0x11c543e00>: [(4, 42563.4, None)]}",328.6266875432299,137932.6805390045,42563.4,10257.929623632996,2,50.71645379737843,42563.4,66282.79000000001,True,86.38984212920754,124.87218046520755,38.48233833600001
lamf-test-3484ce7d-9fee-4f95-9c2d-f871cc58413f,"{<resource_manager.instance.OnPremInstance object at 0x11c543e00>: [(3, 42623.4, None)]}",280.48808000057255,137948.05654688214,42623.4,10218.353102743995,3,104.88169746748801,42623.4,69585.677,True,123.03115217887289,155.83885083247287,32.8076986536
lamf-test-2e0bd3ff-93cb-46df-ab43-ee2f13d4c7e1,"{<resource_manager.instance.OnPremInstance object at 0x11c543e00>: [(3, 42683.4, None)]}",316.2487464140096,137959.20565765895,42683.4,10255.929623632996,1,,42683.4,52123.170999999995,True,75.38032968286558,86.86664303566558,11.486313352799993
lamf-test-34f82a8b-288c-437f-910d-553d4a2c7dfc,"{<resource_manager.instance.OnPremInstance object at 0x11c543e00>: [(2, 42713.4, None)]}",332.1651620956545,138029.53629444801,42713.4,10235.160284665995,1,,42713.4,52368.170999999995,True,52.13238580880672,59.964336044006714,7.831950235199995
lamf-test-75f66efa-1a77-47ea-a0c6-c0317f11e7c2,"{<resource_manager.instance.CloudOnDemandInstance object at 0x11c7416d0>: [(5, 43223.4, None)]}",323.850834844211,138312.26185770414,43223.4,10256.929623632996,3,,43623.936,138327.66185770417,False,361.6406641482401,,
lamf-test-9d2ced27-20c6-49c1-84d1-76444fddb91f,"{<resource_manager.instance.OnPremInstance object at 0x11c543e00>: [(3, 43653.936, None)]}",313.4023701696379,138478.91478684195,43653.936,10816.002005472996,2,,43653.936,63923.096000000005,True,65.38389199288089,90.0474058808809,24.663513888000008
lamf-test-26bbd872-e5de-48b0-8f8f-e6417ce7af20,"{<resource_manager.instance.OnPremInstance object at 0x11c543e00>: [(2, 43683.936, None)]}",298.1380358381042,138642.3959781812,43683.936,11402.552911449995,2,,43683.936,72602.049,True,78.61301569799981,102.07138896359982,23.4583732656
lamf-test-6323d458-f602-48c5-98a5-f5c1a1584292,"{<resource_manager.instance.OnPremInstance object at 0x11c543e00>: [(5, 43923.936, None)]}",313.6595923894348,138794.99169915984,43923.936,10827.672238416995,1,,43923.936,51870.38,True,104.55052186478053,120.66591029678052,16.11538843199999
lamf-test-d2eb5728-b98d-4dc8-9b54-d5b61be5f0ce,"{<resource_manager.instance.CloudOnDemandInstance object at 0x11c7411d0>: [(4, 43953.936, None)]}",294.31398108778467,139042.03085389698,43953.936,11416.731605497995,2,,44354.472,139057.430853897,False,217.87654088621278,,
lamf-test-a3da9951-7484-4541-a43a-d268b07d7f2b,"{<resource_manager.instance.OnPremInstance object at 0x11c543e00>: [(4, 44384.472, None)]}",322.8627978188001,139145.86463026193,44384.472,11447.703579508994,2,,44384.472,59206.333,True,53.983607160684045,78.03059444708404,24.046987286399993
lamf-test-3babe4ac-4db5-41c5-ad0c-7fee914c7ec7,"{<resource_manager.instance.OnPremInstance object at 0x11c543e00>: [(3, 44414.472, None), (3, 61978.224, None)]}",293.72278396528714,139203.80870238325,44414.472,11432.864431198994,2,56.65683549578501,44414.472,63185.25169371988,True,64.4440519723037,88.7530480013404,24.308996029036702
lamf-test-3058457a-d1e2-4d92-baae-1c4c74ce602b,"{<resource_manager.instance.OnPremInstance object at 0x11c543e00>: [(5, 44444.472, 46955.544), (2, 46955.544, None)]}",296.32729201787157,139205.79250463052,44444.472,11421.326790139994,2,10.048803534248743,44444.472,105308.66100000001,True,168.67998748280792,221.1084900092079,52.4285025264
lamf-test-151fcd56-358d-466c-9e97-a24b8c315d14,"{<resource_manager.instance.OnPremInstance object at 0x11c543e00>: [(4, 44474.472, 45985.008), (1, 45985.008, None)]}",286.90020368365816,139290.94165178676,44474.472,12012.096415214994,1,15.968096737394479,44474.472,70218.631,True,84.15914175982962,96.43899285502962,12.279851095199996
lamf-test-efb02442-ed88-49c8-bf51-dea5e65f914e,"{<resource_manager.instance.OnPremInstance object at 0x11c543e00>: [(2, 44504.472, None)]}",304.7860416350407,139375.3875675991,44504.472,11435.213943754994,3,,44504.472,89706.973,True,137.5085588257662,174.17682763696618,36.668268811199994
lamf-test-032ba352-18f7-47d0-a6f0-b7f2f4956a0a,"{<resource_manager.instance.OnPremInstance object at 0x11c543e00>: [(6, 44534.472, 47525.544), (1, 47525.544, None)]}",307.62274626708137,139392.66274791566,44534.472,11404.707027657994,3,27.29702943189596,44534.472,53486.333999999995,True,36.36355920602326,46.06032844922326,9.696769243199999
lamf-test-8fdaa8c6-0ab8-4102-bf2c-7c6a5957696b,"{<resource_manager.instance.OnPremInstance object at 0x11c543e00>: [(3, 44564.472, None)]}",305.80076715201267,139457.8026594719,44564.472,12062.435230612993,3,,44564.472,60879.659999999996,True,74.44758384668032,94.29990460508031,19.852320758399994
lamf-test-2674780b-0edf-4613-bd86-e3e24ce33fcb,"{<resource_manager.instance.CloudReservedInstance object at 0x11c58e520>: [(1, 44594.472, None)], <resource_manager.instance.CloudOnDemandInstance object at 0x11c7411d0>: [(4, 44594.472, None)]}",302.61464185285956,139501.57395699318,44594.472,12019.479041518993,1,385.68861206175364,44594.472,139516.9739569932,False,493.2976627166478,,
lamf-test-1393ec0f-c39a-48b5-8afc-5e45c5c5f7c7,"{<resource_manager.instance.CloudReservedInstance object at 0x11c744710>: [(2, 44654.472, None)], <resource_manager.instance.CloudOnDemandInstance object at 0x11c7411d0>: [(2, 44654.472, None)], <resource_manager.instance.CloudOnDemandInstance object at 0x11c74c440>: [(2, 44654.472, 51056.616)]}",354.69102159935267,139621.67868349512,44654.472,12005.603839807995,3,38.951366643851244,44654.472,51068.94857311695,False,39.001388488318796,,
lamf-test-e4ed1a21-f292-441c-946a-d7b9f0990c7d,"{<resource_manager.instance.OnPremInstance object at 0x11c543e00>: [(2, 44684.472, None)]}",297.2172710903451,139627.5094155277,44684.472,12028.144093178993,1,,44684.472,81030.72,True,196.2570239561944,225.74110033379438,29.484076377599997
lamf-test-d457b8b2-16f3-450b-ba2f-e7b966006e63,"{<resource_manager.instance.OnPremInstance object at 0x11c543e00>: [(6, 44834.472, 50306.616), (1, 50306.616, None)]}",308.6020686022321,139670.77645454506,44834.472,12064.905386303994,1,86.14600410677619,44834.472,75530.721,True,157.12416860597767,180.67207523237767,23.547906626400003
lamf-test-0479ea03-d843-4f1c-b0bd-6f829a2c5a10,"{<resource_manager.instance.OnPremInstance object at 0x11c543e00>: [(5, 45074.472, None)]}",326.10114994784385,139768.84325155604,45074.472,12013.096415214994,3,,45074.472,53516.125,True,64.19996197429461,81.3196342582946,17.119672283999996
lamf-test-3c60492c-5568-42f7-a13b-d4f3117a23dc,"{<resource_manager.instance.CloudOnDemandInstance object at 0x11c58e3f0>: [(6, 45134.472, None)], <resource_manager.instance.CloudReservedInstance object at 0x11c58e2c0>: [(1, 139210.36799999996, None)], <resource_manager.instance.CloudReservedInstance object at 0x11c74c6e0>: [(1, 139210.36799999996, None)]}",288.51703100665657,139787.63826029983,45134.472,12044.877345590992,2,406.58189817352593,45535.008,139803.03826029986,False,411.35930661836204,,
lamf-test-b6b347a8-b100-462f-bbd1-cdcde8345e59,"{<resource_manager.instance.OnPremInstance object at 0x11c543e00>: [(4, 45565.008, None), (4, 61888.224, None)]}",310.4633474601291,139844.46172383128,45565.008,12053.767784400992,1,307.65434816335846,45565.008,70467.21727028991,True,353.93468348472084,408.2545864865575,54.31990300183669
lamf-test-0b319882-7fad-4ae3-8912-b51a1940b68d,"{<resource_manager.instance.OnPremInstance object at 0x11c543e00>: [(2, 45595.008, None)]}",309.96889456321867,140022.23411321224,45595.008,12010.984955081994,3,,45595.008,99488.57100000001,True,163.94725986767057,207.6657181732706,43.71845830560001
lamf-test-c777b76c-0cc3-4d24-b87d-dcc762dd2026,"{<resource_manager.instance.OnPremInstance object at 0x11c543e00>: [(2, 45625.008, None)]}",310.2741421688458,140185.21383829063,45625.008,12031.282501997994,1,,45625.008,76028.748,True,164.16955966233178,188.8330735503318,24.663513888000004
lamf-test-95f36198-5f8e-46dc-93db-fc5d6a810881,"{<resource_manager.instance.OnPremInstance object at 0x11c543e00>: [(3, 45655.008, None)]}",312.84764381313755,140415.92760899276,45655.008,12624.936128846994,2,,45655.008,70116.24,True,78.90660249861375,108.67102959621376,29.764427097600006
lamf-test-64282f81-8a38-42e2-8686-39f8e7fadae5,"{<resource_manager.instance.OnPremInstance object at 0x11c543e00>: [(5, 45745.008, None)]}",308.1387838586121,140470.06494794664,45745.008,12647.433409323994,2,,45745.008,50224.989,True,17.9279801240933,27.013381592093296,9.085401467999999
lamf-test-e1a8ae4a-b274-4245-9dc7-b8b20b25f60b,"{<resource_manager.instance.OnPremInstance object at 0x11c543e00>: [(4, 45805.008, None)]}",307.3714712616934,140542.13345617967,45805.008,12667.076145300993,3,,45805.008,75506.239,True,180.7056414936497,228.8929186680497,48.1872771744
lamf-test-20e1ba49-4666-4d28-9ab3-d9b988f76cc5,"{<resource_manager.instance.CloudReservedInstance object at 0x11c58e2c0>: [(2, 45865.008, None)], <resource_manager.instance.CloudOnDemandInstance object at 0x11c58e3f0>: [(4, 45865.008, None)]}",285.6765311197183,140617.0926515311,45865.008,13231.360733731995,1,340.2293223819302,45865.008,125568.55483566785,True,1272.9291075739789,1799.355093714198,526.425986140219
lamf-test-87976d93-8677-4270-9b15-bf91d2c51eaa,"{<resource_manager.instance.OnPremInstance object at 0x11c543e00>: [(3, 45985.008, 48485.544), (1, 48485.544, None)]}",311.39111778496914,140975.4666249155,45985.008,13222.061045131994,2,8.066184082039433,45985.008,82623.765,True,77.3338787083814,94.22299335078141,16.8891146424
lamf-test-3d2e4ca8-d6e8-4002-a809-14108f6da5be,"{<resource_manager.instance.CloudOnDemandInstance object at 0x11c58e780>: [(4, 46015.008, None)], <resource_manager.instance.CloudOnDemandInstance object at 0x11c58e3f0>: [(1, 46015.008, None)]}",306.2018292174168,141017.26329633105,46015.008,13258.182151948995,2,183.5949066380776,46415.544,111484.70712818249,True,371.29160411686297,1044.1237020571946,672.8320979403316
lamf-test-6ffd71d7-ab96-484d-939d-8341469b380b,"{<resource_manager.instance.OnPremInstance object at 0x11c543e00>: [(3, 46685.544, None), (3, 63988.224, None), (6, 67288.224, None)]}",291.65416309527114,141070.65081480014,46685.544,13228.214432272995,3,109.06995208761123,46685.544,69387.83162173947,True,147.3927012865977,186.69669252712808,39.303991240530365
lamf-test-68fc4f1f-0368-4356-8862-a5c873470b2b,"{<resource_manager.instance.OnPremInstance object at 0x11c543e00>: [(4, 46865.544, None), (4, 59998.224, None)]}",313.35740939256686,141083.70382358992,46865.544,13226.622981898994,2,54.605757496028644,46865.544,61839.13854057983,True,61.24115270255721,88.52101223583063,27.27985953327342
lamf-test-404ab15a-5fdc-47da-96ca-6bf36dbfc057,"{<resource_manager.instance.OnPremInstance object at 0x11c543e00>: [(4, 46925.544, None), (3, 56308.224, None)]}",285.63536765098837,141171.66540131753,46925.544,13266.404919770994,2,52.92271814640169,46925.544,60955.855,True,66.09289899602706,94.51091296322707,28.418013967200004
lamf-test-19917d27-b721-40ad-a37a-4370c7a734bc,"{<resource_manager.instance.OnPremInstance object at 0x11c543e00>: [(2, 46955.544, None)]}",301.1069329229973,141198.21427621067,46955.544,13836.895096506994,2,,46955.544,66506.795,True,53.14948460774513,69.00945941894513,15.859974811199997
lamf-test-0aaede3d-34d4-43d5-b971-8a2a954407b0,"{<resource_manager.instance.OnPremInstance object at 0x11c543e00>: [(2, 46985.544, None)]}",291.4038438976179,141353.82687164767,46985.544,13825.809256511995,1,,46985.544,82349.07400000001,True,190.95069054680968,219.6375860828097,28.686895536000005
lamf-test-68ff13a7-de65-4a50-8bee-581fe346b072,"{<resource_manager.instance.OnPremInstance object at 0x11c543e00>: [(4, 47045.544, 50036.616), (1, 50036.616, None)]}",316.0799972187193,141375.34733615164,47045.544,13851.627827236995,1,31.619059091946156,47045.544,56987.82399999999,True,51.17907856110729,58.851203738707284,7.672125177599996
lamf-test-4cc1e286-0e7f-464c-8240-c10883a7da2a,"{<resource_manager.instance.OnPremInstance object at 0x11c543e00>: [(4, 47285.544, None)]}",316.2330750787407,141415.03319429813,47285.544,13824.478495805995,3,,47285.544,64088.240999999995,True,102.22950490531593,129.49020051811593,27.26069561279999
lamf-test-c5f3d318-ed60-437f-9c1e-4a6f0f18365e,"{<resource_manager.instance.OnPremInstance object at 0x11c543e00>: [(5, 47525.544, 52987.152), (1, 52987.152, None)]}",302.37657057421836,141457.5967505611,47525.544,13837.895096506994,2,21.856253334464803,47525.544,71774.076,True,59.97560684735861,78.67172424575861,18.6961173984
lamf-test-59fd6bbc-b1e0-4afd-a720-743bb563c136,"{<resource_manager.instance.CloudReservedInstance object at 0x11c744710>: [(2, 47555.544, None)]}",321.20760313523465,141501.94481295685,47555.544,13823.036574950995,2,,47555.544,72862.75289545482,True,68.79688208462807,124.08807207941774,55.291189994789676
lamf-test-cd918581-b0d1-458e-92b2-5c59b3bd83b5,"{<resource_manager.instance.OnPremInstance object at 0x11c543e00>: [(3, 47705.544, None), (3, 63748.224, None)]}",301.10787935133226,141502.18576014775,47705.544,13861.367685461995,2,51.75018877922668,47705.544,64660.553270289915,True,57.63613950146475,79.37711703764228,21.74097753617753
lamf-test-499e704f-e77f-4d06-942d-f6729f7df6df,"{<resource_manager.instance.OnPremInstance object at 0x11c543e00>: [(3, 48005.544, None)]}",295.12516285873096,141528.04742130404,48005.544,13870.494952934994,2,,48005.544,68777.613,True,67.00616680536682,92.2816203645668,25.275453559199995
lamf-test-a7598ecc-5cec-4bf9-9a0f-c71ca0dbae0e,"{<resource_manager.instance.OnPremInstance object at 0x11c543e00>: [(6, 48485.544, 50996.616), (1, 50996.616, None)]}",294.2224632206372,141553.1602652897,48485.544,13827.691067597994,3,22.9164681724846,48485.544,61414.078,True,38.76172180393946,49.09798921033946,10.336267406400001
lamf-test-f9efe039-70ce-49b9-a1a8-bee3de1d2b34,"{<resource_manager.instance.OnPremInstance object at 0x11c543e00>: [(5, 48665.544, 50186.616), (2, 50186.616, None)]}",307.9037058422363,141575.59548438503,48665.544,14433.144095344993,3,11.567967145790556,48665.544,79602.19299999998,True,101.0518123051182,127.99846238351819,26.946650078399983
lamf-test-398c2e41-0ba6-4e76-8602-21bfa67e2257,"{<resource_manager.instance.OnPremInstance object at 0x11c543e00>: [(5, 48725.544, None)]}",308.43937206382503,141678.7599394759,48725.544,13809.103975328993,2,,48725.544,64818.03199999999,True,64.39889031029591,97.0344559742959,32.63556566399998
lamf-test-e3ac6e81-3f29-40d1-91c8-119f86b94741,"{<resource_manager.instance.OnPremInstance object at 0x11c543e00>: [(2, 48755.544, None)]}",292.3170995981352,141761.2993314851,48755.544,13852.627827236995,2,,48755.544,77953.86600000001,True,79.37475539089476,103.06043419729477,23.685678806400006
lamf-test-95c3a7f0-6def-4a58-8473-af92a11ec586,"{<resource_manager.instance.CloudOnDemandInstance object at 0x11c74c440>: [(3, 48785.544, None)]}",312.05091942501133,141809.71969371595,48785.544,13831.423717803995,1,,49186.08,141825.11969371597,False,502.3811601075241,,
lamf-test-308f236e-0576-4952-874f-b146870f6d77,"{<resource_manager.instance.OnPremInstance object at 0x11c543e00>: [(3, 49216.08, None)]}",296.126707886245,142001.65503007162,49216.08,14466.782354205994,3,,49216.08,61634.805,True,56.66769336071183,71.77879794071183,15.11110458
lamf-test-2b6c6b3a-28c9-458c-9ffa-76aefcc26451,"{<resource_manager.instance.CloudOnDemandInstance object at 0x11c58e780>: [(3, 49276.08, None)], <resource_manager.instance.CloudOnDemandInstance object at 0x11c7416d0>: [(1, 49276.08, None)], <resource_manager.instance.CloudOnDemandInstance object at 0x11c74c440>: [(1, 49276.08, None)]}",317.28833254019617,142104.2351460491,49276.08,14431.032945678993,1,945.5973375922119,49676.616,142119.6351460491,False,1063.8397578019672,,
lamf-test-893ff824-f1d2-4433-939e-c7c4d678a42b,"{<resource_manager.instance.OnPremInstance object at 0x11c543e00>: [(2, 49706.616, None)]}",291.47945752946964,142121.23585065667,49706.616,14412.945764643995,1,,49706.616,84574.93699999999,True,188.2767351889877,216.56191718418768,28.28518199519999
lamf-test-416bbbfd-81e6-4f7c-9a56-8c0e7175f623,"{<resource_manager.instance.CloudReservedInstance object at 0x11c58e2c0>: [(1, 49826.616, None)], <resource_manager.instance.CloudReservedInstance object at 0x11c74c6e0>: [(2, 49826.616, None)]}",318.1012839054559,142130.97824563383,49826.616,14473.304822173994,2,,49826.616,76930.46600462632,True,117.08803363734867,172.1522153067475,55.06418166939882
lamf-test-7c801ce0-8eb2-4e0d-9312-eaf55e74d22a,"{<resource_manager.instance.OnPremInstance object at 0x11c543e00>: [(2, 49856.616, None)]}",282.54429039316733,142170.70008101975,49856.616,14462.928286685994,2,,49856.616,91650.16299999999,True,113.61449366997397,147.51741899637395,33.90292532639999
lamf-test-3e7fd149-2562-452d-b778-aa63ebe3ca13,"{<resource_manager.instance.CloudReservedInstance object at 0x11c74c6e0>: [(1, 49886.616, None)], <resource_manager.instance.CloudOnDemandInstance object at 0x11c74c440>: [(1, 49886.616, None)]}",306.14407437283273,142182.6385280589,49886.616,14474.304822173994,2,,49886.616,142198.0385280589,False,315.69287190461904,,
lamf-test-9ad3c991-d587-4e6c-87f0-aa8b942b2b5d,"{<resource_manager.instance.OnPremInstance object at 0x11c543e00>: [(6, 50036.616, 53017.152), (1, 53017.152, None)]}",294.2702271699325,142257.80140192696,50036.616,14417.042751747995,2,12.881429101185802,50036.616,87155.582,True,82.14954779614509,103.24952741374508,21.0999796176
lamf-test-17fee575-0b26-45f7-83d5-67d080c53e61,"{<resource_manager.instance.OnPremInstance object at 0x11c543e00>: [(5, 50306.616, None)]}",339.37001802300927,142289.81837634227,50306.616,14467.782354205994,3,,50306.616,65896.195,True,118.56094760057803,150.17661381257804,31.615666212000008
lamf-test-3d742955-a0c8-4cdc-8c38-f5e5804b4cff,"{<resource_manager.instance.OnPremInstance object at 0x11c543e00>: [(4, 50336.616, None)]}",303.65987588610506,142291.7724389114,50336.616,14452.283847376993,1,,50336.616,63450.15,True,138.62508373260323,159.90048129420322,21.2753975616
lamf-test-c8945c61-1ea7-4681-928a-edc22713889d,"{<resource_manager.instance.CloudReservedInstance object at 0x11c744710>: [(1, 50546.616, None)], <resource_manager.instance.CloudOnDemandInstance object at 0x11c58e780>: [(4, 50546.616, None)]}",305.7727422550137,142296.89313481012,50546.616,14469.366028102993,2,221.52609965884096,50546.616,101187.43118792262,True,287.19407230047193,794.1896576358779,506.995585335406
lamf-test-821bad57-9b5b-4590-ab6a-b75593f800f8,"{<resource_manager.instance.OnPremInstance object at 0x11c543e00>: [(4, 50576.616, 55067.688), (1, 55067.688, None)]}",293.93899056747387,142304.6739738925,50576.616,14444.331595614993,3,27.32418891170431,50576.616,136696.464,True,151.48386036960986,191.87880712800987,40.3949467584
lamf-test-2148cf4d-7170-4032-92ad-bc67bc5cec9e,"{<resource_manager.instance.OnPremInstance object at 0x11c543e00>: [(3, 50966.616, None)]}",290.5571510371029,142462.8841028613,50966.616,15021.289971877994,3,64.4837234770705,50966.616,79699.729,True,131.11162673967604,166.07407863807606,34.96245189840001
lamf-test-5fc71200-6539-46cf-9073-1ac0b6be235f,"{<resource_manager.instance.OnPremInstance object at 0x11c543e00>: [(5, 50996.616, None), (5, 64198.224, None)]}",298.6298021940167,142523.02526817843,50996.616,15052.537851431993,2,52.83017178645872,50996.616,66597.67174142839,True,72.03438332982408,108.53940439305762,36.50502106323355
lamf-test-55230e23-b521-4f16-a8cb-73a7c6580475,"{<resource_manager.instance.CloudReservedInstance object at 0x11c744710>: [(2, 51056.616, None)], <resource_manager.instance.CloudOnDemandInstance object at 0x11c7411d0>: [(2, 51056.616, 61018.224)]}",312.3489385286271,142584.53935533014,51056.616,15018.890655834994,2,44.11402188636393,51056.616,61030.579558181926,False,44.14761009764566,,
lamf-test-927fb6c3-ba3c-488b-96a5-466be1c02fa9,"{<resource_manager.instance.CloudReservedInstance object at 0x11c741310>: [(1, 51986.616, None)], <resource_manager.instance.CloudReservedInstance object at 0x11c741090>: [(3, 51986.616, None)], <resource_manager.instance.CloudReservedInstance object at 0x11c58e2c0>: [(1, 51986.616, None)], <resource_manager.instance.CloudReservedInstance object at 0x11c74c6e0>: [(1, 51986.616, None), (1, 85918.224, None)]}",330.8093779162473,142603.85205575413,51986.616,15041.045753918994,1,357.87987101680733,51986.616,107340.92699454867,True,545.5863760900252,719.043340311729,173.45696422170388
lamf-test-56207b5b-5fb7-4cc8-b917-b36e1b064de2,"{<resource_manager.instance.CloudOnDemandInstance object at 0x11c7416d0>: [(1, 52016.616, None)], <resource_manager.instance.CloudOnDemandInstance object at 0x11c7411d0>: [(1, 52016.616, None)], <resource_manager.instance.CloudOnDemandInstance object at 0x11c58e3f0>: [(1, 52016.616, None)], <resource_manager.instance.CloudOnDemandInstance object at 0x11c74c440>: [(2, 52016.616, None)]}",317.0752713451876,142735.85283741754,52016.616,15019.890655834994,2,,52417.152,142751.25283741756,False,645.1872375796528,,
lamf-test-1e5c4d41-c6bb-47f9-a0f9-f492c659a647,"{<resource_manager.instance.OnPremInstance object at 0x11c543e00>: [(6, 52447.152, 54947.688), (1, 54947.688, None)]}",295.19389174920065,142843.40958870947,52447.152,15044.108959142994,3,22.820314852840518,52447.152,68336.94,True,43.18574492356833,54.70172994436833,11.5159850208
lamf-test-58f4bde2-1252-4878-b4ed-54f9ec3d6ddb,"{<resource_manager.instance.CloudReservedInstance object at 0x11c74c6e0>: [(2, 52477.152, None)], <resource_manager.instance.CloudOnDemandInstance object at 0x11c58e780>: [(1, 52477.152, None)]}",306.6623561408906,142859.51584306435,52477.152,15024.372078857994,3,,52477.152,133347.46765554725,True,287.0140743726168,584.1801362804907,297.16606190787394
lamf-test-28862540-93f6-42de-8ec4-72cbed9815ad,"{<resource_manager.instance.OnPremInstance object at 0x11c543e00>: [(6, 52987.152, 57478.224), (1, 57478.224, None)]}",315.0001679546882,143064.19961689613,52987.152,15644.659579269992,3,40.98628336755647,52987.152,85176.72799999999,True,83.11648946687959,105.28047550847958,22.163986041599998
lamf-test-12047e13-b691-4e4d-bcc8-16e2900e16aa,"{<resource_manager.instance.OnPremInstance object at 0x11c543e00>: [(3, 53017.152, None)]}",306.19560311302496,143065.08593529015,53017.152,15661.877174851992,1,165.9451334702259,53017.152,81252.756,True,225.472539356605,259.829622303805,34.35708294719999
lamf-test-e050ad2a-f776-4985-ad86-c1f9e8bbb5cd,"{<resource_manager.instance.CloudOnDemandInstance object at 0x11c7416d0>: [(1, 53047.152, None)], <resource_manager.instance.CloudOnDemandInstance object at 0x11c7411d0>: [(1, 53047.152, None)], <resource_manager.instance.CloudOnDemandInstance object at 0x11c74c440>: [(1, 53047.152, None)]}",326.0139069441622,143158.76393332155,53047.152,15667.732484143991,3,,53447.688,143174.16393332154,False,205.62859213625723,,
lamf-test-8aea85bd-3d6c-4aba-b7de-dd2346b0e93e,"{<resource_manager.instance.OnPremInstance object at 0x11c543e00>: [(6, 53597.688, 57568.224), (2, 57568.224, None)]}",302.51103083949494,143265.4125584081,53597.688,15631.744087581992,1,62.506726899383985,53597.688,87257.891,True,222.82054217050728,256.5674964505073,33.746954280000004
lamf-test-8d46ff55-9a1d-4004-b52e-0bb94df560fe,"{<resource_manager.instance.CloudReservedInstance object at 0x11c741090>: [(2, 54137.688, None)], <resource_manager.instance.CloudReservedInstance object at 0x11c58e2c0>: [(1, 54137.688, None)]}",314.6188735020299,143329.885628988,54137.688,15654.035141563993,1,,54137.688,117245.1538789252,True,300.7631400420295,388.68446150454804,87.92132146251858
lamf-test-232b6ce2-ea24-476c-b62f-210ae1decc5b,"{<resource_manager.instance.OnPremInstance object at 0x11c543e00>: [(4, 55067.688, None)]}",311.1617610976437,143370.5838636478,55067.688,15641.001744660993,2,18.17633662501973,55067.688,68999.34,True,50.74132247410484,73.34403467890483,22.602712204799992
lamf-test-5c2155b4-aa4a-428b-9192-860339f49ef5,"{<resource_manager.instance.OnPremInstance object at 0x11c543e00>: [(2, 55097.688, None)]}",326.1375748222798,143427.744716192,55097.688,15653.035141563993,3,,55097.688,93417.072,True,116.5697284964636,147.6544127972636,31.0846843008
lamf-test-62ab7363-ee6e-4e41-9bd6-da86db171176,"{<resource_manager.instance.CloudOnDemandInstance object at 0x11c7416d0>: [(4, 55277.688, None)], <resource_manager.instance.CloudOnDemandInstance object at 0x11c74c440>: [(2, 55277.688, None)], <resource_manager.instance.CloudReservedInstance object at 0x11c741310>: [(1, 138040.36799999996, None)], <resource_manager.instance.CloudReservedInstance object at 0x11c741090>: [(1, 138040.36799999996, None)], <resource_manager.instance.CloudReservedInstance object at 0x11c58e2c0>: [(1, 138040.36799999996, None)]}",317.6880653321237,143548.00830168944,55277.688,15675.304284872991,3,462.99429614419324,55678.224,143779.7267672787,False,464.71815899450917,,
lamf-test-62c9483c-2445-4359-99d9-4d8c66a14529,"{<resource_manager.instance.OnPremInstance object at 0x11c543e00>: [(3, 57478.224, None)]}",345.02192360533996,143953.168195247,57478.224,16227.869923202992,2,,57478.224,69106.131,True,37.509093390710966,51.65793062831096,14.148837237599992
lamf-test-1f9296c3-4641-4962-ac2a-3bdd3909621e,"{<resource_manager.instance.OnPremInstance object at 0x11c543e00>: [(2, 57508.224, None)]}",333.675220822951,144061.50228561112,57508.224,16228.869923202992,2,,57508.224,65949.877,True,22.94837840235518,29.79624731595517,6.847868913599993
lamf-test-e000b273-6e93-45bd-85e3-de8e007da692,"{<resource_manager.instance.OnPremInstance object at 0x11c543e00>: [(3, 57568.224, None)]}",284.69120725614476,144151.88517698226,57568.224,16221.093979871992,3,134.29158110882955,57568.224,91966.336,True,156.96149669176359,198.8171193733636,41.855622681599996
lamf-test-79b31340-0554-44ef-87de-f4504dbdfc60,"{<resource_manager.instance.OnPremInstance object at 0x11c543e00>: [(6, 58768.224, 61258.224), (1, 61258.224, None)]}",304.54338810954675,144321.66557164714,58768.224,16871.385251289987,1,39.19917864476386,58768.224,87746.14600000001,True,113.73360057799074,130.53676574119075,16.803165163200003
lamf-test-e5f8465a-4435-4b7a-801a-354ef982dcda,"{<resource_manager.instance.OnPremInstance object at 0x11c543e00>: [(3, 58798.224, None)]}",304.6031866584939,144621.18745243558,58798.224,16824.73873977299,1,71.38945927446954,58798.224,85113.20099999999,True,210.1355681040382,242.1556321176382,32.020064013599985
lamf-test-56707fec-34cd-4c0e-a454-d4551f611032,"{<resource_manager.instance.OnPremInstance object at 0x11c543e00>: [(4, 58828.224, None)]}",312.7950515260771,144647.79967521256,58828.224,16830.19507878699,3,33.219256217202826,58828.224,68868.78199999999,True,61.0878880523233,77.37768935152329,16.289801299199983
lamf-test-e846f77b-9785-4a57-980e-5e6be4c30da6,"{<resource_manager.instance.OnPremInstance object at 0x11c543e00>: [(3, 59248.224, None)]}",318.0816768556553,144765.0915230163,59248.224,16878.119376543986,3,,59248.224,93836.336,True,157.82848277435542,199.91529745595543,42.086814681599996
lamf-test-3bd57c11-f664-4998-9d53-96c6dc4f87c4,"{<resource_manager.instance.CloudReservedInstance object at 0x11c744710>: [(1, 60178.224, None)], <resource_manager.instance.CloudReservedInstance object at 0x11c741310>: [(3, 60178.224, None)], <resource_manager.instance.CloudReservedInstance object at 0x11c741090>: [(1, 117820.36799999997, None)], <resource_manager.instance.CloudReservedInstance object at 0x11c58e2c0>: [(1, 129820.36799999997, None)], <resource_manager.instance.CloudOnDemandInstance object at 0x11c58e3f0>: [(1, 129820.36799999997, None)]}",326.99178124993756,144866.86643250706,60178.224,16857.98963109099,1,495.05172286865906,60178.224,144882.26643250708,False,700.4742228480953,,
lamf-test-9655ffad-b7de-4846-8625-1393b7fdfd45,"{<resource_manager.instance.CloudReservedInstance object at 0x11c741310>: [(1, 60208.224, None)], <resource_manager.instance.CloudOnDemandInstance object at 0x11c74c440>: [(2, 60208.224, None)]}",323.69507710357215,145106.6137436414,60208.224,17431.335534756985,1,,60208.224,145122.01374364144,False,441.2839226670341,,
lamf-test-9c4c82a6-08d5-47bd-9589-83ce8af6f468,"{<resource_manager.instance.OnPremInstance object at 0x11c543e00>: [(6, 60988.224, 65968.224), (1, 65968.224, None)]}",291.9040113839834,145164.34770395668,60988.224,17457.519490806986,3,45.448323066392874,60988.224,82328.011,True,70.33202068598371,89.0868782931837,18.7548576072
lamf-test-08f07093-2907-4ba0-a255-32c22f0fcc78,"{<resource_manager.instance.OnPremInstance object at 0x11c543e00>: [(3, 61018.224, 64018.224), (1, 64018.224, None)]}",298.09142219625704,145168.448449642,61018.224,17477.218395732983,3,13.689253935660505,61018.224,67008.832,True,18.238053083884694,23.10144368868469,4.8633906047999975
lamf-test-6f2e770b-ffa0-4b22-be2e-700e1acc453c,"{<resource_manager.instance.OnPremInstance object at 0x11c543e00>: [(6, 61468.224, 63478.224), (1, 63478.224, None)]}",314.03861715723247,145542.2220903209,61468.224,18035.781328677484,3,18.343600273785075,61468.224,77090.50300000001,True,39.04826070423607,49.46093706663608,10.412676362400004
lamf-test-dd9abd19-48be-42ba-b1bc-fa915a5dcef1,"{<resource_manager.instance.CloudReservedInstance object at 0x11c744710>: [(2, 61498.224, None)], <resource_manager.instance.CloudOnDemandInstance object at 0x11c7411d0>: [(2, 61498.224, None)], <resource_manager.instance.CloudOnDemandInstance object at 0x11c58e780>: [(1, 113809.29599999999, None)]}",320.9475259671587,145706.54981192722,61498.224,18029.899235259483,2,231.65454564234594,61498.224,115956.62617298758,True,245.52080174385466,466.5185777027342,220.99777595887957
lamf-test-a0961e5f-36f8-49a0-be25-041d077e1525,"{<resource_manager.instance.OnPremInstance object at 0x11c543e00>: [(2, 61708.224, None)]}",302.7913218356865,145819.08959142974,61708.224,18078.636195519488,2,,61708.224,76034.876,True,38.94657021970212,50.56835032210212,11.6217801024
lamf-test-3e227187-9182-4a9b-bf09-75d5b5a39b59,"{<resource_manager.instance.OnPremInstance object at 0x11c543e00>: [(2, 61888.224, None)]}",320.9833484047092,145834.46692756002,61888.224,18046.119087708485,2,,61888.224,103409.262,True,112.87368619422875,146.55555221982877,33.6818660256
lamf-test-f86b8860-b2ed-456c-9f30-6f6a9139ebf4,"{<resource_manager.instance.OnPremInstance object at 0x11c543e00>: [(5, 63268.224, None), (5, 88048.224, None)]}",305.1378797801942,146143.70319089826,63268.224,18057.834584340486,3,188.45539584759297,63268.224,89257.1386937199,True,206.84332943524066,262.00052743296857,55.15719799772789
lamf-test-9329565e-0cc9-410e-9937-6b7537e158ae,"{<resource_manager.instance.OnPremInstance object at 0x11c543e00>: [(6, 63478.224, 67948.224), (2, 67948.224, None)]}",289.93639360238836,146246.44404844815,63478.224,18632.22385587949,1,70.36960985626283,63478.224,76881.967,True,118.60869670697392,136.73394102857392,18.1252443216
lamf-test-e9e3c180-3644-4ec5-bd7f-fb857cf9758f,"{<resource_manager.instance.OnPremInstance object at 0x11c543e00>: [(5, 64168.224, None)]}",277.1468078662494,146376.86582063747,64168.224,18625.46282918449,1,,64168.224,68648.205,True,58.94263540953684,68.02803687753683,9.085401467999999
lamf-test-20435df7-63e4-419e-8d22-d33076e8dcf2,"{<resource_manager.instance.OnPremInstance object at 0x11c543e00>: [(2, 64708.224, None)]}",307.8323914198774,146389.11121291987,64708.224,18660.926122203487,2,,64708.224,88179.038,True,63.804698094472265,82.84422241127226,19.039524316799998
lamf-test-4f1fe545-8677-4a84-8abf-5cf06961f85c,"{<resource_manager.instance.OnPremInstance object at 0x11c543e00>: [(6, 64888.224, 66898.224), (2, 66898.224, None)]}",310.3840944895742,146810.24814818168,64888.224,19242.169102145486,2,8.686918223226783,64888.224,84967.384,True,57.807383266352886,77.3566218583529,19.549238592000002
lamf-test-0c64519c-480b-40a3-83cb-e32930215173,"{<resource_manager.instance.OnPremInstance object at 0x11c543e00>: [(4, 65968.224, None), (4, 105518.76, None)]}",305.2027703895845,146897.60312091658,65968.224,19236.683929126986,3,240.62992470910328,65968.224,108810.30365772967,True,280.68217090552497,355.5293613725262,74.84719046700124
lamf-test-4b6bc7a8-825f-4ed7-a11d-b9402493f256,"{<resource_manager.instance.OnPremInstance object at 0x11c543e00>: [(2, 65998.224, None)]}",315.0940754980354,146900.41499182463,65998.224,19222.783479965485,2,,65998.224,83081.13000000002,True,46.439363368745965,60.29701671594598,13.857653347200014
lamf-test-d80357f1-4d3d-475b-a1da-53fbb3ddaa84,"{<resource_manager.instance.OnPremInstance object at 0x11c543e00>: [(6, 66028.224, 71008.224), (1, 71008.224, None)]}",308.2995677163823,147052.85449843088,66028.224,19250.675173015487,1,78.39835728952772,66028.224,125946.804,True,232.99014830025098,267.39256434825097,34.402416048
lamf-test-6c201a0a-e193-4746-b7c6-ff82b4d5eeef,"{<resource_manager.instance.OnPremInstance object at 0x11c543e00>: [(6, 66568.224, 71038.224), (1, 71038.224, None)]}",319.4947582934635,147066.6967651723,66568.224,19221.783479965485,2,19.318668884489412,66568.224,121247.20500000002,True,121.19452127315981,152.43747596675982,31.242954693600005
lamf-test-545db71e-0ac4-4fd9-bae7-0ae698ee188a,"{<resource_manager.instance.OnPremInstance object at 0x11c543e00>: [(5, 66628.224, None)]}",303.0498265026395,147070.66969730915,66628.224,19238.336789276487,2,,66628.224,73799.25,True,28.696999294719387,43.23984002271938,14.542840727999994
lamf-test-ed127e72-be6f-436a-8fe9-27a8ad06a858,"{<resource_manager.instance.OnPremInstance object at 0x11c543e00>: [(6, 66898.224, None)]}",328.19458272409565,147191.5680535313,66898.224,19275.823694078987,3,109.24024640657083,66898.224,81562.31104516945,True,133.8269408639694,169.5134630970938,35.68652223312438
lamf-test-56573715-8535-4ef6-86b5-dcb681b21f75,"{<resource_manager.instance.OnPremInstance object at 0x11c543e00>: [(2, 66928.224, None)]}",309.32301155717374,147306.0573547659,66928.224,19282.387646429986,2,,66928.224,104982.79900000001,True,103.45021135562034,134.32008259562036,30.86987124000001
lamf-test-870691de-e40a-44a6-b524-758dc9ee2699,"{<resource_manager.instance.OnPremInstance object at 0x11c543e00>: [(6, 68728.224, 73708.224), (1, 73708.224, None)]}",318.593861795503,147353.04056702484,68728.224,19844.948269343484,3,45.448323066392874,68728.224,78185.295,True,52.2580743782797,66.1933023758797,13.9352279976
lamf-test-f73d4880-234f-4ef4-b427-8c893deb0ab7,"{<resource_manager.instance.OnPremInstance object at 0x11c543e00>: [(5, 68908.224, 71908.224), (1, 71908.224, None)]}",289.55899307824876,147396.38574126927,68908.224,19843.948269343484,2,12.005394748834851,68908.224,102853.236,True,74.7939519330094,93.4292488002094,18.6352968672
lamf-test-95b7467a-1a49-4273-9a59-d080cf448191,"{<resource_manager.instance.OnPremInstance object at 0x11c543e00>: [(6, 69088.224, 72088.224), (1, 72088.224, None)]}",303.1008089718593,147538.1533794036,69088.224,19847.466106974483,1,47.227926078028744,69088.224,89167.38399999999,True,95.28701194007147,109.51511923607146,14.228107295999996
lamf-test-7c4919b0-6563-4e4b-a109-6e7eddf9dab2,"{<resource_manager.instance.OnPremInstance object at 0x11c543e00>: [(4, 69388.224, None)]}",284.9077105670405,147566.0448628606,69388.224,19832.441264315985,3,123.38580880675335,69388.224,99015.40199999999,True,180.25509468400628,228.32222827120626,48.067133587199976
lamf-test-9e038649-678e-4ec1-8038-665a8a0ccdab,"{<resource_manager.instance.OnPremInstance object at 0x11c543e00>: [(6, 69448.224, 71458.224), (1, 71458.224, None)]}",305.1144082584737,147620.6295582575,69448.224,19883.406959769483,1,31.642710472279262,69448.224,133773.87600000002,True,206.99286059776415,237.15962504896416,30.16676445120001
lamf-test-6557112d-0dd1-4a4f-956a-4810ab29fb87,"{<resource_manager.instance.OnPremInstance object at 0x11c543e00>: [(5, 69478.224, 70978.224), (1, 70978.224, None)]}",284.1643475390076,147733.87472922384,69478.224,20446.313584381987,3,11.407711613050422,69478.224,137750.548,True,112.97030040307249,143.09515501747248,30.1248546144
lamf-test-ecb2683b-9e41-48ec-91a2-6a6d38c45b39,"{<resource_manager.instance.OnPremInstance object at 0x11c543e00>: [(2, 69628.224, None)]}",329.9077900544537,147797.0379134913,69628.224,19838.475936194984,3,,69628.224,116811.561,True,143.53437371663242,181.80949669103242,38.2751229744
lamf-test-4b6ef0de-0d6b-4c17-a583-0b04e2222603,"{<resource_manager.instance.OnPremInstance object at 0x11c543e00>: [(6, 70288.224, None)]}",304.5800255914627,147815.73972486245,70288.224,19858.272626343485,2,,70288.224,82204.04000000001,True,51.498367738814586,80.4966975564146,28.998329817600016
lamf-test-2b8a61cc-a82b-4153-b888-886b130ebdcb,"{<resource_manager.instance.OnPremInstance object at 0x11c543e00>: [(6, 70528.224, None), (3, 78478.224, None), (7, 79978.224, None)]}",288.0380279745152,147860.43171989932,70528.224,19835.232271937984,1,160.74606433949353,70528.224,81083.28111714986,True,207.2208217951078,239.21492046256355,31.99409866745573
lamf-test-816ecb3f-0729-4858-99cd-1237c929b94a,"{<resource_manager.instance.OnPremInstance object at 0x11c543e00>: [(6, 70978.224, 74968.224), (1, 74968.224, None)]}",325.447174391888,148065.26103730593,70978.224,20433.712548837484,1,62.813141683778234,70978.224,82911.34,True,85.16429325423985,98.09608510383985,12.9317918496
lamf-test-fe21cf99-74f2-4c6e-92c0-836166b37c9b,"{<resource_manager.instance.OnPremInstance object at 0x11c543e00>: [(3, 71008.224, None)]}",306.6266107573227,148248.69312431317,71008.224,20439.632226712485,3,,71008.224,85127.57599999999,True,64.4277983116586,81.60822582525859,17.180427513599984
lamf-test-fb5bb86a-097c-4cce-b52f-faf7de14091c,"{<resource_manager.instance.OnPremInstance object at 0x11c543e00>: [(5, 71038.224, 73048.224), (2, 73048.224, None)]}",310.7135837098068,148280.50018983122,71038.224,20483.698458936986,2,8.04361448171935,71038.224,85174.876,True,41.009551230088135,54.92297133248813,13.9134201024
lamf-test-ab19fe1e-973b-44c8-a2b5-9c88f8dd630c,"{<resource_manager.instance.OnPremInstance object at 0x11c543e00>: [(5, 71458.224, 73948.224), (1, 73948.224, None)]}",310.22675767562004,148281.97340273453,71458.224,20466.861277475986,3,18.9368012776637,71458.224,112543.862,True,77.64185565442237,98.34596642722236,20.704110772799996
lamf-test-ffa00229-4854-4a3b-9050-ac62a552280b,"{<resource_manager.instance.OnPremInstance object at 0x11c543e00>: [(2, 71488.224, None)]}",328.09484391630104,148328.7728041824,71488.224,20487.150384135984,3,,71488.224,103600.291,True,97.68671990265418,123.73602865305418,26.049308750399994
lamf-test-38119ffa-10d5-4f96-9e4f-d7aa2d684f4c,"{<resource_manager.instance.OnPremInstance object at 0x11c543e00>: [(5, 71908.224, None)]}",315.0920376046709,148330.67071659316,71908.224,20474.982593678986,2,34.69559082413272,71908.224,87228.49848673437,True,61.308647624583124,92.37816428368043,31.069516659097303
lamf-test-9dd25f94-b2d8-4857-adb4-87c377066854,"{<resource_manager.instance.OnPremInstance object at 0x11c543e00>: [(3, 72088.224, None)]}",304.2337725718405,148498.6791207852,72088.224,20436.550484775486,2,,72088.224,87900.503,True,51.006965374850175,70.24734646205017,19.240381087199996
lamf-test-05011c3e-5178-4e8c-a944-565636c84b62,"{<resource_manager.instance.OnPremInstance object at 0x11c543e00>: [(2, 72118.224, None)]}",311.6110618417853,148533.33197822305,72118.224,21045.331152151983,2,,72118.224,91619.66600000001,True,53.014080347484416,68.83365009788443,15.819569750400008
lamf-test-5704a2cc-027b-4370-a7eb-9804c4d8380a,"{<resource_manager.instance.OnPremInstance object at 0x11c543e00>: [(5, 73048.224, None), (3, 79678.224, None), (7, 82708.224, None)]}",328.518781280289,148559.40285429955,73048.224,21060.336524119983,3,148.89345197353413,73048.224,87210.55083818393,True,190.01430157846062,240.68384206197163,50.66954048351103
lamf-test-64767f79-cec9-4cb3-b8c5-46b3e86d20f8,"{<resource_manager.instance.OnPremInstance object at 0x11c543e00>: [(4, 73708.224, 76198.224), (1, 76198.224, None)]}",283.87618715962776,148612.85534885773,73708.224,21050.298507968982,2,9.0689814072675,73708.224,148628.25534885775,False,156.03215483241627,,
lamf-test-4f40bb80-4246-4e5c-807f-5b2f111e8553,"{<resource_manager.instance.OnPremInstance object at 0x11c543e00>: [(4, 73888.224, 77368.224), (1, 77368.224, None)]}",300.28901978300945,148617.82475316612,73888.224,21052.692935324983,3,21.172712753821582,73888.224,114478.65299999999,True,77.61872233629931,98.31666433869931,20.697942002399994
lamf-test-e42daae1-319e-4d66-892f-ff458cefa185,"{<resource_manager.instance.OnPremInstance object at 0x11c543e00>: [(5, 73948.224, 75448.224), (1, 75448.224, None)]}",331.8539601540227,148726.13658128591,73948.224,21048.597381929983,3,11.407711613050422,73948.224,144696.59300000002,True,116.73643470986389,147.8655731762639,31.129138466400008
lamf-test-902ad2da-a958-4f6f-a105-0cf09133c223,"{<resource_manager.instance.OnPremInstance object at 0x11c543e00>: [(4, 74968.224, None)]}",319.6161610919672,148751.39591665685,74968.224,21089.348989192982,3,,74968.224,85110.504,True,61.706776180698135,78.16161125269814,16.454835071999998
lamf-test-1945932c-936e-4e58-b59b-8fc5fe0a5a90,"{<resource_manager.instance.OnPremInstance object at 0x11c543e00>: [(4, 75448.224, 78448.224), (1, 78448.224, None)]}",307.9539703217035,148780.86041725538,75448.224,21042.635539039984,1,31.713438284280173,75448.224,89362.17599999999,True,62.42423180469995,71.71813073589995,9.293898931199996
lamf-test-b4f2a445-161d-42de-8bf2-99cedcdf1a1d,"{<resource_manager.instance.OnPremInstance object at 0x11c543e00>: [(2, 75478.224, None)]}",317.30210148260704,148848.5326273225,75478.224,21077.27339823998,2,,75478.224,93766.54800000001,True,49.716255749540345,64.55174417834036,14.835488428800007
lamf-test-4bdc3b38-4b50-41c5-90d1-8319dfa6ef3f,"{<resource_manager.instance.OnPremInstance object at 0x11c543e00>: [(5, 75628.224, None)]}",321.16833722466623,148905.81078409293,75628.224,21063.632965564982,2,,75628.224,90522.994,True,59.60586451436764,89.81245807436764,30.206593560000005
lamf-test-10d63afb-c09f-4af6-a622-71a25fae2fdf,"{<resource_manager.instance.OnPremInstance object at 0x11c543e00>: [(4, 76168.224, 79168.224), (1, 79168.224, None)]}",310.7244065884292,149007.9001607912,76168.224,21657.06330389098,2,10.926483623213857,76168.224,147204.102,True,148.9737597521914,181.4363118689914,32.462552116800005
lamf-test-068fc1f2-6deb-41a2-ae15-564e581e4490,"{<resource_manager.instance.OnPremInstance object at 0x11c543e00>: [(3, 76198.224, None)]}",318.6864958169501,149039.3004153632,76198.224,21676.76103199598,1,,76198.224,89822.36699999998,True,108.79420602327158,125.37206322567157,16.57785720239998
lamf-test-8af4e2ac-cf32-4cee-877b-e9f4b759f7f3,"{<resource_manager.instance.CloudReservedInstance object at 0x11c744710>: [(2, 77008.224, None)], <resource_manager.instance.CloudReservedInstance object at 0x11c58e2c0>: [(1, 77008.224, None)], <resource_manager.instance.CloudReservedInstance object at 0x11c74c6e0>: [(1, 77008.224, None)]}",289.77114078776196,149049.8282051211,77008.224,21675.065374116977,3,,77008.224,87181.26172748282,True,56.7360838605273,92.28067768035227,35.54459381982497
lamf-test-f3dda1e4-5862-4683-8e1d-465d2dca42c3,"{<resource_manager.instance.OnPremInstance object at 0x11c543e00>: [(4, 77368.224, 78898.224), (1, 78898.224, None)]}",305.16980399325007,149250.24763617993,77368.224,21681.124335006978,1,16.17385352498289,77368.224,141981.385,True,193.68369891246485,221.75250101406485,28.0688021016
lamf-test-b284ea68-a93a-41ac-9d3b-a2d0c0674e21,"{<resource_manager.instance.OnPremInstance object at 0x11c543e00>: [(2, 77398.224, None)]}",312.0323931368153,149275.8757183449,77398.224,21654.06330389098,1,,77398.224,95701.94799999999,True,98.8337062894516,113.68168719825158,14.84798090879999
lamf-test-bc23b10d-c69c-4408-9782-8739fbb3209f,"{<resource_manager.instance.OnPremInstance object at 0x11c543e00>: [(3, 78268.224, None)]}",310.0193593332558,149315.26091497944,78268.224,21672.723309782978,1,124.81177275838468,78268.224,108501.96399999999,True,241.42845083276288,278.21686566476285,36.788414831999994
lamf-test-274e2f12-b4e9-499b-9b88-36da25e54e24,"{<resource_manager.instance.OnPremInstance object at 0x11c543e00>: [(5, 79168.224, None), (4, 86638.224, None), (4, 89638.224, None)]}",331.60036141298406,149402.0586828867,79168.224,21655.06330389098,1,204.45128907141225,79168.224,93351.00127417836,True,296.811358327967,342.48845033925465,45.677092011287634
lamf-test-9bda5a96-e4e1-4b91-bbbb-1dacf1ed28b2,"{<resource_manager.instance.OnPremInstance object at 0x11c543e00>: [(6, 81148.224, 85138.224), (2, 85138.224, None)]}",334.4551264679061,149478.8557630806,81148.224,21683.27385192198,3,36.41341546885695,81148.224,125945.725,True,160.55213628412807,203.36524509532808,42.8131088112
lamf-test-5168b562-8a76-449b-98c0-cc2731c9ca3c,"{<resource_manager.instance.OnPremInstance object at 0x11c543e00>: [(2, 81178.224, None)]}",309.5107801118846,149489.52063333718,81178.224,21662.46532916698,1,,81178.224,98979.03899999999,True,96.11817362537069,110.55819475337067,14.440021127999989
lamf-test-72ac3048-5fdb-4c21-afcd-eed6fe82e6d1,"{<resource_manager.instance.OnPremInstance object at 0x11c543e00>: [(3, 81208.224, None)]}",305.99164294117367,149526.207138422,81208.224,21695.914551625978,1,,81208.224,84697.787,True,27.865549851699704,32.111650110099696,4.246100258399994
lamf-test-f483d0b8-ba08-4711-99f9-47af2ee222a5,"{<resource_manager.instance.OnPremInstance object at 0x11c543e00>: [(3, 81238.224, 83248.224), (1, 83248.224, None)]}",312.7927875459608,149623.58224951348,81238.224,21656.06330389098,2,6.483821870550658,81238.224,149638.9822495135,False,141.19309006699814,,
lamf-test-fd42a6f7-5546-4968-b0ee-4f887fda9461,"{<resource_manager.instance.OnPremInstance object at 0x11c543e00>: [(5, 81628.224, None)]}",313.44017426263486,149824.84532824843,81628.224,22260.961642783976,1,218.27287246178415,81628.224,113812.79999999999,True,423.4490568104036,488.71937693840357,65.27032012799997
lamf-test-d2030552-fada-4868-9884-3081a3d5e562,"{<resource_manager.instance.OnPremInstance object at 0x11c543e00>: [(4, 81658.224, None)]}",335.70235460840024,149914.12180852535,81658.224,22280.722342086974,3,99.29272187999086,81658.224,102955.90199999999,True,129.57747661419108,164.13082940139105,34.55335278719998
lamf-test-88d97e0c-88fe-4c62-bc84-030e5f7776f1,"{<resource_manager.instance.OnPremInstance object at 0x11c543e00>: [(3, 82288.224, None)]}",304.4592028444548,150036.28965704003,82288.224,22851.520558094973,1,,82288.224,97382.594,True,120.5345539584759,138.9013833744759,18.366829415999995
lamf-test-ea317cde-8e65-4009-bbcb-6720d6ab3fc4,"{<resource_manager.instance.OnPremInstance object at 0x11c543e00>: [(5, 82468.224, None)]}",322.00845242777757,150110.6196590783,82468.224,22279.722342086974,2,38.65737109124822,82468.224,95164.12335398863,True,50.80642781203695,76.55371170192589,25.747283889888937
lamf-test-a13d6194-2358-4887-a070-b00cd35c865e,"{<resource_manager.instance.OnPremInstance object at 0x11c543e00>: [(3, 84748.224, None)]}",302.61921821621866,150188.60205963365,84748.224,22285.842920500974,2,,84748.224,96871.34,True,39.10652968160327,53.857937230403266,14.751407548799994
lamf-test-1e1b6610-69b2-4869-80ff-74a807042404,"{<resource_manager.instance.OnPremInstance object at 0x11c543e00>: [(5, 85138.224, None), (4, 90598.224, None)]}",310.82543279392,150217.04584106663,85138.224,22261.961642783976,3,41.52407027150354,85138.224,93062.114,True,75.25288615103808,95.31995020703809,20.067064056
lamf-test-8b57f8ca-98cc-4c1b-8aa2-5b91c1f45b09,"{<resource_manager.instance.OnPremInstance object at 0x11c543e00>: [(2, 85168.224, None)]}",306.9047417051023,150258.28617898904,85168.224,22281.722342086974,2,,85168.224,106700.31099999999,True,58.5343273726642,76.00115634706418,17.466828974399988
lamf-test-9f4c8a2a-2fe4-4712-9592-1f90f46792d9,"{<resource_manager.instance.OnPremInstance object at 0x11c543e00>: [(5, 85198.224, None)]}",322.9477688777042,150286.58411526599,85198.224,22857.07979595597,1,133.41090577230207,85198.224,96489.25213274574,True,148.55486097536024,171.4530660285686,22.898205053208347
lamf-test-9953a2a0-1d7c-4068-bf98-538acafc2ac3,"{<resource_manager.instance.OnPremInstance object at 0x11c543e00>: [(6, 85288.224, 89278.224), (2, 89278.224, None)]}",299.47595690366575,150286.69389611675,85288.224,22890.54728706347,2,17.244180950584507,85288.224,120669.054,True,102.57920303737293,137.75350833337293,35.174305296
lamf-test-aa0c06ad-8e28-471d-8a21-4c2106849993,"{<resource_manager.instance.CloudReservedInstance object at 0x11c744710>: [(2, 87268.224, None)], <resource_manager.instance.CloudReservedInstance object at 0x11c58e2c0>: [(1, 87268.224, None)], <resource_manager.instance.CloudReservedInstance object at 0x11c74c6e0>: [(1, 87268.224, None)]}",297.7430444733612,150314.7678442162,87268.224,22278.491144912976,1,132.35531219104115,87268.224,142784.5360576848,True,564.35321152766,758.3272058572107,193.9739943295507
lamf-test-8c42c6bf-e604-4e96-bc18-75bc6db194f5,"{<resource_manager.instance.OnPremInstance object at 0x11c543e00>: [(2, 87328.224, None)]}",304.5244415439068,150331.95956152712,87328.224,22880.75887540347,2,,87328.224,93301.532,True,16.238257163356,21.083804612956,4.845547449600003
lamf-test-a7dc0f00-a53e-4f14-ba21-5c93f2b6c280,"{<resource_manager.instance.OnPremInstance object at 0x11c543e00>: [(4, 87358.224, None), (4, 101458.224, None)]}",278.74097160023985,150469.31696885166,87358.224,22848.929703845974,2,90.76656169364442,87358.224,108966.36158574927,True,106.04616794345566,153.28441278169487,47.238244838239225
lamf-test-9805f54e-1cae-487c-b904-2cb93c2a7afb,"{<resource_manager.instance.OnPremInstance object at 0x11c543e00>: [(3, 87388.224, None)]}",328.01417674151406,150542.22239715658,87388.224,22897.08295555247,3,20.396988364134153,87388.224,94849.459,True,34.04624686287931,43.12507761087931,9.078830748000001
lamf-test-292ff255-562b-496c-972f-f8340f6cddab,"{<resource_manager.instance.OnPremInstance object at 0x11c543e00>: [(2, 87418.224, None)]}",321.5271161172489,150608.30237026894,87418.224,22863.77598464097,1,,87418.224,120290.309,True,177.4977591451821,204.1635944971821,26.66583535199999
lamf-test-8f5d07e8-2d0c-4ca5-874d-d1e790990809,"{<resource_manager.instance.OnPremInstance object at 0x11c543e00>: [(6, 87448.224, 89458.224), (1, 89458.224, None)]}",302.97405507839164,150695.38403441684,87448.224,22877.58868316197,1,31.642710472279262,87448.224,150710.78403441687,False,204.001423779255,,
lamf-test-7bd8b2d3-250f-4731-829c-d7a0653ffcb3,"{<resource_manager.instance.OnPremInstance object at 0x11c543e00>: [(4, 87478.224, None)]}",301.8009690341694,150768.81960390898,87478.224,22843.658121637975,3,,87478.224,93658.83200000001,True,37.60351661723329,47.6309350364333,10.027418419200012
lamf-test-fd11e4ea-cdef-4f38-a062-f8e8f6529d33,"{<resource_manager.instance.OnPremInstance object at 0x11c543e00>: [(6, 89278.224, None), (5, 93268.224, None)]}",323.9849795842166,150821.28817011512,89278.224,22879.75887540347,1,237.07734428473648,89278.224,101708.98579099595,True,306.7472416593248,354.11660846603235,47.36936680670754
lamf-test-ca0b2ac7-3ce2-4e8c-a6e1-096d01ef9a8a,"{<resource_manager.instance.OnPremInstance object at 0x11c543e00>: [(6, 89308.224, None), (6, 94288.224, None)]}",322.6901850057595,150873.82716319239,89308.224,22903.997216305466,1,238.02874743326493,89308.224,101276.46162427853,True,298.4250039129447,344.55748207783313,46.13247816488844
lamf-test-72359355-373b-4aa6-9d80-111deeae4206,"{<resource_manager.instance.OnPremInstance object at 0x11c543e00>: [(4, 89338.224, None), (4, 105368.76, None)]}",293.68085416171726,150926.0360162718,89338.224,23463.344056086466,3,184.90597307780044,89338.224,117021.96072103408,True,239.33036697585004,303.1506142818614,63.820247306011375
lamf-test-aa966776-8b52-45e3-81e8-3d502aee1701,"{<resource_manager.instance.OnPremInstance object at 0x11c543e00>: [(3, 89458.224, None), (3, 102088.224, None)]}",277.6854198628887,150989.08869831782,89458.224,23479.517297142465,1,100.85557837097879,89458.224,104486.49638743977,True,139.15789804261544,160.36251772468884,21.20461968207341
lamf-test-096a164d-3416-42b7-999a-d92269a9a7ca,"{<resource_manager.instance.OnPremInstance object at 0x11c543e00>: [(6, 90568.224, None), (5, 96658.224, None)]}",310.89137174012484,151029.4743013877,90568.224,22854.436097090973,3,131.87314624686286,90568.224,104253.31420729513,True,182.65418249334004,231.361060962208,48.70687846886795
lamf-test-6a7cd0bb-34c7-4263-9cc7-17fa07eb0a15,"{<resource_manager.instance.OnPremInstance object at 0x11c543e00>: [(4, 91768.224, None), (4, 95758.224, None)]}",298.21973828332,151043.52626484918,91768.224,23450.773529063466,1,105.60574948665298,91768.224,100260.75723429972,True,137.37274615068222,158.45594198933793,21.083195838655712
lamf-test-f6c3e1ca-41d1-4659-a1c2-f6d7cca0c5e7,"{<resource_manager.instance.OnPremInstance object at 0x11c543e00>: [(2, 92008.224, None)]}",330.89870791023526,151079.5393686456,92008.224,23485.593219547467,2,,92008.224,103140.92199999999,True,30.263902856838907,39.2947474744389,9.03084461759999
lamf-test-e0a17229-9bf9-416c-a5a2-49e15e4b17e7,"{<resource_manager.instance.OnPremInstance object at 0x11c543e00>: [(2, 93148.224, None)]}",300.8789137634496,151100.28875582493,93148.224,22872.45968558097,3,,93148.224,113202.384,True,61.00588637919234,77.27382097119235,16.267934592000003
lamf-test-47c1fe4b-c260-4538-9b53-fe9eeae00c5f,"{<resource_manager.instance.OnPremInstance object at 0x11c543e00>: [(2, 93178.224, None)]}",307.40827687661385,151129.59554200503,93178.224,23447.165431534468,3,,93178.224,135186.771,True,127.79237052247319,161.8697038488732,34.0773333264
lamf-test-9293cd6c-713f-41c3-8b50-410b94532b8e,"{<resource_manager.instance.OnPremInstance object at 0x11c543e00>: [(4, 93208.224, 95698.224), (1, 95698.224, None)]}",276.94819521132933,151243.47494082246,93208.224,23452.201482833465,2,9.0689814072675,93208.224,151258.87494082248,False,121.80356715529672,,
lamf-test-692078cb-d4fe-44db-acc1-5eececdc7c24,"{<resource_manager.instance.OnPremInstance object at 0x11c543e00>: [(3, 93448.224, None)]}",293.9568407519619,151252.06560889454,93448.224,23507.404644268467,2,,93448.224,114945.902,True,69.34682327485359,95.50519786525359,26.1583745904
lamf-test-dc701733-214d-4503-9e86-a7c5623aa494,"{<resource_manager.instance.OnPremInstance object at 0x11c543e00>: [(2, 93478.224, None)]}",290.04127710324553,151295.2359879882,93478.224,23496.591682798466,2,,93478.224,109083.20300000001,True,42.42166351220627,55.08042247700628,12.658758964800006
lamf-test-2ef3ba74-0be9-4758-9e8b-663933377574,"{<resource_manager.instance.OnPremInstance object at 0x11c543e00>: [(4, 93508.224, None), (4, 110438.76, None)]}",315.97195408362086,151423.00167714394,93508.224,23454.934633448465,3,103.00729180926301,93508.224,111646.67269371987,True,117.70544611720885,149.0929828321911,31.387536714982236
lamf-test-cb995d16-8bd4-4a69-981f-1cf758860367,"{<resource_manager.instance.OnPremInstance object at 0x11c543e00>: [(5, 93538.224, None)]}",320.1908267325743,151439.3289412137,93538.224,23500.359796047465,3,33.99498060689026,93538.224,102485.08600000001,True,68.04214769183974,86.18638382783976,18.144236136000014
lamf-test-2744811c-a0e4-4a9d-a448-520fba53466a,"{<resource_manager.instance.OnPremInstance object at 0x11c543e00>: [(2, 93688.224, None)]}",316.8459168651483,151462.4744045079,93688.224,23491.866729565467,2,,93688.224,105316.13100000001,True,31.61011354806873,41.04267170646873,9.432558158400004
lamf-test-d878f6cc-ec52-4963-a36e-567d3077f66a,"{<resource_manager.instance.OnPremInstance object at 0x11c543e00>: [(6, 93868.224, 96868.224), (1, 96868.224, None)]}",318.40559881515793,151670.15440939416,93868.224,24079.102686862465,2,12.965549586905645,93868.224,128753.845,True,77.66263671394947,97.89624459154948,20.2336078776
lamf-test-aa81efdb-fc5d-4cd5-94a6-0293c55ec5bf,"{<resource_manager.instance.OnPremInstance object at 0x11c543e00>: [(3, 95248.224, None)]}",315.17534780850235,151675.33884502,95248.224,24064.643115521467,1,,95248.224,114031.757,True,149.99398927675105,172.84979223115104,22.855802954399998
lamf-test-0111158b-0edf-40ea-8c3c-c453441d9f4b,"{<resource_manager.instance.OnPremInstance object at 0x11c543e00>: [(2, 95698.224, None)]}",288.9103792556111,151677.47047816156,95698.224,23499.359796047465,3,,95698.224,133537.799,True,115.11012244277129,145.8055856827713,30.69546324
lamf-test-9997ef6b-f372-462c-b591-ebc6c42f345e,"{<resource_manager.instance.OnPremInstance object at 0x11c543e00>: [(6, 96928.224, None), (3, 100408.224, None)]}",309.99816308035867,151679.08211320924,96928.224,24066.667443981467,3,77.07783709787806,96928.224,109184.66365772967,True,151.90198025639523,192.40842358297164,40.506443326576395
lamf-test-e95a3924-2808-4cd5-8af6-82985caaa091,"{<resource_manager.instance.OnPremInstance object at 0x11c543e00>: [(4, 97468.224, None)]}",315.57124577879193,151738.91514857538,97468.224,24080.102686862465,1,,97468.224,134037.17200000002,True,386.5756918396838,445.90515307488386,59.32946123520003
lamf-test-d13deae5-f303-4855-93f8-a16639da1c4e,"{<resource_manager.instance.OnPremInstance object at 0x11c543e00>: [(6, 99088.224, None), (5, 106058.76, None)]}",299.620254990436,151742.11077747014,99088.224,24100.938912153466,2,53.09887884065154,99088.224,110031.48828787603,True,63.19320236429495,97.88142330308263,34.68822093878768
lamf-test-790ebc9f-5e2e-4113-9df6-6e81d9cf4244,"{<resource_manager.instance.OnPremInstance object at 0x11c543e00>: [(3, 100348.224, 101848.224), (1, 101848.224, None)]}",301.00617936440153,151753.56036422675,100348.224,24103.938912153466,1,11.978097193702943,100348.224,105828.623,True,23.178550688265283,26.618200522665283,3.439649834400002
lamf-test-b6e7251f-5c74-4bdc-b21f-2dc66654db99,"{<resource_manager.instance.OnPremInstance object at 0x11c543e00>: [(3, 100378.224, None)]}",320.3340679876566,151761.2680238207,100378.224,24067.667443981467,3,,100378.224,121150.29299999999,True,94.7847091033538,120.0601626625538,25.27545355919999
lamf-test-218a245a-408e-4403-969e-14eebe33638f,"{<resource_manager.instance.CloudReservedInstance object at 0x11c744710>: [(1, 101248.224, None)], <resource_manager.instance.CloudOnDemandInstance object at 0x11c58e780>: [(1, 101248.224, None)]}",310.9184525812873,151777.24474278334,101248.224,24102.938912153466,3,,101248.224,151792.64474278336,False,153.75898012862837,,
lamf-test-df1d19ca-065c-450e-a725-063e1023eff0,"{<resource_manager.instance.OnPremInstance object at 0x11c543e00>: [(5, 101308.224, None), (4, 106778.76, None)]}",308.41567960151576,151809.526389619,101308.224,24078.102686862465,2,41.84271557291969,101308.224,115121.16504770852,True,85.66098735070968,127.20834974486486,41.547362394155186
lamf-test-5ccd4315-8d5b-4044-a8be-038248a6e5e8,"{<resource_manager.instance.OnPremInstance object at 0x11c543e00>: [(6, 101338.224, None), (3, 104828.76, None)]}",316.3732896893923,151851.68606858884,101338.224,24057.706666042468,1,104.77914305270352,101338.224,110909.2629640098,True,199.2286772204014,229.9195136498228,30.690836429421385
lamf-test-8293fc83-5d58-4550-955e-87592cc2b6b3,"{<resource_manager.instance.OnPremInstance object at 0x11c543e00>: [(6, 101788.224, None), (4, 109058.76, None)]}",333.7462784146,151902.29602750353,101788.224,24113.830928635467,3,124.46357289527703,101788.224,114404.60816005993,True,147.6640012177341,187.04033776453718,39.376336546803074
lamf-test-468c807d-fae3-4ffc-8fac-cef2c72bf30d,"{<resource_manager.instance.OnPremInstance object at 0x11c543e00>: [(6, 102568.224, 104078.76), (1, 104078.76, None)]}",313.1968318342145,151953.3180843705,102568.224,24065.643115521467,2,6.528309803602004,102568.224,111029.87700000001,True,20.632379540217023,27.12779300501701,6.495413464799988
lamf-test-a0b5829d-4134-40de-ab3a-fd1ed034a5b9,"{<resource_manager.instance.CloudOnDemandInstance object at 0x11c58e780>: [(3, 102598.224, None)]}",283.38611537295816,152008.8754178952,102598.224,24706.259747569467,1,,102998.76,152024.27541789523,False,394.68669852300553,,
lamf-test-8433fa81-6093-4f66-8fcd-c8019d82fc62,"{<resource_manager.instance.OnPremInstance object at 0x11c543e00>: [(2, 103028.76, None)]}",289.2015979209701,152044.66939404822,103028.76,24088.631276930464,1,,103028.76,125773.965,True,122.8161498973306,141.2670601933306,18.450910296
lamf-test-c609bf72-d17c-450a-8e65-16fe23e38281,"{<resource_manager.instance.OnPremInstance object at 0x11c543e00>: [(2, 103058.76, None)]}",326.56864801291823,152059.82692520623,103058.76,24055.131357588467,3,,103058.76,145290.00699999998,True,128.46983648946684,162.72782405586685,34.25798756639999
lamf-test-b7f32954-df1d-496f-a3cc-c6c4fa4f08d9,"{<resource_manager.instance.OnPremInstance object at 0x11c543e00>: [(5, 103448.76, None), (4, 124720.36799999997, None), (8, 126100.36799999997, None)]}",304.69312328634965,152090.08900119795,103448.76,24658.776210992466,1,312.61298836413386,103448.76,128198.3369640098,True,406.27089252975605,468.9131811543965,62.64228862464048
lamf-test-3f74eedf-69e6-447f-8faf-d6b3b1a74541,"{<resource_manager.instance.OnPremInstance object at 0x11c543e00>: [(2, 103628.76, None)]}",300.3151945622659,152094.3392260541,103628.76,24077.102686862465,3,,103628.76,128082.292,True,74.38902426040005,94.22572941880006,19.836705158400004
lamf-test-3db3ef42-5e5e-4b66-b377-23e8be44e0c4,"{<resource_manager.instance.OnPremInstance object at 0x11c543e00>: [(3, 104078.76, None)]}",310.51400717904033,152205.03619071798,104078.76,24710.26665031647,2,51.29512125737471,104078.76,132599.573,True,92.00192591805254,126.70605117645255,34.70412525840001
lamf-test-ffd1b71e-c754-457f-beb0-15002780a4cd,"{<resource_manager.instance.OnPremInstance object at 0x11c543e00>: [(2, 104108.76, None)]}",333.17802435465063,152229.51748248015,104108.76,24688.213502990468,3,,104108.76,128347.29199999999,True,73.73498212791844,93.39727928631844,19.662297158399994
lamf-test-a7d1927a-cf2d-4926-967f-138bb5393300,"{<resource_manager.instance.OnPremInstance object at 0x11c543e00>: [(6, 104288.76, 105788.76), (1, 105788.76, None)]}",312.0843911485237,152229.69556470218,104288.76,24664.573373003466,2,6.482774793452823,104288.76,116206.876,True,27.621511860911845,35.497499710511846,7.875987849600004
lamf-test-0c9d7093-d308-489f-9f7c-949564b43da8,"{<resource_manager.instance.OnPremInstance object at 0x11c543e00>: [(3, 104318.76, None)]}",341.93839758920444,152232.39648854596,104318.76,24716.24228104247,3,,104318.76,129267.50099999999,True,113.84321697467485,144.20084502347484,30.357628048799995
lamf-test-a9c2f748-704b-4cdc-85cd-14af26c3a0f5,"{<resource_manager.instance.OnPremInstance object at 0x11c543e00>: [(4, 104528.76, None), (3, 108998.76, None), (8, 118450.36799999997, None)]}",318.66785267265954,152235.81718463445,104528.76,24661.573373003466,2,103.74905790720832,104528.76,121716.25496612448,True,119.56006840044977,173.51685813595122,53.956789735501474
lamf-test-8add939b-0d3e-460d-9871-cabe0ac805f6,"{<resource_manager.instance.OnPremInstance object at 0x11c543e00>: [(2, 104558.76, None)]}",308.8827630823316,152242.3935096835,104558.76,24718.75276987047,1,,104558.76,132701.455,True,151.960707658377,174.79006184237699,22.829354183999993
lamf-test-8d9e2b15-af68-4d53-96f3-d2ed88fe313d,"{<resource_manager.instance.CloudReservedInstance object at 0x11c741310>: [(1, 107408.76, None)], <resource_manager.instance.CloudReservedInstance object at 0x11c741090>: [(3, 107408.76, None), (1, 121150.36799999997, None)], <resource_manager.instance.CloudReservedInstance object at 0x11c58e2c0>: [(1, 107408.76, None)], <resource_manager.instance.CloudReservedInstance object at 0x11c74c6e0>: [(1, 107408.76, None)]}",290.64783908667005,152269.32189254372,107408.76,24715.24228104247,3,66.18768271351422,107408.76,152284.72189254375,False,231.9344902637511,,
lamf-test-fd3332ce-df25-4a32-8132-74451e729842,"{<resource_manager.instance.OnPremInstance object at 0x11c543e00>: [(5, 108848.76, 110348.76), (1, 110348.76, None)]}",314.3128283614734,152273.7351945917,108848.76,24685.213502990468,1,19.735341090577226,108848.76,152289.1351945917,False,137.75145503079273,,
lamf-test-301ed0a6-99cf-4eba-bab7-e5dbbca6ce7c,"{<resource_manager.instance.OnPremInstance object at 0x11c543e00>: [(4, 109028.76, None), (3, 123550.36799999997, None), (8, 126310.36799999997, None), (8, 127690.36799999997, None)]}",322.7128466056759,152329.5265541506,109028.76,24678.918217603466,3,149.22265115217874,109028.76,129382.75849328638,True,208.42864605002254,264.00858730299274,55.57994125297023
lamf-test-f110d8f3-23dd-42e9-8429-8b28407ddd7e,"{<resource_manager.instance.OnPremInstance object at 0x11c543e00>: [(6, 109208.76, None)]}",301.2291020786883,152332.35825891735,109208.76,24657.776210992466,1,,109208.76,119136.04,True,156.2816153319644,180.4406439399644,24.159028608
lamf-test-ad16e952-0cca-41c7-9fd4-aa3d76092c2a,"{<resource_manager.instance.OnPremInstance object at 0x11c543e00>: [(2, 109238.76, None)]}",295.4536471781582,152336.389982659,109238.76,24686.213502990468,1,,109238.76,150049.58900000004,True,220.3641994828506,253.46994396765064,33.105744484800034
lamf-test-8638fd62-6efe-4c20-99a4-4066fa449bb7,"{<resource_manager.instance.OnPremInstance object at 0x11c543e00>: [(2, 109268.76, None)]}",298.8839218054394,152442.07795201754,109268.76,24711.26665031647,3,,109268.76,133004.383,True,72.2051045706898,91.45944194828981,19.254337377600006
lamf-test-ef516eeb-4aa2-4149-84fb-f2df08d8e508,"{<resource_manager.instance.OnPremInstance object at 0x11c543e00>: [(2, 110048.76, None)]}",311.8946764585727,152453.10715037156,110048.76,24728.02483483347,3,,110048.76,143423.75400000002,True,101.52861510381022,128.60241023661024,27.073795132800015
lamf-test-f16665ee-edca-44bc-8667-81b0b7135bf5,"{<resource_manager.instance.OnPremInstance object at 0x11c543e00>: [(3, 110078.76, None), (3, 132820.36799999996, None), (5, 134020.36799999996, None), (6, 137320.36799999996, None)]}",311.6491108609515,152545.11389056745,110078.76,24675.982014687466,2,115.59744275946235,110078.76,138343.1684472976,True,130.70953636789088,183.07753862649747,52.368002258606595
lamf-test-392c05ba-10be-4e78-a3a0-52bfeef6fc2d,"{<resource_manager.instance.OnPremInstance object at 0x11c543e00>: [(3, 110108.76, None)]}",321.5347583668584,152572.27116778423,110108.76,24707.78946076947,1,,110108.76,129882.71099999998,True,157.9028713210129,181.96381489781288,24.060943576799986
lamf-test-f4699487-e2f2-4f73-9c8b-3bed156050c7,"{<resource_manager.instance.OnPremInstance object at 0x11c543e00>: [(3, 110138.76, None)]}",295.77899706678875,152589.0423907633,110138.76,24674.827582341466,2,,110138.76,121766.667,True,37.50909339071101,51.65793062831102,14.14883723760001
lamf-test-d2d7cb5f-b6d4-4643-85b6-7c5def471a4e,"{<resource_manager.instance.OnPremInstance object at 0x11c543e00>: [(4, 110348.76, None), (3, 139780.36799999996, None)]}",304.94728314192844,152674.17145923252,110348.76,24673.827582341466,1,311.12582797170853,110348.76,141971.774,True,351.79075032321896,405.76243105761904,53.97168073440007
lamf-test-cfddfdef-fe2e-45ad-8560-6fe3d62d6b0a,"{<resource_manager.instance.OnPremInstance object at 0x11c543e00>: [(2, 110948.76, None)]}",315.13941756268656,152822.76879674388,110948.76,24720.09156599547,3,,110948.76,120595.83099999999,True,29.346934367632507,37.1726383628325,7.825703995199997
lamf-test-b3e3f869-98f2-4ec8-bbf6-0c042404572c,"{<resource_manager.instance.OnPremInstance object at 0x11c543e00>: [(4, 110978.76, None)]}",313.64851936596733,152872.34307577985,110978.76,25273.80351467547,2,,110978.76,124092.294,True,47.7616048311527,69.0370023927527,21.2753975616
lamf-test-be918503-1360-4f36-b485-22f30f9e797e,"{<resource_manager.instance.CloudReservedInstance object at 0x11c74c6e0>: [(1, 111548.76, None)], <resource_manager.instance.CloudOnDemandInstance object at 0x11c58e780>: [(1, 111548.76, None)]}",285.4277316494616,152945.13949198188,111548.76,24694.019413664464,3,,111548.76,152960.5394919819,False,104.98080840617007,,
lamf-test-82c4ab04-3ecb-433b-af0f-ca823445bb19,"{<resource_manager.instance.CloudOnDemandInstance object at 0x11c58e780>: [(2, 111578.76, None)]}",315.22781690787207,153179.28903000907,111578.76,25316.45163719247,2,,111979.29599999999,153194.6890300091,False,113.13164458977496,,
lamf-test-48b882cf-9036-46be-bc48-393458a804a5,"{<resource_manager.instance.OnPremInstance object at 0x11c543e00>: [(3, 112009.29599999999, None)]}",302.75177020472233,153311.61280179291,112009.29599999999,25924.78413298047,1,51.67408624229968,112009.29599999999,141227.61800000002,True,233.31993383527288,268.8727880448729,35.552854209600035
lamf-test-126e2855-07db-43fa-b439-d9b840b19bc8,"{<resource_manager.instance.OnPremInstance object at 0x11c543e00>: [(5, 112039.29599999999, None), (5, 114049.29599999999, None)]}",318.1127601463231,153639.94989436574,112039.29599999999,25886.20003145247,2,17.888038175763928,112039.29599999999,116492.56676035302,True,27.59856778593534,41.58475398992722,13.986186203991885
lamf-test-66cd8497-ae77-462b-b793-0f387087c6da,"{<resource_manager.instance.OnPremInstance object at 0x11c543e00>: [(6, 113839.29599999999, None), (3, 123310.36799999997, None), (4, 124240.36799999997, None)]}",301.4980639885899,153802.1822296848,113839.29599999999,25906.49547781647,2,47.95184887438101,113839.29599999999,125832.73721158369,True,65.77013088315272,100.61004808119131,34.83991719803859
lamf-test-99025f0c-24c1-4390-aabb-11e1215ca402,"{<resource_manager.instance.OnPremInstance object at 0x11c543e00>: [(4, 114439.29599999999, None), (3, 118420.36799999997, None)]}",311.1930919467007,153909.81182255456,114439.29599999999,26490.451480777472,1,87.73359251654102,114439.29599999999,123886.74799999999,True,143.5216159403759,165.50065324917594,21.97903730880003
lamf-test-e78e1cc2-6e29-4c61-bc91-985e5bc2f3d3,"{<resource_manager.instance.OnPremInstance object at 0x11c543e00>: [(2, 114469.29599999999, None)]}",302.016014841831,154255.82892890205,114469.29599999999,26507.120469572972,2,,114469.29599999999,136719.29200000002,True,60.485941279378615,78.53513803457864,18.049196755200022
lamf-test-41abfa7b-4d2e-4f8d-8223-ac01154402e5,"{<resource_manager.instance.OnPremInstance object at 0x11c543e00>: [(5, 114499.29599999999, None), (3, 117490.36799999997, None)]}",281.0110578746165,154287.9840280809,114499.29599999999,26475.583247188468,1,103.41436276522911,114499.29599999999,122619.58231799841,True,147.79656524477633,170.50573387981765,22.709168635041312
lamf-test-5092ef74-6b46-43b7-99dd-8d0710db91b8,"{<resource_manager.instance.OnPremInstance object at 0x11c543e00>: [(2, 114979.29599999999, None)]}",322.80175063254035,154332.77053766215,114979.29599999999,26491.451480777472,2,,114979.29599999999,127102.412,True,32.95632423929851,42.79059593849852,9.834271699200007
lamf-test-19bc22b3-fa83-4e8f-80ba-b5e9bf28dfd3,"{<resource_manager.instance.OnPremInstance object at 0x11c543e00>: [(3, 115159.29599999999, None)]}",295.4218339024769,154390.07085008096,115159.29599999999,26483.85188266047,3,,115159.29599999999,153701.38,True,175.870791695186,222.76879950638602,46.898007811200024
lamf-test-c274bdfc-8db1-4605-b2d9-a7aecde8c778,"{<resource_manager.instance.OnPremInstance object at 0x11c543e00>: [(6, 115189.29599999999, None), (6, 119680.36799999997, None), (7, 122080.36799999997, None)]}",265.46601281858847,154411.14884674267,115189.29599999999,26525.354756680474,1,146.2660205338807,115189.29599999999,123881.18492801959,True,235.9713279985433,272.45989639183364,36.488568393290336
lamf-test-40e901f4-82e9-4267-8389-b0ffba33f220,"{<resource_manager.instance.OnPremInstance object at 0x11c543e00>: [(2, 115219.29599999999, None)]}",288.17880631872265,154428.67802464246,115219.29599999999,26512.716837237473,3,,115219.29599999999,154444.07802464248,False,119.32400037916949,,
lamf-test-149ce9f5-0d8c-4297-a44f-d357e4f39148,"{<resource_manager.instance.CloudReservedInstance object at 0x11c744710>: [(2, 115999.29599999999, None)]}",300.3994249069391,154553.20351906316,115999.29599999999,27114.92246123547,2,,115999.29599999999,154568.60351906318,False,104.84949614302624,,
lamf-test-7ebc6423-600b-435f-a9e9-a2b0849ab334,"{<resource_manager.instance.CloudOnDemandInstance object at 0x11c58e780>: [(1, 116029.29599999999, None)], <resource_manager.instance.CloudOnDemandInstance object at 0x11c7411d0>: [(1, 116029.29599999999, None)]}",316.11199289564274,154589.25350409411,116029.29599999999,26498.337189528473,3,,116429.83199999998,154604.65350409414,False,78.23227622702694,,
lamf-test-b5a60c8a-d1f9-478b-ae9a-509c17955932,"{<resource_manager.instance.CloudOnDemandInstance object at 0x11c7411d0>: [(1, 116459.83199999998, None)], <resource_manager.instance.CloudOnDemandInstance object at 0x11c58e3f0>: [(1, 116459.83199999998, None)]}",324.40240962171197,154685.37405240035,116459.83199999998,27075.195191902472,3,,116860.36799999997,154700.77405240037,False,77.55406911025,,
lamf-test-40d5168b-a00e-400f-be31-0989d001eb8a,"{<resource_manager.instance.OnPremInstance object at 0x11c543e00>: [(5, 116890.36799999997, None), (4, 121870.36799999997, None), (8, 122980.36799999997, None), (7, 126280.36799999997, None), (10, 127390.36799999997, None)]}",309.100009518621,154784.53632253496,116890.36799999997,27123.11692995547,1,309.0759753593429,116890.36799999997,128578.0979980728,True,414.850697980324,478.9406977457475,64.08999976542351
lamf-test-1427c66a-6963-488b-ab08-8c64fb5d9b94,"{<resource_manager.instance.OnPremInstance object at 0x11c543e00>: [(2, 116920.36799999997, None)]}",298.2879652023477,154855.44817308578,116920.36799999997,27095.814826168473,3,,116920.36799999997,142867.227,True,78.93180926306195,99.97990128386198,21.048092020800034
lamf-test-24897bbd-5428-45bb-8605-42c32b3705e5,"{<resource_manager.instance.OnPremInstance object at 0x11c543e00>: [(4, 116950.36799999997, None), (3, 127120.36799999997, None), (4, 128500.36799999997, None)]}",286.04299928912167,154929.01368067373,116950.36799999997,27124.196085680473,1,133.11658681268537,116950.36799999997,130911.96513326625,True,203.36084128382257,234.53832705360338,31.177485769780805
